observation_id,observe_index,target_id,fiber_id,factor,quality,prog_mult,score,valid,invalidated_by
1,0,V4T001144,15,0.213424,0.808461,1.200000,0.256109,true,
2,0,V4T000567,14,0.267778,0.808237,1.200000,0.546268,true,
3,0,V4T000074,10,0.950234,0.803141,1.200000,0.513126,true,
4,0,V4T000160,11,1.000000,0.804488,1.200000,0.540000,true,
5,0,V4T001408,7,0.642926,0.800317,1.200000,0.771511,true,
6,0,V4T001874,3,0.451070,0.795039,1.200000,0.541284,true,
7,0,V4T001790,13,0.075302,0.806892,1.200000,0.153616,true,
8,0,V4T001133,12,0.496388,0.806387,1.200000,0.595666,true,
9,0,V4T001329,8,0.043008,0.805268,1.200000,0.087736,true,
10,0,V4T001838,9,0.383091,0.804766,1.200000,0.459709,true,
11,0,V4T001721,5,0.102916,0.801042,1.200000,0.209949,true,
12,0,V4T000678,2,0.514988,0.796009,1.200000,0.617985,true,
13,0,V4T001024,4,0.312609,0.799444,1.200000,0.375131,true,
14,0,V4T002265,0,0.339452,0.796341,1.200000,0.407343,true,
15,1,V4T000828,15,0.080172,0.804585,1.200000,0.163551,true,
16,1,V4T000658,7,0.070243,0.797094,1.200000,0.143296,true,
17,1,V4T000979,3,0.075144,0.790861,1.200000,0.153294,true,
18,1,V4T002165,13,0.550218,0.805503,1.200000,0.297118,true,
19,1,V4T000176,11,0.343764,0.802235,1.200000,0.412516,true,
20,1,V4T002157,10,0.076338,0.799859,1.200000,0.155730,true,
21,1,V4T000480,5,0.332111,0.795482,1.200000,0.398533,true,
22,1,V4T000930,2,0.238090,0.792521,1.200000,0.285708,true,
23,1,V4T000993,1,0.906748,0.794045,1.200000,0.489644,true,
24,1,V4T000688,12,0.511920,0.805338,1.200000,0.276437,true,
25,1,V4T000519,9,0.326304,0.800883,1.200000,0.391564,true,
26,1,V4T002389,8,0.214251,0.800491,1.200000,0.257101,true,
27,1,V4T000449,4,1.000000,0.794756,1.200000,0.360000,true,
28,1,V4T001225,0,0.343037,0.791209,1.200000,0.411645,true,
29,2,V4T002348,15,0.220846,0.806590,1.200000,0.265015,true,
30,2,V4T000324,11,0.482291,0.802642,1.200000,0.578749,true,
31,2,V4T001478,7,0.062891,0.796980,1.200000,0.128297,true,
32,2,V4T000692,13,0.831998,0.806433,1.200000,0.449279,true,
33,2,V4T000646,14,1.000000,0.806330,1.200000,0.360000,true,
34,2,V4T001878,6,0.389914,0.799172,1.200000,0.210554,true,
35,2,V4T000791,12,0.245702,0.806862,1.200000,0.294843,true,
36,2,V4T000975,4,0.376569,0.798393,1.200000,0.451882,true,
37,2,V4T000847,5,0.259518,0.796773,1.200000,0.311422,true,
38,2,V4T001849,0,0.649835,0.794428,1.200000,0.350911,true,
39,2,V4T000586,1,0.445995,0.794856,1.200000,0.535194,true,
40,3,V4T002338,15,1.000000,0.836490,1.200000,1.200000,true,
41,3,V4T002048,11,1.000000,0.831465,1.200000,0.540000,true,
42,3,V4T002399,7,0.802455,0.827253,1.200000,0.962946,true,
43,3,V4T001157,13,0.654760,0.837085,1.200000,1.335709,true,
44,3,V4T000075,14,1.000000,0.835514,1.200000,1.200000,true,
45,3,V4T001280,9,0.654250,0.834826,1.200000,1.334669,true,
46,3,V4T001366,10,1.000000,0.831692,1.200000,1.200000,true,
47,3,V4T001446,6,1.000000,0.830289,1.200000,1.200000,true,
48,3,V4T001113,5,1.000000,0.829092,1.200000,1.200000,true,
49,3,V4T000317,1,0.912228,0.826585,1.200000,1.860946,true,
50,3,V4T001424,2,0.839559,0.825419,1.200000,1.712700,true,
51,3,V4T001160,12,0.588632,0.837169,1.200000,0.706358,true,
52,3,V4T000884,8,1.000000,0.835126,1.200000,0.540000,true,
53,3,V4T001327,4,0.567973,0.831217,1.200000,1.158664,true,
54,3,V4T001916,0,1.000000,0.824005,1.200000,1.200000,true,
55,4,V4T002065,14,1.000000,0.845527,1.200000,0.360000,true,
56,4,V4T002266,15,0.122256,0.847276,1.200000,0.146708,true,
57,4,V4T002164,7,0.121042,0.840060,1.200000,0.246925,true,
58,4,V4T002057,6,0.096158,0.838753,1.200000,0.196162,true,
59,4,V4T001128,13,0.616244,0.848513,1.200000,0.332772,true,
60,4,V4T001861,12,1.000000,0.847256,1.200000,0.540000,true,
61,4,V4T000629,9,1.000000,0.842511,1.200000,0.360000,true,
62,4,V4T000401,8,0.131286,0.843270,1.200000,0.157543,true,
63,4,V4T000660,4,0.349283,0.838790,1.200000,0.419140,true,
64,4,V4T002355,5,0.249055,0.838104,1.200000,0.298866,true,
65,4,V4T000146,1,0.751908,0.835257,1.200000,0.406030,true,
66,4,V4T000714,2,0.203374,0.833717,1.200000,0.244049,true,
67,4,V4T001364,0,0.356746,0.835653,1.200000,0.428095,true,
68,5,V4T000367,15,0.722016,0.859495,1.200000,0.866419,true,
69,5,V4T001064,11,0.509538,0.854498,1.200000,0.611445,true,
70,5,V4T001935,7,0.525919,0.851109,1.200000,0.631102,true,
71,5,V4T001796,13,0.385320,0.860355,1.200000,0.462383,true,
72,5,V4T001695,10,0.871415,0.854580,1.200000,1.045698,true,
73,5,V4T000219,6,0.338828,0.850256,1.200000,0.691209,true,
74,5,V4T000882,3,0.331013,0.846946,1.200000,0.397215,true,
75,5,V4T000418,1,0.788918,0.845959,1.200000,0.946701,true,
76,5,V4T002012,9,0.167975,0.855098,1.200000,0.342668,true,
77,5,V4T002000,8,0.414799,0.854199,1.200000,0.497758,true,
78,5,V4T000783,4,0.578433,0.850110,1.200000,0.694120,true,
79,5,V4T002397,5,0.247034,0.850913,1.200000,0.296441,true,
80,5,V4T001296,0,1.000000,0.847472,1.200000,0.540000,true,
81,6,V4T000800,15,0.135813,0.858047,1.200000,0.277059,true,
82,6,V4T002359,14,0.634154,0.858153,1.200000,0.760985,true,
83,6,V4T001204,11,0.102748,0.854514,1.200000,0.209605,true,
84,6,V4T001872,7,0.271604,0.851588,1.200000,0.325925,true,
85,6,V4T000643,2,0.155211,0.847890,1.200000,0.186253,true,
86,6,V4T000610,3,0.107957,0.845922,1.200000,0.129549,true,
87,6,V4T001744,13,0.194197,0.857494,1.200000,0.233037,true,
88,6,V4T000575,10,0.223317,0.854762,1.200000,0.267981,true,
89,6,V4T000326,9,0.373652,0.853216,1.200000,0.448382,true,
90,6,V4T001382,5,0.934456,0.849038,1.200000,0.504606,true,
91,6,V4T002353,8,0.657353,0.854371,1.200000,0.788823,true,
92,6,V4T000216,4,0.091941,0.851303,1.200000,0.187559,true,
93,6,V4T000439,0,0.531902,0.848659,1.200000,0.638283,true,
94,6,V4T001598,1,0.105283,0.845869,1.200000,0.126339,true,
95,7,V4T001744,14,0.287569,0.846522,1.200000,0.345083,true,
96,7,V4T000462,15,0.348247,0.845318,1.200000,0.417897,true,
97,7,V4T000575,11,0.330733,0.843934,1.200000,0.396879,true,
98,7,V4T000937,10,0.439572,0.841892,1.200000,0.527486,true,
99,7,V4T001382,7,1.000000,0.838602,1.200000,0.540000,true,
100,7,V4T001442,13,1.000000,0.846603,1.200000,0.540000,true,
101,7,V4T002255,9,0.704648,0.843490,1.200000,0.845578,true,
102,7,V4T000216,5,0.136203,0.840757,1.200000,0.277853,true,
103,7,V4T001407,1,0.266706,0.838099,1.200000,0.320047,true,
104,7,V4T001598,2,0.156016,0.835652,1.200000,0.187220,true,
105,7,V4T002294,8,0.403612,0.843327,1.200000,0.484334,true,
106,7,V4T001526,4,0.097530,0.839348,1.200000,0.198962,true,
107,7,V4T000745,0,1.000000,0.837582,1.200000,0.360000,true,
108,8,V4T002164,15,0.355254,0.821851,1.200000,0.724719,true,
109,8,V4T002057,14,0.282357,0.820968,1.200000,0.576009,true,
110,8,V4T000799,10,0.545625,0.819373,1.200000,0.654750,true,
111,8,V4T001710,3,0.317875,0.811503,1.200000,0.648464,true,
112,8,V4T000223,2,0.577539,0.809954,1.200000,0.693046,true,
113,8,V4T000660,12,1.000000,0.821233,1.200000,1.200000,true,
114,8,V4T002355,13,0.731554,0.820595,1.200000,0.877865,true,
115,8,V4T001131,9,1.000000,0.819380,1.200000,0.540000,true,
116,8,V4T001469,5,0.702843,0.814861,1.200000,0.843412,true,
117,8,V4T001356,6,0.377357,0.814744,1.200000,0.769807,true,
118,8,V4T001560,1,0.974869,0.812023,1.200000,1.169843,true,
119,8,V4T001364,8,1.000000,0.818871,1.200000,1.200000,true,
120,8,V4T000476,4,0.393706,0.813361,1.200000,0.803160,true,
121,9,V4T000290,15,1.000000,0.818854,1.200000,0.360000,true,
122,9,V4T002003,11,0.116537,0.813725,1.200000,0.139844,true,
123,9,V4T000088,3,0.863385,0.808209,1.200000,0.466228,true,
124,9,V4T001929,14,0.052351,0.817802,1.200000,0.106797,true,
125,9,V4T000875,10,0.336499,0.812846,1.200000,0.403799,true,
126,9,V4T000921,5,0.142455,0.811706,1.200000,0.170946,true,
127,9,V4T000375,6,0.855214,0.811312,1.200000,0.461816,true,
128,9,V4T001719,1,0.208476,0.808222,1.200000,0.250171,true,
129,9,V4T000682,2,1.000000,0.806499,1.200000,0.360000,true,
130,9,V4T001955,13,0.344387,0.817659,1.200000,0.702549,true,
131,9,V4T001505,12,0.188244,0.816988,1.200000,0.225893,true,
132,9,V4T002129,8,0.111291,0.815606,1.200000,0.133550,true,
133,9,V4T002211,4,0.281912,0.811384,1.200000,0.338294,true,
134,9,V4T002083,0,0.223195,0.808326,1.200000,0.267834,true,
135,10,V4T000941,11,0.156665,0.856211,1.200000,0.319597,true,
136,10,V4T000726,7,1.000000,0.852260,1.200000,0.360000,true,
137,10,V4T000192,3,0.088863,0.850018,1.200000,0.181281,true,
138,10,V4T001934,2,0.320805,0.850342,1.200000,0.384966,true,
139,10,V4T001555,14,0.179545,0.859083,1.200000,0.366272,true,
140,10,V4T000656,9,0.310847,0.856255,1.200000,0.373016,true,
141,10,V4T000815,6,0.536360,0.853164,1.200000,0.643632,true,
142,10,V4T002182,5,0.305896,0.853642,1.200000,0.367075,true,
143,10,V4T001130,1,1.000000,0.851067,1.200000,0.360000,true,
144,10,V4T000342,13,0.582408,0.858480,1.200000,0.314500,true,
145,10,V4T002098,12,0.308500,0.859101,1.200000,0.370200,true,
146,10,V4T002375,8,0.308893,0.856690,1.200000,0.370672,true,
147,10,V4T000908,4,0.243316,0.853310,1.200000,0.291979,true,
148,10,V4T000367,0,0.356979,0.849902,1.200000,0.428375,true,
149,11,V4T001011,15,0.285092,0.873545,1.200000,0.342110,true,
150,11,V4T001126,11,0.094846,0.872531,1.200000,0.193486,true,
151,11,V4T001989,14,0.069443,0.873181,1.200000,0.141663,true,
152,11,V4T001270,10,1.000000,0.870923,1.200000,0.540000,true,
153,11,V4T002046,6,0.420319,0.870389,1.200000,0.504383,true,
154,11,V4T000560,7,0.999343,0.868989,1.200000,1.199211,true,
155,11,V4T000694,2,1.000000,0.867350,1.200000,0.360000,true,
156,11,V4T000330,3,0.212952,0.866566,1.200000,0.255542,true,
157,11,V4T000364,13,0.405362,0.873333,1.200000,0.486434,true,
158,11,V4T000550,9,0.307257,0.872119,1.200000,0.368709,true,
159,11,V4T000081,5,1.000000,0.869468,1.200000,0.540000,true,
160,11,V4T002299,4,0.630122,0.869795,1.200000,0.756146,true,
161,11,V4T002245,0,0.175604,0.867800,1.200000,0.358232,true,
162,11,V4T000954,1,0.465244,0.867613,1.200000,0.558293,true,
163,11,V4T001887,12,0.379400,0.874042,1.200000,0.455280,true,
164,12,V4T002239,15,0.549413,0.885195,1.200000,0.659296,true,
165,12,V4T000757,7,1.000000,0.880568,1.200000,0.540000,true,
166,12,V4T001757,13,1.000000,0.884600,1.200000,1.200000,true,
167,12,V4T000252,14,1.000000,0.884209,1.200000,0.540000,true,
168,12,V4T000518,10,0.707062,0.882177,1.200000,0.848474,true,
169,12,V4T001850,6,0.680420,0.881056,1.200000,1.388058,true,
170,12,V4T000089,2,0.287049,0.878999,1.200000,0.585581,true,
171,12,V4T002033,3,1.000000,0.878943,1.200000,1.200000,true,
172,12,V4T001071,8,0.717774,0.882727,1.200000,0.861329,true,
173,12,V4T001353,9,1.000000,0.881725,1.200000,0.540000,true,
174,12,V4T000602,5,1.000000,0.880711,1.200000,0.360000,true,
175,12,V4T002218,0,1.000000,0.878259,1.200000,0.540000,true,
176,12,V4T000337,1,0.466401,0.878065,1.200000,0.559681,true,
177,13,V4T001150,15,0.373200,0.839820,1.200000,0.447840,true,
178,13,V4T000922,11,1.000000,0.837959,1.200000,1.200000,true,
179,13,V4T000029,7,0.319571,0.836511,1.200000,0.383485,true,
180,13,V4T001704,3,0.283465,0.834867,1.200000,0.340158,true,
181,13,V4T000691,14,0.659027,0.839118,1.200000,0.355875,true,
182,13,V4T000442,5,0.184440,0.836979,1.200000,0.221329,true,
183,13,V4T000148,6,0.371665,0.836421,1.200000,0.445998,true,
184,13,V4T001425,1,0.690375,0.834746,1.200000,0.828450,true,
185,13,V4T001357,2,0.273049,0.834758,1.200000,0.327658,true,
186,13,V4T002356,12,1.000000,0.839616,1.200000,0.540000,true,
187,13,V4T000243,8,0.272959,0.838671,1.200000,0.327551,true,
188,13,V4T000143,4,0.328151,0.837006,1.200000,0.393781,true,
189,13,V4T001355,0,0.491697,0.835171,1.200000,0.590036,true,
190,14,V4T000756,15,1.000000,0.843016,1.200000,1.200000,true,
191,14,V4T001365,14,1.000000,0.842575,1.200000,1.200000,true,
192,14,V4T001943,11,0.674693,0.841090,1.200000,0.809632,true,
193,14,V4T000110,10,1.000000,0.840855,1.200000,0.540000,true,
194,14,V4T001884,7,1.000000,0.838675,1.200000,0.540000,true,
195,14,V4T001477,2,0.802421,0.836445,1.200000,0.962905,true,
196,14,V4T002086,3,0.377509,0.836547,1.200000,0.770119,true,
197,14,V4T001710,13,0.549772,0.842108,1.200000,1.121534,true,
198,14,V4T000223,9,0.999848,0.841326,1.200000,1.199817,true,
199,14,V4T001768,6,1.000000,0.839347,1.200000,1.200000,true,
200,14,V4T001317,5,1.000000,0.838515,1.200000,0.540000,true,
201,14,V4T001766,1,0.941214,0.837741,1.200000,1.129457,true,
202,14,V4T000633,8,0.271429,0.840414,1.200000,0.553716,true,
203,14,V4T001008,0,1.000000,0.837858,1.200000,1.200000,true,
204,15,V4T002102,15,0.000000,0.000000,1.000000,0.000000,true,
205,15,V4T000883,11,0.000000,0.000000,1.000000,0.000000,true,
206,15,V4T000887,14,0.000000,0.000000,1.000000,0.000000,true,
207,15,V4T002005,13,0.000000,0.000000,1.000000,0.000000,true,
208,15,V4T002136,10,0.000000,0.000000,1.000000,0.000000,true,
209,15,V4T000368,7,0.000000,0.000000,1.000000,0.000000,true,
210,15,V4T000891,3,0.000000,0.000000,1.000000,0.000000,true,
211,15,V4T000548,12,0.000000,0.000000,1.000000,0.000000,true,
212,15,V4T000824,8,0.000000,0.000000,1.000000,0.000000,true,
213,15,V4T001236,9,0.000000,0.000000,1.000000,0.000000,true,
214,15,V4T002222,5,0.000000,0.000000,1.000000,0.000000,true,
215,15,V4T001825,6,0.000000,0.000000,1.000000,0.000000,true,
216,15,V4T001186,1,0.000000,0.000000,1.000000,0.000000,true,
217,15,V4T001643,4,0.000000,0.000000,1.000000,0.000000,true,
218,16,V4T001039,3,0.439525,0.596385,1.000000,0.439525,true,
219,16,V4T002228,6,0.567835,0.599920,1.000000,0.567835,true,
220,16,V4T001398,5,0.684666,0.599066,1.000000,0.684666,true,
221,16,V4T000872,0,1.000000,0.595042,1.000000,0.450000,true,
222,16,V4T001539,8,0.664143,0.602517,1.000000,0.664143,true,
223,16,V4T001709,4,0.471246,0.598210,1.000000,0.471246,true,
224,17,V4T001932,11,0.478616,0.798277,1.200000,0.574339,true,
225,17,V4T001534,6,0.219599,0.795260,1.200000,0.447981,true,
226,17,V4T002262,7,0.578362,0.792913,1.200000,0.694034,true,
227,17,V4T000349,3,1.000000,0.791257,1.200000,0.540000,true,
228,17,V4T000268,2,0.251650,0.789579,1.200000,0.301980,true,
229,17,V4T001735,15,1.000000,0.804390,1.200000,0.360000,true,
230,17,V4T000210,14,0.809993,0.801597,1.200000,0.971992,true,
231,17,V4T002100,9,0.124959,0.798138,1.200000,0.254916,true,
232,17,V4T000968,10,0.163763,0.796718,1.200000,0.334076,true,
233,17,V4T001029,5,0.186588,0.794449,1.200000,0.380640,true,
234,17,V4T002173,1,0.361360,0.790917,1.200000,0.433632,true,
235,17,V4T000230,13,0.261583,0.803334,1.200000,0.313900,true,
236,17,V4T000935,12,0.251636,0.802341,1.200000,0.301963,true,
237,17,V4T000724,8,0.668271,0.799209,1.200000,0.801925,true,
238,17,V4T002380,4,1.000000,0.793653,1.200000,0.540000,true,
239,17,V4T002251,0,0.979005,0.792307,1.200000,0.528662,true,
240,18,V4T000758,15,0.184319,0.858486,1.200000,0.221183,true,
241,18,V4T002176,7,0.655155,0.849170,1.200000,0.786186,true,
242,18,V4T001910,6,0.702517,0.849920,1.200000,0.843020,true,
243,18,V4T002232,3,0.606497,0.844313,1.200000,0.727796,true,
244,18,V4T001272,2,0.355106,0.845222,1.200000,0.426127,true,
245,18,V4T000321,14,0.222009,0.857385,1.200000,0.452898,true,
246,18,V4T000080,13,0.474185,0.857744,1.200000,0.569022,true,
247,18,V4T000706,9,0.252287,0.853269,1.200000,0.302745,true,
248,18,V4T001260,5,0.396310,0.848775,1.200000,0.475572,true,
249,18,V4T001550,1,0.605400,0.846025,1.200000,0.726480,true,
250,18,V4T001590,0,0.299406,0.845953,1.200000,0.610788,true,
251,18,V4T002396,12,1.000000,0.856627,1.200000,0.360000,true,
252,18,V4T001999,8,0.370815,0.854381,1.200000,0.444978,true,
253,18,V4T000410,4,0.471557,0.849667,1.200000,0.565868,true,
254,19,V4T000885,1,0.395628,1.048745,1.200000,0.474754,true,
255,19,V4T001395,0,0.987361,1.048489,1.200000,1.184833,true,
256,19,V4T000195,2,1.000000,1.048428,1.200000,0.540000,true,
257,19,V4T000832,6,1.000000,1.049594,1.200000,0.540000,true,
258,19,V4T000270,5,0.573243,1.049580,1.200000,0.687892,true,
259,19,V4T002288,8,1.000000,1.050851,1.200000,0.540000,true,
260,19,V4T000688,12,1.000000,1.051426,1.200000,0.540000,true,
261,19,V4T001842,3,0.208875,1.048289,1.200000,0.426106,true,
262,19,V4T001144,7,0.369309,1.049217,1.200000,0.443170,true,
263,19,V4T000306,11,0.310710,1.050268,1.200000,0.372851,true,
264,19,V4T001809,10,1.000000,1.050386,1.200000,0.540000,true,
265,19,V4T001408,9,1.000000,1.050813,1.200000,1.200000,true,
266,19,V4T001874,13,0.795805,1.051992,1.200000,0.954965,true,
267,19,V4T001721,15,0.180104,1.051367,1.200000,0.367411,true,
268,20,V4T001881,3,0.718057,0.868838,1.200000,0.861669,true,
269,20,V4T002131,14,1.000000,0.881820,1.200000,1.200000,true,
270,20,V4T001521,11,1.000000,0.878366,1.200000,1.200000,true,
271,20,V4T001081,10,0.678335,0.878616,1.200000,0.814002,true,
272,20,V4T001105,7,0.414200,0.873716,1.200000,0.844968,true,
273,20,V4T001851,5,0.689034,0.874998,1.200000,1.405629,true,
274,20,V4T002103,13,0.814522,0.880360,1.200000,0.977427,true,
275,20,V4T002162,0,1.000000,0.869043,1.200000,1.200000,true,
276,20,V4T002038,1,1.000000,0.867256,1.200000,1.200000,true,
277,21,V4T002075,1,0.299190,0.962522,1.200000,0.610347,true,
278,21,V4T001144,0,0.338927,0.962902,1.200000,0.406712,true,
279,21,V4T001990,5,0.517985,0.964199,1.200000,0.621582,true,
280,21,V4T000092,4,0.690590,0.964773,1.200000,0.828708,true,
281,21,V4T002115,2,0.438723,0.962500,1.200000,0.526468,true,
282,21,V4T001133,6,0.791279,0.964080,1.200000,0.949535,true,
283,21,V4T001721,9,0.165505,0.966148,1.200000,0.337631,true,
284,21,V4T000678,12,0.834964,0.967943,1.200000,1.001956,true,
285,21,V4T001012,3,0.206613,0.963234,1.200000,0.421490,true,
286,21,V4T000798,7,0.834919,0.964444,1.200000,1.001903,true,
287,21,V4T001179,11,0.619487,0.966424,1.200000,0.743384,true,
288,21,V4T001518,10,0.524352,0.966211,1.200000,0.629222,true,
289,21,V4T001065,15,1.000000,0.967167,1.200000,0.540000,true,
290,21,V4T002265,14,0.550151,0.967972,1.200000,0.660181,true,
291,22,V4T000137,12,1.000000,1.005016,1.200000,0.540000,true,
292,22,V4T002225,2,0.805896,1.000359,1.200000,0.967076,true,
293,22,V4T000975,5,0.708477,1.001399,1.200000,0.850172,true,
294,22,V4T000713,9,0.862248,1.003433,1.200000,1.034698,true,
295,22,V4T001057,10,0.180232,1.003648,1.200000,0.216278,true,
296,22,V4T000098,13,0.466628,1.005116,1.200000,0.559954,true,
297,22,V4T000057,14,0.433334,1.004960,1.200000,0.520001,true,
298,22,V4T000984,3,0.675112,0.999951,1.200000,0.810134,true,
299,22,V4T000068,6,0.230167,1.001464,1.200000,0.276200,true,
300,22,V4T001016,11,0.607944,1.003219,1.200000,0.729533,true,
301,23,V4T000601,8,0.177224,1.027681,1.200000,0.212669,true,
302,23,V4T000996,12,0.412624,1.028723,1.200000,0.495149,true,
303,23,V4T000070,0,0.260320,1.024186,1.200000,0.312384,true,
304,23,V4T001786,4,0.386257,1.025372,1.200000,0.463508,true,
305,23,V4T000149,1,0.318651,1.025309,1.200000,0.382381,true,
306,23,V4T000007,5,0.391905,1.026181,1.200000,0.470286,true,
307,23,V4T000887,13,0.373466,1.029094,1.200000,0.448159,true,
308,23,V4T001570,14,0.195714,1.029467,1.200000,0.234857,true,
309,23,V4T001743,2,0.093586,1.024023,1.200000,0.190916,true,
310,23,V4T000356,7,0.211896,1.026434,1.200000,0.254276,true,
311,23,V4T000083,6,0.243667,1.025778,1.200000,0.292401,true,
312,23,V4T002005,10,0.214266,1.028117,1.200000,0.437103,true,
313,23,V4T000548,15,0.384077,1.028627,1.200000,0.460892,true,
314,23,V4T001527,3,0.815766,1.024266,1.200000,0.440514,true,
315,24,V4T001084,2,1.000000,0.981213,1.200000,0.360000,true,
316,24,V4T000472,1,0.362915,0.981848,1.200000,0.435498,true,
317,24,V4T002329,5,0.171750,0.982940,1.200000,0.350371,true,
318,24,V4T001804,6,0.227854,0.983903,1.200000,0.273425,true,
319,24,V4T000340,4,0.629895,0.984041,1.200000,0.755874,true,
320,24,V4T000811,9,1.000000,0.986105,1.200000,0.540000,true,
321,24,V4T000725,8,1.000000,0.985124,1.200000,0.540000,true,
322,24,V4T001121,13,0.196978,0.988022,1.200000,0.401835,true,
323,24,V4T002243,12,0.708046,0.987959,1.200000,0.849655,true,
324,24,V4T001845,7,0.199320,0.983941,1.200000,0.406613,true,
325,24,V4T000664,10,0.679132,0.985178,1.200000,0.814958,true,
326,24,V4T001055,14,1.000000,0.988170,1.200000,0.540000,true,
327,24,V4T000750,11,0.303176,0.986333,1.200000,0.363811,true,
328,24,V4T001041,15,0.878851,0.986551,1.200000,1.054621,true,
329,25,V4T000585,0,0.525553,0.976844,1.200000,0.630664,true,
330,25,V4T002362,2,0.347260,0.977274,1.200000,0.416712,true,
331,25,V4T000474,1,0.156792,0.976581,1.200000,0.319857,true,
332,25,V4T002012,4,0.096132,0.978750,1.200000,0.196110,true,
333,25,V4T000427,9,0.873364,0.980596,1.200000,0.471616,true,
334,25,V4T002187,8,1.000000,0.980795,1.200000,0.540000,true,
335,25,V4T000078,3,0.252471,0.976664,1.200000,0.302965,true,
336,25,V4T001431,7,1.000000,0.978207,1.200000,0.360000,true,
337,25,V4T000980,11,0.800400,0.980287,1.200000,0.432216,true,
338,25,V4T002076,6,0.436817,0.979622,1.200000,0.524181,true,
339,25,V4T000360,10,0.596149,0.980332,1.200000,0.321920,true,
340,25,V4T000217,14,0.360005,0.982406,1.200000,0.432006,true,
341,25,V4T001464,12,0.160503,0.982018,1.200000,0.192604,true,
342,25,V4T001067,15,0.205577,0.982491,1.200000,0.419377,true,
343,26,V4T001384,7,0.094760,0.887278,1.200000,0.193311,true,
344,26,V4T000477,3,0.592221,0.883394,1.200000,0.710665,true,
345,26,V4T000624,2,0.205418,0.883907,1.200000,0.246502,true,
346,26,V4T001863,15,0.125401,0.893754,1.200000,0.150481,true,
347,26,V4T002020,11,0.680563,0.890721,1.200000,0.816676,true,
348,26,V4T000734,14,0.179718,0.893388,1.200000,0.215661,true,
349,26,V4T000722,10,1.000000,0.889425,1.200000,0.360000,true,
350,26,V4T002268,6,0.913231,0.887797,1.200000,0.493145,true,
351,26,V4T000637,1,0.295899,0.884515,1.200000,0.355079,true,
352,26,V4T002008,13,0.981597,0.896019,1.200000,1.177916,true,
353,26,V4T001718,9,0.408789,0.892387,1.200000,0.490546,true,
354,26,V4T002400,8,0.110439,0.890987,1.200000,0.225296,true,
355,26,V4T002092,5,0.356523,0.887770,1.200000,0.427827,true,
356,26,V4T001422,4,0.218640,0.887676,1.200000,0.262368,true,
357,26,V4T001232,12,0.175752,0.894920,1.200000,0.210902,true,
358,27,V4T001960,1,0.115282,0.994661,1.200000,0.235175,true,
359,27,V4T002279,4,0.322328,0.996911,1.200000,0.386793,true,
360,27,V4T002364,8,1.000000,0.998029,1.200000,0.540000,true,
361,27,V4T001058,6,1.000000,0.996506,1.200000,0.540000,true,
362,27,V4T000679,5,1.000000,0.996530,1.200000,0.360000,true,
363,27,V4T001238,9,0.203696,0.998434,1.200000,0.415539,true,
364,27,V4T000496,13,0.273678,0.999449,1.200000,0.328414,true,
365,27,V4T000793,12,1.000000,0.999656,1.200000,0.540000,true,
366,27,V4T001374,11,0.157895,0.997266,1.200000,0.322106,true,
367,27,V4T001450,10,0.233531,0.998560,1.200000,0.280238,true,
368,27,V4T002003,15,0.143071,0.998998,1.200000,0.171685,true,
369,28,V4T001904,7,0.581691,0.897720,1.200000,0.698029,true,
370,28,V4T001031,3,0.514187,0.893154,1.200000,0.277661,true,
371,28,V4T002317,6,1.000000,0.898798,1.200000,0.540000,true,
372,28,V4T001101,2,0.393534,0.893145,1.200000,0.472241,true,
373,28,V4T000511,15,1.000000,0.908385,1.200000,0.540000,true,
374,28,V4T001969,11,0.816608,0.903907,1.200000,0.440968,true,
375,28,V4T000156,10,0.157612,0.903560,1.200000,0.321529,true,
376,28,V4T000711,5,0.232066,0.897586,1.200000,0.278480,true,
377,28,V4T001229,1,0.215606,0.892786,1.200000,0.439835,true,
378,28,V4T001284,13,0.264511,0.907906,1.200000,0.539603,true,
379,28,V4T001381,9,1.000000,0.903730,1.200000,0.540000,true,
380,28,V4T002349,8,0.203713,0.902822,1.200000,0.244456,true,
381,28,V4T001005,4,0.338162,0.896894,1.200000,0.405794,true,
382,29,V4T000623,7,0.901483,0.917703,1.200000,0.486801,true,
383,29,V4T000488,3,0.603425,0.917594,1.200000,0.724110,true,
384,29,V4T002370,2,1.000000,0.917047,1.200000,1.200000,true,
385,29,V4T000281,15,1.000000,0.928901,1.200000,0.540000,true,
386,29,V4T000976,11,0.868191,0.923178,1.200000,0.468823,true,
387,29,V4T000033,6,0.739641,0.920736,1.200000,0.887569,true,
388,29,V4T001917,9,0.384158,0.922507,1.200000,0.460990,true,
389,29,V4T001298,5,0.657302,0.920407,1.200000,0.788762,true,
390,29,V4T001690,1,0.172890,0.915975,1.200000,0.352695,true,
391,29,V4T000169,4,0.286956,0.917933,1.200000,0.344347,true,
392,29,V4T000661,0,0.368099,0.916265,1.200000,0.750923,true,
393,29,V4T000433,14,0.169231,0.927684,1.200000,0.345230,true,
394,29,V4T002094,13,0.917720,0.926192,1.200000,0.495569,true,
395,29,V4T000087,8,0.158551,0.923514,1.200000,0.323445,true,
396,29,V4T001853,12,0.147128,0.926293,1.200000,0.300140,true,
397,30,V4T000308,5,1.000000,0.890985,1.200000,1.200000,true,
398,30,V4T000120,1,1.000000,0.889219,1.200000,1.200000,true,
399,30,V4T000331,4,0.703066,0.892693,1.200000,1.434255,true,
400,30,V4T000470,15,1.000000,0.898004,1.200000,1.200000,true,
401,30,V4T002315,11,1.000000,0.896462,1.200000,0.540000,true,
402,30,V4T000933,10,1.000000,0.896747,1.200000,1.200000,true,
403,30,V4T000779,14,0.651165,0.898396,1.200000,0.781398,true,
404,30,V4T000659,9,1.000000,0.896807,1.200000,1.200000,true,
405,30,V4T001982,13,1.000000,0.899583,1.200000,1.200000,true,
406,30,V4T001667,8,1.000000,0.895786,1.200000,1.200000,true,
407,30,V4T002196,12,0.934755,0.899840,1.200000,1.906900,true,
408,31,V4T001684,15,0.390343,1.011274,1.200000,0.468412,true,
409,31,V4T001708,11,0.333092,1.009607,1.200000,0.399710,true,
410,31,V4T000904,7,0.078851,1.006137,1.200000,0.160857,true,
411,31,V4T000843,6,0.207711,1.006411,1.200000,0.423731,true,
412,31,V4T001864,3,0.651402,1.003527,1.200000,0.351757,true,
413,31,V4T001860,2,0.170899,1.003978,1.200000,0.205079,true,
414,31,V4T000515,14,0.192449,1.012312,1.200000,0.230939,true,
415,31,V4T002301,10,0.212284,1.009585,1.200000,0.433059,true,
416,31,V4T001547,9,0.785231,1.007725,1.200000,0.424025,true,
417,31,V4T001224,5,0.706815,1.005183,1.200000,0.381680,true,
418,31,V4T002032,4,0.311188,1.005771,1.200000,0.373426,true,
419,31,V4T002064,1,0.733419,1.003340,1.200000,0.396046,true,
420,31,V4T001116,12,0.249151,1.011387,1.200000,0.298981,true,
421,32,V4T001218,7,0.770544,0.922656,1.200000,1.571909,true,
422,32,V4T000303,3,0.858342,0.920364,1.200000,1.030010,true,
423,32,V4T001659,6,0.730990,0.924535,1.200000,0.877188,true,
424,32,V4T001701,11,1.000000,0.926318,1.200000,0.540000,true,
425,32,V4T002107,15,0.721564,0.930432,1.200000,0.865877,true,
426,32,V4T000630,10,0.297812,0.928323,1.200000,0.607536,true,
427,32,V4T000880,5,1.000000,0.924218,1.200000,1.200000,true,
428,32,V4T002045,2,0.845577,0.919890,1.200000,1.014692,true,
429,32,V4T002390,1,0.657151,0.921359,1.200000,0.788581,true,
430,32,V4T000211,9,0.585384,0.925779,1.200000,0.702460,true,
431,32,V4T002047,4,0.276605,0.923367,1.200000,0.331926,true,
432,32,V4T000498,12,1.000000,0.931571,1.200000,1.200000,true,
433,33,V4T001347,2,0.660834,0.892259,1.200000,0.793001,true,
434,33,V4T001819,1,0.186994,0.892785,1.200000,0.224393,true,
435,33,V4T000801,0,0.148932,0.892709,1.200000,0.303822,true,
436,33,V4T000465,6,0.431168,0.894366,1.200000,0.517401,true,
437,33,V4T000248,5,0.405601,0.894334,1.200000,0.486721,true,
438,33,V4T002373,4,0.351111,0.895521,1.200000,0.421333,true,
439,33,V4T001525,8,0.536784,0.896342,1.200000,0.644141,true,
440,33,V4T002340,11,0.280884,0.897910,1.200000,0.337061,true,
441,33,V4T002227,10,1.000000,0.897074,1.200000,0.540000,true,
442,33,V4T001753,14,0.317429,0.899497,1.200000,0.380915,true,
443,33,V4T002189,9,0.484388,0.898026,1.200000,0.988151,true,
444,33,V4T001172,15,0.336983,0.900318,1.200000,0.404380,true,
445,33,V4T000114,13,0.329701,0.900169,1.200000,0.395641,true,
446,33,V4T001827,12,1.000000,0.900301,1.200000,0.540000,true,
447,34,V4T000808,3,0.449107,0.885660,1.200000,0.538928,true,
448,34,V4T000339,7,0.531891,0.887350,1.200000,0.638269,true,
449,34,V4T001312,1,0.527521,0.885523,1.200000,0.633025,true,
450,34,V4T001553,5,0.384972,0.886942,1.200000,0.461966,true,
451,34,V4T002219,0,0.235727,0.884931,1.200000,0.282873,true,
452,34,V4T000810,4,0.703192,0.886962,1.200000,0.843830,true,
453,34,V4T001797,6,0.816623,0.887005,1.200000,0.979948,true,
454,34,V4T000260,9,1.000000,0.888746,1.200000,1.200000,true,
455,34,V4T002122,13,0.160560,0.890747,1.200000,0.192672,true,
456,34,V4T002143,12,1.000000,0.890365,1.200000,1.200000,true,
457,35,V4T001580,7,0.469075,0.826285,1.200000,0.562890,true,
458,35,V4T001083,2,0.228230,0.823401,1.200000,0.273876,true,
459,35,V4T001764,6,1.000000,0.824019,1.200000,0.360000,true,
460,35,V4T000528,1,0.769534,0.822193,1.200000,0.923440,true,
461,35,V4T000738,4,0.281955,0.823767,1.200000,0.338346,true,
462,35,V4T001513,0,0.199760,0.822851,1.200000,0.239712,true,
463,35,V4T001216,11,1.000000,0.828445,1.200000,0.540000,true,
464,35,V4T001837,10,0.112291,0.828731,1.200000,0.134750,true,
465,35,V4T001241,9,0.405162,0.826971,1.200000,0.486195,true,
466,35,V4T001772,8,0.169290,0.828674,1.200000,0.345351,true,
467,35,V4T002372,13,0.157396,0.830189,1.200000,0.188875,true,
468,36,V4T001077,3,0.248687,0.858540,1.200000,0.507321,true,
469,36,V4T002100,6,0.269210,0.859752,1.200000,0.549189,true,
470,36,V4T000968,2,0.352651,0.857837,1.200000,0.719407,true,
471,36,V4T001029,1,0.403439,0.858873,1.200000,0.823015,true,
472,36,V4T000681,5,0.839078,0.859269,1.200000,1.006893,true,
473,36,V4T001800,0,0.799628,0.857912,1.200000,0.959553,true,
474,36,V4T002173,4,0.784954,0.859024,1.200000,0.941945,true,
475,36,V4T000935,11,0.540248,0.861289,1.200000,0.648298,true,
476,36,V4T001717,7,0.635972,0.861056,1.200000,1.297383,true,
477,36,V4T000431,10,0.443955,0.862235,1.200000,0.532746,true,
478,36,V4T001589,9,0.921375,0.862223,1.200000,1.105650,true,
479,36,V4T001244,12,0.453869,0.864466,1.200000,0.544642,true,
480,36,V4T001141,15,0.637916,0.864915,1.200000,0.765500,true,
481,37,V4T001781,1,0.545449,0.905672,1.200000,0.654539,true,
482,37,V4T000384,2,1.000000,0.905923,1.200000,0.540000,true,
483,37,V4T001470,0,0.287480,0.905722,1.200000,0.344977,true,
484,37,V4T000311,4,0.089857,0.907396,1.200000,0.183308,true,
485,37,V4T002122,3,0.081641,0.905847,1.200000,0.097969,true,
486,37,V4T000063,7,0.893820,0.906842,1.200000,0.482663,true,
487,37,V4T002055,11,0.485580,0.908495,1.200000,0.582696,true,
488,37,V4T001582,6,0.194254,0.906920,1.200000,0.396279,true,
489,37,V4T001148,10,0.329409,0.908665,1.200000,0.395290,true,
490,37,V4T000902,5,0.222213,0.906765,1.200000,0.266656,true,
491,37,V4T000397,9,0.168210,0.908915,1.200000,0.343148,true,
492,37,V4T001200,8,0.196906,0.908027,1.200000,0.236287,true,
493,37,V4T000868,12,0.149247,0.909850,1.200000,0.179097,true,
494,37,V4T000229,14,0.717814,0.910601,1.200000,0.387619,true,
495,37,V4T000778,13,0.676586,0.909422,1.200000,0.365356,true,
496,38,V4T002335,0,0.291914,0.823569,1.200000,0.595504,true,
497,38,V4T000013,4,1.000000,0.831778,1.200000,1.200000,true,
498,38,V4T000022,8,0.583410,0.835068,1.200000,0.700092,true,
499,38,V4T000329,12,0.869314,0.838033,1.200000,1.043177,true,
500,38,V4T001371,1,0.482981,0.824521,1.200000,0.985281,true,
501,38,V4T000938,5,1.000000,0.828511,1.200000,1.200000,true,
502,38,V4T000032,10,0.744881,0.833583,1.200000,1.519558,true,
503,38,V4T001264,9,1.000000,0.836038,1.200000,0.540000,true,
504,38,V4T000648,14,0.853880,0.837987,1.200000,1.024656,true,
505,38,V4T000796,13,1.000000,0.841022,1.200000,0.540000,true,
506,38,V4T000029,3,0.840992,0.825520,1.200000,1.009190,true,
507,38,V4T002113,2,0.277920,0.826803,1.200000,0.566957,true,
508,38,V4T001704,7,0.751864,0.830402,1.200000,0.902237,true,
509,38,V4T001406,6,0.385230,0.831003,1.200000,0.462277,true,
510,38,V4T000187,15,0.573773,0.840770,1.200000,1.170496,true,
511,39,V4T000286,1,1.000000,0.951801,1.200000,1.200000,true,
512,39,V4T000363,0,1.000000,0.952775,1.200000,1.200000,true,
513,39,V4T001400,4,1.000000,0.954283,1.200000,1.200000,true,
514,39,V4T001758,3,0.683166,0.951797,1.200000,0.819799,true,
515,39,V4T000296,2,0.524410,0.952480,1.200000,1.069796,true,
516,39,V4T000545,7,1.000000,0.953157,1.200000,1.200000,true,
517,39,V4T002269,6,0.306944,0.954375,1.200000,0.626165,true,
518,39,V4T001380,5,0.652757,0.955003,1.200000,0.783308,true,
519,39,V4T000772,11,1.000000,0.954993,1.200000,1.200000,true,
520,39,V4T000868,10,0.783486,0.955267,1.200000,0.940184,true,
521,39,V4T002044,15,1.000000,0.957228,1.200000,0.540000,true,
522,39,V4T000127,14,1.000000,0.957996,1.200000,1.200000,true,
523,39,V4T002241,9,1.000000,0.956723,1.200000,1.200000,true,
524,40,V4T001082,0,0.330216,0.880115,1.200000,0.396259,true,
525,40,V4T000531,3,0.174913,0.879974,1.200000,0.209896,true,
526,40,V4T001045,2,0.204390,0.880588,1.200000,0.416956,true,
527,40,V4T000473,1,0.794435,0.881199,1.200000,0.953322,true,
528,40,V4T000497,5,0.282462,0.882129,1.200000,0.338955,true,
529,40,V4T000289,8,0.233278,0.884481,1.200000,0.279933,true,
530,40,V4T001544,7,0.802095,0.881594,1.200000,0.433131,true,
531,40,V4T002041,11,1.000000,0.883872,1.200000,0.360000,true,
532,40,V4T000002,6,0.068350,0.883095,1.200000,0.139433,true,
533,40,V4T002369,10,0.218166,0.883908,1.200000,0.445059,true,
534,40,V4T000839,14,1.000000,0.886519,1.200000,0.540000,true,
535,40,V4T000494,9,0.782738,0.884496,1.200000,0.422679,true,
536,40,V4T002344,13,0.419294,0.887435,1.200000,0.503153,true,
537,40,V4T001376,12,1.000000,0.886474,1.200000,0.540000,true,
538,41,V4T001467,0,0.346566,0.837648,1.200000,0.415879,true,
539,41,V4T001370,2,0.156484,0.839340,1.200000,0.187781,true,
540,41,V4T000385,1,1.000000,0.840572,1.200000,0.360000,true,
541,41,V4T000168,5,0.049240,0.841922,1.200000,0.100449,true,
542,41,V4T000066,4,0.146189,0.842179,1.200000,0.175426,true,
543,41,V4T000159,7,0.387534,0.843620,1.200000,0.465041,true,
544,41,V4T001889,6,0.224715,0.842973,1.200000,0.269658,true,
545,41,V4T000376,10,0.324054,0.846465,1.200000,0.388865,true,
546,41,V4T002150,8,1.000000,0.845391,1.200000,0.360000,true,
547,41,V4T001159,13,0.645595,0.848133,1.200000,0.348621,true,
548,41,V4T000911,12,0.270378,0.847654,1.200000,0.324453,true,
549,41,V4T002324,11,0.179748,0.845542,1.200000,0.215697,true,
550,41,V4T000402,14,0.107688,0.849451,1.200000,0.219684,true,
551,42,V4T001685,0,0.297774,0.860494,1.200000,0.357329,true,
552,42,V4T002186,3,0.661602,0.859669,1.200000,0.793922,true,
553,42,V4T001205,2,0.087705,0.859283,1.200000,0.178917,true,
554,42,V4T002188,6,0.350371,0.863865,1.200000,0.420445,true,
555,42,V4T001006,1,0.263411,0.862553,1.200000,0.316093,true,
556,42,V4T000198,4,0.859987,0.866611,1.200000,0.464393,true,
557,42,V4T000178,7,0.385570,0.864838,1.200000,0.462684,true,
558,42,V4T002009,11,0.510382,0.868795,1.200000,0.612458,true,
559,42,V4T001165,10,1.000000,0.868700,1.200000,0.540000,true,
560,42,V4T000703,9,1.000000,0.869064,1.200000,0.540000,true,
561,42,V4T000071,13,0.589407,0.872308,1.200000,0.707288,true,
562,42,V4T002289,8,0.415143,0.867789,1.200000,0.498172,true,
563,42,V4T001094,12,0.119881,0.872925,1.200000,0.244558,true,
564,42,V4T001617,15,0.839451,0.870640,1.200000,1.007341,true,
565,43,V4T001208,2,0.277452,0.895059,1.200000,0.332943,true,
566,43,V4T001800,1,0.277857,0.894330,1.200000,0.333429,true,
567,43,V4T001657,0,0.415909,0.895772,1.200000,0.499091,true,
568,43,V4T001194,5,0.265858,0.899148,1.200000,0.319030,true,
569,43,V4T001848,4,0.126712,0.898534,1.200000,0.152054,true,
570,43,V4T001938,9,0.215058,0.902380,1.200000,0.258069,true,
571,43,V4T000011,3,0.205194,0.894863,1.200000,0.418596,true,
572,43,V4T001210,7,0.209858,0.899117,1.200000,0.251829,true,
573,43,V4T000616,11,0.347741,0.902892,1.200000,0.417289,true,
574,43,V4T002121,6,0.312854,0.899195,1.200000,0.375425,true,
575,43,V4T001468,10,0.113497,0.903284,1.200000,0.231533,true,
576,43,V4T001207,13,0.647880,0.906242,1.200000,0.349855,true,
577,43,V4T001770,12,0.516741,0.904419,1.200000,0.279040,true,
578,44,V4T000559,1,0.200947,0.965595,1.200000,0.241137,true,
579,44,V4T000994,4,0.390416,0.968060,1.200000,0.468500,true,
580,44,V4T002344,3,0.913013,0.966195,1.200000,1.095615,true,
581,44,V4T000475,6,0.827820,0.968189,1.200000,0.993384,true,
582,44,V4T000344,5,1.000000,0.969266,1.200000,0.540000,true,
583,44,V4T001970,9,0.626843,0.970719,1.200000,0.752211,true,
584,44,V4T000989,8,0.771038,0.971526,1.200000,0.925245,true,
585,44,V4T000746,10,0.906785,0.970429,1.200000,1.088143,true,
586,44,V4T001909,14,0.683663,0.972731,1.200000,0.820396,true,
587,44,V4T001105,12,0.230893,0.974094,1.200000,0.471022,true,
588,44,V4T000817,15,0.258220,0.974431,1.200000,0.526769,true,
589,45,V4T001514,1,0.666028,0.976097,1.200000,1.358697,true,
590,45,V4T000533,4,0.960066,0.981716,1.200000,1.152080,true,
591,45,V4T001621,8,0.291055,0.984150,1.200000,0.593751,true,
592,45,V4T001235,12,0.398129,0.986202,1.200000,0.477755,true,
593,45,V4T000907,3,0.473588,0.977026,1.200000,0.568305,true,
594,45,V4T001405,2,1.000000,0.976359,1.200000,0.540000,true,
595,45,V4T001927,7,1.000000,0.980657,1.200000,1.200000,true,
596,45,V4T001595,6,0.194457,0.979091,1.200000,0.396691,true,
597,45,V4T000931,11,0.758350,0.983827,1.200000,0.910020,true,
598,45,V4T001049,10,1.000000,0.984357,1.200000,0.540000,true,
599,45,V4T000038,9,0.430371,0.984730,1.200000,0.516445,true,
600,45,V4T001295,13,0.148787,0.988314,1.200000,0.303526,true,
601,45,V4T001533,15,1.000000,0.986747,1.200000,1.200000,true,
602,45,V4T001453,14,0.285102,0.986974,1.200000,0.581607,true,
603,46,V4T000747,0,0.150740,0.867300,1.200000,0.180888,true,
604,46,V4T001785,2,0.280580,0.868164,1.200000,0.336696,true,
605,46,V4T001835,1,0.076216,0.868683,1.200000,0.155480,true,
606,46,V4T001995,5,0.254188,0.871166,1.200000,0.305026,true,
607,46,V4T001578,4,0.977175,0.871415,1.200000,0.527675,true,
608,46,V4T000054,3,0.253057,0.869205,1.200000,0.303669,true,
609,46,V4T002087,7,1.000000,0.870754,1.200000,0.540000,true,
610,46,V4T001286,10,0.234974,0.873724,1.200000,0.281969,true,
611,46,V4T001028,6,0.073027,0.870138,1.200000,0.148976,true,
612,46,V4T002091,13,0.111308,0.876471,1.200000,0.227069,true,
613,46,V4T000642,8,0.152646,0.873830,1.200000,0.183175,true,
614,46,V4T001232,12,0.171913,0.875372,1.200000,0.206295,true,
615,46,V4T000613,11,0.049863,0.874220,1.200000,0.101721,true,
616,46,V4T001367,15,0.316969,0.876169,1.200000,0.380363,true,
617,47,V4T002019,1,0.463098,0.880435,1.200000,0.555718,true,
618,47,V4T002296,2,0.394931,0.879361,1.200000,0.473917,true,
619,47,V4T001592,0,0.708777,0.881272,1.200000,0.850532,true,
620,47,V4T001524,5,0.235104,0.883258,1.200000,0.479613,true,
621,47,V4T002285,4,1.000000,0.883431,1.200000,1.200000,true,
622,47,V4T000978,3,1.000000,0.879901,1.200000,1.200000,true,
623,47,V4T000220,7,0.302772,0.882349,1.200000,0.617656,true,
624,47,V4T001257,6,0.570333,0.882501,1.200000,0.684400,true,
625,47,V4T000936,10,0.420011,0.885078,1.200000,0.856822,true,
626,47,V4T000904,9,0.138596,0.884238,1.200000,0.282736,true,
627,47,V4T000843,13,0.365685,0.885915,1.200000,0.745997,true,
628,47,V4T002284,8,1.000000,0.885429,1.200000,0.360000,true,
629,47,V4T001713,12,0.688723,0.886373,1.200000,0.826468,true,
630,47,V4T000515,11,0.336377,0.884698,1.200000,0.403653,true,
631,47,V4T001412,14,0.960020,0.887257,1.200000,1.152024,true,
632,48,V4T001575,0,0.420244,0.935604,1.200000,0.504293,true,
633,48,V4T001396,2,0.238825,0.934730,1.200000,0.286590,true,
634,48,V4T000095,1,0.101045,0.933978,1.200000,0.206131,true,
635,48,V4T000220,5,0.160853,0.937525,1.200000,0.328140,true,
636,48,V4T000327,4,0.118851,0.937540,1.200000,0.142621,true,
637,48,V4T000101,9,0.053977,0.938783,1.200000,0.110113,true,
638,48,V4T002088,8,0.345382,0.940536,1.200000,0.414459,true,
639,48,V4T001103,12,0.833826,0.941425,1.200000,0.450266,true,
640,48,V4T002169,7,0.091399,0.936657,1.200000,0.186455,true,
641,48,V4T000128,6,1.000000,0.935918,1.200000,0.360000,true,
642,48,V4T000515,10,0.178720,0.940095,1.200000,0.214464,true,
643,48,V4T002301,13,0.198157,0.942398,1.200000,0.404240,true,
644,48,V4T002139,15,0.356920,0.941982,1.200000,0.428304,true,
645,48,V4T001215,11,1.000000,0.939860,1.200000,0.540000,true,
646,49,V4T001206,1,1.000000,0.895590,1.200000,0.540000,true,
647,49,V4T000185,0,0.305675,0.896719,1.200000,0.366810,true,
648,49,V4T000169,3,0.560845,0.897032,1.200000,0.673013,true,
649,49,V4T000609,4,1.000000,0.901532,1.200000,0.540000,true,
650,49,V4T000099,9,0.855913,0.904084,1.200000,1.027095,true,
651,49,V4T001171,8,0.639584,0.903254,1.200000,0.767501,true,
652,49,V4T000654,7,1.000000,0.900657,1.200000,0.540000,true,
653,49,V4T002105,11,1.000000,0.903106,1.200000,1.200000,true,
654,49,V4T002110,6,0.553252,0.902262,1.200000,0.663902,true,
655,49,V4T000641,13,0.395917,0.906385,1.200000,0.807671,true,
656,49,V4T000464,12,0.430115,0.907021,1.200000,0.516138,true,
657,49,V4T000152,15,1.000000,0.906972,1.200000,0.540000,true,
658,50,V4T000361,0,1.000000,0.851669,1.200000,1.200000,true,
659,50,V4T001836,2,0.255525,0.849818,1.200000,0.521272,true,
660,50,V4T000900,1,1.000000,0.851349,1.200000,1.200000,true,
661,50,V4T000158,5,0.718139,0.855817,1.200000,0.861767,true,
662,50,V4T002014,9,0.655844,0.858474,1.200000,0.787013,true,
663,50,V4T000704,8,1.000000,0.858178,1.200000,1.200000,true,
664,50,V4T001901,3,1.000000,0.851332,1.200000,1.200000,true,
665,50,V4T000121,7,1.000000,0.854709,1.200000,1.200000,true,
666,50,V4T000587,10,1.000000,0.859125,1.200000,1.200000,true,
667,50,V4T002295,13,0.530271,0.860396,1.200000,0.636326,true,
668,50,V4T001638,14,0.247894,0.862270,1.200000,0.505704,true,
669,50,V4T001610,15,1.000000,0.860986,1.200000,1.200000,true,
670,51,V4T001283,0,0.638467,0.858428,1.200000,0.766161,true,
671,51,V4T001806,1,0.503919,0.857165,1.200000,0.604703,true,
672,51,V4T001402,5,0.496015,0.862347,1.200000,0.595218,true,
673,51,V4T000155,4,0.133175,0.864088,1.200000,0.159810,true,
674,51,V4T001988,7,0.713670,0.863202,1.200000,0.856404,true,
675,51,V4T000769,6,0.122042,0.863097,1.200000,0.248966,true,
676,51,V4T001517,10,0.332297,0.866690,1.200000,0.398756,true,
677,51,V4T002283,9,0.120314,0.868086,1.200000,0.245440,true,
678,51,V4T000056,13,0.293959,0.869623,1.200000,0.599677,true,
679,51,V4T000438,8,0.229996,0.866540,1.200000,0.469192,true,
680,51,V4T000335,12,0.308795,0.870546,1.200000,0.629943,true,
681,51,V4T000035,11,1.000000,0.867142,1.200000,1.200000,true,
682,51,V4T002358,15,1.000000,0.870149,1.200000,0.540000,true,
683,52,V4T000218,0,0.668530,0.928781,1.200000,0.802236,true,
684,52,V4T000572,4,0.619381,0.931270,1.200000,0.743258,true,
685,52,V4T000795,5,1.000000,0.933458,1.200000,0.540000,true,
686,52,V4T001535,8,1.000000,0.935050,1.200000,0.540000,true,
687,52,V4T000535,12,1.000000,0.940777,1.200000,0.360000,true,
688,52,V4T000477,3,1.000000,0.927883,1.200000,1.200000,true,
689,52,V4T001523,2,1.000000,0.928686,1.200000,0.540000,true,
690,52,V4T001705,7,0.622747,0.930929,1.200000,0.747297,true,
691,52,V4T001120,6,0.865726,0.932216,1.200000,1.038871,true,
692,52,V4T000748,10,1.000000,0.935912,1.200000,1.200000,true,
693,52,V4T001751,9,0.833753,0.938333,1.200000,1.000503,true,
694,52,V4T000838,14,0.445202,0.940472,1.200000,0.534242,true,
695,52,V4T000154,13,1.000000,0.940801,1.200000,0.360000,true,
696,52,V4T000669,11,1.000000,0.937330,1.200000,1.200000,true,
697,53,V4T000053,15,1.000000,0.902976,1.200000,1.200000,true,
698,53,V4T000828,3,0.355376,0.891615,1.200000,0.724967,true,
699,53,V4T000885,13,0.681212,0.902890,1.200000,0.817454,true,
700,53,V4T001640,14,0.946426,0.903705,1.200000,1.135711,true,
701,53,V4T001821,11,1.000000,0.901984,1.200000,1.200000,true,
702,53,V4T001134,10,0.559236,0.901402,1.200000,0.671083,true,
703,53,V4T001414,6,1.000000,0.897074,1.200000,0.540000,true,
704,53,V4T001451,1,1.000000,0.892604,1.200000,1.200000,true,
705,53,V4T001965,12,0.543517,0.904326,1.200000,1.108774,true,
706,53,V4T002274,9,0.443219,0.900775,1.200000,0.904167,true,
707,53,V4T001987,8,0.316778,0.901267,1.200000,0.646227,true,
708,54,V4T001635,15,0.626626,0.966145,1.200000,0.751952,true,
709,54,V4T000085,11,0.327267,0.962076,1.200000,0.667625,true,
710,54,V4T001009,7,0.813720,0.958782,1.200000,0.976464,true,
711,54,V4T001012,14,0.310648,0.965499,1.200000,0.633722,true,
712,54,V4T001870,13,1.000000,0.967324,1.200000,0.540000,true,
713,54,V4T000292,10,0.551798,0.962961,1.200000,0.662158,true,
714,54,V4T001546,5,0.578694,0.959993,1.200000,0.694433,true,
715,54,V4T001696,6,0.729744,0.958653,1.200000,0.875692,true,
716,54,V4T000165,1,1.000000,0.956590,1.200000,1.200000,true,
717,54,V4T002265,2,0.813338,0.954028,1.200000,0.976006,true,
718,54,V4T002159,4,1.000000,0.958505,1.200000,1.200000,true,
719,54,V4T002348,0,0.784512,0.955083,1.200000,0.941414,true,
720,55,V4T000216,15,0.530402,0.982227,1.200000,1.082020,true,
721,55,V4T001407,10,1.000000,0.978643,1.200000,1.200000,true,
722,55,V4T002266,11,0.704754,0.976833,1.200000,0.845705,true,
723,55,V4T000205,6,1.000000,0.974523,1.200000,1.200000,true,
724,55,V4T002164,3,0.698070,0.968956,1.200000,1.424063,true,
725,55,V4T002057,2,0.554621,0.967554,1.200000,1.131427,true,
726,55,V4T001526,13,0.379682,0.980263,1.200000,0.774551,true,
727,55,V4T001866,9,0.829195,0.979234,1.200000,0.995034,true,
728,55,V4T000352,5,0.917588,0.971130,1.200000,1.101105,true,
729,55,V4T001741,1,1.000000,0.966936,1.200000,0.360000,true,
730,55,V4T000390,12,1.000000,0.980503,1.200000,0.360000,true,
731,55,V4T000304,8,0.754745,0.978278,1.200000,0.905694,true,
732,55,V4T000401,4,0.757075,0.972561,1.200000,0.908490,true,
733,55,V4T000124,0,0.208073,0.966145,1.200000,0.424469,true,
734,56,V4T000144,14,0.950935,0.987100,1.200000,1.141122,true,
735,56,V4T000148,15,0.878271,0.988261,1.200000,1.053925,true,
736,56,V4T000737,10,1.000000,0.986112,1.200000,0.540000,true,
737,56,V4T001357,11,0.644318,0.984898,1.200000,0.773182,true,
738,56,V4T001688,7,1.000000,0.979714,1.200000,0.540000,true,
739,56,V4T002260,2,1.000000,0.979196,1.200000,1.200000,true,
740,56,V4T001294,3,1.000000,0.976256,1.200000,0.360000,true,
741,56,V4T000853,13,0.290716,0.989243,1.200000,0.593061,true,
742,56,V4T001355,9,1.000000,0.984800,1.200000,1.200000,true,
743,56,V4T001267,4,0.358386,0.982799,1.200000,0.430063,true,
744,56,V4T000800,5,0.465372,0.980051,1.200000,0.949359,true,
745,56,V4T001204,1,0.352206,0.976390,1.200000,0.718501,true,
746,56,V4T000575,0,0.765520,0.976693,1.200000,0.918624,true,
747,56,V4T002345,12,1.000000,0.989885,1.200000,0.360000,true,
748,56,V4T000330,8,0.483926,0.984623,1.200000,0.580712,true,
749,57,V4T002182,15,0.739414,1.031716,1.200000,0.887296,true,
750,57,V4T001277,11,0.934246,1.026338,1.200000,1.121095,true,
751,57,V4T001749,7,0.445423,1.025485,1.200000,0.534507,true,
752,57,V4T002111,3,0.458069,1.020334,1.200000,0.549683,true,
753,57,V4T001022,14,0.452059,1.032646,1.200000,0.542471,true,
754,57,V4T000367,10,0.862500,1.026728,1.200000,1.035000,true,
755,57,V4T000585,9,1.000000,1.027265,1.200000,1.200000,true,
756,57,V4T001444,6,1.000000,1.025205,1.200000,0.540000,true,
757,57,V4T001064,2,0.609509,1.022150,1.200000,0.731410,true,
758,57,V4T001636,12,0.964653,1.033392,1.200000,1.157584,true,
759,57,V4T000474,8,0.330566,1.029465,1.200000,0.674356,true,
760,57,V4T002012,4,0.201010,1.023267,1.200000,0.410060,true,
761,57,V4T000705,0,0.315955,1.022658,1.200000,0.644547,true,
762,58,V4T000320,15,0.823330,1.021459,1.200000,0.444598,true,
763,58,V4T002003,7,0.290031,1.012579,1.200000,0.348037,true,
764,58,V4T002298,13,0.501684,1.020899,1.200000,0.602021,true,
765,58,V4T000208,14,0.984765,1.019893,1.200000,1.181718,true,
766,58,V4T001929,10,0.130259,1.017419,1.200000,0.265729,true,
767,58,V4T000875,2,0.837553,1.011595,1.200000,1.005064,true,
768,58,V4T000921,1,0.354621,1.010314,1.200000,0.425545,true,
769,58,V4T001500,12,1.000000,1.020427,1.200000,1.200000,true,
770,58,V4T001955,9,0.856979,1.017340,1.200000,1.748238,true,
771,58,V4T001505,8,0.468467,1.016585,1.200000,0.562160,true,
772,58,V4T002129,4,0.276992,1.014979,1.200000,0.332391,true,
773,58,V4T002211,0,0.701844,1.010006,1.200000,0.842213,true,
774,59,V4T001236,13,0.583585,1.026044,1.200000,0.700302,true,
775,59,V4T002136,14,1.000000,1.026633,1.200000,0.540000,true,
776,59,V4T000368,11,0.419784,1.022980,1.200000,0.503741,true,
777,59,V4T000891,7,0.373913,1.021211,1.200000,0.448696,true,
778,59,V4T002043,2,0.260250,1.017544,1.200000,0.312300,true,
779,59,V4T001736,3,0.816764,1.017956,1.200000,0.980116,true,
780,59,V4T000824,12,0.633222,1.026406,1.200000,0.759866,true,
781,59,V4T002222,9,0.392434,1.024777,1.200000,0.470921,true,
782,59,V4T001825,10,0.100200,1.023500,1.200000,0.204408,true,
783,59,V4T001186,5,0.632174,1.020768,1.200000,0.758609,true,
784,59,V4T001663,6,1.000000,1.020304,1.200000,0.360000,true,
785,59,V4T000369,1,0.487175,1.017587,1.200000,0.584610,true,
786,59,V4T001643,8,0.221642,1.023347,1.200000,0.452151,true,
787,60,V4T000640,14,0.576071,0.991329,1.200000,0.691285,true,
788,60,V4T001786,15,0.559896,0.990882,1.200000,0.671876,true,
789,60,V4T000007,10,0.566121,0.988238,1.200000,0.679346,true,
790,60,V4T002244,7,0.912248,0.984866,1.200000,0.492614,true,
791,60,V4T000887,3,0.535496,0.983714,1.200000,0.642595,true,
792,60,V4T001743,12,0.135631,0.989386,1.200000,0.276687,true,
793,60,V4T000337,13,0.263196,0.991006,1.200000,0.315835,true,
794,60,V4T000723,4,0.727433,0.986430,1.200000,0.392814,true,
795,60,V4T000356,5,0.305130,0.985374,1.200000,0.366156,true,
796,60,V4T002005,2,0.307495,0.983639,1.200000,0.627290,true,
797,60,V4T001091,8,0.852221,0.987418,1.200000,1.022665,true,
798,60,V4T001072,0,0.186898,0.983770,1.200000,0.224277,true,
799,61,V4T000485,3,0.595676,1.000541,1.200000,1.215178,true,
800,61,V4T000828,15,0.601053,1.005335,1.200000,1.226148,true,
801,61,V4T002042,11,0.547480,1.003196,1.200000,1.116859,true,
802,61,V4T000658,6,0.530253,1.002852,1.200000,1.081715,true,
803,61,V4T000979,2,0.570518,1.000746,1.200000,1.163858,true,
804,61,V4T000617,14,1.000000,1.005161,1.200000,1.200000,true,
805,61,V4T002157,10,0.575137,1.004365,1.200000,1.173279,true,
806,61,V4T000480,9,1.000000,1.003486,1.200000,1.200000,true,
807,61,V4T000930,5,1.000000,1.002070,1.200000,1.200000,true,
808,61,V4T002292,4,1.000000,1.002324,1.200000,1.200000,true,
809,61,V4T001416,12,1.000000,1.005198,1.200000,1.200000,true,
810,61,V4T000189,8,1.000000,1.003793,1.200000,1.200000,true,
811,62,V4T000852,11,1.000000,1.010057,1.200000,1.200000,true,
812,62,V4T001423,3,1.000000,1.007866,1.200000,1.200000,true,
813,62,V4T000378,14,1.000000,1.012506,1.200000,1.200000,true,
814,62,V4T001182,15,1.000000,1.011306,1.200000,1.200000,true,
815,62,V4T001418,6,0.464646,1.008480,1.200000,0.947878,true,
816,62,V4T000929,2,0.894448,1.007187,1.200000,1.073338,true,
817,62,V4T002204,9,1.000000,1.010353,1.200000,1.200000,true,
818,62,V4T000826,8,1.000000,1.010754,1.200000,1.200000,true,
819,62,V4T002146,5,1.000000,1.009409,1.200000,1.200000,true,
820,62,V4T001783,4,1.000000,1.009304,1.200000,0.540000,true,
821,62,V4T002026,1,1.000000,1.007265,1.200000,1.200000,true,
822,62,V4T001598,12,0.629980,1.012287,1.200000,0.755977,true,
823,63,V4T000953,3,1.000000,0.862632,1.200000,0.540000,true,
824,63,V4T000888,6,0.470608,0.869055,1.200000,0.564729,true,
825,63,V4T000846,2,0.077235,0.862062,1.200000,0.157559,true,
826,63,V4T001908,1,0.219616,0.863988,1.200000,0.263539,true,
827,63,V4T001038,9,0.405875,0.870258,1.200000,0.487051,true,
828,63,V4T001648,8,1.000000,0.872480,1.200000,0.360000,true,
829,63,V4T000278,5,0.391688,0.866103,1.200000,0.470025,true,
830,64,V4T000512,11,0.249412,0.881428,1.200000,0.299294,true,
831,64,V4T001699,7,0.432718,0.875803,1.200000,0.519262,true,
832,64,V4T001250,3,0.503101,0.872294,1.200000,0.603721,true,
833,64,V4T000896,15,0.224359,0.883776,1.200000,0.457693,true,
834,64,V4T001781,10,1.000000,0.879907,1.200000,1.200000,true,
835,64,V4T001470,6,0.555699,0.875380,1.200000,0.666839,true,
836,64,V4T002122,13,0.159902,0.887094,1.200000,0.191882,true,
837,64,V4T000257,14,0.104929,0.885720,1.200000,0.214054,true,
838,64,V4T002238,12,0.280842,0.884605,1.200000,0.337011,true,
839,64,V4T000529,9,0.382451,0.882199,1.200000,0.458941,true,
840,64,V4T001148,8,0.638760,0.881002,1.200000,0.766512,true,
841,64,V4T000397,4,0.324542,0.876823,1.200000,0.662066,true,
842,64,V4T000062,5,0.659195,0.874997,1.200000,0.791034,true,
843,64,V4T000974,0,1.000000,0.873414,1.200000,0.540000,true,
844,64,V4T001200,1,0.378515,0.872758,1.200000,0.454218,true,
845,65,V4T001534,10,0.815787,0.886294,1.200000,1.664206,true,
846,65,V4T001318,11,1.000000,0.883319,1.200000,1.200000,true,
847,65,V4T002311,7,0.388352,0.881642,1.200000,0.792238,true,
848,65,V4T001674,3,0.473200,0.878611,1.200000,0.965327,true,
849,65,V4T001678,6,1.000000,0.882711,1.200000,1.200000,true,
850,65,V4T001789,2,1.000000,0.878550,1.200000,0.540000,true,
851,65,V4T002100,13,0.464236,0.889553,1.200000,0.947042,true,
852,65,V4T001029,9,0.693377,0.885671,1.200000,1.414490,true,
853,65,V4T000191,5,1.000000,0.882681,1.200000,1.200000,true,
854,65,V4T001657,1,1.000000,0.876569,1.200000,1.200000,true,
855,65,V4T001194,0,1.000000,0.877376,1.200000,1.200000,true,
856,65,V4T000431,12,0.764018,0.890311,1.200000,0.916822,true,
857,65,V4T000011,8,1.000000,0.886632,1.200000,2.040000,true,
858,65,V4T002121,4,1.000000,0.879834,1.200000,1.200000,true,
859,66,V4T000282,7,1.000000,0.910680,1.200000,1.200000,true,
860,66,V4T001272,3,0.953391,0.907703,1.200000,1.144069,true,
861,66,V4T000321,15,0.594529,0.918413,1.200000,1.212838,true,
862,66,V4T000080,14,1.000000,0.919095,1.200000,1.200000,true,
863,66,V4T000706,10,0.676610,0.915354,1.200000,0.811932,true,
864,66,V4T000446,6,0.823751,0.913249,1.200000,1.680451,true,
865,66,V4T001590,1,0.804671,0.909420,1.200000,1.641530,true,
866,66,V4T001391,9,0.717661,0.914407,1.200000,1.464029,true,
867,66,V4T001343,13,1.000000,0.920378,1.200000,1.200000,true,
868,66,V4T000896,8,0.581323,0.915959,1.200000,1.185900,true,
869,66,V4T001324,5,1.000000,0.912933,1.200000,1.200000,true,
870,66,V4T002312,4,1.000000,0.913085,1.200000,1.200000,true,
871,66,V4T001025,0,0.550826,0.908924,1.200000,1.123685,true,
872,66,V4T001479,12,1.000000,0.919465,1.200000,1.200000,true,
873,67,V4T001995,11,0.525242,0.900066,1.200000,0.630291,true,
874,67,V4T002307,7,1.000000,0.893273,1.200000,0.540000,true,
875,67,V4T001755,3,0.483205,0.890899,1.200000,0.985739,true,
876,67,V4T002400,2,0.220397,0.889045,1.200000,0.449609,true,
877,67,V4T001410,14,1.000000,0.904586,1.200000,0.540000,true,
878,67,V4T001028,15,0.151452,0.902291,1.200000,0.308961,true,
879,67,V4T001931,9,0.488484,0.898228,1.200000,0.586181,true,
880,67,V4T002091,5,0.227820,0.896954,1.200000,0.464752,true,
881,67,V4T001232,6,0.350972,0.893566,1.200000,0.421166,true,
882,67,V4T000275,1,0.143574,0.891220,1.200000,0.292890,true,
883,67,V4T000613,13,0.103368,0.906135,1.200000,0.210870,true,
884,67,V4T001367,12,0.653600,0.903344,1.200000,0.784320,true,
885,67,V4T001411,8,0.286735,0.898648,1.200000,0.584939,true,
886,67,V4T001895,4,1.000000,0.894580,1.200000,0.540000,true,
887,67,V4T000094,0,1.000000,0.891837,1.200000,0.540000,true,
888,68,V4T000605,3,1.000000,0.891302,1.200000,1.200000,true,
889,68,V4T001183,15,1.000000,0.904805,1.200000,1.200000,true,
890,68,V4T000087,11,0.617765,0.899573,1.200000,1.260240,true,
891,68,V4T001615,7,1.000000,0.896293,1.200000,1.200000,true,
892,68,V4T000060,10,1.000000,0.900385,1.200000,2.040000,true,
893,68,V4T000109,6,1.000000,0.894866,1.200000,0.540000,true,
894,68,V4T001853,14,0.573300,0.902352,1.200000,1.169531,true,
895,68,V4T000389,9,0.630400,0.900861,1.200000,1.286016,true,
896,68,V4T001361,8,0.576101,0.899387,1.200000,1.175246,true,
897,68,V4T001384,4,0.574690,0.896844,1.200000,1.172368,true,
898,68,V4T002028,5,1.000000,0.894884,1.200000,1.200000,true,
899,68,V4T001449,0,1.000000,0.893162,1.200000,1.200000,true,
900,68,V4T002018,12,1.000000,0.903819,1.200000,1.200000,true,
901,69,V4T000392,3,0.392295,0.841328,1.200000,0.800281,true,
902,69,V4T002382,15,0.330663,0.856460,1.200000,0.674552,true,
903,69,V4T001752,14,1.000000,0.856683,1.200000,0.540000,true,
904,69,V4T001573,11,1.000000,0.852262,1.200000,0.540000,true,
905,69,V4T001958,10,0.567809,0.851812,1.200000,0.681371,true,
906,69,V4T000768,7,1.000000,0.848284,1.200000,0.540000,true,
907,69,V4T000175,6,0.871378,0.850176,1.200000,1.045653,true,
908,69,V4T000309,5,0.719972,0.848417,1.200000,0.863966,true,
909,69,V4T000561,2,1.000000,0.842854,1.200000,1.200000,true,
910,69,V4T002280,1,0.305384,0.844159,1.200000,0.622983,true,
911,69,V4T001826,9,0.656167,0.852751,1.200000,0.787400,true,
912,69,V4T000786,8,1.000000,0.852644,1.200000,0.540000,true,
913,69,V4T000318,4,0.878895,0.848790,1.200000,1.792947,true,
914,69,V4T001564,0,0.559396,0.844777,1.200000,1.141167,true,
915,69,V4T000182,13,0.812510,0.858209,1.200000,0.975012,true,
916,69,V4T000017,12,0.590076,0.856682,1.200000,0.708092,true,
917,70,V4T000721,3,0.512948,0.816654,1.200000,0.276992,true,
918,70,V4T002289,11,0.262903,0.824333,1.200000,0.315483,true,
919,70,V4T000732,6,0.131763,0.821038,1.200000,0.268797,true,
920,70,V4T000123,15,0.605745,0.827949,1.200000,0.726894,true,
921,70,V4T000500,10,1.000000,0.825586,1.200000,0.360000,true,
922,70,V4T001214,13,0.139037,0.827971,1.200000,0.283636,true,
923,70,V4T001346,9,0.071875,0.823790,1.200000,0.146625,true,
924,70,V4T000140,1,0.205717,0.818137,1.200000,0.246861,true,
925,70,V4T001738,0,0.086765,0.818075,1.200000,0.177002,true,
926,70,V4T000071,14,0.373701,0.829602,1.200000,0.448441,true,
927,70,V4T000194,12,0.166844,0.828018,1.200000,0.200213,true,
928,70,V4T001030,8,1.000000,0.825414,1.200000,0.360000,true,
929,71,V4T000598,7,1.000000,0.869041,1.200000,1.200000,true,
930,71,V4T000604,11,0.800616,0.869749,1.200000,0.960739,true,
931,71,V4T001389,6,0.261870,0.867754,1.200000,0.534215,true,
932,71,V4T001243,3,0.549161,0.864784,1.200000,0.658993,true,
933,71,V4T001754,2,0.581781,0.866116,1.200000,0.698137,true,
934,71,V4T001835,15,0.307252,0.875491,1.200000,0.626794,true,
935,71,V4T001718,10,1.000000,0.870153,1.200000,1.200000,true,
936,71,V4T002400,5,0.431235,0.869767,1.200000,0.879719,true,
937,71,V4T001894,1,1.000000,0.866330,1.200000,0.360000,true,
938,71,V4T000357,4,0.680575,0.870134,1.200000,0.816690,true,
939,71,V4T001995,14,1.000000,0.875622,1.200000,1.200000,true,
940,71,V4T002091,12,0.444921,0.875854,1.200000,0.907638,true,
941,71,V4T001232,9,0.685695,0.872883,1.200000,0.822834,true,
942,71,V4T000676,13,1.000000,0.873681,1.200000,0.540000,true,
943,71,V4T000275,8,0.280955,0.872002,1.200000,0.573148,true,
944,72,V4T000377,3,0.562335,0.849465,1.200000,0.674802,true,
945,72,V4T000814,11,0.964944,0.855329,1.200000,1.157933,true,
946,72,V4T001614,7,0.693975,0.852864,1.200000,0.832770,true,
947,72,V4T000421,6,0.435794,0.852076,1.200000,0.522953,true,
948,72,V4T001017,2,0.672680,0.849805,1.200000,0.807216,true,
949,72,V4T000770,1,0.573496,0.848798,1.200000,0.688195,true,
950,72,V4T000226,14,1.000000,0.860238,1.200000,0.540000,true,
951,72,V4T001660,10,0.638094,0.857285,1.200000,0.765713,true,
952,72,V4T001949,5,0.677369,0.853669,1.200000,0.812843,true,
953,72,V4T000097,8,0.607514,0.855194,1.200000,0.729016,true,
954,72,V4T000709,4,1.000000,0.852442,1.200000,0.540000,true,
955,72,V4T000387,13,0.189183,0.860614,1.200000,0.385934,true,
956,73,V4T001439,7,1.000000,0.824897,1.200000,0.540000,true,
957,73,V4T001252,6,1.000000,0.823392,1.200000,0.360000,true,
958,73,V4T002216,2,0.197973,0.819905,1.200000,0.403864,true,
959,73,V4T001246,1,0.772400,0.821561,1.200000,0.417096,true,
960,73,V4T000752,0,0.170196,0.820039,1.200000,0.347201,true,
961,73,V4T001902,11,1.000000,0.826686,1.200000,0.540000,true,
962,73,V4T001513,10,0.301073,0.826787,1.200000,0.361288,true,
963,73,V4T000492,5,0.421317,0.825992,1.200000,0.505581,true,
964,73,V4T001942,9,0.442236,0.827007,1.200000,0.530683,true,
965,73,V4T001828,4,0.494024,0.825438,1.200000,0.592829,true,
966,73,V4T001687,8,0.423820,0.828190,1.200000,0.508584,true,
967,73,V4T001098,15,0.105919,0.831356,1.200000,0.216075,true,
968,73,V4T001241,14,0.610764,0.831081,1.200000,0.732917,true,
969,73,V4T001772,13,0.255098,0.832470,1.200000,0.520400,true,
970,73,V4T000341,12,0.837169,0.831732,1.200000,0.452071,true,
971,74,V4T002386,7,1.000000,0.890472,1.200000,1.200000,true,
972,74,V4T001528,3,1.000000,0.888325,1.200000,0.540000,true,
973,74,V4T000327,6,0.564799,0.891068,1.200000,0.677759,true,
974,74,V4T000540,2,1.000000,0.889733,1.200000,0.540000,true,
975,74,V4T002116,15,1.000000,0.894020,1.200000,1.200000,true,
976,74,V4T000095,11,0.482767,0.892463,1.200000,0.984844,true,
977,74,V4T000220,10,0.766159,0.893105,1.200000,1.562963,true,
978,74,V4T000101,9,0.256906,0.893640,1.200000,0.524089,true,
979,74,V4T000287,5,0.748024,0.891876,1.200000,0.897629,true,
980,74,V4T000904,1,0.348534,0.889453,1.200000,0.711009,true,
981,74,V4T002167,4,1.000000,0.892067,1.200000,1.200000,true,
982,74,V4T001860,0,0.756332,0.888642,1.200000,0.907598,true,
983,74,V4T001567,14,0.774800,0.894657,1.200000,0.929760,true,
984,74,V4T000403,13,1.000000,0.895643,1.200000,1.200000,true,
985,74,V4T002301,8,0.938738,0.892894,1.200000,1.915025,true,
986,75,V4T001370,3,0.640168,0.858423,1.200000,0.768202,true,
987,75,V4T000066,1,0.595803,0.858091,1.200000,0.714964,true,
988,75,V4T001654,0,0.524475,0.859248,1.200000,0.629370,true,
989,75,V4T001378,7,0.614977,0.862263,1.200000,0.737972,true,
990,75,V4T002324,11,0.735582,0.865054,1.200000,0.882698,true,
991,75,V4T000376,10,1.000000,0.863993,1.200000,1.200000,true,
992,75,V4T000291,5,0.430068,0.861735,1.200000,0.877340,true,
993,75,V4T001159,9,1.000000,0.864273,1.200000,0.540000,true,
994,75,V4T000911,4,1.000000,0.862845,1.200000,1.200000,true,
995,75,V4T001879,15,1.000000,0.866107,1.200000,0.540000,true,
996,75,V4T000402,14,0.439810,0.867312,1.200000,0.897213,true,
997,75,V4T000551,13,1.000000,0.866490,1.200000,0.540000,true,
998,75,V4T002175,12,0.929467,0.867606,1.200000,1.115360,true,
999,76,V4T000096,1,0.211355,0.864209,1.200000,0.431164,true,
1000,76,V4T000350,0,0.357503,0.863260,1.200000,0.729305,true,
1001,76,V4T000801,4,0.289074,0.866362,1.200000,0.589711,true,
1002,76,V4T000503,6,0.316344,0.866620,1.200000,0.379613,true,
1003,76,V4T002383,10,0.941334,0.868000,1.200000,1.129601,true,
1004,76,V4T000248,5,0.786207,0.866777,1.200000,0.943448,true,
1005,76,V4T000190,9,0.545945,0.867742,1.200000,0.655134,true,
1006,76,V4T000312,8,0.800193,0.870165,1.200000,0.960232,true,
1007,76,V4T001795,12,0.573545,0.870778,1.200000,0.688253,true,
1008,76,V4T002340,11,0.543461,0.868648,1.200000,0.652153,true,
1009,76,V4T001753,15,0.614952,0.871293,1.200000,0.737942,true,
1010,76,V4T002189,14,0.939887,0.871248,1.200000,1.917370,true,
1011,76,V4T001034,13,0.258522,0.870983,1.200000,0.527384,true,
1012,77,V4T000990,3,1.000000,0.936382,1.200000,0.540000,true,
1013,77,V4T000599,2,0.542780,0.934884,1.200000,0.651336,true,
1014,77,V4T001813,1,1.000000,0.936315,1.200000,0.540000,true,
1015,77,V4T000423,0,1.000000,0.936411,1.200000,0.360000,true,
1016,77,V4T000532,7,1.000000,0.937530,1.200000,1.200000,true,
1017,77,V4T000833,6,1.000000,0.938896,1.200000,1.200000,true,
1018,77,V4T000728,5,0.685259,0.938380,1.200000,0.822310,true,
1019,77,V4T001917,9,0.784998,0.942536,1.200000,0.941997,true,
1020,77,V4T000277,4,0.460454,0.940148,1.200000,0.939327,true,
1021,77,V4T002319,8,0.434002,0.942273,1.200000,0.520803,true,
1022,77,V4T000433,11,0.343524,0.941562,1.200000,0.700790,true,
1023,77,V4T000983,14,1.000000,0.945400,1.200000,1.200000,true,
1024,77,V4T000353,13,0.623467,0.945096,1.200000,0.748160,true,
1025,77,V4T000961,12,0.207391,0.944532,1.200000,0.423077,true,
1026,77,V4T002134,15,1.000000,0.946477,1.200000,0.540000,true,
1027,78,V4T001038,1,1.000000,0.915534,1.200000,1.200000,true,
1028,78,V4T000278,0,1.000000,0.917121,1.200000,1.200000,true,
1029,78,V4T000615,8,1.000000,0.923447,1.200000,1.200000,true,
1030,78,V4T002053,2,0.730743,0.916284,1.200000,0.876891,true,
1031,78,V4T001039,6,0.678480,0.920621,1.200000,0.814176,true,
1032,78,V4T000037,5,0.259852,0.920373,1.200000,0.530099,true,
1033,78,V4T001975,12,0.402391,0.928856,1.200000,0.820877,true,
1034,78,V4T002228,7,0.871145,0.920369,1.200000,1.045374,true,
1035,78,V4T001325,11,1.000000,0.925307,1.200000,0.540000,true,
1036,78,V4T001136,15,0.865862,0.928064,1.200000,1.039034,true,
1037,78,V4T000516,13,0.481650,0.928299,1.200000,0.982566,true,
1038,79,V4T000711,0,0.671701,0.974252,1.200000,0.806041,true,
1039,79,V4T001607,3,1.000000,0.973506,1.200000,1.200000,true,
1040,79,V4T000763,7,0.683939,0.975796,1.200000,0.820727,true,
1041,79,V4T000204,2,1.000000,0.974070,1.200000,1.200000,true,
1042,79,V4T002349,5,0.587272,0.976009,1.200000,0.704727,true,
1043,79,V4T001005,4,0.980345,0.975050,1.200000,1.176414,true,
1044,79,V4T001176,15,0.198540,0.978765,1.200000,0.405022,true,
1045,79,V4T001912,11,1.000000,0.977084,1.200000,0.540000,true,
1046,79,V4T001311,14,1.000000,0.979362,1.200000,1.200000,true,
1047,79,V4T000959,10,1.000000,0.978075,1.200000,1.200000,true,
1048,79,V4T000332,9,0.502226,0.978685,1.200000,0.602671,true,
1049,79,V4T002024,13,0.697461,0.980332,1.200000,0.836953,true,
1050,79,V4T002282,8,0.603260,0.978980,1.200000,0.723912,true,
1051,79,V4T000478,12,0.464659,0.979263,1.200000,0.557591,true,
1052,80,V4T001409,2,1.000000,0.962719,1.200000,0.540000,true,
1053,80,V4T001579,1,0.932638,0.964055,1.200000,1.119166,true,
1054,80,V4T002391,5,1.000000,0.966633,1.200000,1.200000,true,
1055,80,V4T002160,0,1.000000,0.963529,1.200000,2.040000,true,
1056,80,V4T000017,3,1.000000,0.964413,1.200000,1.200000,true,
1057,80,V4T002107,11,1.000000,0.968112,1.200000,1.200000,true,
1058,80,V4T001138,6,1.000000,0.966924,1.200000,0.540000,true,
1059,80,V4T000630,10,0.621895,0.969268,1.200000,1.268666,true,
1060,80,V4T001379,9,1.000000,0.969634,1.200000,0.540000,true,
1061,80,V4T002045,4,1.000000,0.967472,1.200000,1.200000,true,
1062,80,V4T001647,8,1.000000,0.970701,1.200000,1.200000,true,
1063,80,V4T000377,15,1.000000,0.973283,1.200000,1.200000,true,
1064,80,V4T000211,13,1.000000,0.971475,1.200000,1.200000,true,
1065,80,V4T002047,12,0.583067,0.973202,1.200000,0.699681,true,
1066,81,V4T000837,0,0.379641,0.830723,1.200000,0.455569,true,
1067,81,V4T001154,1,1.000000,0.831326,1.200000,1.200000,true,
1068,81,V4T002186,4,1.000000,0.834321,1.200000,1.200000,true,
1069,81,V4T001457,5,1.000000,0.836751,1.200000,1.200000,true,
1070,81,V4T002188,8,0.681363,0.839975,1.200000,0.817635,true,
1071,81,V4T000351,3,0.446892,0.829724,1.200000,0.536271,true,
1072,81,V4T002196,2,0.518963,0.832630,1.200000,1.058684,true,
1073,81,V4T001474,10,0.886984,0.839724,1.200000,1.064381,true,
1074,81,V4T000178,9,0.748859,0.839849,1.200000,0.898631,true,
1075,81,V4T002009,13,0.991924,0.844249,1.200000,1.190309,true,
1076,81,V4T000336,12,0.833018,0.842616,1.200000,0.999621,true,
1077,81,V4T000258,11,1.000000,0.839388,1.200000,0.360000,true,
1078,81,V4T000967,15,0.802654,0.842716,1.200000,0.963185,true,
1079,81,V4T001617,14,1.000000,0.845602,1.200000,1.200000,true,
1080,82,V4T001985,0,0.359598,0.988193,1.200000,0.431518,true,
1081,82,V4T002252,4,0.403453,0.990241,1.200000,0.484144,true,
1082,82,V4T002035,8,0.651240,0.993586,1.200000,0.781488,true,
1083,82,V4T001967,3,0.810397,0.985860,1.200000,0.972477,true,
1084,82,V4T001383,2,0.538966,0.986814,1.200000,0.646759,true,
1085,82,V4T000843,6,0.408420,0.989446,1.200000,0.833176,true,
1086,82,V4T001713,5,0.769665,0.990544,1.200000,0.923598,true,
1087,82,V4T001220,12,0.653975,0.997714,1.200000,0.784770,true,
1088,82,V4T002301,7,0.416311,0.989949,1.200000,0.849274,true,
1089,82,V4T000014,11,1.000000,0.994693,1.200000,0.540000,true,
1090,82,V4T001224,10,1.000000,0.993689,1.200000,0.540000,true,
1091,82,V4T002032,15,0.616495,0.996267,1.200000,0.739794,true,
1092,82,V4T002183,13,0.439376,0.997326,1.200000,0.527252,true,
1093,83,V4T000734,2,0.297319,0.985327,1.200000,0.356783,true,
1094,83,V4T000386,1,0.971636,0.984949,1.200000,1.165964,true,
1095,83,V4T000196,0,1.000000,0.985208,1.200000,0.540000,true,
1096,83,V4T000948,5,0.547147,0.986630,1.200000,0.656576,true,
1097,83,V4T002277,4,0.499161,0.987698,1.200000,0.598993,true,
1098,83,V4T000637,8,0.498141,0.992710,1.200000,0.597769,true,
1099,83,V4T001782,12,0.053378,0.993993,1.200000,0.108891,true,
1100,83,V4T002039,3,0.441271,0.982935,1.200000,0.529525,true,
1101,83,V4T001603,6,0.227703,0.988327,1.200000,0.273244,true,
1102,83,V4T000483,10,1.000000,0.990048,1.200000,0.540000,true,
1103,83,V4T002400,14,0.184877,0.994353,1.200000,0.377149,true,
1104,83,V4T002092,9,0.597084,0.991192,1.200000,0.716501,true,
1105,83,V4T001132,13,1.000000,0.995932,1.200000,0.540000,true,
1106,83,V4T002361,11,0.646890,0.992394,1.200000,0.776268,true,
1107,83,V4T000275,15,0.120302,0.995685,1.200000,0.245416,true,
1108,84,V4T002367,1,1.000000,0.964079,1.200000,1.200000,true,
1109,84,V4T000830,0,0.824859,0.961030,1.200000,0.989831,true,
1110,84,V4T001448,5,0.376024,0.966594,1.200000,0.451228,true,
1111,84,V4T002155,4,0.637561,0.966264,1.200000,0.765073,true,
1112,84,V4T000072,8,0.677187,0.972230,1.200000,0.812624,true,
1113,84,V4T002112,9,0.469869,0.971619,1.200000,0.563843,true,
1114,84,V4T001203,12,0.247287,0.977897,1.200000,0.504465,true,
1115,84,V4T002303,2,0.939326,0.963877,1.200000,1.127191,true,
1116,84,V4T000902,10,0.477434,0.974110,1.200000,0.572921,true,
1117,84,V4T001470,13,0.619794,0.976348,1.200000,0.743753,true,
1118,84,V4T000257,3,0.114333,0.965103,1.200000,0.233239,true,
1119,84,V4T001582,7,0.415635,0.970242,1.200000,0.847895,true,
1120,84,V4T000453,11,0.463516,0.972231,1.200000,0.556220,true,
1121,84,V4T002234,15,0.672265,0.978404,1.200000,1.371420,true,
1122,84,V4T000311,14,0.193980,0.979427,1.200000,0.395720,true,
1123,85,V4T002184,0,0.620353,0.643361,1.200000,0.744424,true,
1124,85,V4T000100,1,0.494780,0.643961,1.200000,1.009352,true,
1125,85,V4T000963,4,0.358472,0.646489,1.200000,0.430167,true,
1126,85,V4T001760,5,0.637013,0.648891,1.200000,0.764415,true,
1127,85,V4T001465,8,0.154956,0.651759,1.200000,0.316109,true,
1128,85,V4T001568,12,0.256203,0.654544,1.200000,0.522654,true,
1129,85,V4T002156,3,0.632489,0.642879,1.200000,0.758987,true,
1130,85,V4T001848,2,0.272385,0.643844,1.200000,0.326863,true,
1131,85,V4T000012,6,0.435899,0.646157,1.200000,0.523078,true,
1132,85,V4T000153,14,0.670030,0.654498,1.200000,0.804036,true,
1133,85,V4T000969,13,0.304937,0.655722,1.200000,0.622072,true,
1134,85,V4T001938,7,0.462424,0.646775,1.200000,0.554908,true,
1135,85,V4T001319,11,0.393829,0.650387,1.200000,0.472595,true,
1136,85,V4T000266,15,0.595622,0.654679,1.200000,0.714746,true,
1137,86,V4T002250,1,0.192091,0.472587,1.200000,0.230510,true,
1138,86,V4T000555,4,0.405087,0.473645,1.200000,0.218747,true,
1139,86,V4T001473,5,0.244000,0.474327,1.200000,0.292800,true,
1140,86,V4T001139,9,0.352700,0.477446,1.200000,0.190458,true,
1141,86,V4T002347,13,0.101910,0.480637,1.200000,0.122292,true,
1142,86,V4T001452,12,0.227452,0.482451,1.200000,0.272943,true,
1143,86,V4T001076,3,1.000000,0.471465,1.200000,0.360000,true,
1144,86,V4T001233,2,0.243856,0.470483,1.200000,0.292627,true,
1145,86,V4T000271,6,0.366324,0.474578,1.200000,0.439589,true,
1146,86,V4T001253,10,0.421059,0.478810,1.200000,0.227372,true,
1147,86,V4T002068,11,0.427788,0.477358,1.200000,0.231005,true,
1148,86,V4T001739,15,0.129834,0.481909,1.200000,0.155800,true,
1149,87,V4T000964,11,0.259645,0.629964,1.200000,0.529676,true,
1150,87,V4T001281,7,0.749754,0.627287,1.200000,0.899705,true,
1151,87,V4T002274,3,0.306955,0.623838,1.200000,0.626188,true,
1152,87,V4T002072,14,0.425127,0.631601,1.200000,0.510153,true,
1153,87,V4T000987,10,0.749420,0.628417,1.200000,0.899304,true,
1154,87,V4T002037,6,0.570880,0.626760,1.200000,1.164595,true,
1155,87,V4T002308,2,0.924222,0.624689,1.200000,1.109067,true,
1156,87,V4T000892,12,0.433130,0.631256,1.200000,0.519756,true,
1157,87,V4T001842,9,0.250588,0.628816,1.200000,0.511199,true,
1158,87,V4T001867,8,0.317117,0.628574,1.200000,0.646919,true,
1159,87,V4T000567,4,0.553611,0.626612,1.200000,1.129366,true,
1160,87,V4T001144,5,0.441185,0.626711,1.200000,0.529423,true,
1161,87,V4T000347,0,1.000000,0.624946,1.200000,0.540000,true,
1162,87,V4T002220,1,1.000000,0.624723,1.200000,0.540000,true,
1163,88,V4T000964,11,0.341298,0.662460,1.200000,0.696248,true,
1164,88,V4T002398,7,0.450121,0.659320,1.200000,0.918247,true,
1165,88,V4T002274,3,0.404215,0.657204,1.200000,0.824599,true,
1166,88,V4T002072,14,0.558654,0.663983,1.200000,0.670385,true,
1167,88,V4T000115,10,0.694394,0.661329,1.200000,1.416564,true,
1168,88,V4T001459,6,0.588052,0.660266,1.200000,0.705662,true,
1169,88,V4T002385,2,0.812304,0.657097,1.200000,0.974764,true,
1170,88,V4T000892,12,0.569433,0.663927,1.200000,0.683319,true,
1171,88,V4T000547,9,0.783065,0.663071,1.200000,0.939679,true,
1172,88,V4T001979,8,0.926398,0.662058,1.200000,1.111678,true,
1173,88,V4T001434,4,0.499446,0.660319,1.200000,0.599335,true,
1174,88,V4T001144,5,0.580687,0.659901,1.200000,0.696825,true,
1175,88,V4T001096,0,1.000000,0.657233,1.200000,1.200000,true,
1176,88,V4T001177,1,1.000000,0.657035,1.200000,1.200000,true,
1177,89,V4T002007,15,1.000000,0.624374,1.200000,1.200000,true,
1178,89,V4T001831,10,1.000000,0.622106,1.200000,0.540000,true,
1179,89,V4T001464,11,0.814216,0.622710,1.200000,0.977059,true,
1180,89,V4T001374,7,0.784070,0.619024,1.200000,1.599503,true,
1181,89,V4T001450,3,1.000000,0.616627,1.200000,1.200000,true,
1182,89,V4T002003,2,0.706525,0.616669,1.200000,0.847830,true,
1183,89,V4T001067,13,1.000000,0.624835,1.200000,2.040000,true,
1184,89,V4T000217,14,1.000000,0.624105,1.200000,1.200000,true,
1185,89,V4T000542,8,1.000000,0.622449,1.200000,1.200000,true,
1186,89,V4T000058,9,1.000000,0.620961,1.200000,1.200000,true,
1187,89,V4T001929,5,0.317566,0.620103,1.200000,0.647834,true,
1188,89,V4T000875,1,1.000000,0.615833,1.200000,1.200000,true,
1189,89,V4T000670,4,1.000000,0.619925,1.200000,0.540000,true,
1190,90,V4T001749,11,1.000000,0.602940,1.200000,1.200000,true,
1191,90,V4T001507,7,1.000000,0.601399,1.200000,0.540000,true,
1192,90,V4T001935,3,1.000000,0.600277,1.200000,1.200000,true,
1193,90,V4T000908,15,1.000000,0.605504,1.200000,1.200000,true,
1194,90,V4T001794,14,1.000000,0.605225,1.200000,0.360000,true,
1195,90,V4T001695,6,1.000000,0.601909,1.200000,1.200000,true,
1196,90,V4T000219,2,1.000000,0.600170,1.200000,2.040000,true,
1197,90,V4T002397,1,0.872353,0.600967,1.200000,1.046824,true,
1198,90,V4T002362,12,1.000000,0.605667,1.200000,1.200000,true,
1199,90,V4T000474,13,0.971626,0.605176,1.200000,1.982116,true,
1200,90,V4T001796,9,1.000000,0.604526,1.200000,1.200000,true,
1201,90,V4T002012,5,0.591819,0.602547,1.200000,1.207310,true,
1202,90,V4T002000,4,1.000000,0.602521,1.200000,1.200000,true,
1203,90,V4T000783,0,1.000000,0.600826,1.200000,1.200000,true,
1204,91,V4T000373,7,0.315477,0.591143,1.200000,0.170357,true,
1205,91,V4T001793,2,0.183080,0.590855,1.200000,0.373484,true,
1206,91,V4T001640,3,0.154617,0.590553,1.200000,0.185541,true,
1207,91,V4T001013,11,0.054158,0.591701,1.200000,0.110482,true,
1208,91,V4T001228,10,0.130300,0.591647,1.200000,0.156360,true,
1209,91,V4T002379,6,0.070515,0.591455,1.200000,0.143851,true,
1210,91,V4T000675,9,0.073826,0.591861,1.200000,0.150604,true,
1211,91,V4T001014,5,0.152356,0.591473,1.200000,0.182827,true,
1212,91,V4T000898,1,0.312384,0.590857,1.200000,0.374861,true,
1213,91,V4T001976,0,0.190104,0.590943,1.200000,0.228125,true,
1214,91,V4T000547,14,0.139866,0.592165,1.200000,0.167839,true,
1215,91,V4T001818,13,0.350543,0.592202,1.200000,0.420652,true,
1216,91,V4T002075,12,0.092036,0.592178,1.200000,0.187754,true,
1217,91,V4T002316,8,0.167285,0.591781,1.200000,0.200742,true,
1218,91,V4T001428,4,0.335512,0.591489,1.200000,0.181176,true,
1219,92,V4T000364,15,0.182510,0.589813,1.200000,0.219011,true,
1220,92,V4T001358,11,0.129276,0.589412,1.200000,0.155131,true,
1221,92,V4T002195,7,0.182980,0.588471,1.200000,0.219576,true,
1222,92,V4T002245,3,0.079352,0.588217,1.200000,0.161879,true,
1223,92,V4T000130,13,0.147290,0.590025,1.200000,0.176748,true,
1224,92,V4T002080,14,0.459924,0.589892,1.200000,0.248359,true,
1225,92,V4T001488,9,0.119702,0.589612,1.200000,0.143643,true,
1226,92,V4T001288,10,0.297512,0.589263,1.200000,0.357014,true,
1227,92,V4T001759,6,0.211087,0.588481,1.200000,0.253304,true,
1228,92,V4T002346,5,0.080620,0.588694,1.200000,0.164465,true,
1229,92,V4T000108,2,0.623187,0.588345,1.200000,0.747825,true,
1230,92,V4T001991,1,0.127321,0.587921,1.200000,0.152785,true,
1231,92,V4T001359,12,0.188042,0.590121,1.200000,0.225651,true,
1232,92,V4T000727,8,0.033001,0.589101,1.200000,0.067323,true,
1233,92,V4T002270,4,0.288339,0.588650,1.200000,0.346007,true,
1234,92,V4T000426,0,0.153700,0.587698,1.200000,0.184440,true,
1235,93,V4T000941,6,0.331927,0.604686,1.200000,0.677132,true,
1236,93,V4T001855,3,0.404368,0.603501,1.200000,0.824910,true,
1237,93,V4T001360,7,0.522517,0.604191,1.200000,0.627020,true,
1238,93,V4T000611,1,0.318788,0.603357,1.200000,0.650327,true,
1239,93,V4T001747,15,0.197191,0.606117,1.200000,0.402271,true,
1240,93,V4T001555,11,0.379764,0.605695,1.200000,0.774718,true,
1241,93,V4T000656,9,0.659504,0.605553,1.200000,0.791405,true,
1242,93,V4T001921,5,0.417624,0.604618,1.200000,0.851952,true,
1243,93,V4T000607,4,0.184984,0.604515,1.200000,0.377368,true,
1244,93,V4T001277,0,0.823805,0.603340,1.200000,0.988566,true,
1245,93,V4T002208,13,0.874203,0.606179,1.200000,1.049043,true,
1246,93,V4T001762,12,0.978859,0.606716,1.200000,1.174631,true,
1247,93,V4T000735,8,0.444414,0.605874,1.200000,0.533296,true,
1248,94,V4T001820,11,1.000000,0.606711,1.000000,1.000000,true,
1249,94,V4T002122,15,0.549999,0.610251,1.000000,0.549999,true,
1250,94,V4T000063,14,1.000000,0.609357,1.000000,0.450000,true,
1251,94,V4T002261,10,1.000000,0.606950,1.000000,1.700000,true,
1252,94,V4T002366,6,1.000000,0.605931,1.000000,1.000000,true,
1253,94,V4T000902,7,1.000000,0.605096,1.000000,1.000000,true,
1254,94,V4T001971,2,1.000000,0.603364,1.000000,1.000000,true,
1255,94,V4T000062,3,1.000000,0.602714,1.000000,1.000000,true,
1256,94,V4T001247,9,1.000000,0.608449,1.000000,1.700000,true,
1257,94,V4T001129,5,0.669995,0.606102,1.000000,1.138992,true,
1258,94,V4T001668,4,1.000000,0.605354,1.000000,1.000000,true,
1259,94,V4T001162,1,1.000000,0.603743,1.000000,0.450000,true,
1260,94,V4T001323,0,1.000000,0.603663,1.000000,1.000000,true,
1261,95,V4T001481,11,1.000000,0.646605,1.200000,1.200000,true,
1262,95,V4T001750,7,1.000000,0.645145,1.200000,1.200000,true,
1263,95,V4T001025,3,0.779278,0.642947,1.200000,1.589726,true,
1264,95,V4T001699,2,1.000000,0.643754,1.200000,1.200000,true,
1265,95,V4T001476,15,1.000000,0.648872,1.200000,1.200000,true,
1266,95,V4T000683,10,1.000000,0.647850,1.200000,1.200000,true,
1267,95,V4T002112,6,1.000000,0.644698,1.200000,1.200000,true,
1268,95,V4T000222,5,1.000000,0.646715,1.200000,0.540000,true,
1269,95,V4T000453,9,1.000000,0.647094,1.200000,1.200000,true,
1270,95,V4T001470,1,1.000000,0.644244,1.200000,1.200000,true,
1271,95,V4T002122,13,0.585717,0.649882,1.200000,0.702861,true,
1272,95,V4T002238,12,1.000000,0.649531,1.200000,1.200000,true,
1273,95,V4T001692,8,1.000000,0.648773,1.200000,1.200000,true,
1274,95,V4T000698,4,1.000000,0.647107,1.200000,1.200000,true,
1275,95,V4T000311,0,0.638113,0.644380,1.200000,1.301750,true,
1276,96,V4T001931,15,1.000000,0.647991,1.200000,1.200000,true,
1277,96,V4T002091,11,0.986664,0.647437,1.200000,2.012795,true,
1278,96,V4T000275,7,0.622933,0.644467,1.200000,1.270783,true,
1279,96,V4T000915,3,1.000000,0.642274,1.200000,1.200000,true,
1280,96,V4T000761,2,0.938159,0.643136,1.200000,1.125791,true,
1281,96,V4T001411,14,1.000000,0.648838,1.200000,2.040000,true,
1282,96,V4T001599,9,1.000000,0.646484,1.200000,1.200000,true,
1283,96,V4T001714,1,1.000000,0.643128,1.200000,1.200000,true,
1284,96,V4T000759,0,1.000000,0.643665,1.200000,1.200000,true,
1285,96,V4T000867,13,1.000000,0.650563,1.200000,1.200000,true,
1286,96,V4T001149,12,0.797522,0.650312,1.200000,1.626945,true,
1287,96,V4T001222,8,1.000000,0.648598,1.200000,2.040000,true,
1288,97,V4T000135,8,0.559271,0.623702,1.200000,0.302006,true,
1289,97,V4T001150,12,0.185458,0.626011,1.200000,0.222550,true,
1290,97,V4T002144,0,0.132229,0.618828,1.200000,0.158674,true,
1291,97,V4T002336,1,0.210472,0.618744,1.200000,0.252567,true,
1292,97,V4T000995,5,0.387755,0.621945,1.200000,0.465306,true,
1293,97,V4T002224,4,0.282005,0.620094,1.200000,0.152283,true,
1294,97,V4T000125,13,0.119093,0.627126,1.200000,0.142911,true,
1295,97,V4T000662,2,0.125027,0.618232,1.200000,0.255056,true,
1296,97,V4T000016,3,0.139335,0.617769,1.200000,0.167202,true,
1297,97,V4T001137,6,0.556046,0.620011,1.200000,0.300265,true,
1298,97,V4T001957,10,0.508684,0.622282,1.200000,0.274689,true,
1299,97,V4T001773,11,0.222093,0.622615,1.200000,0.266511,true,
1300,97,V4T000774,15,0.169085,0.626440,1.200000,0.202902,true,
1301,97,V4T000247,7,0.236841,0.620721,1.200000,0.284209,true,
1302,98,V4T000549,0,0.101802,0.622597,1.200000,0.207676,true,
1303,98,V4T001245,4,1.000000,0.624331,1.200000,0.360000,true,
1304,98,V4T000143,8,0.163863,0.626942,1.200000,0.196636,true,
1305,98,V4T001267,12,0.076698,0.630984,1.200000,0.092037,true,
1306,98,V4T001989,1,0.032969,0.621827,1.200000,0.067256,true,
1307,98,V4T002046,6,0.201239,0.625084,1.200000,0.241487,true,
1308,98,V4T000201,10,0.220037,0.627830,1.200000,0.264044,true,
1309,98,V4T000259,9,0.181526,0.628806,1.200000,0.217831,true,
1310,98,V4T000279,13,0.426276,0.630924,1.200000,0.511532,true,
1311,98,V4T001817,14,0.123395,0.629599,1.200000,0.148074,true,
1312,98,V4T002161,2,1.000000,0.621812,1.200000,0.540000,true,
1313,98,V4T001358,3,0.136617,0.622881,1.200000,0.163940,true,
1314,98,V4T000631,7,0.582323,0.625865,1.200000,0.314455,true,
1315,98,V4T002245,11,0.084646,0.627454,1.200000,0.172677,true,
1316,98,V4T000261,15,0.115386,0.629694,1.200000,0.138463,true,
1317,99,V4T000889,0,0.306399,0.640071,1.200000,0.367679,true,
1318,99,V4T000835,8,0.089648,0.646057,1.200000,0.182881,true,
1319,99,V4T000147,1,0.386238,0.640214,1.200000,0.463486,true,
1320,99,V4T001703,6,0.116216,0.645285,1.200000,0.139460,true,
1321,99,V4T001471,5,0.224776,0.644058,1.200000,0.269732,true,
1322,99,V4T000568,4,0.108827,0.644795,1.200000,0.222006,true,
1323,99,V4T001959,9,0.437269,0.647185,1.200000,0.524723,true,
1324,99,V4T001771,13,0.683112,0.650442,1.200000,0.368880,true,
1325,99,V4T001282,7,0.133912,0.644196,1.200000,0.273181,true,
1326,99,V4T001876,14,0.093457,0.649635,1.200000,0.190651,true,
1327,99,V4T001371,15,0.095073,0.649216,1.200000,0.193949,true,
1328,100,V4T002074,4,0.243392,0.658735,1.200000,0.292070,true,
1329,100,V4T000320,12,0.267595,0.663980,1.200000,0.144501,true,
1330,100,V4T000221,1,0.139766,0.654061,1.200000,0.167719,true,
1331,100,V4T002109,6,0.202903,0.656705,1.200000,0.243484,true,
1332,100,V4T000980,5,0.537673,0.658513,1.200000,0.290343,true,
1333,100,V4T000407,8,0.410484,0.660738,1.200000,0.492580,true,
1334,100,V4T000986,9,0.044511,0.661472,1.200000,0.090803,true,
1335,100,V4T000514,13,0.351469,0.662307,1.200000,0.189793,true,
1336,100,V4T000960,2,0.675891,0.655874,1.200000,0.364981,true,
1337,100,V4T000636,3,0.080404,0.655088,1.200000,0.164024,true,
1338,100,V4T001300,7,0.172922,0.657955,1.200000,0.352762,true,
1339,100,V4T000537,10,0.146521,0.659553,1.200000,0.175825,true,
1340,100,V4T000788,11,0.043537,0.659993,1.200000,0.088816,true,
1341,100,V4T002210,15,0.761526,0.663242,1.200000,0.411224,true,
1342,101,V4T000941,1,0.656775,0.598236,1.200000,1.339820,true,
1343,101,V4T001855,0,0.803720,0.599759,1.200000,1.639590,true,
1344,101,V4T000815,5,1.000000,0.602160,1.200000,1.200000,true,
1345,101,V4T002213,8,0.617076,0.605320,1.200000,1.258835,true,
1346,101,V4T001934,9,1.000000,0.604793,1.200000,1.200000,true,
1347,101,V4T001839,12,1.000000,0.606661,1.200000,1.200000,true,
1348,101,V4T001021,13,0.199860,0.608858,1.200000,0.407714,true,
1349,101,V4T002381,3,0.316580,0.600028,1.200000,0.645824,true,
1350,101,V4T000454,6,0.434928,0.601813,1.200000,0.887253,true,
1351,101,V4T000607,10,0.369501,0.603752,1.200000,0.753783,true,
1352,101,V4T001022,7,0.791223,0.602468,1.200000,0.949468,true,
1353,101,V4T000367,15,1.000000,0.607312,1.200000,1.200000,true,
1354,102,V4T001251,0,0.114622,0.595142,1.200000,0.233830,true,
1355,102,V4T001291,4,0.850675,0.597332,1.200000,0.459364,true,
1356,102,V4T000958,1,0.385376,0.593229,1.200000,0.462451,true,
1357,102,V4T001625,5,0.174849,0.596714,1.200000,0.209819,true,
1358,102,V4T001761,8,0.133662,0.600962,1.200000,0.160395,true,
1359,102,V4T002034,10,0.382688,0.599731,1.200000,0.459226,true,
1360,102,V4T000523,9,0.092502,0.601466,1.200000,0.111003,true,
1361,102,V4T001052,12,0.165033,0.602639,1.200000,0.198040,true,
1362,102,V4T002043,3,0.101226,0.593668,1.200000,0.121471,true,
1363,102,V4T001736,2,0.317922,0.594353,1.200000,0.381506,true,
1364,102,V4T001061,7,0.202237,0.597411,1.200000,0.412563,true,
1365,103,V4T002154,4,0.280249,0.532462,1.200000,0.336299,true,
1366,103,V4T002245,8,0.217244,0.536789,1.200000,0.443178,true,
1367,103,V4T000490,12,0.734552,0.540532,1.200000,0.881463,true,
1368,103,V4T000228,1,0.451096,0.531739,1.200000,0.541315,true,
1369,103,V4T002254,5,0.339595,0.533953,1.200000,0.407514,true,
1370,103,V4T001991,10,0.348744,0.536790,1.200000,0.418492,true,
1371,103,V4T001060,9,0.338313,0.538816,1.200000,0.405975,true,
1372,103,V4T001090,13,0.429129,0.540709,1.200000,0.514955,true,
1373,103,V4T000727,2,0.088983,0.529473,1.200000,0.181525,true,
1374,103,V4T001700,3,0.671327,0.530018,1.200000,0.805592,true,
1375,103,V4T002346,6,0.218890,0.532784,1.200000,0.446535,true,
1376,103,V4T000505,7,0.894282,0.532358,1.200000,1.073138,true,
1377,103,V4T000426,11,0.420896,0.536456,1.200000,0.505075,true,
1378,103,V4T000971,15,0.224637,0.540913,1.200000,0.458259,true,
1379,104,V4T001556,0,0.171099,0.540903,1.200000,0.349042,true,
1380,104,V4T000909,1,0.898346,0.538811,1.200000,0.485107,true,
1381,104,V4T000944,4,0.460443,0.541526,1.200000,0.552532,true,
1382,104,V4T000836,8,0.188425,0.545081,1.200000,0.384386,true,
1383,104,V4T001197,5,0.299236,0.542540,1.200000,0.610441,true,
1384,104,V4T002141,9,1.000000,0.546252,1.200000,1.200000,true,
1385,104,V4T000322,13,0.347534,0.547776,1.200000,0.417040,true,
1386,104,V4T000111,3,0.135549,0.540519,1.200000,0.276520,true,
1387,104,V4T001010,7,0.289527,0.540825,1.200000,0.347433,true,
1388,104,V4T000882,6,0.318038,0.542499,1.200000,0.381646,true,
1389,104,V4T001960,11,0.189413,0.544757,1.200000,0.386402,true,
1390,104,V4T002279,15,0.533134,0.549635,1.200000,0.639761,true,
1391,104,V4T000597,14,0.383703,0.548927,1.200000,0.460443,true,
1392,105,V4T000088,0,0.847630,0.528973,1.200000,0.457720,true,
1393,105,V4T001289,5,0.191470,0.532675,1.200000,0.229764,true,
1394,105,V4T000034,4,0.563263,0.533723,1.200000,0.675916,true,
1395,105,V4T001801,8,0.149626,0.535544,1.200000,0.305238,true,
1396,105,V4T001196,13,0.203483,0.537900,1.200000,0.244179,true,
1397,105,V4T001719,2,0.204618,0.528843,1.200000,0.245541,true,
1398,105,V4T001435,6,0.098047,0.531973,1.200000,0.117657,true,
1399,105,V4T001482,10,0.257509,0.534784,1.200000,0.309011,true,
1400,105,V4T002166,9,0.353442,0.536289,1.200000,0.424130,true,
1401,105,V4T002078,3,0.971585,0.528419,1.200000,0.524656,true,
1402,105,V4T001145,7,0.142560,0.531984,1.200000,0.290822,true,
1403,105,V4T001731,15,0.406960,0.538564,1.200000,0.219758,true,
1404,106,V4T000333,1,0.210131,0.572798,1.200000,0.252158,true,
1405,106,V4T001725,0,0.097645,0.572031,1.200000,0.199197,true,
1406,106,V4T001977,4,0.184904,0.574263,1.200000,0.221885,true,
1407,106,V4T001107,3,0.639379,0.571890,1.200000,0.345265,true,
1408,106,V4T002040,2,0.089554,0.572072,1.200000,0.182690,true,
1409,106,V4T001975,7,0.062260,0.574873,1.200000,0.127011,true,
1410,106,V4T001581,5,0.120960,0.575123,1.200000,0.145152,true,
1411,106,V4T002197,8,1.000000,0.577090,1.200000,0.360000,true,
1412,106,V4T001493,12,0.290205,0.578161,1.200000,0.348246,true,
1413,106,V4T001362,11,0.205930,0.575737,1.200000,0.247116,true,
1414,106,V4T000003,15,0.539337,0.578326,1.200000,0.647205,true,
1415,106,V4T002262,10,0.280686,0.577215,1.200000,0.336823,true,
1416,106,V4T000620,14,0.163835,0.578627,1.200000,0.196602,true,
1417,106,V4T001674,9,0.062247,0.577888,1.200000,0.126985,true,
1418,106,V4T000018,13,0.362381,0.578827,1.200000,0.195686,true,
1419,107,V4T002128,0,0.134846,0.552980,1.200000,0.275086,true,
1420,107,V4T000233,2,0.589295,0.552842,1.200000,0.707154,true,
1421,107,V4T000271,1,0.855147,0.553928,1.200000,1.026176,true,
1422,107,V4T001666,5,0.419763,0.554147,1.200000,0.503716,true,
1423,107,V4T000574,4,0.226205,0.554287,1.200000,0.271446,true,
1424,107,V4T001253,8,0.978088,0.556121,1.200000,0.528168,true,
1425,107,V4T001254,3,0.206811,0.553367,1.200000,0.248173,true,
1426,107,V4T000104,9,0.174735,0.557000,1.200000,0.356459,true,
1427,107,V4T001310,10,0.519140,0.557543,1.200000,0.622969,true,
1428,107,V4T000507,13,0.294574,0.558459,1.200000,0.353489,true,
1429,107,V4T000612,12,0.433132,0.559590,1.200000,0.519759,true,
1430,107,V4T001973,15,0.307112,0.558405,1.200000,0.368534,true,
1431,108,V4T000289,1,0.296952,0.562952,1.200000,0.356342,true,
1432,108,V4T000785,0,0.231275,0.562137,1.200000,0.471801,true,
1433,108,V4T000559,4,0.117471,0.564475,1.200000,0.140966,true,
1434,108,V4T000174,3,0.979225,0.562129,1.200000,0.528781,true,
1435,108,V4T000141,2,0.289185,0.562462,1.200000,0.589937,true,
1436,108,V4T001767,6,0.209386,0.564539,1.200000,0.251264,true,
1437,108,V4T002394,10,0.707188,0.565472,1.200000,0.381882,true,
1438,108,V4T002178,9,0.208667,0.566060,1.200000,0.250400,true,
1439,108,V4T001980,8,0.660099,0.565025,1.200000,0.356453,true,
1440,108,V4T001596,12,0.415309,0.566781,1.200000,0.498370,true,
1441,108,V4T000405,7,0.372155,0.563981,1.200000,0.446586,true,
1442,108,V4T001914,11,0.361005,0.565802,1.200000,0.433207,true,
1443,108,V4T001112,15,0.299563,0.566474,1.200000,0.611109,true,
1444,108,V4T000746,13,0.530433,0.567661,1.200000,0.636519,true,
1445,109,V4T000918,1,0.173532,0.564133,1.200000,0.208238,true,
1446,109,V4T002194,0,0.406101,0.565292,1.200000,0.219294,true,
1447,109,V4T001542,5,0.954262,0.567236,1.200000,0.343534,true,
1448,109,V4T000105,12,0.384657,0.570605,1.200000,0.207715,true,
1449,109,V4T002122,3,0.050945,0.565258,1.200000,0.061134,true,
1450,109,V4T000257,2,0.033477,0.565178,1.200000,0.068294,true,
1451,109,V4T000362,7,0.237442,0.567340,1.200000,0.284930,true,
1452,109,V4T001531,11,0.116598,0.568772,1.200000,0.237860,true,
1453,109,V4T001582,6,0.121514,0.567315,1.200000,0.247889,true,
1454,109,V4T000841,10,0.066555,0.569054,1.200000,0.135771,true,
1455,109,V4T000397,14,0.105579,0.570490,1.200000,0.215381,true,
1456,109,V4T001200,13,0.123805,0.570926,1.200000,0.148566,true,
1457,109,V4T001637,15,0.244480,0.570404,1.200000,0.293376,true,
1458,110,V4T000153,1,0.190152,0.557233,1.200000,0.228183,true,
1459,110,V4T000969,0,0.086361,0.557119,1.200000,0.176176,true,
1460,110,V4T001620,4,0.582973,0.558410,1.200000,0.314806,true,
1461,110,V4T000998,3,0.098439,0.556716,1.200000,0.200815,true,
1462,110,V4T001319,2,0.112278,0.556264,1.200000,0.134734,true,
1463,110,V4T000102,6,0.203672,0.558980,1.200000,0.244406,true,
1464,110,V4T001088,9,0.114431,0.561359,1.200000,0.137317,true,
1465,110,V4T002062,8,0.247953,0.561438,1.200000,0.297543,true,
1466,110,V4T001836,12,0.042355,0.563451,1.200000,0.086404,true,
1467,110,V4T000579,7,0.270252,0.559168,1.200000,0.324302,true,
1468,110,V4T001925,11,0.246232,0.560920,1.200000,0.295479,true,
1469,110,V4T000699,14,0.096567,0.563523,1.200000,0.196997,true,
1470,111,V4T000699,0,0.149442,0.581385,1.200000,0.304862,true,
1471,111,V4T001235,4,0.176740,0.583735,1.200000,0.212088,true,
1472,111,V4T001972,3,0.169530,0.581820,1.200000,0.203436,true,
1473,111,V4T000224,2,0.447075,0.582330,1.200000,0.536490,true,
1474,111,V4T000820,1,0.427656,0.582514,1.200000,0.513188,true,
1475,111,V4T000265,5,0.112106,0.583466,1.200000,0.134527,true,
1476,111,V4T000928,9,0.260551,0.585059,1.200000,0.312661,true,
1477,111,V4T002132,8,0.313824,0.587061,1.200000,0.376589,true,
1478,111,V4T001453,6,0.126601,0.584364,1.200000,0.258267,true,
1479,111,V4T001142,11,0.855007,0.586351,1.200000,1.026009,true,
1480,111,V4T000851,10,0.177165,0.586931,1.200000,0.212598,true,
1481,111,V4T001417,14,0.123917,0.588067,1.200000,0.252791,true,
1482,111,V4T002267,12,0.489291,0.588830,1.200000,0.264217,true,
1483,111,V4T002130,15,0.231425,0.587699,1.200000,0.277709,true,
1484,112,V4T000073,0,0.286635,0.602082,1.200000,0.584736,true,
1485,112,V4T002200,2,1.000000,0.602043,1.200000,1.200000,true,
1486,112,V4T000785,1,0.494933,0.601491,1.200000,1.009663,true,
1487,112,V4T002212,5,0.405072,0.603553,1.200000,0.486086,true,
1488,112,V4T001583,4,0.495725,0.604304,1.200000,1.011279,true,
1489,112,V4T000994,8,0.489339,0.606673,1.200000,0.587207,true,
1490,112,V4T000424,12,0.740603,0.608408,1.200000,0.888723,true,
1491,112,V4T000141,3,0.617749,0.600758,1.200000,1.260207,true,
1492,112,V4T002344,7,1.000000,0.604424,1.200000,1.200000,true,
1493,112,V4T002178,11,0.446609,0.605768,1.200000,0.535930,true,
1494,112,V4T001980,9,1.000000,0.605165,1.200000,0.540000,true,
1495,112,V4T001726,14,1.000000,0.608517,1.200000,1.200000,true,
1496,112,V4T000299,13,0.786179,0.608890,1.200000,0.943415,true,
1497,112,V4T002096,15,0.611805,0.608732,1.200000,0.734166,true,
1498,113,V4T002025,0,0.486503,0.618848,1.200000,0.583803,true,
1499,113,V4T000133,4,0.547593,0.622980,1.200000,0.657111,true,
1500,113,V4T000865,8,0.393537,0.624755,1.200000,0.472245,true,
1501,113,V4T001707,9,0.110347,0.624295,1.200000,0.225108,true,
1502,113,V4T001363,12,0.238208,0.626069,1.200000,0.285849,true,
1503,113,V4T001671,3,0.233943,0.618531,1.200000,0.280732,true,
1504,113,V4T000829,2,0.137346,0.619791,1.200000,0.280186,true,
1505,113,V4T002125,6,0.279883,0.621905,1.200000,0.335859,true,
1506,113,V4T001622,5,0.507640,0.621927,1.200000,0.609168,true,
1507,113,V4T000680,13,0.173400,0.626107,1.200000,0.208081,true,
1508,113,V4T002330,7,0.375889,0.622353,1.200000,0.451067,true,
1509,113,V4T001892,14,0.072895,0.626948,1.200000,0.148705,true,
1510,114,V4T001073,1,0.316795,0.648353,1.200000,0.380154,true,
1511,114,V4T000084,0,0.248870,0.649041,1.200000,0.507695,true,
1512,114,V4T001897,3,0.614146,0.648641,1.200000,0.736975,true,
1513,114,V4T001883,2,0.257488,0.648312,1.200000,0.308986,true,
1514,114,V4T000897,6,0.452097,0.651011,1.200000,0.542517,true,
1515,114,V4T001946,4,0.756915,0.652065,1.200000,0.908298,true,
1516,114,V4T002252,12,0.267243,0.655925,1.200000,0.320692,true,
1517,114,V4T001004,7,0.261465,0.650679,1.200000,0.313758,true,
1518,114,V4T001923,11,0.399919,0.652652,1.200000,0.479903,true,
1519,114,V4T001524,10,0.173805,0.652963,1.200000,0.354562,true,
1520,114,V4T000843,14,0.270619,0.655608,1.200000,0.552064,true,
1521,114,V4T001864,13,0.851324,0.655760,1.200000,0.459715,true,
1522,115,V4T000315,0,0.139122,0.594311,1.000000,0.236507,true,
1523,115,V4T001420,4,0.150230,0.596963,1.000000,0.150230,true,
1524,115,V4T001925,5,0.262749,0.598546,1.000000,0.262749,true,
1525,115,V4T002022,8,1.000000,0.601308,1.000000,0.300000,true,
1526,115,V4T000699,12,0.103279,0.602690,1.000000,0.175574,true,
1527,115,V4T000048,3,0.071041,0.594247,1.000000,0.120771,true,
1528,115,V4T000924,7,0.110969,0.597570,1.000000,0.110969,true,
1529,115,V4T001595,6,0.059429,0.598456,1.000000,0.101030,true,
1530,115,V4T000406,10,0.423741,0.601106,1.000000,0.190683,true,
1531,115,V4T000343,11,0.298008,0.600754,1.000000,0.134103,true,
1532,115,V4T000207,14,0.075757,0.603456,1.000000,0.128786,true,
1533,115,V4T000038,13,0.131951,0.603831,1.000000,0.131951,true,
1534,116,V4T002133,1,0.442300,0.612218,1.200000,0.902292,true,
1535,116,V4T001026,5,0.936542,0.614515,1.200000,1.123850,true,
1536,116,V4T001368,9,0.791986,0.615547,1.200000,0.950384,true,
1537,116,V4T001284,4,0.358565,0.615368,1.200000,0.731473,true,
1538,116,V4T002017,3,0.757224,0.611156,1.200000,0.908668,true,
1539,116,V4T002233,2,1.000000,0.612817,1.200000,0.540000,true,
1540,116,V4T000314,6,0.958452,0.614578,1.200000,1.150142,true,
1541,116,V4T001176,10,0.093888,0.617131,1.200000,0.191531,true,
1542,116,V4T000212,12,0.376367,0.619422,1.200000,0.451640,true,
1543,116,V4T001662,11,0.644577,0.616939,1.200000,1.314937,true,
1544,116,V4T000113,15,0.631228,0.617880,1.200000,0.757473,true,
1545,117,V4T000283,0,0.206042,0.540129,1.000000,0.206042,true,
1546,117,V4T000230,4,0.354576,0.544460,1.000000,0.354576,true,
1547,117,V4T000006,8,0.595541,0.547969,1.000000,0.595541,true,
1548,117,V4T000253,2,1.000000,0.540446,1.000000,1.000000,true,
1549,117,V4T001027,5,1.000000,0.544930,1.000000,1.000000,true,
1550,117,V4T001717,9,0.404371,0.547487,1.000000,0.687431,true,
1551,117,V4T000724,13,0.919240,0.549676,1.000000,0.919240,true,
1552,117,V4T001529,12,0.517223,0.550975,1.000000,0.517223,true,
1553,117,V4T000627,3,0.708328,0.539264,1.000000,0.708328,true,
1554,117,V4T000150,6,1.000000,0.544927,1.000000,0.450000,true,
1555,117,V4T002250,11,0.668399,0.548136,1.000000,0.668399,true,
1556,117,V4T000555,10,1.000000,0.549111,1.000000,0.450000,true,
1557,117,V4T002067,15,0.620969,0.550635,1.000000,0.620969,true,
1558,117,V4T000621,14,0.150186,0.550707,1.000000,0.255315,true,
1559,118,V4T001219,0,0.375864,0.568087,1.000000,0.169139,true,
1560,118,V4T000105,8,0.389140,0.577254,1.000000,0.175113,true,
1561,118,V4T001393,12,0.519458,0.579964,1.000000,0.519458,true,
1562,118,V4T001650,2,0.871694,0.569883,1.000000,0.392262,true,
1563,118,V4T000825,3,0.244080,0.569064,1.000000,0.244080,true,
1564,118,V4T001624,6,0.269352,0.573058,1.000000,0.269352,true,
1565,118,V4T000754,7,0.451652,0.572251,1.000000,0.451652,true,
1566,118,V4T001053,11,0.547218,0.575164,1.000000,0.246248,true,
1567,118,V4T001981,10,0.644788,0.574487,1.000000,0.290155,true,
1568,118,V4T002387,15,0.633251,0.579005,1.000000,0.284963,true,
1569,119,V4T001390,1,1.000000,0.551112,1.000000,0.300000,true,
1570,119,V4T000860,5,0.180780,0.556514,1.000000,0.180780,true,
1571,119,V4T001574,13,0.182743,0.564038,1.000000,0.182743,true,
1572,119,V4T001587,3,0.106818,0.552470,1.000000,0.106818,true,
1573,119,V4T001239,2,0.127054,0.550045,1.000000,0.127054,true,
1574,119,V4T001843,6,1.000000,0.554764,1.000000,0.300000,true,
1575,119,V4T000740,7,0.654321,0.556717,1.000000,0.294444,true,
1576,119,V4T002360,10,0.295714,0.559447,1.000000,0.295714,true,
1577,119,V4T002001,9,1.000000,0.561179,1.000000,0.300000,true,
1578,119,V4T001293,15,0.731292,0.561963,1.000000,0.329081,true,
1579,119,V4T000145,14,0.687481,0.562242,1.000000,0.309366,true,
1580,119,V4T000164,11,1.000000,0.557957,1.000000,0.300000,true,
1581,120,V4T000977,15,0.784045,0.624631,1.200000,0.940854,true,
1582,120,V4T000693,11,0.976518,0.619565,1.200000,1.171821,true,
1583,120,V4T001150,7,0.548466,0.617112,1.200000,0.658159,true,
1584,120,V4T000325,13,0.272461,0.624097,1.200000,0.326954,true,
1585,120,V4T002224,14,0.851278,0.623951,1.200000,0.459690,true,
1586,120,V4T000951,10,0.659070,0.619998,1.200000,0.790884,true,
1587,120,V4T000125,2,0.350652,0.615495,1.200000,0.420782,true,
1588,120,V4T001137,12,1.000000,0.623326,1.200000,0.540000,true,
1589,120,V4T000995,9,1.000000,0.621343,1.200000,1.200000,true,
1590,120,V4T001773,8,0.663502,0.620020,1.200000,0.796202,true,
1591,120,V4T000549,0,0.301455,0.614542,1.200000,0.614968,true,
1592,121,V4T001048,7,0.104498,0.638601,1.200000,0.213175,true,
1593,121,V4T001274,14,0.288656,0.644207,1.200000,0.346388,true,
1594,121,V4T000844,9,0.145842,0.641244,1.200000,0.175010,true,
1595,121,V4T000912,10,0.753137,0.640877,1.200000,0.406694,true,
1596,121,V4T001845,5,0.064743,0.639206,1.200000,0.132076,true,
1597,121,V4T001804,6,0.073876,0.638014,1.200000,0.088651,true,
1598,121,V4T000664,2,0.219334,0.636351,1.200000,0.263201,true,
1599,121,V4T002207,12,0.231749,0.643110,1.200000,0.278098,true,
1600,121,V4T000584,8,0.053679,0.642476,1.200000,0.109506,true,
1601,121,V4T000848,4,0.257860,0.637662,1.200000,0.309432,true,
1602,121,V4T001670,0,0.143543,0.636100,1.200000,0.172252,true,
1603,121,V4T001041,1,0.283436,0.636341,1.200000,0.340124,true,
1604,122,V4T001048,7,0.533285,0.651798,1.200000,1.087902,true,
1605,122,V4T001274,14,1.000000,0.656996,1.200000,1.200000,true,
1606,122,V4T000556,10,0.661267,0.655028,1.200000,0.793520,true,
1607,122,V4T000844,9,0.744145,0.654378,1.200000,0.892974,true,
1608,122,V4T001845,5,0.330482,0.652567,1.200000,0.674183,true,
1609,122,V4T001804,6,0.377125,0.651390,1.200000,0.452550,true,
1610,122,V4T000664,2,1.000000,0.649898,1.200000,1.200000,true,
1611,122,V4T002207,12,1.000000,0.656225,1.200000,1.200000,true,
1612,122,V4T000584,8,0.273910,0.655673,1.200000,0.558776,true,
1613,122,V4T000848,4,1.000000,0.651337,1.200000,1.200000,true,
1614,122,V4T001041,1,1.000000,0.650044,1.200000,1.200000,true,
1615,122,V4T001670,0,0.733310,0.649921,1.200000,0.879972,true,
1616,123,V4T002298,15,0.788371,0.641717,1.200000,0.946045,true,
1617,123,V4T000921,3,0.555906,0.633509,1.200000,0.667087,true,
1618,123,V4T000716,14,1.000000,0.642339,1.200000,1.200000,true,
1619,123,V4T001955,11,1.000000,0.638868,1.200000,2.040000,true,
1620,123,V4T001505,10,0.735233,0.638190,1.200000,0.882280,true,
1621,123,V4T002129,6,0.434527,0.636892,1.200000,0.521432,true,
1622,123,V4T001974,7,1.000000,0.635678,1.200000,0.540000,true,
1623,123,V4T000879,2,0.795703,0.633958,1.200000,1.623234,true,
1624,123,V4T001456,13,0.378025,0.642555,1.200000,0.771172,true,
1625,123,V4T000249,9,1.000000,0.639434,1.200000,1.200000,true,
1626,123,V4T001506,5,0.960296,0.635990,1.200000,1.152355,true,
1627,123,V4T000913,1,0.287874,0.634849,1.200000,0.587263,true,
1628,123,V4T000608,0,0.877118,0.633865,1.200000,1.052542,true,
1629,123,V4T001748,4,0.844110,0.636425,1.200000,1.012932,true,
1630,124,V4T002102,15,0.447666,0.635429,1.200000,0.537199,true,
1631,124,V4T001570,14,0.482644,0.634682,1.200000,0.579172,true,
1632,124,V4T001372,11,1.000000,0.633133,1.200000,0.360000,true,
1633,124,V4T000368,7,0.690307,0.630834,1.200000,0.828369,true,
1634,124,V4T000891,3,0.614750,0.629615,1.200000,0.737700,true,
1635,124,V4T001106,13,0.518517,0.636001,1.200000,0.622220,true,
1636,124,V4T000824,8,1.000000,0.633224,1.200000,1.200000,true,
1637,124,V4T001236,9,0.960029,0.632962,1.200000,1.152035,true,
1638,124,V4T000172,5,1.000000,0.631950,1.200000,1.200000,true,
1639,124,V4T001825,6,0.164783,0.631197,1.200000,0.336158,true,
1640,124,V4T001829,1,0.327091,0.629298,1.200000,0.667266,true,
1641,124,V4T001643,4,0.364506,0.631112,1.200000,0.743593,true,
1642,125,V4T002097,15,1.000000,0.647335,1.200000,0.540000,true,
1643,125,V4T000636,7,0.236904,0.643389,1.200000,0.483284,true,
1644,125,V4T001300,3,0.505898,0.641633,1.200000,1.032031,true,
1645,125,V4T001840,2,1.000000,0.642655,1.200000,0.540000,true,
1646,125,V4T000417,14,0.242171,0.647172,1.200000,0.494029,true,
1647,125,V4T001425,13,1.000000,0.647158,1.200000,1.200000,true,
1648,125,V4T001677,1,0.712218,0.642473,1.200000,0.854661,true,
1649,125,V4T001267,12,0.235819,0.646685,1.200000,0.282982,true,
1650,125,V4T000800,8,0.306487,0.645446,1.200000,0.625233,true,
1651,125,V4T001204,4,0.232229,0.643786,1.200000,0.473746,true,
1652,125,V4T001872,0,0.614609,0.642350,1.200000,0.737531,true,
1653,126,V4T000889,11,1.000000,0.716469,1.200000,1.200000,true,
1654,126,V4T000835,3,0.297063,0.713607,1.200000,0.606009,true,
1655,126,V4T000802,15,0.377564,0.717973,1.200000,0.453077,true,
1656,126,V4T001501,14,0.319312,0.717804,1.200000,0.383174,true,
1657,126,V4T000485,10,0.213117,0.715936,1.200000,0.434760,true,
1658,126,V4T000434,9,1.000000,0.715864,1.200000,0.540000,true,
1659,126,V4T001471,6,0.748974,0.715352,1.200000,0.898769,true,
1660,126,V4T000568,7,0.361819,0.714589,1.200000,0.738112,true,
1661,126,V4T002335,1,0.189715,0.713650,1.200000,0.387018,true,
1662,126,V4T001959,2,1.000000,0.713869,1.200000,1.200000,true,
1663,126,V4T001282,8,0.446583,0.716107,1.200000,0.911029,true,
1664,126,V4T001703,5,0.386457,0.715260,1.200000,0.463748,true,
1665,126,V4T001876,0,0.307890,0.713400,1.200000,0.628095,true,
1666,127,V4T000597,7,0.157943,0.677863,1.200000,0.189532,true,
1667,127,V4T000882,15,0.133083,0.681026,1.200000,0.159700,true,
1668,127,V4T001960,14,0.078879,0.680577,1.200000,0.160914,true,
1669,127,V4T001135,10,0.681577,0.678912,1.200000,0.368052,true,
1670,127,V4T001104,9,0.588786,0.678332,1.200000,0.317944,true,
1671,127,V4T001261,6,0.239960,0.676592,1.200000,0.287952,true,
1672,127,V4T001774,1,0.605906,0.675582,1.200000,0.327189,true,
1673,127,V4T000487,13,0.142830,0.680723,1.200000,0.171396,true,
1674,127,V4T001238,8,0.138337,0.678075,1.200000,0.282208,true,
1675,127,V4T002368,4,0.089828,0.677219,1.200000,0.183250,true,
1676,127,V4T000001,0,0.108538,0.675379,1.200000,0.130246,true,
1677,128,V4T002341,14,1.000000,0.684616,1.200000,0.540000,true,
1678,128,V4T002368,15,0.272269,0.684215,1.200000,0.555429,true,
1679,128,V4T000001,11,0.329053,0.682512,1.200000,0.394864,true,
1680,128,V4T000065,2,0.162488,0.679721,1.200000,0.331476,true,
1681,128,V4T001209,9,1.000000,0.683200,1.200000,0.540000,true,
1682,128,V4T000034,6,1.000000,0.681797,1.200000,1.200000,true,
1683,128,V4T001801,5,0.380521,0.680983,1.200000,0.776263,true,
1684,128,V4T000359,8,0.615402,0.682324,1.200000,0.738482,true,
1685,128,V4T002166,4,0.897476,0.680885,1.200000,1.076971,true,
1686,128,V4T001196,0,0.514506,0.680042,1.200000,0.617408,true,
1687,129,V4T002144,3,0.600882,0.703030,1.200000,0.721058,true,
1688,129,V4T001326,7,1.000000,0.703349,1.200000,1.200000,true,
1689,129,V4T000325,2,0.409303,0.703159,1.200000,0.491164,true,
1690,129,V4T001721,15,0.241271,0.704217,1.200000,0.492192,true,
1691,129,V4T000678,10,1.000000,0.703841,1.200000,1.200000,true,
1692,129,V4T001520,6,1.000000,0.703644,1.200000,0.540000,true,
1693,129,V4T000662,5,0.569165,0.703597,1.200000,1.161096,true,
1694,129,V4T000696,4,0.896826,0.703764,1.200000,1.076191,true,
1695,129,V4T001773,0,1.000000,0.703087,1.200000,1.200000,true,
1696,129,V4T002265,13,0.800611,0.704325,1.200000,0.960734,true,
1697,129,V4T000429,12,0.519467,0.704351,1.200000,0.623361,true,
1698,129,V4T001807,8,0.382557,0.703940,1.200000,0.459068,true,
1699,130,V4T000975,13,1.000000,0.689276,1.200000,1.200000,true,
1700,130,V4T000847,14,0.898129,0.689360,1.200000,1.077755,true,
1701,130,V4T001057,10,0.330087,0.689302,1.200000,0.396105,true,
1702,130,V4T001605,11,0.613098,0.689357,1.200000,0.735717,true,
1703,130,V4T000098,7,0.853385,0.689321,1.200000,1.024062,true,
1704,130,V4T001166,6,1.000000,0.689216,1.200000,1.200000,true,
1705,130,V4T001359,3,0.878518,0.689249,1.200000,1.054222,true,
1706,130,V4T002225,12,1.000000,0.689103,1.200000,1.200000,true,
1707,130,V4T000068,8,0.422348,0.689119,1.200000,0.506817,true,
1708,130,V4T000246,1,0.742112,0.689018,1.200000,0.890534,true,
1709,130,V4T002371,5,0.846192,0.689113,1.200000,1.015430,true,
1710,130,V4T002239,2,0.570258,0.689085,1.200000,0.684310,true,
1711,130,V4T000813,4,0.334732,0.688854,1.200000,0.682853,true,
1712,130,V4T001928,0,1.000000,0.688882,1.200000,0.540000,true,
1713,131,V4T000333,7,0.853260,0.581476,1.000000,0.853260,true,
1714,131,V4T001725,3,0.396221,0.580290,1.000000,0.673576,true,
1715,131,V4T001581,2,0.488131,0.580223,1.000000,0.488131,true,
1716,131,V4T000741,15,0.902218,0.587617,1.000000,0.902218,true,
1717,131,V4T001975,14,0.254920,0.588442,1.000000,0.433364,true,
1718,131,V4T002040,11,0.366222,0.584858,1.000000,0.622577,true,
1719,131,V4T002148,10,1.000000,0.586085,1.000000,0.450000,true,
1720,131,V4T001493,1,1.000000,0.579157,1.000000,1.000000,true,
1721,131,V4T001362,13,0.840129,0.587207,1.000000,0.840129,true,
1722,131,V4T000620,8,0.662223,0.584706,1.000000,0.662223,true,
1723,131,V4T002262,9,1.000000,0.584584,1.000000,1.000000,true,
1724,131,V4T000268,4,0.495165,0.582613,1.000000,0.495165,true,
1725,131,V4T001674,5,0.250523,0.581447,1.000000,0.425889,true,
1726,131,V4T000965,12,1.000000,0.587055,1.000000,0.450000,true,
1727,132,V4T000250,10,0.157177,0.623828,1.000000,0.157177,true,
1728,132,V4T000697,7,0.378670,0.622553,1.000000,0.170401,true,
1729,132,V4T001125,3,0.232934,0.618214,1.000000,0.232934,true,
1730,132,V4T001824,9,0.355360,0.625457,1.000000,0.355360,true,
1731,132,V4T002169,6,0.060777,0.622841,1.000000,0.103321,true,
1732,132,V4T000262,1,1.000000,0.619471,1.000000,0.300000,true,
1733,132,V4T001308,0,0.083431,0.618711,1.000000,0.141832,true,
1734,132,V4T001613,2,0.307580,0.618115,1.000000,0.307580,true,
1735,132,V4T001332,12,0.164893,0.627535,1.000000,0.164893,true,
1736,132,V4T000863,8,0.223612,0.625172,1.000000,0.223612,true,
1737,132,V4T000526,4,0.143407,0.621472,1.000000,0.143407,true,
1738,133,V4T001465,7,0.291883,0.613845,1.000000,0.496202,true,
1739,133,V4T000237,3,1.000000,0.611042,1.000000,0.450000,true,
1740,133,V4T000969,2,0.570142,0.613003,1.000000,0.969242,true,
1741,133,V4T000012,15,0.836634,0.620095,1.000000,0.836634,true,
1742,133,V4T001403,11,1.000000,0.618423,1.000000,1.000000,true,
1743,133,V4T000153,6,1.000000,0.615472,1.000000,1.000000,true,
1744,133,V4T000315,13,0.871930,0.620798,1.000000,1.482282,true,
1745,133,V4T001319,14,0.751216,0.620296,1.000000,0.751216,true,
1746,133,V4T000570,8,0.482149,0.619129,1.000000,0.482149,true,
1747,133,V4T000102,9,1.000000,0.618265,1.000000,1.000000,true,
1748,133,V4T001088,4,0.752826,0.615516,1.000000,0.752826,true,
1749,133,V4T002062,0,1.000000,0.612838,1.000000,1.000000,true,
1750,133,V4T001420,12,0.936828,0.620437,1.000000,0.936828,true,
1751,134,V4T000618,3,1.000000,0.635656,1.000000,1.000000,true,
1752,134,V4T001164,7,0.540128,0.638265,1.000000,0.540128,true,
1753,134,V4T002073,2,1.000000,0.636235,1.000000,1.000000,true,
1754,134,V4T000950,15,0.670175,0.643696,1.000000,0.670175,true,
1755,134,V4T002156,14,0.632934,0.643332,1.000000,0.632934,true,
1756,134,V4T001848,10,0.271115,0.640841,1.000000,0.271115,true,
1757,134,V4T001938,9,0.459318,0.642431,1.000000,0.459318,true,
1758,134,V4T001403,6,0.706187,0.638617,1.000000,0.706187,true,
1759,134,V4T000153,0,0.651612,0.636507,1.000000,0.651612,true,
1760,134,V4T001468,13,0.242783,0.644077,1.000000,0.412731,true,
1761,134,V4T000998,8,0.340522,0.641937,1.000000,0.578887,true,
1762,134,V4T001770,4,1.000000,0.640087,1.000000,0.450000,true,
1763,135,V4T001251,4,0.419232,0.725577,1.200000,0.855233,true,
1764,135,V4T002248,8,1.000000,0.726593,1.200000,0.540000,true,
1765,135,V4T000476,12,0.352127,0.727464,1.200000,0.718340,true,
1766,135,V4T001920,5,1.000000,0.725196,1.200000,1.200000,true,
1767,135,V4T000227,6,0.694875,0.725844,1.200000,0.833850,true,
1768,135,V4T001625,10,0.638288,0.726104,1.200000,0.765946,true,
1769,135,V4T001761,13,0.485458,0.727561,1.200000,0.582550,true,
1770,135,V4T000523,14,0.335750,0.727702,1.200000,0.402900,true,
1771,135,V4T001732,2,0.922534,0.724073,1.200000,0.498168,true,
1772,135,V4T002043,3,0.370829,0.724946,1.200000,0.444995,true,
1773,135,V4T000666,7,1.000000,0.725264,1.200000,0.360000,true,
1774,135,V4T001061,11,0.737525,0.726220,1.200000,1.504550,true,
1775,136,V4T002153,7,0.266660,0.652163,1.000000,0.453321,true,
1776,136,V4T000438,3,0.691306,0.651147,1.000000,1.175221,true,
1777,136,V4T001885,15,0.488361,0.659594,1.000000,0.488361,true,
1778,136,V4T000769,11,0.371508,0.656836,1.000000,0.631563,true,
1779,136,V4T001517,10,1.000000,0.656238,1.000000,1.000000,true,
1780,136,V4T000056,6,0.884574,0.654211,1.000000,1.503776,true,
1781,136,V4T000467,2,0.861186,0.650423,1.000000,1.464016,true,
1782,136,V4T000236,1,1.000000,0.650228,1.000000,1.000000,true,
1783,136,V4T000520,5,1.000000,0.654166,1.000000,1.000000,true,
1784,136,V4T002138,4,0.953136,0.654287,1.000000,0.953136,true,
1785,136,V4T000392,0,0.606375,0.650226,1.000000,1.030838,true,
1786,136,V4T000348,13,1.000000,0.660783,1.000000,0.450000,true,
1787,137,V4T000566,11,0.192380,0.666008,1.000000,0.192380,true,
1788,137,V4T001958,7,0.147278,0.662827,1.000000,0.147278,true,
1789,137,V4T000134,2,0.408598,0.660868,1.000000,0.408598,true,
1790,137,V4T001249,15,0.136422,0.668607,1.000000,0.136422,true,
1791,137,V4T002191,9,0.247229,0.665401,1.000000,0.247229,true,
1792,137,V4T001631,6,0.159083,0.663118,1.000000,0.159083,true,
1793,137,V4T001097,5,0.363467,0.663769,1.000000,0.363467,true,
1794,137,V4T001816,1,0.107465,0.660690,1.000000,0.182690,true,
1795,137,V4T000874,4,0.785269,0.663297,1.000000,0.353371,true,
1796,137,V4T001074,0,0.113621,0.661966,1.000000,0.113621,true,
1797,137,V4T000981,14,0.263754,0.668834,1.000000,0.263754,true,
1798,137,V4T002077,13,0.582012,0.669606,1.000000,0.261906,true,
1799,137,V4T001305,8,0.246581,0.666318,1.000000,0.246581,true,
1800,137,V4T002004,12,1.000000,0.670540,1.000000,0.300000,true,
1801,138,V4T000964,0,0.259258,0.629024,1.000000,0.440738,true,
1802,138,V4T000373,4,1.000000,0.630853,1.000000,0.450000,true,
1803,138,V4T001793,8,0.786086,0.634234,1.000000,1.336346,true,
1804,138,V4T000076,1,0.649232,0.628275,1.000000,0.649232,true,
1805,138,V4T002379,5,0.301259,0.631714,1.000000,0.512140,true,
1806,138,V4T000675,6,0.315130,0.631601,1.000000,0.535720,true,
1807,138,V4T001987,9,0.223207,0.635047,1.000000,0.379452,true,
1808,138,V4T000894,10,1.000000,0.632885,1.000000,1.000000,true,
1809,138,V4T000898,13,1.000000,0.636079,1.000000,1.000000,true,
1810,138,V4T000892,3,0.430221,0.627017,1.000000,0.430221,true,
1811,138,V4T000547,2,0.593590,0.628288,1.000000,0.593590,true,
1812,138,V4T002075,7,0.392218,0.630900,1.000000,0.666770,true,
1813,138,V4T001919,11,0.917569,0.633269,1.000000,0.917569,true,
1814,138,V4T001428,15,1.000000,0.635477,1.000000,0.450000,true,
1815,139,V4T001939,4,1.000000,0.707183,1.000000,0.450000,true,
1816,139,V4T002332,12,0.897621,0.711673,1.000000,0.897621,true,
1817,139,V4T001960,2,0.489168,0.703431,1.000000,0.831585,true,
1818,139,V4T002279,6,1.000000,0.707452,1.000000,1.000000,true,
1819,139,V4T000597,5,0.987504,0.706364,1.000000,0.987504,true,
1820,139,V4T001261,9,1.000000,0.708598,1.000000,1.000000,true,
1821,139,V4T000001,14,0.686765,0.712234,1.000000,0.686765,true,
1822,139,V4T000718,13,1.000000,0.712654,1.000000,1.000000,true,
1823,139,V4T000487,3,0.886349,0.704053,1.000000,0.886349,true,
1824,139,V4T001238,11,0.867797,0.708932,1.000000,1.475256,true,
1825,139,V4T000594,15,1.000000,0.710732,1.000000,1.000000,true,
1826,140,V4T001484,3,0.762194,0.758129,1.000000,0.762194,true,
1827,140,V4T001413,2,0.553599,0.758022,1.000000,0.553599,true,
1828,140,V4T002382,11,0.197033,0.765512,1.000000,0.334956,true,
1829,140,V4T001958,10,0.339301,0.763516,1.000000,0.339301,true,
1830,140,V4T002214,9,0.234698,0.764895,1.000000,0.398987,true,
1831,140,V4T001808,5,0.212495,0.762570,1.000000,0.212495,true,
1832,140,V4T000338,1,1.000000,0.759570,1.000000,0.450000,true,
1833,140,V4T000450,4,0.369035,0.761384,1.000000,0.369035,true,
1834,140,V4T002101,0,0.277304,0.759456,1.000000,0.277304,true,
1835,140,V4T001249,15,0.313469,0.768160,1.000000,0.313469,true,
1836,140,V4T002191,13,0.570207,0.767338,1.000000,0.570207,true,
1837,140,V4T001816,8,0.248423,0.763650,1.000000,0.422320,true,
1838,140,V4T000653,12,1.000000,0.766730,1.000000,0.450000,true,
1839,141,V4T001881,3,0.612182,0.740730,1.200000,0.734618,true,
1840,141,V4T002357,2,0.369226,0.740659,1.200000,0.753221,true,
1841,141,V4T000527,1,1.000000,0.741447,1.200000,1.200000,true,
1842,141,V4T001524,0,0.394809,0.741624,1.200000,0.805410,true,
1843,141,V4T000886,11,1.000000,0.743296,1.200000,0.360000,true,
1844,141,V4T000809,7,0.782319,0.741366,1.200000,0.938782,true,
1845,141,V4T001396,10,0.759691,0.743332,1.200000,0.911629,true,
1846,141,V4T000095,6,0.320993,0.741751,1.200000,0.654825,true,
1847,141,V4T001125,9,1.000000,0.743439,1.200000,1.200000,true,
1848,141,V4T000955,5,0.706129,0.742076,1.200000,0.847355,true,
1849,141,V4T000206,4,0.578558,0.742148,1.200000,0.694269,true,
1850,141,V4T000250,14,0.751223,0.745394,1.200000,0.901468,true,
1851,141,V4T001684,8,1.000000,0.743462,1.200000,1.200000,true,
1852,142,V4T000634,1,0.033493,0.716806,1.200000,0.068327,true,
1853,142,V4T002029,0,0.544784,0.716877,1.200000,0.294183,true,
1854,142,V4T002095,3,0.087304,0.717825,1.200000,0.178100,true,
1855,142,V4T000707,2,0.090901,0.717551,1.200000,0.185439,true,
1856,142,V4T001509,6,0.704866,0.719040,1.200000,0.380628,true,
1857,142,V4T001015,5,0.143031,0.719312,1.200000,0.171637,true,
1858,142,V4T000251,4,0.109758,0.719601,1.200000,0.131709,true,
1859,142,V4T001082,8,0.270432,0.720775,1.200000,0.324518,true,
1860,142,V4T000272,7,0.349644,0.718682,1.200000,0.419573,true,
1861,142,V4T002237,15,0.162893,0.722655,1.200000,0.195471,true,
1862,142,V4T001045,14,0.167656,0.722324,1.200000,0.342019,true,
1863,142,V4T002343,9,1.000000,0.720599,1.200000,0.540000,true,
1864,142,V4T001832,13,0.289235,0.723006,1.200000,0.347082,true,
1865,143,V4T001972,2,0.552293,0.710794,1.200000,0.662752,true,
1866,143,V4T000207,1,0.356928,0.710798,1.200000,0.728133,true,
1867,143,V4T000265,0,0.364308,0.711029,1.200000,0.437169,true,
1868,143,V4T001295,4,0.214470,0.712305,1.200000,0.437519,true,
1869,143,V4T002029,7,1.000000,0.712170,1.200000,0.540000,true,
1870,143,V4T002120,3,1.000000,0.710654,1.200000,1.200000,true,
1871,143,V4T000931,6,1.000000,0.711647,1.200000,1.200000,true,
1872,143,V4T001453,5,0.411640,0.712514,1.200000,0.839746,true,
1873,143,V4T000851,9,0.575467,0.714926,1.200000,0.690560,true,
1874,143,V4T001417,8,0.402159,0.715691,1.200000,0.820405,true,
1875,143,V4T001549,15,1.000000,0.716428,1.200000,1.200000,true,
1876,143,V4T000251,11,0.436227,0.715005,1.200000,0.523473,true,
1877,143,V4T000177,10,0.234887,0.715255,1.200000,0.479169,true,
1878,143,V4T000404,14,0.647466,0.716965,1.200000,0.776959,true,
1879,143,V4T002130,13,0.752162,0.716289,1.200000,0.902594,true,
1880,143,V4T002002,12,0.211904,0.717404,1.200000,0.432285,true,
1881,144,V4T001602,1,0.238148,0.632507,1.200000,0.285777,true,
1882,144,V4T000673,5,0.308719,0.635923,1.200000,0.370463,true,
1883,144,V4T000927,4,0.352782,0.636494,1.200000,0.190502,true,
1884,144,V4T001962,9,0.602545,0.639363,1.200000,0.723054,true,
1885,144,V4T001202,8,1.000000,0.639887,1.200000,0.360000,true,
1886,144,V4T001145,12,0.114946,0.643408,1.200000,0.234490,true,
1887,144,V4T000871,2,0.052176,0.632754,1.200000,0.106439,true,
1888,144,V4T000942,6,1.000000,0.633635,1.200000,0.360000,true,
1889,144,V4T002124,3,0.216866,0.632705,1.200000,0.260239,true,
1890,144,V4T001645,7,0.275777,0.633368,1.200000,0.330932,true,
1891,144,V4T000827,11,0.313168,0.638951,1.200000,0.375801,true,
1892,144,V4T001540,15,0.432376,0.643036,1.200000,0.233483,true,
1893,145,V4T000732,2,0.222248,0.346216,1.200000,0.453385,true,
1894,145,V4T000626,0,0.521407,0.347151,1.200000,0.625689,true,
1895,145,V4T001094,7,0.127525,0.348218,1.200000,0.260151,true,
1896,145,V4T000411,3,1.000000,0.347176,1.200000,0.360000,true,
1897,145,V4T001346,6,0.121615,0.348469,1.200000,0.248094,true,
1898,145,V4T000140,1,0.349371,0.347361,1.200000,0.419245,true,
1899,145,V4T001458,4,0.203155,0.348221,1.200000,0.414436,true,
1900,145,V4T001214,11,0.234446,0.349033,1.200000,0.478269,true,
1901,145,V4T000010,15,0.238721,0.351354,1.200000,0.286465,true,
1902,145,V4T002321,14,0.081987,0.350439,1.200000,0.167254,true,
1903,145,V4T000285,9,0.132601,0.349850,1.200000,0.270506,true,
1904,145,V4T001806,12,0.550123,0.350909,1.200000,0.660148,true,
1905,146,V4T001045,0,0.475716,0.512389,1.200000,0.970460,true,
1906,146,V4T000497,4,0.660080,0.515357,1.200000,0.792096,true,
1907,146,V4T000289,8,0.547948,0.519391,1.200000,0.657537,true,
1908,146,V4T002052,2,0.912818,0.513889,1.200000,1.095382,true,
1909,146,V4T000739,1,1.000000,0.514240,1.200000,0.540000,true,
1910,146,V4T002369,5,0.509457,0.516021,1.200000,1.039293,true,
1911,146,V4T001258,9,0.732972,0.518008,1.200000,0.879566,true,
1912,146,V4T002363,3,1.000000,0.512093,1.200000,1.200000,true,
1913,146,V4T000273,7,0.500567,0.515139,1.200000,0.600681,true,
1914,146,V4T000405,10,0.683926,0.518227,1.200000,0.820711,true,
1915,146,V4T001112,15,0.551933,0.521853,1.200000,1.125943,true,
1916,146,V4T002082,14,1.000000,0.520736,1.200000,0.540000,true,
1917,147,V4T000105,8,0.338025,0.501430,1.000000,0.152111,true,
1918,147,V4T000985,12,1.000000,0.506259,1.000000,0.300000,true,
1919,147,V4T000565,2,0.272701,0.496173,1.000000,0.272701,true,
1920,147,V4T001348,1,0.257521,0.494639,1.000000,0.115885,true,
1921,147,V4T001937,6,0.461741,0.499337,1.000000,0.207783,true,
1922,147,V4T000170,10,0.467861,0.501235,1.000000,0.210538,true,
1923,147,V4T000202,3,0.177608,0.496498,1.000000,0.177608,true,
1924,147,V4T000457,7,0.494839,0.498930,1.000000,0.222677,true,
1925,147,V4T001516,11,0.194405,0.501311,1.000000,0.194405,true,
1926,147,V4T001541,15,0.239088,0.504813,1.000000,0.239088,true,
1927,147,V4T002069,14,0.331194,0.504767,1.000000,0.331194,true,
1928,148,V4T000493,8,0.222036,0.520011,1.000000,0.222036,true,
1929,148,V4T002205,12,1.000000,0.521990,1.000000,0.300000,true,
1930,148,V4T001373,1,0.271058,0.514093,1.000000,0.271058,true,
1931,148,V4T001110,2,0.385739,0.514581,1.000000,0.173582,true,
1932,148,V4T000644,4,0.042975,0.518041,1.000000,0.073058,true,
1933,148,V4T000780,9,1.000000,0.519169,1.000000,0.300000,true,
1934,148,V4T000655,13,0.106883,0.523843,1.000000,0.106883,true,
1935,148,V4T001226,7,1.000000,0.517112,1.000000,0.300000,true,
1936,148,V4T000712,11,0.101970,0.520805,1.000000,0.101970,true,
1937,148,V4T002050,15,0.188637,0.522640,1.000000,0.188637,true,
1938,149,V4T001013,15,0.146610,0.533929,1.200000,0.299085,true,
1939,149,V4T001354,11,1.000000,0.530912,1.200000,0.540000,true,
1940,149,V4T001880,7,0.521609,0.529618,1.200000,0.625931,true,
1941,149,V4T000076,14,0.413821,0.533951,1.200000,0.496585,true,
1942,149,V4T002337,10,0.760171,0.531861,1.200000,0.912205,true,
1943,149,V4T001987,6,0.139394,0.528790,1.200000,0.284365,true,
1944,149,V4T000270,3,0.432693,0.528160,1.200000,0.519232,true,
1945,149,V4T001976,2,0.508881,0.527288,1.200000,0.610657,true,
1946,149,V4T000892,12,0.275089,0.534563,1.200000,0.330106,true,
1947,149,V4T001818,13,0.946851,0.533198,1.200000,1.136221,true,
1948,149,V4T000764,9,0.257967,0.531707,1.200000,0.309561,true,
1949,149,V4T002075,8,0.247902,0.531682,1.200000,0.505719,true,
1950,149,V4T000435,4,0.728045,0.529736,1.200000,0.873654,true,
1951,149,V4T002316,5,0.449597,0.530158,1.200000,0.539516,true,
1952,149,V4T000074,1,1.000000,0.527902,1.200000,0.540000,true,
1953,149,V4T001721,0,0.135365,0.526802,1.200000,0.276145,true,
1954,150,V4T001787,15,1.000000,0.577381,1.200000,1.200000,true,
1955,150,V4T000954,11,1.000000,0.573449,1.200000,1.200000,true,
1956,150,V4T002245,10,0.618976,0.573537,1.200000,1.262712,true,
1957,150,V4T000261,7,0.837845,0.571547,1.200000,1.005414,true,
1958,150,V4T001288,13,1.000000,0.576906,1.200000,1.200000,true,
1959,150,V4T002154,14,0.808912,0.576337,1.200000,0.970695,true,
1960,150,V4T002254,9,0.973920,0.574243,1.200000,1.168704,true,
1961,150,V4T001060,5,0.956125,0.571041,1.200000,1.147349,true,
1962,150,V4T001090,2,1.000000,0.569796,1.200000,1.200000,true,
1963,150,V4T000743,12,1.000000,0.576544,1.200000,0.540000,true,
1964,150,V4T002346,8,0.629685,0.574753,1.200000,1.284558,true,
1965,150,V4T001193,4,1.000000,0.571584,1.200000,1.200000,true,
1966,150,V4T001033,0,0.517177,0.569467,1.200000,1.055042,true,
1967,151,V4T001123,15,0.353542,0.578537,1.200000,0.424250,true,
1968,151,V4T000827,11,0.566219,0.577624,1.200000,0.679463,true,
1969,151,V4T001240,10,0.720735,0.576675,1.200000,0.389197,true,
1970,151,V4T001540,7,0.773133,0.574908,1.200000,0.417492,true,
1971,151,V4T002291,6,1.000000,0.573838,1.200000,0.540000,true,
1972,151,V4T000395,2,0.267997,0.571701,1.200000,0.321596,true,
1973,151,V4T001321,3,0.857172,0.570507,1.200000,1.028607,true,
1974,151,V4T000413,12,1.000000,0.578902,1.200000,0.540000,true,
1975,151,V4T000188,13,0.049635,0.579629,1.200000,0.101255,true,
1976,151,V4T001945,9,0.188584,0.575636,1.200000,0.226300,true,
1977,151,V4T002086,4,0.103687,0.574418,1.200000,0.211522,true,
1978,151,V4T001503,5,0.124866,0.573890,1.200000,0.254726,true,
1979,152,V4T001593,3,0.248436,0.614056,1.200000,0.298123,true,
1980,152,V4T000556,6,0.124387,0.616069,1.200000,0.149265,true,
1981,152,V4T001845,1,0.062248,0.614575,1.200000,0.126987,true,
1982,152,V4T001804,2,0.071048,0.613587,1.200000,0.085257,true,
1983,152,V4T001089,13,0.117164,0.618494,1.200000,0.140596,true,
1984,152,V4T000558,9,1.000000,0.617703,1.200000,0.360000,true,
1985,152,V4T000536,8,0.061188,0.617483,1.200000,0.124823,true,
1986,152,V4T001486,5,0.355719,0.615223,1.200000,0.426863,true,
1987,152,V4T000750,0,0.094305,0.613610,1.200000,0.113166,true,
1988,152,V4T001941,4,0.236393,0.616215,1.200000,0.283671,true,
1989,153,V4T001746,15,1.000000,0.622656,1.200000,1.200000,true,
1990,153,V4T001876,7,0.534941,0.619746,1.200000,1.091279,true,
1991,153,V4T000032,3,0.827291,0.617204,1.200000,1.687673,true,
1992,153,V4T002081,14,0.922755,0.622234,1.200000,1.107307,true,
1993,153,V4T001150,13,1.000000,0.623157,1.200000,1.200000,true,
1994,153,V4T000305,10,1.000000,0.621650,1.200000,0.540000,true,
1995,153,V4T000118,9,1.000000,0.621371,1.200000,0.360000,true,
1996,153,V4T000029,5,0.947379,0.619966,1.200000,1.136854,true,
1997,153,V4T002113,6,0.312362,0.619511,1.200000,0.637218,true,
1998,153,V4T001704,1,0.839825,0.618367,1.200000,1.007790,true,
1999,153,V4T001406,2,0.429824,0.618133,1.200000,0.515789,true,
2000,153,V4T000125,12,0.709449,0.622644,1.200000,0.851339,true,
2001,153,V4T000148,4,1.000000,0.619774,1.200000,1.200000,true,
2002,153,V4T000417,0,0.462578,0.618090,1.200000,0.943658,true,
2003,154,V4T000221,15,0.250672,0.586532,1.200000,0.300806,true,
2004,154,V4T002109,11,0.361677,0.585293,1.200000,0.434013,true,
2005,154,V4T000093,3,0.574501,0.581806,1.200000,0.310231,true,
2006,154,V4T000636,14,0.143936,0.586358,1.200000,0.293630,true,
2007,154,V4T000686,9,0.335004,0.584957,1.200000,0.402004,true,
2008,154,V4T000537,6,0.259472,0.583999,1.200000,0.311367,true,
2009,154,V4T000510,5,0.782862,0.583574,1.200000,0.422746,true,
2010,154,V4T002210,1,1.000000,0.582080,1.200000,0.540000,true,
2011,154,V4T000371,12,1.000000,0.586235,1.200000,0.540000,true,
2012,154,V4T000600,4,0.511529,0.583873,1.200000,0.613835,true,
2013,154,V4T000043,0,0.234539,0.582136,1.200000,0.281447,true,
2014,155,V4T001552,3,0.727952,0.619289,1.200000,0.873543,true,
2015,155,V4T000039,14,1.000000,0.623842,1.200000,0.540000,true,
2016,155,V4T001719,10,0.641938,0.622168,1.200000,0.770325,true,
2017,155,V4T001435,6,0.304986,0.620533,1.200000,0.365983,true,
2018,155,V4T001289,7,0.594364,0.620077,1.200000,0.713237,true,
2019,155,V4T001482,2,0.794962,0.619104,1.200000,0.953954,true,
2020,155,V4T000673,12,1.000000,0.623742,1.200000,1.200000,true,
2021,155,V4T000927,13,1.000000,0.623488,1.200000,0.540000,true,
2022,155,V4T002083,8,0.687637,0.622588,1.200000,0.825164,true,
2023,155,V4T001145,5,0.443546,0.620685,1.200000,0.904834,true,
2024,156,V4T000601,15,0.531939,0.616918,1.200000,0.638327,true,
2025,156,V4T000887,11,1.000000,0.616016,1.200000,1.200000,true,
2026,156,V4T001570,7,0.584803,0.615218,1.200000,0.701763,true,
2027,156,V4T001706,12,1.000000,0.616677,1.200000,0.540000,true,
2028,156,V4T000083,13,0.732381,0.616628,1.200000,0.878857,true,
2029,156,V4T001340,9,1.000000,0.616080,1.200000,0.540000,true,
2030,156,V4T002005,10,0.641751,0.615864,1.200000,1.309172,true,
2031,156,V4T000548,6,1.000000,0.615173,1.200000,1.200000,true,
2032,156,V4T001983,2,1.000000,0.614312,1.200000,1.200000,true,
2033,156,V4T001825,3,0.200315,0.613839,1.200000,0.408642,true,
2034,156,V4T001672,8,0.886297,0.615893,1.200000,1.063556,true,
2035,156,V4T000742,4,0.398703,0.614695,1.200000,0.478443,true,
2036,157,V4T001854,14,0.317828,0.543445,1.200000,0.648370,true,
2037,157,V4T000257,15,0.193041,0.543163,1.200000,0.393804,true,
2038,157,V4T001582,10,0.695868,0.541470,1.200000,1.419572,true,
2039,157,V4T001531,9,0.665871,0.541360,1.200000,1.358377,true,
2040,157,V4T000397,5,0.597480,0.538076,1.200000,1.218859,true,
2041,157,V4T002234,6,1.000000,0.537750,1.200000,2.040000,true,
2042,157,V4T001200,2,0.696928,0.535645,1.200000,0.836313,true,
2043,157,V4T000276,1,1.000000,0.535631,1.200000,0.540000,true,
2044,157,V4T002055,13,1.000000,0.542803,1.200000,1.200000,true,
2045,157,V4T000235,8,0.783609,0.541203,1.200000,0.940330,true,
2046,157,V4T001508,4,0.801373,0.539475,1.200000,0.961648,true,
2047,157,V4T001516,0,1.000000,0.536553,1.200000,1.200000,true,
2048,158,V4T001314,15,0.680297,0.337585,1.200000,0.816357,true,
2049,158,V4T000151,11,0.282062,0.336574,1.200000,0.338475,true,
2050,158,V4T002025,6,0.526673,0.334973,1.200000,0.632007,true,
2051,158,V4T001373,3,0.526142,0.332629,1.200000,0.631370,true,
2052,158,V4T001110,2,0.748626,0.332893,1.200000,0.404258,true,
2053,158,V4T001498,14,0.966465,0.337878,1.200000,0.521891,true,
2054,158,V4T002322,13,1.000000,0.337664,1.200000,0.540000,true,
2055,158,V4T001788,10,0.819960,0.335549,1.200000,0.442779,true,
2056,158,V4T000133,1,0.584305,0.332373,1.200000,0.701166,true,
2057,158,V4T001707,0,0.117498,0.332375,1.200000,0.239695,true,
2058,158,V4T001905,12,0.164665,0.337806,1.200000,0.197598,true,
2059,158,V4T000829,8,0.148996,0.336181,1.200000,0.303952,true,
2060,158,V4T002125,4,0.301306,0.334754,1.200000,0.361567,true,
2061,159,V4T000250,14,0.257459,0.255462,1.000000,0.257459,true,
2062,159,V4T000697,11,0.620205,0.254913,1.000000,0.279092,true,
2063,159,V4T002126,7,0.150993,0.253052,1.000000,0.150993,true,
2064,159,V4T000101,3,0.058152,0.252848,1.000000,0.098858,true,
2065,159,V4T001899,2,0.341159,0.252290,1.000000,0.341159,true,
2066,159,V4T000197,13,0.438330,0.255749,1.000000,0.438330,true,
2067,159,V4T002169,10,0.099580,0.255124,1.000000,0.169287,true,
2068,159,V4T001308,4,0.136872,0.253757,1.000000,0.232683,true,
2069,159,V4T001613,6,0.504414,0.253419,1.000000,0.504414,true,
2070,159,V4T001723,5,0.602543,0.253185,1.000000,0.271144,true,
2071,159,V4T002139,1,0.383317,0.252912,1.000000,0.383317,true,
2072,159,V4T000863,12,0.366435,0.256119,1.000000,0.366435,true,
2073,159,V4T000526,8,0.235133,0.254744,1.000000,0.235133,true,
2074,159,V4T002328,0,0.290322,0.252710,1.000000,0.290322,true,
2075,160,V4T001192,0,0.444648,0.562770,1.000000,0.444648,true,
2076,160,V4T001495,4,0.201547,0.563778,1.000000,0.201547,true,
2077,160,V4T000412,8,0.134460,0.564211,1.000000,0.134460,true,
2078,160,V4T001331,1,0.138031,0.562801,1.000000,0.138031,true,
2079,160,V4T000543,5,0.144708,0.563669,1.000000,0.144708,true,
2080,160,V4T000245,6,0.115992,0.563600,1.000000,0.115992,true,
2081,160,V4T000004,9,0.437139,0.564217,1.000000,0.437139,true,
2082,160,V4T001721,12,0.048400,0.565079,1.000000,0.082280,true,
2083,160,V4T001143,2,0.208175,0.562422,1.000000,0.208175,true,
2084,160,V4T002030,7,0.110112,0.563446,1.000000,0.110112,true,
2085,160,V4T000495,11,0.206963,0.564560,1.000000,0.206963,true,
2086,160,V4T001696,10,0.143378,0.565061,1.000000,0.143378,true,
2087,160,V4T001024,14,0.147415,0.565484,1.000000,0.147415,true,
2088,160,V4T001179,15,0.181153,0.565211,1.000000,0.181153,true,
2089,161,V4T001073,11,0.129941,0.531874,1.000000,0.129941,true,
2090,161,V4T000084,7,0.101526,0.529552,1.000000,0.172595,true,
2091,161,V4T001199,3,0.353830,0.527684,1.000000,0.159224,true,
2092,161,V4T001883,14,0.106051,0.534038,1.000000,0.106051,true,
2093,161,V4T000861,13,0.294248,0.534065,1.000000,0.294248,true,
2094,161,V4T000408,9,0.324636,0.531405,1.000000,0.324636,true,
2095,161,V4T000635,10,1.000000,0.531984,1.000000,0.300000,true,
2096,161,V4T001592,6,0.212706,0.528944,1.000000,0.212706,true,
2097,161,V4T001946,2,0.306281,0.527708,1.000000,0.306281,true,
2098,161,V4T001644,12,0.332063,0.534177,1.000000,0.332063,true,
2099,161,V4T000310,8,0.108767,0.532646,1.000000,0.108767,true,
2100,161,V4T001383,4,0.144673,0.529774,1.000000,0.144673,true,
2101,161,V4T001181,0,0.155058,0.527951,1.000000,0.155058,true,
2102,162,V4T001780,11,1.000000,0.535115,1.000000,0.450000,true,
2103,162,V4T002106,7,0.128098,0.534339,1.000000,0.128098,true,
2104,162,V4T002246,3,0.446542,0.531665,1.000000,0.446542,true,
2105,162,V4T000665,15,0.272565,0.538644,1.000000,0.272565,true,
2106,162,V4T001693,10,0.903233,0.536074,1.000000,0.406455,true,
2107,162,V4T000947,6,0.596227,0.532678,1.000000,0.268302,true,
2108,162,V4T000091,5,0.361370,0.533230,1.000000,0.361370,true,
2109,162,V4T001175,14,0.300311,0.539415,1.000000,0.300311,true,
2110,162,V4T001591,13,0.436974,0.539199,1.000000,0.436974,true,
2111,162,V4T000166,9,0.374148,0.535404,1.000000,0.374148,true,
2112,162,V4T001073,8,0.196406,0.535953,1.000000,0.196406,true,
2113,162,V4T000084,4,0.153477,0.533681,1.000000,0.260911,true,
2114,162,V4T001266,0,0.188746,0.530246,1.000000,0.188746,true,
2115,163,V4T001073,11,0.852104,0.581306,1.000000,0.852104,true,
2116,163,V4T000084,7,0.666113,0.579063,1.000000,1.132392,true,
2117,163,V4T001266,3,0.819853,0.575804,1.000000,0.819853,true,
2118,163,V4T001883,14,0.695239,0.583498,1.000000,0.695239,true,
2119,163,V4T000776,9,1.000000,0.581872,1.000000,1.000000,true,
2120,163,V4T000635,10,1.000000,0.581700,1.000000,0.300000,true,
2121,163,V4T001592,6,1.000000,0.578822,1.000000,1.000000,true,
2122,163,V4T001946,2,1.000000,0.577689,1.000000,1.000000,true,
2123,163,V4T000593,13,1.000000,0.583405,1.000000,1.000000,true,
2124,163,V4T001397,12,1.000000,0.583356,1.000000,1.000000,true,
2125,163,V4T001093,8,0.874313,0.581801,1.000000,0.874313,true,
2126,163,V4T001383,4,0.950461,0.580079,1.000000,0.950461,true,
2127,163,V4T001713,0,1.000000,0.577165,1.000000,1.000000,true,
2128,164,V4T000570,3,0.286517,0.441501,1.000000,0.286517,true,
2129,164,V4T000579,7,1.000000,0.442367,1.000000,1.000000,true,
2130,164,V4T001925,6,0.971130,0.442449,1.000000,0.971130,true,
2131,164,V4T000699,1,0.378325,0.441547,1.000000,0.643152,true,
2132,164,V4T001235,0,0.445510,0.441427,1.000000,0.445510,true,
2133,164,V4T000924,14,0.414094,0.445981,1.000000,0.414094,true,
2134,164,V4T001595,10,0.220734,0.444560,1.000000,0.375248,true,
2135,164,V4T000406,9,1.000000,0.444649,1.000000,0.450000,true,
2136,164,V4T000343,13,1.000000,0.445235,1.000000,0.450000,true,
2137,164,V4T000224,5,1.000000,0.443710,1.000000,1.000000,true,
2138,164,V4T000366,8,0.743017,0.444409,1.000000,0.743017,true,
2139,164,V4T000038,4,0.484097,0.443064,1.000000,0.484097,true,
2140,165,V4T002351,2,1.000000,0.392120,1.000000,0.300000,true,
2141,165,V4T001083,7,0.109483,0.394988,1.000000,0.109483,true,
2142,165,V4T001875,5,0.437686,0.394912,1.000000,0.196959,true,
2143,165,V4T001513,1,0.095579,0.393708,1.000000,0.095579,true,
2144,165,V4T001306,0,0.213232,0.393286,1.000000,0.213232,true,
2145,165,V4T001580,11,0.225109,0.396533,1.000000,0.225109,true,
2146,165,V4T001837,14,0.053846,0.397392,1.000000,0.053846,true,
2147,165,V4T001626,10,0.428816,0.395689,1.000000,0.192967,true,
2148,165,V4T001241,9,0.193896,0.395758,1.000000,0.193896,true,
2149,165,V4T001772,8,0.080942,0.396213,1.000000,0.137602,true,
2150,165,V4T002372,13,0.075400,0.397700,1.000000,0.075400,true,
2151,166,V4T000892,1,0.140680,0.410063,1.000000,0.140680,true,
2152,166,V4T000547,0,0.194083,0.410857,1.000000,0.194083,true,
2153,166,V4T001331,5,0.202310,0.412446,1.000000,0.202310,true,
2154,166,V4T002172,4,0.576791,0.412172,1.000000,0.259556,true,
2155,166,V4T001900,8,0.240918,0.413547,1.000000,0.240918,true,
2156,166,V4T001020,9,0.215350,0.413669,1.000000,0.215350,true,
2157,166,V4T002240,13,1.000000,0.415310,1.000000,0.450000,true,
2158,166,V4T001428,12,0.471292,0.415431,1.000000,0.212082,true,
2159,166,V4T002115,6,0.187844,0.412105,1.000000,0.187844,true,
2160,166,V4T000184,10,0.204272,0.413648,1.000000,0.204272,true,
2161,166,V4T001009,14,0.235409,0.416064,1.000000,0.235409,true,
2162,166,V4T001702,3,0.507408,0.410759,1.000000,0.228334,true,
2163,166,V4T002313,7,0.259779,0.412021,1.000000,0.259779,true,
2164,166,V4T000225,11,0.188775,0.414439,1.000000,0.188775,true,
2165,166,V4T001518,15,0.225716,0.415922,1.000000,0.225716,true,
2166,167,V4T002072,0,0.288438,0.428525,1.000000,0.288438,true,
2167,167,V4T000588,4,0.613173,0.431116,1.000000,0.613173,true,
2168,167,V4T000055,8,0.661000,0.432075,1.000000,0.661000,true,
2169,167,V4T002031,9,0.673625,0.432408,1.000000,0.673625,true,
2170,167,V4T000270,12,0.475262,0.435090,1.000000,0.475262,true,
2171,167,V4T002385,13,0.430063,0.434864,1.000000,0.430063,true,
2172,167,V4T000892,2,0.293898,0.428336,1.000000,0.293898,true,
2173,167,V4T000547,1,0.405626,0.429336,1.000000,0.405626,true,
2174,167,V4T001192,6,1.000000,0.431274,1.000000,1.000000,true,
2175,167,V4T001886,5,0.396511,0.430661,1.000000,0.396511,true,
2176,167,V4T000393,10,0.610295,0.432023,1.000000,0.610295,true,
2177,167,V4T000412,14,0.414080,0.434382,1.000000,0.414080,true,
2178,167,V4T001331,7,0.422936,0.431116,1.000000,0.422936,true,
2179,167,V4T000543,11,0.444314,0.432675,1.000000,0.444314,true,
2180,167,V4T000719,15,1.000000,0.434738,1.000000,0.450000,true,
2181,168,V4T001949,11,0.474989,0.448961,1.000000,0.474989,true,
2182,168,V4T000765,7,1.000000,0.447619,1.000000,1.000000,true,
2183,168,V4T000770,6,0.402723,0.447036,1.000000,0.402723,true,
2184,168,V4T001891,2,0.590147,0.445701,1.000000,1.003250,true,
2185,168,V4T000945,1,0.940516,0.445506,1.000000,0.940516,true,
2186,168,V4T000097,14,0.426161,0.449929,1.000000,0.426161,true,
2187,168,V4T001031,13,0.691340,0.450328,1.000000,0.311103,true,
2188,168,V4T001101,12,0.529947,0.451028,1.000000,0.529947,true,
2189,168,V4T001167,8,0.469008,0.449016,1.000000,0.469008,true,
2190,169,V4T000892,0,0.464236,0.338296,1.000000,0.464236,true,
2191,169,V4T001080,4,0.969587,0.341939,1.000000,0.969587,true,
2192,169,V4T001495,8,0.984283,0.344161,1.000000,0.984283,true,
2193,169,V4T001428,12,1.000000,0.345710,1.000000,0.450000,true,
2194,169,V4T000245,5,0.564057,0.342592,1.000000,0.564057,true,
2195,169,V4T001655,9,1.000000,0.343421,1.000000,1.000000,true,
2196,169,V4T001009,13,0.783529,0.346203,1.000000,0.783529,true,
2197,169,V4T002313,2,0.858488,0.340400,1.000000,0.858488,true,
2198,169,V4T001143,1,1.000000,0.339672,1.000000,1.000000,true,
2199,169,V4T002030,6,0.534069,0.341607,1.000000,0.534069,true,
2200,169,V4T000225,10,0.626098,0.343636,1.000000,0.626098,true,
2201,169,V4T000495,11,1.000000,0.344000,1.000000,1.000000,true,
2202,169,V4T001024,14,0.723085,0.346718,1.000000,0.723085,true,
2203,169,V4T001401,15,0.524556,0.345509,1.000000,0.524556,true,
2204,170,V4T001737,0,0.217759,0.345567,1.000000,0.217759,true,
2205,170,V4T001834,4,0.079668,0.348219,1.000000,0.079668,true,
2206,170,V4T000070,9,0.089270,0.351218,1.000000,0.089270,true,
2207,170,V4T001786,13,0.133060,0.353225,1.000000,0.133060,true,
2208,170,V4T000149,14,0.109798,0.353292,1.000000,0.109798,true,
2209,170,V4T000557,6,0.322018,0.348736,1.000000,0.144908,true,
2210,170,V4T000822,11,0.891792,0.350173,1.000000,0.267538,true,
2211,170,V4T000337,10,0.062083,0.350639,1.000000,0.062083,true,
2212,170,V4T001802,3,0.130708,0.346541,1.000000,0.130708,true,
2213,170,V4T001385,7,0.209785,0.347374,1.000000,0.209785,true,
2214,171,V4T001358,8,0.370460,0.337810,1.000000,0.370460,true,
2215,171,V4T002195,12,0.531021,0.341557,1.000000,0.531021,true,
2216,171,V4T000130,1,0.416430,0.333634,1.000000,0.416430,true,
2217,171,V4T001798,0,0.777767,0.333202,1.000000,0.777767,true,
2218,171,V4T001944,5,1.000000,0.336856,1.000000,0.450000,true,
2219,171,V4T000316,9,0.587867,0.338841,1.000000,0.587867,true,
2220,171,V4T001759,13,0.611620,0.341023,1.000000,0.611620,true,
2221,171,V4T000108,14,1.000000,0.341075,1.000000,1.000000,true,
2222,171,V4T001047,2,1.000000,0.333432,1.000000,0.450000,true,
2223,171,V4T000701,3,0.054454,0.334002,1.000000,0.092571,true,
2224,171,V4T000234,6,1.000000,0.335132,1.000000,0.450000,true,
2225,171,V4T001700,7,0.711021,0.336815,1.000000,0.711021,true,
2226,171,V4T002270,11,0.828502,0.338280,1.000000,0.828502,true,
2227,172,V4T001184,8,0.196225,0.329434,1.000000,0.196225,true,
2228,172,V4T000439,12,0.313359,0.333313,1.000000,0.313359,true,
2229,172,V4T002294,5,0.156898,0.327831,1.000000,0.156898,true,
2230,172,V4T001128,13,0.362074,0.332362,1.000000,0.162933,true,
2231,172,V4T001862,2,0.243046,0.323253,1.000000,0.243046,true,
2232,172,V4T001185,7,0.949875,0.325019,1.000000,0.427444,true,
2233,172,V4T002352,6,0.103336,0.327271,1.000000,0.103336,true,
2234,172,V4T000821,15,0.500952,0.332142,1.000000,0.500952,true,
2235,172,V4T000794,3,0.313263,0.324094,1.000000,0.140968,true,
2236,173,V4T002027,12,1.000000,0.351173,1.000000,0.300000,true,
2237,173,V4T001907,0,0.258141,0.340703,1.000000,0.116164,true,
2238,173,V4T002124,13,0.120256,0.350845,1.000000,0.120256,true,
2239,173,V4T001180,1,0.237756,0.342088,1.000000,0.237756,true,
2240,173,V4T001996,5,0.017646,0.344696,1.000000,0.029998,true,
2241,173,V4T000733,6,0.205037,0.345863,1.000000,0.205037,true,
2242,173,V4T001455,9,0.054950,0.347226,1.000000,0.054950,true,
2243,173,V4T001803,10,0.172178,0.346661,1.000000,0.172178,true,
2244,173,V4T001190,15,0.199747,0.350541,1.000000,0.089886,true,
2245,173,V4T000544,11,0.100982,0.347488,1.000000,0.100982,true,
2246,174,V4T001869,12,0.134488,0.349726,1.000000,0.134488,true,
2247,174,V4T000161,14,0.120758,0.349257,1.000000,0.120758,true,
2248,174,V4T001212,13,1.000000,0.349998,1.000000,0.300000,true,
2249,174,V4T001712,6,0.082013,0.342988,1.000000,0.082013,true,
2250,174,V4T001066,7,0.076613,0.343279,1.000000,0.076613,true,
2251,174,V4T000491,11,0.195474,0.346375,1.000000,0.195474,true,
2252,174,V4T000020,10,0.126819,0.346227,1.000000,0.126819,true,
2253,174,V4T002271,15,0.365603,0.348215,1.000000,0.164521,true,
2254,174,V4T001052,3,0.093297,0.340685,1.000000,0.093297,true,
2255,175,V4T000036,8,1.000000,0.323628,1.000000,0.450000,true,
2256,175,V4T001869,12,0.756183,0.327734,1.000000,0.756183,true,
2257,175,V4T002199,13,0.631154,0.328118,1.000000,0.631154,true,
2258,175,V4T000161,14,0.678633,0.327125,1.000000,0.678633,true,
2259,175,V4T000215,2,0.813326,0.319649,1.000000,0.813326,true,
2260,175,V4T000784,6,0.455594,0.320711,1.000000,0.455594,true,
2261,175,V4T000552,7,1.000000,0.322681,1.000000,0.450000,true,
2262,175,V4T000020,10,0.711737,0.323851,1.000000,0.711737,true,
2263,175,V4T001711,11,0.876559,0.324978,1.000000,0.876559,true,
2264,175,V4T001052,3,0.522269,0.317855,1.000000,0.522269,true,
2265,176,V4T000117,2,0.115201,0.373823,1.000000,0.115201,true,
2266,176,V4T000256,1,0.103435,0.374117,1.000000,0.103435,true,
2267,176,V4T001189,5,0.174698,0.375444,1.000000,0.174698,true,
2268,176,V4T000661,4,0.100546,0.375416,1.000000,0.170928,true,
2269,176,V4T000455,0,0.111129,0.374505,1.000000,0.111129,true,
2270,176,V4T001152,8,0.946780,0.376809,1.000000,0.284034,true,
2271,176,V4T001664,3,0.964805,0.373134,1.000000,0.289441,true,
2272,176,V4T000284,7,1.000000,0.374670,1.000000,0.300000,true,
2273,176,V4T000409,6,0.168669,0.375079,1.000000,0.168669,true,
2274,176,V4T001669,10,0.157400,0.376890,1.000000,0.157400,true,
2275,176,V4T000932,9,0.407655,0.377221,1.000000,0.183445,true,
2276,176,V4T001811,15,0.223943,0.377834,1.000000,0.223943,true,
2277,176,V4T002309,14,0.021336,0.378215,1.000000,0.036271,true,
2278,177,V4T001095,1,0.130696,0.347347,1.000000,0.130696,true,
2279,177,V4T002147,4,0.082710,0.349688,1.000000,0.082710,true,
2280,177,V4T001273,9,1.000000,0.350691,1.000000,0.300000,true,
2281,177,V4T001740,12,0.311988,0.353234,1.000000,0.140395,true,
2282,177,V4T000741,10,0.134822,0.351239,1.000000,0.134822,true,
2283,177,V4T000773,14,0.167393,0.353053,1.000000,0.075327,true,
2284,177,V4T000139,13,0.081460,0.353690,1.000000,0.081460,true,
2285,177,V4T001915,11,0.057957,0.351454,1.000000,0.057957,true,
2286,178,V4T001069,0,0.770925,0.345484,1.000000,0.770925,true,
2287,178,V4T001390,5,1.000000,0.347185,1.000000,0.300000,true,
2288,178,V4T000008,4,0.443597,0.347275,1.000000,0.443597,true,
2289,178,V4T000860,8,0.681943,0.349882,1.000000,0.681943,true,
2290,178,V4T001023,6,0.634097,0.347097,1.000000,0.634097,true,
2291,178,V4T002180,9,0.894378,0.349722,1.000000,0.894378,true,
2292,178,V4T000563,10,1.000000,0.349955,1.000000,0.450000,true,
2293,178,V4T001377,14,0.912365,0.351548,1.000000,0.912365,true,
2294,178,V4T001776,13,1.000000,0.350825,1.000000,1.000000,true,
2295,178,V4T000410,12,0.584778,0.351224,1.000000,0.584778,true,
2296,178,V4T000339,7,0.623713,0.346845,1.000000,0.623713,true,
2297,178,V4T001587,11,0.404167,0.348398,1.000000,0.404167,true,
2298,178,V4T002303,15,1.000000,0.351465,1.000000,1.000000,true,
2299,179,V4T001002,0,0.390996,0.348081,1.000000,0.175948,true,
2300,179,V4T001551,1,0.353335,0.348121,1.000000,0.159001,true,
2301,179,V4T001566,5,0.145547,0.348914,1.000000,0.145547,true,
2302,179,V4T000573,4,0.186835,0.350321,1.000000,0.084076,true,
2303,179,V4T001727,8,0.191483,0.351703,1.000000,0.191483,true,
2304,179,V4T000170,12,0.330039,0.353581,1.000000,0.148517,true,
2305,179,V4T000677,6,0.730176,0.350090,1.000000,0.219053,true,
2306,179,V4T000736,9,0.176677,0.351575,1.000000,0.176677,true,
2307,179,V4T002323,10,1.000000,0.351332,1.000000,0.300000,true,
2308,179,V4T001127,14,0.316334,0.353152,1.000000,0.142350,true,
2309,180,V4T001070,4,0.248318,0.387064,1.000000,0.111743,true,
2310,180,V4T002049,8,0.938614,0.388869,1.000000,0.281584,true,
2311,180,V4T000730,1,0.035254,0.384169,1.000000,0.059932,true,
2312,180,V4T002061,2,0.161741,0.384545,1.000000,0.161741,true,
2313,180,V4T001922,13,0.320979,0.390764,1.000000,0.144440,true,
2314,180,V4T000447,3,0.189573,0.384186,1.000000,0.189573,true,
2315,180,V4T000674,7,1.000000,0.386781,1.000000,0.300000,true,
2316,180,V4T000614,11,0.422903,0.387480,1.000000,0.190306,true,
2317,180,V4T001822,14,0.986558,0.391323,1.000000,0.295967,true,
2318,181,V4T002318,1,0.158655,0.370324,1.000000,0.158655,true,
2319,181,V4T000580,8,0.083708,0.374136,1.000000,0.083708,true,
2320,181,V4T002015,12,0.418083,0.375860,1.000000,0.188138,true,
2321,181,V4T001399,3,0.242328,0.370532,1.000000,0.109048,true,
2322,181,V4T000926,2,1.000000,0.371413,1.000000,0.300000,true,
2323,181,V4T002093,6,0.083830,0.372257,1.000000,0.083830,true,
2324,181,V4T000881,5,0.099508,0.372382,1.000000,0.099508,true,
2325,181,V4T000239,10,0.043659,0.374328,1.000000,0.043659,true,
2326,181,V4T000869,13,1.000000,0.375869,1.000000,0.300000,true,
2327,181,V4T002013,7,0.035276,0.372767,1.000000,0.059968,true,
2328,181,V4T000232,11,0.337619,0.375634,1.000000,0.151929,true,
2329,181,V4T000564,15,0.324206,0.376597,1.000000,0.145893,true,
2330,182,V4T000920,1,0.429393,0.353484,1.000000,0.128818,true,
2331,182,V4T002152,4,0.233792,0.355330,1.000000,0.105206,true,
2332,182,V4T000956,3,0.189391,0.352650,1.000000,0.085226,true,
2333,182,V4T000131,2,0.236173,0.352302,1.000000,0.236173,true,
2334,182,V4T001237,9,0.093762,0.358186,1.000000,0.042193,true,
2335,182,V4T001733,14,0.110839,0.360592,1.000000,0.110839,true,
2336,182,V4T001569,13,0.085619,0.360547,1.000000,0.085619,true,
2337,182,V4T001460,11,0.162783,0.357133,1.000000,0.162783,true,
2338,182,V4T000030,10,0.348614,0.358118,1.000000,0.156876,true,
2339,182,V4T002384,15,0.350222,0.359802,1.000000,0.350222,true,
2340,183,V4T002236,15,1.000000,0.390226,1.000000,1.000000,true,
2341,183,V4T000078,11,0.603651,0.389196,1.000000,0.603651,true,
2342,183,V4T002074,2,0.854738,0.385555,1.000000,0.854738,true,
2343,183,V4T002076,3,1.000000,0.385492,1.000000,1.000000,true,
2344,183,V4T000546,13,1.000000,0.390450,1.000000,0.300000,true,
2345,183,V4T000221,9,0.498487,0.388793,1.000000,0.498487,true,
2346,183,V4T002109,4,0.717532,0.387054,1.000000,0.717532,true,
2347,183,V4T000980,1,1.000000,0.385780,1.000000,0.450000,true,
2348,183,V4T001963,8,0.732932,0.388314,1.000000,0.732932,true,
2349,183,V4T000537,0,0.513294,0.385093,1.000000,0.513294,true,
2350,184,V4T000749,15,0.309204,0.411062,1.000000,0.309204,true,
2351,184,V4T002016,7,1.000000,0.407827,1.000000,0.450000,true,
2352,184,V4T001100,6,0.275411,0.408019,1.000000,0.275411,true,
2353,184,V4T002314,14,0.513006,0.411350,1.000000,0.513006,true,
2354,184,V4T000317,13,0.272349,0.411299,1.000000,0.462993,true,
2355,184,V4T001555,10,0.256976,0.409858,1.000000,0.436860,true,
2356,184,V4T000656,5,0.444430,0.408073,1.000000,0.444430,true,
2357,184,V4T001921,1,0.281099,0.406964,1.000000,0.477869,true,
2358,184,V4T000342,9,0.833134,0.409352,1.000000,0.374910,true,
2359,184,V4T002375,4,0.441572,0.408221,1.000000,0.441572,true,
2360,184,V4T000254,0,1.000000,0.407052,1.000000,0.450000,true,
2361,185,V4T001716,14,0.219843,0.380327,1.000000,0.098930,true,
2362,185,V4T001623,15,0.363088,0.380729,1.000000,0.363088,true,
2363,185,V4T000302,11,0.332134,0.379681,1.000000,0.332134,true,
2364,185,V4T002149,10,1.000000,0.379483,1.000000,0.300000,true,
2365,185,V4T000944,6,0.107166,0.378114,1.000000,0.107166,true,
2366,185,V4T001197,5,0.069469,0.377862,1.000000,0.118098,true,
2367,185,V4T001388,2,0.286388,0.376435,1.000000,0.128875,true,
2368,185,V4T002111,13,0.085334,0.380157,1.000000,0.085334,true,
2369,185,V4T001064,12,0.113545,0.380832,1.000000,0.113545,true,
2370,185,V4T001010,8,0.067632,0.378999,1.000000,0.067632,true,
2371,185,V4T000882,4,0.073900,0.378169,1.000000,0.073900,true,
2372,186,V4T001716,14,0.686230,0.395723,1.000000,0.308804,true,
2373,186,V4T001623,15,1.000000,0.396015,1.000000,1.000000,true,
2374,186,V4T000302,11,1.000000,0.395062,1.000000,1.000000,true,
2375,186,V4T001986,10,1.000000,0.394206,1.000000,0.450000,true,
2376,186,V4T000944,6,0.334672,0.393607,1.000000,0.334672,true,
2377,186,V4T001197,5,0.216981,0.393405,1.000000,0.368867,true,
2378,186,V4T000836,2,0.135500,0.391978,1.000000,0.230350,true,
2379,186,V4T002111,13,0.266390,0.395583,1.000000,0.266390,true,
2380,186,V4T001064,12,0.354467,0.396296,1.000000,0.354467,true,
2381,186,V4T001010,8,0.211229,0.394567,1.000000,0.211229,true,
2382,186,V4T000882,4,0.230839,0.393758,1.000000,0.230839,true,
2383,187,V4T000023,3,0.251109,0.434592,1.000000,0.251109,true,
2384,187,V4T000556,10,0.088033,0.436013,1.000000,0.088033,true,
2385,187,V4T001845,6,0.044081,0.435215,1.000000,0.074939,true,
2386,187,V4T001804,2,0.050319,0.434565,1.000000,0.050319,true,
2387,187,V4T001089,14,0.082870,0.437463,1.000000,0.082870,true,
2388,187,V4T000536,12,0.043304,0.437006,1.000000,0.073616,true,
2389,187,V4T001001,13,0.765751,0.436823,1.000000,0.344588,true,
2390,187,V4T000584,9,0.036485,0.436681,1.000000,0.062025,true,
2391,187,V4T001486,5,0.251879,0.435629,1.000000,0.251879,true,
2392,187,V4T000750,1,0.066818,0.434763,1.000000,0.066818,true,
2393,187,V4T001877,0,0.588931,0.434100,1.000000,0.265019,true,
2394,188,V4T001548,11,0.220352,0.439990,1.000000,0.220352,true,
2395,188,V4T001089,7,0.083111,0.438735,1.000000,0.083111,true,
2396,188,V4T000536,2,0.043436,0.438342,1.000000,0.073841,true,
2397,188,V4T000789,14,0.030932,0.440798,1.000000,0.052584,true,
2398,188,V4T001419,1,1.000000,0.438208,1.000000,0.300000,true,
2399,188,V4T000136,13,0.169070,0.440963,1.000000,0.169070,true,
2400,188,V4T001281,12,0.131633,0.440525,1.000000,0.131633,true,
2401,188,V4T001948,8,0.326081,0.440133,1.000000,0.146736,true,
2402,188,V4T001640,9,0.115170,0.439885,1.000000,0.115170,true,
2403,188,V4T001316,0,0.554694,0.438096,1.000000,0.249612,true,
2404,189,V4T000536,3,0.172754,0.435841,1.000000,0.293681,true,
2405,189,V4T000789,15,0.122906,0.437874,1.000000,0.208940,true,
2406,189,V4T001419,2,1.000000,0.435787,1.000000,0.300000,true,
2407,189,V4T000136,14,0.671847,0.438071,1.000000,0.671847,true,
2408,189,V4T001281,13,0.523258,0.437788,1.000000,0.523258,true,
2409,189,V4T001948,9,1.000000,0.437473,1.000000,0.450000,true,
2410,189,V4T001640,10,0.457888,0.437219,1.000000,0.457888,true,
2411,189,V4T001316,1,1.000000,0.435791,1.000000,0.450000,true,
2412,189,V4T001173,12,0.406000,0.438024,1.000000,0.406000,true,
2413,189,V4T000270,8,0.477545,0.437180,1.000000,0.477545,true,
2414,189,V4T002165,0,1.000000,0.435924,1.000000,0.450000,true,
2415,190,V4T000103,3,1.000000,0.221251,1.120000,0.504000,true,
2416,190,V4T002072,15,0.447446,0.221587,1.120000,0.501139,true,
2417,190,V4T001228,11,0.585378,0.221500,1.120000,0.655624,true,
2418,190,V4T002388,7,0.470365,0.221419,1.120000,0.526809,true,
2419,190,V4T001014,6,0.684535,0.221458,1.120000,0.766680,true,
2420,190,V4T001976,2,0.854275,0.221294,1.120000,0.956788,true,
2421,190,V4T000547,14,0.628315,0.221681,1.120000,0.703713,true,
2422,190,V4T001867,13,0.335612,0.221744,1.120000,0.639005,true,
2423,190,V4T001886,10,0.612102,0.221607,1.120000,0.685555,true,
2424,190,V4T000567,9,0.587482,0.221650,1.120000,1.118566,true,
2425,190,V4T000412,5,0.633486,0.221515,1.120000,0.709504,true,
2426,190,V4T001020,8,0.692384,0.221668,1.120000,0.775470,true,
2427,190,V4T000241,4,0.638003,0.221614,1.120000,0.714563,true,
2428,190,V4T002115,12,0.606608,0.221803,1.120000,0.679401,true,
2429,191,V4T000105,3,1.000000,0.401491,1.000000,0.450000,true,
2430,191,V4T000362,14,1.000000,0.407389,1.000000,1.000000,true,
2431,191,V4T000529,15,0.704904,0.406500,1.000000,0.704904,true,
2432,191,V4T000565,10,1.000000,0.405638,1.000000,1.000000,true,
2433,191,V4T001847,9,1.000000,0.405143,1.000000,1.000000,true,
2434,191,V4T001727,6,1.000000,0.404420,1.000000,1.000000,true,
2435,191,V4T001896,5,0.464981,0.404491,1.000000,0.464981,true,
2436,191,V4T000170,1,1.000000,0.403041,1.000000,0.450000,true,
2437,191,V4T000463,13,0.892083,0.406669,1.000000,0.892083,true,
2438,191,V4T000606,8,0.665145,0.406299,1.000000,0.665145,true,
2439,191,V4T001127,4,1.000000,0.404658,1.000000,0.450000,true,
2440,191,V4T002387,0,1.000000,0.402969,1.000000,0.450000,true,
2441,192,V4T000495,0,0.163025,0.444705,1.000000,0.163025,true,
2442,192,V4T001179,4,0.142678,0.445167,1.000000,0.142678,true,
2443,192,V4T000313,12,1.000000,0.446745,1.000000,0.300000,true,
2444,192,V4T001859,1,0.233822,0.444779,1.000000,0.105220,true,
2445,192,V4T000710,5,0.479100,0.445415,1.000000,0.215595,true,
2446,192,V4T000394,6,0.122830,0.445543,1.000000,0.122830,true,
2447,192,V4T001059,9,0.154140,0.445927,1.000000,0.154140,true,
2448,192,V4T001304,13,0.163189,0.446408,1.000000,0.163189,true,
2449,192,V4T001913,2,0.136041,0.444507,1.000000,0.136041,true,
2450,192,V4T000481,7,0.183593,0.444815,1.000000,0.183593,true,
2451,192,V4T001878,15,0.217971,0.446754,1.000000,0.098087,true,
2452,193,V4T000061,15,1.000000,0.394590,1.000000,0.300000,true,
2453,193,V4T000033,11,0.315371,0.392587,1.000000,0.315371,true,
2454,193,V4T001122,10,0.250265,0.393254,1.000000,0.250265,true,
2455,193,V4T000277,7,0.095836,0.391353,1.000000,0.162921,true,
2456,193,V4T001189,6,0.273414,0.391731,1.000000,0.273414,true,
2457,193,V4T000661,2,0.156463,0.389465,1.000000,0.265987,true,
2458,193,V4T000455,3,0.173211,0.389149,1.000000,0.173211,true,
2459,193,V4T000052,1,0.251440,0.390233,1.000000,0.251440,true,
2460,193,V4T002206,14,0.224243,0.394609,1.000000,0.224243,true,
2461,193,V4T001576,9,0.247098,0.393332,1.000000,0.247098,true,
2462,193,V4T001545,5,0.506333,0.392087,1.000000,0.506333,true,
2463,193,V4T000451,4,0.042350,0.392308,1.000000,0.071994,true,
2464,193,V4T002203,13,1.000000,0.395129,1.000000,0.300000,true,
2465,193,V4T001811,8,0.350201,0.393903,1.000000,0.350201,true,
2466,194,V4T000138,3,0.913357,0.331332,1.000000,0.913357,true,
2467,194,V4T000117,15,0.414965,0.336637,1.000000,0.414965,true,
2468,194,V4T000024,11,1.000000,0.335759,1.000000,0.450000,true,
2469,194,V4T000409,14,0.605260,0.336489,1.000000,0.605260,true,
2470,194,V4T001189,10,0.624407,0.335479,1.000000,0.624407,true,
2471,194,V4T000661,6,0.357414,0.333626,1.000000,0.607604,true,
2472,194,V4T000455,7,0.395607,0.333300,1.000000,0.395607,true,
2473,194,V4T000052,5,0.574480,0.334345,1.000000,0.574480,true,
2474,194,V4T001140,2,1.000000,0.332569,1.000000,0.450000,true,
2475,194,V4T000857,13,0.698102,0.336711,1.000000,0.698102,true,
2476,194,V4T001545,9,1.000000,0.335807,1.000000,1.000000,true,
2477,194,V4T000451,8,0.096746,0.336080,1.000000,0.164469,true,
2478,194,V4T001811,12,0.799994,0.337435,1.000000,0.799994,true,
2479,195,V4T000547,0,0.450411,0.190696,1.120000,0.504460,true,
2480,195,V4T001900,4,0.558267,0.191658,1.120000,0.625259,true,
2481,195,V4T000803,5,0.424033,0.191513,1.120000,0.474917,true,
2482,195,V4T000306,8,0.284210,0.192139,1.120000,0.318315,true,
2483,195,V4T001990,9,0.515532,0.191927,1.120000,0.577396,true,
2484,195,V4T001867,1,0.241051,0.191120,1.120000,0.458961,true,
2485,195,V4T001635,6,0.413733,0.191370,1.120000,0.463381,true,
2486,195,V4T000525,10,0.628775,0.192057,1.120000,0.704227,true,
2487,195,V4T001009,14,0.544885,0.192606,1.120000,0.610271,true,
2488,195,V4T001721,13,0.165056,0.192705,1.120000,0.314266,true,
2489,195,V4T001702,3,1.000000,0.190774,1.120000,0.504000,true,
2490,195,V4T002030,7,0.374361,0.191562,1.120000,0.419284,true,
2491,195,V4T000225,11,0.437467,0.192084,1.120000,0.489963,true,
2492,195,V4T001518,15,0.522581,0.192590,1.120000,0.585291,true,
2493,196,V4T000019,0,0.063852,0.183923,1.000000,0.063852,true,
2494,196,V4T001510,8,0.165096,0.185474,1.000000,0.074293,true,
2495,196,V4T000854,4,0.162957,0.184376,1.000000,0.073331,true,
2496,196,V4T000519,6,0.075215,0.184609,1.000000,0.075215,true,
2497,196,V4T002389,7,0.049425,0.184662,1.000000,0.049425,true,
2498,196,V4T001815,11,0.054175,0.185457,1.000000,0.054175,true,
2499,196,V4T000077,14,0.509438,0.186002,1.000000,0.152831,true,
2500,196,V4T001225,15,0.080731,0.186205,1.000000,0.080731,true,
2501,197,V4T002263,0,0.222054,0.181980,1.000000,0.099925,true,
2502,197,V4T000530,4,0.796126,0.182513,1.000000,0.238838,true,
2503,197,V4T001063,8,0.717590,0.183633,1.000000,0.215277,true,
2504,197,V4T002181,12,0.274584,0.183957,1.000000,0.123563,true,
2505,197,V4T002359,13,0.204034,0.184070,1.000000,0.204034,true,
2506,197,V4T000685,2,0.093780,0.182061,1.000000,0.093780,true,
2507,197,V4T000201,6,0.096114,0.182827,1.000000,0.096114,true,
2508,197,V4T001817,10,0.053882,0.183280,1.000000,0.053882,true,
2509,197,V4T000279,9,0.186074,0.183603,1.000000,0.186074,true,
2510,197,V4T001744,14,0.062534,0.184083,1.000000,0.062534,true,
2511,197,V4T000631,3,0.254482,0.182340,1.000000,0.114517,true,
2512,198,V4T000324,0,1.000000,0.178197,1.060000,1.060000,true,
2513,198,V4T000914,4,0.427307,0.179774,1.060000,0.452946,true,
2514,198,V4T002079,9,1.000000,0.180646,1.000000,0.450000,true,
2515,198,V4T001878,2,1.000000,0.178679,1.060000,0.477000,true,
2516,198,V4T001673,5,0.430484,0.178933,1.060000,0.456313,true,
2517,198,V4T001191,10,1.000000,0.180235,1.060000,1.060000,true,
2518,198,V4T001984,14,1.000000,0.181090,1.000000,0.450000,true,
2519,198,V4T000383,15,0.330270,0.181186,1.000000,0.330270,true,
2520,198,V4T001798,13,1.000000,0.181600,1.000000,1.000000,true,
2521,198,V4T000586,7,1.000000,0.179331,1.060000,1.060000,true,
2522,198,V4T001597,11,0.091857,0.180148,1.060000,0.165526,true,
2523,199,V4T000471,1,0.993126,0.182963,1.060000,0.473721,true,
2524,199,V4T001862,0,0.551713,0.183445,1.000000,0.551713,true,
2525,199,V4T001185,5,1.000000,0.184224,1.000000,0.450000,true,
2526,199,V4T002352,4,0.233823,0.185133,1.000000,0.233823,true,
2527,199,V4T000821,13,1.000000,0.187224,1.000000,1.000000,true,
2528,199,V4T000456,2,0.465705,0.183367,1.000000,0.465705,true,
2529,199,V4T001338,3,1.000000,0.183595,1.000000,0.450000,true,
2530,199,V4T000883,15,0.763504,0.186390,1.000000,0.343577,true,
2531,199,V4T001612,7,1.000000,0.184152,1.000000,0.450000,true,
2532,200,V4T000883,0,0.114840,0.168211,1.060000,0.054779,true,
2533,200,V4T001594,8,0.109013,0.171085,1.060000,0.051999,true,
2534,200,V4T002326,9,0.548670,0.171001,1.060000,0.174477,true,
2535,200,V4T001269,12,0.138839,0.171550,1.060000,0.066226,true,
2536,200,V4T000958,10,0.110888,0.170696,1.060000,0.117541,true,
2537,200,V4T000122,14,0.128511,0.171652,1.060000,0.061300,true,
2538,200,V4T001415,3,0.066537,0.168446,1.060000,0.070529,true,
2539,201,V4T000883,0,0.541755,0.099191,1.060000,0.258417,true,
2540,201,V4T001594,8,0.516385,0.101302,1.060000,0.246315,true,
2541,201,V4T002326,9,1.000000,0.101223,1.060000,0.318000,true,
2542,201,V4T001269,12,0.658127,0.101648,1.060000,0.313926,true,
2543,201,V4T000958,10,0.524840,0.100989,1.060000,0.556330,true,
2544,201,V4T000122,14,0.608976,0.101676,1.060000,0.290482,true,
2545,201,V4T001656,3,0.286721,0.098952,1.060000,0.303924,true,
2546,202,V4T002209,0,0.129216,0.189283,1.000000,0.058147,true,
2547,202,V4T001844,2,0.058913,0.189525,1.000000,0.058913,true,
2548,202,V4T001102,6,0.067821,0.190196,1.000000,0.067821,true,
2549,202,V4T000923,5,0.081021,0.190230,1.000000,0.081021,true,
2550,202,V4T001792,1,0.573513,0.189759,1.000000,0.172054,true,
2551,202,V4T000388,4,0.081895,0.190040,1.000000,0.081895,true,
2552,202,V4T000517,9,0.075021,0.190910,1.000000,0.075021,true,
2553,202,V4T000819,8,0.168451,0.190795,1.000000,0.075803,true,
2554,202,V4T002156,12,0.062959,0.191980,1.000000,0.062959,true,
2555,202,V4T001000,3,0.141728,0.189453,1.000000,0.063777,true,
2556,202,V4T000818,10,0.140111,0.190864,1.000000,0.063050,true,
2557,202,V4T000027,14,0.160150,0.191728,1.000000,0.072067,true,
2558,202,V4T001210,13,0.044770,0.191814,1.000000,0.044770,true,
2559,203,V4T001538,1,0.633369,0.186215,1.000000,0.633369,true,
2560,203,V4T000388,0,0.642327,0.186317,1.000000,0.642327,true,
2561,203,V4T000818,5,1.000000,0.187048,1.000000,0.450000,true,
2562,203,V4T000517,4,0.588532,0.187209,1.000000,0.588532,true,
2563,203,V4T002156,8,0.494392,0.188443,1.000000,0.494392,true,
2564,203,V4T001102,2,0.531399,0.186281,1.000000,0.531399,true,
2565,203,V4T000027,9,1.000000,0.187994,1.000000,0.450000,true,
2566,203,V4T000667,12,1.000000,0.188952,1.000000,0.450000,true,
2567,203,V4T001954,11,0.322692,0.188283,1.000000,0.322692,true,
2568,203,V4T002347,15,0.320127,0.188727,1.000000,0.320127,true,
2569,203,V4T001452,14,0.713213,0.189100,1.000000,0.713213,true,
2570,203,V4T000616,13,0.582790,0.189148,1.000000,0.582790,true,
2571,204,V4T000466,1,0.070094,0.184167,1.000000,0.031542,true,
2572,204,V4T000482,5,0.115245,0.185052,1.000000,0.115245,true,
2573,204,V4T002198,4,0.204078,0.185012,1.000000,0.204078,true,
2574,204,V4T001785,8,0.060163,0.186156,1.000000,0.060163,true,
2575,204,V4T001461,12,0.156847,0.186822,1.000000,0.070581,true,
2576,204,V4T002132,3,0.065754,0.184505,1.000000,0.065754,true,
2577,204,V4T001724,10,0.098501,0.186287,1.000000,0.098501,true,
2578,204,V4T000054,9,0.054221,0.186240,1.000000,0.054221,true,
2579,204,V4T000628,13,0.153679,0.186691,1.000000,0.069155,true,
2580,204,V4T002267,7,0.102624,0.185252,1.000000,0.046181,true,
2581,204,V4T001968,11,0.122667,0.185913,1.000000,0.122667,true,
2582,205,V4T001724,4,0.599638,0.189007,1.000000,0.599638,true,
2583,205,V4T001888,2,0.428535,0.188573,1.000000,0.428535,true,
2584,205,V4T000916,1,0.570761,0.188454,1.000000,0.570761,true,
2585,205,V4T001968,0,0.746384,0.188536,1.000000,0.746384,true,
2586,205,V4T002056,5,0.538827,0.189269,1.000000,0.538827,true,
2587,205,V4T000469,8,0.269275,0.189992,1.000000,0.269275,true,
2588,205,V4T000700,12,0.994887,0.191246,1.000000,0.447699,true,
2589,205,V4T001433,7,0.312464,0.189212,1.000000,0.312464,true,
2590,205,V4T000665,10,0.385607,0.190510,1.000000,0.385607,true,
2591,205,V4T002054,14,1.000000,0.191544,1.000000,0.450000,true,
2592,205,V4T001693,13,1.000000,0.191385,1.000000,0.450000,true,
2593,205,V4T000193,11,0.207640,0.190533,1.000000,0.207640,true,
2594,205,V4T001591,15,0.620209,0.191325,1.000000,0.620209,true,
2595,206,V4T001652,4,0.225866,0.188130,1.060000,0.107738,true,
2596,206,V4T000917,8,0.495893,0.189516,1.000000,0.148768,true,
2597,206,V4T000255,1,0.060050,0.187377,1.060000,0.063653,true,
2598,206,V4T001779,2,0.066562,0.187736,1.060000,0.070556,true,
2599,206,V4T000766,5,0.165746,0.188285,1.000000,0.165746,true,
2600,206,V4T001201,10,0.032411,0.188996,1.000000,0.032411,true,
2601,206,V4T000592,14,0.050166,0.189857,1.000000,0.050166,true,
2602,206,V4T000650,13,0.090753,0.189974,1.000000,0.090753,true,
2603,207,V4T002195,15,0.605414,0.194703,1.000000,0.605414,true,
2604,207,V4T000490,11,0.877093,0.193627,1.000000,0.877093,true,
2605,207,V4T001184,3,0.762482,0.192015,1.000000,0.762482,true,
2606,207,V4T001759,14,0.698200,0.194649,1.000000,0.698200,true,
2607,207,V4T000108,13,1.000000,0.194467,1.000000,1.000000,true,
2608,207,V4T001991,9,0.420140,0.194005,1.000000,0.420140,true,
2609,207,V4T000445,6,1.000000,0.193383,1.000000,0.450000,true,
2610,207,V4T002294,2,0.613553,0.192298,1.000000,0.613553,true,
2611,207,V4T002270,12,0.953996,0.194760,1.000000,0.953996,true,
2612,207,V4T000426,8,0.506715,0.193751,1.000000,0.506715,true,
2613,207,V4T001697,4,0.618740,0.193101,1.000000,0.618740,true,
2614,207,V4T001185,0,1.000000,0.192295,1.000000,0.450000,true,
2615,207,V4T002352,1,0.404215,0.192026,1.000000,0.404215,true,
2616,208,V4T001510,7,1.000000,0.281877,1.000000,0.450000,true,
2617,208,V4T000176,15,1.000000,0.282597,1.000000,1.000000,true,
2618,208,V4T000519,13,1.000000,0.282796,1.000000,1.000000,true,
2619,208,V4T002389,12,0.908469,0.282854,1.000000,0.908469,true,
2620,208,V4T001815,8,0.989834,0.282375,1.000000,0.989834,true,
2621,208,V4T000077,5,1.000000,0.281905,1.000000,0.300000,true,
2622,208,V4T001225,4,1.000000,0.281935,1.000000,1.000000,true,
2623,208,V4T000009,1,0.232937,0.281415,1.000000,0.395992,true,
2624,209,V4T001369,11,1.000000,0.444322,1.000000,0.450000,true,
2625,209,V4T001135,13,1.000000,0.445456,1.000000,0.450000,true,
2626,209,V4T001653,9,1.000000,0.444711,1.000000,0.450000,true,
2627,209,V4T001994,5,1.000000,0.444173,1.000000,0.450000,true,
2628,209,V4T001774,4,1.000000,0.444039,1.000000,0.450000,true,
2629,209,V4T001911,1,1.000000,0.443167,1.000000,1.000000,true,
2630,209,V4T000506,0,1.000000,0.442950,1.000000,1.000000,true,
2631,209,V4T001104,12,1.000000,0.445357,1.000000,0.450000,true,
2632,210,V4T001566,15,1.000000,0.374113,1.000000,1.000000,true,
2633,210,V4T000651,11,0.959455,0.372816,1.000000,0.959455,true,
2634,210,V4T000319,7,1.000000,0.371897,1.000000,1.000000,true,
2635,210,V4T000170,3,1.000000,0.370053,1.000000,0.450000,true,
2636,210,V4T000419,14,1.000000,0.374229,1.000000,0.450000,true,
2637,210,V4T000754,10,1.000000,0.372715,1.000000,1.000000,true,
2638,210,V4T000086,6,1.000000,0.371892,1.000000,1.000000,true,
2639,210,V4T000457,5,1.000000,0.372064,1.000000,0.450000,true,
2640,210,V4T001541,1,1.000000,0.369195,1.000000,1.000000,true,
2641,211,V4T002060,0,0.406505,0.398310,1.000000,0.182927,true,
2642,211,V4T001068,1,0.111955,0.398335,1.000000,0.111955,true,
2643,211,V4T001683,5,0.337610,0.399262,1.000000,0.151924,true,
2644,211,V4T002085,9,0.021910,0.399689,1.000000,0.037246,true,
2645,211,V4T000076,3,0.102966,0.398569,1.000000,0.102966,true,
2646,211,V4T001013,2,0.036470,0.398455,1.000000,0.061999,true,
2647,211,V4T000588,6,0.141861,0.398965,1.000000,0.141861,true,
2648,211,V4T001118,10,0.082409,0.399486,1.000000,0.082409,true,
2649,211,V4T000898,13,0.211495,0.400031,1.000000,0.211495,true,
2650,211,V4T000571,7,1.000000,0.399029,1.000000,0.300000,true,
2651,211,V4T001865,11,0.161594,0.399586,1.000000,0.072717,true,
2652,211,V4T002316,15,0.113021,0.399818,1.000000,0.113021,true,
2653,212,V4T002216,3,0.469773,0.364794,1.000000,0.798614,true,
2654,212,V4T000489,2,0.695160,0.365396,1.000000,0.695160,true,
2655,212,V4T001083,15,0.822723,0.371025,1.000000,0.822723,true,
2656,212,V4T000528,10,1.000000,0.368688,1.000000,1.000000,true,
2657,212,V4T000131,9,1.000000,0.369641,1.000000,1.000000,true,
2658,212,V4T001513,6,0.715232,0.368273,1.000000,0.715232,true,
2659,212,V4T000738,5,1.000000,0.368018,1.000000,1.000000,true,
2660,212,V4T001828,1,1.000000,0.365911,1.000000,1.000000,true,
2661,212,V4T001687,0,1.000000,0.366493,1.000000,1.000000,true,
2662,212,V4T000952,13,1.000000,0.371761,1.000000,1.000000,true,
2663,212,V4T001626,14,1.000000,0.370875,1.000000,0.450000,true,
2664,212,V4T001772,8,0.604445,0.369845,1.000000,1.027557,true,
2665,212,V4T000341,4,1.000000,0.368808,1.000000,0.450000,true,
2666,213,V4T002144,0,0.866163,0.405363,1.000000,0.866163,true,
2667,213,V4T000135,8,1.000000,0.407537,1.000000,0.450000,true,
2668,213,V4T002336,1,1.000000,0.405419,1.000000,1.000000,true,
2669,213,V4T001124,4,1.000000,0.406898,1.000000,1.000000,true,
2670,213,V4T000125,12,0.776834,0.409070,1.000000,0.776834,true,
2671,213,V4T000691,13,1.000000,0.409350,1.000000,0.450000,true,
2672,213,V4T000662,2,0.819628,0.405288,1.000000,1.393368,true,
2673,213,V4T000016,3,0.913836,0.405168,1.000000,0.913836,true,
2674,213,V4T001964,6,1.000000,0.407207,1.000000,0.450000,true,
2675,213,V4T000774,15,1.000000,0.408996,1.000000,1.000000,true,
2676,213,V4T000549,14,0.669242,0.409292,1.000000,1.137712,true,
2677,213,V4T000247,7,1.000000,0.406485,1.000000,1.000000,true,
2678,214,V4T000089,4,0.042291,0.388509,1.000000,0.071895,true,
2679,214,V4T000640,8,0.150693,0.388980,1.000000,0.150693,true,
2680,214,V4T000149,9,0.121175,0.389900,1.000000,0.121175,true,
2681,214,V4T000007,13,0.149211,0.390701,1.000000,0.149211,true,
2682,214,V4T002287,1,1.000000,0.387331,1.000000,0.300000,true,
2683,214,V4T000337,5,0.068791,0.388528,1.000000,0.068791,true,
2684,214,V4T001117,6,0.242386,0.387709,1.000000,0.109074,true,
2685,214,V4T001743,10,0.035546,0.388940,1.000000,0.060427,true,
2686,214,V4T000356,14,0.080768,0.391242,1.000000,0.080768,true,
2687,214,V4T001802,2,0.145735,0.386381,1.000000,0.145735,true,
2688,214,V4T001642,7,0.980635,0.387907,1.000000,0.294190,true,
2689,214,V4T000672,11,0.123149,0.389525,1.000000,0.123149,true,
2690,215,V4T001585,0,1.000000,0.398671,1.000000,1.000000,true,
2691,215,V4T000639,8,1.000000,0.402290,1.000000,0.450000,true,
2692,215,V4T001100,9,0.905524,0.402457,1.000000,0.905524,true,
2693,215,V4T002314,2,1.000000,0.398650,1.000000,1.000000,true,
2694,215,V4T001747,6,0.433175,0.399442,1.000000,0.736398,true,
2695,215,V4T001555,5,0.837121,0.400544,1.000000,1.423106,true,
2696,215,V4T000656,14,1.000000,0.403280,1.000000,1.000000,true,
2697,215,V4T001921,13,0.930390,0.404094,1.000000,1.581663,true,
2698,215,V4T000342,10,1.000000,0.401823,1.000000,0.450000,true,
2699,215,V4T002375,15,1.000000,0.403518,1.000000,1.000000,true,
2700,216,V4T000640,0,0.156098,0.402931,1.000000,0.156098,true,
2701,216,V4T000149,4,0.125697,0.404451,1.000000,0.125697,true,
2702,216,V4T002244,12,0.252655,0.409151,1.000000,0.113695,true,
2703,216,V4T000337,1,0.071205,0.402160,1.000000,0.071205,true,
2704,216,V4T001091,6,0.232494,0.404065,1.000000,0.232494,true,
2705,216,V4T000356,10,0.083956,0.406686,1.000000,0.083956,true,
2706,216,V4T001106,13,0.083488,0.409620,1.000000,0.083488,true,
2707,216,V4T000297,7,0.203024,0.404765,1.000000,0.091361,true,
2708,216,V4T001035,11,0.283353,0.407098,1.000000,0.283353,true,
2709,216,V4T001046,15,1.000000,0.408811,1.000000,0.300000,true,
2710,217,V4T000925,4,0.442746,0.363428,1.000000,0.442746,true,
2711,217,V4T000536,12,0.146152,0.368728,1.000000,0.248458,true,
2712,217,V4T000789,1,0.101290,0.360862,1.000000,0.172192,true,
2713,217,V4T002060,6,1.000000,0.362149,1.000000,0.450000,true,
2714,217,V4T000238,5,1.000000,0.362590,1.000000,0.450000,true,
2715,217,V4T001068,3,0.405428,0.360628,1.000000,0.405428,true,
2716,217,V4T000136,2,0.553558,0.360942,1.000000,0.553558,true,
2717,217,V4T001683,7,1.000000,0.364010,1.000000,0.450000,true,
2718,217,V4T001793,11,0.452732,0.365276,1.000000,0.769645,true,
2719,218,V4T000891,9,0.873659,0.357913,1.000000,0.873659,true,
2720,218,V4T000958,12,1.000000,0.359473,1.000000,1.000000,true,
2721,218,V4T002043,14,0.613436,0.359768,1.000000,0.613436,true,
2722,218,V4T001736,13,1.000000,0.360376,1.000000,1.000000,true,
2723,218,V4T000436,2,1.000000,0.352079,1.000000,1.000000,true,
2724,218,V4T002306,6,1.000000,0.354170,1.000000,1.000000,true,
2725,218,V4T001825,5,0.231507,0.354713,1.000000,0.393563,true,
2726,218,V4T001829,7,0.462129,0.355640,1.000000,0.785619,true,
2727,218,V4T000991,10,0.870769,0.356302,1.000000,0.870769,true,
2728,218,V4T000369,11,1.000000,0.357804,1.000000,1.000000,true,
2729,218,V4T001643,3,0.509223,0.352671,1.000000,0.865679,true,
2730,219,V4T001645,0,0.222118,0.340088,1.000000,0.222118,true,
2731,219,V4T001123,4,0.157139,0.342858,1.000000,0.157139,true,
2732,219,V4T000827,8,0.252804,0.343861,1.000000,0.252804,true,
2733,219,V4T002374,9,0.263048,0.344548,1.000000,0.263048,true,
2734,219,V4T001540,12,0.349556,0.346577,1.000000,0.157300,true,
2735,219,V4T001190,2,0.290026,0.339317,1.000000,0.130512,true,
2736,219,V4T000188,5,0.021884,0.340745,1.000000,0.037203,true,
2737,219,V4T000845,6,0.367985,0.341295,1.000000,0.165593,true,
2738,219,V4T001945,10,0.084687,0.344666,1.000000,0.084687,true,
2739,219,V4T001559,11,0.409848,0.344490,1.000000,0.184432,true,
2740,219,V4T001320,14,0.158697,0.346934,1.000000,0.158697,true,
2741,219,V4T000242,3,1.000000,0.339430,1.000000,0.300000,true,
2742,220,V4T002318,0,0.502470,0.390947,1.000000,0.502470,true,
2743,220,V4T002175,2,0.314305,0.391181,1.000000,0.314305,true,
2744,220,V4T001497,6,0.298350,0.393023,1.000000,0.298350,true,
2745,220,V4T000926,5,1.000000,0.392462,1.000000,0.300000,true,
2746,220,V4T000881,4,0.314627,0.392469,1.000000,0.314627,true,
2747,220,V4T000239,8,0.138007,0.394418,1.000000,0.138007,true,
2748,220,V4T000963,3,0.216784,0.390960,1.000000,0.216784,true,
2749,220,V4T001345,7,1.000000,0.391971,1.000000,0.300000,true,
2750,220,V4T001568,11,0.154484,0.394675,1.000000,0.262623,true,
2751,220,V4T001386,10,0.411219,0.394265,1.000000,0.411219,true,
2752,220,V4T002013,9,0.111838,0.393942,1.000000,0.190125,true,
2753,220,V4T001447,14,0.435210,0.395469,1.000000,0.435210,true,
2754,220,V4T001558,13,0.925883,0.396173,1.000000,0.416647,true,
2755,220,V4T000028,12,0.369983,0.396489,1.000000,0.369983,true,
2756,220,V4T000969,15,0.183872,0.395389,1.000000,0.312582,true,
2757,221,V4T001015,0,0.077772,0.391118,1.000000,0.077772,true,
2758,221,V4T001352,4,0.027238,0.391992,1.000000,0.046305,true,
2759,221,V4T001812,2,0.015298,0.391386,1.000000,0.026006,true,
2760,221,V4T001799,1,0.024357,0.390602,1.000000,0.041407,true,
2761,221,V4T001045,6,0.090999,0.392058,1.000000,0.154699,true,
2762,221,V4T000473,5,0.354060,0.392728,1.000000,0.354060,true,
2763,221,V4T000649,10,0.112030,0.394010,1.000000,0.112030,true,
2764,221,V4T000497,9,0.125972,0.393409,1.000000,0.125972,true,
2765,221,V4T000289,13,0.104271,0.395347,1.000000,0.104271,true,
2766,221,V4T001823,12,0.153885,0.395196,1.000000,0.153885,true,
2767,221,V4T002237,7,0.088288,0.391679,1.000000,0.088288,true,
2768,221,V4T001375,11,1.000000,0.393288,1.000000,0.300000,true,
2769,221,V4T000141,14,0.101427,0.394551,1.000000,0.172426,true,
2770,221,V4T001679,15,0.073618,0.395294,1.000000,0.073618,true,
2771,222,V4T000972,1,1.000000,0.381879,1.000000,0.300000,true,
2772,222,V4T001661,0,0.030919,0.381907,1.000000,0.052562,true,
2773,222,V4T002302,5,0.325895,0.383140,1.000000,0.325895,true,
2774,222,V4T001231,2,0.282543,0.381720,1.000000,0.127144,true,
2775,222,V4T000488,7,0.168122,0.383482,1.000000,0.168122,true,
2776,222,V4T002123,9,0.224180,0.385197,1.000000,0.100881,true,
2777,222,V4T000486,8,0.083441,0.384567,1.000000,0.083441,true,
2778,222,V4T000026,12,0.314345,0.386445,1.000000,0.141455,true,
2779,222,V4T000256,11,0.106594,0.385542,1.000000,0.106594,true,
2780,222,V4T001115,15,0.079708,0.386967,1.000000,0.079708,true,
2781,222,V4T000661,14,0.103566,0.386692,1.000000,0.176062,true,
2782,222,V4T000455,10,0.114469,0.385760,1.000000,0.114469,true,
2783,222,V4T000876,13,0.506070,0.385921,1.000000,0.227731,true,
2784,223,V4T000117,2,0.967175,0.392306,1.000000,0.967175,true,
2785,223,V4T000256,1,0.868533,0.392678,1.000000,0.868533,true,
2786,223,V4T001115,5,0.649693,0.394268,1.000000,0.649693,true,
2787,223,V4T000661,4,0.844853,0.394311,1.000000,1.436250,true,
2788,223,V4T000455,0,0.933759,0.393347,1.000000,0.933759,true,
2789,223,V4T000695,8,1.000000,0.395258,1.000000,0.300000,true,
2790,223,V4T002206,7,1.000000,0.393197,1.000000,1.000000,true,
2791,223,V4T001576,6,1.000000,0.394462,1.000000,1.000000,true,
2792,223,V4T001775,10,0.749264,0.394973,1.000000,0.749264,true,
2793,223,V4T000932,9,1.000000,0.396166,1.000000,0.450000,true,
2794,223,V4T001811,15,1.000000,0.396601,1.000000,1.000000,true,
2795,223,V4T002309,14,0.179197,0.397074,1.000000,0.304634,true,
2796,224,V4T002108,1,0.454349,0.408364,1.000000,0.454349,true,
2797,224,V4T000163,4,0.201537,0.410575,1.000000,0.201537,true,
2798,224,V4T001342,8,0.521637,0.413375,1.000000,0.521637,true,
2799,224,V4T000878,3,0.412222,0.408088,1.000000,0.412222,true,
2800,224,V4T002393,6,1.000000,0.411628,1.000000,0.450000,true,
2801,224,V4T000972,9,1.000000,0.414438,1.000000,0.300000,true,
2802,224,V4T001661,12,0.100792,0.414989,1.000000,0.171346,true,
2803,224,V4T002302,13,1.000000,0.416384,1.000000,1.000000,true,
2804,224,V4T001499,7,0.634050,0.411268,1.000000,0.634050,true,
2805,224,V4T001231,10,0.918277,0.413535,1.000000,0.413224,true,
2806,224,V4T000488,15,0.546539,0.415546,1.000000,0.546539,true,
2807,225,V4T001574,9,0.132558,0.409142,1.000000,0.132558,true,
2808,225,V4T002006,8,0.038835,0.410239,1.000000,0.066019,true,
2809,225,V4T001694,12,0.191475,0.412038,1.000000,0.191475,true,
2810,225,V4T000740,3,0.475080,0.404214,1.000000,0.213786,true,
2811,225,V4T000513,2,0.879135,0.404682,1.000000,0.263741,true,
2812,225,V4T002360,6,0.214623,0.406035,1.000000,0.214623,true,
2813,225,V4T000047,7,0.301328,0.407326,1.000000,0.135598,true,
2814,225,V4T000025,10,1.000000,0.408353,1.000000,0.300000,true,
2815,225,V4T000771,15,1.000000,0.410803,1.000000,0.300000,true,
2816,225,V4T001219,11,0.270124,0.408269,1.000000,0.121556,true,
2817,226,V4T001119,0,0.202327,0.427385,1.000000,0.202327,true,
2818,226,V4T001669,1,0.178735,0.427977,1.000000,0.178735,true,
2819,226,V4T000932,4,0.464014,0.429372,1.000000,0.208806,true,
2820,226,V4T001616,5,1.000000,0.428595,1.000000,0.300000,true,
2821,226,V4T002145,10,0.200752,0.432116,1.000000,0.200752,true,
2822,226,V4T000668,9,0.454812,0.432179,1.000000,0.204665,true,
2823,226,V4T002151,13,0.184010,0.434634,1.000000,0.184010,true,
2824,226,V4T000213,3,0.165688,0.426473,1.000000,0.165688,true,
2825,226,V4T001007,11,0.097627,0.432893,1.000000,0.097627,true,
2826,226,V4T001438,15,0.186775,0.433071,1.000000,0.186775,true,
2827,226,V4T002051,14,0.370283,0.434695,1.000000,0.370283,true,
2828,227,V4T002281,0,0.973508,0.422807,1.000000,0.292052,true,
2829,227,V4T000300,1,0.190320,0.423346,1.000000,0.190320,true,
2830,227,V4T000554,4,0.857116,0.425768,1.000000,0.257135,true,
2831,227,V4T001742,2,0.370984,0.423902,1.000000,0.166943,true,
2832,227,V4T001543,6,0.374570,0.424632,1.000000,0.168557,true,
2833,227,V4T001119,5,0.201061,0.424711,1.000000,0.201061,true,
2834,227,V4T001198,15,0.121662,0.430828,1.000000,0.121662,true,
2835,227,V4T001158,14,0.419520,0.430693,1.000000,0.188784,true,
2836,228,V4T000149,15,1.000000,0.355794,1.000000,1.000000,true,
2837,228,V4T000007,11,1.000000,0.355121,1.000000,1.000000,true,
2838,228,V4T001743,13,0.325193,0.355827,1.000000,0.552829,true,
2839,228,V4T000337,14,0.631590,0.356717,1.000000,0.631590,true,
2840,228,V4T000672,9,1.000000,0.354569,1.000000,1.000000,true,
2841,228,V4T000356,6,0.729894,0.353563,1.000000,0.729894,true,
2842,228,V4T001106,3,0.717882,0.352215,1.000000,0.717882,true,
2843,228,V4T001642,12,1.000000,0.356238,1.000000,0.300000,true,
2844,228,V4T001527,8,1.000000,0.354485,1.000000,0.450000,true,
2845,228,V4T000297,4,1.000000,0.353787,1.000000,0.450000,true,
2846,228,V4T001072,5,0.446705,0.352697,1.000000,0.446705,true,
2847,228,V4T001195,1,1.000000,0.351955,1.000000,1.000000,true,
2848,229,V4T000076,15,1.000000,0.391492,1.000000,1.000000,true,
2849,229,V4T000521,11,0.371210,0.390893,1.000000,0.631056,true,
2850,229,V4T001118,10,0.967575,0.390866,1.000000,0.967575,true,
2851,229,V4T000270,7,1.000000,0.390219,1.000000,1.000000,true,
2852,229,V4T002385,6,1.000000,0.390393,1.000000,1.000000,true,
2853,229,V4T001842,14,0.467882,0.391362,1.000000,0.795399,true,
2854,229,V4T002172,13,1.000000,0.391402,1.000000,0.450000,true,
2855,229,V4T002316,9,1.000000,0.390988,1.000000,1.000000,true,
2856,229,V4T001990,8,1.000000,0.391048,1.000000,1.000000,true,
2857,229,V4T000412,5,1.000000,0.390681,1.000000,1.000000,true,
2858,229,V4T001331,12,1.000000,0.391467,1.000000,1.000000,true,
2859,229,V4T001721,4,0.401290,0.390426,1.000000,0.682192,true,
2860,230,V4T000023,6,1.000000,0.406561,1.000000,1.000000,true,
2861,230,V4T000472,7,0.375359,0.406206,1.000000,0.375359,true,
2862,230,V4T000340,2,0.649557,0.405903,1.000000,0.649557,true,
2863,230,V4T000797,0,0.289341,0.406109,1.000000,0.289341,true,
2864,230,V4T000844,14,0.463093,0.407230,1.000000,0.463093,true,
2865,230,V4T000912,10,1.000000,0.407007,1.000000,0.450000,true,
2866,230,V4T001486,13,1.000000,0.407443,1.000000,1.000000,true,
2867,230,V4T001804,9,0.235516,0.406796,1.000000,0.235516,true,
2868,230,V4T002310,5,1.000000,0.406541,1.000000,0.450000,true,
2869,230,V4T000750,12,0.313080,0.407422,1.000000,0.313080,true,
2870,231,V4T001393,3,1.000000,0.370684,1.000000,1.000000,true,
2871,231,V4T002084,13,0.181428,0.376894,1.000000,0.308427,true,
2872,231,V4T001348,14,0.981063,0.376879,1.000000,0.441478,true,
2873,231,V4T001624,9,0.882651,0.375576,1.000000,0.882651,true,
2874,231,V4T000170,5,1.000000,0.373608,1.000000,0.450000,true,
2875,231,V4T001924,12,0.560425,0.376872,1.000000,0.560425,true,
2876,231,V4T000767,8,0.666597,0.375339,1.000000,0.666597,true,
2877,231,V4T002069,0,1.000000,0.371920,1.000000,1.000000,true,
2878,232,V4T000289,14,0.266599,0.336940,1.000000,0.266599,true,
2879,232,V4T001823,15,0.392487,0.335987,1.000000,0.392487,true,
2880,232,V4T000731,11,0.970672,0.334581,1.000000,0.436803,true,
2881,232,V4T000559,10,0.104576,0.335005,1.000000,0.104576,true,
2882,232,V4T002190,7,0.227474,0.333280,1.000000,0.227474,true,
2883,232,V4T000994,6,0.201240,0.332657,1.000000,0.201240,true,
2884,232,V4T000041,2,0.885174,0.331546,1.000000,0.398328,true,
2885,232,V4T001596,8,0.367589,0.334438,1.000000,0.367589,true,
2886,232,V4T001970,4,0.322834,0.333291,1.000000,0.322834,true,
2887,232,V4T000782,0,0.637070,0.331747,1.000000,0.286681,true,
2888,232,V4T000753,1,0.310382,0.331915,1.000000,0.310382,true,
2889,232,V4T002178,12,0.185870,0.336146,1.000000,0.185870,true,
2890,233,V4T002318,3,1.000000,0.366125,1.000000,1.000000,true,
2891,233,V4T001399,6,1.000000,0.368532,1.000000,0.450000,true,
2892,233,V4T002093,2,0.825780,0.366695,1.000000,0.825780,true,
2893,233,V4T002174,1,0.296194,0.365871,1.000000,0.503530,true,
2894,233,V4T000963,14,0.685990,0.371146,1.000000,0.685990,true,
2895,233,V4T000186,13,1.000000,0.371972,1.000000,1.000000,true,
2896,233,V4T001497,9,0.934027,0.369124,1.000000,0.934027,true,
2897,233,V4T001447,8,1.000000,0.369264,1.000000,1.000000,true,
2898,233,V4T002013,5,0.348471,0.368239,1.000000,0.592401,true,
2899,233,V4T002354,4,0.968559,0.368219,1.000000,0.968559,true,
2900,233,V4T000269,0,0.398721,0.366316,1.000000,0.677826,true,
2901,234,V4T001057,8,0.048020,0.401110,1.000000,0.048020,true,
2902,234,V4T000057,12,0.115535,0.401913,1.000000,0.115535,true,
2903,234,V4T000790,1,0.181491,0.399245,1.000000,0.181491,true,
2904,234,V4T002230,0,0.527227,0.399404,1.000000,0.237252,true,
2905,234,V4T000068,4,0.061259,0.399813,1.000000,0.061259,true,
2906,234,V4T001016,9,0.161957,0.400889,1.000000,0.161957,true,
2907,234,V4T002239,13,0.083248,0.402378,1.000000,0.083248,true,
2908,234,V4T000813,6,0.048609,0.400131,1.000000,0.082634,true,
2909,234,V4T000358,7,0.070887,0.400459,1.000000,0.070887,true,
2910,234,V4T000729,11,0.916364,0.401405,1.000000,0.274909,true,
2911,235,V4T000632,0,0.672269,0.401401,1.000000,0.302521,true,
2912,235,V4T002300,4,0.436274,0.402368,1.000000,0.196323,true,
2913,235,V4T002275,9,0.214269,0.403298,1.000000,0.214269,true,
2914,235,V4T000856,8,1.000000,0.403473,1.000000,0.450000,true,
2915,235,V4T002071,3,0.102135,0.401531,1.000000,0.102135,true,
2916,235,V4T001771,6,0.844204,0.401915,1.000000,0.379892,true,
2917,235,V4T000022,10,0.140897,0.403348,1.000000,0.140897,true,
2918,235,V4T000329,13,0.209429,0.403786,1.000000,0.209429,true,
2919,235,V4T000078,14,0.209050,0.404347,1.000000,0.209050,true,
2920,235,V4T001876,7,0.115635,0.401901,1.000000,0.196580,true,
2921,236,V4T002140,3,0.674547,0.359168,1.000000,0.674547,true,
2922,236,V4T001283,7,1.000000,0.360730,1.000000,1.000000,true,
2923,236,V4T001402,6,0.832626,0.361891,1.000000,0.832626,true,
2924,236,V4T000438,5,0.383525,0.361245,1.000000,0.651993,true,
2925,236,V4T001290,2,0.403971,0.359659,1.000000,0.403971,true,
2926,236,V4T000396,13,1.000000,0.365158,1.000000,0.450000,true,
2927,236,V4T000769,14,0.206041,0.364286,1.000000,0.350270,true,
2928,236,V4T001618,10,0.585489,0.363061,1.000000,0.585489,true,
2929,236,V4T001517,9,0.558270,0.364017,1.000000,0.558270,true,
2930,236,V4T001155,8,0.635725,0.363220,1.000000,0.635725,true,
2931,236,V4T000905,4,1.000000,0.361044,1.000000,1.000000,true,
2932,236,V4T000335,0,0.510839,0.360035,1.000000,0.868427,true,
2933,237,V4T001267,0,0.095019,0.390856,1.000000,0.095019,true,
2934,237,V4T002181,4,0.779289,0.391563,1.000000,0.350680,true,
2935,237,V4T001204,8,0.094541,0.393130,1.000000,0.160719,true,
2936,237,V4T001689,12,1.000000,0.393642,1.000000,0.450000,true,
2937,237,V4T000890,1,1.000000,0.390501,1.000000,0.450000,true,
2938,237,V4T001817,2,0.152943,0.390182,1.000000,0.152943,true,
2939,237,V4T001744,6,0.177479,0.391837,1.000000,0.177479,true,
2940,237,V4T000462,9,0.215543,0.392398,1.000000,0.215543,true,
2941,237,V4T000326,10,0.344566,0.393399,1.000000,0.344566,true,
2942,237,V4T000937,14,0.273982,0.393559,1.000000,0.273982,true,
2943,237,V4T000490,3,0.353839,0.390567,1.000000,0.353839,true,
2944,237,V4T002353,11,0.604361,0.392749,1.000000,0.604361,true,
2945,237,V4T000479,15,0.300394,0.394104,1.000000,0.300394,true,
2946,238,V4T000973,0,1.000000,0.379953,1.000000,0.450000,true,
2947,238,V4T000043,1,0.230172,0.380865,1.000000,0.230172,true,
2948,238,V4T001456,4,0.134571,0.381233,1.000000,0.228771,true,
2949,238,V4T001003,8,0.305091,0.383066,1.000000,0.305091,true,
2950,238,V4T001602,12,0.434447,0.384622,1.000000,0.434447,true,
2951,238,V4T001907,2,0.864944,0.380526,1.000000,0.389225,true,
2952,238,V4T001748,14,0.305480,0.383866,1.000000,0.305480,true,
2953,238,V4T001918,3,1.000000,0.380557,1.000000,0.300000,true,
2954,238,V4T001180,7,0.795243,0.381404,1.000000,0.795243,true,
2955,238,V4T000733,11,0.681540,0.383215,1.000000,0.681540,true,
2956,238,V4T001830,15,1.000000,0.383796,1.000000,0.450000,true,
2957,239,V4T002353,0,0.281437,0.365787,1.000000,0.281437,true,
2958,239,V4T002294,1,0.116605,0.365462,1.000000,0.116605,true,
2959,239,V4T000479,4,0.140001,0.367350,1.000000,0.140001,true,
2960,239,V4T001784,8,0.053460,0.369110,1.000000,0.053460,true,
2961,239,V4T001128,5,0.267116,0.367795,1.000000,0.120202,true,
2962,239,V4T002352,3,0.076912,0.365377,1.000000,0.076912,true,
2963,239,V4T001857,11,0.113283,0.368694,1.000000,0.113283,true,
2964,239,V4T000415,15,1.000000,0.369986,1.000000,0.300000,true,
2965,240,V4T000844,0,0.236518,0.207987,1.000000,0.236518,true,
2966,240,V4T001845,4,0.105765,0.208843,1.000000,0.179801,true,
2967,240,V4T001941,2,0.399468,0.208262,1.000000,0.399468,true,
2968,240,V4T001571,5,0.700765,0.208705,1.000000,0.315344,true,
2969,240,V4T000750,9,0.161205,0.209781,1.000000,0.161205,true,
2970,240,V4T001877,13,1.000000,0.210709,1.000000,0.450000,true,
2971,240,V4T000019,7,0.362870,0.209046,1.000000,0.362870,true,
2972,240,V4T000802,10,0.184366,0.210353,1.000000,0.184366,true,
2973,240,V4T001501,15,0.156511,0.211099,1.000000,0.156511,true,
2974,240,V4T000147,14,0.638339,0.211618,1.000000,0.638339,true,
2975,240,V4T000854,11,0.926666,0.209694,1.000000,0.417000,true,
2976,241,V4T000496,0,0.171356,0.052148,1.060000,0.181637,true,
2977,241,V4T002090,4,0.181996,0.052406,1.060000,0.192915,true,
2978,241,V4T001552,9,0.186272,0.052822,1.060000,0.197448,true,
2979,241,V4T001801,13,0.118448,0.052994,1.060000,0.213443,true,
2980,241,V4T001050,3,0.521322,0.052014,1.060000,0.248671,true,
2981,241,V4T000375,2,0.657538,0.051982,1.060000,0.313646,true,
2982,241,V4T001719,7,0.161859,0.052291,1.060000,0.171570,true,
2983,241,V4T002117,10,0.493123,0.052715,1.060000,0.235220,true,
2984,241,V4T001482,15,0.203810,0.052908,1.060000,0.216039,true,
2985,241,V4T002166,14,0.279793,0.053067,1.060000,0.296581,true,
2986,242,V4T001952,8,0.446592,0.319694,1.000000,0.200966,true,
2987,242,V4T001487,12,0.576333,0.323018,1.000000,0.259350,true,
2988,242,V4T001262,2,0.497688,0.316130,1.000000,0.223960,true,
2989,242,V4T002021,5,0.100352,0.318009,1.000000,0.100352,true,
2990,242,V4T000805,14,0.137347,0.322366,1.000000,0.137347,true,
2991,242,V4T000619,15,0.403215,0.322804,1.000000,0.181447,true,
2992,243,V4T001262,12,1.000000,0.312836,1.000000,0.450000,true,
2993,243,V4T000562,0,0.732815,0.304474,1.000000,0.732815,true,
2994,243,V4T001602,8,1.000000,0.308936,1.000000,1.000000,true,
2995,243,V4T000871,9,0.254743,0.308934,1.000000,0.433064,true,
2996,243,V4T001645,10,1.000000,0.309168,1.000000,1.000000,true,
2997,243,V4T000827,13,1.000000,0.312987,1.000000,1.000000,true,
2998,243,V4T001803,3,1.000000,0.304426,1.000000,1.000000,true,
2999,243,V4T001455,2,0.482746,0.305045,1.000000,0.482746,true,
3000,243,V4T000188,11,0.132633,0.309774,1.000000,0.225476,true,
3001,244,V4T000919,4,0.176955,0.371714,1.000000,0.176955,true,
3002,244,V4T000381,3,0.854891,0.369461,1.000000,0.256467,true,
3003,244,V4T000069,2,0.138333,0.370216,1.000000,0.138333,true,
3004,244,V4T001791,1,0.248322,0.369573,1.000000,0.111745,true,
3005,244,V4T002325,6,0.130250,0.370936,1.000000,0.130250,true,
3006,244,V4T002188,12,0.101851,0.376682,1.000000,0.101851,true,
3007,244,V4T000992,10,0.341616,0.373413,1.000000,0.153727,true,
3008,244,V4T001474,14,0.132590,0.376577,1.000000,0.132590,true,
3009,244,V4T000178,13,0.111941,0.376628,1.000000,0.111941,true,
3010,244,V4T001351,15,0.344972,0.375778,1.000000,0.155237,true,
3011,245,V4T002377,0,0.119341,0.353353,1.000000,0.119341,true,
3012,245,V4T001819,2,0.049346,0.353395,1.000000,0.049346,true,
3013,245,V4T000627,1,0.154976,0.353959,1.000000,0.154976,true,
3014,245,V4T000801,5,0.039512,0.355258,1.000000,0.067171,true,
3015,245,V4T001992,12,0.116238,0.359355,1.000000,0.116238,true,
3016,245,V4T001339,13,0.356002,0.358911,1.000000,0.160201,true,
3017,245,V4T001856,3,0.286113,0.353439,1.000000,0.128751,true,
3018,245,V4T000190,6,0.074566,0.355553,1.000000,0.074566,true,
3019,245,V4T001233,10,0.185500,0.357894,1.000000,0.185500,true,
3020,245,V4T000622,11,0.648421,0.356945,1.000000,0.194526,true,
3021,245,V4T001163,14,0.062335,0.359204,1.000000,0.062335,true,
3022,245,V4T002259,9,0.358178,0.358130,1.000000,0.161180,true,
3023,245,V4T001254,15,0.066991,0.358500,1.000000,0.066991,true,
3024,246,V4T001347,0,0.990020,0.334182,1.000000,0.990020,true,
3025,246,V4T000801,4,0.224980,0.337135,1.000000,0.382466,true,
3026,246,V4T001856,1,1.000000,0.335002,1.000000,0.450000,true,
3027,246,V4T002383,6,0.727985,0.335636,1.000000,0.727985,true,
3028,246,V4T000248,5,0.609156,0.335791,1.000000,0.609156,true,
3029,246,V4T000870,9,0.396370,0.339522,1.000000,0.396370,true,
3030,246,V4T001233,8,1.000000,0.339847,1.000000,1.000000,true,
3031,246,V4T000233,13,1.000000,0.340596,1.000000,1.000000,true,
3032,246,V4T002259,12,1.000000,0.340160,1.000000,0.450000,true,
3033,246,V4T002340,3,0.418216,0.334230,1.000000,0.418216,true,
3034,246,V4T001279,7,0.594041,0.336437,1.000000,0.594041,true,
3035,246,V4T000622,10,1.000000,0.338601,1.000000,0.300000,true,
3036,246,V4T001254,14,0.381497,0.340260,1.000000,0.381497,true,
3037,246,V4T000114,11,0.495140,0.337965,1.000000,0.495140,true,
3038,247,V4T001778,0,1.000000,0.357081,1.000000,0.450000,true,
3039,247,V4T001644,4,1.000000,0.358567,1.000000,1.000000,true,
3040,247,V4T000899,1,1.000000,0.358049,1.000000,0.450000,true,
3041,247,V4T001899,9,0.609541,0.360608,1.000000,0.609541,true,
3042,247,V4T000792,8,0.871406,0.360760,1.000000,0.871406,true,
3043,247,V4T001547,12,1.000000,0.363013,1.000000,0.450000,true,
3044,247,V4T001824,3,1.000000,0.356753,1.000000,1.000000,true,
3045,247,V4T002169,2,0.174333,0.357310,1.000000,0.296365,true,
3046,247,V4T000398,11,0.953767,0.360556,1.000000,0.953767,true,
3047,247,V4T001613,6,0.894946,0.359698,1.000000,0.894946,true,
3048,247,V4T002139,10,0.683731,0.360900,1.000000,0.683731,true,
3049,247,V4T001936,14,1.000000,0.362409,1.000000,0.450000,true,
3050,247,V4T001426,13,1.000000,0.362816,1.000000,0.300000,true,
3051,247,V4T000526,7,0.414239,0.359031,1.000000,0.414239,true,
3052,247,V4T000240,15,0.194787,0.362027,1.000000,0.331138,true,
