slot_id,night_id,timestamp_utc,duration_seconds,is_observable,seeing_arcsec,transparency,sky_quality,instrument_efficiency
N20260907-S001,N20260907,2026-09-08T02:45:00Z,900,true,0.994801,0.873053,0.987013,0.929542
N20260907-S002,N20260907,2026-09-08T03:00:00Z,900,true,1.017601,0.867274,0.981306,0.963008
N20260907-S003,N20260907,2026-09-08T03:15:00Z,900,true,0.991239,0.884843,0.963997,0.967831
N20260907-S004,N20260907,2026-09-08T03:30:00Z,900,true,1.008469,0.869099,0.958958,0.927362
N20260907-S005,N20260907,2026-09-08T03:45:00Z,900,true,1.019731,0.868473,0.990223,0.938514
N20260907-S006,N20260907,2026-09-08T04:00:00Z,900,true,1.007915,0.872622,0.975610,0.930121
N20260907-S007,N20260907,2026-09-08T04:15:00Z,900,true,1.039282,0.875223,0.987798,0.931553
N20260907-S008,N20260907,2026-09-08T04:30:00Z,900,true,1.077471,0.883195,0.983090,0.916278
N20260907-S009,N20260907,2026-09-08T04:45:00Z,900,true,1.077235,0.890767,0.976179,0.917390
N20260907-S010,N20260907,2026-09-08T05:00:00Z,900,true,1.081813,0.882147,0.984287,0.911608
N20260907-S011,N20260907,2026-09-08T05:15:00Z,900,true,1.029945,0.902966,0.998375,0.953986
N20260907-S012,N20260907,2026-09-08T05:30:00Z,900,true,0.980711,0.883111,1.012189,0.931566
N20260907-S013,N20260907,2026-09-08T05:45:00Z,900,true,0.986178,0.860239,1.000003,0.988847
N20260907-S014,N20260907,2026-09-08T06:00:00Z,900,true,0.973260,0.869339,0.997627,0.996489
N20260907-S015,N20260907,2026-09-08T06:15:00Z,900,true,0.951751,0.859559,1.009797,0.990114
N20260907-S016,N20260907,2026-09-08T06:30:00Z,900,true,0.961065,0.857068,1.016678,0.980891
N20260907-S017,N20260907,2026-09-08T06:45:00Z,900,true,0.982517,0.863720,1.020346,0.980576
N20260907-S018,N20260907,2026-09-08T07:00:00Z,900,true,1.041089,0.869542,1.030973,0.977387
N20260907-S019,N20260907,2026-09-08T07:15:00Z,900,true,1.047231,0.880520,1.010219,0.924953
N20260907-S020,N20260907,2026-09-08T07:30:00Z,900,true,1.055674,0.884232,1.010104,0.992799
N20260907-S021,N20260907,2026-09-08T07:45:00Z,900,true,1.033292,0.899237,0.987424,0.939082
N20260907-S022,N20260907,2026-09-08T08:00:00Z,900,true,0.962182,0.906395,1.003265,0.934925
N20260907-S023,N20260907,2026-09-08T08:15:00Z,900,true,0.961347,0.913859,0.993929,0.909075
N20260907-S024,N20260907,2026-09-08T08:30:00Z,900,true,0.927021,0.903593,0.980618,0.941719
N20260907-S025,N20260907,2026-09-08T08:45:00Z,900,true,0.973342,0.896595,0.987363,0.987037
N20260907-S026,N20260907,2026-09-08T09:00:00Z,900,true,0.974784,0.894893,0.973600,0.917945
N20260907-S027,N20260907,2026-09-08T09:15:00Z,900,true,0.993850,0.907224,0.974564,0.991344
N20260907-S028,N20260907,2026-09-08T09:30:00Z,900,true,0.992483,0.906217,0.972045,0.921054
N20260907-S029,N20260907,2026-09-08T09:45:00Z,900,true,0.993499,0.920555,0.950136,0.960007
N20260907-S030,N20260907,2026-09-08T10:00:00Z,900,true,1.057037,0.930900,0.973374,0.926333
N20260907-S031,N20260907,2026-09-08T10:15:00Z,900,true,1.039403,0.899453,0.968577,0.980527
N20260907-S032,N20260907,2026-09-08T10:30:00Z,900,true,1.083750,0.896733,0.970921,0.952240
N20260907-S033,N20260907,2026-09-08T10:45:00Z,900,true,1.061519,0.881570,0.955274,0.944237
N20260907-S034,N20260907,2026-09-08T11:00:00Z,900,true,1.067551,0.871336,0.967315,0.916115
N20260907-S035,N20260907,2026-09-08T11:15:00Z,900,true,1.007388,0.865050,0.928318,0.924596
N20260907-S036,N20260907,2026-09-08T11:30:00Z,900,true,0.981025,0.866363,0.950889,0.908239
N20260907-S037,N20260907,2026-09-08T11:45:00Z,900,true,0.997351,0.862935,0.964604,0.965151
N20260908-S001,N20260908,2026-09-09T02:45:00Z,900,true,0.911435,0.860638,0.942503,0.970913
N20260908-S002,N20260908,2026-09-09T03:00:00Z,900,true,0.843413,0.855004,0.939594,0.952341
N20260908-S003,N20260908,2026-09-09T03:15:00Z,900,true,0.862895,0.849791,0.932074,0.994105
N20260908-S004,N20260908,2026-09-09T03:30:00Z,900,true,0.862218,0.851649,0.933317,0.936048
N20260908-S005,N20260908,2026-09-09T03:45:00Z,900,true,0.867694,0.862309,0.924267,0.951293
N20260908-S006,N20260908,2026-09-09T04:00:00Z,900,true,0.879265,0.850608,0.902866,0.934029
N20260908-S007,N20260908,2026-09-09T04:15:00Z,900,true,0.864027,0.866000,0.893367,0.900335
N20260908-S008,N20260908,2026-09-09T04:30:00Z,900,true,0.917184,0.865629,0.893375,0.925347
N20260908-S009,N20260908,2026-09-09T04:45:00Z,900,true,0.913011,0.887892,0.902544,0.997896
N20260908-S010,N20260908,2026-09-09T05:00:00Z,900,true,0.967682,0.890999,0.859995,0.988269
N20260908-S011,N20260908,2026-09-09T05:15:00Z,900,false,,,,
N20260908-S012,N20260908,2026-09-09T05:30:00Z,900,true,0.939968,0.889486,0.846402,0.940462
N20260908-S013,N20260908,2026-09-09T05:45:00Z,900,true,0.995934,0.901477,0.861634,0.984981
N20260908-S014,N20260908,2026-09-09T06:00:00Z,900,true,0.883938,0.913674,0.889230,0.971512
N20260908-S015,N20260908,2026-09-09T06:15:00Z,900,true,0.910576,0.900500,0.893454,0.993701
N20260908-S016,N20260908,2026-09-09T06:30:00Z,900,true,0.898675,0.881984,0.923102,0.925101
N20260908-S017,N20260908,2026-09-09T06:45:00Z,900,true,0.899027,0.880473,0.921477,0.940134
N20260908-S018,N20260908,2026-09-09T07:00:00Z,900,true,0.916688,0.863329,0.894550,0.994919
N20260908-S019,N20260908,2026-09-09T07:15:00Z,900,true,0.913938,0.848816,0.919037,0.959365
N20260908-S020,N20260908,2026-09-09T07:30:00Z,900,true,0.913757,0.847091,0.892675,0.919818
N20260908-S021,N20260908,2026-09-09T07:45:00Z,900,true,0.897940,0.805566,0.865119,0.957196
N20260908-S022,N20260908,2026-09-09T08:00:00Z,900,true,0.877741,0.795350,0.862030,0.932881
N20260908-S023,N20260908,2026-09-09T08:15:00Z,900,true,0.917051,0.798545,0.882835,0.996325
N20260908-S024,N20260908,2026-09-09T08:30:00Z,900,true,0.881448,0.815633,0.873968,0.963204
N20260908-S025,N20260908,2026-09-09T08:45:00Z,900,true,0.852681,0.842135,0.865189,0.918942
N20260908-S026,N20260908,2026-09-09T09:00:00Z,900,true,0.841389,0.849929,0.834275,0.949509
N20260908-S027,N20260908,2026-09-09T09:15:00Z,900,true,0.879048,0.870493,0.848419,0.956868
N20260908-S028,N20260908,2026-09-09T09:30:00Z,900,true,0.951453,0.866662,0.837383,0.990442
N20260908-S029,N20260908,2026-09-09T09:45:00Z,900,true,0.986145,0.873578,0.860097,0.952217
N20260908-S030,N20260908,2026-09-09T10:00:00Z,900,true,1.007024,0.870569,0.866461,0.996105
N20260908-S031,N20260908,2026-09-09T10:15:00Z,900,true,1.029776,0.862002,0.896092,0.984134
N20260908-S032,N20260908,2026-09-09T10:30:00Z,900,true,0.990493,0.887756,0.914758,0.915267
N20260908-S033,N20260908,2026-09-09T10:45:00Z,900,true,0.997483,0.875269,0.903908,0.904842
N20260908-S034,N20260908,2026-09-09T11:00:00Z,900,true,0.974710,0.851250,0.892221,0.977992
N20260908-S035,N20260908,2026-09-09T11:15:00Z,900,true,0.995918,0.866251,0.916845,0.907574
N20260908-S036,N20260908,2026-09-09T11:30:00Z,900,true,1.067415,0.853524,0.916660,0.940825
N20260908-S037,N20260908,2026-09-09T11:45:00Z,900,true,1.067136,0.864365,0.932974,0.917852
N20260909-S001,N20260909,2026-09-10T02:45:00Z,900,true,0.950233,0.915187,1.001743,0.926048
N20260909-S002,N20260909,2026-09-10T03:00:00Z,900,true,0.937136,0.908137,0.991670,0.957170
N20260909-S003,N20260909,2026-09-10T03:15:00Z,900,true,0.957418,0.910729,1.012805,0.929655
N20260909-S004,N20260909,2026-09-10T03:30:00Z,900,true,1.027242,0.906539,0.992878,0.934523
N20260909-S005,N20260909,2026-09-10T03:45:00Z,900,true,1.005086,0.904223,1.006701,0.919533
N20260909-S006,N20260909,2026-09-10T04:00:00Z,900,true,0.959000,0.902809,0.998683,0.901469
N20260909-S007,N20260909,2026-09-10T04:15:00Z,900,true,0.924398,0.895729,0.962942,0.961266
N20260909-S008,N20260909,2026-09-10T04:30:00Z,900,true,0.945567,0.890251,0.983406,0.923740
N20260909-S009,N20260909,2026-09-10T04:45:00Z,900,true,1.000319,0.901694,0.998932,0.904271
N20260909-S010,N20260909,2026-09-10T05:00:00Z,900,true,0.984314,0.902068,1.009028,0.982055
N20260909-S011,N20260909,2026-09-10T05:15:00Z,900,true,0.966217,0.913344,1.022682,0.905613
N20260909-S012,N20260909,2026-09-10T05:30:00Z,900,true,0.884969,0.907480,0.984898,0.905252
N20260909-S013,N20260909,2026-09-10T05:45:00Z,900,true,0.869659,0.920220,1.002317,0.995197
N20260909-S014,N20260909,2026-09-10T06:00:00Z,900,true,0.889602,0.911589,0.987062,0.937899
N20260909-S015,N20260909,2026-09-10T06:15:00Z,900,true,0.913631,0.903153,0.998246,0.998590
N20260909-S016,N20260909,2026-09-10T06:30:00Z,900,true,0.948884,0.894519,0.988858,0.984828
N20260909-S017,N20260909,2026-09-10T06:45:00Z,900,true,0.969246,0.906053,0.984442,0.943595
N20260909-S018,N20260909,2026-09-10T07:00:00Z,900,true,0.901756,0.918511,0.977409,0.943325
N20260909-S019,N20260909,2026-09-10T07:15:00Z,900,true,0.911246,0.922976,0.995788,0.970791
N20260909-S020,N20260909,2026-09-10T07:30:00Z,900,true,0.909208,0.912627,0.995588,0.927044
N20260909-S021,N20260909,2026-09-10T07:45:00Z,900,true,0.918003,0.910584,0.999592,0.990161
N20260909-S022,N20260909,2026-09-10T08:00:00Z,900,true,0.870890,0.907880,0.970949,0.926917
N20260909-S023,N20260909,2026-09-10T08:15:00Z,900,true,0.864631,0.910057,0.958582,0.930851
N20260909-S024,N20260909,2026-09-10T08:30:00Z,900,true,0.874500,0.912868,0.941415,0.938717
N20260909-S025,N20260909,2026-09-10T08:45:00Z,900,true,0.847189,0.918657,0.949686,0.989319
N20260909-S026,N20260909,2026-09-10T09:00:00Z,900,true,0.838389,0.917557,0.930790,0.935048
N20260909-S027,N20260909,2026-09-10T09:15:00Z,900,true,0.851610,0.927938,0.917964,0.947006
N20260909-S028,N20260909,2026-09-10T09:30:00Z,900,true,0.868165,0.927493,0.919281,0.929341
N20260909-S029,N20260909,2026-09-10T09:45:00Z,900,true,0.877319,0.919300,0.927432,0.906501
N20260909-S030,N20260909,2026-09-10T10:00:00Z,900,true,0.850158,0.923009,0.915859,0.998375
N20260909-S031,N20260909,2026-09-10T10:15:00Z,900,true,0.873278,0.912017,0.907813,0.918435
N20260909-S032,N20260909,2026-09-10T10:30:00Z,900,true,0.905183,0.908382,0.940427,0.904798
N20260909-S033,N20260909,2026-09-10T10:45:00Z,900,true,0.919848,0.923478,0.953943,0.905880
N20260909-S034,N20260909,2026-09-10T11:00:00Z,900,true,0.887505,0.934631,0.938536,0.966255
N20260909-S035,N20260909,2026-09-10T11:15:00Z,900,true,0.949681,0.925451,0.972399,0.998816
N20260909-S036,N20260909,2026-09-10T11:30:00Z,900,true,0.932458,0.934979,0.971141,0.958800
N20260909-S037,N20260909,2026-09-10T11:45:00Z,900,true,0.949992,0.935371,0.960508,0.936352
N20260910-S001,N20260910,2026-09-11T02:45:00Z,900,true,0.991252,0.883294,1.005950,0.921696
N20260910-S002,N20260910,2026-09-11T03:00:00Z,900,true,0.983460,0.887861,1.009960,0.984135
N20260910-S003,N20260910,2026-09-11T03:15:00Z,900,true,0.957864,0.897246,1.032991,0.972957
N20260910-S004,N20260910,2026-09-11T03:30:00Z,900,true,0.944955,0.902804,1.040803,0.937635
N20260910-S005,N20260910,2026-09-11T03:45:00Z,900,true,0.959271,0.930502,1.003822,0.915349
N20260910-S006,N20260910,2026-09-11T04:00:00Z,900,true,0.971136,0.930075,1.008098,0.934341
N20260910-S007,N20260910,2026-09-11T04:15:00Z,900,true,1.029302,0.930309,1.016053,0.940070
N20260910-S008,N20260910,2026-09-11T04:30:00Z,900,true,1.020024,0.928485,1.024147,0.989337
N20260910-S009,N20260910,2026-09-11T04:45:00Z,900,true,1.029151,0.946709,1.019224,0.908867
N20260910-S010,N20260910,2026-09-11T05:00:00Z,900,true,1.031819,0.948368,1.017456,0.999738
N20260910-S011,N20260910,2026-09-11T05:15:00Z,900,true,1.014630,0.944979,1.015077,0.923384
N20260910-S012,N20260910,2026-09-11T05:30:00Z,900,true,0.925405,0.959759,1.029191,0.930982
N20260910-S013,N20260910,2026-09-11T05:45:00Z,900,true,0.960433,0.950373,1.050234,0.945139
N20260910-S014,N20260910,2026-09-11T06:00:00Z,900,true,0.939660,0.948951,1.062096,0.996705
N20260910-S015,N20260910,2026-09-11T06:15:00Z,900,true,0.915761,0.940073,1.036446,0.965015
N20260910-S016,N20260910,2026-09-11T06:30:00Z,900,true,0.869135,0.913434,1.032142,0.918988
N20260910-S017,N20260910,2026-09-11T06:45:00Z,900,true,0.896793,0.922333,1.024102,0.919907
N20260910-S018,N20260910,2026-09-11T07:00:00Z,900,true,0.867938,0.946539,1.043117,0.969778
N20260910-S019,N20260910,2026-09-11T07:15:00Z,900,true,0.888996,0.931219,1.050193,0.904005
N20260910-S020,N20260910,2026-09-11T07:30:00Z,900,true,0.866866,0.924925,1.039152,0.985366
N20260910-S021,N20260910,2026-09-11T07:45:00Z,900,true,0.913820,0.912044,1.012925,0.931063
N20260910-S022,N20260910,2026-09-11T08:00:00Z,900,true,0.904989,0.907423,1.020205,0.940281
N20260910-S023,N20260910,2026-09-11T08:15:00Z,900,true,0.914636,0.892823,1.027075,0.982716
N20260910-S024,N20260910,2026-09-11T08:30:00Z,900,true,0.906361,0.910573,1.034692,0.953817
N20260910-S025,N20260910,2026-09-11T08:45:00Z,900,true,0.918238,0.891540,1.062367,0.900665
N20260910-S026,N20260910,2026-09-11T09:00:00Z,900,true,0.942643,0.903282,1.065468,0.937201
N20260910-S027,N20260910,2026-09-11T09:15:00Z,900,true,0.899314,0.894625,1.057440,0.927933
N20260910-S028,N20260910,2026-09-11T09:30:00Z,900,true,0.883001,0.901131,1.072515,0.930303
N20260910-S029,N20260910,2026-09-11T09:45:00Z,900,true,0.861795,0.886119,1.043788,0.988901
N20260910-S030,N20260910,2026-09-11T10:00:00Z,900,true,0.888377,0.869086,1.048791,0.980140
N20260910-S031,N20260910,2026-09-11T10:15:00Z,900,true,0.836964,0.871613,1.040676,0.948724
N20260910-S032,N20260910,2026-09-11T10:30:00Z,900,true,0.870442,0.869286,1.047492,0.905535
N20260910-S033,N20260910,2026-09-11T10:45:00Z,900,true,0.889520,0.871822,1.036473,0.970514
N20260910-S034,N20260910,2026-09-11T11:00:00Z,900,true,0.861888,0.851680,1.035332,0.903762
N20260910-S035,N20260910,2026-09-11T11:15:00Z,900,true,0.891110,0.861953,1.010409,0.931576
N20260910-S036,N20260910,2026-09-11T11:30:00Z,900,true,0.917010,0.862922,1.003469,0.924760
N20260910-S037,N20260910,2026-09-11T11:45:00Z,900,true,0.934957,0.873514,1.007599,0.956163
N20260911-S001,N20260911,2026-09-12T02:45:00Z,900,true,1.045301,0.872413,1.128762,0.956971
N20260911-S002,N20260911,2026-09-12T03:00:00Z,900,true,1.009054,0.856400,1.121879,0.977636
N20260911-S003,N20260911,2026-09-12T03:15:00Z,900,true,0.996820,0.837252,1.135312,0.932331
N20260911-S004,N20260911,2026-09-12T03:30:00Z,900,true,0.987877,0.826586,1.151727,0.911627
N20260911-S005,N20260911,2026-09-12T03:45:00Z,900,true,0.997382,0.829569,1.186420,0.978238
N20260911-S006,N20260911,2026-09-12T04:00:00Z,900,true,0.967797,0.829080,1.167952,0.947451
N20260911-S007,N20260911,2026-09-12T04:15:00Z,900,true,0.949063,0.839758,1.146194,0.969876
N20260911-S008,N20260911,2026-09-12T04:30:00Z,900,true,0.960971,0.856087,1.156319,0.982088
N20260911-S009,N20260911,2026-09-12T04:45:00Z,900,true,0.935298,0.844442,1.125759,0.998020
N20260911-S010,N20260911,2026-09-12T05:00:00Z,900,true,0.982235,0.850289,1.116303,0.929853
N20260911-S011,N20260911,2026-09-12T05:15:00Z,900,true,0.997642,0.857430,1.127883,0.905785
N20260911-S012,N20260911,2026-09-12T05:30:00Z,900,true,0.974807,0.866494,1.141366,0.959721
N20260911-S013,N20260911,2026-09-12T05:45:00Z,900,true,0.954080,0.861772,1.151562,0.966033
N20260911-S014,N20260911,2026-09-12T06:00:00Z,900,true,0.929971,0.870683,1.184714,0.914925
N20260911-S015,N20260911,2026-09-12T06:15:00Z,900,true,0.896368,0.871342,1.186745,0.972035
N20260911-S016,N20260911,2026-09-12T06:30:00Z,900,true,0.923290,0.884351,1.159421,0.929649
N20260911-S017,N20260911,2026-09-12T06:45:00Z,900,true,0.953895,0.876470,1.146813,0.914711
N20260911-S018,N20260911,2026-09-12T07:00:00Z,900,true,0.940756,0.883790,1.140903,0.929937
N20260911-S019,N20260911,2026-09-12T07:15:00Z,900,true,0.938539,0.889660,1.155137,0.989303
N20260911-S020,N20260911,2026-09-12T07:30:00Z,900,true,0.907825,0.890813,1.171320,0.917908
N20260911-S021,N20260911,2026-09-12T07:45:00Z,900,true,0.878888,0.902468,1.156456,0.952251
N20260911-S022,N20260911,2026-09-12T08:00:00Z,900,true,0.872950,0.907315,1.168175,0.956408
N20260911-S023,N20260911,2026-09-12T08:15:00Z,900,true,0.970335,0.903601,1.175180,0.982379
N20260911-S024,N20260911,2026-09-12T08:30:00Z,900,true,1.005772,0.904645,1.188341,0.977698
N20260911-S025,N20260911,2026-09-12T08:45:00Z,900,true,1.006738,0.886911,1.154623,0.976986
N20260911-S026,N20260911,2026-09-12T09:00:00Z,900,true,1.030594,0.872469,1.158749,0.981246
N20260911-S027,N20260911,2026-09-12T09:15:00Z,900,true,1.042972,0.877667,1.154788,0.968591
N20260911-S028,N20260911,2026-09-12T09:30:00Z,900,true,1.023772,0.849857,1.136392,0.962144
N20260911-S029,N20260911,2026-09-12T09:45:00Z,900,true,1.045192,0.852434,1.104169,0.956941
N20260911-S030,N20260911,2026-09-12T10:00:00Z,900,true,1.081719,0.852453,1.111080,0.981006
N20260911-S031,N20260911,2026-09-12T10:15:00Z,900,true,1.097444,0.857516,1.105980,0.966628
N20260911-S032,N20260911,2026-09-12T10:30:00Z,900,true,1.101311,0.874271,1.114312,0.987353
N20260911-S033,N20260911,2026-09-12T10:45:00Z,900,true,1.042388,0.883671,1.092604,0.987313
N20260911-S034,N20260911,2026-09-12T11:00:00Z,900,true,1.054079,0.875342,1.132534,0.990999
N20260911-S035,N20260911,2026-09-12T11:15:00Z,900,true,1.029850,0.857486,1.128758,0.950667
N20260911-S036,N20260911,2026-09-12T11:30:00Z,900,true,1.024564,0.854114,1.088501,0.901992
N20260911-S037,N20260911,2026-09-12T11:45:00Z,900,true,1.000445,0.848134,1.101505,0.972141
N20260911-S038,N20260911,2026-09-12T12:00:00Z,900,true,1.057160,0.850371,1.114173,0.999092
N20260912-S001,N20260912,2026-09-13T02:30:00Z,900,true,1.137499,0.851860,1.052982,0.902266
N20260912-S002,N20260912,2026-09-13T02:45:00Z,900,true,1.169407,0.859335,1.075161,0.994620
N20260912-S003,N20260912,2026-09-13T03:00:00Z,900,true,1.164452,0.880872,1.080406,0.989540
N20260912-S004,N20260912,2026-09-13T03:15:00Z,900,true,1.181645,0.889500,1.087901,0.971396
N20260912-S005,N20260912,2026-09-13T03:30:00Z,900,true,1.213639,0.878286,1.090157,0.999240
N20260912-S006,N20260912,2026-09-13T03:45:00Z,900,true,1.205863,0.875842,1.094922,0.922960
N20260912-S007,N20260912,2026-09-13T04:00:00Z,900,true,1.153756,0.876349,1.098487,0.929800
N20260912-S008,N20260912,2026-09-13T04:15:00Z,900,true,1.150629,0.857447,1.097282,0.922144
N20260912-S009,N20260912,2026-09-13T04:30:00Z,900,true,1.139494,0.844962,1.086328,0.908465
N20260912-S010,N20260912,2026-09-13T04:45:00Z,900,true,1.098872,0.838197,1.081344,0.983272
N20260912-S011,N20260912,2026-09-13T05:00:00Z,900,true,1.072994,0.847457,1.060619,0.960047
N20260912-S012,N20260912,2026-09-13T05:15:00Z,900,true,1.094653,0.847712,1.068801,0.983814
N20260912-S013,N20260912,2026-09-13T05:30:00Z,900,true,1.124039,0.853033,1.083134,0.957513
N20260912-S014,N20260912,2026-09-13T05:45:00Z,900,true,1.162557,0.854489,1.096476,0.911210
N20260912-S015,N20260912,2026-09-13T06:00:00Z,900,true,1.166156,0.841626,1.092085,0.926289
N20260912-S016,N20260912,2026-09-13T06:15:00Z,900,true,1.208826,0.837607,1.122435,0.953617
N20260912-S017,N20260912,2026-09-13T06:30:00Z,900,true,1.196401,0.837776,1.108376,0.920017
N20260912-S018,N20260912,2026-09-13T06:45:00Z,900,true,1.177739,0.834508,1.102892,0.981046
N20260912-S019,N20260912,2026-09-13T07:00:00Z,900,true,1.178029,0.846918,1.106513,0.905322
N20260912-S020,N20260912,2026-09-13T07:15:00Z,900,true,1.203964,0.842798,1.054638,0.926960
N20260912-S021,N20260912,2026-09-13T07:30:00Z,900,true,1.153943,0.849046,1.049192,0.950414
N20260912-S022,N20260912,2026-09-13T07:45:00Z,900,true,1.168189,0.841910,1.046078,0.938772
N20260912-S023,N20260912,2026-09-13T08:00:00Z,900,true,1.210306,0.847456,1.080346,0.983555
N20260912-S024,N20260912,2026-09-13T08:15:00Z,900,true,1.223497,0.827508,1.084770,0.918376
N20260912-S025,N20260912,2026-09-13T08:30:00Z,900,true,1.235512,0.828664,1.082019,0.987279
N20260912-S026,N20260912,2026-09-13T08:45:00Z,900,true,1.226372,0.834744,1.082399,0.937966
N20260912-S027,N20260912,2026-09-13T09:00:00Z,900,true,1.239972,0.836226,1.096479,0.952174
N20260912-S028,N20260912,2026-09-13T09:15:00Z,900,true,1.223226,0.831986,1.086900,0.948644
N20260912-S029,N20260912,2026-09-13T09:30:00Z,900,true,1.204832,0.827077,1.068694,0.937622
N20260912-S030,N20260912,2026-09-13T09:45:00Z,900,true,1.160629,0.823404,1.098722,0.924441
N20260912-S031,N20260912,2026-09-13T10:00:00Z,900,true,1.150212,0.826681,1.110159,0.962547
N20260912-S032,N20260912,2026-09-13T10:15:00Z,900,true,1.098027,0.833163,1.096088,0.928549
N20260912-S033,N20260912,2026-09-13T10:30:00Z,900,true,1.096378,0.824855,1.071637,0.987702
N20260912-S034,N20260912,2026-09-13T10:45:00Z,900,true,1.091739,0.826427,1.062846,0.962414
N20260912-S035,N20260912,2026-09-13T11:00:00Z,900,true,1.105795,0.813840,1.046002,0.950595
N20260912-S036,N20260912,2026-09-13T11:15:00Z,900,true,1.166811,0.822285,1.067452,0.957794
N20260912-S037,N20260912,2026-09-13T11:30:00Z,900,true,1.169236,0.810899,1.063810,0.927171
N20260912-S038,N20260912,2026-09-13T11:45:00Z,900,true,1.135036,0.815991,1.055254,0.971229
N20260912-S039,N20260912,2026-09-13T12:00:00Z,900,true,1.132810,0.805267,1.056699,0.915019
N20260913-S001,N20260913,2026-09-14T02:30:00Z,900,true,1.244272,0.824460,1.028597,0.951695
N20260913-S002,N20260913,2026-09-14T02:45:00Z,900,true,1.256787,0.824242,1.010606,0.955348
N20260913-S003,N20260913,2026-09-14T03:00:00Z,900,true,1.319130,0.842068,1.031954,0.995878
N20260913-S004,N20260913,2026-09-14T03:15:00Z,900,true,1.341533,0.817217,1.047432,0.970328
N20260913-S005,N20260913,2026-09-14T03:30:00Z,900,true,1.319725,0.821678,1.044526,0.907386
N20260913-S006,N20260913,2026-09-14T03:45:00Z,900,true,1.260730,0.817468,1.083069,0.933387
N20260913-S007,N20260913,2026-09-14T04:00:00Z,900,true,1.260695,0.801604,1.102467,0.917744
N20260913-S008,N20260913,2026-09-14T04:15:00Z,900,true,1.240791,0.794281,1.099748,0.910085
N20260913-S009,N20260913,2026-09-14T04:30:00Z,900,true,1.184060,0.801962,1.114541,0.997904
N20260913-S010,N20260913,2026-09-14T04:45:00Z,900,true,1.168562,0.795051,1.096090,0.971123
N20260913-S011,N20260913,2026-09-14T05:00:00Z,900,true,1.183295,0.827216,1.095890,0.982072
N20260913-S012,N20260913,2026-09-14T05:15:00Z,900,true,1.161489,0.823793,1.109615,0.990279
N20260913-S013,N20260913,2026-09-14T05:30:00Z,900,true,1.138498,0.841827,1.096696,0.992865
N20260913-S014,N20260913,2026-09-14T05:45:00Z,900,true,1.116721,0.823241,1.093354,0.932946
N20260913-S015,N20260913,2026-09-14T06:00:00Z,900,true,1.130568,0.825739,1.103921,0.971978
N20260913-S016,N20260913,2026-09-14T06:15:00Z,900,true,1.097247,0.844051,1.077482,0.944905
N20260913-S017,N20260913,2026-09-14T06:30:00Z,900,true,1.086269,0.847476,1.083066,0.978107
N20260913-S018,N20260913,2026-09-14T06:45:00Z,900,true,1.103763,0.862168,1.105490,0.985104
N20260913-S019,N20260913,2026-09-14T07:00:00Z,900,true,1.089017,0.834092,1.102161,0.992960
N20260913-S020,N20260913,2026-09-14T07:15:00Z,900,true,1.084075,0.832716,1.094885,0.989998
N20260913-S021,N20260913,2026-09-14T07:30:00Z,900,true,1.119647,0.827034,1.103256,0.930774
N20260913-S022,N20260913,2026-09-14T07:45:00Z,900,true,1.163750,0.817956,1.125353,0.960599
N20260913-S023,N20260913,2026-09-14T08:00:00Z,900,true,1.179530,0.823335,1.125687,0.993126
N20260913-S024,N20260913,2026-09-14T08:15:00Z,900,true,1.168328,0.790203,1.096133,0.978510
N20260913-S025,N20260913,2026-09-14T08:30:00Z,900,true,1.203544,0.777662,1.058260,0.994623
N20260913-S026,N20260913,2026-09-14T08:45:00Z,900,true,1.257371,0.770703,1.081473,0.901668
N20260913-S027,N20260913,2026-09-14T09:00:00Z,900,true,1.268084,0.774391,1.072593,0.958703
N20260913-S028,N20260913,2026-09-14T09:15:00Z,900,true,1.267567,0.801975,1.069463,0.974677
N20260913-S029,N20260913,2026-09-14T09:30:00Z,900,true,1.300408,0.800176,1.083584,0.954178
N20260913-S030,N20260913,2026-09-14T09:45:00Z,900,true,1.326792,0.793861,1.087834,0.987536
N20260913-S031,N20260913,2026-09-14T10:00:00Z,900,true,1.296777,0.790989,1.104776,0.910286
N20260913-S032,N20260913,2026-09-14T10:15:00Z,900,true,1.338935,0.802237,1.087125,0.979847
N20260913-S033,N20260913,2026-09-14T10:30:00Z,900,true,1.331511,0.812113,1.075818,0.987547
N20260913-S034,N20260913,2026-09-14T10:45:00Z,900,true,1.278492,0.812636,1.097188,0.965049
N20260913-S035,N20260913,2026-09-14T11:00:00Z,900,true,1.268949,0.796869,1.096767,0.915177
N20260913-S036,N20260913,2026-09-14T11:15:00Z,900,true,1.235742,0.799459,1.070124,0.954760
N20260913-S037,N20260913,2026-09-14T11:30:00Z,900,true,1.217668,0.804997,1.089706,0.928792
N20260913-S038,N20260913,2026-09-14T11:45:00Z,900,true,1.268077,0.795709,1.080427,0.951255
N20260913-S039,N20260913,2026-09-14T12:00:00Z,900,true,1.269182,0.827465,1.064337,0.966086
N20260914-S001,N20260914,2026-09-15T02:30:00Z,900,true,1.156861,0.753264,1.149378,0.908222
N20260914-S002,N20260914,2026-09-15T02:45:00Z,900,true,1.145832,0.762819,1.180805,0.926789
N20260914-S003,N20260914,2026-09-15T03:00:00Z,900,true,1.122599,0.765984,1.183607,0.976532
N20260914-S004,N20260914,2026-09-15T03:15:00Z,900,true,1.109686,0.770151,1.194106,0.986887
N20260914-S005,N20260914,2026-09-15T03:30:00Z,900,true,1.073982,0.768377,1.175419,0.983079
N20260914-S006,N20260914,2026-09-15T03:45:00Z,900,true,1.056668,0.778550,1.143407,0.962860
N20260914-S007,N20260914,2026-09-15T04:00:00Z,900,true,1.035098,0.769042,1.138334,0.912210
N20260914-S008,N20260914,2026-09-15T04:15:00Z,900,true,1.062787,0.758359,1.146294,0.976450
N20260914-S009,N20260914,2026-09-15T04:30:00Z,900,true,1.111220,0.755166,1.136933,0.980259
N20260914-S010,N20260914,2026-09-15T04:45:00Z,900,true,1.109957,0.768056,1.139282,0.927448
N20260914-S011,N20260914,2026-09-15T05:00:00Z,900,true,1.134444,0.769097,1.114799,0.912507
N20260914-S012,N20260914,2026-09-15T05:15:00Z,900,true,1.140896,0.765524,1.097078,0.908336
N20260914-S013,N20260914,2026-09-15T05:30:00Z,900,true,1.180178,0.781782,1.116723,0.945800
N20260914-S014,N20260914,2026-09-15T05:45:00Z,900,true,1.133845,0.771180,1.105611,0.939915
N20260914-S015,N20260914,2026-09-15T06:00:00Z,900,true,1.125296,0.763291,1.103885,0.968584
N20260914-S016,N20260914,2026-09-15T06:15:00Z,900,true,1.135025,0.739492,1.105042,0.909493
N20260914-S017,N20260914,2026-09-15T06:30:00Z,900,true,1.167072,0.744583,1.113961,0.969270
N20260914-S018,N20260914,2026-09-15T06:45:00Z,900,true,1.154738,0.744088,1.123984,0.935980
N20260914-S019,N20260914,2026-09-15T07:00:00Z,900,true,1.165815,0.747069,1.144115,0.971726
N20260914-S020,N20260914,2026-09-15T07:15:00Z,900,true,1.158718,0.757241,1.138072,0.993479
N20260914-S021,N20260914,2026-09-15T07:30:00Z,900,true,1.119512,0.720662,1.138371,0.940549
N20260914-S022,N20260914,2026-09-15T07:45:00Z,900,true,1.106519,0.709261,1.127462,0.950127
N20260914-S023,N20260914,2026-09-15T08:00:00Z,900,true,1.115809,0.715697,1.108011,0.970428
N20260914-S024,N20260914,2026-09-15T08:15:00Z,900,true,1.150419,0.719476,1.062080,0.977795
N20260914-S025,N20260914,2026-09-15T08:30:00Z,900,true,1.162735,0.716953,1.041483,0.999003
N20260914-S026,N20260914,2026-09-15T08:45:00Z,900,true,1.152904,0.731141,1.035609,0.970187
N20260914-S027,N20260914,2026-09-15T09:00:00Z,900,true,1.221304,0.741342,1.046976,0.928009
N20260914-S028,N20260914,2026-09-15T09:15:00Z,900,true,1.285612,0.743589,1.045882,0.937220
N20260914-S029,N20260914,2026-09-15T09:30:00Z,900,true,1.308753,0.757824,1.065896,0.998175
N20260914-S030,N20260914,2026-09-15T09:45:00Z,900,true,1.303441,0.757939,1.057467,0.959803
N20260914-S031,N20260914,2026-09-15T10:00:00Z,900,true,1.307410,0.747479,1.062298,0.954707
N20260914-S032,N20260914,2026-09-15T10:15:00Z,900,true,1.361719,0.723428,1.075472,0.931076
N20260914-S033,N20260914,2026-09-15T10:30:00Z,900,true,1.334988,0.730219,1.079679,0.912658
N20260914-S034,N20260914,2026-09-15T10:45:00Z,900,true,1.371958,0.716499,1.088259,0.937677
N20260914-S035,N20260914,2026-09-15T11:00:00Z,900,true,1.366377,0.719451,1.080231,0.980916
N20260914-S036,N20260914,2026-09-15T11:15:00Z,900,true,1.377062,0.723280,1.101986,0.913064
N20260914-S037,N20260914,2026-09-15T11:30:00Z,900,true,1.362153,0.703521,1.106370,0.977455
N20260914-S038,N20260914,2026-09-15T11:45:00Z,900,true,1.343185,0.708414,1.089134,0.957728
N20260914-S039,N20260914,2026-09-15T12:00:00Z,900,true,1.286125,0.706060,1.076467,0.982472
N20260915-S001,N20260915,2026-09-16T02:30:00Z,900,true,1.082232,0.748470,1.050332,0.931695
N20260915-S002,N20260915,2026-09-16T02:45:00Z,900,true,1.107954,0.765148,1.046216,0.980905
N20260915-S003,N20260915,2026-09-16T03:00:00Z,900,true,1.146481,0.799176,1.067961,0.909210
N20260915-S004,N20260915,2026-09-16T03:15:00Z,900,true,1.077423,0.792074,1.083394,0.924078
N20260915-S005,N20260915,2026-09-16T03:30:00Z,900,true,1.069272,0.794179,1.062628,0.970443
N20260915-S006,N20260915,2026-09-16T03:45:00Z,900,true,1.080537,0.790469,1.049026,0.926662
N20260915-S007,N20260915,2026-09-16T04:00:00Z,900,true,1.130884,0.787021,1.065053,0.939888
N20260915-S008,N20260915,2026-09-16T04:15:00Z,900,true,1.126650,0.803062,1.072052,0.985883
N20260915-S009,N20260915,2026-09-16T04:30:00Z,900,true,1.139221,0.791457,1.060079,0.903800
N20260915-S010,N20260915,2026-09-16T04:45:00Z,900,true,1.119696,0.773192,1.071351,0.912340
N20260915-S011,N20260915,2026-09-16T05:00:00Z,900,true,1.112785,0.774564,1.057890,0.908833
N20260915-S012,N20260915,2026-09-16T05:15:00Z,900,true,1.104540,0.766699,1.055327,0.991116
N20260915-S013,N20260915,2026-09-16T05:30:00Z,900,true,1.065845,0.752661,1.049839,0.934380
N20260915-S014,N20260915,2026-09-16T05:45:00Z,900,true,1.077545,0.782922,1.041565,0.917949
N20260915-S015,N20260915,2026-09-16T06:00:00Z,900,true,1.092309,0.778798,1.053274,0.998421
N20260915-S016,N20260915,2026-09-16T06:15:00Z,900,true,1.100487,0.759116,1.013638,0.913275
N20260915-S017,N20260915,2026-09-16T06:30:00Z,900,true,1.113784,0.751811,1.017692,0.996961
N20260915-S018,N20260915,2026-09-16T06:45:00Z,900,true,1.078308,0.776142,0.990217,0.914025
N20260915-S019,N20260915,2026-09-16T07:00:00Z,900,true,1.018731,0.771796,1.015915,0.977650
N20260915-S020,N20260915,2026-09-16T07:15:00Z,900,true,1.071231,0.761475,1.012884,0.936948
N20260915-S021,N20260915,2026-09-16T07:30:00Z,900,true,1.082439,0.784708,0.998335,0.938737
N20260915-S022,N20260915,2026-09-16T07:45:00Z,900,true,1.112147,0.758008,1.011263,0.956243
N20260915-S023,N20260915,2026-09-16T08:00:00Z,900,true,1.072956,0.745689,1.026765,0.966343
N20260915-S024,N20260915,2026-09-16T08:15:00Z,900,true,1.071392,0.741527,1.036998,0.929835
N20260915-S025,N20260915,2026-09-16T08:30:00Z,900,true,1.115358,0.750330,1.023942,0.962628
N20260915-S026,N20260915,2026-09-16T08:45:00Z,900,true,1.167584,0.778338,1.049568,0.927370
N20260915-S027,N20260915,2026-09-16T09:00:00Z,900,true,1.103799,0.786442,1.077110,0.978076
N20260915-S028,N20260915,2026-09-16T09:15:00Z,900,true,1.113653,0.787694,1.062161,0.966476
N20260915-S029,N20260915,2026-09-16T09:30:00Z,900,true,1.106788,0.764349,1.058236,0.923310
N20260915-S030,N20260915,2026-09-16T09:45:00Z,900,true,1.081752,0.769465,1.031205,0.913142
N20260915-S031,N20260915,2026-09-16T10:00:00Z,900,true,1.135725,0.771532,1.030302,0.961322
N20260915-S032,N20260915,2026-09-16T10:15:00Z,900,true,1.135023,0.776686,1.035146,0.963263
N20260915-S033,N20260915,2026-09-16T10:30:00Z,900,true,1.112730,0.770963,0.989543,0.910300
N20260915-S034,N20260915,2026-09-16T10:45:00Z,900,true,1.069210,0.759139,1.008559,0.962066
N20260915-S035,N20260915,2026-09-16T11:00:00Z,900,true,1.037565,0.750438,1.001987,0.931335
N20260915-S036,N20260915,2026-09-16T11:15:00Z,900,false,,,,
N20260915-S037,N20260915,2026-09-16T11:30:00Z,900,true,1.067018,0.760306,1.022235,0.984696
N20260915-S038,N20260915,2026-09-16T11:45:00Z,900,true,1.066416,0.759440,1.035193,0.994802
N20260915-S039,N20260915,2026-09-16T12:00:00Z,900,true,1.187118,0.753254,1.035701,0.921238
N20260916-S001,N20260916,2026-09-17T02:30:00Z,900,true,1.251525,0.731259,1.016896,0.970838
N20260916-S002,N20260916,2026-09-17T02:45:00Z,900,true,1.253525,0.711364,1.027043,0.922570
N20260916-S003,N20260916,2026-09-17T03:00:00Z,900,true,1.187744,0.726248,1.021814,0.989124
N20260916-S004,N20260916,2026-09-17T03:15:00Z,900,true,1.197111,0.727856,1.006411,0.951552
N20260916-S005,N20260916,2026-09-17T03:30:00Z,900,true,1.247562,0.708312,1.011425,0.910314
N20260916-S006,N20260916,2026-09-17T03:45:00Z,900,true,1.255046,0.702967,1.035530,0.912668
N20260916-S007,N20260916,2026-09-17T04:00:00Z,900,true,1.198602,0.715143,1.025051,0.927404
N20260916-S008,N20260916,2026-09-17T04:15:00Z,900,true,1.218351,0.711134,1.037592,0.942612
N20260916-S009,N20260916,2026-09-17T04:30:00Z,900,true,1.197826,0.717569,1.013899,0.914502
N20260916-S010,N20260916,2026-09-17T04:45:00Z,900,true,1.203383,0.700266,1.010540,0.986502
N20260916-S011,N20260916,2026-09-17T05:00:00Z,900,true,1.233404,0.689543,1.002550,0.999176
N20260916-S012,N20260916,2026-09-17T05:15:00Z,900,true,1.235478,0.694578,1.018857,0.965439
N20260916-S013,N20260916,2026-09-17T05:30:00Z,900,true,1.226661,0.698536,1.041773,0.977349
N20260916-S014,N20260916,2026-09-17T05:45:00Z,900,true,1.190871,0.686585,1.041660,0.941930
N20260916-S015,N20260916,2026-09-17T06:00:00Z,900,true,1.184915,0.706525,1.023047,0.983087
N20260916-S016,N20260916,2026-09-17T06:15:00Z,900,true,1.177578,0.710130,1.047215,0.921184
N20260916-S017,N20260916,2026-09-17T06:30:00Z,900,true,1.183941,0.703127,1.039163,0.945292
N20260916-S018,N20260916,2026-09-17T06:45:00Z,900,true,1.232250,0.702501,1.023755,0.924699
N20260916-S019,N20260916,2026-09-17T07:00:00Z,900,true,1.250104,0.711961,1.010588,0.936473
N20260916-S020,N20260916,2026-09-17T07:15:00Z,900,true,1.235645,0.737006,1.036825,0.952073
N20260916-S021,N20260916,2026-09-17T07:30:00Z,900,true,1.253867,0.723825,1.046252,0.979159
N20260916-S022,N20260916,2026-09-17T07:45:00Z,900,true,1.192176,0.704622,1.043664,0.965103
N20260916-S023,N20260916,2026-09-17T08:00:00Z,900,true,1.168857,0.706743,1.022307,0.996551
N20260916-S024,N20260916,2026-09-17T08:15:00Z,900,true,1.150714,0.719059,1.020016,0.982247
N20260916-S025,N20260916,2026-09-17T08:30:00Z,900,true,1.192463,0.723731,1.020244,0.902861
N20260916-S026,N20260916,2026-09-17T08:45:00Z,900,false,,,,
N20260916-S027,N20260916,2026-09-17T09:00:00Z,900,false,,,,
N20260916-S028,N20260916,2026-09-17T09:15:00Z,900,false,,,,
N20260916-S029,N20260916,2026-09-17T09:30:00Z,900,true,1.306881,0.748663,1.023066,0.951808
N20260916-S030,N20260916,2026-09-17T09:45:00Z,900,true,1.256244,0.758196,1.006070,0.953981
N20260916-S031,N20260916,2026-09-17T10:00:00Z,900,true,1.332806,0.759673,0.985129,0.951597
N20260916-S032,N20260916,2026-09-17T10:15:00Z,900,true,1.331649,0.756163,1.003165,0.967730
N20260916-S033,N20260916,2026-09-17T10:30:00Z,900,true,1.316014,0.736426,1.017225,0.977156
N20260916-S034,N20260916,2026-09-17T10:45:00Z,900,true,1.327894,0.728386,1.022228,0.961390
N20260916-S035,N20260916,2026-09-17T11:00:00Z,900,true,1.265241,0.719055,1.062606,0.947794
N20260916-S036,N20260916,2026-09-17T11:15:00Z,900,true,1.226760,0.731214,1.066301,0.927929
N20260916-S037,N20260916,2026-09-17T11:30:00Z,900,true,1.170200,0.738646,1.048407,0.906497
N20260916-S038,N20260916,2026-09-17T11:45:00Z,900,true,1.127140,0.736222,0.995927,0.997556
N20260916-S039,N20260916,2026-09-17T12:00:00Z,900,true,1.142131,0.734386,0.977395,0.960207
N20260917-S001,N20260917,2026-09-18T02:30:00Z,900,true,1.285695,0.711044,1.107110,0.969467
N20260917-S002,N20260917,2026-09-18T02:45:00Z,900,true,1.280170,0.702135,1.090796,0.915107
N20260917-S003,N20260917,2026-09-18T03:00:00Z,900,true,1.267402,0.718957,1.085287,0.930892
N20260917-S004,N20260917,2026-09-18T03:15:00Z,900,true,1.314753,0.714763,1.085637,0.958766
N20260917-S005,N20260917,2026-09-18T03:30:00Z,900,true,1.275044,0.710984,1.070088,0.929372
N20260917-S006,N20260917,2026-09-18T03:45:00Z,900,false,,,,
N20260917-S007,N20260917,2026-09-18T04:00:00Z,900,true,1.267787,0.686481,1.045050,0.921649
N20260917-S008,N20260917,2026-09-18T04:15:00Z,900,true,1.243373,0.690836,1.031534,0.955924
N20260917-S009,N20260917,2026-09-18T04:30:00Z,900,true,1.231977,0.716020,1.072958,0.919731
N20260917-S010,N20260917,2026-09-18T04:45:00Z,900,true,1.216725,0.718652,1.077626,0.982899
N20260917-S011,N20260917,2026-09-18T05:00:00Z,900,true,1.262681,0.704683,1.090442,0.905552
N20260917-S012,N20260917,2026-09-18T05:15:00Z,900,true,1.207868,0.711455,1.091961,0.932557
N20260917-S013,N20260917,2026-09-18T05:30:00Z,900,true,1.184275,0.723403,1.077145,0.937122
N20260917-S014,N20260917,2026-09-18T05:45:00Z,900,true,1.213044,0.708825,1.058071,0.918610
N20260917-S015,N20260917,2026-09-18T06:00:00Z,900,true,1.238799,0.715166,1.062051,0.984183
N20260917-S016,N20260917,2026-09-18T06:15:00Z,900,true,1.236061,0.719388,1.115607,0.995603
N20260917-S017,N20260917,2026-09-18T06:30:00Z,900,true,1.282943,0.708725,1.138042,0.909343
N20260917-S018,N20260917,2026-09-18T06:45:00Z,900,true,1.302409,0.718391,1.167631,0.921270
N20260917-S019,N20260917,2026-09-18T07:00:00Z,900,true,1.212568,0.714141,1.134611,0.947240
N20260917-S020,N20260917,2026-09-18T07:15:00Z,900,true,1.226482,0.712856,1.114676,0.992917
N20260917-S021,N20260917,2026-09-18T07:30:00Z,900,true,1.266853,0.724601,1.097507,0.903690
N20260917-S022,N20260917,2026-09-18T07:45:00Z,900,true,1.279109,0.720944,1.119039,0.911321
N20260917-S023,N20260917,2026-09-18T08:00:00Z,900,true,1.335328,0.709963,1.155443,0.913425
N20260917-S024,N20260917,2026-09-18T08:15:00Z,900,true,1.377950,0.713358,1.156057,0.938702
N20260917-S025,N20260917,2026-09-18T08:30:00Z,900,true,1.379844,0.687171,1.160476,0.939176
N20260917-S026,N20260917,2026-09-18T08:45:00Z,900,true,1.389807,0.662272,1.143633,0.932678
N20260917-S027,N20260917,2026-09-18T09:00:00Z,900,true,1.401512,0.679528,1.160231,0.975750
N20260917-S028,N20260917,2026-09-18T09:15:00Z,900,true,1.368733,0.668978,1.170678,0.916168
N20260917-S029,N20260917,2026-09-18T09:30:00Z,900,true,1.360191,0.671032,1.166672,0.926736
N20260917-S030,N20260917,2026-09-18T09:45:00Z,900,true,1.392494,0.672562,1.143608,0.949839
N20260917-S031,N20260917,2026-09-18T10:00:00Z,900,true,1.356440,0.670578,1.142809,0.986836
N20260917-S032,N20260917,2026-09-18T10:15:00Z,900,true,1.331235,0.657689,1.141726,0.923349
N20260917-S033,N20260917,2026-09-18T10:30:00Z,900,true,1.350567,0.642485,1.139263,0.908764
N20260917-S034,N20260917,2026-09-18T10:45:00Z,900,true,1.328853,0.651263,1.105962,0.913381
N20260917-S035,N20260917,2026-09-18T11:00:00Z,900,true,1.314487,0.673311,1.111241,0.999144
N20260917-S036,N20260917,2026-09-18T11:15:00Z,900,true,1.352579,0.675053,1.107439,0.960758
N20260917-S037,N20260917,2026-09-18T11:30:00Z,900,true,1.364586,0.659072,1.114258,0.953703
N20260917-S038,N20260917,2026-09-18T11:45:00Z,900,true,1.373318,0.656191,1.114123,0.996315
N20260917-S039,N20260917,2026-09-18T12:00:00Z,900,true,1.375995,0.648767,1.110167,0.952640
N20260918-S001,N20260918,2026-09-19T02:30:00Z,900,true,1.245546,0.688437,1.117789,0.992615
N20260918-S002,N20260918,2026-09-19T02:45:00Z,900,true,1.220894,0.686795,1.119732,0.905087
N20260918-S003,N20260918,2026-09-19T03:00:00Z,900,true,1.245267,0.669813,1.151503,0.939678
N20260918-S004,N20260918,2026-09-19T03:15:00Z,900,true,1.199774,0.669415,1.137540,0.914062
N20260918-S005,N20260918,2026-09-19T03:30:00Z,900,true,1.270738,0.671368,1.145853,0.980586
N20260918-S006,N20260918,2026-09-19T03:45:00Z,900,true,1.258882,0.670102,1.162030,0.938606
N20260918-S007,N20260918,2026-09-19T04:00:00Z,900,true,1.185390,0.660172,1.166428,0.910660
N20260918-S008,N20260918,2026-09-19T04:15:00Z,900,true,1.207828,0.665379,1.177616,0.928162
N20260918-S009,N20260918,2026-09-19T04:30:00Z,900,true,1.284921,0.681017,1.173910,0.946856
N20260918-S010,N20260918,2026-09-19T04:45:00Z,900,true,1.272422,0.680536,1.197637,0.978226
N20260918-S011,N20260918,2026-09-19T05:00:00Z,900,true,1.291971,0.672917,1.204849,0.907071
N20260918-S012,N20260918,2026-09-19T05:15:00Z,900,true,1.264793,0.658619,1.187895,0.927767
N20260918-S013,N20260918,2026-09-19T05:30:00Z,900,true,1.240344,0.654417,1.135736,0.965847
N20260918-S014,N20260918,2026-09-19T05:45:00Z,900,true,1.289688,0.654526,1.145041,0.976168
N20260918-S015,N20260918,2026-09-19T06:00:00Z,900,true,1.282769,0.632542,1.130853,0.928142
N20260918-S016,N20260918,2026-09-19T06:15:00Z,900,true,1.162141,0.647312,1.136729,0.963265
N20260918-S017,N20260918,2026-09-19T06:30:00Z,900,true,1.184727,0.648353,1.132467,0.976850
N20260918-S018,N20260918,2026-09-19T06:45:00Z,900,true,1.160977,0.660848,1.130642,0.923213
N20260918-S019,N20260918,2026-09-19T07:00:00Z,900,true,1.222646,0.687102,1.143107,0.965411
N20260918-S020,N20260918,2026-09-19T07:15:00Z,900,true,1.258778,0.691535,1.178790,0.908961
N20260918-S021,N20260918,2026-09-19T07:30:00Z,900,true,1.241237,0.698974,1.168601,0.982749
N20260918-S022,N20260918,2026-09-19T07:45:00Z,900,true,1.228410,0.706435,1.166990,0.902185
N20260918-S023,N20260918,2026-09-19T08:00:00Z,900,true,1.203258,0.707181,1.186842,0.970805
N20260918-S024,N20260918,2026-09-19T08:15:00Z,900,true,1.245229,0.693093,1.177944,0.931746
N20260918-S025,N20260918,2026-09-19T08:30:00Z,900,true,1.222731,0.689018,1.198534,0.928901
N20260918-S026,N20260918,2026-09-19T08:45:00Z,900,true,1.214826,0.682279,1.178609,0.915443
N20260918-S027,N20260918,2026-09-19T09:00:00Z,900,true,1.138090,0.700893,1.149775,0.913273
N20260918-S028,N20260918,2026-09-19T09:15:00Z,900,true,1.178626,0.692262,1.170519,0.985122
N20260918-S029,N20260918,2026-09-19T09:30:00Z,900,true,1.166081,0.694254,1.167653,0.912849
N20260918-S030,N20260918,2026-09-19T09:45:00Z,900,true,1.181872,0.669595,1.172092,0.955531
N20260918-S031,N20260918,2026-09-19T10:00:00Z,900,true,1.241698,0.671617,1.152778,0.982242
N20260918-S032,N20260918,2026-09-19T10:15:00Z,900,true,1.210437,0.661614,1.146485,0.922313
N20260918-S033,N20260918,2026-09-19T10:30:00Z,900,true,1.246582,0.653248,1.144608,0.908937
N20260918-S034,N20260918,2026-09-19T10:45:00Z,900,true,1.235459,0.660982,1.139906,0.944314
N20260918-S035,N20260918,2026-09-19T11:00:00Z,900,true,1.227933,0.669549,1.120205,0.999415
N20260918-S036,N20260918,2026-09-19T11:15:00Z,900,true,1.231027,0.658193,1.112445,0.914132
N20260918-S037,N20260918,2026-09-19T11:30:00Z,900,true,1.255358,0.655553,1.097987,0.914240
N20260918-S038,N20260918,2026-09-19T11:45:00Z,900,true,1.249605,0.660431,1.105906,0.931862
N20260918-S039,N20260918,2026-09-19T12:00:00Z,900,true,1.194616,0.662722,1.117451,0.969016
N20260919-S001,N20260919,2026-09-20T02:30:00Z,900,true,1.247269,0.691953,1.052456,0.966995
N20260919-S002,N20260919,2026-09-20T02:45:00Z,900,true,1.229767,0.697299,1.067334,0.982408
N20260919-S003,N20260919,2026-09-20T03:00:00Z,900,true,1.261883,0.721467,1.063890,0.916768
N20260919-S004,N20260919,2026-09-20T03:15:00Z,900,true,1.298461,0.726260,1.089392,0.979487
N20260919-S005,N20260919,2026-09-20T03:30:00Z,900,true,1.262854,0.719220,1.070432,0.954967
N20260919-S006,N20260919,2026-09-20T03:45:00Z,900,true,1.320012,0.707333,1.079880,0.922659
N20260919-S007,N20260919,2026-09-20T04:00:00Z,900,true,1.269159,0.690293,1.081021,0.949790
N20260919-S008,N20260919,2026-09-20T04:15:00Z,900,true,1.298669,0.673509,1.064684,0.904228
N20260919-S009,N20260919,2026-09-20T04:30:00Z,900,true,1.281398,0.663885,1.076124,0.978726
N20260919-S010,N20260919,2026-09-20T04:45:00Z,900,true,1.282763,0.661541,1.102314,0.932455
N20260919-S011,N20260919,2026-09-20T05:00:00Z,900,true,1.303172,0.643443,1.089235,0.967383
N20260919-S012,N20260919,2026-09-20T05:15:00Z,900,true,1.242644,0.641149,1.094005,0.921982
N20260919-S013,N20260919,2026-09-20T05:30:00Z,900,true,1.247025,0.637704,1.085338,0.969737
N20260919-S014,N20260919,2026-09-20T05:45:00Z,900,true,1.244934,0.657219,1.064226,0.960463
N20260919-S015,N20260919,2026-09-20T06:00:00Z,900,true,1.265194,0.658167,1.035696,0.982898
N20260919-S016,N20260919,2026-09-20T06:15:00Z,900,true,1.245579,0.655886,1.049581,0.926497
N20260919-S017,N20260919,2026-09-20T06:30:00Z,900,true,1.206098,0.651754,1.032421,0.931615
N20260919-S018,N20260919,2026-09-20T06:45:00Z,900,true,1.190896,0.663932,1.026383,0.992934
N20260919-S019,N20260919,2026-09-20T07:00:00Z,900,true,1.209072,0.671607,1.023879,0.940941
N20260919-S020,N20260919,2026-09-20T07:15:00Z,900,true,1.241553,0.654341,1.012349,0.967288
N20260919-S021,N20260919,2026-09-20T07:30:00Z,900,true,1.248042,0.657519,1.022120,0.959059
N20260919-S022,N20260919,2026-09-20T07:45:00Z,900,false,,,,
N20260919-S023,N20260919,2026-09-20T08:00:00Z,900,false,,,,
N20260919-S024,N20260919,2026-09-20T08:15:00Z,900,true,1.194446,0.643797,1.032083,0.911627
N20260919-S025,N20260919,2026-09-20T08:30:00Z,900,true,1.112454,0.674587,1.045261,0.936824
N20260919-S026,N20260919,2026-09-20T08:45:00Z,900,true,1.133203,0.679257,1.049597,0.975750
N20260919-S027,N20260919,2026-09-20T09:00:00Z,900,true,1.046862,0.698702,1.037413,0.910396
N20260919-S028,N20260919,2026-09-20T09:15:00Z,900,true,1.083995,0.698820,1.039762,0.932814
N20260919-S029,N20260919,2026-09-20T09:30:00Z,900,true,1.099344,0.690885,1.019781,0.911727
N20260919-S030,N20260919,2026-09-20T09:45:00Z,900,true,1.090190,0.704490,0.996912,0.992886
N20260919-S031,N20260919,2026-09-20T10:00:00Z,900,true,1.050150,0.698514,1.001310,0.917247
N20260919-S032,N20260919,2026-09-20T10:15:00Z,900,true,1.084044,0.690126,0.994171,0.904858
N20260919-S033,N20260919,2026-09-20T10:30:00Z,900,true,1.093254,0.694034,0.995575,0.979536
N20260919-S034,N20260919,2026-09-20T10:45:00Z,900,true,1.067920,0.688710,1.011837,0.914845
N20260919-S035,N20260919,2026-09-20T11:00:00Z,900,true,1.055905,0.654305,1.025504,0.925797
N20260919-S036,N20260919,2026-09-20T11:15:00Z,900,true,1.020860,0.656768,1.032049,0.988521
N20260919-S037,N20260919,2026-09-20T11:30:00Z,900,true,1.074898,0.668136,1.020272,0.972843
N20260919-S038,N20260919,2026-09-20T11:45:00Z,900,true,1.111280,0.659045,1.009933,0.946136
N20260919-S039,N20260919,2026-09-20T12:00:00Z,900,true,1.108495,0.663734,1.013255,0.944982
N20260920-S001,N20260920,2026-09-21T02:30:00Z,900,true,1.058880,0.698740,1.040823,0.976458
N20260920-S002,N20260920,2026-09-21T02:45:00Z,900,true,1.046812,0.688163,1.066472,0.957754
N20260920-S003,N20260920,2026-09-21T03:00:00Z,900,true,1.052770,0.696340,1.064001,0.960914
N20260920-S004,N20260920,2026-09-21T03:15:00Z,900,true,0.985321,0.669824,1.072607,0.928565
N20260920-S005,N20260920,2026-09-21T03:30:00Z,900,true,0.987456,0.683061,1.092308,0.915240
N20260920-S006,N20260920,2026-09-21T03:45:00Z,900,true,0.995771,0.683575,1.098912,0.954327
N20260920-S007,N20260920,2026-09-21T04:00:00Z,900,true,1.008650,0.682063,1.074859,0.910417
N20260920-S008,N20260920,2026-09-21T04:15:00Z,900,true,0.958834,0.680663,1.071691,0.907222
N20260920-S009,N20260920,2026-09-21T04:30:00Z,900,true,0.946935,0.691927,1.039947,0.952042
N20260920-S010,N20260920,2026-09-21T04:45:00Z,900,true,1.028628,0.677630,1.064204,0.973118
N20260920-S011,N20260920,2026-09-21T05:00:00Z,900,true,1.013883,0.689954,1.072078,0.915502
N20260920-S012,N20260920,2026-09-21T05:15:00Z,900,true,1.053788,0.679584,1.055345,0.909045
N20260920-S013,N20260920,2026-09-21T05:30:00Z,900,true,1.008602,0.667194,1.032381,0.992234
N20260920-S014,N20260920,2026-09-21T05:45:00Z,900,true,1.002049,0.671231,1.029035,0.931929
N20260920-S015,N20260920,2026-09-21T06:00:00Z,900,true,0.973788,0.678005,0.996674,0.931400
N20260920-S016,N20260920,2026-09-21T06:15:00Z,900,true,0.977655,0.676880,1.010988,0.948266
N20260920-S017,N20260920,2026-09-21T06:30:00Z,900,true,0.975377,0.661814,1.024839,0.999087
N20260920-S018,N20260920,2026-09-21T06:45:00Z,900,true,0.941546,0.669454,1.039665,0.962339
N20260920-S019,N20260920,2026-09-21T07:00:00Z,900,true,0.982165,0.677849,1.021837,0.934002
N20260920-S020,N20260920,2026-09-21T07:15:00Z,900,true,1.001231,0.678470,1.052066,0.957519
N20260920-S021,N20260920,2026-09-21T07:30:00Z,900,true,0.976351,0.674837,1.034538,0.915766
N20260920-S022,N20260920,2026-09-21T07:45:00Z,900,true,0.993508,0.667177,1.035332,0.986028
N20260920-S023,N20260920,2026-09-21T08:00:00Z,900,true,0.941421,0.672275,1.047453,0.901916
N20260920-S024,N20260920,2026-09-21T08:15:00Z,900,false,,,,
N20260920-S025,N20260920,2026-09-21T08:30:00Z,900,true,1.041455,0.665670,1.015457,0.959222
N20260920-S026,N20260920,2026-09-21T08:45:00Z,900,true,1.063792,0.669145,1.019422,0.920809
N20260920-S027,N20260920,2026-09-21T09:00:00Z,900,true,1.068080,0.648813,1.020556,0.921597
N20260920-S028,N20260920,2026-09-21T09:15:00Z,900,true,1.024393,0.675231,1.016699,0.969814
N20260920-S029,N20260920,2026-09-21T09:30:00Z,900,true,1.078150,0.679223,0.992112,0.958739
N20260920-S030,N20260920,2026-09-21T09:45:00Z,900,true,1.078936,0.677002,0.969786,0.984952
N20260920-S031,N20260920,2026-09-21T10:00:00Z,900,true,1.071380,0.682658,0.997664,0.919412
N20260920-S032,N20260920,2026-09-21T10:15:00Z,900,true,1.024532,0.700646,1.006183,0.928420
N20260920-S033,N20260920,2026-09-21T10:30:00Z,900,true,0.997483,0.701197,1.025797,0.904973
N20260920-S034,N20260920,2026-09-21T10:45:00Z,900,true,1.010288,0.703402,1.023129,0.970152
N20260920-S035,N20260920,2026-09-21T11:00:00Z,900,true,1.011501,0.705674,1.023074,0.956626
N20260920-S036,N20260920,2026-09-21T11:15:00Z,900,true,1.020432,0.684384,0.999406,0.907485
N20260920-S037,N20260920,2026-09-21T11:30:00Z,900,true,1.010222,0.687098,1.004981,0.953324
N20260920-S038,N20260920,2026-09-21T11:45:00Z,900,true,1.024119,0.695653,1.010726,0.976993
N20260920-S039,N20260920,2026-09-21T12:00:00Z,900,true,1.013474,0.709881,1.008845,0.905859
N20260921-S001,N20260921,2026-09-22T02:30:00Z,900,true,0.958804,0.675887,0.968546,0.900291
N20260921-S002,N20260921,2026-09-22T02:45:00Z,900,true,1.016353,0.692373,0.973285,0.933202
N20260921-S003,N20260921,2026-09-22T03:00:00Z,900,true,1.034779,0.690098,0.954485,0.924697
N20260921-S004,N20260921,2026-09-22T03:15:00Z,900,true,1.016968,0.704664,0.944460,0.978622
N20260921-S005,N20260921,2026-09-22T03:30:00Z,900,true,1.031125,0.688233,0.944356,0.910537
N20260921-S006,N20260921,2026-09-22T03:45:00Z,900,true,0.993023,0.698802,0.955636,0.952876
N20260921-S007,N20260921,2026-09-22T04:00:00Z,900,true,1.027473,0.699645,0.962334,0.918438
N20260921-S008,N20260921,2026-09-22T04:15:00Z,900,true,1.067343,0.717020,0.971943,0.994528
N20260921-S009,N20260921,2026-09-22T04:30:00Z,900,true,1.107652,0.712055,0.969926,0.950040
N20260921-S010,N20260921,2026-09-22T04:45:00Z,900,true,1.035962,0.697614,1.005141,0.933758
N20260921-S011,N20260921,2026-09-22T05:00:00Z,900,true,0.992270,0.685975,1.009325,0.963503
N20260921-S012,N20260921,2026-09-22T05:15:00Z,900,true,0.993156,0.689906,1.012996,0.984882
N20260921-S013,N20260921,2026-09-22T05:30:00Z,900,true,0.974982,0.701077,1.007740,0.940144
N20260921-S014,N20260921,2026-09-22T05:45:00Z,900,true,1.038216,0.710965,0.988317,0.976700
N20260921-S015,N20260921,2026-09-22T06:00:00Z,900,true,1.044213,0.728557,0.972211,0.904105
N20260921-S016,N20260921,2026-09-22T06:15:00Z,900,true,1.017983,0.712462,0.949769,0.935943
N20260921-S017,N20260921,2026-09-22T06:30:00Z,900,true,0.996595,0.724757,0.940446,0.939803
N20260921-S018,N20260921,2026-09-22T06:45:00Z,900,true,1.053943,0.714338,0.964936,0.952804
N20260921-S019,N20260921,2026-09-22T07:00:00Z,900,true,1.032146,0.703794,0.965406,0.974222
N20260921-S020,N20260921,2026-09-22T07:15:00Z,900,true,1.089393,0.690546,0.983519,0.991002
N20260921-S021,N20260921,2026-09-22T07:30:00Z,900,true,1.103579,0.699718,0.979229,0.959310
N20260921-S022,N20260921,2026-09-22T07:45:00Z,900,true,1.116708,0.722772,0.976939,0.932301
N20260921-S023,N20260921,2026-09-22T08:00:00Z,900,true,1.119447,0.736436,0.987303,0.938040
N20260921-S024,N20260921,2026-09-22T08:15:00Z,900,true,1.199098,0.709669,0.963260,0.908788
N20260921-S025,N20260921,2026-09-22T08:30:00Z,900,true,1.191846,0.707319,0.943648,0.989098
N20260921-S026,N20260921,2026-09-22T08:45:00Z,900,true,1.163525,0.724822,0.943536,0.915749
N20260921-S027,N20260921,2026-09-22T09:00:00Z,900,true,1.144541,0.719307,0.927839,0.941945
N20260921-S028,N20260921,2026-09-22T09:15:00Z,900,true,1.140438,0.745510,0.943299,0.986904
N20260921-S029,N20260921,2026-09-22T09:30:00Z,900,true,1.138654,0.717526,0.955800,0.932185
N20260921-S030,N20260921,2026-09-22T09:45:00Z,900,true,1.141615,0.702100,0.979555,0.943866
N20260921-S031,N20260921,2026-09-22T10:00:00Z,900,true,1.078351,0.716690,0.976972,0.942133
N20260921-S032,N20260921,2026-09-22T10:15:00Z,900,true,1.105599,0.721146,0.953326,0.924825
N20260921-S033,N20260921,2026-09-22T10:30:00Z,900,true,1.090298,0.720098,0.968845,0.931457
N20260921-S034,N20260921,2026-09-22T10:45:00Z,900,true,1.098860,0.712350,0.989439,0.962828
N20260921-S035,N20260921,2026-09-22T11:00:00Z,900,true,1.075717,0.703741,1.015539,0.940097
N20260921-S036,N20260921,2026-09-22T11:15:00Z,900,true,1.110706,0.701850,1.008671,0.902738
N20260921-S037,N20260921,2026-09-22T11:30:00Z,900,true,1.103892,0.702346,1.015103,0.938380
N20260921-S038,N20260921,2026-09-22T11:45:00Z,900,true,1.079139,0.696128,0.998290,0.995795
N20260921-S039,N20260921,2026-09-22T12:00:00Z,900,true,1.066150,0.702869,1.016032,0.993590
N20260922-S001,N20260922,2026-09-23T02:30:00Z,900,true,1.200261,0.651776,0.947906,0.969144
N20260922-S002,N20260922,2026-09-23T02:45:00Z,900,true,1.202057,0.657716,0.957435,0.976289
N20260922-S003,N20260922,2026-09-23T03:00:00Z,900,true,1.203741,0.667403,0.946097,0.943800
N20260922-S004,N20260922,2026-09-23T03:15:00Z,900,true,1.204536,0.647753,0.954784,0.960739
N20260922-S005,N20260922,2026-09-23T03:30:00Z,900,true,1.206955,0.643370,0.935820,0.928275
N20260922-S006,N20260922,2026-09-23T03:45:00Z,900,true,1.178628,0.646712,0.948996,0.958491
N20260922-S007,N20260922,2026-09-23T04:00:00Z,900,true,1.163440,0.663828,0.973094,0.951006
N20260922-S008,N20260922,2026-09-23T04:15:00Z,900,true,1.156327,0.665168,0.977801,0.904925
N20260922-S009,N20260922,2026-09-23T04:30:00Z,900,true,1.178618,0.646316,0.967145,0.928009
N20260922-S010,N20260922,2026-09-23T04:45:00Z,900,true,1.173270,0.660031,0.984518,0.920734
N20260922-S011,N20260922,2026-09-23T05:00:00Z,900,true,1.152425,0.672598,0.986860,0.979657
N20260922-S012,N20260922,2026-09-23T05:15:00Z,900,true,1.188892,0.657811,0.974657,0.985113
N20260922-S013,N20260922,2026-09-23T05:30:00Z,900,true,1.198556,0.645996,0.966677,0.989756
N20260922-S014,N20260922,2026-09-23T05:45:00Z,900,true,1.199011,0.646749,0.951101,0.993954
N20260922-S015,N20260922,2026-09-23T06:00:00Z,900,true,1.185078,0.645296,0.959530,0.942948
N20260922-S016,N20260922,2026-09-23T06:15:00Z,900,true,1.236753,0.636766,0.964410,0.959804
N20260922-S017,N20260922,2026-09-23T06:30:00Z,900,true,1.265273,0.639389,0.934342,0.988725
N20260922-S018,N20260922,2026-09-23T06:45:00Z,900,true,1.239605,0.646896,0.928214,0.967658
N20260922-S019,N20260922,2026-09-23T07:00:00Z,900,true,1.227983,0.658466,0.905404,0.977557
N20260922-S020,N20260922,2026-09-23T07:15:00Z,900,true,1.241976,0.617092,0.886968,0.908448
N20260922-S021,N20260922,2026-09-23T07:30:00Z,900,true,1.220764,0.614425,0.889409,0.971341
N20260922-S022,N20260922,2026-09-23T07:45:00Z,900,true,1.224838,0.596122,0.931278,0.910631
N20260922-S023,N20260922,2026-09-23T08:00:00Z,900,true,1.164546,0.589376,0.938039,0.907802
N20260922-S024,N20260922,2026-09-23T08:15:00Z,900,true,1.147866,0.584542,0.936314,0.986995
N20260922-S025,N20260922,2026-09-23T08:30:00Z,900,true,1.171618,0.561404,0.932476,0.942423
N20260922-S026,N20260922,2026-09-23T08:45:00Z,900,true,1.198645,0.555160,0.937821,0.971469
N20260922-S027,N20260922,2026-09-23T09:00:00Z,900,true,1.215769,0.549710,0.950665,0.983062
N20260922-S028,N20260922,2026-09-23T09:15:00Z,900,true,1.206925,0.542798,0.916484,0.904494
N20260922-S029,N20260922,2026-09-23T09:30:00Z,900,true,1.243827,0.575363,0.912852,0.970756
N20260922-S030,N20260922,2026-09-23T09:45:00Z,900,true,1.201166,0.573316,0.916809,0.952452
N20260922-S031,N20260922,2026-09-23T10:00:00Z,900,false,,,,
N20260922-S032,N20260922,2026-09-23T10:15:00Z,900,true,1.215813,0.609320,0.931149,0.986571
N20260922-S033,N20260922,2026-09-23T10:30:00Z,900,true,1.253802,0.622342,0.965367,0.999890
N20260922-S034,N20260922,2026-09-23T10:45:00Z,900,true,1.343354,0.624183,0.952559,0.975427
N20260922-S035,N20260922,2026-09-23T11:00:00Z,900,true,1.316802,0.614989,0.940840,0.976126
N20260922-S036,N20260922,2026-09-23T11:15:00Z,900,true,1.322030,0.611888,0.977028,0.924939
N20260922-S037,N20260922,2026-09-23T11:30:00Z,900,true,1.298957,0.600601,0.954477,0.990915
N20260922-S038,N20260922,2026-09-23T11:45:00Z,900,true,1.295091,0.587110,0.977501,0.983424
N20260922-S039,N20260922,2026-09-23T12:00:00Z,900,true,1.234925,0.584686,0.972219,0.901917
N20260923-S001,N20260923,2026-09-24T02:15:00Z,900,true,1.268162,0.684928,1.000378,0.965991
N20260923-S002,N20260923,2026-09-24T02:30:00Z,900,true,1.283007,0.661990,0.991421,0.935404
N20260923-S003,N20260923,2026-09-24T02:45:00Z,900,false,,,,
N20260923-S004,N20260923,2026-09-24T03:00:00Z,900,false,,,,
N20260923-S005,N20260923,2026-09-24T03:15:00Z,900,false,,,,
N20260923-S006,N20260923,2026-09-24T03:30:00Z,900,true,1.193484,0.661354,0.995756,0.974318
N20260923-S007,N20260923,2026-09-24T03:45:00Z,900,true,1.231395,0.678460,0.994059,0.954484
N20260923-S008,N20260923,2026-09-24T04:00:00Z,900,true,1.278376,0.683897,0.984866,0.929054
N20260923-S009,N20260923,2026-09-24T04:15:00Z,900,true,1.263353,0.695556,0.956685,0.912501
N20260923-S010,N20260923,2026-09-24T04:30:00Z,900,true,1.220880,0.684590,0.971157,0.915361
N20260923-S011,N20260923,2026-09-24T04:45:00Z,900,true,1.218151,0.711831,0.951559,0.957634
N20260923-S012,N20260923,2026-09-24T05:00:00Z,900,true,1.135839,0.717184,0.962648,0.917384
N20260923-S013,N20260923,2026-09-24T05:15:00Z,900,true,1.146838,0.690251,1.010553,0.962935
N20260923-S014,N20260923,2026-09-24T05:30:00Z,900,true,1.151647,0.713774,1.009577,0.942167
N20260923-S015,N20260923,2026-09-24T05:45:00Z,900,true,1.112746,0.729948,0.966935,0.961928
N20260923-S016,N20260923,2026-09-24T06:00:00Z,900,true,1.093505,0.722870,1.002175,0.959502
N20260923-S017,N20260923,2026-09-24T06:15:00Z,900,true,1.180531,0.713204,1.003440,0.923314
N20260923-S018,N20260923,2026-09-24T06:30:00Z,900,true,1.225191,0.697465,0.976221,0.932686
N20260923-S019,N20260923,2026-09-24T06:45:00Z,900,true,1.232377,0.697941,0.978294,0.935718
N20260923-S020,N20260923,2026-09-24T07:00:00Z,900,true,1.211823,0.725048,0.967949,0.989632
N20260923-S021,N20260923,2026-09-24T07:15:00Z,900,true,1.125141,0.726876,0.980098,0.993484
N20260923-S022,N20260923,2026-09-24T07:30:00Z,900,true,1.071262,0.734842,0.994967,0.928661
N20260923-S023,N20260923,2026-09-24T07:45:00Z,900,true,1.015621,0.721767,0.996642,0.945591
N20260923-S024,N20260923,2026-09-24T08:00:00Z,900,true,1.037199,0.717026,0.997838,0.933629
N20260923-S025,N20260923,2026-09-24T08:15:00Z,900,true,1.011038,0.700109,1.027366,0.963792
N20260923-S026,N20260923,2026-09-24T08:30:00Z,900,true,1.063066,0.704349,1.014406,0.971367
N20260923-S027,N20260923,2026-09-24T08:45:00Z,900,true,0.980891,0.693113,1.011328,0.946772
N20260923-S028,N20260923,2026-09-24T09:00:00Z,900,true,0.998827,0.708517,1.016681,0.920969
N20260923-S029,N20260923,2026-09-24T09:15:00Z,900,true,1.000961,0.726816,0.979876,0.955002
N20260923-S030,N20260923,2026-09-24T09:30:00Z,900,true,0.990077,0.719202,0.990965,0.908174
N20260923-S031,N20260923,2026-09-24T09:45:00Z,900,true,0.978090,0.724241,0.965632,0.984631
N20260923-S032,N20260923,2026-09-24T10:00:00Z,900,true,1.002303,0.725825,0.981324,0.979735
N20260923-S033,N20260923,2026-09-24T10:15:00Z,900,true,1.016699,0.724245,0.958228,0.911123
N20260923-S034,N20260923,2026-09-24T10:30:00Z,900,true,1.009217,0.727367,0.965378,0.991468
N20260923-S035,N20260923,2026-09-24T10:45:00Z,900,true,1.021208,0.730512,0.978295,0.996210
N20260923-S036,N20260923,2026-09-24T11:00:00Z,900,true,0.962279,0.731626,0.982801,0.959202
N20260923-S037,N20260923,2026-09-24T11:15:00Z,900,true,0.984741,0.732761,0.991948,0.908704
N20260923-S038,N20260923,2026-09-24T11:30:00Z,900,true,1.044077,0.710522,1.010837,0.992368
N20260923-S039,N20260923,2026-09-24T11:45:00Z,900,true,1.041608,0.713721,1.018874,0.952957
N20260923-S040,N20260923,2026-09-24T12:00:00Z,900,true,1.030064,0.714475,1.014779,0.904757
N20260924-S001,N20260924,2026-09-25T02:15:00Z,900,true,1.302412,0.692575,0.970346,0.929780
N20260924-S002,N20260924,2026-09-25T02:30:00Z,900,true,1.280617,0.710878,0.954113,0.905313
N20260924-S003,N20260924,2026-09-25T02:45:00Z,900,true,1.319220,0.717145,0.931982,0.990752
N20260924-S004,N20260924,2026-09-25T03:00:00Z,900,true,1.355959,0.712871,0.921718,0.957555
N20260924-S005,N20260924,2026-09-25T03:15:00Z,900,true,1.387090,0.700516,0.932687,0.943563
N20260924-S006,N20260924,2026-09-25T03:30:00Z,900,true,1.410289,0.718423,0.898359,0.973686
N20260924-S007,N20260924,2026-09-25T03:45:00Z,900,true,1.401396,0.710047,0.927089,0.994711
N20260924-S008,N20260924,2026-09-25T04:00:00Z,900,true,1.288377,0.717449,0.966557,0.986088
N20260924-S009,N20260924,2026-09-25T04:15:00Z,900,true,1.232151,0.724923,0.964742,0.960753
N20260924-S010,N20260924,2026-09-25T04:30:00Z,900,true,1.207023,0.729828,0.986006,0.940270
N20260924-S011,N20260924,2026-09-25T04:45:00Z,900,true,1.189903,0.708684,0.960289,0.964433
N20260924-S012,N20260924,2026-09-25T05:00:00Z,900,true,1.177839,0.684317,0.953065,0.927035
N20260924-S013,N20260924,2026-09-25T05:15:00Z,900,true,1.172504,0.684285,0.917611,0.925250
N20260924-S014,N20260924,2026-09-25T05:30:00Z,900,true,1.194151,0.697528,0.917659,0.947302
N20260924-S015,N20260924,2026-09-25T05:45:00Z,900,true,1.201162,0.696179,0.915544,0.915683
N20260924-S016,N20260924,2026-09-25T06:00:00Z,900,true,1.264035,0.696886,0.926691,0.912634
N20260924-S017,N20260924,2026-09-25T06:15:00Z,900,true,1.288520,0.720268,0.937215,0.953039
N20260924-S018,N20260924,2026-09-25T06:30:00Z,900,true,1.197254,0.720728,0.951852,0.977833
N20260924-S019,N20260924,2026-09-25T06:45:00Z,900,true,1.204554,0.734470,0.975767,0.996595
N20260924-S020,N20260924,2026-09-25T07:00:00Z,900,true,1.234563,0.715099,0.973275,0.939959
N20260924-S021,N20260924,2026-09-25T07:15:00Z,900,true,1.245899,0.724790,0.968734,0.963823
N20260924-S022,N20260924,2026-09-25T07:30:00Z,900,true,1.236413,0.701976,0.979118,0.965323
N20260924-S023,N20260924,2026-09-25T07:45:00Z,900,true,1.266262,0.706982,0.975060,0.986839
N20260924-S024,N20260924,2026-09-25T08:00:00Z,900,true,1.272300,0.697637,0.976836,0.952237
N20260924-S025,N20260924,2026-09-25T08:15:00Z,900,true,1.263546,0.698938,0.944415,0.910758
N20260924-S026,N20260924,2026-09-25T08:30:00Z,900,true,1.287830,0.703505,0.957836,0.994710
N20260924-S027,N20260924,2026-09-25T08:45:00Z,900,true,1.293837,0.714527,0.984632,0.940755
N20260924-S028,N20260924,2026-09-25T09:00:00Z,900,true,1.366860,0.714633,0.974370,0.943796
N20260924-S029,N20260924,2026-09-25T09:15:00Z,900,true,1.390041,0.722126,0.952495,0.922718
N20260924-S030,N20260924,2026-09-25T09:30:00Z,900,true,1.410639,0.698443,0.942404,0.941827
N20260924-S031,N20260924,2026-09-25T09:45:00Z,900,true,1.402947,0.713720,0.930534,0.937877
N20260924-S032,N20260924,2026-09-25T10:00:00Z,900,true,1.357558,0.683724,0.921912,0.920065
N20260924-S033,N20260924,2026-09-25T10:15:00Z,900,false,,,,
N20260924-S034,N20260924,2026-09-25T10:30:00Z,900,false,,,,
N20260924-S035,N20260924,2026-09-25T10:45:00Z,900,true,1.275994,0.669077,0.932117,0.914114
N20260924-S036,N20260924,2026-09-25T11:00:00Z,900,true,1.309109,0.680817,0.915679,0.929363
N20260924-S037,N20260924,2026-09-25T11:15:00Z,900,true,1.312324,0.691628,0.936665,0.937231
N20260924-S038,N20260924,2026-09-25T11:30:00Z,900,true,1.280626,0.714843,0.928262,0.952730
N20260924-S039,N20260924,2026-09-25T11:45:00Z,900,true,1.258273,0.704990,0.927230,0.990826
N20260924-S040,N20260924,2026-09-25T12:00:00Z,900,true,1.260092,0.724957,0.959452,0.925152
N20260925-S001,N20260925,2026-09-26T02:15:00Z,900,true,1.254144,0.683969,0.961068,0.998620
N20260925-S002,N20260925,2026-09-26T02:30:00Z,900,true,1.242170,0.693933,0.967772,0.922982
N20260925-S003,N20260925,2026-09-26T02:45:00Z,900,true,1.207832,0.698921,0.996700,0.929701
N20260925-S004,N20260925,2026-09-26T03:00:00Z,900,true,1.206658,0.686807,0.980268,0.929105
N20260925-S005,N20260925,2026-09-26T03:15:00Z,900,true,1.182972,0.691635,0.978858,0.974826
N20260925-S006,N20260925,2026-09-26T03:30:00Z,900,true,1.173899,0.673476,0.982725,0.901929
N20260925-S007,N20260925,2026-09-26T03:45:00Z,900,true,1.194333,0.674365,0.974980,0.966988
N20260925-S008,N20260925,2026-09-26T04:00:00Z,900,true,1.179077,0.674942,0.961967,0.962173
N20260925-S009,N20260925,2026-09-26T04:15:00Z,900,true,1.184526,0.664428,0.975531,0.913639
N20260925-S010,N20260925,2026-09-26T04:30:00Z,900,true,1.199684,0.668184,0.991643,0.903764
N20260925-S011,N20260925,2026-09-26T04:45:00Z,900,true,1.208097,0.681433,0.982881,0.999732
N20260925-S012,N20260925,2026-09-26T05:00:00Z,900,true,1.181045,0.694220,0.992048,0.909375
N20260925-S013,N20260925,2026-09-26T05:15:00Z,900,true,1.179096,0.701985,0.998966,0.981806
N20260925-S014,N20260925,2026-09-26T05:30:00Z,900,true,1.213248,0.717615,1.026573,0.969971
N20260925-S015,N20260925,2026-09-26T05:45:00Z,900,true,1.268101,0.698564,1.022811,0.913944
N20260925-S016,N20260925,2026-09-26T06:00:00Z,900,true,1.278587,0.691067,1.039241,0.984592
N20260925-S017,N20260925,2026-09-26T06:15:00Z,900,true,1.275342,0.684044,1.044122,0.935139
N20260925-S018,N20260925,2026-09-26T06:30:00Z,900,true,1.284213,0.655927,1.040180,0.902046
N20260925-S019,N20260925,2026-09-26T06:45:00Z,900,true,1.293555,0.635039,1.006344,0.937763
N20260925-S020,N20260925,2026-09-26T07:00:00Z,900,true,1.245352,0.659137,0.987453,0.931538
N20260925-S021,N20260925,2026-09-26T07:15:00Z,900,true,1.280638,0.657998,1.001317,0.956927
N20260925-S022,N20260925,2026-09-26T07:30:00Z,900,true,1.307134,0.643078,0.999382,0.924460
N20260925-S023,N20260925,2026-09-26T07:45:00Z,900,true,1.363288,0.656905,1.001519,0.990553
N20260925-S024,N20260925,2026-09-26T08:00:00Z,900,true,1.378508,0.644415,0.997536,0.964763
N20260925-S025,N20260925,2026-09-26T08:15:00Z,900,true,1.365064,0.628893,0.984214,0.905599
N20260925-S026,N20260925,2026-09-26T08:30:00Z,900,true,1.377212,0.641574,0.971162,0.997117
N20260925-S027,N20260925,2026-09-26T08:45:00Z,900,true,1.427491,0.641943,0.983057,0.981100
N20260925-S028,N20260925,2026-09-26T09:00:00Z,900,true,1.405187,0.644631,0.957243,0.958078
N20260925-S029,N20260925,2026-09-26T09:15:00Z,900,true,1.379233,0.635542,0.946740,0.926223
N20260925-S030,N20260925,2026-09-26T09:30:00Z,900,true,1.376995,0.614516,0.967922,0.915029
N20260925-S031,N20260925,2026-09-26T09:45:00Z,900,true,1.366447,0.635995,0.964217,0.972726
N20260925-S032,N20260925,2026-09-26T10:00:00Z,900,true,1.337766,0.611602,0.978528,0.963456
N20260925-S033,N20260925,2026-09-26T10:15:00Z,900,true,1.333553,0.607275,1.006930,0.922533
N20260925-S034,N20260925,2026-09-26T10:30:00Z,900,true,1.331742,0.592030,0.998067,0.953668
N20260925-S035,N20260925,2026-09-26T10:45:00Z,900,true,1.352824,0.597382,0.993813,0.927498
N20260925-S036,N20260925,2026-09-26T11:00:00Z,900,true,1.367078,0.606484,0.956020,0.969387
N20260925-S037,N20260925,2026-09-26T11:15:00Z,900,true,1.377869,0.606992,0.977621,0.908789
N20260925-S038,N20260925,2026-09-26T11:30:00Z,900,true,1.333775,0.605065,0.972401,0.926037
N20260925-S039,N20260925,2026-09-26T11:45:00Z,900,true,1.307141,0.638112,0.993504,0.933224
N20260925-S040,N20260925,2026-09-26T12:00:00Z,900,true,1.351820,0.639160,0.979597,0.988152
N20260926-S001,N20260926,2026-09-27T02:15:00Z,900,true,1.340378,0.733672,0.954362,0.914000
N20260926-S002,N20260926,2026-09-27T02:30:00Z,900,true,1.328735,0.728374,0.964096,0.962299
N20260926-S003,N20260926,2026-09-27T02:45:00Z,900,true,1.318650,0.738149,0.948132,0.919363
N20260926-S004,N20260926,2026-09-27T03:00:00Z,900,true,1.320949,0.734128,0.944029,0.919138
N20260926-S005,N20260926,2026-09-27T03:15:00Z,900,true,1.366867,0.717736,0.979697,0.970669
N20260926-S006,N20260926,2026-09-27T03:30:00Z,900,true,1.321087,0.694447,0.935277,0.985383
N20260926-S007,N20260926,2026-09-27T03:45:00Z,900,true,1.325160,0.721532,0.983243,0.916724
N20260926-S008,N20260926,2026-09-27T04:00:00Z,900,true,1.332354,0.717168,0.988565,0.940454
N20260926-S009,N20260926,2026-09-27T04:15:00Z,900,true,1.305997,0.715786,0.977581,0.944662
N20260926-S010,N20260926,2026-09-27T04:30:00Z,900,true,1.309764,0.722418,0.979560,0.973135
N20260926-S011,N20260926,2026-09-27T04:45:00Z,900,true,1.302702,0.709131,0.972195,0.972523
N20260926-S012,N20260926,2026-09-27T05:00:00Z,900,true,1.247220,0.711519,0.986145,0.949285
N20260926-S013,N20260926,2026-09-27T05:15:00Z,900,true,1.272210,0.698519,0.968740,0.927287
N20260926-S014,N20260926,2026-09-27T05:30:00Z,900,true,1.298525,0.698579,0.970331,0.922354
N20260926-S015,N20260926,2026-09-27T05:45:00Z,900,true,1.323386,0.711425,0.975378,0.917559
N20260926-S016,N20260926,2026-09-27T06:00:00Z,900,true,1.279343,0.726632,0.955801,0.915897
N20260926-S017,N20260926,2026-09-27T06:15:00Z,900,true,1.325987,0.702899,0.975411,0.977500
N20260926-S018,N20260926,2026-09-27T06:30:00Z,900,true,1.347395,0.718630,0.964552,0.985575
N20260926-S019,N20260926,2026-09-27T06:45:00Z,900,true,1.323432,0.704436,0.948661,0.929259
N20260926-S020,N20260926,2026-09-27T07:00:00Z,900,true,1.311065,0.691896,0.941567,0.956325
N20260926-S021,N20260926,2026-09-27T07:15:00Z,900,true,1.333307,0.694097,0.966075,0.955724
N20260926-S022,N20260926,2026-09-27T07:30:00Z,900,true,1.296231,0.694637,0.961669,0.979588
N20260926-S023,N20260926,2026-09-27T07:45:00Z,900,true,1.292317,0.695132,0.932243,0.925399
N20260926-S024,N20260926,2026-09-27T08:00:00Z,900,true,1.267360,0.694957,0.943196,0.969509
N20260926-S025,N20260926,2026-09-27T08:15:00Z,900,true,1.327223,0.709508,0.914965,0.929962
N20260926-S026,N20260926,2026-09-27T08:30:00Z,900,true,1.324003,0.714985,0.964841,0.940508
N20260926-S027,N20260926,2026-09-27T08:45:00Z,900,true,1.341992,0.716934,0.962010,0.925165
N20260926-S028,N20260926,2026-09-27T09:00:00Z,900,true,1.385720,0.732270,0.985093,0.918822
N20260926-S029,N20260926,2026-09-27T09:15:00Z,900,true,1.375769,0.745676,0.984748,0.992133
N20260926-S030,N20260926,2026-09-27T09:30:00Z,900,true,1.429752,0.742127,1.006264,0.979157
N20260926-S031,N20260926,2026-09-27T09:45:00Z,900,true,1.405222,0.744073,1.020709,0.937950
N20260926-S032,N20260926,2026-09-27T10:00:00Z,900,true,1.407142,0.742532,1.009616,0.960768
N20260926-S033,N20260926,2026-09-27T10:15:00Z,900,true,1.469837,0.745931,1.002296,0.945394
N20260926-S034,N20260926,2026-09-27T10:30:00Z,900,true,1.405904,0.736969,0.995196,0.913660
N20260926-S035,N20260926,2026-09-27T10:45:00Z,900,true,1.371217,0.743864,0.966218,0.978635
N20260926-S036,N20260926,2026-09-27T11:00:00Z,900,true,1.363129,0.730101,0.980728,0.980563
N20260926-S037,N20260926,2026-09-27T11:15:00Z,900,true,1.421881,0.734575,0.950868,0.916363
N20260926-S038,N20260926,2026-09-27T11:30:00Z,900,true,1.441113,0.750378,0.944915,0.979931
N20260926-S039,N20260926,2026-09-27T11:45:00Z,900,true,1.416746,0.735489,0.930307,0.944253
N20260926-S040,N20260926,2026-09-27T12:00:00Z,900,true,1.408492,0.740358,0.937350,0.946224
N20260927-S001,N20260927,2026-09-28T02:15:00Z,900,true,1.263279,0.730969,0.996973,0.900889
N20260927-S002,N20260927,2026-09-28T02:30:00Z,900,true,1.297743,0.721303,0.971111,0.941313
N20260927-S003,N20260927,2026-09-28T02:45:00Z,900,true,1.246318,0.701322,0.956859,0.975659
N20260927-S004,N20260927,2026-09-28T03:00:00Z,900,true,1.219943,0.710829,0.968543,0.986857
N20260927-S005,N20260927,2026-09-28T03:15:00Z,900,true,1.215561,0.694386,0.976936,0.924172
N20260927-S006,N20260927,2026-09-28T03:30:00Z,900,true,1.182761,0.707089,0.990813,0.964960
N20260927-S007,N20260927,2026-09-28T03:45:00Z,900,true,1.190139,0.714953,0.994947,0.908661
N20260927-S008,N20260927,2026-09-28T04:00:00Z,900,true,1.197101,0.720901,0.967958,0.966652
N20260927-S009,N20260927,2026-09-28T04:15:00Z,900,true,1.212109,0.697417,0.983863,0.962957
N20260927-S010,N20260927,2026-09-28T04:30:00Z,900,true,1.247862,0.726077,0.990126,0.913814
N20260927-S011,N20260927,2026-09-28T04:45:00Z,900,true,1.318593,0.725070,1.004463,0.963576
N20260927-S012,N20260927,2026-09-28T05:00:00Z,900,true,1.336836,0.709324,0.983725,0.987948
N20260927-S013,N20260927,2026-09-28T05:15:00Z,900,true,1.304088,0.710181,0.981864,0.990000
N20260927-S014,N20260927,2026-09-28T05:30:00Z,900,true,1.311791,0.745751,0.987464,0.924081
N20260927-S015,N20260927,2026-09-28T05:45:00Z,900,true,1.276094,0.728692,0.970604,0.995278
N20260927-S016,N20260927,2026-09-28T06:00:00Z,900,true,1.298168,0.748426,0.964312,0.968792
N20260927-S017,N20260927,2026-09-28T06:15:00Z,900,true,1.292858,0.741285,0.970024,0.965307
N20260927-S018,N20260927,2026-09-28T06:30:00Z,900,true,1.231098,0.712740,0.963444,0.932092
N20260927-S019,N20260927,2026-09-28T06:45:00Z,900,true,1.234917,0.701788,0.966777,0.970500
N20260927-S020,N20260927,2026-09-28T07:00:00Z,900,true,1.252262,0.712475,0.986100,0.916607
N20260927-S021,N20260927,2026-09-28T07:15:00Z,900,true,1.169533,0.712472,0.979948,0.966227
N20260927-S022,N20260927,2026-09-28T07:30:00Z,900,true,1.165230,0.718162,0.978711,0.925059
N20260927-S023,N20260927,2026-09-28T07:45:00Z,900,true,1.217917,0.700678,1.010848,0.907702
N20260927-S024,N20260927,2026-09-28T08:00:00Z,900,true,1.242714,0.698138,0.996667,0.917030
N20260927-S025,N20260927,2026-09-28T08:15:00Z,900,true,1.303221,0.708459,0.976229,0.975630
N20260927-S026,N20260927,2026-09-28T08:30:00Z,900,true,1.288564,0.704589,0.962796,0.946763
N20260927-S027,N20260927,2026-09-28T08:45:00Z,900,true,1.337647,0.699493,0.947364,0.957340
N20260927-S028,N20260927,2026-09-28T09:00:00Z,900,true,1.349635,0.720061,0.948100,0.915811
N20260927-S029,N20260927,2026-09-28T09:15:00Z,900,true,1.345117,0.708538,0.954217,0.989237
N20260927-S030,N20260927,2026-09-28T09:30:00Z,900,true,1.310478,0.716586,0.958029,0.961820
N20260927-S031,N20260927,2026-09-28T09:45:00Z,900,true,1.307352,0.713911,0.975076,0.978638
N20260927-S032,N20260927,2026-09-28T10:00:00Z,900,true,1.300601,0.725580,0.976569,0.926498
N20260927-S033,N20260927,2026-09-28T10:15:00Z,900,true,1.307396,0.713797,0.973155,0.966963
N20260927-S034,N20260927,2026-09-28T10:30:00Z,900,false,,,,
N20260927-S035,N20260927,2026-09-28T10:45:00Z,900,true,1.208961,0.717180,0.972702,0.998628
N20260927-S036,N20260927,2026-09-28T11:00:00Z,900,true,1.209897,0.721197,0.967666,0.980852
N20260927-S037,N20260927,2026-09-28T11:15:00Z,900,true,1.236812,0.720841,0.977026,0.952192
N20260927-S038,N20260927,2026-09-28T11:30:00Z,900,true,1.231116,0.711614,0.987359,0.951274
N20260927-S039,N20260927,2026-09-28T11:45:00Z,900,true,1.214013,0.697410,0.999408,0.923754
N20260927-S040,N20260927,2026-09-28T12:00:00Z,900,false,,,,
N20260928-S001,N20260928,2026-09-29T02:15:00Z,900,true,1.219118,0.676591,0.991912,0.951980
N20260928-S002,N20260928,2026-09-29T02:30:00Z,900,true,1.173048,0.689285,0.978517,0.901475
N20260928-S003,N20260928,2026-09-29T02:45:00Z,900,true,1.221437,0.680401,0.984278,0.983590
N20260928-S004,N20260928,2026-09-29T03:00:00Z,900,true,1.124740,0.665990,0.996041,0.940661
N20260928-S005,N20260928,2026-09-29T03:15:00Z,900,true,1.122292,0.685061,0.979582,0.936380
N20260928-S006,N20260928,2026-09-29T03:30:00Z,900,true,1.171747,0.668950,0.962720,0.936574
N20260928-S007,N20260928,2026-09-29T03:45:00Z,900,true,1.214429,0.670309,0.974777,0.963117
N20260928-S008,N20260928,2026-09-29T04:00:00Z,900,true,1.173805,0.664634,1.011185,0.997951
N20260928-S009,N20260928,2026-09-29T04:15:00Z,900,true,1.225730,0.660767,1.016172,0.937478
N20260928-S010,N20260928,2026-09-29T04:30:00Z,900,true,1.184311,0.692754,1.034023,0.961067
N20260928-S011,N20260928,2026-09-29T04:45:00Z,900,true,1.177364,0.695132,1.008727,0.972235
N20260928-S012,N20260928,2026-09-29T05:00:00Z,900,true,1.214473,0.690251,1.024627,0.980121
N20260928-S013,N20260928,2026-09-29T05:15:00Z,900,true,1.240656,0.689503,1.006373,0.909945
N20260928-S014,N20260928,2026-09-29T05:30:00Z,900,true,1.229290,0.699864,0.970018,0.957267
N20260928-S015,N20260928,2026-09-29T05:45:00Z,900,true,1.199736,0.707942,0.932919,0.970581
N20260928-S016,N20260928,2026-09-29T06:00:00Z,900,true,1.198244,0.708893,0.936427,0.962683
N20260928-S017,N20260928,2026-09-29T06:15:00Z,900,true,1.198501,0.705165,0.892686,0.951724
N20260928-S018,N20260928,2026-09-29T06:30:00Z,900,true,1.171560,0.683777,0.874492,0.927516
N20260928-S019,N20260928,2026-09-29T06:45:00Z,900,true,1.185643,0.668324,0.908948,0.933971
N20260928-S020,N20260928,2026-09-29T07:00:00Z,900,true,1.214427,0.660354,0.900583,0.922703
N20260928-S021,N20260928,2026-09-29T07:15:00Z,900,true,1.170604,0.662057,0.882812,0.978071
N20260928-S022,N20260928,2026-09-29T07:30:00Z,900,true,1.207881,0.665497,0.908565,0.963907
N20260928-S023,N20260928,2026-09-29T07:45:00Z,900,true,1.197658,0.677645,0.919381,0.971323
N20260928-S024,N20260928,2026-09-29T08:00:00Z,900,true,1.214278,0.673922,0.915689,0.971686
N20260928-S025,N20260928,2026-09-29T08:15:00Z,900,true,1.213561,0.681001,0.945033,0.945568
N20260928-S026,N20260928,2026-09-29T08:30:00Z,900,true,1.217022,0.675237,0.959484,0.948152
N20260928-S027,N20260928,2026-09-29T08:45:00Z,900,true,1.206994,0.641743,0.988088,0.926388
N20260928-S028,N20260928,2026-09-29T09:00:00Z,900,true,1.211444,0.646419,1.001795,0.973106
N20260928-S029,N20260928,2026-09-29T09:15:00Z,900,true,1.210478,0.634989,0.999608,0.935079
N20260928-S030,N20260928,2026-09-29T09:30:00Z,900,true,1.188634,0.639259,0.996231,0.929037
N20260928-S031,N20260928,2026-09-29T09:45:00Z,900,true,1.139579,0.661505,0.993945,0.901887
N20260928-S032,N20260928,2026-09-29T10:00:00Z,900,true,1.214301,0.679002,1.023452,0.946859
N20260928-S033,N20260928,2026-09-29T10:15:00Z,900,true,1.197388,0.694696,1.026659,0.996552
N20260928-S034,N20260928,2026-09-29T10:30:00Z,900,true,1.158898,0.699026,1.013089,0.915946
N20260928-S035,N20260928,2026-09-29T10:45:00Z,900,true,1.187606,0.696936,1.000674,0.924776
N20260928-S036,N20260928,2026-09-29T11:00:00Z,900,true,1.191466,0.678294,0.988592,0.974431
N20260928-S037,N20260928,2026-09-29T11:15:00Z,900,true,1.208573,0.661219,0.967163,0.990109
N20260928-S038,N20260928,2026-09-29T11:30:00Z,900,true,1.276673,0.650612,0.956667,0.975571
N20260928-S039,N20260928,2026-09-29T11:45:00Z,900,true,1.262634,0.658122,0.946242,0.963436
N20260928-S040,N20260928,2026-09-29T12:00:00Z,900,true,1.284769,0.662763,0.940291,0.937230
N20260929-S001,N20260929,2026-09-30T02:15:00Z,900,true,1.390060,0.741547,0.966627,0.909939
N20260929-S002,N20260929,2026-09-30T02:30:00Z,900,true,1.385841,0.754717,0.968104,0.927634
N20260929-S003,N20260929,2026-09-30T02:45:00Z,900,true,1.403032,0.746055,0.969633,0.921101
N20260929-S004,N20260929,2026-09-30T03:00:00Z,900,true,1.406726,0.749776,0.972891,0.947413
N20260929-S005,N20260929,2026-09-30T03:15:00Z,900,true,1.393999,0.745765,0.947122,0.975125
N20260929-S006,N20260929,2026-09-30T03:30:00Z,900,true,1.372610,0.743872,0.929643,0.965651
N20260929-S007,N20260929,2026-09-30T03:45:00Z,900,true,1.396365,0.742024,0.940815,0.973254
N20260929-S008,N20260929,2026-09-30T04:00:00Z,900,true,1.366523,0.737774,0.953721,0.909390
N20260929-S009,N20260929,2026-09-30T04:15:00Z,900,true,1.352184,0.737380,0.963463,0.966289
N20260929-S010,N20260929,2026-09-30T04:30:00Z,900,true,1.287788,0.740935,0.949615,0.906193
N20260929-S011,N20260929,2026-09-30T04:45:00Z,900,true,1.305296,0.742129,0.966332,0.914656
N20260929-S012,N20260929,2026-09-30T05:00:00Z,900,true,1.333418,0.739620,0.950068,0.947200
N20260929-S013,N20260929,2026-09-30T05:15:00Z,900,true,1.320013,0.762623,0.984041,0.948061
N20260929-S014,N20260929,2026-09-30T05:30:00Z,900,true,1.327419,0.748992,0.963792,0.983964
N20260929-S015,N20260929,2026-09-30T05:45:00Z,900,true,1.352923,0.746308,0.979266,0.967534
N20260929-S016,N20260929,2026-09-30T06:00:00Z,900,true,1.299297,0.758367,0.996930,0.932604
N20260929-S017,N20260929,2026-09-30T06:15:00Z,900,true,1.283998,0.763316,1.008694,0.974149
N20260929-S018,N20260929,2026-09-30T06:30:00Z,900,true,1.295637,0.760186,1.007228,0.951095
N20260929-S019,N20260929,2026-09-30T06:45:00Z,900,true,1.281827,0.759516,1.001412,0.910922
N20260929-S020,N20260929,2026-09-30T07:00:00Z,900,true,1.274156,0.758283,0.984956,0.960628
N20260929-S021,N20260929,2026-09-30T07:15:00Z,900,true,1.274101,0.745158,1.012101,0.974318
N20260929-S022,N20260929,2026-09-30T07:30:00Z,900,true,1.280372,0.731442,1.048945,0.903755
N20260929-S023,N20260929,2026-09-30T07:45:00Z,900,true,1.251163,0.751582,1.007877,0.948008
N20260929-S024,N20260929,2026-09-30T08:00:00Z,900,true,1.260584,0.729757,0.992676,0.991807
N20260929-S025,N20260929,2026-09-30T08:15:00Z,900,true,1.303795,0.719624,0.980749,0.924685
N20260929-S026,N20260929,2026-09-30T08:30:00Z,900,true,1.280123,0.736877,0.990621,0.930477
N20260929-S027,N20260929,2026-09-30T08:45:00Z,900,true,1.308151,0.735648,1.004392,0.964746
N20260929-S028,N20260929,2026-09-30T09:00:00Z,900,true,1.332786,0.721568,1.012985,0.981421
N20260929-S029,N20260929,2026-09-30T09:15:00Z,900,true,1.357873,0.747206,1.011921,0.981870
N20260929-S030,N20260929,2026-09-30T09:30:00Z,900,true,1.367013,0.762830,1.007558,0.934891
N20260929-S031,N20260929,2026-09-30T09:45:00Z,900,true,1.380146,0.751224,1.024116,0.918951
N20260929-S032,N20260929,2026-09-30T10:00:00Z,900,true,1.422100,0.738821,1.036228,0.987998
N20260929-S033,N20260929,2026-09-30T10:15:00Z,900,true,1.425835,0.742639,1.022999,0.911975
N20260929-S034,N20260929,2026-09-30T10:30:00Z,900,true,1.446354,0.737533,1.037769,0.908160
N20260929-S035,N20260929,2026-09-30T10:45:00Z,900,true,1.421142,0.743766,1.004494,0.963761
N20260929-S036,N20260929,2026-09-30T11:00:00Z,900,true,1.438091,0.756552,1.001180,0.926534
N20260929-S037,N20260929,2026-09-30T11:15:00Z,900,true,1.454468,0.759447,1.007069,0.972288
N20260929-S038,N20260929,2026-09-30T11:30:00Z,900,true,1.487220,0.762077,1.012586,0.973089
N20260929-S039,N20260929,2026-09-30T11:45:00Z,900,true,1.457629,0.749009,1.020644,0.958295
N20260929-S040,N20260929,2026-09-30T12:00:00Z,900,true,1.477219,0.747563,0.992920,0.940215
N20260930-S001,N20260930,2026-10-01T02:15:00Z,900,true,1.176011,0.790228,1.020383,0.965095
N20260930-S002,N20260930,2026-10-01T02:30:00Z,900,true,1.147305,0.807519,1.045839,0.987046
N20260930-S003,N20260930,2026-10-01T02:45:00Z,900,true,1.146943,0.808645,1.067255,0.984279
N20260930-S004,N20260930,2026-10-01T03:00:00Z,900,true,1.164885,0.822132,1.087757,0.951436
N20260930-S005,N20260930,2026-10-01T03:15:00Z,900,true,1.192138,0.810055,1.060580,0.927930
N20260930-S006,N20260930,2026-10-01T03:30:00Z,900,true,1.218288,0.786771,1.110546,0.916399
N20260930-S007,N20260930,2026-10-01T03:45:00Z,900,true,1.193361,0.781822,1.137696,0.927346
N20260930-S008,N20260930,2026-10-01T04:00:00Z,900,true,1.231809,0.799480,1.139653,0.913937
N20260930-S009,N20260930,2026-10-01T04:15:00Z,900,true,1.257189,0.805974,1.140111,0.931533
N20260930-S010,N20260930,2026-10-01T04:30:00Z,900,true,1.245264,0.821037,1.136968,0.978587
N20260930-S011,N20260930,2026-10-01T04:45:00Z,900,true,1.259457,0.818628,1.107980,0.933738
N20260930-S012,N20260930,2026-10-01T05:00:00Z,900,true,1.198393,0.832009,1.064416,0.916471
N20260930-S013,N20260930,2026-10-01T05:15:00Z,900,true,1.208728,0.843522,1.087319,0.933196
N20260930-S014,N20260930,2026-10-01T05:30:00Z,900,true,1.236383,0.825156,1.110648,0.918108
N20260930-S015,N20260930,2026-10-01T05:45:00Z,900,true,1.218505,0.818546,1.102989,0.913696
N20260930-S016,N20260930,2026-10-01T06:00:00Z,900,true,1.235367,0.827391,1.094341,0.921767
N20260930-S017,N20260930,2026-10-01T06:15:00Z,900,true,1.227724,0.821070,1.056163,0.996989
N20260930-S018,N20260930,2026-10-01T06:30:00Z,900,true,1.154707,0.810693,1.055300,0.905992
N20260930-S019,N20260930,2026-10-01T06:45:00Z,900,true,1.158471,0.803846,1.041203,0.942387
N20260930-S020,N20260930,2026-10-01T07:00:00Z,900,true,1.159218,0.831926,1.022030,0.935244
N20260930-S021,N20260930,2026-10-01T07:15:00Z,900,true,1.161826,0.817752,1.042397,0.958141
N20260930-S022,N20260930,2026-10-01T07:30:00Z,900,true,1.151692,0.799217,1.041774,0.949951
N20260930-S023,N20260930,2026-10-01T07:45:00Z,900,true,1.135878,0.806222,1.044783,0.980323
N20260930-S024,N20260930,2026-10-01T08:00:00Z,900,true,1.140565,0.796918,1.060750,0.987233
N20260930-S025,N20260930,2026-10-01T08:15:00Z,900,true,1.142639,0.773983,1.060494,0.957206
N20260930-S026,N20260930,2026-10-01T08:30:00Z,900,true,1.178050,0.775380,1.047372,0.911608
N20260930-S027,N20260930,2026-10-01T08:45:00Z,900,true,1.191423,0.795495,1.035774,0.928373
N20260930-S028,N20260930,2026-10-01T09:00:00Z,900,true,1.245169,0.792622,1.033764,0.904741
N20260930-S029,N20260930,2026-10-01T09:15:00Z,900,true,1.248372,0.792797,1.011657,0.985330
N20260930-S030,N20260930,2026-10-01T09:30:00Z,900,false,,,,
N20260930-S031,N20260930,2026-10-01T09:45:00Z,900,true,1.208851,0.804985,1.045199,0.968968
N20260930-S032,N20260930,2026-10-01T10:00:00Z,900,true,1.199222,0.805961,1.062925,0.979168
N20260930-S033,N20260930,2026-10-01T10:15:00Z,900,true,1.199821,0.801397,1.079530,0.907099
N20260930-S034,N20260930,2026-10-01T10:30:00Z,900,true,1.202786,0.800303,1.053524,0.975234
N20260930-S035,N20260930,2026-10-01T10:45:00Z,900,true,1.168493,0.806164,1.052089,0.914262
N20260930-S036,N20260930,2026-10-01T11:00:00Z,900,true,1.200999,0.809934,1.062855,0.953723
N20260930-S037,N20260930,2026-10-01T11:15:00Z,900,true,1.205196,0.818705,1.055632,0.917243
N20260930-S038,N20260930,2026-10-01T11:30:00Z,900,true,1.261239,0.826123,1.083599,0.992734
N20260930-S039,N20260930,2026-10-01T11:45:00Z,900,true,1.320628,0.809024,1.082793,0.997050
N20260930-S040,N20260930,2026-10-01T12:00:00Z,900,true,1.272880,0.807115,1.073293,0.947522
N20261001-S001,N20261001,2026-10-02T02:15:00Z,900,true,1.229634,0.779809,1.021843,0.900421
N20261001-S002,N20261001,2026-10-02T02:30:00Z,900,true,1.283260,0.784300,1.020304,0.944896
N20261001-S003,N20261001,2026-10-02T02:45:00Z,900,true,1.307572,0.779904,1.012732,0.962848
N20261001-S004,N20261001,2026-10-02T03:00:00Z,900,true,1.353369,0.780919,1.037161,0.942001
N20261001-S005,N20261001,2026-10-02T03:15:00Z,900,true,1.421180,0.786389,1.030957,0.924026
N20261001-S006,N20261001,2026-10-02T03:30:00Z,900,true,1.417174,0.786324,1.009024,0.975019
N20261001-S007,N20261001,2026-10-02T03:45:00Z,900,true,1.410679,0.774974,0.968248,0.916568
N20261001-S008,N20261001,2026-10-02T04:00:00Z,900,true,1.383972,0.772631,0.987866,0.999112
N20261001-S009,N20261001,2026-10-02T04:15:00Z,900,true,1.329076,0.755352,0.996094,0.974950
N20261001-S010,N20261001,2026-10-02T04:30:00Z,900,true,1.299772,0.757098,1.009967,0.979991
N20261001-S011,N20261001,2026-10-02T04:45:00Z,900,true,1.334309,0.768104,1.000494,0.927860
N20261001-S012,N20261001,2026-10-02T05:00:00Z,900,true,1.298263,0.758466,1.002064,0.905952
N20261001-S013,N20261001,2026-10-02T05:15:00Z,900,true,1.338935,0.766780,0.987882,0.982482
N20261001-S014,N20261001,2026-10-02T05:30:00Z,900,true,1.369952,0.766027,0.981989,0.956847
N20261001-S015,N20261001,2026-10-02T05:45:00Z,900,true,1.404653,0.767840,0.971685,0.923059
N20261001-S016,N20261001,2026-10-02T06:00:00Z,900,true,1.438313,0.770483,0.998949,0.924903
N20261001-S017,N20261001,2026-10-02T06:15:00Z,900,true,1.515930,0.773455,0.989400,0.964159
N20261001-S018,N20261001,2026-10-02T06:30:00Z,900,true,1.442206,0.784571,0.986956,0.979925
N20261001-S019,N20261001,2026-10-02T06:45:00Z,900,true,1.435775,0.793873,0.991859,0.916081
N20261001-S020,N20261001,2026-10-02T07:00:00Z,900,true,1.435876,0.808421,0.998223,0.903522
N20261001-S021,N20261001,2026-10-02T07:15:00Z,900,true,1.398649,0.818027,1.015744,0.998985
N20261001-S022,N20261001,2026-10-02T07:30:00Z,900,true,1.391049,0.795563,1.026142,0.970304
N20261001-S023,N20261001,2026-10-02T07:45:00Z,900,true,1.343160,0.792086,1.028271,0.906010
N20261001-S024,N20261001,2026-10-02T08:00:00Z,900,true,1.309454,0.797107,1.004285,0.955235
N20261001-S025,N20261001,2026-10-02T08:15:00Z,900,true,1.274923,0.797075,1.049972,0.939533
N20261001-S026,N20261001,2026-10-02T08:30:00Z,900,true,1.284317,0.782047,0.986538,0.927061
N20261001-S027,N20261001,2026-10-02T08:45:00Z,900,true,1.256918,0.791721,0.997064,0.936800
N20261001-S028,N20261001,2026-10-02T09:00:00Z,900,true,1.249884,0.784579,0.999410,0.920226
N20261001-S029,N20261001,2026-10-02T09:15:00Z,900,true,1.265842,0.800707,1.007095,0.949913
N20261001-S030,N20261001,2026-10-02T09:30:00Z,900,true,1.273718,0.815635,1.026478,0.913213
N20261001-S031,N20261001,2026-10-02T09:45:00Z,900,true,1.319971,0.799714,1.018825,0.951503
N20261001-S032,N20261001,2026-10-02T10:00:00Z,900,true,1.386546,0.784452,1.013938,0.932462
N20261001-S033,N20261001,2026-10-02T10:15:00Z,900,true,1.394020,0.790367,1.017362,0.911872
N20261001-S034,N20261001,2026-10-02T10:30:00Z,900,true,1.419948,0.773443,1.010335,0.920474
N20261001-S035,N20261001,2026-10-02T10:45:00Z,900,true,1.447337,0.767458,1.015350,0.936102
N20261001-S036,N20261001,2026-10-02T11:00:00Z,900,true,1.420310,0.759367,1.009341,0.914516
N20261001-S037,N20261001,2026-10-02T11:15:00Z,900,true,1.386115,0.737197,1.030674,0.997172
N20261001-S038,N20261001,2026-10-02T11:30:00Z,900,true,1.397138,0.724759,1.039796,0.955372
N20261001-S039,N20261001,2026-10-02T11:45:00Z,900,true,1.362117,0.720731,1.046545,0.988830
N20261001-S040,N20261001,2026-10-02T12:00:00Z,900,true,1.318528,0.731721,1.056035,0.945989
N20261002-S001,N20261002,2026-10-03T02:15:00Z,900,true,1.396747,0.793154,1.002940,0.913675
N20261002-S002,N20261002,2026-10-03T02:30:00Z,900,true,1.396000,0.777125,1.019053,0.986182
N20261002-S003,N20261002,2026-10-03T02:45:00Z,900,true,1.378224,0.764481,1.023079,0.957123
N20261002-S004,N20261002,2026-10-03T03:00:00Z,900,true,1.401041,0.772736,1.029704,0.987772
N20261002-S005,N20261002,2026-10-03T03:15:00Z,900,true,1.417861,0.767666,1.036149,0.986047
N20261002-S006,N20261002,2026-10-03T03:30:00Z,900,true,1.442242,0.771844,1.045277,0.968634
N20261002-S007,N20261002,2026-10-03T03:45:00Z,900,true,1.394799,0.775528,1.039780,0.927173
N20261002-S008,N20261002,2026-10-03T04:00:00Z,900,true,1.292917,0.767707,1.043168,0.901851
N20261002-S009,N20261002,2026-10-03T04:15:00Z,900,true,1.338380,0.772174,1.032066,0.979117
N20261002-S010,N20261002,2026-10-03T04:30:00Z,900,true,1.356649,0.750145,1.048909,0.932100
N20261002-S011,N20261002,2026-10-03T04:45:00Z,900,true,1.415600,0.739273,1.042296,0.947227
N20261002-S012,N20261002,2026-10-03T05:00:00Z,900,true,1.404813,0.759990,1.020565,0.979238
N20261002-S013,N20261002,2026-10-03T05:15:00Z,900,true,1.404893,0.761749,1.050006,0.905982
N20261002-S014,N20261002,2026-10-03T05:30:00Z,900,true,1.403521,0.754050,1.070226,0.987892
N20261002-S015,N20261002,2026-10-03T05:45:00Z,900,true,1.432321,0.757843,1.054465,0.989200
N20261002-S016,N20261002,2026-10-03T06:00:00Z,900,true,1.437291,0.769423,1.031927,0.905213
N20261002-S017,N20261002,2026-10-03T06:15:00Z,900,true,1.436474,0.773185,1.065183,0.978576
N20261002-S018,N20261002,2026-10-03T06:30:00Z,900,true,1.452096,0.795402,1.066585,0.977235
N20261002-S019,N20261002,2026-10-03T06:45:00Z,900,true,1.430497,0.777002,1.051566,0.989650
N20261002-S020,N20261002,2026-10-03T07:00:00Z,900,true,1.446895,0.786460,1.031521,0.974852
N20261002-S021,N20261002,2026-10-03T07:15:00Z,900,true,1.438431,0.801739,1.007542,0.966679
N20261002-S022,N20261002,2026-10-03T07:30:00Z,900,true,1.492763,0.806267,1.012953,0.943278
N20261002-S023,N20261002,2026-10-03T07:45:00Z,900,true,1.527617,0.820561,0.995011,0.940150
N20261002-S024,N20261002,2026-10-03T08:00:00Z,900,true,1.499120,0.823172,1.020086,0.937562
N20261002-S025,N20261002,2026-10-03T08:15:00Z,900,true,1.425645,0.809783,1.027534,0.920330
N20261002-S026,N20261002,2026-10-03T08:30:00Z,900,true,1.417065,0.800744,1.024356,0.975847
N20261002-S027,N20261002,2026-10-03T08:45:00Z,900,true,1.428903,0.814008,1.047770,0.958409
N20261002-S028,N20261002,2026-10-03T09:00:00Z,900,true,1.456809,0.814770,1.023086,0.948819
N20261002-S029,N20261002,2026-10-03T09:15:00Z,900,true,1.460386,0.815874,1.027824,0.908522
N20261002-S030,N20261002,2026-10-03T09:30:00Z,900,true,1.456919,0.806733,1.023669,0.969666
N20261002-S031,N20261002,2026-10-03T09:45:00Z,900,true,1.537027,0.802392,1.026107,0.934367
N20261002-S032,N20261002,2026-10-03T10:00:00Z,900,true,1.492139,0.806264,1.043109,0.980670
N20261002-S033,N20261002,2026-10-03T10:15:00Z,900,true,1.454814,0.818448,1.026600,0.940777
N20261002-S034,N20261002,2026-10-03T10:30:00Z,900,true,1.403236,0.813963,1.011513,0.934719
N20261002-S035,N20261002,2026-10-03T10:45:00Z,900,true,1.349682,0.802886,1.013793,0.966622
N20261002-S036,N20261002,2026-10-03T11:00:00Z,900,true,1.378370,0.794892,1.015947,0.953878
N20261002-S037,N20261002,2026-10-03T11:15:00Z,900,true,1.428182,0.796945,1.028056,0.994953
N20261002-S038,N20261002,2026-10-03T11:30:00Z,900,true,1.417099,0.800433,0.984875,0.944904
N20261002-S039,N20261002,2026-10-03T11:45:00Z,900,true,1.359009,0.796690,0.994719,0.922456
N20261002-S040,N20261002,2026-10-03T12:00:00Z,900,true,1.335460,0.808665,1.007446,0.928600
N20261003-S001,N20261003,2026-10-04T02:15:00Z,900,true,1.461036,0.755305,1.049263,0.915368
N20261003-S002,N20261003,2026-10-04T02:30:00Z,900,true,1.467354,0.775713,1.049423,0.936264
N20261003-S003,N20261003,2026-10-04T02:45:00Z,900,true,1.457342,0.749576,1.074801,0.979786
N20261003-S004,N20261003,2026-10-04T03:00:00Z,900,true,1.410400,0.760257,1.060720,0.981172
N20261003-S005,N20261003,2026-10-04T03:15:00Z,900,true,1.384899,0.784382,1.079868,0.969397
N20261003-S006,N20261003,2026-10-04T03:30:00Z,900,true,1.412688,0.799719,1.081994,0.933856
N20261003-S007,N20261003,2026-10-04T03:45:00Z,900,true,1.392046,0.792800,1.088006,0.987826
N20261003-S008,N20261003,2026-10-04T04:00:00Z,900,true,1.427950,0.781708,1.088125,0.915369
N20261003-S009,N20261003,2026-10-04T04:15:00Z,900,true,1.404385,0.766176,1.074313,0.937760
N20261003-S010,N20261003,2026-10-04T04:30:00Z,900,true,1.395865,0.761398,1.065929,0.974485
N20261003-S011,N20261003,2026-10-04T04:45:00Z,900,true,1.454498,0.760810,1.043708,0.971055
N20261003-S012,N20261003,2026-10-04T05:00:00Z,900,true,1.412471,0.761993,1.014702,0.954489
N20261003-S013,N20261003,2026-10-04T05:15:00Z,900,true,1.410155,0.772670,1.031041,0.996544
N20261003-S014,N20261003,2026-10-04T05:30:00Z,900,true,1.433428,0.762363,1.027284,0.915277
N20261003-S015,N20261003,2026-10-04T05:45:00Z,900,true,1.476524,0.770814,1.012115,0.952948
N20261003-S016,N20261003,2026-10-04T06:00:00Z,900,true,1.492336,0.780257,1.014926,0.948895
N20261003-S017,N20261003,2026-10-04T06:15:00Z,900,true,1.495615,0.783342,1.041098,0.907908
N20261003-S018,N20261003,2026-10-04T06:30:00Z,900,true,1.451732,0.780684,1.056440,0.951359
N20261003-S019,N20261003,2026-10-04T06:45:00Z,900,true,1.458415,0.798892,1.036617,0.990615
N20261003-S020,N20261003,2026-10-04T07:00:00Z,900,true,1.422453,0.773520,1.004853,0.979242
N20261003-S021,N20261003,2026-10-04T07:15:00Z,900,true,1.457067,0.771664,0.998028,0.970790
N20261003-S022,N20261003,2026-10-04T07:30:00Z,900,true,1.426242,0.775603,1.003638,0.941509
N20261003-S023,N20261003,2026-10-04T07:45:00Z,900,true,1.432495,0.777126,1.025996,0.951407
N20261003-S024,N20261003,2026-10-04T08:00:00Z,900,true,1.439893,0.781247,1.008172,0.941852
N20261003-S025,N20261003,2026-10-04T08:15:00Z,900,true,1.479332,0.771706,1.025615,0.902045
N20261003-S026,N20261003,2026-10-04T08:30:00Z,900,true,1.496994,0.776558,1.003722,0.900228
N20261003-S027,N20261003,2026-10-04T08:45:00Z,900,true,1.499064,0.778215,0.996478,0.970486
N20261003-S028,N20261003,2026-10-04T09:00:00Z,900,true,1.512194,0.778988,1.041518,0.919628
N20261003-S029,N20261003,2026-10-04T09:15:00Z,900,true,1.538010,0.791050,1.048620,0.988215
N20261003-S030,N20261003,2026-10-04T09:30:00Z,900,true,1.510641,0.794621,1.036283,0.939748
N20261003-S031,N20261003,2026-10-04T09:45:00Z,900,true,1.468431,0.786081,1.040671,0.982288
N20261003-S032,N20261003,2026-10-04T10:00:00Z,900,true,1.450603,0.759846,1.039120,0.904595
N20261003-S033,N20261003,2026-10-04T10:15:00Z,900,true,1.405451,0.777184,1.031119,0.974294
N20261003-S034,N20261003,2026-10-04T10:30:00Z,900,true,1.352911,0.761828,1.046944,0.959561
N20261003-S035,N20261003,2026-10-04T10:45:00Z,900,true,1.350985,0.774105,1.027778,0.928776
N20261003-S036,N20261003,2026-10-04T11:00:00Z,900,false,,,,
N20261003-S037,N20261003,2026-10-04T11:15:00Z,900,false,,,,
N20261003-S038,N20261003,2026-10-04T11:30:00Z,900,false,,,,
N20261003-S039,N20261003,2026-10-04T11:45:00Z,900,false,,,,
N20261003-S040,N20261003,2026-10-04T12:00:00Z,900,true,1.370229,0.811005,1.029117,0.957084
N20261004-S001,N20261004,2026-10-05T02:00:00Z,900,true,1.403053,0.731396,1.080770,0.953968
N20261004-S002,N20261004,2026-10-05T02:15:00Z,900,true,1.388595,0.739904,1.076818,0.953044
N20261004-S003,N20261004,2026-10-05T02:30:00Z,900,true,1.376309,0.769953,1.065884,0.911175
N20261004-S004,N20261004,2026-10-05T02:45:00Z,900,true,1.377903,0.772118,1.076472,0.928452
N20261004-S005,N20261004,2026-10-05T03:00:00Z,900,true,1.411415,0.764921,1.102868,0.900217
N20261004-S006,N20261004,2026-10-05T03:15:00Z,900,true,1.429117,0.774248,1.088837,0.909117
N20261004-S007,N20261004,2026-10-05T03:30:00Z,900,true,1.433180,0.774934,1.087455,0.975873
N20261004-S008,N20261004,2026-10-05T03:45:00Z,900,true,1.412141,0.780650,1.089861,0.998042
N20261004-S009,N20261004,2026-10-05T04:00:00Z,900,true,1.345343,0.781625,1.061465,0.989739
N20261004-S010,N20261004,2026-10-05T04:15:00Z,900,true,1.383102,0.785826,1.035259,0.983885
N20261004-S011,N20261004,2026-10-05T04:30:00Z,900,true,1.383983,0.784738,1.037312,0.933038
N20261004-S012,N20261004,2026-10-05T04:45:00Z,900,true,1.394503,0.776538,1.050188,0.961297
N20261004-S013,N20261004,2026-10-05T05:00:00Z,900,true,1.438702,0.764001,1.052416,0.909529
N20261004-S014,N20261004,2026-10-05T05:15:00Z,900,true,1.375323,0.760228,1.032885,0.952599
N20261004-S015,N20261004,2026-10-05T05:30:00Z,900,true,1.366010,0.747601,1.040507,0.928962
N20261004-S016,N20261004,2026-10-05T05:45:00Z,900,true,1.389761,0.754955,1.041866,0.972071
N20261004-S017,N20261004,2026-10-05T06:00:00Z,900,true,1.372869,0.750909,1.025055,0.902896
N20261004-S018,N20261004,2026-10-05T06:15:00Z,900,true,1.344365,0.753654,1.028821,0.931840
N20261004-S019,N20261004,2026-10-05T06:30:00Z,900,true,1.365432,0.741317,1.025218,0.915094
N20261004-S020,N20261004,2026-10-05T06:45:00Z,900,true,1.344305,0.730636,1.040478,0.950797
N20261004-S021,N20261004,2026-10-05T07:00:00Z,900,true,1.350575,0.740644,1.066643,0.964003
N20261004-S022,N20261004,2026-10-05T07:15:00Z,900,true,1.353494,0.751898,1.062659,0.941624
N20261004-S023,N20261004,2026-10-05T07:30:00Z,900,true,1.331185,0.747586,1.059231,0.965753
N20261004-S024,N20261004,2026-10-05T07:45:00Z,900,true,1.342638,0.740159,1.068681,0.947982
N20261004-S025,N20261004,2026-10-05T08:00:00Z,900,true,1.325024,0.732078,1.052852,0.969569
N20261004-S026,N20261004,2026-10-05T08:15:00Z,900,true,1.347296,0.732582,1.068375,0.982639
N20261004-S027,N20261004,2026-10-05T08:30:00Z,900,true,1.360163,0.730906,1.075102,0.947233
N20261004-S028,N20261004,2026-10-05T08:45:00Z,900,true,1.345365,0.737894,1.061685,0.965184
N20261004-S029,N20261004,2026-10-05T09:00:00Z,900,true,1.352158,0.744080,1.071611,0.945827
N20261004-S030,N20261004,2026-10-05T09:15:00Z,900,true,1.352136,0.746784,1.085195,0.904538
N20261004-S031,N20261004,2026-10-05T09:30:00Z,900,true,1.305643,0.748702,1.043439,0.909227
N20261004-S032,N20261004,2026-10-05T09:45:00Z,900,true,1.345780,0.762018,1.017616,0.947793
N20261004-S033,N20261004,2026-10-05T10:00:00Z,900,true,1.377002,0.750970,1.008022,0.916880
N20261004-S034,N20261004,2026-10-05T10:15:00Z,900,true,1.446143,0.751654,1.005670,0.900245
N20261004-S035,N20261004,2026-10-05T10:30:00Z,900,true,1.477203,0.737258,1.006746,0.993532
N20261004-S036,N20261004,2026-10-05T10:45:00Z,900,true,1.480053,0.725781,1.000498,0.977513
N20261004-S037,N20261004,2026-10-05T11:00:00Z,900,true,1.496005,0.720767,1.036356,0.924567
N20261004-S038,N20261004,2026-10-05T11:15:00Z,900,true,1.547330,0.730461,1.059022,0.958143
N20261004-S039,N20261004,2026-10-05T11:30:00Z,900,true,1.535264,0.729948,1.045174,0.957793
N20261004-S040,N20261004,2026-10-05T11:45:00Z,900,true,1.534310,0.742140,1.055573,0.966971
N20261004-S041,N20261004,2026-10-05T12:00:00Z,900,true,1.432031,0.731269,1.042153,0.923428
N20261004-S042,N20261004,2026-10-05T12:15:00Z,900,true,1.486916,0.741343,1.056963,0.947322
N20261005-S001,N20261005,2026-10-06T02:00:00Z,900,true,1.247690,0.756706,1.091628,0.962673
N20261005-S002,N20261005,2026-10-06T02:15:00Z,900,true,1.221247,0.768469,1.101182,0.969874
N20261005-S003,N20261005,2026-10-06T02:30:00Z,900,true,1.190860,0.768088,1.123142,0.951244
N20261005-S004,N20261005,2026-10-06T02:45:00Z,900,true,1.136964,0.772000,1.100669,0.965024
N20261005-S005,N20261005,2026-10-06T03:00:00Z,900,true,1.207932,0.774538,1.133326,0.985231
N20261005-S006,N20261005,2026-10-06T03:15:00Z,900,true,1.204934,0.771042,1.133355,0.937190
N20261005-S007,N20261005,2026-10-06T03:30:00Z,900,true,1.199015,0.771407,1.122764,0.917451
N20261005-S008,N20261005,2026-10-06T03:45:00Z,900,true,1.254443,0.790314,1.129792,0.949664
N20261005-S009,N20261005,2026-10-06T04:00:00Z,900,true,1.285314,0.773921,1.151009,0.915862
N20261005-S010,N20261005,2026-10-06T04:15:00Z,900,true,1.257121,0.766089,1.138267,0.938049
N20261005-S011,N20261005,2026-10-06T04:30:00Z,900,true,1.252253,0.758877,1.130269,0.907411
N20261005-S012,N20261005,2026-10-06T04:45:00Z,900,true,1.289119,0.761198,1.114399,0.991560
N20261005-S013,N20261005,2026-10-06T05:00:00Z,900,true,1.274779,0.752451,1.130251,0.941048
N20261005-S014,N20261005,2026-10-06T05:15:00Z,900,true,1.269294,0.763856,1.113202,0.925836
N20261005-S015,N20261005,2026-10-06T05:30:00Z,900,true,1.297012,0.759436,1.096082,0.982895
N20261005-S016,N20261005,2026-10-06T05:45:00Z,900,true,1.289187,0.748269,1.137616,0.924471
N20261005-S017,N20261005,2026-10-06T06:00:00Z,900,true,1.278227,0.715379,1.125487,0.987056
N20261005-S018,N20261005,2026-10-06T06:15:00Z,900,true,1.235623,0.708616,1.105560,0.963030
N20261005-S019,N20261005,2026-10-06T06:30:00Z,900,true,1.231491,0.700850,1.107707,0.914417
N20261005-S020,N20261005,2026-10-06T06:45:00Z,900,true,1.285735,0.710073,1.091200,0.915680
N20261005-S021,N20261005,2026-10-06T07:00:00Z,900,true,1.316770,0.703595,1.101575,0.939554
N20261005-S022,N20261005,2026-10-06T07:15:00Z,900,true,1.321173,0.715807,1.113772,0.929659
N20261005-S023,N20261005,2026-10-06T07:30:00Z,900,true,1.367539,0.721787,1.114316,0.992948
N20261005-S024,N20261005,2026-10-06T07:45:00Z,900,true,1.285180,0.731451,1.099932,0.955836
N20261005-S025,N20261005,2026-10-06T08:00:00Z,900,true,1.298031,0.747998,1.078879,0.911398
N20261005-S026,N20261005,2026-10-06T08:15:00Z,900,true,1.286501,0.732038,1.066322,0.902244
N20261005-S027,N20261005,2026-10-06T08:30:00Z,900,true,1.320537,0.753572,1.060512,0.914695
N20261005-S028,N20261005,2026-10-06T08:45:00Z,900,true,1.265847,0.757692,1.051805,0.947362
N20261005-S029,N20261005,2026-10-06T09:00:00Z,900,true,1.265425,0.765540,1.090770,0.909688
N20261005-S030,N20261005,2026-10-06T09:15:00Z,900,true,1.234392,0.759436,1.071649,0.937834
N20261005-S031,N20261005,2026-10-06T09:30:00Z,900,true,1.272981,0.763834,1.083081,0.927767
N20261005-S032,N20261005,2026-10-06T09:45:00Z,900,true,1.283597,0.756014,1.087036,0.991573
N20261005-S033,N20261005,2026-10-06T10:00:00Z,900,true,1.285024,0.774923,1.120963,0.978586
N20261005-S034,N20261005,2026-10-06T10:15:00Z,900,true,1.229354,0.785913,1.123907,0.967696
N20261005-S035,N20261005,2026-10-06T10:30:00Z,900,true,1.241761,0.765802,1.122372,0.930100
N20261005-S036,N20261005,2026-10-06T10:45:00Z,900,true,1.222913,0.773703,1.113843,0.962551
N20261005-S037,N20261005,2026-10-06T11:00:00Z,900,true,1.232958,0.797545,1.110352,0.939986
N20261005-S038,N20261005,2026-10-06T11:15:00Z,900,true,1.250820,0.814938,1.121147,0.923924
N20261005-S039,N20261005,2026-10-06T11:30:00Z,900,true,1.259441,0.817907,1.131607,0.984355
N20261005-S040,N20261005,2026-10-06T11:45:00Z,900,true,1.266149,0.806223,1.128069,0.971839
N20261005-S041,N20261005,2026-10-06T12:00:00Z,900,true,1.287225,0.808570,1.119017,0.936232
N20261005-S042,N20261005,2026-10-06T12:15:00Z,900,true,1.321320,0.831099,1.131060,0.995785
N20261006-S001,N20261006,2026-10-07T02:00:00Z,900,true,1.151377,0.779559,0.989164,0.931255
N20261006-S002,N20261006,2026-10-07T02:15:00Z,900,true,1.104670,0.780792,0.983474,0.963416
N20261006-S003,N20261006,2026-10-07T02:30:00Z,900,true,1.135977,0.778000,0.985129,0.925953
N20261006-S004,N20261006,2026-10-07T02:45:00Z,900,true,1.134816,0.786256,1.006905,0.973075
N20261006-S005,N20261006,2026-10-07T03:00:00Z,900,true,1.122429,0.804689,1.010881,0.950809
N20261006-S006,N20261006,2026-10-07T03:15:00Z,900,true,1.146700,0.798057,0.987349,0.911752
N20261006-S007,N20261006,2026-10-07T03:30:00Z,900,true,1.140214,0.788851,0.997466,0.957756
N20261006-S008,N20261006,2026-10-07T03:45:00Z,900,true,1.178246,0.788974,0.971551,0.989598
N20261006-S009,N20261006,2026-10-07T04:00:00Z,900,true,1.160879,0.795552,0.970008,0.934195
N20261006-S010,N20261006,2026-10-07T04:15:00Z,900,true,1.168459,0.774634,0.969436,0.904731
N20261006-S011,N20261006,2026-10-07T04:30:00Z,900,true,1.165850,0.777844,0.990091,0.997446
N20261006-S012,N20261006,2026-10-07T04:45:00Z,900,true,1.168595,0.784985,0.998232,0.921633
N20261006-S013,N20261006,2026-10-07T05:00:00Z,900,true,1.154479,0.767063,0.989316,0.943932
N20261006-S014,N20261006,2026-10-07T05:15:00Z,900,false,,,,
N20261006-S015,N20261006,2026-10-07T05:30:00Z,900,false,,,,
N20261006-S016,N20261006,2026-10-07T05:45:00Z,900,false,,,,
N20261006-S017,N20261006,2026-10-07T06:00:00Z,900,false,,,,
N20261006-S018,N20261006,2026-10-07T06:15:00Z,900,false,,,,
N20261006-S019,N20261006,2026-10-07T06:30:00Z,900,false,,,,
N20261006-S020,N20261006,2026-10-07T06:45:00Z,900,false,,,,
N20261006-S021,N20261006,2026-10-07T07:00:00Z,900,false,,,,
N20261006-S022,N20261006,2026-10-07T07:15:00Z,900,false,,,,
N20261006-S023,N20261006,2026-10-07T07:30:00Z,900,false,,,,
N20261006-S024,N20261006,2026-10-07T07:45:00Z,900,false,,,,
N20261006-S025,N20261006,2026-10-07T08:00:00Z,900,false,,,,
N20261006-S026,N20261006,2026-10-07T08:15:00Z,900,false,,,,
N20261006-S027,N20261006,2026-10-07T08:30:00Z,900,false,,,,
N20261006-S028,N20261006,2026-10-07T08:45:00Z,900,false,,,,
N20261006-S029,N20261006,2026-10-07T09:00:00Z,900,false,,,,
N20261006-S030,N20261006,2026-10-07T09:15:00Z,900,false,,,,
N20261006-S031,N20261006,2026-10-07T09:30:00Z,900,false,,,,
N20261006-S032,N20261006,2026-10-07T09:45:00Z,900,false,,,,
N20261006-S033,N20261006,2026-10-07T10:00:00Z,900,false,,,,
N20261006-S034,N20261006,2026-10-07T10:15:00Z,900,false,,,,
N20261006-S035,N20261006,2026-10-07T10:30:00Z,900,false,,,,
N20261006-S036,N20261006,2026-10-07T10:45:00Z,900,false,,,,
N20261006-S037,N20261006,2026-10-07T11:00:00Z,900,false,,,,
N20261006-S038,N20261006,2026-10-07T11:15:00Z,900,false,,,,
N20261006-S039,N20261006,2026-10-07T11:30:00Z,900,false,,,,
N20261006-S040,N20261006,2026-10-07T11:45:00Z,900,false,,,,
N20261006-S041,N20261006,2026-10-07T12:00:00Z,900,false,,,,
N20261006-S042,N20261006,2026-10-07T12:15:00Z,900,false,,,,
N20261007-S001,N20261007,2026-10-08T02:00:00Z,900,true,1.281798,0.824277,0.999901,0.909511
N20261007-S002,N20261007,2026-10-08T02:15:00Z,900,true,1.289850,0.816818,1.018028,0.953894
N20261007-S003,N20261007,2026-10-08T02:30:00Z,900,true,1.218861,0.831880,1.013991,0.941892
N20261007-S004,N20261007,2026-10-08T02:45:00Z,900,true,1.208201,0.823256,0.999802,0.925649
N20261007-S005,N20261007,2026-10-08T03:00:00Z,900,true,1.222996,0.822341,0.976977,0.977361
N20261007-S006,N20261007,2026-10-08T03:15:00Z,900,true,1.286680,0.828588,0.974873,0.916090
N20261007-S007,N20261007,2026-10-08T03:30:00Z,900,true,1.233817,0.822206,0.972387,0.932397
N20261007-S008,N20261007,2026-10-08T03:45:00Z,900,true,1.249336,0.830365,0.960906,0.975458
N20261007-S009,N20261007,2026-10-08T04:00:00Z,900,true,1.311425,0.816429,0.978326,0.935339
N20261007-S010,N20261007,2026-10-08T04:15:00Z,900,true,1.320366,0.807746,0.971651,0.978324
N20261007-S011,N20261007,2026-10-08T04:30:00Z,900,true,1.309502,0.805406,1.001166,0.917115
N20261007-S012,N20261007,2026-10-08T04:45:00Z,900,true,1.258808,0.793684,0.997862,0.989774
N20261007-S013,N20261007,2026-10-08T05:00:00Z,900,true,1.240215,0.820948,0.984149,0.945665
N20261007-S014,N20261007,2026-10-08T05:15:00Z,900,true,1.241522,0.824665,0.968374,0.989161
N20261007-S015,N20261007,2026-10-08T05:30:00Z,900,true,1.233920,0.835476,0.951502,0.926475
N20261007-S016,N20261007,2026-10-08T05:45:00Z,900,true,1.240796,0.853819,0.973230,0.912860
N20261007-S017,N20261007,2026-10-08T06:00:00Z,900,true,1.284271,0.834287,0.970742,0.920536
N20261007-S018,N20261007,2026-10-08T06:15:00Z,900,true,1.255009,0.815230,0.971569,0.947035
N20261007-S019,N20261007,2026-10-08T06:30:00Z,900,true,1.248015,0.818862,0.960141,0.988376
N20261007-S020,N20261007,2026-10-08T06:45:00Z,900,true,1.323595,0.809343,0.949414,0.961269
N20261007-S021,N20261007,2026-10-08T07:00:00Z,900,true,1.330884,0.810436,0.963962,0.971238
N20261007-S022,N20261007,2026-10-08T07:15:00Z,900,true,1.312566,0.830130,0.972788,0.924800
N20261007-S023,N20261007,2026-10-08T07:30:00Z,900,true,1.353207,0.844613,0.971375,0.901124
N20261007-S024,N20261007,2026-10-08T07:45:00Z,900,true,1.310842,0.853965,0.966847,0.953339
N20261007-S025,N20261007,2026-10-08T08:00:00Z,900,true,1.293298,0.868254,0.957851,0.910141
N20261007-S026,N20261007,2026-10-08T08:15:00Z,900,true,1.271765,0.867533,0.992008,0.918456
N20261007-S027,N20261007,2026-10-08T08:30:00Z,900,true,1.314480,0.875960,0.998336,0.917664
N20261007-S028,N20261007,2026-10-08T08:45:00Z,900,true,1.311310,0.862071,1.015021,0.901557
N20261007-S029,N20261007,2026-10-08T09:00:00Z,900,true,1.308167,0.832387,0.994977,0.964358
N20261007-S030,N20261007,2026-10-08T09:15:00Z,900,true,1.353129,0.828058,1.019215,0.965484
N20261007-S031,N20261007,2026-10-08T09:30:00Z,900,true,1.389539,0.830607,1.032725,0.977876
N20261007-S032,N20261007,2026-10-08T09:45:00Z,900,true,1.368886,0.825284,1.012997,0.913555
N20261007-S033,N20261007,2026-10-08T10:00:00Z,900,true,1.340346,0.818401,1.035327,0.992345
N20261007-S034,N20261007,2026-10-08T10:15:00Z,900,true,1.301842,0.837340,1.041560,0.977458
N20261007-S035,N20261007,2026-10-08T10:30:00Z,900,true,1.313182,0.861779,1.036747,0.922162
N20261007-S036,N20261007,2026-10-08T10:45:00Z,900,true,1.326051,0.831103,1.044692,0.909384
N20261007-S037,N20261007,2026-10-08T11:00:00Z,900,true,1.282624,0.846900,1.042011,0.904485
N20261007-S038,N20261007,2026-10-08T11:15:00Z,900,true,1.275508,0.839804,1.028532,0.912351
N20261007-S039,N20261007,2026-10-08T11:30:00Z,900,false,,,,
N20261007-S040,N20261007,2026-10-08T11:45:00Z,900,true,1.282250,0.806189,1.030190,0.955176
N20261007-S041,N20261007,2026-10-08T12:00:00Z,900,true,1.343349,0.811256,1.034062,0.915546
N20261007-S042,N20261007,2026-10-08T12:15:00Z,900,true,1.321111,0.806773,1.030664,0.940104
N20261008-S001,N20261008,2026-10-09T02:00:00Z,900,true,1.287371,0.745649,0.965130,0.932773
N20261008-S002,N20261008,2026-10-09T02:15:00Z,900,true,1.316012,0.733408,0.971887,0.923847
N20261008-S003,N20261008,2026-10-09T02:30:00Z,900,true,1.327518,0.742859,0.974474,0.926597
N20261008-S004,N20261008,2026-10-09T02:45:00Z,900,true,1.357546,0.747080,0.972281,0.904290
N20261008-S005,N20261008,2026-10-09T03:00:00Z,900,true,1.335123,0.742103,0.973963,0.949164
N20261008-S006,N20261008,2026-10-09T03:15:00Z,900,true,1.338749,0.738503,0.990017,0.911605
N20261008-S007,N20261008,2026-10-09T03:30:00Z,900,true,1.332858,0.751960,0.965996,0.967621
N20261008-S008,N20261008,2026-10-09T03:45:00Z,900,true,1.289335,0.762510,0.951141,0.980236
N20261008-S009,N20261008,2026-10-09T04:00:00Z,900,true,1.266898,0.738926,0.992372,0.932463
N20261008-S010,N20261008,2026-10-09T04:15:00Z,900,true,1.219672,0.736639,0.988374,0.933908
N20261008-S011,N20261008,2026-10-09T04:30:00Z,900,true,1.215901,0.733361,0.981930,0.963546
N20261008-S012,N20261008,2026-10-09T04:45:00Z,900,true,1.175010,0.755538,0.950007,0.910933
N20261008-S013,N20261008,2026-10-09T05:00:00Z,900,true,1.188948,0.754390,0.937036,0.919640
N20261008-S014,N20261008,2026-10-09T05:15:00Z,900,true,1.225493,0.761682,0.937176,0.912386
N20261008-S015,N20261008,2026-10-09T05:30:00Z,900,true,1.251260,0.760107,0.939169,0.968344
N20261008-S016,N20261008,2026-10-09T05:45:00Z,900,true,1.221239,0.768285,0.948565,0.905846
N20261008-S017,N20261008,2026-10-09T06:00:00Z,900,true,1.197447,0.787495,0.966593,0.903588
N20261008-S018,N20261008,2026-10-09T06:15:00Z,900,true,1.199654,0.779677,0.981274,0.988235
N20261008-S019,N20261008,2026-10-09T06:30:00Z,900,true,1.196761,0.780663,0.962040,0.918265
N20261008-S020,N20261008,2026-10-09T06:45:00Z,900,true,1.248718,0.788802,0.944809,0.959625
N20261008-S021,N20261008,2026-10-09T07:00:00Z,900,true,1.218705,0.787577,0.947607,0.933954
N20261008-S022,N20261008,2026-10-09T07:15:00Z,900,false,,,,
N20261008-S023,N20261008,2026-10-09T07:30:00Z,900,false,,,,
N20261008-S024,N20261008,2026-10-09T07:45:00Z,900,true,1.177041,0.821250,0.919806,0.960331
N20261008-S025,N20261008,2026-10-09T08:00:00Z,900,true,1.216932,0.795829,0.920109,0.974992
N20261008-S026,N20261008,2026-10-09T08:15:00Z,900,true,1.172873,0.804922,0.894930,0.993565
N20261008-S027,N20261008,2026-10-09T08:30:00Z,900,true,1.200407,0.800798,0.893307,0.944882
N20261008-S028,N20261008,2026-10-09T08:45:00Z,900,true,1.208241,0.811049,0.930826,0.912676
N20261008-S029,N20261008,2026-10-09T09:00:00Z,900,true,1.178942,0.811368,0.909270,0.937869
N20261008-S030,N20261008,2026-10-09T09:15:00Z,900,true,1.117617,0.805494,0.892836,0.926296
N20261008-S031,N20261008,2026-10-09T09:30:00Z,900,true,1.162874,0.798697,0.883036,0.948656
N20261008-S032,N20261008,2026-10-09T09:45:00Z,900,true,1.180076,0.807025,0.877885,0.992660
N20261008-S033,N20261008,2026-10-09T10:00:00Z,900,true,1.144091,0.772137,0.862213,0.913627
N20261008-S034,N20261008,2026-10-09T10:15:00Z,900,true,1.185231,0.772033,0.870296,0.959012
N20261008-S035,N20261008,2026-10-09T10:30:00Z,900,true,1.193380,0.763673,0.907017,0.967244
N20261008-S036,N20261008,2026-10-09T10:45:00Z,900,true,1.207902,0.746376,0.932636,0.933601
N20261008-S037,N20261008,2026-10-09T11:00:00Z,900,true,1.201094,0.761738,0.922572,0.905817
N20261008-S038,N20261008,2026-10-09T11:15:00Z,900,true,1.246599,0.761490,0.935650,0.989661
N20261008-S039,N20261008,2026-10-09T11:30:00Z,900,true,1.260319,0.750324,0.927849,0.943242
N20261008-S040,N20261008,2026-10-09T11:45:00Z,900,true,1.280311,0.751315,0.909379,0.964234
N20261008-S041,N20261008,2026-10-09T12:00:00Z,900,true,1.270393,0.746539,0.925619,0.955695
N20261008-S042,N20261008,2026-10-09T12:15:00Z,900,true,1.260163,0.756698,0.919833,0.978123
N20261009-S001,N20261009,2026-10-10T02:00:00Z,900,true,1.182887,0.770344,1.007168,0.971412
N20261009-S002,N20261009,2026-10-10T02:15:00Z,900,true,1.211119,0.768465,0.999964,0.931823
N20261009-S003,N20261009,2026-10-10T02:30:00Z,900,true,1.199392,0.793441,0.965019,0.986740
N20261009-S004,N20261009,2026-10-10T02:45:00Z,900,true,1.193040,0.775786,0.948903,0.940883
N20261009-S005,N20261009,2026-10-10T03:00:00Z,900,true,1.218161,0.799434,0.957634,0.923264
N20261009-S006,N20261009,2026-10-10T03:15:00Z,900,true,1.247235,0.792894,0.954445,0.984412
N20261009-S007,N20261009,2026-10-10T03:30:00Z,900,true,1.215840,0.766152,0.929234,0.908590
N20261009-S008,N20261009,2026-10-10T03:45:00Z,900,true,1.216633,0.755820,0.927671,0.935395
N20261009-S009,N20261009,2026-10-10T04:00:00Z,900,true,1.191435,0.733832,0.916782,0.924223
N20261009-S010,N20261009,2026-10-10T04:15:00Z,900,true,1.204780,0.778470,0.921794,0.922015
N20261009-S011,N20261009,2026-10-10T04:30:00Z,900,true,1.215071,0.774908,0.923398,0.959585
N20261009-S012,N20261009,2026-10-10T04:45:00Z,900,true,1.267179,0.773397,0.952824,0.954614
N20261009-S013,N20261009,2026-10-10T05:00:00Z,900,false,,,,
N20261009-S014,N20261009,2026-10-10T05:15:00Z,900,false,,,,
N20261009-S015,N20261009,2026-10-10T05:30:00Z,900,true,1.244852,0.747314,0.985809,0.961474
N20261009-S016,N20261009,2026-10-10T05:45:00Z,900,true,1.221354,0.740616,1.000562,0.964485
N20261009-S017,N20261009,2026-10-10T06:00:00Z,900,true,1.198538,0.761794,1.018589,0.993120
N20261009-S018,N20261009,2026-10-10T06:15:00Z,900,true,1.193239,0.754977,1.002552,0.945926
N20261009-S019,N20261009,2026-10-10T06:30:00Z,900,true,1.199133,0.752955,0.992324,0.914400
N20261009-S020,N20261009,2026-10-10T06:45:00Z,900,true,1.184941,0.760245,1.002577,0.961092
N20261009-S021,N20261009,2026-10-10T07:00:00Z,900,true,1.205194,0.749376,1.010537,0.951885
N20261009-S022,N20261009,2026-10-10T07:15:00Z,900,true,1.190389,0.767358,1.025528,0.904524
N20261009-S023,N20261009,2026-10-10T07:30:00Z,900,true,1.204252,0.756678,1.028513,0.960057
N20261009-S024,N20261009,2026-10-10T07:45:00Z,900,true,1.169408,0.767009,1.006368,0.921050
N20261009-S025,N20261009,2026-10-10T08:00:00Z,900,true,1.150345,0.751591,0.976837,0.972557
N20261009-S026,N20261009,2026-10-10T08:15:00Z,900,true,1.218491,0.729050,0.991341,0.987639
N20261009-S027,N20261009,2026-10-10T08:30:00Z,900,true,1.256027,0.716842,1.012892,0.982772
N20261009-S028,N20261009,2026-10-10T08:45:00Z,900,true,1.244801,0.719035,0.993374,0.933256
N20261009-S029,N20261009,2026-10-10T09:00:00Z,900,true,1.201717,0.727465,1.004846,0.982838
N20261009-S030,N20261009,2026-10-10T09:15:00Z,900,true,1.236011,0.770764,1.000559,0.970250
N20261009-S031,N20261009,2026-10-10T09:30:00Z,900,true,1.265953,0.797408,0.996654,0.904790
N20261009-S032,N20261009,2026-10-10T09:45:00Z,900,true,1.312887,0.789281,0.985689,0.929780
N20261009-S033,N20261009,2026-10-10T10:00:00Z,900,true,1.358928,0.789006,0.991463,0.961037
N20261009-S034,N20261009,2026-10-10T10:15:00Z,900,true,1.328619,0.803931,0.999091,0.916125
N20261009-S035,N20261009,2026-10-10T10:30:00Z,900,true,1.296004,0.812802,0.991988,0.922885
N20261009-S036,N20261009,2026-10-10T10:45:00Z,900,true,1.274342,0.826799,0.981188,0.958961
N20261009-S037,N20261009,2026-10-10T11:00:00Z,900,true,1.321745,0.836142,0.950581,0.924281
N20261009-S038,N20261009,2026-10-10T11:15:00Z,900,true,1.280768,0.822167,0.999525,0.930130
N20261009-S039,N20261009,2026-10-10T11:30:00Z,900,true,1.316269,0.836899,0.999108,0.947512
N20261009-S040,N20261009,2026-10-10T11:45:00Z,900,true,1.306772,0.834373,0.991109,0.927480
N20261009-S041,N20261009,2026-10-10T12:00:00Z,900,true,1.282929,0.819679,0.993765,0.966126
N20261009-S042,N20261009,2026-10-10T12:15:00Z,900,true,1.250433,0.804898,0.972714,0.934097
N20261010-S001,N20261010,2026-10-11T02:00:00Z,900,true,1.124293,0.802065,0.999349,0.974227
N20261010-S002,N20261010,2026-10-11T02:15:00Z,900,true,1.111445,0.791816,0.975245,0.934068
N20261010-S003,N20261010,2026-10-11T02:30:00Z,900,true,1.109379,0.801628,0.982988,0.917493
N20261010-S004,N20261010,2026-10-11T02:45:00Z,900,true,1.102238,0.802227,0.970491,0.904580
N20261010-S005,N20261010,2026-10-11T03:00:00Z,900,true,1.025856,0.805241,0.994234,0.942219
N20261010-S006,N20261010,2026-10-11T03:15:00Z,900,true,1.023203,0.803653,1.005741,0.923755
N20261010-S007,N20261010,2026-10-11T03:30:00Z,900,true,1.034775,0.817134,0.981746,0.953458
N20261010-S008,N20261010,2026-10-11T03:45:00Z,900,true,0.969446,0.826639,0.984600,0.920597
N20261010-S009,N20261010,2026-10-11T04:00:00Z,900,true,0.977515,0.818695,1.009377,0.902921
N20261010-S010,N20261010,2026-10-11T04:15:00Z,900,true,1.007348,0.825409,0.996522,0.943747
N20261010-S011,N20261010,2026-10-11T04:30:00Z,900,true,0.987425,0.848037,1.012401,0.967918
N20261010-S012,N20261010,2026-10-11T04:45:00Z,900,true,1.012502,0.855540,1.001753,0.908388
N20261010-S013,N20261010,2026-10-11T05:00:00Z,900,true,1.113223,0.836694,0.981767,0.978292
N20261010-S014,N20261010,2026-10-11T05:15:00Z,900,true,1.116758,0.828068,1.012632,0.905095
N20261010-S015,N20261010,2026-10-11T05:30:00Z,900,true,1.140335,0.801578,1.017480,0.920783
N20261010-S016,N20261010,2026-10-11T05:45:00Z,900,true,1.166922,0.815120,1.028523,0.998035
N20261010-S017,N20261010,2026-10-11T06:00:00Z,900,true,1.181160,0.812702,0.982409,0.957694
N20261010-S018,N20261010,2026-10-11T06:15:00Z,900,true,1.226510,0.814878,0.999309,0.956287
N20261010-S019,N20261010,2026-10-11T06:30:00Z,900,true,1.221639,0.841002,1.025491,0.992096
N20261010-S020,N20261010,2026-10-11T06:45:00Z,900,true,1.258882,0.842485,1.019082,0.936790
N20261010-S021,N20261010,2026-10-11T07:00:00Z,900,true,1.264541,0.865480,1.010858,0.904695
N20261010-S022,N20261010,2026-10-11T07:15:00Z,900,true,1.230421,0.870167,1.022396,0.981928
N20261010-S023,N20261010,2026-10-11T07:30:00Z,900,true,1.250791,0.873766,1.002038,0.905068
N20261010-S024,N20261010,2026-10-11T07:45:00Z,900,true,1.251047,0.852450,0.984306,0.977694
N20261010-S025,N20261010,2026-10-11T08:00:00Z,900,true,1.225258,0.837267,0.991049,0.993916
N20261010-S026,N20261010,2026-10-11T08:15:00Z,900,true,1.180796,0.832657,0.982100,0.987914
N20261010-S027,N20261010,2026-10-11T08:30:00Z,900,true,1.206992,0.830763,0.995419,0.908822
N20261010-S028,N20261010,2026-10-11T08:45:00Z,900,true,1.180240,0.835414,1.005506,0.996720
N20261010-S029,N20261010,2026-10-11T09:00:00Z,900,true,1.219707,0.831868,0.996421,0.986328
N20261010-S030,N20261010,2026-10-11T09:15:00Z,900,true,1.217814,0.824459,1.006663,0.902345
N20261010-S031,N20261010,2026-10-11T09:30:00Z,900,true,1.223418,0.808284,0.998821,0.919972
N20261010-S032,N20261010,2026-10-11T09:45:00Z,900,true,1.170833,0.797045,0.994453,0.999677
N20261010-S033,N20261010,2026-10-11T10:00:00Z,900,true,1.165443,0.799852,0.980940,0.975462
N20261010-S034,N20261010,2026-10-11T10:15:00Z,900,true,1.133153,0.815199,0.987287,0.936622
N20261010-S035,N20261010,2026-10-11T10:30:00Z,900,true,1.132226,0.813207,0.981980,0.930138
N20261010-S036,N20261010,2026-10-11T10:45:00Z,900,true,1.166516,0.795949,0.985658,0.964165
N20261010-S037,N20261010,2026-10-11T11:00:00Z,900,true,1.130375,0.783622,0.989345,0.943948
N20261010-S038,N20261010,2026-10-11T11:15:00Z,900,true,1.120641,0.795669,0.983789,0.992331
N20261010-S039,N20261010,2026-10-11T11:30:00Z,900,true,1.109954,0.794572,0.987400,0.966084
N20261010-S040,N20261010,2026-10-11T11:45:00Z,900,true,1.082327,0.799616,0.971572,0.942108
N20261010-S041,N20261010,2026-10-11T12:00:00Z,900,true,1.110433,0.781717,0.986991,0.948499
N20261010-S042,N20261010,2026-10-11T12:15:00Z,900,true,1.133606,0.782237,0.985295,0.975421
N20261011-S001,N20261011,2026-10-12T02:00:00Z,900,true,1.161037,0.802978,0.976174,0.988667
N20261011-S002,N20261011,2026-10-12T02:15:00Z,900,true,1.211138,0.812914,1.002593,0.945659
N20261011-S003,N20261011,2026-10-12T02:30:00Z,900,true,1.181750,0.805650,0.974225,0.961771
N20261011-S004,N20261011,2026-10-12T02:45:00Z,900,true,1.195934,0.800900,0.992272,0.928279
N20261011-S005,N20261011,2026-10-12T03:00:00Z,900,true,1.193522,0.821701,1.032029,0.932451
N20261011-S006,N20261011,2026-10-12T03:15:00Z,900,true,1.159207,0.826540,1.031833,0.968058
N20261011-S007,N20261011,2026-10-12T03:30:00Z,900,true,1.118390,0.832553,1.049089,0.910156
N20261011-S008,N20261011,2026-10-12T03:45:00Z,900,true,1.165785,0.826633,1.042245,0.930228
N20261011-S009,N20261011,2026-10-12T04:00:00Z,900,true,1.206664,0.826966,1.045310,0.992909
N20261011-S010,N20261011,2026-10-12T04:15:00Z,900,true,1.168817,0.836146,1.020583,0.971046
N20261011-S011,N20261011,2026-10-12T04:30:00Z,900,true,1.134781,0.819711,1.007522,0.994595
N20261011-S012,N20261011,2026-10-12T04:45:00Z,900,true,1.156668,0.821069,1.014640,0.927015
N20261011-S013,N20261011,2026-10-12T05:00:00Z,900,true,1.190215,0.820530,0.987528,0.961242
N20261011-S014,N20261011,2026-10-12T05:15:00Z,900,true,1.184519,0.826702,1.001583,0.989233
N20261011-S015,N20261011,2026-10-12T05:30:00Z,900,true,1.187954,0.837292,0.970865,0.905717
N20261011-S016,N20261011,2026-10-12T05:45:00Z,900,true,1.204752,0.831647,0.976463,0.928359
N20261011-S017,N20261011,2026-10-12T06:00:00Z,900,true,1.205079,0.841944,1.002589,0.912450
N20261011-S018,N20261011,2026-10-12T06:15:00Z,900,true,1.192297,0.812926,1.012921,0.912770
N20261011-S019,N20261011,2026-10-12T06:30:00Z,900,true,1.178290,0.822950,1.021092,0.923981
N20261011-S020,N20261011,2026-10-12T06:45:00Z,900,true,1.138641,0.820645,1.010160,0.927405
N20261011-S021,N20261011,2026-10-12T07:00:00Z,900,true,1.115000,0.812749,0.987351,0.966064
N20261011-S022,N20261011,2026-10-12T07:15:00Z,900,true,1.095423,0.817733,0.977658,0.932059
N20261011-S023,N20261011,2026-10-12T07:30:00Z,900,true,1.098950,0.800595,0.985892,0.935789
N20261011-S024,N20261011,2026-10-12T07:45:00Z,900,true,1.134513,0.821277,0.992012,0.966509
N20261011-S025,N20261011,2026-10-12T08:00:00Z,900,true,1.113010,0.816828,0.992023,0.961964
N20261011-S026,N20261011,2026-10-12T08:15:00Z,900,true,1.145065,0.821357,0.979136,0.906100
N20261011-S027,N20261011,2026-10-12T08:30:00Z,900,true,1.135207,0.815037,0.964916,0.955367
N20261011-S028,N20261011,2026-10-12T08:45:00Z,900,true,1.179242,0.812185,0.973382,0.973616
N20261011-S029,N20261011,2026-10-12T09:00:00Z,900,true,1.184761,0.813902,0.974651,0.929609
N20261011-S030,N20261011,2026-10-12T09:15:00Z,900,true,1.197096,0.790570,0.962317,0.933460
N20261011-S031,N20261011,2026-10-12T09:30:00Z,900,true,1.231452,0.781833,0.974671,0.918527
N20261011-S032,N20261011,2026-10-12T09:45:00Z,900,true,1.217194,0.790004,0.962624,0.955209
N20261011-S033,N20261011,2026-10-12T10:00:00Z,900,true,1.184738,0.808854,0.969243,0.966486
N20261011-S034,N20261011,2026-10-12T10:15:00Z,900,true,1.194328,0.819853,0.969663,0.987332
N20261011-S035,N20261011,2026-10-12T10:30:00Z,900,true,1.161663,0.829427,0.956468,0.949299
N20261011-S036,N20261011,2026-10-12T10:45:00Z,900,true,1.185776,0.811913,0.976222,0.922760
N20261011-S037,N20261011,2026-10-12T11:00:00Z,900,true,1.179842,0.798901,0.965164,0.967281
N20261011-S038,N20261011,2026-10-12T11:15:00Z,900,true,1.121328,0.797894,0.964365,0.933582
N20261011-S039,N20261011,2026-10-12T11:30:00Z,900,true,1.148863,0.794916,0.959229,0.989120
N20261011-S040,N20261011,2026-10-12T11:45:00Z,900,true,1.144218,0.793710,0.955326,0.925356
N20261011-S041,N20261011,2026-10-12T12:00:00Z,900,true,1.090518,0.789154,0.942238,0.961358
N20261011-S042,N20261011,2026-10-12T12:15:00Z,900,true,1.110473,0.809764,0.958914,0.906442
N20261012-S001,N20261012,2026-10-13T02:00:00Z,900,true,1.334650,0.818129,0.799849,0.983223
N20261012-S002,N20261012,2026-10-13T02:15:00Z,900,true,1.319606,0.814059,0.785044,0.964880
N20261012-S003,N20261012,2026-10-13T02:30:00Z,900,true,1.334128,0.839444,0.775453,0.956243
N20261012-S004,N20261012,2026-10-13T02:45:00Z,900,true,1.263908,0.828343,0.785971,0.943924
N20261012-S005,N20261012,2026-10-13T03:00:00Z,900,true,1.295236,0.814207,0.793140,0.969841
N20261012-S006,N20261012,2026-10-13T03:15:00Z,900,true,1.295650,0.814848,0.783705,0.905673
N20261012-S007,N20261012,2026-10-13T03:30:00Z,900,true,1.268806,0.816079,0.756974,0.901829
N20261012-S008,N20261012,2026-10-13T03:45:00Z,900,true,1.245398,0.806385,0.745345,0.900947
N20261012-S009,N20261012,2026-10-13T04:00:00Z,900,true,1.253992,0.794919,0.743658,0.972611
N20261012-S010,N20261012,2026-10-13T04:15:00Z,900,true,1.272422,0.790710,0.767031,0.969257
N20261012-S011,N20261012,2026-10-13T04:30:00Z,900,true,1.268045,0.794438,0.768772,0.991985
N20261012-S012,N20261012,2026-10-13T04:45:00Z,900,true,1.255671,0.804581,0.780167,0.947356
N20261012-S013,N20261012,2026-10-13T05:00:00Z,900,true,1.184361,0.800317,0.789306,0.981507
N20261012-S014,N20261012,2026-10-13T05:15:00Z,900,true,1.221832,0.797364,0.803644,0.901553
N20261012-S015,N20261012,2026-10-13T05:30:00Z,900,true,1.231875,0.800943,0.818852,0.907620
N20261012-S016,N20261012,2026-10-13T05:45:00Z,900,true,1.240460,0.798742,0.813414,0.982078
N20261012-S017,N20261012,2026-10-13T06:00:00Z,900,true,1.257993,0.786834,0.816141,0.999527
N20261012-S018,N20261012,2026-10-13T06:15:00Z,900,true,1.228305,0.778987,0.814234,0.905716
N20261012-S019,N20261012,2026-10-13T06:30:00Z,900,true,1.226417,0.783769,0.810027,0.982063
N20261012-S020,N20261012,2026-10-13T06:45:00Z,900,true,1.271094,0.795932,0.819671,0.983656
N20261012-S021,N20261012,2026-10-13T07:00:00Z,900,true,1.259080,0.788094,0.819096,0.927381
N20261012-S022,N20261012,2026-10-13T07:15:00Z,900,true,1.181577,0.801277,0.819429,0.923589
N20261012-S023,N20261012,2026-10-13T07:30:00Z,900,true,1.197749,0.829438,0.811663,0.987650
N20261012-S024,N20261012,2026-10-13T07:45:00Z,900,true,1.246018,0.833806,0.792132,0.971565
N20261012-S025,N20261012,2026-10-13T08:00:00Z,900,true,1.242234,0.838803,0.791649,0.989760
N20261012-S026,N20261012,2026-10-13T08:15:00Z,900,true,1.267707,0.832278,0.786856,0.943639
N20261012-S027,N20261012,2026-10-13T08:30:00Z,900,true,1.280884,0.836614,0.800972,0.981879
N20261012-S028,N20261012,2026-10-13T08:45:00Z,900,true,1.294964,0.806978,0.830988,0.964545
N20261012-S029,N20261012,2026-10-13T09:00:00Z,900,true,1.286469,0.815481,0.823631,0.907599
N20261012-S030,N20261012,2026-10-13T09:15:00Z,900,true,1.285493,0.798801,0.817040,0.957963
N20261012-S031,N20261012,2026-10-13T09:30:00Z,900,true,1.324332,0.786588,0.798233,0.955944
N20261012-S032,N20261012,2026-10-13T09:45:00Z,900,true,1.298916,0.782537,0.835765,0.949370
N20261012-S033,N20261012,2026-10-13T10:00:00Z,900,true,1.299786,0.805855,0.844281,0.952070
N20261012-S034,N20261012,2026-10-13T10:15:00Z,900,true,1.304803,0.798929,0.827455,0.910783
N20261012-S035,N20261012,2026-10-13T10:30:00Z,900,true,1.246494,0.817032,0.849692,0.984651
N20261012-S036,N20261012,2026-10-13T10:45:00Z,900,true,1.305193,0.836207,0.861805,0.951867
N20261012-S037,N20261012,2026-10-13T11:00:00Z,900,true,1.325780,0.844199,0.877874,0.961433
N20261012-S038,N20261012,2026-10-13T11:15:00Z,900,true,1.280288,0.846913,0.883214,0.939535
N20261012-S039,N20261012,2026-10-13T11:30:00Z,900,true,1.269629,0.836494,0.893734,0.911336
N20261012-S040,N20261012,2026-10-13T11:45:00Z,900,true,1.238700,0.820752,0.908568,0.962636
N20261012-S041,N20261012,2026-10-13T12:00:00Z,900,true,1.240833,0.802261,0.906770,0.995009
N20261012-S042,N20261012,2026-10-13T12:15:00Z,900,true,1.271029,0.792249,0.888086,0.914146
N20261013-S001,N20261013,2026-10-14T02:00:00Z,900,true,1.113891,0.810742,0.768976,0.960497
N20261013-S002,N20261013,2026-10-14T02:15:00Z,900,true,1.061040,0.806478,0.771254,0.952916
N20261013-S003,N20261013,2026-10-14T02:30:00Z,900,true,1.061102,0.829267,0.779031,0.995015
N20261013-S004,N20261013,2026-10-14T02:45:00Z,900,true,1.023365,0.812868,0.808807,0.907205
N20261013-S005,N20261013,2026-10-14T03:00:00Z,900,true,1.045080,0.816579,0.750562,0.958809
N20261013-S006,N20261013,2026-10-14T03:15:00Z,900,true,1.037437,0.815010,0.790624,0.972393
N20261013-S007,N20261013,2026-10-14T03:30:00Z,900,true,1.052077,0.814674,0.779057,0.905708
N20261013-S008,N20261013,2026-10-14T03:45:00Z,900,true,1.021337,0.815469,0.745379,0.936838
N20261013-S009,N20261013,2026-10-14T04:00:00Z,900,true,1.090423,0.819604,0.730831,0.939571
N20261013-S010,N20261013,2026-10-14T04:15:00Z,900,true,1.086807,0.831110,0.735038,0.978040
N20261013-S011,N20261013,2026-10-14T04:30:00Z,900,true,1.090374,0.836447,0.714526,0.988728
N20261013-S012,N20261013,2026-10-14T04:45:00Z,900,true,1.079771,0.839509,0.709202,0.952679
N20261013-S013,N20261013,2026-10-14T05:00:00Z,900,true,1.078455,0.848032,0.709048,0.983185
N20261013-S014,N20261013,2026-10-14T05:15:00Z,900,true,1.094051,0.808467,0.690217,0.983823
N20261013-S015,N20261013,2026-10-14T05:30:00Z,900,true,1.071349,0.799047,0.702340,0.947954
N20261013-S016,N20261013,2026-10-14T05:45:00Z,900,true,1.049246,0.783392,0.700490,0.922373
N20261013-S017,N20261013,2026-10-14T06:00:00Z,900,true,1.100850,0.761917,0.683479,0.919471
N20261013-S018,N20261013,2026-10-14T06:15:00Z,900,true,1.113064,0.781351,0.681086,0.969772
N20261013-S019,N20261013,2026-10-14T06:30:00Z,900,true,1.107107,0.772167,0.705512,0.930193
N20261013-S020,N20261013,2026-10-14T06:45:00Z,900,true,1.084547,0.753047,0.731528,0.916187
N20261013-S021,N20261013,2026-10-14T07:00:00Z,900,true,1.119124,0.761131,0.732978,0.999591
N20261013-S022,N20261013,2026-10-14T07:15:00Z,900,true,1.066623,0.750876,0.727024,0.965051
N20261013-S023,N20261013,2026-10-14T07:30:00Z,900,true,1.038608,0.776233,0.759336,0.979957
N20261013-S024,N20261013,2026-10-14T07:45:00Z,900,true,1.012265,0.764495,0.748409,0.986639
N20261013-S025,N20261013,2026-10-14T08:00:00Z,900,true,1.003153,0.749396,0.753405,0.923318
N20261013-S026,N20261013,2026-10-14T08:15:00Z,900,true,1.016066,0.751618,0.746490,0.927099
N20261013-S027,N20261013,2026-10-14T08:30:00Z,900,true,1.017726,0.772963,0.739473,0.939769
N20261013-S028,N20261013,2026-10-14T08:45:00Z,900,true,1.060751,0.797377,0.725644,0.971642
N20261013-S029,N20261013,2026-10-14T09:00:00Z,900,true,1.052640,0.787455,0.726558,0.997236
N20261013-S030,N20261013,2026-10-14T09:15:00Z,900,true,1.026146,0.795028,0.728342,0.904724
N20261013-S031,N20261013,2026-10-14T09:30:00Z,900,true,1.054042,0.782520,0.719622,0.904301
N20261013-S032,N20261013,2026-10-14T09:45:00Z,900,true,1.058112,0.768039,0.702803,0.987166
N20261013-S033,N20261013,2026-10-14T10:00:00Z,900,true,1.121673,0.774324,0.690369,0.905689
N20261013-S034,N20261013,2026-10-14T10:15:00Z,900,true,1.100981,0.787671,0.697456,0.931045
N20261013-S035,N20261013,2026-10-14T10:30:00Z,900,true,1.055604,0.777504,0.696812,0.964782
N20261013-S036,N20261013,2026-10-14T10:45:00Z,900,true,1.020421,0.773395,0.732001,0.968820
N20261013-S037,N20261013,2026-10-14T11:00:00Z,900,true,0.937365,0.762021,0.745439,0.961410
N20261013-S038,N20261013,2026-10-14T11:15:00Z,900,true,0.977258,0.761809,0.755470,0.988204
N20261013-S039,N20261013,2026-10-14T11:30:00Z,900,true,1.059341,0.766443,0.761336,0.955292
N20261013-S040,N20261013,2026-10-14T11:45:00Z,900,true,1.048703,0.775460,0.731475,0.946960
N20261013-S041,N20261013,2026-10-14T12:00:00Z,900,true,1.068098,0.782444,0.725030,0.965213
N20261013-S042,N20261013,2026-10-14T12:15:00Z,900,true,1.105664,0.785583,0.727321,0.904637
N20261014-S001,N20261014,2026-10-15T02:00:00Z,900,true,1.289420,0.788440,0.764557,0.933262
N20261014-S002,N20261014,2026-10-15T02:15:00Z,900,true,1.268446,0.782524,0.736757,0.994408
N20261014-S003,N20261014,2026-10-15T02:30:00Z,900,true,1.261247,0.794014,0.753019,0.943676
N20261014-S004,N20261014,2026-10-15T02:45:00Z,900,true,1.314389,0.801513,0.781085,0.928059
N20261014-S005,N20261014,2026-10-15T03:00:00Z,900,true,1.324672,0.803992,0.792258,0.994278
N20261014-S006,N20261014,2026-10-15T03:15:00Z,900,true,1.360808,0.791524,0.793117,0.972431
N20261014-S007,N20261014,2026-10-15T03:30:00Z,900,true,1.354866,0.782081,0.783500,0.986053
N20261014-S008,N20261014,2026-10-15T03:45:00Z,900,true,1.362636,0.793529,0.794045,0.963236
N20261014-S009,N20261014,2026-10-15T04:00:00Z,900,true,1.298612,0.767218,0.791136,0.961739
N20261014-S010,N20261014,2026-10-15T04:15:00Z,900,true,1.285443,0.766650,0.764946,0.934749
N20261014-S011,N20261014,2026-10-15T04:30:00Z,900,true,1.298169,0.750558,0.761884,0.936076
N20261014-S012,N20261014,2026-10-15T04:45:00Z,900,true,1.282223,0.748786,0.766974,0.950371
N20261014-S013,N20261014,2026-10-15T05:00:00Z,900,true,1.290121,0.738330,0.783825,0.981364
N20261014-S014,N20261014,2026-10-15T05:15:00Z,900,true,1.288462,0.735672,0.780214,0.945593
N20261014-S015,N20261014,2026-10-15T05:30:00Z,900,true,1.269812,0.747094,0.784186,0.915097
N20261014-S016,N20261014,2026-10-15T05:45:00Z,900,true,1.294412,0.754785,0.798712,0.999001
N20261014-S017,N20261014,2026-10-15T06:00:00Z,900,true,1.328613,0.760378,0.813349,0.971469
N20261014-S018,N20261014,2026-10-15T06:15:00Z,900,true,1.302737,0.771610,0.800885,0.959953
N20261014-S019,N20261014,2026-10-15T06:30:00Z,900,true,1.246201,0.788171,0.833477,0.998490
N20261014-S020,N20261014,2026-10-15T06:45:00Z,900,true,1.215261,0.780608,0.796597,0.940844
N20261014-S021,N20261014,2026-10-15T07:00:00Z,900,true,1.272380,0.781808,0.786042,0.929834
N20261014-S022,N20261014,2026-10-15T07:15:00Z,900,true,1.270792,0.773545,0.787234,0.952664
N20261014-S023,N20261014,2026-10-15T07:30:00Z,900,true,1.190869,0.759401,0.759320,0.988983
N20261014-S024,N20261014,2026-10-15T07:45:00Z,900,true,1.243349,0.763114,0.732766,0.992110
N20261014-S025,N20261014,2026-10-15T08:00:00Z,900,true,1.243103,0.775647,0.726765,0.986748
N20261014-S026,N20261014,2026-10-15T08:15:00Z,900,true,1.285238,0.759337,0.729811,0.965082
N20261014-S027,N20261014,2026-10-15T08:30:00Z,900,true,1.235496,0.753012,0.720056,0.917642
N20261014-S028,N20261014,2026-10-15T08:45:00Z,900,true,1.163064,0.750341,0.727690,0.986170
N20261014-S029,N20261014,2026-10-15T09:00:00Z,900,true,1.228620,0.741755,0.731837,0.929937
N20261014-S030,N20261014,2026-10-15T09:15:00Z,900,true,1.247997,0.757778,0.746439,0.912661
N20261014-S031,N20261014,2026-10-15T09:30:00Z,900,true,1.216787,0.759534,0.723490,0.976735
N20261014-S032,N20261014,2026-10-15T09:45:00Z,900,true,1.256219,0.778033,0.755862,0.936218
N20261014-S033,N20261014,2026-10-15T10:00:00Z,900,true,1.246143,0.787145,0.745123,0.982251
N20261014-S034,N20261014,2026-10-15T10:15:00Z,900,true,1.221099,0.785859,0.749386,0.938560
N20261014-S035,N20261014,2026-10-15T10:30:00Z,900,false,,,,
N20261014-S036,N20261014,2026-10-15T10:45:00Z,900,true,1.216124,0.801524,0.712765,0.941406
N20261014-S037,N20261014,2026-10-15T11:00:00Z,900,true,1.287925,0.808270,0.723965,0.946505
N20261014-S038,N20261014,2026-10-15T11:15:00Z,900,true,1.272665,0.806219,0.706866,0.965875
N20261014-S039,N20261014,2026-10-15T11:30:00Z,900,true,1.289109,0.812975,0.759215,0.901091
N20261014-S040,N20261014,2026-10-15T11:45:00Z,900,true,1.274467,0.807278,0.751387,0.973519
N20261014-S041,N20261014,2026-10-15T12:00:00Z,900,true,1.270959,0.791828,0.779091,0.932996
N20261014-S042,N20261014,2026-10-15T12:15:00Z,900,true,1.254945,0.779937,0.801577,0.961698
N20261015-S001,N20261015,2026-10-16T02:00:00Z,900,true,1.339220,0.789562,0.762155,0.925517
N20261015-S002,N20261015,2026-10-16T02:15:00Z,900,true,1.392994,0.780117,0.775185,0.965151
N20261015-S003,N20261015,2026-10-16T02:30:00Z,900,true,1.361265,0.785474,0.791177,0.906014
N20261015-S004,N20261015,2026-10-16T02:45:00Z,900,true,1.338409,0.772895,0.808872,0.937144
N20261015-S005,N20261015,2026-10-16T03:00:00Z,900,true,1.334610,0.774669,0.821931,0.992272
N20261015-S006,N20261015,2026-10-16T03:15:00Z,900,true,1.328220,0.781149,0.787036,0.930599
N20261015-S007,N20261015,2026-10-16T03:30:00Z,900,true,1.340443,0.781991,0.789863,0.902157
N20261015-S008,N20261015,2026-10-16T03:45:00Z,900,true,1.358140,0.799129,0.775940,0.966680
N20261015-S009,N20261015,2026-10-16T04:00:00Z,900,true,1.393948,0.809022,0.769034,0.972206
N20261015-S010,N20261015,2026-10-16T04:15:00Z,900,true,1.340975,0.814659,0.765237,0.901595
N20261015-S011,N20261015,2026-10-16T04:30:00Z,900,true,1.321702,0.820908,0.736031,0.998727
N20261015-S012,N20261015,2026-10-16T04:45:00Z,900,false,,,,
N20261015-S013,N20261015,2026-10-16T05:00:00Z,900,false,,,,
N20261015-S014,N20261015,2026-10-16T05:15:00Z,900,false,,,,
N20261015-S015,N20261015,2026-10-16T05:30:00Z,900,false,,,,
N20261015-S016,N20261015,2026-10-16T05:45:00Z,900,false,,,,
N20261015-S017,N20261015,2026-10-16T06:00:00Z,900,false,,,,
N20261015-S018,N20261015,2026-10-16T06:15:00Z,900,false,,,,
N20261015-S019,N20261015,2026-10-16T06:30:00Z,900,true,1.201589,0.802420,0.725036,0.963610
N20261015-S020,N20261015,2026-10-16T06:45:00Z,900,true,1.234019,0.796153,0.745164,0.913100
N20261015-S021,N20261015,2026-10-16T07:00:00Z,900,true,1.218420,0.816529,0.759454,0.917591
N20261015-S022,N20261015,2026-10-16T07:15:00Z,900,true,1.254162,0.812120,0.762126,0.944171
N20261015-S023,N20261015,2026-10-16T07:30:00Z,900,true,1.264902,0.812665,0.775375,0.998096
N20261015-S024,N20261015,2026-10-16T07:45:00Z,900,true,1.251667,0.814347,0.792131,0.908729
N20261015-S025,N20261015,2026-10-16T08:00:00Z,900,true,1.264005,0.816317,0.797469,0.910571
N20261015-S026,N20261015,2026-10-16T08:15:00Z,900,true,1.315977,0.798098,0.789002,0.936673
N20261015-S027,N20261015,2026-10-16T08:30:00Z,900,true,1.359485,0.799826,0.754019,0.961806
N20261015-S028,N20261015,2026-10-16T08:45:00Z,900,true,1.334916,0.812788,0.767401,0.998980
N20261015-S029,N20261015,2026-10-16T09:00:00Z,900,true,1.319565,0.813212,0.766971,0.999176
N20261015-S030,N20261015,2026-10-16T09:15:00Z,900,true,1.368026,0.794330,0.786442,0.972493
N20261015-S031,N20261015,2026-10-16T09:30:00Z,900,true,1.385999,0.814310,0.772448,0.946301
N20261015-S032,N20261015,2026-10-16T09:45:00Z,900,true,1.362307,0.813624,0.784049,0.906315
N20261015-S033,N20261015,2026-10-16T10:00:00Z,900,true,1.341125,0.796989,0.756931,0.928314
N20261015-S034,N20261015,2026-10-16T10:15:00Z,900,true,1.364416,0.802439,0.756196,0.927238
N20261015-S035,N20261015,2026-10-16T10:30:00Z,900,true,1.392763,0.793181,0.754563,0.991943
N20261015-S036,N20261015,2026-10-16T10:45:00Z,900,true,1.382361,0.794385,0.735476,0.995454
N20261015-S037,N20261015,2026-10-16T11:00:00Z,900,true,1.371980,0.782390,0.737971,0.985736
N20261015-S038,N20261015,2026-10-16T11:15:00Z,900,true,1.413304,0.790442,0.762475,0.930989
N20261015-S039,N20261015,2026-10-16T11:30:00Z,900,true,1.387166,0.796876,0.753910,0.966093
N20261015-S040,N20261015,2026-10-16T11:45:00Z,900,true,1.394599,0.803467,0.770026,0.964519
N20261015-S041,N20261015,2026-10-16T12:00:00Z,900,true,1.415191,0.791443,0.763652,0.931303
N20261015-S042,N20261015,2026-10-16T12:15:00Z,900,true,1.403582,0.795769,0.757319,0.974273
N20261016-S001,N20261016,2026-10-17T02:00:00Z,900,true,1.346660,0.797833,0.679759,0.982565
N20261016-S002,N20261016,2026-10-17T02:15:00Z,900,true,1.376197,0.800494,0.679827,0.983390
N20261016-S003,N20261016,2026-10-17T02:30:00Z,900,true,1.384614,0.779621,0.678196,0.948892
N20261016-S004,N20261016,2026-10-17T02:45:00Z,900,true,1.380215,0.784152,0.667960,0.906199
N20261016-S005,N20261016,2026-10-17T03:00:00Z,900,true,1.399751,0.791080,0.674848,0.985781
N20261016-S006,N20261016,2026-10-17T03:15:00Z,900,true,1.414472,0.816000,0.668386,0.990068
N20261016-S007,N20261016,2026-10-17T03:30:00Z,900,true,1.407786,0.813956,0.683208,0.953290
N20261016-S008,N20261016,2026-10-17T03:45:00Z,900,true,1.385075,0.836088,0.696365,0.950154
N20261016-S009,N20261016,2026-10-17T04:00:00Z,900,true,1.351514,0.838863,0.709023,0.926976
N20261016-S010,N20261016,2026-10-17T04:15:00Z,900,true,1.352619,0.831814,0.718651,0.948214
N20261016-S011,N20261016,2026-10-17T04:30:00Z,900,true,1.317285,0.837874,0.703694,0.962521
N20261016-S012,N20261016,2026-10-17T04:45:00Z,900,true,1.331507,0.825120,0.682113,0.961672
N20261016-S013,N20261016,2026-10-17T05:00:00Z,900,true,1.335674,0.808624,0.696180,0.999676
N20261016-S014,N20261016,2026-10-17T05:15:00Z,900,true,1.328735,0.797345,0.704439,0.949356
N20261016-S015,N20261016,2026-10-17T05:30:00Z,900,false,,,,
N20261016-S016,N20261016,2026-10-17T05:45:00Z,900,false,,,,
N20261016-S017,N20261016,2026-10-17T06:00:00Z,900,false,,,,
N20261016-S018,N20261016,2026-10-17T06:15:00Z,900,true,1.451816,0.807151,0.702828,0.923241
N20261016-S019,N20261016,2026-10-17T06:30:00Z,900,true,1.444001,0.810457,0.727388,0.979953
N20261016-S020,N20261016,2026-10-17T06:45:00Z,900,true,1.358147,0.824929,0.713095,0.941437
N20261016-S021,N20261016,2026-10-17T07:00:00Z,900,true,1.349231,0.802056,0.695027,0.954312
N20261016-S022,N20261016,2026-10-17T07:15:00Z,900,true,1.398871,0.817405,0.667018,0.929999
N20261016-S023,N20261016,2026-10-17T07:30:00Z,900,true,1.417910,0.819642,0.673086,0.929193
N20261016-S024,N20261016,2026-10-17T07:45:00Z,900,true,1.391854,0.803782,0.660457,0.947080
N20261016-S025,N20261016,2026-10-17T08:00:00Z,900,true,1.380549,0.784379,0.659920,0.932024
N20261016-S026,N20261016,2026-10-17T08:15:00Z,900,true,1.405642,0.778039,0.674335,0.957346
N20261016-S027,N20261016,2026-10-17T08:30:00Z,900,true,1.430132,0.780341,0.663668,0.946320
N20261016-S028,N20261016,2026-10-17T08:45:00Z,900,true,1.404648,0.788467,0.678506,0.960527
N20261016-S029,N20261016,2026-10-17T09:00:00Z,900,true,1.391176,0.799020,0.675482,0.972619
N20261016-S030,N20261016,2026-10-17T09:15:00Z,900,true,1.368918,0.792311,0.680244,0.957549
N20261016-S031,N20261016,2026-10-17T09:30:00Z,900,true,1.348866,0.807816,0.699486,0.908215
N20261016-S032,N20261016,2026-10-17T09:45:00Z,900,true,1.324806,0.808541,0.658911,0.945112
N20261016-S033,N20261016,2026-10-17T10:00:00Z,900,true,1.298797,0.817757,0.650772,0.913047
N20261016-S034,N20261016,2026-10-17T10:15:00Z,900,true,1.296902,0.799212,0.664731,0.917802
N20261016-S035,N20261016,2026-10-17T10:30:00Z,900,true,1.276268,0.764594,0.666870,0.990151
N20261016-S036,N20261016,2026-10-17T10:45:00Z,900,true,1.221585,0.757389,0.678157,0.959135
N20261016-S037,N20261016,2026-10-17T11:00:00Z,900,true,1.160711,0.780251,0.662194,0.910215
N20261016-S038,N20261016,2026-10-17T11:15:00Z,900,true,1.190536,0.788430,0.651091,0.971851
N20261016-S039,N20261016,2026-10-17T11:30:00Z,900,true,1.163907,0.805331,0.637454,0.963811
N20261016-S040,N20261016,2026-10-17T11:45:00Z,900,true,1.094278,0.804305,0.661103,0.984417
N20261016-S041,N20261016,2026-10-17T12:00:00Z,900,true,1.131171,0.800804,0.646625,0.909847
N20261016-S042,N20261016,2026-10-17T12:15:00Z,900,true,1.170232,0.807966,0.665570,0.946489
N20261017-S001,N20261017,2026-10-18T01:45:00Z,900,true,1.315186,0.763362,0.770321,0.926835
N20261017-S002,N20261017,2026-10-18T02:00:00Z,900,true,1.260115,0.775330,0.765895,0.938758
N20261017-S003,N20261017,2026-10-18T02:15:00Z,900,true,1.267460,0.778338,0.758372,0.916689
N20261017-S004,N20261017,2026-10-18T02:30:00Z,900,true,1.225653,0.762563,0.793149,0.903367
N20261017-S005,N20261017,2026-10-18T02:45:00Z,900,true,1.188303,0.760935,0.775215,0.903196
N20261017-S006,N20261017,2026-10-18T03:00:00Z,900,true,1.197863,0.750753,0.781396,0.913076
N20261017-S007,N20261017,2026-10-18T03:15:00Z,900,true,1.210039,0.760339,0.779531,0.924500
N20261017-S008,N20261017,2026-10-18T03:30:00Z,900,true,1.205383,0.764451,0.781632,0.954311
N20261017-S009,N20261017,2026-10-18T03:45:00Z,900,true,1.270953,0.748947,0.795797,0.968729
N20261017-S010,N20261017,2026-10-18T04:00:00Z,900,true,1.322656,0.756757,0.790143,0.905655
N20261017-S011,N20261017,2026-10-18T04:15:00Z,900,true,1.275118,0.750573,0.799237,0.954839
N20261017-S012,N20261017,2026-10-18T04:30:00Z,900,true,1.279166,0.757621,0.815298,0.956790
N20261017-S013,N20261017,2026-10-18T04:45:00Z,900,true,1.237172,0.770158,0.838435,0.926299
N20261017-S014,N20261017,2026-10-18T05:00:00Z,900,true,1.273049,0.746148,0.839894,0.916328
N20261017-S015,N20261017,2026-10-18T05:15:00Z,900,true,1.233940,0.748879,0.852121,0.998318
N20261017-S016,N20261017,2026-10-18T05:30:00Z,900,true,1.268771,0.756934,0.818723,0.917760
N20261017-S017,N20261017,2026-10-18T05:45:00Z,900,true,1.208800,0.754721,0.820098,0.942391
N20261017-S018,N20261017,2026-10-18T06:00:00Z,900,true,1.228367,0.765725,0.808338,0.917255
N20261017-S019,N20261017,2026-10-18T06:15:00Z,900,true,1.220123,0.773970,0.809491,0.936768
N20261017-S020,N20261017,2026-10-18T06:30:00Z,900,true,1.203567,0.779000,0.804629,0.917451
N20261017-S021,N20261017,2026-10-18T06:45:00Z,900,true,1.251709,0.767631,0.793538,0.939200
N20261017-S022,N20261017,2026-10-18T07:00:00Z,900,true,1.272885,0.781290,0.765902,0.982912
N20261017-S023,N20261017,2026-10-18T07:15:00Z,900,true,1.303039,0.790603,0.752459,0.966786
N20261017-S024,N20261017,2026-10-18T07:30:00Z,900,true,1.285429,0.773911,0.797005,0.912386
N20261017-S025,N20261017,2026-10-18T07:45:00Z,900,true,1.260393,0.789921,0.807585,0.962537
N20261017-S026,N20261017,2026-10-18T08:00:00Z,900,true,1.271612,0.793765,0.782164,0.999069
N20261017-S027,N20261017,2026-10-18T08:15:00Z,900,true,1.289284,0.768402,0.793588,0.960558
N20261017-S028,N20261017,2026-10-18T08:30:00Z,900,true,1.301815,0.758386,0.781423,0.901500
N20261017-S029,N20261017,2026-10-18T08:45:00Z,900,true,1.304043,0.768775,0.757444,0.934629
N20261017-S030,N20261017,2026-10-18T09:00:00Z,900,true,1.310762,0.779128,0.777176,0.921860
N20261017-S031,N20261017,2026-10-18T09:15:00Z,900,true,1.284702,0.782846,0.782307,0.900990
N20261017-S032,N20261017,2026-10-18T09:30:00Z,900,true,1.338706,0.788508,0.774863,0.921840
N20261017-S033,N20261017,2026-10-18T09:45:00Z,900,false,,,,
N20261017-S034,N20261017,2026-10-18T10:00:00Z,900,true,1.372117,0.753703,0.823810,0.991880
N20261017-S035,N20261017,2026-10-18T10:15:00Z,900,true,1.311051,0.757391,0.834367,0.933011
N20261017-S036,N20261017,2026-10-18T10:30:00Z,900,true,1.257517,0.759810,0.821505,0.909881
N20261017-S037,N20261017,2026-10-18T10:45:00Z,900,true,1.291660,0.773350,0.825635,0.948733
N20261017-S038,N20261017,2026-10-18T11:00:00Z,900,true,1.362614,0.755900,0.822303,0.987793
N20261017-S039,N20261017,2026-10-18T11:15:00Z,900,true,1.322576,0.766680,0.787944,0.945785
N20261017-S040,N20261017,2026-10-18T11:30:00Z,900,true,1.350885,0.764334,0.787078,0.945893
N20261017-S041,N20261017,2026-10-18T11:45:00Z,900,true,1.346343,0.788218,0.794743,0.965048
N20261017-S042,N20261017,2026-10-18T12:00:00Z,900,true,1.393146,0.776295,0.783983,0.933562
N20261017-S043,N20261017,2026-10-18T12:15:00Z,900,true,1.393828,0.793258,0.781416,0.904509
N20261018-S001,N20261018,2026-10-19T01:45:00Z,900,true,1.356879,0.793748,0.756379,0.905500
N20261018-S002,N20261018,2026-10-19T02:00:00Z,900,true,1.325444,0.804636,0.760113,0.998824
N20261018-S003,N20261018,2026-10-19T02:15:00Z,900,true,1.385366,0.789028,0.796503,0.745659
N20261018-S004,N20261018,2026-10-19T02:30:00Z,900,true,1.392727,0.774906,0.800673,0.799585
N20261018-S005,N20261018,2026-10-19T02:45:00Z,900,true,1.327204,0.761244,0.762584,0.736375
N20261018-S006,N20261018,2026-10-19T03:00:00Z,900,true,1.297982,0.766745,0.752342,0.754206
N20261018-S007,N20261018,2026-10-19T03:15:00Z,900,true,1.311209,0.775492,0.764639,0.776366
N20261018-S008,N20261018,2026-10-19T03:30:00Z,900,true,1.407175,0.764406,0.762011,0.748719
N20261018-S009,N20261018,2026-10-19T03:45:00Z,900,true,1.455302,0.777153,0.725928,0.742392
N20261018-S010,N20261018,2026-10-19T04:00:00Z,900,true,1.449394,0.785421,0.754668,0.796873
N20261018-S011,N20261018,2026-10-19T04:15:00Z,900,true,1.434097,0.793419,0.745837,0.775886
N20261018-S012,N20261018,2026-10-19T04:30:00Z,900,true,1.489998,0.816650,0.713249,0.755432
N20261018-S013,N20261018,2026-10-19T04:45:00Z,900,true,1.458551,0.832390,0.715252,0.783496
N20261018-S014,N20261018,2026-10-19T05:00:00Z,900,true,1.486351,0.830488,0.703404,0.794914
N20261018-S015,N20261018,2026-10-19T05:15:00Z,900,true,1.484402,0.830361,0.693503,0.793158
N20261018-S016,N20261018,2026-10-19T05:30:00Z,900,true,1.466283,0.843885,0.709123,0.809071
N20261018-S017,N20261018,2026-10-19T05:45:00Z,900,false,,,,
N20261018-S018,N20261018,2026-10-19T06:00:00Z,900,true,1.428691,0.821842,0.758265,0.795529
N20261018-S019,N20261018,2026-10-19T06:15:00Z,900,true,1.369814,0.830339,0.784235,0.805871
N20261018-S020,N20261018,2026-10-19T06:30:00Z,900,true,1.396350,0.814840,0.791070,0.786461
N20261018-S021,N20261018,2026-10-19T06:45:00Z,900,true,1.460927,0.812352,0.776342,0.778532
N20261018-S022,N20261018,2026-10-19T07:00:00Z,900,true,1.445678,0.814206,0.763749,0.744044
N20261018-S023,N20261018,2026-10-19T07:15:00Z,900,true,1.486893,0.806338,0.760461,0.758580
N20261018-S024,N20261018,2026-10-19T07:30:00Z,900,true,1.524590,0.788528,0.773259,0.773610
N20261018-S025,N20261018,2026-10-19T07:45:00Z,900,true,1.535468,0.790879,0.773693,0.738993
N20261018-S026,N20261018,2026-10-19T08:00:00Z,900,true,1.551035,0.779026,0.776146,0.732705
N20261018-S027,N20261018,2026-10-19T08:15:00Z,900,true,1.560077,0.768946,0.816973,0.745196
N20261018-S028,N20261018,2026-10-19T08:30:00Z,900,true,1.583245,0.781129,0.793521,0.745860
N20261018-S029,N20261018,2026-10-19T08:45:00Z,900,true,1.514759,0.755529,0.801204,0.756625
N20261018-S030,N20261018,2026-10-19T09:00:00Z,900,true,1.517053,0.748057,0.820956,0.743462
N20261018-S031,N20261018,2026-10-19T09:15:00Z,900,true,1.513803,0.749547,0.810882,0.752545
N20261018-S032,N20261018,2026-10-19T09:30:00Z,900,true,1.502930,0.735190,0.807262,0.780497
N20261018-S033,N20261018,2026-10-19T09:45:00Z,900,true,1.525761,0.756410,0.763797,0.796665
N20261018-S034,N20261018,2026-10-19T10:00:00Z,900,true,1.544496,0.766529,0.746056,0.779196
N20261018-S035,N20261018,2026-10-19T10:15:00Z,900,true,1.475339,0.775649,0.733639,0.789404
N20261018-S036,N20261018,2026-10-19T10:30:00Z,900,true,1.417594,0.794745,0.708316,0.784656
N20261018-S037,N20261018,2026-10-19T10:45:00Z,900,true,1.383248,0.780869,0.716732,0.809512
N20261018-S038,N20261018,2026-10-19T11:00:00Z,900,true,1.356404,0.787715,0.701168,0.802986
N20261018-S039,N20261018,2026-10-19T11:15:00Z,900,true,1.357656,0.794899,0.715940,0.753538
N20261018-S040,N20261018,2026-10-19T11:30:00Z,900,true,1.363976,0.777851,0.715506,0.767126
N20261018-S041,N20261018,2026-10-19T11:45:00Z,900,true,1.321698,0.777520,0.744983,0.762712
N20261018-S042,N20261018,2026-10-19T12:00:00Z,900,true,1.311529,0.796613,0.761391,0.734377
N20261018-S043,N20261018,2026-10-19T12:15:00Z,900,true,1.313034,0.785467,0.767858,0.745848
N20261019-S001,N20261019,2026-10-20T01:45:00Z,900,true,1.235851,0.781803,0.768109,0.926470
N20261019-S002,N20261019,2026-10-20T02:00:00Z,900,true,1.236104,0.796885,0.755465,0.946352
N20261019-S003,N20261019,2026-10-20T02:15:00Z,900,true,1.277397,0.786063,0.752512,0.929154
N20261019-S004,N20261019,2026-10-20T02:30:00Z,900,true,1.233811,0.803429,0.746009,0.913435
N20261019-S005,N20261019,2026-10-20T02:45:00Z,900,true,1.195229,0.789228,0.743503,0.981507
N20261019-S006,N20261019,2026-10-20T03:00:00Z,900,true,1.191417,0.792244,0.739914,0.934555
N20261019-S007,N20261019,2026-10-20T03:15:00Z,900,true,1.223670,0.778293,0.797042,0.969627
N20261019-S008,N20261019,2026-10-20T03:30:00Z,900,true,1.220953,0.780153,0.766975,0.950090
N20261019-S009,N20261019,2026-10-20T03:45:00Z,900,true,1.272693,0.789174,0.773202,0.970723
N20261019-S010,N20261019,2026-10-20T04:00:00Z,900,true,1.246926,0.784825,0.779848,0.974156
N20261019-S011,N20261019,2026-10-20T04:15:00Z,900,true,1.241759,0.805715,0.794631,0.983918
N20261019-S012,N20261019,2026-10-20T04:30:00Z,900,true,1.255593,0.813182,0.799759,0.940181
N20261019-S013,N20261019,2026-10-20T04:45:00Z,900,true,1.250612,0.814700,0.772068,0.943234
N20261019-S014,N20261019,2026-10-20T05:00:00Z,900,true,1.231327,0.818169,0.752402,0.949036
N20261019-S015,N20261019,2026-10-20T05:15:00Z,900,true,1.243142,0.811637,0.759853,0.907782
N20261019-S016,N20261019,2026-10-20T05:30:00Z,900,true,1.214013,0.814574,0.767553,0.913340
N20261019-S017,N20261019,2026-10-20T05:45:00Z,900,true,1.248972,0.808543,0.765050,0.985684
N20261019-S018,N20261019,2026-10-20T06:00:00Z,900,true,1.265929,0.802277,0.759626,0.968335
N20261019-S019,N20261019,2026-10-20T06:15:00Z,900,true,1.238670,0.801400,0.769052,0.903051
N20261019-S020,N20261019,2026-10-20T06:30:00Z,900,true,1.283986,0.779857,0.778676,0.992909
N20261019-S021,N20261019,2026-10-20T06:45:00Z,900,true,1.259580,0.785362,0.754259,0.994336
N20261019-S022,N20261019,2026-10-20T07:00:00Z,900,true,1.254111,0.783246,0.744146,0.905445
N20261019-S023,N20261019,2026-10-20T07:15:00Z,900,true,1.265982,0.770740,0.755061,0.937557
N20261019-S024,N20261019,2026-10-20T07:30:00Z,900,true,1.290568,0.764088,0.747044,0.978662
N20261019-S025,N20261019,2026-10-20T07:45:00Z,900,true,1.312645,0.749756,0.766701,0.922255
N20261019-S026,N20261019,2026-10-20T08:00:00Z,900,true,1.296762,0.733793,0.749729,0.958093
N20261019-S027,N20261019,2026-10-20T08:15:00Z,900,true,1.286931,0.745908,0.762091,0.976236
N20261019-S028,N20261019,2026-10-20T08:30:00Z,900,true,1.286367,0.751467,0.753967,0.942983
N20261019-S029,N20261019,2026-10-20T08:45:00Z,900,true,1.230359,0.766190,0.780458,0.991354
N20261019-S030,N20261019,2026-10-20T09:00:00Z,900,true,1.287841,0.794021,0.790665,0.904917
N20261019-S031,N20261019,2026-10-20T09:15:00Z,900,true,1.224637,0.810177,0.799686,0.982528
N20261019-S032,N20261019,2026-10-20T09:30:00Z,900,true,1.226533,0.819249,0.783051,0.956763
N20261019-S033,N20261019,2026-10-20T09:45:00Z,900,true,1.218374,0.836214,0.769302,0.901738
N20261019-S034,N20261019,2026-10-20T10:00:00Z,900,true,1.240319,0.823732,0.781530,0.948058
N20261019-S035,N20261019,2026-10-20T10:15:00Z,900,true,1.210963,0.811177,0.761851,0.984679
N20261019-S036,N20261019,2026-10-20T10:30:00Z,900,true,1.203647,0.807351,0.749386,0.930981
N20261019-S037,N20261019,2026-10-20T10:45:00Z,900,true,1.200487,0.770168,0.742926,0.986514
N20261019-S038,N20261019,2026-10-20T11:00:00Z,900,true,1.147676,0.774742,0.722921,0.905460
N20261019-S039,N20261019,2026-10-20T11:15:00Z,900,true,1.162466,0.757637,0.733527,0.976499
N20261019-S040,N20261019,2026-10-20T11:30:00Z,900,true,1.148496,0.773222,0.738777,0.983844
N20261019-S041,N20261019,2026-10-20T11:45:00Z,900,true,1.147505,0.769884,0.712728,0.973435
N20261019-S042,N20261019,2026-10-20T12:00:00Z,900,true,1.206952,0.784494,0.718794,0.930405
N20261019-S043,N20261019,2026-10-20T12:15:00Z,900,true,1.194319,0.792137,0.712588,0.938341
N20261020-S001,N20261020,2026-10-21T01:45:00Z,900,true,1.353664,0.725436,0.768864,0.980841
N20261020-S002,N20261020,2026-10-21T02:00:00Z,900,true,1.381366,0.740100,0.740196,0.989865
N20261020-S003,N20261020,2026-10-21T02:15:00Z,900,true,1.396739,0.751274,0.756825,0.944806
N20261020-S004,N20261020,2026-10-21T02:30:00Z,900,true,1.460283,0.749677,0.732716,0.911517
N20261020-S005,N20261020,2026-10-21T02:45:00Z,900,true,1.478180,0.747268,0.730093,0.925058
N20261020-S006,N20261020,2026-10-21T03:00:00Z,900,true,1.434991,0.751976,0.741939,0.935326
N20261020-S007,N20261020,2026-10-21T03:15:00Z,900,true,1.388850,0.728640,0.743547,0.942048
N20261020-S008,N20261020,2026-10-21T03:30:00Z,900,false,,,,
N20261020-S009,N20261020,2026-10-21T03:45:00Z,900,true,1.347576,0.721356,0.767565,0.985098
N20261020-S010,N20261020,2026-10-21T04:00:00Z,900,true,1.320729,0.706219,0.784449,0.956146
N20261020-S011,N20261020,2026-10-21T04:15:00Z,900,true,1.370384,0.728562,0.771001,0.954740
N20261020-S012,N20261020,2026-10-21T04:30:00Z,900,true,1.363988,0.751310,0.782865,0.942566
N20261020-S013,N20261020,2026-10-21T04:45:00Z,900,true,1.351195,0.744894,0.781630,0.907317
N20261020-S014,N20261020,2026-10-21T05:00:00Z,900,true,1.354247,0.747759,0.767514,0.909821
N20261020-S015,N20261020,2026-10-21T05:15:00Z,900,true,1.292582,0.747831,0.794822,0.928592
N20261020-S016,N20261020,2026-10-21T05:30:00Z,900,true,1.324567,0.771003,0.781838,0.991851
N20261020-S017,N20261020,2026-10-21T05:45:00Z,900,true,1.299069,0.764090,0.763499,0.923128
N20261020-S018,N20261020,2026-10-21T06:00:00Z,900,true,1.278717,0.746847,0.743541,0.915422
N20261020-S019,N20261020,2026-10-21T06:15:00Z,900,true,1.263207,0.746426,0.764768,0.902264
N20261020-S020,N20261020,2026-10-21T06:30:00Z,900,true,1.294997,0.723089,0.764846,0.932315
N20261020-S021,N20261020,2026-10-21T06:45:00Z,900,true,1.319207,0.713336,0.770837,0.950012
N20261020-S022,N20261020,2026-10-21T07:00:00Z,900,true,1.349707,0.735025,0.822675,0.938420
N20261020-S023,N20261020,2026-10-21T07:15:00Z,900,true,1.350101,0.754353,0.835628,0.906131
N20261020-S024,N20261020,2026-10-21T07:30:00Z,900,true,1.311858,0.744549,0.830817,0.976814
N20261020-S025,N20261020,2026-10-21T07:45:00Z,900,true,1.313089,0.769131,0.835251,0.906035
N20261020-S026,N20261020,2026-10-21T08:00:00Z,900,true,1.324475,0.765054,0.817043,0.935813
N20261020-S027,N20261020,2026-10-21T08:15:00Z,900,true,1.286821,0.776057,0.788691,0.978268
N20261020-S028,N20261020,2026-10-21T08:30:00Z,900,true,1.287763,0.785007,0.783471,0.901087
N20261020-S029,N20261020,2026-10-21T08:45:00Z,900,false,,,,
N20261020-S030,N20261020,2026-10-21T09:00:00Z,900,false,,,,
N20261020-S031,N20261020,2026-10-21T09:15:00Z,900,false,,,,
N20261020-S032,N20261020,2026-10-21T09:30:00Z,900,false,,,,
N20261020-S033,N20261020,2026-10-21T09:45:00Z,900,false,,,,
N20261020-S034,N20261020,2026-10-21T10:00:00Z,900,true,1.356095,0.756843,0.815473,0.915518
N20261020-S035,N20261020,2026-10-21T10:15:00Z,900,true,1.334643,0.754415,0.790445,0.920764
N20261020-S036,N20261020,2026-10-21T10:30:00Z,900,true,1.313881,0.751191,0.800764,0.942625
N20261020-S037,N20261020,2026-10-21T10:45:00Z,900,true,1.339611,0.771067,0.786600,0.941167
N20261020-S038,N20261020,2026-10-21T11:00:00Z,900,true,1.325773,0.771623,0.774713,0.999614
N20261020-S039,N20261020,2026-10-21T11:15:00Z,900,true,1.262672,0.746950,0.796544,0.938555
N20261020-S040,N20261020,2026-10-21T11:30:00Z,900,true,1.257828,0.783133,0.797339,0.996929
N20261020-S041,N20261020,2026-10-21T11:45:00Z,900,true,1.246084,0.800869,0.794975,0.969769
N20261020-S042,N20261020,2026-10-21T12:00:00Z,900,true,1.180781,0.820598,0.794349,0.944789
N20261020-S043,N20261020,2026-10-21T12:15:00Z,900,true,1.194621,0.812957,0.795248,0.925047
N20261021-S001,N20261021,2026-10-22T01:45:00Z,900,true,1.349332,0.705054,0.826742,0.923340
N20261021-S002,N20261021,2026-10-22T02:00:00Z,900,true,1.321896,0.711258,0.840416,0.922026
N20261021-S003,N20261021,2026-10-22T02:15:00Z,900,true,1.294602,0.715631,0.866603,0.999968
N20261021-S004,N20261021,2026-10-22T02:30:00Z,900,true,1.317018,0.737936,0.861397,0.907916
N20261021-S005,N20261021,2026-10-22T02:45:00Z,900,true,1.322782,0.731152,0.847371,0.977823
N20261021-S006,N20261021,2026-10-22T03:00:00Z,900,true,1.328005,0.719700,0.852561,0.964765
N20261021-S007,N20261021,2026-10-22T03:15:00Z,900,true,1.290582,0.715591,0.853609,0.916147
N20261021-S008,N20261021,2026-10-22T03:30:00Z,900,true,1.218734,0.727694,0.810597,0.906780
N20261021-S009,N20261021,2026-10-22T03:45:00Z,900,true,1.214546,0.729810,0.815966,0.990105
N20261021-S010,N20261021,2026-10-22T04:00:00Z,900,true,1.264637,0.732169,0.808795,0.999566
N20261021-S011,N20261021,2026-10-22T04:15:00Z,900,true,1.246470,0.728400,0.787648,0.983229
N20261021-S012,N20261021,2026-10-22T04:30:00Z,900,true,1.273316,0.734231,0.779406,0.995965
N20261021-S013,N20261021,2026-10-22T04:45:00Z,900,true,1.244156,0.736113,0.763643,0.973484
N20261021-S014,N20261021,2026-10-22T05:00:00Z,900,true,1.210886,0.750315,0.793499,0.928973
N20261021-S015,N20261021,2026-10-22T05:15:00Z,900,true,1.213444,0.772301,0.811058,0.924933
N20261021-S016,N20261021,2026-10-22T05:30:00Z,900,true,1.233102,0.759958,0.791307,0.975289
N20261021-S017,N20261021,2026-10-22T05:45:00Z,900,true,1.184281,0.738775,0.777904,0.930686
N20261021-S018,N20261021,2026-10-22T06:00:00Z,900,true,1.185650,0.727532,0.787876,0.942922
N20261021-S019,N20261021,2026-10-22T06:15:00Z,900,true,1.228917,0.737477,0.789338,0.913181
N20261021-S020,N20261021,2026-10-22T06:30:00Z,900,true,1.233732,0.760263,0.779090,0.919441
N20261021-S021,N20261021,2026-10-22T06:45:00Z,900,true,1.234590,0.761658,0.790111,0.954210
N20261021-S022,N20261021,2026-10-22T07:00:00Z,900,true,1.246912,0.760783,0.788201,0.951487
N20261021-S023,N20261021,2026-10-22T07:15:00Z,900,true,1.224787,0.738351,0.800584,0.993832
N20261021-S024,N20261021,2026-10-22T07:30:00Z,900,true,1.209695,0.733063,0.795089,0.990281
N20261021-S025,N20261021,2026-10-22T07:45:00Z,900,true,1.192190,0.710745,0.824425,0.979784
N20261021-S026,N20261021,2026-10-22T08:00:00Z,900,true,1.201112,0.730941,0.839714,0.972083
N20261021-S027,N20261021,2026-10-22T08:15:00Z,900,true,1.205085,0.706894,0.843912,0.915082
N20261021-S028,N20261021,2026-10-22T08:30:00Z,900,true,1.238098,0.709153,0.856126,0.972004
N20261021-S029,N20261021,2026-10-22T08:45:00Z,900,true,1.246849,0.700114,0.842215,0.955117
N20261021-S030,N20261021,2026-10-22T09:00:00Z,900,true,1.240882,0.700478,0.834479,0.941428
N20261021-S031,N20261021,2026-10-22T09:15:00Z,900,true,1.263484,0.699195,0.839708,0.994141
N20261021-S032,N20261021,2026-10-22T09:30:00Z,900,true,1.294944,0.702549,0.831881,0.938888
N20261021-S033,N20261021,2026-10-22T09:45:00Z,900,true,1.263330,0.710845,0.834493,0.993730
N20261021-S034,N20261021,2026-10-22T10:00:00Z,900,true,1.287838,0.711789,0.810757,0.976609
N20261021-S035,N20261021,2026-10-22T10:15:00Z,900,true,1.263520,0.718170,0.799256,0.941366
N20261021-S036,N20261021,2026-10-22T10:30:00Z,900,true,1.287703,0.726052,0.806884,0.995828
N20261021-S037,N20261021,2026-10-22T10:45:00Z,900,true,1.307895,0.716192,0.799729,0.914673
N20261021-S038,N20261021,2026-10-22T11:00:00Z,900,true,1.308592,0.704421,0.798895,0.952034
N20261021-S039,N20261021,2026-10-22T11:15:00Z,900,true,1.258790,0.674037,0.824084,0.972664
N20261021-S040,N20261021,2026-10-22T11:30:00Z,900,true,1.243314,0.679914,0.814070,0.906999
N20261021-S041,N20261021,2026-10-22T11:45:00Z,900,true,1.260968,0.689201,0.810088,0.984112
N20261021-S042,N20261021,2026-10-22T12:00:00Z,900,true,1.274126,0.695064,0.807623,0.914685
N20261021-S043,N20261021,2026-10-22T12:15:00Z,900,true,1.316309,0.684765,0.799199,0.905507
N20261022-S001,N20261022,2026-10-23T01:45:00Z,900,true,1.334340,0.721170,0.808547,0.931889
N20261022-S002,N20261022,2026-10-23T02:00:00Z,900,true,1.325070,0.714537,0.815519,0.921517
N20261022-S003,N20261022,2026-10-23T02:15:00Z,900,true,1.350923,0.731403,0.789542,0.937598
N20261022-S004,N20261022,2026-10-23T02:30:00Z,900,true,1.355542,0.735348,0.796057,0.926663
N20261022-S005,N20261022,2026-10-23T02:45:00Z,900,true,1.370563,0.715239,0.838764,0.942517
N20261022-S006,N20261022,2026-10-23T03:00:00Z,900,true,1.335697,0.729342,0.781011,0.970232
N20261022-S007,N20261022,2026-10-23T03:15:00Z,900,true,1.358792,0.737461,0.806246,0.955426
N20261022-S008,N20261022,2026-10-23T03:30:00Z,900,true,1.287457,0.722743,0.793977,0.998477
N20261022-S009,N20261022,2026-10-23T03:45:00Z,900,true,1.252294,0.694692,0.762935,0.953559
N20261022-S010,N20261022,2026-10-23T04:00:00Z,900,true,1.242234,0.717678,0.780423,0.935230
N20261022-S011,N20261022,2026-10-23T04:15:00Z,900,true,1.224430,0.724749,0.764778,0.910734
N20261022-S012,N20261022,2026-10-23T04:30:00Z,900,true,1.275997,0.728528,0.781464,0.947090
N20261022-S013,N20261022,2026-10-23T04:45:00Z,900,true,1.293735,0.729594,0.793589,0.956979
N20261022-S014,N20261022,2026-10-23T05:00:00Z,900,true,1.293161,0.713852,0.760095,0.977189
N20261022-S015,N20261022,2026-10-23T05:15:00Z,900,true,1.294668,0.737619,0.766990,0.968686
N20261022-S016,N20261022,2026-10-23T05:30:00Z,900,true,1.276609,0.747480,0.786002,0.953930
N20261022-S017,N20261022,2026-10-23T05:45:00Z,900,true,1.302381,0.753879,0.795758,0.916022
N20261022-S018,N20261022,2026-10-23T06:00:00Z,900,true,1.319625,0.753927,0.785454,0.968211
N20261022-S019,N20261022,2026-10-23T06:15:00Z,900,true,1.297400,0.744726,0.767329,0.956883
N20261022-S020,N20261022,2026-10-23T06:30:00Z,900,true,1.284887,0.726671,0.747507,0.972790
N20261022-S021,N20261022,2026-10-23T06:45:00Z,900,true,1.330570,0.736797,0.749989,0.947327
N20261022-S022,N20261022,2026-10-23T07:00:00Z,900,true,1.355806,0.742065,0.755118,0.940315
N20261022-S023,N20261022,2026-10-23T07:15:00Z,900,true,1.308871,0.726755,0.729363,0.973625
N20261022-S024,N20261022,2026-10-23T07:30:00Z,900,true,1.309038,0.722898,0.757315,0.952727
N20261022-S025,N20261022,2026-10-23T07:45:00Z,900,true,1.327704,0.728188,0.770256,0.922219
N20261022-S026,N20261022,2026-10-23T08:00:00Z,900,true,1.379178,0.714844,0.765917,0.999578
N20261022-S027,N20261022,2026-10-23T08:15:00Z,900,true,1.338842,0.697086,0.774984,0.955996
N20261022-S028,N20261022,2026-10-23T08:30:00Z,900,true,1.422486,0.693948,0.802094,0.998419
N20261022-S029,N20261022,2026-10-23T08:45:00Z,900,true,1.448377,0.687686,0.829217,0.994445
N20261022-S030,N20261022,2026-10-23T09:00:00Z,900,true,1.429838,0.691820,0.826825,0.928109
N20261022-S031,N20261022,2026-10-23T09:15:00Z,900,true,1.392879,0.692816,0.817112,0.994619
N20261022-S032,N20261022,2026-10-23T09:30:00Z,900,true,1.390348,0.694765,0.804318,0.978713
N20261022-S033,N20261022,2026-10-23T09:45:00Z,900,true,1.381524,0.701373,0.787455,0.974350
N20261022-S034,N20261022,2026-10-23T10:00:00Z,900,true,1.407876,0.687747,0.797716,0.930164
N20261022-S035,N20261022,2026-10-23T10:15:00Z,900,true,1.392838,0.694293,0.788765,0.996775
N20261022-S036,N20261022,2026-10-23T10:30:00Z,900,true,1.342490,0.689339,0.772219,0.940613
N20261022-S037,N20261022,2026-10-23T10:45:00Z,900,true,1.339663,0.685236,0.760388,0.984648
N20261022-S038,N20261022,2026-10-23T11:00:00Z,900,true,1.356245,0.696614,0.770179,0.991584
N20261022-S039,N20261022,2026-10-23T11:15:00Z,900,true,1.329586,0.676832,0.800663,0.930674
N20261022-S040,N20261022,2026-10-23T11:30:00Z,900,true,1.327763,0.718984,0.801580,0.980725
N20261022-S041,N20261022,2026-10-23T11:45:00Z,900,true,1.334035,0.730776,0.805656,0.915288
N20261022-S042,N20261022,2026-10-23T12:00:00Z,900,true,1.380682,0.728572,0.785053,0.914061
N20261022-S043,N20261022,2026-10-23T12:15:00Z,900,true,1.327135,0.718856,0.794447,0.964434
N20261023-S001,N20261023,2026-10-24T01:45:00Z,900,false,,,,
N20261023-S002,N20261023,2026-10-24T02:00:00Z,900,false,,,,
N20261023-S003,N20261023,2026-10-24T02:15:00Z,900,true,1.229203,0.714321,0.836141,0.949494
N20261023-S004,N20261023,2026-10-24T02:30:00Z,900,true,1.193593,0.712149,0.859623,0.949289
N20261023-S005,N20261023,2026-10-24T02:45:00Z,900,true,1.256675,0.723392,0.863311,0.920215
N20261023-S006,N20261023,2026-10-24T03:00:00Z,900,true,1.261347,0.709617,0.863523,0.990905
N20261023-S007,N20261023,2026-10-24T03:15:00Z,900,true,1.236231,0.702157,0.861064,0.902821
N20261023-S008,N20261023,2026-10-24T03:30:00Z,900,true,1.262473,0.708462,0.859115,0.955108
N20261023-S009,N20261023,2026-10-24T03:45:00Z,900,true,1.250320,0.714738,0.874201,0.977149
N20261023-S010,N20261023,2026-10-24T04:00:00Z,900,true,1.249266,0.729169,0.878107,0.996916
N20261023-S011,N20261023,2026-10-24T04:15:00Z,900,true,1.274154,0.734398,0.898144,0.983306
N20261023-S012,N20261023,2026-10-24T04:30:00Z,900,true,1.258625,0.763022,0.892831,0.987150
N20261023-S013,N20261023,2026-10-24T04:45:00Z,900,true,1.231655,0.768861,0.866045,0.901782
N20261023-S014,N20261023,2026-10-24T05:00:00Z,900,true,1.224959,0.772787,0.870425,0.994614
N20261023-S015,N20261023,2026-10-24T05:15:00Z,900,true,1.248476,0.769275,0.866837,0.971914
N20261023-S016,N20261023,2026-10-24T05:30:00Z,900,true,1.212874,0.754393,0.837079,0.974013
N20261023-S017,N20261023,2026-10-24T05:45:00Z,900,true,1.227305,0.760980,0.832771,0.979394
N20261023-S018,N20261023,2026-10-24T06:00:00Z,900,true,1.182457,0.773628,0.854598,0.965465
N20261023-S019,N20261023,2026-10-24T06:15:00Z,900,true,1.116753,0.769180,0.844996,0.921340
N20261023-S020,N20261023,2026-10-24T06:30:00Z,900,true,1.155766,0.774216,0.852615,0.980319
N20261023-S021,N20261023,2026-10-24T06:45:00Z,900,true,1.181513,0.776480,0.835983,0.976499
N20261023-S022,N20261023,2026-10-24T07:00:00Z,900,true,1.165892,0.772023,0.853141,0.935221
N20261023-S023,N20261023,2026-10-24T07:15:00Z,900,true,1.118529,0.737569,0.864557,0.942778
N20261023-S024,N20261023,2026-10-24T07:30:00Z,900,true,1.164845,0.738535,0.836943,0.934720
N20261023-S025,N20261023,2026-10-24T07:45:00Z,900,true,1.128037,0.739305,0.837245,0.911186
N20261023-S026,N20261023,2026-10-24T08:00:00Z,900,true,1.118957,0.729174,0.838284,0.983991
N20261023-S027,N20261023,2026-10-24T08:15:00Z,900,true,1.143928,0.720707,0.851922,0.905812
N20261023-S028,N20261023,2026-10-24T08:30:00Z,900,true,1.173457,0.717487,0.840516,0.998895
N20261023-S029,N20261023,2026-10-24T08:45:00Z,900,true,1.221819,0.708536,0.824687,0.969957
N20261023-S030,N20261023,2026-10-24T09:00:00Z,900,true,1.186260,0.705676,0.819578,0.980406
N20261023-S031,N20261023,2026-10-24T09:15:00Z,900,true,1.203933,0.688688,0.832074,0.999676
N20261023-S032,N20261023,2026-10-24T09:30:00Z,900,true,1.195617,0.686376,0.834483,0.997473
N20261023-S033,N20261023,2026-10-24T09:45:00Z,900,true,1.233624,0.703465,0.843780,0.928276
N20261023-S034,N20261023,2026-10-24T10:00:00Z,900,true,1.227741,0.715650,0.862033,0.969360
N20261023-S035,N20261023,2026-10-24T10:15:00Z,900,true,1.213435,0.731449,0.861229,0.951284
N20261023-S036,N20261023,2026-10-24T10:30:00Z,900,true,1.248190,0.718890,0.854630,0.964045
N20261023-S037,N20261023,2026-10-24T10:45:00Z,900,true,1.200562,0.710296,0.867078,0.928438
N20261023-S038,N20261023,2026-10-24T11:00:00Z,900,true,1.241992,0.724600,0.846938,0.905430
N20261023-S039,N20261023,2026-10-24T11:15:00Z,900,true,1.250811,0.724154,0.840893,0.909953
N20261023-S040,N20261023,2026-10-24T11:30:00Z,900,true,1.222752,0.712612,0.839996,0.986792
N20261023-S041,N20261023,2026-10-24T11:45:00Z,900,true,1.231072,0.709095,0.875508,0.978868
N20261023-S042,N20261023,2026-10-24T12:00:00Z,900,true,1.288003,0.704182,0.859361,0.993216
N20261023-S043,N20261023,2026-10-24T12:15:00Z,900,true,1.268317,0.695856,0.863546,0.975141
N20261024-S001,N20261024,2026-10-25T01:45:00Z,900,true,1.437319,0.746799,0.867946,0.926393
N20261024-S002,N20261024,2026-10-25T02:00:00Z,900,true,1.467237,0.724423,0.855228,0.915958
N20261024-S003,N20261024,2026-10-25T02:15:00Z,900,true,1.515187,0.722409,0.892407,0.953160
N20261024-S004,N20261024,2026-10-25T02:30:00Z,900,true,1.499152,0.717469,0.884455,0.956569
N20261024-S005,N20261024,2026-10-25T02:45:00Z,900,true,1.524843,0.717451,0.903735,0.991192
N20261024-S006,N20261024,2026-10-25T03:00:00Z,900,true,1.515034,0.714376,0.911634,0.960614
N20261024-S007,N20261024,2026-10-25T03:15:00Z,900,true,1.531623,0.737595,0.897473,0.943754
N20261024-S008,N20261024,2026-10-25T03:30:00Z,900,true,1.536830,0.732165,0.913143,0.918659
N20261024-S009,N20261024,2026-10-25T03:45:00Z,900,true,1.492855,0.724271,0.881180,0.933740
N20261024-S010,N20261024,2026-10-25T04:00:00Z,900,true,1.441807,0.712986,0.892432,0.990213
N20261024-S011,N20261024,2026-10-25T04:15:00Z,900,true,1.467873,0.709677,0.908543,0.999409
N20261024-S012,N20261024,2026-10-25T04:30:00Z,900,true,1.464306,0.712610,0.901407,0.921168
N20261024-S013,N20261024,2026-10-25T04:45:00Z,900,true,1.387628,0.686233,0.893982,0.965412
N20261024-S014,N20261024,2026-10-25T05:00:00Z,900,true,1.342618,0.679832,0.899913,0.948954
N20261024-S015,N20261024,2026-10-25T05:15:00Z,900,true,1.398175,0.687108,0.895664,0.966904
N20261024-S016,N20261024,2026-10-25T05:30:00Z,900,true,1.404872,0.698217,0.892695,0.919913
N20261024-S017,N20261024,2026-10-25T05:45:00Z,900,true,1.436302,0.705350,0.852464,0.971329
N20261024-S018,N20261024,2026-10-25T06:00:00Z,900,true,1.407868,0.710895,0.838811,0.993561
N20261024-S019,N20261024,2026-10-25T06:15:00Z,900,true,1.389499,0.709185,0.833689,0.948936
N20261024-S020,N20261024,2026-10-25T06:30:00Z,900,true,1.425934,0.730634,0.855663,0.976557
N20261024-S021,N20261024,2026-10-25T06:45:00Z,900,true,1.427299,0.729776,0.845802,0.997568
N20261024-S022,N20261024,2026-10-25T07:00:00Z,900,true,1.448621,0.711288,0.836810,0.998934
N20261024-S023,N20261024,2026-10-25T07:15:00Z,900,true,1.362168,0.696265,0.859683,0.920825
N20261024-S024,N20261024,2026-10-25T07:30:00Z,900,true,1.306177,0.698386,0.883611,0.920378
N20261024-S025,N20261024,2026-10-25T07:45:00Z,900,true,1.261383,0.722925,0.869231,0.995329
N20261024-S026,N20261024,2026-10-25T08:00:00Z,900,true,1.289109,0.714590,0.877918,0.969838
N20261024-S027,N20261024,2026-10-25T08:15:00Z,900,true,1.322410,0.729793,0.888865,0.911359
N20261024-S028,N20261024,2026-10-25T08:30:00Z,900,true,1.276871,0.742452,0.893094,0.985781
N20261024-S029,N20261024,2026-10-25T08:45:00Z,900,true,1.321112,0.757413,0.882354,0.943185
N20261024-S030,N20261024,2026-10-25T09:00:00Z,900,true,1.358776,0.770018,0.866573,0.982349
N20261024-S031,N20261024,2026-10-25T09:15:00Z,900,true,1.378840,0.776395,0.871707,0.921964
N20261024-S032,N20261024,2026-10-25T09:30:00Z,900,true,1.334606,0.764893,0.859575,0.973902
N20261024-S033,N20261024,2026-10-25T09:45:00Z,900,true,1.362918,0.772600,0.854757,0.905546
N20261024-S034,N20261024,2026-10-25T10:00:00Z,900,true,1.398650,0.769617,0.837868,0.903662
N20261024-S035,N20261024,2026-10-25T10:15:00Z,900,true,1.460502,0.758121,0.841962,0.934401
N20261024-S036,N20261024,2026-10-25T10:30:00Z,900,true,1.498189,0.762253,0.818469,0.926140
N20261024-S037,N20261024,2026-10-25T10:45:00Z,900,true,1.450462,0.751149,0.814178,0.973619
N20261024-S038,N20261024,2026-10-25T11:00:00Z,900,true,1.363586,0.755592,0.831696,0.934124
N20261024-S039,N20261024,2026-10-25T11:15:00Z,900,true,1.358811,0.750968,0.845027,0.901448
N20261024-S040,N20261024,2026-10-25T11:30:00Z,900,true,1.406955,0.762988,0.878859,0.953710
N20261024-S041,N20261024,2026-10-25T11:45:00Z,900,true,1.367799,0.781437,0.884973,0.954860
N20261024-S042,N20261024,2026-10-25T12:00:00Z,900,true,1.383778,0.794415,0.867004,0.972945
N20261024-S043,N20261024,2026-10-25T12:15:00Z,900,true,1.376304,0.784871,0.868480,0.913561
N20261025-S001,N20261025,2026-10-26T01:45:00Z,900,true,1.499068,0.686404,0.966137,0.940296
N20261025-S002,N20261025,2026-10-26T02:00:00Z,900,true,1.537928,0.680850,0.964639,0.927881
N20261025-S003,N20261025,2026-10-26T02:15:00Z,900,true,1.540299,0.658828,0.955698,0.995123
N20261025-S004,N20261025,2026-10-26T02:30:00Z,900,true,1.545533,0.661800,0.947384,0.905624
N20261025-S005,N20261025,2026-10-26T02:45:00Z,900,true,1.558485,0.653373,0.960892,0.984949
N20261025-S006,N20261025,2026-10-26T03:00:00Z,900,true,1.597899,0.672679,0.933323,0.996833
N20261025-S007,N20261025,2026-10-26T03:15:00Z,900,true,1.598998,0.688335,0.945290,0.989696
N20261025-S008,N20261025,2026-10-26T03:30:00Z,900,true,1.620048,0.697747,0.925463,0.905120
N20261025-S009,N20261025,2026-10-26T03:45:00Z,900,true,1.588509,0.686960,0.946728,0.998640
N20261025-S010,N20261025,2026-10-26T04:00:00Z,900,true,1.555721,0.674060,0.940790,0.961568
N20261025-S011,N20261025,2026-10-26T04:15:00Z,900,true,1.523460,0.684033,0.944450,0.989034
N20261025-S012,N20261025,2026-10-26T04:30:00Z,900,true,1.532119,0.698183,0.938533,0.959453
N20261025-S013,N20261025,2026-10-26T04:45:00Z,900,true,1.570270,0.696026,0.957658,0.937670
N20261025-S014,N20261025,2026-10-26T05:00:00Z,900,true,1.599002,0.707451,0.986483,0.936322
N20261025-S015,N20261025,2026-10-26T05:15:00Z,900,true,1.635244,0.719079,0.970257,0.988736
N20261025-S016,N20261025,2026-10-26T05:30:00Z,900,true,1.635992,0.710446,0.980921,0.922754
N20261025-S017,N20261025,2026-10-26T05:45:00Z,900,true,1.630847,0.700637,0.992078,0.922323
N20261025-S018,N20261025,2026-10-26T06:00:00Z,900,true,1.576908,0.692973,1.009657,0.942979
N20261025-S019,N20261025,2026-10-26T06:15:00Z,900,true,1.598817,0.682562,0.986508,0.940059
N20261025-S020,N20261025,2026-10-26T06:30:00Z,900,true,1.573988,0.680802,0.974392,0.961558
N20261025-S021,N20261025,2026-10-26T06:45:00Z,900,true,1.587539,0.696945,0.961941,0.947076
N20261025-S022,N20261025,2026-10-26T07:00:00Z,900,true,1.606273,0.695875,0.980184,0.973462
N20261025-S023,N20261025,2026-10-26T07:15:00Z,900,true,1.583875,0.695648,0.974483,0.977755
N20261025-S024,N20261025,2026-10-26T07:30:00Z,900,true,1.589862,0.671985,0.953000,0.940698
N20261025-S025,N20261025,2026-10-26T07:45:00Z,900,true,1.548488,0.660352,0.954873,0.961537
N20261025-S026,N20261025,2026-10-26T08:00:00Z,900,true,1.550283,0.679055,0.957232,0.926181
N20261025-S027,N20261025,2026-10-26T08:15:00Z,900,true,1.575709,0.678193,0.968627,0.983007
N20261025-S028,N20261025,2026-10-26T08:30:00Z,900,true,1.566828,0.694509,0.983180,0.951766
N20261025-S029,N20261025,2026-10-26T08:45:00Z,900,true,1.577921,0.692277,0.986100,0.977399
N20261025-S030,N20261025,2026-10-26T09:00:00Z,900,true,1.559737,0.694480,0.971940,0.978402
N20261025-S031,N20261025,2026-10-26T09:15:00Z,900,true,1.548937,0.684716,0.989501,0.969095
N20261025-S032,N20261025,2026-10-26T09:30:00Z,900,true,1.530463,0.700020,0.993053,0.966936
N20261025-S033,N20261025,2026-10-26T09:45:00Z,900,true,1.576961,0.702146,1.002378,0.977011
N20261025-S034,N20261025,2026-10-26T10:00:00Z,900,true,1.559465,0.708688,0.976106,0.969359
N20261025-S035,N20261025,2026-10-26T10:15:00Z,900,true,1.561410,0.700537,0.966475,0.972157
N20261025-S036,N20261025,2026-10-26T10:30:00Z,900,true,1.523008,0.675707,0.954735,0.962725
N20261025-S037,N20261025,2026-10-26T10:45:00Z,900,true,1.554676,0.690020,0.959772,0.990063
N20261025-S038,N20261025,2026-10-26T11:00:00Z,900,true,1.492738,0.688574,1.000102,0.971304
N20261025-S039,N20261025,2026-10-26T11:15:00Z,900,true,1.501910,0.691301,0.978111,0.962614
N20261025-S040,N20261025,2026-10-26T11:30:00Z,900,true,1.519594,0.684490,0.987634,0.965809
N20261025-S041,N20261025,2026-10-26T11:45:00Z,900,true,1.521579,0.702074,0.969944,0.943081
N20261025-S042,N20261025,2026-10-26T12:00:00Z,900,true,1.505824,0.707519,0.991386,0.946063
N20261025-S043,N20261025,2026-10-26T12:15:00Z,900,true,1.538804,0.708121,0.980527,0.949013
N20261026-S001,N20261026,2026-10-27T01:45:00Z,900,true,1.225823,0.705788,1.043999,0.965064
N20261026-S002,N20261026,2026-10-27T02:00:00Z,900,true,1.242508,0.714603,1.043888,0.931454
N20261026-S003,N20261026,2026-10-27T02:15:00Z,900,true,1.243111,0.709223,1.058903,0.945260
N20261026-S004,N20261026,2026-10-27T02:30:00Z,900,true,1.223065,0.705178,1.080227,0.931607
N20261026-S005,N20261026,2026-10-27T02:45:00Z,900,true,1.219290,0.690238,1.113311,0.945375
N20261026-S006,N20261026,2026-10-27T03:00:00Z,900,true,1.208572,0.692066,1.115293,0.904726
N20261026-S007,N20261026,2026-10-27T03:15:00Z,900,true,1.219233,0.693750,1.079764,0.916516
N20261026-S008,N20261026,2026-10-27T03:30:00Z,900,true,1.227506,0.691646,1.079844,0.962666
N20261026-S009,N20261026,2026-10-27T03:45:00Z,900,true,1.181257,0.687112,1.117603,0.964255
N20261026-S010,N20261026,2026-10-27T04:00:00Z,900,true,1.194694,0.697137,1.127832,0.964040
N20261026-S011,N20261026,2026-10-27T04:15:00Z,900,true,1.172057,0.709518,1.112245,0.978586
N20261026-S012,N20261026,2026-10-27T04:30:00Z,900,true,1.219958,0.731466,1.099742,0.906174
N20261026-S013,N20261026,2026-10-27T04:45:00Z,900,true,1.247265,0.729466,1.092002,0.902327
N20261026-S014,N20261026,2026-10-27T05:00:00Z,900,true,1.233996,0.744842,1.095088,0.989505
N20261026-S015,N20261026,2026-10-27T05:15:00Z,900,true,1.287028,0.737526,1.101414,0.922593
N20261026-S016,N20261026,2026-10-27T05:30:00Z,900,true,1.261501,0.720806,1.073106,0.967252
N20261026-S017,N20261026,2026-10-27T05:45:00Z,900,true,1.257753,0.721991,1.049947,0.929705
N20261026-S018,N20261026,2026-10-27T06:00:00Z,900,true,1.242656,0.749739,1.062726,0.963848
N20261026-S019,N20261026,2026-10-27T06:15:00Z,900,true,1.235327,0.736712,1.075223,0.939068
N20261026-S020,N20261026,2026-10-27T06:30:00Z,900,true,1.250745,0.742386,1.086700,0.923693
N20261026-S021,N20261026,2026-10-27T06:45:00Z,900,true,1.251644,0.737989,1.082821,0.985330
N20261026-S022,N20261026,2026-10-27T07:00:00Z,900,true,1.255309,0.741250,1.094231,0.956689
N20261026-S023,N20261026,2026-10-27T07:15:00Z,900,true,1.197076,0.741388,1.085607,0.915799
N20261026-S024,N20261026,2026-10-27T07:30:00Z,900,true,1.215065,0.738987,1.083880,0.909097
N20261026-S025,N20261026,2026-10-27T07:45:00Z,900,true,1.173467,0.738062,1.092053,0.933231
N20261026-S026,N20261026,2026-10-27T08:00:00Z,900,true,1.122226,0.732533,1.095226,0.962366
N20261026-S027,N20261026,2026-10-27T08:15:00Z,900,true,1.147443,0.719165,1.082211,0.922122
N20261026-S028,N20261026,2026-10-27T08:30:00Z,900,true,1.226030,0.695001,1.089860,0.964687
N20261026-S029,N20261026,2026-10-27T08:45:00Z,900,true,1.232025,0.693386,1.075517,0.938878
N20261026-S030,N20261026,2026-10-27T09:00:00Z,900,true,1.194873,0.684717,1.058584,0.996817
N20261026-S031,N20261026,2026-10-27T09:15:00Z,900,true,1.238447,0.692980,1.047766,0.961466
N20261026-S032,N20261026,2026-10-27T09:30:00Z,900,true,1.224614,0.702085,1.029172,0.958542
N20261026-S033,N20261026,2026-10-27T09:45:00Z,900,true,1.271813,0.722447,1.058652,0.922511
N20261026-S034,N20261026,2026-10-27T10:00:00Z,900,true,1.248034,0.716609,1.085043,0.973062
N20261026-S035,N20261026,2026-10-27T10:15:00Z,900,true,1.268773,0.710436,1.090011,0.987345
N20261026-S036,N20261026,2026-10-27T10:30:00Z,900,true,1.286602,0.708193,1.079239,0.998208
N20261026-S037,N20261026,2026-10-27T10:45:00Z,900,true,1.314459,0.702876,1.061116,0.965045
N20261026-S038,N20261026,2026-10-27T11:00:00Z,900,true,1.304250,0.675506,1.030028,0.906563
N20261026-S039,N20261026,2026-10-27T11:15:00Z,900,true,1.342359,0.665535,1.041680,0.987775
N20261026-S040,N20261026,2026-10-27T11:30:00Z,900,true,1.265122,0.699048,1.015076,0.993391
N20261026-S041,N20261026,2026-10-27T11:45:00Z,900,true,1.269527,0.708726,1.012175,0.945813
N20261026-S042,N20261026,2026-10-27T12:00:00Z,900,true,1.266487,0.703865,1.005405,0.987312
N20261026-S043,N20261026,2026-10-27T12:15:00Z,900,true,1.262558,0.705984,0.992434,0.929270
N20261026-S044,N20261026,2026-10-27T12:30:00Z,900,true,1.267006,0.702403,1.015476,0.915061
N20261027-S001,N20261027,2026-10-28T01:45:00Z,900,true,1.239705,0.764500,1.008095,0.941808
N20261027-S002,N20261027,2026-10-28T02:00:00Z,900,true,1.239447,0.767032,1.025540,0.901190
N20261027-S003,N20261027,2026-10-28T02:15:00Z,900,true,1.274009,0.773182,1.012944,0.910257
N20261027-S004,N20261027,2026-10-28T02:30:00Z,900,true,1.224256,0.772867,1.012453,0.952211
N20261027-S005,N20261027,2026-10-28T02:45:00Z,900,true,1.245070,0.783008,1.028763,0.900318
N20261027-S006,N20261027,2026-10-28T03:00:00Z,900,true,1.280073,0.785583,1.024042,0.939416
N20261027-S007,N20261027,2026-10-28T03:15:00Z,900,true,1.269226,0.768668,1.007149,0.995581
N20261027-S008,N20261027,2026-10-28T03:30:00Z,900,true,1.268224,0.759627,1.012878,0.989269
N20261027-S009,N20261027,2026-10-28T03:45:00Z,900,true,1.316688,0.781522,1.018179,0.986914
N20261027-S010,N20261027,2026-10-28T04:00:00Z,900,true,1.283512,0.785265,0.974340,0.942347
N20261027-S011,N20261027,2026-10-28T04:15:00Z,900,true,1.257311,0.778285,0.965730,0.932904
N20261027-S012,N20261027,2026-10-28T04:30:00Z,900,true,1.303550,0.777194,0.971998,0.960481
N20261027-S013,N20261027,2026-10-28T04:45:00Z,900,true,1.245865,0.791129,0.972409,0.911162
N20261027-S014,N20261027,2026-10-28T05:00:00Z,900,true,1.213167,0.802698,0.979648,0.992995
N20261027-S015,N20261027,2026-10-28T05:15:00Z,900,true,1.201856,0.795208,0.990491,0.967216
N20261027-S016,N20261027,2026-10-28T05:30:00Z,900,true,1.207127,0.769184,0.966119,0.959372
N20261027-S017,N20261027,2026-10-28T05:45:00Z,900,true,1.239038,0.784179,0.963881,0.910611
N20261027-S018,N20261027,2026-10-28T06:00:00Z,900,true,1.237319,0.780823,0.946513,0.915575
N20261027-S019,N20261027,2026-10-28T06:15:00Z,900,true,1.263735,0.754398,0.953206,0.911637
N20261027-S020,N20261027,2026-10-28T06:30:00Z,900,true,1.229313,0.740968,0.924478,0.917536
N20261027-S021,N20261027,2026-10-28T06:45:00Z,900,true,1.239573,0.733668,0.919133,0.908125
N20261027-S022,N20261027,2026-10-28T07:00:00Z,900,true,1.259741,0.760234,0.932043,0.989735
N20261027-S023,N20261027,2026-10-28T07:15:00Z,900,true,1.241531,0.752682,0.951418,0.995172
N20261027-S024,N20261027,2026-10-28T07:30:00Z,900,true,1.258607,0.752506,0.989822,0.963879
N20261027-S025,N20261027,2026-10-28T07:45:00Z,900,true,1.238580,0.744698,0.997329,0.921330
N20261027-S026,N20261027,2026-10-28T08:00:00Z,900,true,1.249574,0.735415,1.017971,0.979936
N20261027-S027,N20261027,2026-10-28T08:15:00Z,900,true,1.250118,0.723598,1.023520,0.965661
N20261027-S028,N20261027,2026-10-28T08:30:00Z,900,true,1.238252,0.730635,1.041512,0.926399
N20261027-S029,N20261027,2026-10-28T08:45:00Z,900,true,1.241524,0.727386,1.052178,0.984715
N20261027-S030,N20261027,2026-10-28T09:00:00Z,900,true,1.271364,0.741246,1.045070,0.927393
N20261027-S031,N20261027,2026-10-28T09:15:00Z,900,true,1.271257,0.747509,1.060189,0.965109
N20261027-S032,N20261027,2026-10-28T09:30:00Z,900,true,1.282810,0.773767,1.057358,0.965752
N20261027-S033,N20261027,2026-10-28T09:45:00Z,900,true,1.202902,0.787868,1.027255,0.961714
N20261027-S034,N20261027,2026-10-28T10:00:00Z,900,true,1.221606,0.800590,1.032046,0.969516
N20261027-S035,N20261027,2026-10-28T10:15:00Z,900,true,1.192149,0.808651,1.032975,0.974602
N20261027-S036,N20261027,2026-10-28T10:30:00Z,900,false,,,,
N20261027-S037,N20261027,2026-10-28T10:45:00Z,900,true,1.222091,0.797823,1.023126,0.919266
N20261027-S038,N20261027,2026-10-28T11:00:00Z,900,true,1.271212,0.803342,0.996576,0.930463
N20261027-S039,N20261027,2026-10-28T11:15:00Z,900,true,1.301589,0.782276,0.983628,0.941349
N20261027-S040,N20261027,2026-10-28T11:30:00Z,900,true,1.334547,0.772435,0.968900,0.940785
N20261027-S041,N20261027,2026-10-28T11:45:00Z,900,true,1.305710,0.777836,0.980610,0.978321
N20261027-S042,N20261027,2026-10-28T12:00:00Z,900,true,1.279516,0.772301,0.967510,0.921186
N20261027-S043,N20261027,2026-10-28T12:15:00Z,900,true,1.303772,0.791132,0.956729,0.991576
N20261027-S044,N20261027,2026-10-28T12:30:00Z,900,true,1.247541,0.787209,0.945739,0.979334
N20261028-S001,N20261028,2026-10-29T01:45:00Z,900,true,1.347207,0.778472,0.947348,0.940198
N20261028-S002,N20261028,2026-10-29T02:00:00Z,900,true,1.358910,0.773041,0.937167,0.939445
N20261028-S003,N20261028,2026-10-29T02:15:00Z,900,true,1.371498,0.793154,0.935175,0.994121
N20261028-S004,N20261028,2026-10-29T02:30:00Z,900,true,1.324986,0.792505,0.959777,0.985990
N20261028-S005,N20261028,2026-10-29T02:45:00Z,900,true,1.346214,0.784707,0.957675,0.982113
N20261028-S006,N20261028,2026-10-29T03:00:00Z,900,true,1.339695,0.798118,0.940636,0.948545
N20261028-S007,N20261028,2026-10-29T03:15:00Z,900,true,1.313114,0.809975,0.966762,0.924954
N20261028-S008,N20261028,2026-10-29T03:30:00Z,900,true,1.329735,0.785299,0.973604,0.904389
N20261028-S009,N20261028,2026-10-29T03:45:00Z,900,true,1.316169,0.785703,0.989412,0.927878
N20261028-S010,N20261028,2026-10-29T04:00:00Z,900,true,1.304611,0.772119,0.996413,0.937705
N20261028-S011,N20261028,2026-10-29T04:15:00Z,900,true,1.300008,0.775722,0.983769,0.943482
N20261028-S012,N20261028,2026-10-29T04:30:00Z,900,true,1.348680,0.762204,0.956831,0.987265
N20261028-S013,N20261028,2026-10-29T04:45:00Z,900,true,1.422946,0.770354,0.960973,0.910358
N20261028-S014,N20261028,2026-10-29T05:00:00Z,900,true,1.418686,0.786228,0.933630,0.952515
N20261028-S015,N20261028,2026-10-29T05:15:00Z,900,true,1.417574,0.799148,0.933511,0.979716
N20261028-S016,N20261028,2026-10-29T05:30:00Z,900,true,1.369056,0.791945,0.925455,0.979857
N20261028-S017,N20261028,2026-10-29T05:45:00Z,900,true,1.366267,0.790778,0.925273,0.947621
N20261028-S018,N20261028,2026-10-29T06:00:00Z,900,true,1.371417,0.775079,0.956477,0.960855
N20261028-S019,N20261028,2026-10-29T06:15:00Z,900,true,1.426449,0.763021,0.966693,0.911914
N20261028-S020,N20261028,2026-10-29T06:30:00Z,900,true,1.417000,0.765683,0.996189,0.952469
N20261028-S021,N20261028,2026-10-29T06:45:00Z,900,true,1.442755,0.759413,0.994237,0.957798
N20261028-S022,N20261028,2026-10-29T07:00:00Z,900,false,,,,
N20261028-S023,N20261028,2026-10-29T07:15:00Z,900,true,1.415408,0.770771,0.994208,0.987218
N20261028-S024,N20261028,2026-10-29T07:30:00Z,900,true,1.451882,0.750129,1.037179,0.908731
N20261028-S025,N20261028,2026-10-29T07:45:00Z,900,true,1.420638,0.752177,1.043583,0.903948
N20261028-S026,N20261028,2026-10-29T08:00:00Z,900,true,1.336678,0.745740,1.034376,0.949129
N20261028-S027,N20261028,2026-10-29T08:15:00Z,900,true,1.382021,0.767692,1.038915,0.977922
N20261028-S028,N20261028,2026-10-29T08:30:00Z,900,true,1.382301,0.777252,1.006294,0.917099
N20261028-S029,N20261028,2026-10-29T08:45:00Z,900,true,1.423196,0.791780,1.018002,0.952963
N20261028-S030,N20261028,2026-10-29T09:00:00Z,900,true,1.421703,0.797943,0.987266,0.975081
N20261028-S031,N20261028,2026-10-29T09:15:00Z,900,true,1.405636,0.803552,1.016953,0.998318
N20261028-S032,N20261028,2026-10-29T09:30:00Z,900,true,1.417769,0.792958,1.005873,0.938854
N20261028-S033,N20261028,2026-10-29T09:45:00Z,900,true,1.401074,0.786722,1.000121,0.903579
N20261028-S034,N20261028,2026-10-29T10:00:00Z,900,true,1.432865,0.784441,1.000230,0.973021
N20261028-S035,N20261028,2026-10-29T10:15:00Z,900,true,1.454418,0.803838,1.031594,0.929271
N20261028-S036,N20261028,2026-10-29T10:30:00Z,900,true,1.448648,0.793377,1.031847,0.914070
N20261028-S037,N20261028,2026-10-29T10:45:00Z,900,true,1.429123,0.796569,0.998140,0.929852
N20261028-S038,N20261028,2026-10-29T11:00:00Z,900,true,1.469741,0.783871,0.980241,0.999307
N20261028-S039,N20261028,2026-10-29T11:15:00Z,900,true,1.475671,0.792898,0.985260,0.949344
N20261028-S040,N20261028,2026-10-29T11:30:00Z,900,true,1.493844,0.784371,0.980987,0.970395
N20261028-S041,N20261028,2026-10-29T11:45:00Z,900,true,1.461802,0.780002,0.955787,0.944362
N20261028-S042,N20261028,2026-10-29T12:00:00Z,900,true,1.465533,0.769250,0.968242,0.901748
N20261028-S043,N20261028,2026-10-29T12:15:00Z,900,true,1.457488,0.751468,0.950679,0.911458
N20261028-S044,N20261028,2026-10-29T12:30:00Z,900,true,1.405665,0.754173,0.960721,0.981016
N20261029-S001,N20261029,2026-10-30T01:45:00Z,900,true,1.310670,0.808030,0.968362,0.930348
N20261029-S002,N20261029,2026-10-30T02:00:00Z,900,true,1.304403,0.806565,0.979240,0.907474
N20261029-S003,N20261029,2026-10-30T02:15:00Z,900,true,1.275463,0.802034,0.970056,0.916153
N20261029-S004,N20261029,2026-10-30T02:30:00Z,900,true,1.243182,0.805700,0.966362,0.998814
N20261029-S005,N20261029,2026-10-30T02:45:00Z,900,true,1.172610,0.821133,0.977658,0.966488
N20261029-S006,N20261029,2026-10-30T03:00:00Z,900,true,1.164950,0.817854,1.001154,0.923820
N20261029-S007,N20261029,2026-10-30T03:15:00Z,900,true,1.194615,0.822420,1.003582,0.998609
N20261029-S008,N20261029,2026-10-30T03:30:00Z,900,true,1.227282,0.818419,0.998886,0.982148
N20261029-S009,N20261029,2026-10-30T03:45:00Z,900,false,,,,
N20261029-S010,N20261029,2026-10-30T04:00:00Z,900,false,,,,
N20261029-S011,N20261029,2026-10-30T04:15:00Z,900,false,,,,
N20261029-S012,N20261029,2026-10-30T04:30:00Z,900,false,,,,
N20261029-S013,N20261029,2026-10-30T04:45:00Z,900,false,,,,
N20261029-S014,N20261029,2026-10-30T05:00:00Z,900,false,,,,
N20261029-S015,N20261029,2026-10-30T05:15:00Z,900,false,,,,
N20261029-S016,N20261029,2026-10-30T05:30:00Z,900,false,,,,
N20261029-S017,N20261029,2026-10-30T05:45:00Z,900,true,1.294901,0.834592,0.937361,0.988210
N20261029-S018,N20261029,2026-10-30T06:00:00Z,900,true,1.325533,0.846779,0.938725,0.993087
N20261029-S019,N20261029,2026-10-30T06:15:00Z,900,true,1.331856,0.863547,0.945613,0.903600
N20261029-S020,N20261029,2026-10-30T06:30:00Z,900,true,1.314999,0.861229,0.910419,0.985722
N20261029-S021,N20261029,2026-10-30T06:45:00Z,900,true,1.324956,0.875392,0.915720,0.907683
N20261029-S022,N20261029,2026-10-30T07:00:00Z,900,true,1.291435,0.867250,0.893217,0.939073
N20261029-S023,N20261029,2026-10-30T07:15:00Z,900,true,1.332000,0.886741,0.909649,0.929503
N20261029-S024,N20261029,2026-10-30T07:30:00Z,900,true,1.302814,0.893116,0.910618,0.901325
N20261029-S025,N20261029,2026-10-30T07:45:00Z,900,true,1.359413,0.879480,0.901717,0.955504
N20261029-S026,N20261029,2026-10-30T08:00:00Z,900,true,1.372848,0.880636,0.878140,0.939715
N20261029-S027,N20261029,2026-10-30T08:15:00Z,900,true,1.427810,0.859010,0.898742,0.919230
N20261029-S028,N20261029,2026-10-30T08:30:00Z,900,true,1.372396,0.851322,0.907252,0.927908
N20261029-S029,N20261029,2026-10-30T08:45:00Z,900,true,1.342824,0.849229,0.916429,0.934556
N20261029-S030,N20261029,2026-10-30T09:00:00Z,900,true,1.292727,0.857974,0.939925,0.906375
N20261029-S031,N20261029,2026-10-30T09:15:00Z,900,true,1.299069,0.831350,0.962587,0.920030
N20261029-S032,N20261029,2026-10-30T09:30:00Z,900,true,1.321888,0.836588,0.947387,0.931513
N20261029-S033,N20261029,2026-10-30T09:45:00Z,900,true,1.327164,0.841788,0.939579,0.973025
N20261029-S034,N20261029,2026-10-30T10:00:00Z,900,true,1.342537,0.843888,0.916713,0.944299
N20261029-S035,N20261029,2026-10-30T10:15:00Z,900,true,1.353695,0.848285,0.903247,0.966205
N20261029-S036,N20261029,2026-10-30T10:30:00Z,900,true,1.330080,0.861556,0.950191,0.969531
N20261029-S037,N20261029,2026-10-30T10:45:00Z,900,true,1.310456,0.855314,0.935983,0.964925
N20261029-S038,N20261029,2026-10-30T11:00:00Z,900,false,,,,
N20261029-S039,N20261029,2026-10-30T11:15:00Z,900,true,1.299954,0.859308,0.949067,0.985467
N20261029-S040,N20261029,2026-10-30T11:30:00Z,900,true,1.276389,0.856821,0.915391,0.985309
N20261029-S041,N20261029,2026-10-30T11:45:00Z,900,true,1.288863,0.861750,0.912560,0.946343
N20261029-S042,N20261029,2026-10-30T12:00:00Z,900,true,1.299047,0.855612,0.900607,0.946770
N20261029-S043,N20261029,2026-10-30T12:15:00Z,900,true,1.335924,0.866764,0.937334,0.925602
N20261029-S044,N20261029,2026-10-30T12:30:00Z,900,true,1.404539,0.872541,0.932047,0.984569
N20261030-S001,N20261030,2026-10-31T01:45:00Z,900,true,1.145427,0.791694,0.960459,0.973101
N20261030-S002,N20261030,2026-10-31T02:00:00Z,900,true,1.228603,0.807949,0.913136,0.934586
N20261030-S003,N20261030,2026-10-31T02:15:00Z,900,true,1.255802,0.803454,0.929069,0.909550
N20261030-S004,N20261030,2026-10-31T02:30:00Z,900,true,1.226673,0.781530,0.925272,0.901725
N20261030-S005,N20261030,2026-10-31T02:45:00Z,900,true,1.241214,0.780815,0.936149,0.943434
N20261030-S006,N20261030,2026-10-31T03:00:00Z,900,true,1.150882,0.801285,0.936567,0.908401
N20261030-S007,N20261030,2026-10-31T03:15:00Z,900,true,1.126484,0.792741,0.949674,0.980056
N20261030-S008,N20261030,2026-10-31T03:30:00Z,900,true,1.224470,0.822229,0.926399,0.907674
N20261030-S009,N20261030,2026-10-31T03:45:00Z,900,true,1.184661,0.819948,0.926377,0.921556
N20261030-S010,N20261030,2026-10-31T04:00:00Z,900,true,1.217518,0.804621,0.914386,0.968069
N20261030-S011,N20261030,2026-10-31T04:15:00Z,900,true,1.262055,0.799448,0.924363,0.982736
N20261030-S012,N20261030,2026-10-31T04:30:00Z,900,true,1.311006,0.810425,0.938739,0.942761
N20261030-S013,N20261030,2026-10-31T04:45:00Z,900,true,1.262424,0.813267,0.961234,0.963046
N20261030-S014,N20261030,2026-10-31T05:00:00Z,900,true,1.281198,0.806226,0.950047,0.991074
N20261030-S015,N20261030,2026-10-31T05:15:00Z,900,true,1.308602,0.801106,0.948463,0.919046
N20261030-S016,N20261030,2026-10-31T05:30:00Z,900,true,1.285778,0.785708,0.928255,0.927516
N20261030-S017,N20261030,2026-10-31T05:45:00Z,900,true,1.248502,0.803523,0.927105,0.900795
N20261030-S018,N20261030,2026-10-31T06:00:00Z,900,true,1.218587,0.785402,0.923892,0.933321
N20261030-S019,N20261030,2026-10-31T06:15:00Z,900,true,1.232197,0.783930,0.895103,0.967195
N20261030-S020,N20261030,2026-10-31T06:30:00Z,900,true,1.213570,0.776833,0.896769,0.944564
N20261030-S021,N20261030,2026-10-31T06:45:00Z,900,true,1.167711,0.791056,0.904471,0.963446
N20261030-S022,N20261030,2026-10-31T07:00:00Z,900,false,,,,
N20261030-S023,N20261030,2026-10-31T07:15:00Z,900,false,,,,
N20261030-S024,N20261030,2026-10-31T07:30:00Z,900,false,,,,
N20261030-S025,N20261030,2026-10-31T07:45:00Z,900,false,,,,
N20261030-S026,N20261030,2026-10-31T08:00:00Z,900,true,1.120718,0.790493,0.953113,0.998848
N20261030-S027,N20261030,2026-10-31T08:15:00Z,900,true,1.111655,0.775958,0.963813,0.966036
N20261030-S028,N20261030,2026-10-31T08:30:00Z,900,true,1.104481,0.789303,0.956855,0.974338
N20261030-S029,N20261030,2026-10-31T08:45:00Z,900,true,1.183292,0.779230,0.955473,0.973659
N20261030-S030,N20261030,2026-10-31T09:00:00Z,900,true,1.137181,0.767681,0.995553,0.944799
N20261030-S031,N20261030,2026-10-31T09:15:00Z,900,true,1.165216,0.747336,0.996718,0.917654
N20261030-S032,N20261030,2026-10-31T09:30:00Z,900,true,1.236981,0.731397,0.978909,0.990461
N20261030-S033,N20261030,2026-10-31T09:45:00Z,900,true,1.256020,0.738757,0.984246,0.956136
N20261030-S034,N20261030,2026-10-31T10:00:00Z,900,true,1.258786,0.745107,0.991785,0.903663
N20261030-S035,N20261030,2026-10-31T10:15:00Z,900,true,1.288552,0.757040,1.002717,0.971257
N20261030-S036,N20261030,2026-10-31T10:30:00Z,900,true,1.228402,0.748990,1.002522,0.971935
N20261030-S037,N20261030,2026-10-31T10:45:00Z,900,true,1.202147,0.771474,0.997917,0.952955
N20261030-S038,N20261030,2026-10-31T11:00:00Z,900,true,1.176431,0.781976,1.018627,0.917845
N20261030-S039,N20261030,2026-10-31T11:15:00Z,900,true,1.133833,0.802437,1.003548,0.957340
N20261030-S040,N20261030,2026-10-31T11:30:00Z,900,true,1.130009,0.772672,1.017122,0.944907
N20261030-S041,N20261030,2026-10-31T11:45:00Z,900,true,1.153067,0.774453,1.012933,0.979911
N20261030-S042,N20261030,2026-10-31T12:00:00Z,900,true,1.137532,0.769532,1.013203,0.960516
N20261030-S043,N20261030,2026-10-31T12:15:00Z,900,true,1.169561,0.755549,1.027855,0.990570
N20261030-S044,N20261030,2026-10-31T12:30:00Z,900,true,1.183572,0.746994,1.038607,0.924877
N20261031-S001,N20261031,2026-11-01T01:45:00Z,900,true,1.220205,0.796397,0.993766,0.950537
N20261031-S002,N20261031,2026-11-01T02:00:00Z,900,true,1.186734,0.777185,1.006537,0.977713
N20261031-S003,N20261031,2026-11-01T02:15:00Z,900,true,1.159390,0.781998,0.997342,0.958468
N20261031-S004,N20261031,2026-11-01T02:30:00Z,900,true,1.173745,0.793425,1.032007,0.958569
N20261031-S005,N20261031,2026-11-01T02:45:00Z,900,true,1.176942,0.789829,1.027376,0.992425
N20261031-S006,N20261031,2026-11-01T03:00:00Z,900,true,1.131686,0.778857,1.040119,0.918797
N20261031-S007,N20261031,2026-11-01T03:15:00Z,900,true,1.116843,0.769706,1.017249,0.921454
N20261031-S008,N20261031,2026-11-01T03:30:00Z,900,true,1.110259,0.781762,1.018779,0.969549
N20261031-S009,N20261031,2026-11-01T03:45:00Z,900,true,1.178602,0.763522,1.027538,0.980162
N20261031-S010,N20261031,2026-11-01T04:00:00Z,900,true,1.236251,0.778682,1.018078,0.900391
N20261031-S011,N20261031,2026-11-01T04:15:00Z,900,true,1.222729,0.778226,1.033156,0.904723
N20261031-S012,N20261031,2026-11-01T04:30:00Z,900,true,1.214018,0.793302,1.035325,0.972131
N20261031-S013,N20261031,2026-11-01T04:45:00Z,900,true,1.196848,0.804644,1.020762,0.945634
N20261031-S014,N20261031,2026-11-01T05:00:00Z,900,true,1.178999,0.807531,1.021136,0.976323
N20261031-S015,N20261031,2026-11-01T05:15:00Z,900,true,1.186894,0.817760,1.032011,0.996429
N20261031-S016,N20261031,2026-11-01T05:30:00Z,900,true,1.167743,0.820146,1.015348,0.988835
N20261031-S017,N20261031,2026-11-01T05:45:00Z,900,true,1.163924,0.812718,0.978155,0.925454
N20261031-S018,N20261031,2026-11-01T06:00:00Z,900,true,1.134182,0.798608,0.992985,0.954632
N20261031-S019,N20261031,2026-11-01T06:15:00Z,900,true,1.093029,0.762185,0.982555,0.951218
N20261031-S020,N20261031,2026-11-01T06:30:00Z,900,true,1.113072,0.760047,0.977818,0.973400
N20261031-S021,N20261031,2026-11-01T06:45:00Z,900,true,1.143159,0.757209,0.948642,0.915909
N20261031-S022,N20261031,2026-11-01T07:00:00Z,900,true,1.183702,0.749815,0.939444,0.966259
N20261031-S023,N20261031,2026-11-01T07:15:00Z,900,true,1.217568,0.756454,0.941366,0.973881
N20261031-S024,N20261031,2026-11-01T07:30:00Z,900,true,1.221855,0.750067,0.942527,0.916494
N20261031-S025,N20261031,2026-11-01T07:45:00Z,900,true,1.241686,0.755273,0.927688,0.977011
N20261031-S026,N20261031,2026-11-01T08:00:00Z,900,true,1.277843,0.754084,0.917005,0.962017
N20261031-S027,N20261031,2026-11-01T08:15:00Z,900,true,1.258989,0.769661,0.918961,0.976826
N20261031-S028,N20261031,2026-11-01T08:30:00Z,900,true,1.247135,0.784852,0.900320,0.989476
N20261031-S029,N20261031,2026-11-01T08:45:00Z,900,true,1.243508,0.789541,0.925776,0.933007
N20261031-S030,N20261031,2026-11-01T09:00:00Z,900,true,1.252074,0.782703,0.900260,0.974244
N20261031-S031,N20261031,2026-11-01T09:15:00Z,900,true,1.333834,0.773971,0.921355,0.910990
N20261031-S032,N20261031,2026-11-01T09:30:00Z,900,true,1.334040,0.788246,0.954953,0.952996
N20261031-S033,N20261031,2026-11-01T09:45:00Z,900,false,,,,
N20261031-S034,N20261031,2026-11-01T10:00:00Z,900,true,1.381299,0.790281,1.001019,0.968723
N20261031-S035,N20261031,2026-11-01T10:15:00Z,900,true,1.390116,0.806955,0.982478,0.932963
N20261031-S036,N20261031,2026-11-01T10:30:00Z,900,true,1.361850,0.796817,0.963676,0.939198
N20261031-S037,N20261031,2026-11-01T10:45:00Z,900,true,1.303780,0.785660,0.967686,0.932758
N20261031-S038,N20261031,2026-11-01T11:00:00Z,900,true,1.338674,0.776898,0.982781,0.943203
N20261031-S039,N20261031,2026-11-01T11:15:00Z,900,true,1.316185,0.775954,1.012909,0.978506
N20261031-S040,N20261031,2026-11-01T11:30:00Z,900,true,1.298963,0.781373,1.000507,0.927972
N20261031-S041,N20261031,2026-11-01T11:45:00Z,900,true,1.253724,0.800145,0.993781,0.909541
N20261031-S042,N20261031,2026-11-01T12:00:00Z,900,true,1.211220,0.787435,1.004577,0.916255
N20261031-S043,N20261031,2026-11-01T12:15:00Z,900,true,1.233759,0.780823,0.978215,0.910887
N20261031-S044,N20261031,2026-11-01T12:30:00Z,900,true,1.215406,0.780817,0.987848,0.938603
N20261101-S001,N20261101,2026-11-02T01:45:00Z,900,true,1.147272,0.804651,0.899371,0.996733
N20261101-S002,N20261101,2026-11-02T02:00:00Z,900,true,1.157768,0.801541,0.895763,0.956405
N20261101-S003,N20261101,2026-11-02T02:15:00Z,900,true,1.137804,0.818625,0.879424,0.951920
N20261101-S004,N20261101,2026-11-02T02:30:00Z,900,true,1.134164,0.834361,0.869454,0.917981
N20261101-S005,N20261101,2026-11-02T02:45:00Z,900,true,1.193607,0.817453,0.851566,0.944585
N20261101-S006,N20261101,2026-11-02T03:00:00Z,900,true,1.245695,0.817485,0.851703,0.981108
N20261101-S007,N20261101,2026-11-02T03:15:00Z,900,true,1.292872,0.822780,0.868477,0.945568
N20261101-S008,N20261101,2026-11-02T03:30:00Z,900,true,1.248286,0.816529,0.860754,0.905471
N20261101-S009,N20261101,2026-11-02T03:45:00Z,900,true,1.288605,0.817610,0.825928,0.941898
N20261101-S010,N20261101,2026-11-02T04:00:00Z,900,true,1.266005,0.810120,0.854180,0.928050
N20261101-S011,N20261101,2026-11-02T04:15:00Z,900,true,1.277517,0.809687,0.873868,0.990564
N20261101-S012,N20261101,2026-11-02T04:30:00Z,900,true,1.246889,0.799177,0.864507,0.975418
N20261101-S013,N20261101,2026-11-02T04:45:00Z,900,true,1.272182,0.799405,0.853612,0.970455
N20261101-S014,N20261101,2026-11-02T05:00:00Z,900,true,1.245550,0.812883,0.879821,0.935526
N20261101-S015,N20261101,2026-11-02T05:15:00Z,900,true,1.279430,0.795851,0.876650,0.993405
N20261101-S016,N20261101,2026-11-02T05:30:00Z,900,true,1.292895,0.817585,0.868239,0.967095
N20261101-S017,N20261101,2026-11-02T05:45:00Z,900,true,1.248350,0.806461,0.853390,0.972934
N20261101-S018,N20261101,2026-11-02T06:00:00Z,900,true,1.184190,0.822159,0.820457,0.913029
N20261101-S019,N20261101,2026-11-02T06:15:00Z,900,true,1.198508,0.818741,0.808633,0.971968
N20261101-S020,N20261101,2026-11-02T06:30:00Z,900,true,1.194347,0.832142,0.809891,0.957412
N20261101-S021,N20261101,2026-11-02T06:45:00Z,900,true,1.189213,0.838965,0.783031,0.904077
N20261101-S022,N20261101,2026-11-02T07:00:00Z,900,true,1.221768,0.836782,0.777233,0.990827
N20261101-S023,N20261101,2026-11-02T07:15:00Z,900,true,1.200123,0.848217,0.793732,0.918865
N20261101-S024,N20261101,2026-11-02T07:30:00Z,900,true,1.220038,0.834460,0.808364,0.970357
N20261101-S025,N20261101,2026-11-02T07:45:00Z,900,true,1.185830,0.840430,0.811031,0.937001
N20261101-S026,N20261101,2026-11-02T08:00:00Z,900,true,1.171132,0.824838,0.799344,0.969939
N20261101-S027,N20261101,2026-11-02T08:15:00Z,900,true,1.112374,0.808807,0.815796,0.966526
N20261101-S028,N20261101,2026-11-02T08:30:00Z,900,true,1.107742,0.834752,0.801490,0.926420
N20261101-S029,N20261101,2026-11-02T08:45:00Z,900,true,1.115786,0.843173,0.820408,0.987366
N20261101-S030,N20261101,2026-11-02T09:00:00Z,900,true,1.188033,0.875882,0.829709,0.971558
N20261101-S031,N20261101,2026-11-02T09:15:00Z,900,true,1.139331,0.880224,0.853661,0.997187
N20261101-S032,N20261101,2026-11-02T09:30:00Z,900,true,1.158429,0.883507,0.859112,0.917393
N20261101-S033,N20261101,2026-11-02T09:45:00Z,900,true,1.128801,0.862545,0.874945,0.990089
N20261101-S034,N20261101,2026-11-02T10:00:00Z,900,true,1.109322,0.842566,0.864406,0.909578
N20261101-S035,N20261101,2026-11-02T10:15:00Z,900,true,1.111728,0.856641,0.866967,0.949074
N20261101-S036,N20261101,2026-11-02T10:30:00Z,900,true,1.103095,0.853049,0.869326,0.951119
N20261101-S037,N20261101,2026-11-02T10:45:00Z,900,true,1.087118,0.829622,0.847156,0.993108
N20261101-S038,N20261101,2026-11-02T11:00:00Z,900,true,1.039738,0.824443,0.854213,0.915568
N20261101-S039,N20261101,2026-11-02T11:15:00Z,900,true,1.101337,0.810290,0.851096,0.956212
N20261101-S040,N20261101,2026-11-02T11:30:00Z,900,true,1.137476,0.812620,0.834410,0.955806
N20261101-S041,N20261101,2026-11-02T11:45:00Z,900,true,1.058851,0.814337,0.854610,0.914974
N20261101-S042,N20261101,2026-11-02T12:00:00Z,900,true,1.092990,0.814342,0.848335,0.976987
N20261101-S043,N20261101,2026-11-02T12:15:00Z,900,true,1.056397,0.821968,0.847759,0.907328
N20261101-S044,N20261101,2026-11-02T12:30:00Z,900,true,1.055190,0.825926,0.836037,0.964716
N20261102-S001,N20261102,2026-11-03T01:30:00Z,900,true,1.387669,0.842810,0.780954,0.911968
N20261102-S002,N20261102,2026-11-03T01:45:00Z,900,true,1.408798,0.846951,0.748699,0.981438
N20261102-S003,N20261102,2026-11-03T02:00:00Z,900,true,1.386446,0.849153,0.755295,0.952055
N20261102-S004,N20261102,2026-11-03T02:15:00Z,900,true,1.420022,0.862235,0.733720,0.920626
N20261102-S005,N20261102,2026-11-03T02:30:00Z,900,true,1.427054,0.863501,0.744530,0.996102
N20261102-S006,N20261102,2026-11-03T02:45:00Z,900,true,1.453351,0.864838,0.739821,0.909738
N20261102-S007,N20261102,2026-11-03T03:00:00Z,900,true,1.449973,0.874285,0.739235,0.997995
N20261102-S008,N20261102,2026-11-03T03:15:00Z,900,true,1.427245,0.887568,0.742082,0.970810
N20261102-S009,N20261102,2026-11-03T03:30:00Z,900,true,1.438937,0.877709,0.734129,0.910535
N20261102-S010,N20261102,2026-11-03T03:45:00Z,900,true,1.398782,0.886986,0.722217,0.929587
N20261102-S011,N20261102,2026-11-03T04:00:00Z,900,true,1.379656,0.871632,0.713911,0.942440
N20261102-S012,N20261102,2026-11-03T04:15:00Z,900,true,1.373765,0.866783,0.706471,0.941107
N20261102-S013,N20261102,2026-11-03T04:30:00Z,900,true,1.406694,0.876045,0.717425,0.965364
N20261102-S014,N20261102,2026-11-03T04:45:00Z,900,true,1.416514,0.866045,0.716370,0.916546
N20261102-S015,N20261102,2026-11-03T05:00:00Z,900,false,,,,
N20261102-S016,N20261102,2026-11-03T05:15:00Z,900,false,,,,
N20261102-S017,N20261102,2026-11-03T05:30:00Z,900,false,,,,
N20261102-S018,N20261102,2026-11-03T05:45:00Z,900,false,,,,
N20261102-S019,N20261102,2026-11-03T06:00:00Z,900,false,,,,
N20261102-S020,N20261102,2026-11-03T06:15:00Z,900,false,,,,
N20261102-S021,N20261102,2026-11-03T06:30:00Z,900,false,,,,
N20261102-S022,N20261102,2026-11-03T06:45:00Z,900,false,,,,
N20261102-S023,N20261102,2026-11-03T07:00:00Z,900,false,,,,
N20261102-S024,N20261102,2026-11-03T07:15:00Z,900,true,1.472066,0.851303,0.790638,0.932120
N20261102-S025,N20261102,2026-11-03T07:30:00Z,900,true,1.434976,0.849424,0.793243,0.923729
N20261102-S026,N20261102,2026-11-03T07:45:00Z,900,true,1.435296,0.848920,0.814406,0.913500
N20261102-S027,N20261102,2026-11-03T08:00:00Z,900,true,1.439096,0.846804,0.799214,0.913019
N20261102-S028,N20261102,2026-11-03T08:15:00Z,900,true,1.485663,0.863840,0.800596,0.908636
N20261102-S029,N20261102,2026-11-03T08:30:00Z,900,false,,,,
N20261102-S030,N20261102,2026-11-03T08:45:00Z,900,false,,,,
N20261102-S031,N20261102,2026-11-03T09:00:00Z,900,false,,,,
N20261102-S032,N20261102,2026-11-03T09:15:00Z,900,false,,,,
N20261102-S033,N20261102,2026-11-03T09:30:00Z,900,false,,,,
N20261102-S034,N20261102,2026-11-03T09:45:00Z,900,true,1.370918,0.851738,0.814376,0.972230
N20261102-S035,N20261102,2026-11-03T10:00:00Z,900,true,1.411950,0.871475,0.837327,0.925396
N20261102-S036,N20261102,2026-11-03T10:15:00Z,900,true,1.412313,0.901159,0.825573,0.930992
N20261102-S037,N20261102,2026-11-03T10:30:00Z,900,true,1.442467,0.902806,0.805916,0.915628
N20261102-S038,N20261102,2026-11-03T10:45:00Z,900,true,1.439779,0.886032,0.809003,0.992667
N20261102-S039,N20261102,2026-11-03T11:00:00Z,900,true,1.470350,0.904713,0.824738,0.974803
N20261102-S040,N20261102,2026-11-03T11:15:00Z,900,true,1.478902,0.894140,0.822534,0.959732
N20261102-S041,N20261102,2026-11-03T11:30:00Z,900,true,1.405887,0.891425,0.830856,0.950779
N20261102-S042,N20261102,2026-11-03T11:45:00Z,900,true,1.449285,0.889995,0.811599,0.990771
N20261102-S043,N20261102,2026-11-03T12:00:00Z,900,true,1.484849,0.893073,0.792777,0.915447
N20261102-S044,N20261102,2026-11-03T12:15:00Z,900,true,1.438198,0.902682,0.749762,0.941706
N20261102-S045,N20261102,2026-11-03T12:30:00Z,900,true,1.396546,0.907039,0.756239,0.996965
N20261103-S001,N20261103,2026-11-04T01:30:00Z,900,true,1.395117,0.896029,0.767443,0.978157
N20261103-S002,N20261103,2026-11-04T01:45:00Z,900,true,1.405802,0.905572,0.774073,0.969291
N20261103-S003,N20261103,2026-11-04T02:00:00Z,900,false,,,,
N20261103-S004,N20261103,2026-11-04T02:15:00Z,900,false,,,,
N20261103-S005,N20261103,2026-11-04T02:30:00Z,900,false,,,,
N20261103-S006,N20261103,2026-11-04T02:45:00Z,900,false,,,,
N20261103-S007,N20261103,2026-11-04T03:00:00Z,900,true,1.408863,0.872483,0.802267,0.949366
N20261103-S008,N20261103,2026-11-04T03:15:00Z,900,true,1.382398,0.874772,0.801334,0.985273
N20261103-S009,N20261103,2026-11-04T03:30:00Z,900,true,1.402527,0.879223,0.819121,0.982823
N20261103-S010,N20261103,2026-11-04T03:45:00Z,900,true,1.371095,0.904287,0.792145,0.994485
N20261103-S011,N20261103,2026-11-04T04:00:00Z,900,true,1.394896,0.927756,0.782694,0.915452
N20261103-S012,N20261103,2026-11-04T04:15:00Z,900,true,1.343286,0.916709,0.770496,0.947694
N20261103-S013,N20261103,2026-11-04T04:30:00Z,900,true,1.337658,0.908918,0.800126,0.944098
N20261103-S014,N20261103,2026-11-04T04:45:00Z,900,true,1.359729,0.904117,0.781294,0.968055
N20261103-S015,N20261103,2026-11-04T05:00:00Z,900,true,1.417862,0.907838,0.793529,0.928348
N20261103-S016,N20261103,2026-11-04T05:15:00Z,900,true,1.419552,0.897533,0.804272,0.929307
N20261103-S017,N20261103,2026-11-04T05:30:00Z,900,true,1.420794,0.905200,0.800501,0.992456
N20261103-S018,N20261103,2026-11-04T05:45:00Z,900,true,1.430432,0.895733,0.837518,0.956857
N20261103-S019,N20261103,2026-11-04T06:00:00Z,900,true,1.432059,0.894754,0.851638,0.938480
N20261103-S020,N20261103,2026-11-04T06:15:00Z,900,true,1.470492,0.907721,0.857431,0.978661
N20261103-S021,N20261103,2026-11-04T06:30:00Z,900,true,1.454689,0.903952,0.837063,0.911937
N20261103-S022,N20261103,2026-11-04T06:45:00Z,900,true,1.386657,0.882421,0.817191,0.909782
N20261103-S023,N20261103,2026-11-04T07:00:00Z,900,true,1.364031,0.865535,0.828117,0.940477
N20261103-S024,N20261103,2026-11-04T07:15:00Z,900,true,1.362955,0.878261,0.839265,0.950339
N20261103-S025,N20261103,2026-11-04T07:30:00Z,900,true,1.377943,0.874347,0.854958,0.994051
N20261103-S026,N20261103,2026-11-04T07:45:00Z,900,true,1.370742,0.873847,0.853543,0.958603
N20261103-S027,N20261103,2026-11-04T08:00:00Z,900,true,1.352086,0.875611,0.820139,0.934138
N20261103-S028,N20261103,2026-11-04T08:15:00Z,900,true,1.397204,0.877050,0.819523,0.990662
N20261103-S029,N20261103,2026-11-04T08:30:00Z,900,true,1.443833,0.876411,0.844383,0.925544
N20261103-S030,N20261103,2026-11-04T08:45:00Z,900,true,1.421709,0.871401,0.832478,0.966963
N20261103-S031,N20261103,2026-11-04T09:00:00Z,900,true,1.411415,0.868576,0.806055,0.939729
N20261103-S032,N20261103,2026-11-04T09:15:00Z,900,true,1.445038,0.876162,0.795915,0.992428
N20261103-S033,N20261103,2026-11-04T09:30:00Z,900,true,1.454111,0.868774,0.779470,0.979191
N20261103-S034,N20261103,2026-11-04T09:45:00Z,900,true,1.437279,0.875252,0.769049,0.926509
N20261103-S035,N20261103,2026-11-04T10:00:00Z,900,true,1.416155,0.865713,0.813178,0.994218
N20261103-S036,N20261103,2026-11-04T10:15:00Z,900,true,1.352695,0.874859,0.795542,0.963074
N20261103-S037,N20261103,2026-11-04T10:30:00Z,900,true,1.338094,0.874853,0.792092,0.900011
N20261103-S038,N20261103,2026-11-04T10:45:00Z,900,true,1.305329,0.873485,0.768422,0.905563
N20261103-S039,N20261103,2026-11-04T11:00:00Z,900,true,1.298359,0.872023,0.780601,0.952634
N20261103-S040,N20261103,2026-11-04T11:15:00Z,900,true,1.262044,0.853924,0.799292,0.970329
N20261103-S041,N20261103,2026-11-04T11:30:00Z,900,true,1.320440,0.866715,0.784494,0.955483
N20261103-S042,N20261103,2026-11-04T11:45:00Z,900,true,1.388177,0.868224,0.753860,0.933536
N20261103-S043,N20261103,2026-11-04T12:00:00Z,900,true,1.414665,0.866844,0.750965,0.911751
N20261103-S044,N20261103,2026-11-04T12:15:00Z,900,true,1.469405,0.878376,0.762812,0.950549
N20261103-S045,N20261103,2026-11-04T12:30:00Z,900,true,1.398727,0.889913,0.764151,0.924074
N20261104-S001,N20261104,2026-11-05T01:30:00Z,900,true,1.297484,0.837108,0.856173,0.942362
N20261104-S002,N20261104,2026-11-05T01:45:00Z,900,true,1.264330,0.814364,0.849327,0.939893
N20261104-S003,N20261104,2026-11-05T02:00:00Z,900,true,1.206438,0.819723,0.841351,0.909501
N20261104-S004,N20261104,2026-11-05T02:15:00Z,900,true,1.322276,0.831164,0.858960,0.969954
N20261104-S005,N20261104,2026-11-05T02:30:00Z,900,true,1.354562,0.837250,0.886364,0.978784
N20261104-S006,N20261104,2026-11-05T02:45:00Z,900,true,1.386110,0.837130,0.902997,0.972714
N20261104-S007,N20261104,2026-11-05T03:00:00Z,900,true,1.436992,0.842346,0.887196,0.914628
N20261104-S008,N20261104,2026-11-05T03:15:00Z,900,true,1.409213,0.839623,0.869206,0.955157
N20261104-S009,N20261104,2026-11-05T03:30:00Z,900,true,1.400759,0.841703,0.874281,0.953544
N20261104-S010,N20261104,2026-11-05T03:45:00Z,900,true,1.389063,0.847222,0.863925,0.962538
N20261104-S011,N20261104,2026-11-05T04:00:00Z,900,true,1.357572,0.846888,0.897179,0.909559
N20261104-S012,N20261104,2026-11-05T04:15:00Z,900,true,1.369159,0.843315,0.883715,0.992709
N20261104-S013,N20261104,2026-11-05T04:30:00Z,900,true,1.437881,0.835176,0.853618,0.906672
N20261104-S014,N20261104,2026-11-05T04:45:00Z,900,true,1.400462,0.832609,0.857638,0.949292
N20261104-S015,N20261104,2026-11-05T05:00:00Z,900,true,1.405866,0.828388,0.854163,0.936738
N20261104-S016,N20261104,2026-11-05T05:15:00Z,900,true,1.383627,0.845091,0.853849,0.980056
N20261104-S017,N20261104,2026-11-05T05:30:00Z,900,true,1.415962,0.859426,0.893257,0.961957
N20261104-S018,N20261104,2026-11-05T05:45:00Z,900,true,1.418467,0.841767,0.910971,0.961804
N20261104-S019,N20261104,2026-11-05T06:00:00Z,900,true,1.369354,0.809518,0.875095,0.919101
N20261104-S020,N20261104,2026-11-05T06:15:00Z,900,true,1.357909,0.809323,0.873060,0.923923
N20261104-S021,N20261104,2026-11-05T06:30:00Z,900,true,1.363541,0.814941,0.839710,0.977057
N20261104-S022,N20261104,2026-11-05T06:45:00Z,900,true,1.340243,0.829282,0.850528,0.913170
N20261104-S023,N20261104,2026-11-05T07:00:00Z,900,true,1.361444,0.834273,0.885145,0.900255
N20261104-S024,N20261104,2026-11-05T07:15:00Z,900,true,1.375617,0.825781,0.884164,0.955554
N20261104-S025,N20261104,2026-11-05T07:30:00Z,900,true,1.432298,0.811211,0.897650,0.901562
N20261104-S026,N20261104,2026-11-05T07:45:00Z,900,true,1.410633,0.803108,0.896002,0.944804
N20261104-S027,N20261104,2026-11-05T08:00:00Z,900,true,1.406253,0.815825,0.868378,0.925954
N20261104-S028,N20261104,2026-11-05T08:15:00Z,900,true,1.399728,0.837738,0.870175,0.990829
N20261104-S029,N20261104,2026-11-05T08:30:00Z,900,true,1.339567,0.833704,0.874158,0.994224
N20261104-S030,N20261104,2026-11-05T08:45:00Z,900,false,,,,
N20261104-S031,N20261104,2026-11-05T09:00:00Z,900,false,,,,
N20261104-S032,N20261104,2026-11-05T09:15:00Z,900,false,,,,
N20261104-S033,N20261104,2026-11-05T09:30:00Z,900,false,,,,
N20261104-S034,N20261104,2026-11-05T09:45:00Z,900,false,,,,
N20261104-S035,N20261104,2026-11-05T10:00:00Z,900,false,,,,
N20261104-S036,N20261104,2026-11-05T10:15:00Z,900,false,,,,
N20261104-S037,N20261104,2026-11-05T10:30:00Z,900,false,,,,
N20261104-S038,N20261104,2026-11-05T10:45:00Z,900,true,1.376001,0.803892,0.903891,0.912477
N20261104-S039,N20261104,2026-11-05T11:00:00Z,900,true,1.410008,0.791640,0.900061,0.907966
N20261104-S040,N20261104,2026-11-05T11:15:00Z,900,true,1.478671,0.807288,0.877102,0.947871
N20261104-S041,N20261104,2026-11-05T11:30:00Z,900,true,1.470223,0.820987,0.898634,0.961913
N20261104-S042,N20261104,2026-11-05T11:45:00Z,900,true,1.501982,0.816548,0.915210,0.908849
N20261104-S043,N20261104,2026-11-05T12:00:00Z,900,true,1.532891,0.826975,0.926146,0.981048
N20261104-S044,N20261104,2026-11-05T12:15:00Z,900,true,1.555207,0.831134,0.912055,0.912469
N20261104-S045,N20261104,2026-11-05T12:30:00Z,900,true,1.507291,0.825631,0.929395,0.935712
N20261105-S001,N20261105,2026-11-06T01:30:00Z,900,true,1.257247,0.817846,0.931949,0.963766
N20261105-S002,N20261105,2026-11-06T01:45:00Z,900,true,1.244006,0.812711,0.951756,0.950094
N20261105-S003,N20261105,2026-11-06T02:00:00Z,900,true,1.239415,0.779420,0.931856,0.991412
N20261105-S004,N20261105,2026-11-06T02:15:00Z,900,true,1.248172,0.799536,0.931670,0.993914
N20261105-S005,N20261105,2026-11-06T02:30:00Z,900,true,1.220839,0.783570,0.909018,0.953370
N20261105-S006,N20261105,2026-11-06T02:45:00Z,900,true,1.157690,0.774225,0.911800,0.991099
N20261105-S007,N20261105,2026-11-06T03:00:00Z,900,true,1.158079,0.774668,0.899055,0.980855
N20261105-S008,N20261105,2026-11-06T03:15:00Z,900,false,,,,
N20261105-S009,N20261105,2026-11-06T03:30:00Z,900,false,,,,
N20261105-S010,N20261105,2026-11-06T03:45:00Z,900,true,1.132672,0.779859,0.881399,0.937407
N20261105-S011,N20261105,2026-11-06T04:00:00Z,900,true,1.175965,0.778376,0.896506,0.941932
N20261105-S012,N20261105,2026-11-06T04:15:00Z,900,true,1.185978,0.772292,0.896921,0.981929
N20261105-S013,N20261105,2026-11-06T04:30:00Z,900,true,1.182254,0.784092,0.887147,0.902349
N20261105-S014,N20261105,2026-11-06T04:45:00Z,900,true,1.151535,0.800480,0.915541,0.991290
N20261105-S015,N20261105,2026-11-06T05:00:00Z,900,true,1.103210,0.785497,0.911203,0.987006
N20261105-S016,N20261105,2026-11-06T05:15:00Z,900,true,1.185022,0.780187,0.930803,0.911044
N20261105-S017,N20261105,2026-11-06T05:30:00Z,900,true,1.216984,0.787096,0.953337,0.906213
N20261105-S018,N20261105,2026-11-06T05:45:00Z,900,true,1.192120,0.806110,0.933708,0.982569
N20261105-S019,N20261105,2026-11-06T06:00:00Z,900,true,1.219894,0.833633,0.951626,0.962600
N20261105-S020,N20261105,2026-11-06T06:15:00Z,900,true,1.252055,0.839693,0.946075,0.935047
N20261105-S021,N20261105,2026-11-06T06:30:00Z,900,true,1.224137,0.841674,0.945976,0.990927
N20261105-S022,N20261105,2026-11-06T06:45:00Z,900,true,1.231816,0.845330,0.945402,0.992087
N20261105-S023,N20261105,2026-11-06T07:00:00Z,900,true,1.295589,0.846713,0.944944,0.990714
N20261105-S024,N20261105,2026-11-06T07:15:00Z,900,true,1.269792,0.856286,0.940561,0.975380
N20261105-S025,N20261105,2026-11-06T07:30:00Z,900,true,1.267171,0.848049,0.946268,0.906414
N20261105-S026,N20261105,2026-11-06T07:45:00Z,900,true,1.256058,0.859168,0.922439,0.984447
N20261105-S027,N20261105,2026-11-06T08:00:00Z,900,true,1.260405,0.846486,0.903834,0.956024
N20261105-S028,N20261105,2026-11-06T08:15:00Z,900,true,1.267893,0.856573,0.900968,0.963423
N20261105-S029,N20261105,2026-11-06T08:30:00Z,900,true,1.294673,0.864365,0.924614,0.970637
N20261105-S030,N20261105,2026-11-06T08:45:00Z,900,false,,,,
N20261105-S031,N20261105,2026-11-06T09:00:00Z,900,false,,,,
N20261105-S032,N20261105,2026-11-06T09:15:00Z,900,false,,,,
N20261105-S033,N20261105,2026-11-06T09:30:00Z,900,false,,,,
N20261105-S034,N20261105,2026-11-06T09:45:00Z,900,false,,,,
N20261105-S035,N20261105,2026-11-06T10:00:00Z,900,false,,,,
N20261105-S036,N20261105,2026-11-06T10:15:00Z,900,true,1.229921,0.829760,0.918020,0.994343
N20261105-S037,N20261105,2026-11-06T10:30:00Z,900,true,1.168545,0.837813,0.914892,0.904774
N20261105-S038,N20261105,2026-11-06T10:45:00Z,900,true,1.161049,0.823881,0.939685,0.930914
N20261105-S039,N20261105,2026-11-06T11:00:00Z,900,true,1.170327,0.821737,0.917868,0.964849
N20261105-S040,N20261105,2026-11-06T11:15:00Z,900,true,1.235315,0.827540,0.905773,0.918437
N20261105-S041,N20261105,2026-11-06T11:30:00Z,900,true,1.277409,0.809011,0.895353,0.957220
N20261105-S042,N20261105,2026-11-06T11:45:00Z,900,true,1.231128,0.829273,0.885324,0.909259
N20261105-S043,N20261105,2026-11-06T12:00:00Z,900,true,1.287891,0.814791,0.893967,0.905181
N20261105-S044,N20261105,2026-11-06T12:15:00Z,900,true,1.272618,0.839462,0.918028,0.908823
N20261105-S045,N20261105,2026-11-06T12:30:00Z,900,true,1.247253,0.854605,0.929427,0.954312
N20261106-S001,N20261106,2026-11-07T01:30:00Z,900,true,1.279530,0.817309,0.985026,0.978420
N20261106-S002,N20261106,2026-11-07T01:45:00Z,900,true,1.321034,0.829906,0.987865,0.984036
N20261106-S003,N20261106,2026-11-07T02:00:00Z,900,true,1.292716,0.822017,0.994438,0.991044
N20261106-S004,N20261106,2026-11-07T02:15:00Z,900,true,1.318826,0.840974,0.984925,0.984240
N20261106-S005,N20261106,2026-11-07T02:30:00Z,900,true,1.400948,0.818053,0.981026,0.975991
N20261106-S006,N20261106,2026-11-07T02:45:00Z,900,true,1.373470,0.814284,0.955974,0.914349
N20261106-S007,N20261106,2026-11-07T03:00:00Z,900,true,1.348302,0.814047,0.938236,0.928822
N20261106-S008,N20261106,2026-11-07T03:15:00Z,900,true,1.352960,0.829129,0.934187,0.975561
N20261106-S009,N20261106,2026-11-07T03:30:00Z,900,true,1.392709,0.836281,0.957450,0.964247
N20261106-S010,N20261106,2026-11-07T03:45:00Z,900,true,1.411532,0.827892,0.958236,0.920920
N20261106-S011,N20261106,2026-11-07T04:00:00Z,900,true,1.348098,0.835674,0.940156,0.954971
N20261106-S012,N20261106,2026-11-07T04:15:00Z,900,true,1.358266,0.839801,0.936340,0.958218
N20261106-S013,N20261106,2026-11-07T04:30:00Z,900,true,1.377174,0.834806,0.925449,0.962768
N20261106-S014,N20261106,2026-11-07T04:45:00Z,900,true,1.334356,0.848887,0.900746,0.972492
N20261106-S015,N20261106,2026-11-07T05:00:00Z,900,true,1.300431,0.848502,0.943691,0.944555
N20261106-S016,N20261106,2026-11-07T05:15:00Z,900,true,1.321452,0.853611,0.944823,0.991099
N20261106-S017,N20261106,2026-11-07T05:30:00Z,900,true,1.319513,0.854392,0.946971,0.903865
N20261106-S018,N20261106,2026-11-07T05:45:00Z,900,true,1.266454,0.879955,0.978005,0.911211
N20261106-S019,N20261106,2026-11-07T06:00:00Z,900,true,1.256242,0.872388,0.985665,0.948907
N20261106-S020,N20261106,2026-11-07T06:15:00Z,900,true,1.282983,0.862146,0.985900,0.993336
N20261106-S021,N20261106,2026-11-07T06:30:00Z,900,true,1.273495,0.857055,1.009962,0.982580
N20261106-S022,N20261106,2026-11-07T06:45:00Z,900,true,1.268972,0.850366,1.013068,0.927570
N20261106-S023,N20261106,2026-11-07T07:00:00Z,900,true,1.295535,0.851259,1.044805,0.994094
N20261106-S024,N20261106,2026-11-07T07:15:00Z,900,true,1.274263,0.861202,1.051956,0.902404
N20261106-S025,N20261106,2026-11-07T07:30:00Z,900,true,1.260039,0.850375,1.065815,0.926918
N20261106-S026,N20261106,2026-11-07T07:45:00Z,900,true,1.249749,0.838677,1.050065,0.972100
N20261106-S027,N20261106,2026-11-07T08:00:00Z,900,true,1.195687,0.842040,1.066216,0.947480
N20261106-S028,N20261106,2026-11-07T08:15:00Z,900,true,1.170777,0.840246,1.058946,0.939454
N20261106-S029,N20261106,2026-11-07T08:30:00Z,900,true,1.158376,0.848856,1.050404,0.909762
N20261106-S030,N20261106,2026-11-07T08:45:00Z,900,true,1.189995,0.848253,1.021177,0.982489
N20261106-S031,N20261106,2026-11-07T09:00:00Z,900,true,1.216043,0.848350,1.003833,0.963075
N20261106-S032,N20261106,2026-11-07T09:15:00Z,900,true,1.176139,0.832281,0.987993,0.967215
N20261106-S033,N20261106,2026-11-07T09:30:00Z,900,true,1.162725,0.838037,1.005192,0.916212
N20261106-S034,N20261106,2026-11-07T09:45:00Z,900,true,1.164363,0.834754,0.983999,0.917788
N20261106-S035,N20261106,2026-11-07T10:00:00Z,900,true,1.153439,0.842244,1.006169,0.908291
N20261106-S036,N20261106,2026-11-07T10:15:00Z,900,true,1.181058,0.837662,0.981180,0.952731
N20261106-S037,N20261106,2026-11-07T10:30:00Z,900,true,1.187309,0.840975,0.974113,0.911093
N20261106-S038,N20261106,2026-11-07T10:45:00Z,900,true,1.180990,0.848717,0.955821,0.922549
N20261106-S039,N20261106,2026-11-07T11:00:00Z,900,true,1.244958,0.860763,0.952362,0.915428
N20261106-S040,N20261106,2026-11-07T11:15:00Z,900,true,1.272599,0.876362,0.950799,0.912476
N20261106-S041,N20261106,2026-11-07T11:30:00Z,900,true,1.251933,0.863479,0.945242,0.906861
N20261106-S042,N20261106,2026-11-07T11:45:00Z,900,true,1.270598,0.857985,1.000341,0.998773
N20261106-S043,N20261106,2026-11-07T12:00:00Z,900,true,1.252783,0.840924,0.985563,0.951742
N20261106-S044,N20261106,2026-11-07T12:15:00Z,900,true,1.296636,0.842436,0.975010,0.902364
N20261106-S045,N20261106,2026-11-07T12:30:00Z,900,true,1.385480,0.868877,0.985808,0.996283
N20261107-S001,N20261107,2026-11-08T01:30:00Z,900,true,1.154669,0.783357,0.981937,0.963774
N20261107-S002,N20261107,2026-11-08T01:45:00Z,900,true,1.172291,0.801722,0.977857,0.989338
N20261107-S003,N20261107,2026-11-08T02:00:00Z,900,true,1.135991,0.801036,0.996080,0.962375
N20261107-S004,N20261107,2026-11-08T02:15:00Z,900,true,1.197483,0.779565,0.999581,0.958798
N20261107-S005,N20261107,2026-11-08T02:30:00Z,900,true,1.168029,0.792635,0.988955,0.920159
N20261107-S006,N20261107,2026-11-08T02:45:00Z,900,true,1.112977,0.797539,0.986750,0.991148
N20261107-S007,N20261107,2026-11-08T03:00:00Z,900,true,1.133323,0.802731,0.980062,0.972372
N20261107-S008,N20261107,2026-11-08T03:15:00Z,900,true,1.144346,0.801836,0.969842,0.958083
N20261107-S009,N20261107,2026-11-08T03:30:00Z,900,true,1.153689,0.819619,0.973291,0.916162
N20261107-S010,N20261107,2026-11-08T03:45:00Z,900,true,1.137907,0.816421,0.972077,0.992893
N20261107-S011,N20261107,2026-11-08T04:00:00Z,900,true,1.185048,0.811110,0.966626,0.910525
N20261107-S012,N20261107,2026-11-08T04:15:00Z,900,true,1.201223,0.804685,0.977873,0.923538
N20261107-S013,N20261107,2026-11-08T04:30:00Z,900,true,1.194153,0.788931,0.965849,0.958423
N20261107-S014,N20261107,2026-11-08T04:45:00Z,900,true,1.226423,0.764923,0.969650,0.918746
N20261107-S015,N20261107,2026-11-08T05:00:00Z,900,true,1.189762,0.737574,0.940845,0.921594
N20261107-S016,N20261107,2026-11-08T05:15:00Z,900,true,1.230264,0.741819,0.951490,0.956638
N20261107-S017,N20261107,2026-11-08T05:30:00Z,900,true,1.225781,0.743130,0.987067,0.931206
N20261107-S018,N20261107,2026-11-08T05:45:00Z,900,true,1.256048,0.772300,0.989629,0.912327
N20261107-S019,N20261107,2026-11-08T06:00:00Z,900,true,1.259972,0.772361,0.989177,0.934775
N20261107-S020,N20261107,2026-11-08T06:15:00Z,900,true,1.241762,0.741961,0.981801,0.984588
N20261107-S021,N20261107,2026-11-08T06:30:00Z,900,true,1.138021,0.740183,0.959952,0.920536
N20261107-S022,N20261107,2026-11-08T06:45:00Z,900,true,1.202008,0.739948,0.971954,0.921428
N20261107-S023,N20261107,2026-11-08T07:00:00Z,900,true,1.225608,0.749521,0.961412,0.999938
N20261107-S024,N20261107,2026-11-08T07:15:00Z,900,true,1.214381,0.755157,0.932999,0.909039
N20261107-S025,N20261107,2026-11-08T07:30:00Z,900,true,1.214847,0.786240,0.933369,0.909270
N20261107-S026,N20261107,2026-11-08T07:45:00Z,900,true,1.196889,0.790471,0.938835,0.966867
N20261107-S027,N20261107,2026-11-08T08:00:00Z,900,true,1.192672,0.797746,0.946349,0.966700
N20261107-S028,N20261107,2026-11-08T08:15:00Z,900,true,1.170808,0.792559,0.937272,0.992358
N20261107-S029,N20261107,2026-11-08T08:30:00Z,900,true,1.198122,0.806075,0.957746,0.958703
N20261107-S030,N20261107,2026-11-08T08:45:00Z,900,true,1.180053,0.775521,0.929099,0.941163
N20261107-S031,N20261107,2026-11-08T09:00:00Z,900,true,1.155989,0.768188,0.945172,0.900001
N20261107-S032,N20261107,2026-11-08T09:15:00Z,900,true,1.130570,0.782313,0.937503,0.924152
N20261107-S033,N20261107,2026-11-08T09:30:00Z,900,true,1.128621,0.778048,0.932795,0.931287
N20261107-S034,N20261107,2026-11-08T09:45:00Z,900,true,1.170114,0.769045,0.951043,0.982167
N20261107-S035,N20261107,2026-11-08T10:00:00Z,900,true,1.138209,0.743816,0.962229,0.940363
N20261107-S036,N20261107,2026-11-08T10:15:00Z,900,true,1.164524,0.730917,0.970473,0.989222
N20261107-S037,N20261107,2026-11-08T10:30:00Z,900,true,1.124160,0.733961,0.989650,0.949849
N20261107-S038,N20261107,2026-11-08T10:45:00Z,900,true,1.138107,0.740729,0.980764,0.931506
N20261107-S039,N20261107,2026-11-08T11:00:00Z,900,true,1.144750,0.738901,0.967546,0.977884
N20261107-S040,N20261107,2026-11-08T11:15:00Z,900,true,1.157077,0.739614,0.980778,0.936582
N20261107-S041,N20261107,2026-11-08T11:30:00Z,900,true,1.173829,0.742480,1.006944,0.955694
N20261107-S042,N20261107,2026-11-08T11:45:00Z,900,true,1.194321,0.753108,1.000364,0.962126
N20261107-S043,N20261107,2026-11-08T12:00:00Z,900,true,1.211351,0.742230,1.017267,0.937061
N20261107-S044,N20261107,2026-11-08T12:15:00Z,900,true,1.211822,0.748122,1.026228,0.909219
N20261107-S045,N20261107,2026-11-08T12:30:00Z,900,true,1.227953,0.741908,1.018624,0.918591
N20261108-S001,N20261108,2026-11-09T01:30:00Z,900,true,1.237892,0.715043,1.029633,0.999942
N20261108-S002,N20261108,2026-11-09T01:45:00Z,900,true,1.232997,0.712306,1.016049,0.957763
N20261108-S003,N20261108,2026-11-09T02:00:00Z,900,true,1.255092,0.711074,1.042223,0.903580
N20261108-S004,N20261108,2026-11-09T02:15:00Z,900,true,1.257959,0.726895,1.048641,0.964052
N20261108-S005,N20261108,2026-11-09T02:30:00Z,900,true,1.213749,0.709944,1.044591,0.983042
N20261108-S006,N20261108,2026-11-09T02:45:00Z,900,true,1.221021,0.719926,1.053490,0.969053
N20261108-S007,N20261108,2026-11-09T03:00:00Z,900,true,1.276361,0.709387,1.053895,0.930167
N20261108-S008,N20261108,2026-11-09T03:15:00Z,900,true,1.259160,0.692139,1.046384,0.990453
N20261108-S009,N20261108,2026-11-09T03:30:00Z,900,true,1.280510,0.666187,1.048957,0.942946
N20261108-S010,N20261108,2026-11-09T03:45:00Z,900,true,1.293044,0.665250,1.071041,0.930101
N20261108-S011,N20261108,2026-11-09T04:00:00Z,900,true,1.256529,0.667925,1.052676,0.973073
N20261108-S012,N20261108,2026-11-09T04:15:00Z,900,true,1.257569,0.680271,1.056931,0.951661
N20261108-S013,N20261108,2026-11-09T04:30:00Z,900,true,1.338385,0.697218,1.058926,0.934582
N20261108-S014,N20261108,2026-11-09T04:45:00Z,900,true,1.320837,0.699034,1.059445,0.988285
N20261108-S015,N20261108,2026-11-09T05:00:00Z,900,true,1.284599,0.687063,1.041210,0.986192
N20261108-S016,N20261108,2026-11-09T05:15:00Z,900,true,1.313844,0.667737,1.051494,0.923149
N20261108-S017,N20261108,2026-11-09T05:30:00Z,900,true,1.308519,0.673305,1.037052,0.967984
N20261108-S018,N20261108,2026-11-09T05:45:00Z,900,true,1.296931,0.671076,1.044457,0.962504
N20261108-S019,N20261108,2026-11-09T06:00:00Z,900,true,1.265706,0.688613,1.049137,0.952397
N20261108-S020,N20261108,2026-11-09T06:15:00Z,900,true,1.327914,0.727292,1.055445,0.967459
N20261108-S021,N20261108,2026-11-09T06:30:00Z,900,true,1.332594,0.701693,1.026577,0.951000
N20261108-S022,N20261108,2026-11-09T06:45:00Z,900,true,1.374248,0.717022,1.021452,0.924051
N20261108-S023,N20261108,2026-11-09T07:00:00Z,900,true,1.349653,0.697929,0.996313,0.961663
N20261108-S024,N20261108,2026-11-09T07:15:00Z,900,true,1.344179,0.701393,1.015095,0.972667
N20261108-S025,N20261108,2026-11-09T07:30:00Z,900,true,1.289915,0.681766,1.028200,0.979347
N20261108-S026,N20261108,2026-11-09T07:45:00Z,900,true,1.283047,0.688599,1.026311,0.971519
N20261108-S027,N20261108,2026-11-09T08:00:00Z,900,true,1.269435,0.679176,1.015450,0.971964
N20261108-S028,N20261108,2026-11-09T08:15:00Z,900,true,1.295961,0.686983,1.031123,0.933962
N20261108-S029,N20261108,2026-11-09T08:30:00Z,900,true,1.312934,0.684900,1.006834,0.961357
N20261108-S030,N20261108,2026-11-09T08:45:00Z,900,true,1.252658,0.701527,0.999674,0.977157
N20261108-S031,N20261108,2026-11-09T09:00:00Z,900,true,1.213970,0.696821,0.974028,0.993702
N20261108-S032,N20261108,2026-11-09T09:15:00Z,900,true,1.214063,0.694643,0.974785,0.920197
N20261108-S033,N20261108,2026-11-09T09:30:00Z,900,true,1.215284,0.693351,0.980451,0.945249
N20261108-S034,N20261108,2026-11-09T09:45:00Z,900,true,1.213147,0.682583,0.962858,0.900791
N20261108-S035,N20261108,2026-11-09T10:00:00Z,900,true,1.228379,0.679447,0.973620,0.962551
N20261108-S036,N20261108,2026-11-09T10:15:00Z,900,true,1.271145,0.675156,1.018993,0.943695
N20261108-S037,N20261108,2026-11-09T10:30:00Z,900,true,1.223609,0.668915,0.992812,0.960637
N20261108-S038,N20261108,2026-11-09T10:45:00Z,900,true,1.202901,0.657597,0.993767,0.973317
N20261108-S039,N20261108,2026-11-09T11:00:00Z,900,true,1.158988,0.668096,1.021458,0.956824
N20261108-S040,N20261108,2026-11-09T11:15:00Z,900,true,1.200915,0.683443,1.009919,0.956353
N20261108-S041,N20261108,2026-11-09T11:30:00Z,900,true,1.247843,0.700310,1.011516,0.928302
N20261108-S042,N20261108,2026-11-09T11:45:00Z,900,true,1.198948,0.693453,1.011407,0.941232
N20261108-S043,N20261108,2026-11-09T12:00:00Z,900,true,1.222695,0.689859,1.036767,0.976169
N20261108-S044,N20261108,2026-11-09T12:15:00Z,900,true,1.192748,0.670759,1.047021,0.961474
N20261108-S045,N20261108,2026-11-09T12:30:00Z,900,true,1.192641,0.681439,1.056705,0.934358
N20261109-S001,N20261109,2026-11-10T01:30:00Z,900,true,1.346317,0.768939,1.013183,0.916667
N20261109-S002,N20261109,2026-11-10T01:45:00Z,900,true,1.370526,0.768392,1.015413,0.956959
N20261109-S003,N20261109,2026-11-10T02:00:00Z,900,true,1.329752,0.775775,0.986456,0.925376
N20261109-S004,N20261109,2026-11-10T02:15:00Z,900,true,1.325729,0.785411,0.997100,0.971643
N20261109-S005,N20261109,2026-11-10T02:30:00Z,900,true,1.277190,0.773598,0.998813,0.964603
N20261109-S006,N20261109,2026-11-10T02:45:00Z,900,true,1.340716,0.794573,0.999540,0.993169
N20261109-S007,N20261109,2026-11-10T03:00:00Z,900,true,1.337482,0.786601,1.008286,0.918745
N20261109-S008,N20261109,2026-11-10T03:15:00Z,900,true,1.364425,0.786685,1.000035,0.900067
N20261109-S009,N20261109,2026-11-10T03:30:00Z,900,true,1.363848,0.764655,0.954778,0.975745
N20261109-S010,N20261109,2026-11-10T03:45:00Z,900,true,1.390777,0.775836,0.969316,0.988085
N20261109-S011,N20261109,2026-11-10T04:00:00Z,900,true,1.303324,0.774492,0.994775,0.997447
N20261109-S012,N20261109,2026-11-10T04:15:00Z,900,true,1.310641,0.763593,1.013547,0.945181
N20261109-S013,N20261109,2026-11-10T04:30:00Z,900,true,1.253643,0.742747,1.010367,0.956409
N20261109-S014,N20261109,2026-11-10T04:45:00Z,900,true,1.292236,0.738151,1.017044,0.918478
N20261109-S015,N20261109,2026-11-10T05:00:00Z,900,true,1.234984,0.745230,1.034802,0.967550
N20261109-S016,N20261109,2026-11-10T05:15:00Z,900,true,1.254259,0.741561,1.063482,0.921188
N20261109-S017,N20261109,2026-11-10T05:30:00Z,900,true,1.257217,0.740272,1.044250,0.965101
N20261109-S018,N20261109,2026-11-10T05:45:00Z,900,true,1.293939,0.729114,1.053435,0.958281
N20261109-S019,N20261109,2026-11-10T06:00:00Z,900,true,1.344940,0.744912,1.033735,0.905018
N20261109-S020,N20261109,2026-11-10T06:15:00Z,900,true,1.378768,0.754377,1.022365,0.942599
N20261109-S021,N20261109,2026-11-10T06:30:00Z,900,true,1.368792,0.765327,1.006417,0.935629
N20261109-S022,N20261109,2026-11-10T06:45:00Z,900,true,1.362343,0.784270,1.023464,0.960085
N20261109-S023,N20261109,2026-11-10T07:00:00Z,900,true,1.372765,0.793914,1.006505,0.943545
N20261109-S024,N20261109,2026-11-10T07:15:00Z,900,true,1.380496,0.766339,1.029516,0.920418
N20261109-S025,N20261109,2026-11-10T07:30:00Z,900,true,1.360919,0.746286,0.981875,0.990706
N20261109-S026,N20261109,2026-11-10T07:45:00Z,900,true,1.347450,0.745276,0.970655,0.970396
N20261109-S027,N20261109,2026-11-10T08:00:00Z,900,true,1.373493,0.731861,0.997758,0.999009
N20261109-S028,N20261109,2026-11-10T08:15:00Z,900,true,1.420209,0.716316,1.011502,0.913513
N20261109-S029,N20261109,2026-11-10T08:30:00Z,900,true,1.400700,0.706233,0.983591,0.969787
N20261109-S030,N20261109,2026-11-10T08:45:00Z,900,false,,,,
N20261109-S031,N20261109,2026-11-10T09:00:00Z,900,false,,,,
N20261109-S032,N20261109,2026-11-10T09:15:00Z,900,false,,,,
N20261109-S033,N20261109,2026-11-10T09:30:00Z,900,true,1.447395,0.732082,1.040775,0.969545
N20261109-S034,N20261109,2026-11-10T09:45:00Z,900,true,1.469971,0.728801,1.020706,0.995140
N20261109-S035,N20261109,2026-11-10T10:00:00Z,900,true,1.356787,0.745049,1.030742,0.932236
N20261109-S036,N20261109,2026-11-10T10:15:00Z,900,true,1.321718,0.744110,1.025202,0.977073
N20261109-S037,N20261109,2026-11-10T10:30:00Z,900,true,1.318833,0.738462,1.003303,0.927497
N20261109-S038,N20261109,2026-11-10T10:45:00Z,900,true,1.325406,0.715549,1.024629,0.987826
N20261109-S039,N20261109,2026-11-10T11:00:00Z,900,true,1.252933,0.734428,1.030039,0.928923
N20261109-S040,N20261109,2026-11-10T11:15:00Z,900,true,1.315669,0.713794,1.038843,0.905642
N20261109-S041,N20261109,2026-11-10T11:30:00Z,900,true,1.309592,0.700566,1.029793,0.968708
N20261109-S042,N20261109,2026-11-10T11:45:00Z,900,true,1.296328,0.716774,1.040767,0.907509
N20261109-S043,N20261109,2026-11-10T12:00:00Z,900,true,1.308610,0.721603,1.081759,0.975091
N20261109-S044,N20261109,2026-11-10T12:15:00Z,900,true,1.334163,0.732854,1.071727,0.997238
N20261109-S045,N20261109,2026-11-10T12:30:00Z,900,true,1.344898,0.733155,1.066204,0.907110
N20261110-S001,N20261110,2026-11-11T01:30:00Z,900,true,1.186226,0.729846,0.844994,0.999598
N20261110-S002,N20261110,2026-11-11T01:45:00Z,900,true,1.234675,0.720818,0.841069,0.903692
N20261110-S003,N20261110,2026-11-11T02:00:00Z,900,true,1.170563,0.723292,0.849700,0.923473
N20261110-S004,N20261110,2026-11-11T02:15:00Z,900,true,1.198025,0.730885,0.866226,0.955323
N20261110-S005,N20261110,2026-11-11T02:30:00Z,900,true,1.225457,0.724019,0.851002,0.983979
N20261110-S006,N20261110,2026-11-11T02:45:00Z,900,true,1.280349,0.705335,0.828869,0.979101
N20261110-S007,N20261110,2026-11-11T03:00:00Z,900,true,1.329623,0.712402,0.844092,0.979461
N20261110-S008,N20261110,2026-11-11T03:15:00Z,900,true,1.304789,0.714768,0.856987,0.998604
N20261110-S009,N20261110,2026-11-11T03:30:00Z,900,true,1.285035,0.747397,0.859214,0.973344
N20261110-S010,N20261110,2026-11-11T03:45:00Z,900,true,1.221662,0.774326,0.854801,0.970872
N20261110-S011,N20261110,2026-11-11T04:00:00Z,900,true,1.193781,0.761429,0.854604,0.939441
N20261110-S012,N20261110,2026-11-11T04:15:00Z,900,true,1.159693,0.754522,0.866242,0.985596
N20261110-S013,N20261110,2026-11-11T04:30:00Z,900,true,1.194170,0.734280,0.877766,0.998329
N20261110-S014,N20261110,2026-11-11T04:45:00Z,900,true,1.200364,0.746235,0.874854,0.985956
N20261110-S015,N20261110,2026-11-11T05:00:00Z,900,true,1.188840,0.752246,0.882105,0.968418
N20261110-S016,N20261110,2026-11-11T05:15:00Z,900,true,1.169605,0.763851,0.851949,0.952921
N20261110-S017,N20261110,2026-11-11T05:30:00Z,900,true,1.197651,0.767159,0.849522,0.915788
N20261110-S018,N20261110,2026-11-11T05:45:00Z,900,true,1.195879,0.765101,0.846670,0.971516
N20261110-S019,N20261110,2026-11-11T06:00:00Z,900,true,1.161980,0.758166,0.873021,0.904310
N20261110-S020,N20261110,2026-11-11T06:15:00Z,900,true,1.169482,0.751671,0.860625,0.957312
N20261110-S021,N20261110,2026-11-11T06:30:00Z,900,true,1.176677,0.744549,0.823111,0.958782
N20261110-S022,N20261110,2026-11-11T06:45:00Z,900,true,1.099701,0.753607,0.845712,0.982549
N20261110-S023,N20261110,2026-11-11T07:00:00Z,900,true,1.090038,0.748202,0.835767,0.987296
N20261110-S024,N20261110,2026-11-11T07:15:00Z,900,true,1.094139,0.768924,0.847624,0.940272
N20261110-S025,N20261110,2026-11-11T07:30:00Z,900,true,1.092622,0.755793,0.847849,0.932363
N20261110-S026,N20261110,2026-11-11T07:45:00Z,900,true,1.076985,0.752956,0.842935,0.934324
N20261110-S027,N20261110,2026-11-11T08:00:00Z,900,true,1.126744,0.738974,0.837747,0.978312
N20261110-S028,N20261110,2026-11-11T08:15:00Z,900,true,1.147323,0.736008,0.846829,0.913233
N20261110-S029,N20261110,2026-11-11T08:30:00Z,900,true,1.175993,0.736905,0.847882,0.944093
N20261110-S030,N20261110,2026-11-11T08:45:00Z,900,true,1.156402,0.729710,0.867959,0.981797
N20261110-S031,N20261110,2026-11-11T09:00:00Z,900,true,1.195817,0.715191,0.896457,0.996046
N20261110-S032,N20261110,2026-11-11T09:15:00Z,900,true,1.211246,0.714950,0.920206,0.961839
N20261110-S033,N20261110,2026-11-11T09:30:00Z,900,true,1.244658,0.709350,0.907051,0.981699
N20261110-S034,N20261110,2026-11-11T09:45:00Z,900,true,1.228842,0.719756,0.906201,0.905808
N20261110-S035,N20261110,2026-11-11T10:00:00Z,900,true,1.189327,0.705731,0.887567,0.956515
N20261110-S036,N20261110,2026-11-11T10:15:00Z,900,true,1.191485,0.713164,0.913984,0.928976
N20261110-S037,N20261110,2026-11-11T10:30:00Z,900,true,1.235824,0.714230,0.930923,0.996725
N20261110-S038,N20261110,2026-11-11T10:45:00Z,900,true,1.296005,0.715749,0.906597,0.972537
N20261110-S039,N20261110,2026-11-11T11:00:00Z,900,true,1.275528,0.718586,0.922693,0.917606
N20261110-S040,N20261110,2026-11-11T11:15:00Z,900,true,1.279328,0.731527,0.912108,0.945828
N20261110-S041,N20261110,2026-11-11T11:30:00Z,900,true,1.233279,0.701700,0.894307,0.920064
N20261110-S042,N20261110,2026-11-11T11:45:00Z,900,true,1.218461,0.710273,0.879511,0.935154
N20261110-S043,N20261110,2026-11-11T12:00:00Z,900,true,1.262297,0.707002,0.919434,0.923196
N20261110-S044,N20261110,2026-11-11T12:15:00Z,900,true,1.250955,0.716631,0.921681,0.903008
N20261110-S045,N20261110,2026-11-11T12:30:00Z,900,true,1.253145,0.707291,0.920731,0.927420
N20261111-S001,N20261111,2026-11-12T01:30:00Z,900,true,1.323548,0.757089,0.903330,0.978559
N20261111-S002,N20261111,2026-11-12T01:45:00Z,900,true,1.313856,0.751765,0.901114,0.917888
N20261111-S003,N20261111,2026-11-12T02:00:00Z,900,true,1.241678,0.743594,0.924454,0.910337
N20261111-S004,N20261111,2026-11-12T02:15:00Z,900,true,1.242718,0.744613,0.904953,0.910884
N20261111-S005,N20261111,2026-11-12T02:30:00Z,900,true,1.204408,0.744969,0.877449,0.940601
N20261111-S006,N20261111,2026-11-12T02:45:00Z,900,true,1.243131,0.751988,0.877415,0.970162
N20261111-S007,N20261111,2026-11-12T03:00:00Z,900,true,1.249272,0.747826,0.879024,0.992523
N20261111-S008,N20261111,2026-11-12T03:15:00Z,900,true,1.155216,0.737278,0.891455,0.973820
N20261111-S009,N20261111,2026-11-12T03:30:00Z,900,true,1.158511,0.742535,0.880468,0.991349
N20261111-S010,N20261111,2026-11-12T03:45:00Z,900,true,1.175572,0.743178,0.882783,0.988544
N20261111-S011,N20261111,2026-11-12T04:00:00Z,900,true,1.247947,0.734767,0.916124,0.926716
N20261111-S012,N20261111,2026-11-12T04:15:00Z,900,true,1.295252,0.752898,0.929276,0.929861
N20261111-S013,N20261111,2026-11-12T04:30:00Z,900,true,1.294747,0.754121,0.945663,0.969238
N20261111-S014,N20261111,2026-11-12T04:45:00Z,900,true,1.332171,0.758453,0.967998,0.935735
N20261111-S015,N20261111,2026-11-12T05:00:00Z,900,true,1.295257,0.735981,0.953783,0.930574
N20261111-S016,N20261111,2026-11-12T05:15:00Z,900,true,1.272843,0.726634,0.949042,0.928912
N20261111-S017,N20261111,2026-11-12T05:30:00Z,900,true,1.298509,0.730992,0.953692,0.918938
N20261111-S018,N20261111,2026-11-12T05:45:00Z,900,true,1.264406,0.722099,0.952980,0.916749
N20261111-S019,N20261111,2026-11-12T06:00:00Z,900,true,1.284112,0.687794,0.964335,0.976518
N20261111-S020,N20261111,2026-11-12T06:15:00Z,900,true,1.249026,0.703451,0.948430,0.947714
N20261111-S021,N20261111,2026-11-12T06:30:00Z,900,true,1.249990,0.704965,0.941271,0.909320
N20261111-S022,N20261111,2026-11-12T06:45:00Z,900,true,1.270075,0.717071,0.935977,0.905794
N20261111-S023,N20261111,2026-11-12T07:00:00Z,900,true,1.275730,0.718955,0.954899,0.935588
N20261111-S024,N20261111,2026-11-12T07:15:00Z,900,true,1.262626,0.722876,0.953228,0.990935
N20261111-S025,N20261111,2026-11-12T07:30:00Z,900,true,1.234025,0.709288,0.938884,0.961160
N20261111-S026,N20261111,2026-11-12T07:45:00Z,900,true,1.262004,0.713248,0.950453,0.909622
N20261111-S027,N20261111,2026-11-12T08:00:00Z,900,true,1.301064,0.721808,0.923005,0.976466
N20261111-S028,N20261111,2026-11-12T08:15:00Z,900,true,1.267955,0.718688,0.908208,0.905323
N20261111-S029,N20261111,2026-11-12T08:30:00Z,900,true,1.234230,0.689975,0.890852,0.939899
N20261111-S030,N20261111,2026-11-12T08:45:00Z,900,true,1.206823,0.683169,0.901933,0.933610
N20261111-S031,N20261111,2026-11-12T09:00:00Z,900,true,1.172978,0.701493,0.906484,0.961892
N20261111-S032,N20261111,2026-11-12T09:15:00Z,900,true,1.179705,0.717539,0.903461,0.911873
N20261111-S033,N20261111,2026-11-12T09:30:00Z,900,true,1.252039,0.717698,0.908760,0.927995
N20261111-S034,N20261111,2026-11-12T09:45:00Z,900,true,1.258322,0.744733,0.921324,0.961589
N20261111-S035,N20261111,2026-11-12T10:00:00Z,900,true,1.259591,0.743776,0.895835,0.918244
N20261111-S036,N20261111,2026-11-12T10:15:00Z,900,true,1.260473,0.732505,0.902123,0.923494
N20261111-S037,N20261111,2026-11-12T10:30:00Z,900,true,1.221091,0.728298,0.904567,0.969060
N20261111-S038,N20261111,2026-11-12T10:45:00Z,900,true,1.244606,0.761243,0.917426,0.903246
N20261111-S039,N20261111,2026-11-12T11:00:00Z,900,true,1.237156,0.769596,0.912575,0.902594
N20261111-S040,N20261111,2026-11-12T11:15:00Z,900,true,1.266141,0.780753,0.907416,0.928939
N20261111-S041,N20261111,2026-11-12T11:30:00Z,900,true,1.224230,0.790531,0.868131,0.914912
N20261111-S042,N20261111,2026-11-12T11:45:00Z,900,true,1.205462,0.780010,0.871378,0.939962
N20261111-S043,N20261111,2026-11-12T12:00:00Z,900,true,1.200200,0.778609,0.896757,0.966551
N20261111-S044,N20261111,2026-11-12T12:15:00Z,900,true,1.223441,0.761073,0.890160,0.994210
N20261111-S045,N20261111,2026-11-12T12:30:00Z,900,true,1.192416,0.745164,0.893617,0.966157
N20261112-S001,N20261112,2026-11-13T01:30:00Z,900,true,1.307389,0.787241,0.977501,0.901185
N20261112-S002,N20261112,2026-11-13T01:45:00Z,900,true,1.247207,0.784595,0.972286,0.953707
N20261112-S003,N20261112,2026-11-13T02:00:00Z,900,true,1.330035,0.809461,0.961893,0.940466
N20261112-S004,N20261112,2026-11-13T02:15:00Z,900,true,1.345195,0.826439,0.962782,0.933797
N20261112-S005,N20261112,2026-11-13T02:30:00Z,900,true,1.327486,0.835600,1.013096,0.964561
N20261112-S006,N20261112,2026-11-13T02:45:00Z,900,true,1.333559,0.826953,1.010400,0.931800
N20261112-S007,N20261112,2026-11-13T03:00:00Z,900,true,1.375563,0.811983,1.015152,0.972576
N20261112-S008,N20261112,2026-11-13T03:15:00Z,900,true,1.354308,0.830956,1.025202,0.943676
N20261112-S009,N20261112,2026-11-13T03:30:00Z,900,true,1.373651,0.831521,1.045419,0.908928
N20261112-S010,N20261112,2026-11-13T03:45:00Z,900,true,1.334399,0.832517,1.038921,0.973117
N20261112-S011,N20261112,2026-11-13T04:00:00Z,900,true,1.360960,0.827210,1.060766,0.929143
N20261112-S012,N20261112,2026-11-13T04:15:00Z,900,true,1.297117,0.826825,1.079961,0.978427
N20261112-S013,N20261112,2026-11-13T04:30:00Z,900,true,1.319363,0.835372,1.048331,0.924114
N20261112-S014,N20261112,2026-11-13T04:45:00Z,900,true,1.266691,0.809987,1.021914,0.950413
N20261112-S015,N20261112,2026-11-13T05:00:00Z,900,true,1.256707,0.799362,1.031783,0.947352
N20261112-S016,N20261112,2026-11-13T05:15:00Z,900,true,1.305596,0.797304,1.034560,0.981305
N20261112-S017,N20261112,2026-11-13T05:30:00Z,900,true,1.283035,0.790838,1.017772,0.906589
N20261112-S018,N20261112,2026-11-13T05:45:00Z,900,true,1.290258,0.777244,1.007111,0.937188
N20261112-S019,N20261112,2026-11-13T06:00:00Z,900,true,1.320555,0.789886,1.013866,0.904865
N20261112-S020,N20261112,2026-11-13T06:15:00Z,900,true,1.305450,0.795143,1.002537,0.940730
N20261112-S021,N20261112,2026-11-13T06:30:00Z,900,true,1.377137,0.807300,0.996408,0.970561
N20261112-S022,N20261112,2026-11-13T06:45:00Z,900,true,1.402174,0.818286,1.010741,0.906936
N20261112-S023,N20261112,2026-11-13T07:00:00Z,900,true,1.419091,0.818377,1.015006,0.991474
N20261112-S024,N20261112,2026-11-13T07:15:00Z,900,true,1.424018,0.806074,1.004495,0.926666
N20261112-S025,N20261112,2026-11-13T07:30:00Z,900,true,1.466448,0.814483,1.012055,0.912894
N20261112-S026,N20261112,2026-11-13T07:45:00Z,900,true,1.481368,0.814797,1.008150,0.989427
N20261112-S027,N20261112,2026-11-13T08:00:00Z,900,true,1.428855,0.799103,1.000502,0.929407
N20261112-S028,N20261112,2026-11-13T08:15:00Z,900,true,1.373020,0.798480,0.989212,0.949072
N20261112-S029,N20261112,2026-11-13T08:30:00Z,900,true,1.413296,0.816132,0.987801,0.933964
N20261112-S030,N20261112,2026-11-13T08:45:00Z,900,true,1.375779,0.795770,1.008956,0.943620
N20261112-S031,N20261112,2026-11-13T09:00:00Z,900,true,1.356095,0.807783,1.003847,0.924061
N20261112-S032,N20261112,2026-11-13T09:15:00Z,900,true,1.386240,0.785711,1.012839,0.999500
N20261112-S033,N20261112,2026-11-13T09:30:00Z,900,true,1.367552,0.779526,1.021382,0.963924
N20261112-S034,N20261112,2026-11-13T09:45:00Z,900,true,1.353653,0.789408,1.022931,0.929902
N20261112-S035,N20261112,2026-11-13T10:00:00Z,900,true,1.342397,0.784354,0.994923,0.989572
N20261112-S036,N20261112,2026-11-13T10:15:00Z,900,true,1.332931,0.786370,0.965632,0.933986
N20261112-S037,N20261112,2026-11-13T10:30:00Z,900,true,1.268865,0.796881,0.957070,0.916223
N20261112-S038,N20261112,2026-11-13T10:45:00Z,900,true,1.248319,0.798389,0.949342,0.953160
N20261112-S039,N20261112,2026-11-13T11:00:00Z,900,true,1.327785,0.820228,0.961579,0.930020
N20261112-S040,N20261112,2026-11-13T11:15:00Z,900,true,1.348211,0.823698,0.958516,0.989606
N20261112-S041,N20261112,2026-11-13T11:30:00Z,900,true,1.344056,0.833551,0.958148,0.909795
N20261112-S042,N20261112,2026-11-13T11:45:00Z,900,true,1.460733,0.809327,0.942070,0.977714
N20261112-S043,N20261112,2026-11-13T12:00:00Z,900,true,1.500470,0.811417,0.917119,0.952455
N20261112-S044,N20261112,2026-11-13T12:15:00Z,900,true,1.488918,0.816632,0.961196,0.986086
N20261112-S045,N20261112,2026-11-13T12:30:00Z,900,true,1.536725,0.838029,0.971101,0.998092
N20261113-S001,N20261113,2026-11-14T01:30:00Z,900,true,1.486484,0.815258,0.971810,0.988045
N20261113-S002,N20261113,2026-11-14T01:45:00Z,900,true,1.469853,0.830848,0.959482,0.980878
N20261113-S003,N20261113,2026-11-14T02:00:00Z,900,true,1.494589,0.841061,0.942305,0.907364
N20261113-S004,N20261113,2026-11-14T02:15:00Z,900,true,1.479373,0.835276,0.958602,0.932829
N20261113-S005,N20261113,2026-11-14T02:30:00Z,900,true,1.485294,0.851262,0.928093,0.910304
N20261113-S006,N20261113,2026-11-14T02:45:00Z,900,true,1.480581,0.839454,0.946789,0.917032
N20261113-S007,N20261113,2026-11-14T03:00:00Z,900,true,1.473726,0.853323,0.959706,0.986786
N20261113-S008,N20261113,2026-11-14T03:15:00Z,900,true,1.503155,0.858535,0.956313,0.963802
N20261113-S009,N20261113,2026-11-14T03:30:00Z,900,true,1.472706,0.837216,0.975167,0.980594
N20261113-S010,N20261113,2026-11-14T03:45:00Z,900,true,1.483363,0.856133,0.965662,0.924400
N20261113-S011,N20261113,2026-11-14T04:00:00Z,900,true,1.495009,0.854741,0.988484,0.935650
N20261113-S012,N20261113,2026-11-14T04:15:00Z,900,true,1.461987,0.833382,0.979401,0.914317
N20261113-S013,N20261113,2026-11-14T04:30:00Z,900,true,1.473472,0.823495,0.977515,0.929087
N20261113-S014,N20261113,2026-11-14T04:45:00Z,900,true,1.476871,0.826268,0.973286,0.910722
N20261113-S015,N20261113,2026-11-14T05:00:00Z,900,true,1.459676,0.831166,0.987428,0.924777
N20261113-S016,N20261113,2026-11-14T05:15:00Z,900,true,1.418244,0.839518,0.987075,0.964500
N20261113-S017,N20261113,2026-11-14T05:30:00Z,900,true,1.408839,0.845086,0.969061,0.944346
N20261113-S018,N20261113,2026-11-14T05:45:00Z,900,true,1.434126,0.830225,0.953073,0.912233
N20261113-S019,N20261113,2026-11-14T06:00:00Z,900,true,1.423891,0.858642,0.944264,0.913479
N20261113-S020,N20261113,2026-11-14T06:15:00Z,900,true,1.405168,0.820544,0.945907,0.935048
N20261113-S021,N20261113,2026-11-14T06:30:00Z,900,true,1.449403,0.792168,0.948090,0.990327
N20261113-S022,N20261113,2026-11-14T06:45:00Z,900,true,1.478792,0.797562,0.927514,0.983665
N20261113-S023,N20261113,2026-11-14T07:00:00Z,900,true,1.495543,0.782681,0.931781,0.987590
N20261113-S024,N20261113,2026-11-14T07:15:00Z,900,true,1.518619,0.782391,0.948056,0.941930
N20261113-S025,N20261113,2026-11-14T07:30:00Z,900,true,1.529638,0.780987,0.938323,0.907496
N20261113-S026,N20261113,2026-11-14T07:45:00Z,900,true,1.529828,0.784016,0.981068,0.948613
N20261113-S027,N20261113,2026-11-14T08:00:00Z,900,true,1.468470,0.779399,0.972767,0.999214
N20261113-S028,N20261113,2026-11-14T08:15:00Z,900,true,1.494382,0.762115,0.960940,0.989610
N20261113-S029,N20261113,2026-11-14T08:30:00Z,900,true,1.455092,0.775130,0.983147,0.959639
N20261113-S030,N20261113,2026-11-14T08:45:00Z,900,true,1.414954,0.786531,1.000723,0.916985
N20261113-S031,N20261113,2026-11-14T09:00:00Z,900,true,1.364402,0.800161,1.012883,0.974830
N20261113-S032,N20261113,2026-11-14T09:15:00Z,900,true,1.373046,0.799870,1.021741,0.996886
N20261113-S033,N20261113,2026-11-14T09:30:00Z,900,true,1.388725,0.788269,0.996566,0.945594
N20261113-S034,N20261113,2026-11-14T09:45:00Z,900,true,1.456558,0.804593,1.006760,0.930965
N20261113-S035,N20261113,2026-11-14T10:00:00Z,900,true,1.507144,0.795740,0.983402,0.971259
N20261113-S036,N20261113,2026-11-14T10:15:00Z,900,true,1.464502,0.801066,1.000342,0.915978
N20261113-S037,N20261113,2026-11-14T10:30:00Z,900,true,1.457104,0.800587,1.011966,0.925214
N20261113-S038,N20261113,2026-11-14T10:45:00Z,900,true,1.425694,0.793957,0.988386,0.925014
N20261113-S039,N20261113,2026-11-14T11:00:00Z,900,true,1.428694,0.815739,0.973580,0.913840
N20261113-S040,N20261113,2026-11-14T11:15:00Z,900,true,1.408449,0.818301,0.958031,0.973090
N20261113-S041,N20261113,2026-11-14T11:30:00Z,900,true,1.409378,0.819790,0.963326,0.987133
N20261113-S042,N20261113,2026-11-14T11:45:00Z,900,true,1.382727,0.820784,0.952984,0.904772
N20261113-S043,N20261113,2026-11-14T12:00:00Z,900,true,1.364478,0.821008,0.975144,0.918335
N20261113-S044,N20261113,2026-11-14T12:15:00Z,900,true,1.369525,0.826928,0.960868,0.927034
N20261113-S045,N20261113,2026-11-14T12:30:00Z,900,true,1.388554,0.825707,0.952311,0.911529
N20261114-S001,N20261114,2026-11-15T01:30:00Z,900,true,1.536649,0.785069,1.029357,0.927794
N20261114-S002,N20261114,2026-11-15T01:45:00Z,900,true,1.543317,0.788599,1.038465,0.969513
N20261114-S003,N20261114,2026-11-15T02:00:00Z,900,true,1.519818,0.784716,1.055555,0.926556
N20261114-S004,N20261114,2026-11-15T02:15:00Z,900,true,1.504247,0.783513,1.070169,0.981606
N20261114-S005,N20261114,2026-11-15T02:30:00Z,900,true,1.541985,0.785329,1.045203,0.993810
N20261114-S006,N20261114,2026-11-15T02:45:00Z,900,true,1.575239,0.782003,1.028799,0.914885
N20261114-S007,N20261114,2026-11-15T03:00:00Z,900,true,1.607719,0.770809,1.031231,0.918678
N20261114-S008,N20261114,2026-11-15T03:15:00Z,900,true,1.566583,0.779747,1.053618,0.948653
N20261114-S009,N20261114,2026-11-15T03:30:00Z,900,true,1.547967,0.781708,1.050089,0.925683
N20261114-S010,N20261114,2026-11-15T03:45:00Z,900,true,1.535802,0.797855,1.035018,0.984786
N20261114-S011,N20261114,2026-11-15T04:00:00Z,900,true,1.500306,0.791474,1.010892,0.911237
N20261114-S012,N20261114,2026-11-15T04:15:00Z,900,true,1.514796,0.792427,1.019551,0.930094
N20261114-S013,N20261114,2026-11-15T04:30:00Z,900,true,1.561350,0.766779,1.017215,0.981078
N20261114-S014,N20261114,2026-11-15T04:45:00Z,900,true,1.571002,0.757323,0.993331,0.998740
N20261114-S015,N20261114,2026-11-15T05:00:00Z,900,false,,,,
N20261114-S016,N20261114,2026-11-15T05:15:00Z,900,false,,,,
N20261114-S017,N20261114,2026-11-15T05:30:00Z,900,false,,,,
N20261114-S018,N20261114,2026-11-15T05:45:00Z,900,false,,,,
N20261114-S019,N20261114,2026-11-15T06:00:00Z,900,true,1.582391,0.771951,0.981412,0.957647
N20261114-S020,N20261114,2026-11-15T06:15:00Z,900,true,1.630356,0.773602,1.044429,0.900360
N20261114-S021,N20261114,2026-11-15T06:30:00Z,900,true,1.648595,0.776509,1.016473,0.959287
N20261114-S022,N20261114,2026-11-15T06:45:00Z,900,true,1.601758,0.781225,1.008672,0.945176
N20261114-S023,N20261114,2026-11-15T07:00:00Z,900,true,1.592884,0.772941,0.990133,0.915678
N20261114-S024,N20261114,2026-11-15T07:15:00Z,900,true,1.558864,0.767861,1.013380,0.931752
N20261114-S025,N20261114,2026-11-15T07:30:00Z,900,true,1.593487,0.756953,1.043830,0.908931
N20261114-S026,N20261114,2026-11-15T07:45:00Z,900,true,1.586406,0.761818,1.049459,0.930969
N20261114-S027,N20261114,2026-11-15T08:00:00Z,900,true,1.539497,0.759722,1.070864,0.997032
N20261114-S028,N20261114,2026-11-15T08:15:00Z,900,true,1.509543,0.758185,1.113807,0.953477
N20261114-S029,N20261114,2026-11-15T08:30:00Z,900,true,1.545565,0.785930,1.115799,0.962430
N20261114-S030,N20261114,2026-11-15T08:45:00Z,900,true,1.569507,0.778447,1.094313,0.935329
N20261114-S031,N20261114,2026-11-15T09:00:00Z,900,true,1.551749,0.784118,1.075500,0.925674
N20261114-S032,N20261114,2026-11-15T09:15:00Z,900,true,1.583830,0.768956,1.061008,0.974501
N20261114-S033,N20261114,2026-11-15T09:30:00Z,900,true,1.554209,0.781073,1.084745,0.949833
N20261114-S034,N20261114,2026-11-15T09:45:00Z,900,true,1.526905,0.782520,1.070021,0.974011
N20261114-S035,N20261114,2026-11-15T10:00:00Z,900,true,1.518070,0.795028,1.085687,0.911982
N20261114-S036,N20261114,2026-11-15T10:15:00Z,900,true,1.543908,0.781656,1.066662,0.977194
N20261114-S037,N20261114,2026-11-15T10:30:00Z,900,true,1.562733,0.785946,1.061714,0.942609
N20261114-S038,N20261114,2026-11-15T10:45:00Z,900,true,1.563259,0.795318,1.067950,0.955694
N20261114-S039,N20261114,2026-11-15T11:00:00Z,900,true,1.541636,0.777918,1.047056,0.949803
N20261114-S040,N20261114,2026-11-15T11:15:00Z,900,true,1.576920,0.776321,1.068513,0.966945
N20261114-S041,N20261114,2026-11-15T11:30:00Z,900,true,1.529825,0.806481,1.073716,0.993675
N20261114-S042,N20261114,2026-11-15T11:45:00Z,900,true,1.477498,0.797469,1.067742,0.968766
N20261114-S043,N20261114,2026-11-15T12:00:00Z,900,true,1.450877,0.786460,1.071529,0.990429
N20261114-S044,N20261114,2026-11-15T12:15:00Z,900,true,1.408686,0.784203,1.063987,0.989677
N20261114-S045,N20261114,2026-11-15T12:30:00Z,900,true,1.382308,0.790645,1.025694,0.949182
N20261115-S001,N20261115,2026-11-16T01:30:00Z,900,true,1.532527,0.747912,1.004632,0.915540
N20261115-S002,N20261115,2026-11-16T01:45:00Z,900,true,1.527885,0.754774,1.024182,0.940537
N20261115-S003,N20261115,2026-11-16T02:00:00Z,900,true,1.456289,0.751401,1.024450,0.986508
N20261115-S004,N20261115,2026-11-16T02:15:00Z,900,true,1.514372,0.732352,1.015173,0.935972
N20261115-S005,N20261115,2026-11-16T02:30:00Z,900,true,1.524512,0.726542,1.013262,0.974953
N20261115-S006,N20261115,2026-11-16T02:45:00Z,900,true,1.538253,0.735268,1.009725,0.949197
N20261115-S007,N20261115,2026-11-16T03:00:00Z,900,true,1.543627,0.745857,1.005705,0.989010
N20261115-S008,N20261115,2026-11-16T03:15:00Z,900,true,1.506201,0.745327,0.988437,0.924298
N20261115-S009,N20261115,2026-11-16T03:30:00Z,900,true,1.515741,0.754612,1.004492,0.967687
N20261115-S010,N20261115,2026-11-16T03:45:00Z,900,true,1.460194,0.767521,1.015240,0.901968
N20261115-S011,N20261115,2026-11-16T04:00:00Z,900,true,1.440959,0.767161,1.004612,0.912217
N20261115-S012,N20261115,2026-11-16T04:15:00Z,900,true,1.430062,0.772479,1.028356,0.999330
N20261115-S013,N20261115,2026-11-16T04:30:00Z,900,true,1.462793,0.757786,1.005450,0.980059
N20261115-S014,N20261115,2026-11-16T04:45:00Z,900,true,1.442062,0.719432,0.991712,0.909100
N20261115-S015,N20261115,2026-11-16T05:00:00Z,900,true,1.417850,0.722050,0.987425,0.991480
N20261115-S016,N20261115,2026-11-16T05:15:00Z,900,true,1.418695,0.713520,0.991231,0.915170
N20261115-S017,N20261115,2026-11-16T05:30:00Z,900,true,1.396606,0.729486,0.981280,0.967446
N20261115-S018,N20261115,2026-11-16T05:45:00Z,900,true,1.384378,0.712929,0.980101,0.990836
N20261115-S019,N20261115,2026-11-16T06:00:00Z,900,true,1.342771,0.712486,0.968942,0.947146
N20261115-S020,N20261115,2026-11-16T06:15:00Z,900,true,1.382777,0.728070,0.970714,0.961383
N20261115-S021,N20261115,2026-11-16T06:30:00Z,900,true,1.401888,0.740149,0.983525,0.952526
N20261115-S022,N20261115,2026-11-16T06:45:00Z,900,true,1.465740,0.737028,0.994917,0.942875
N20261115-S023,N20261115,2026-11-16T07:00:00Z,900,true,1.466905,0.730599,1.008471,0.922654
N20261115-S024,N20261115,2026-11-16T07:15:00Z,900,true,1.504843,0.738870,1.000204,0.917880
N20261115-S025,N20261115,2026-11-16T07:30:00Z,900,true,1.523815,0.735450,1.018627,0.977880
N20261115-S026,N20261115,2026-11-16T07:45:00Z,900,true,1.504882,0.744901,1.030803,0.950953
N20261115-S027,N20261115,2026-11-16T08:00:00Z,900,true,1.516824,0.734641,1.039259,0.969974
N20261115-S028,N20261115,2026-11-16T08:15:00Z,900,true,1.582578,0.725158,1.026354,0.943071
N20261115-S029,N20261115,2026-11-16T08:30:00Z,900,true,1.640895,0.729144,1.027195,0.940610
N20261115-S030,N20261115,2026-11-16T08:45:00Z,900,true,1.581639,0.725309,1.043203,0.979764
N20261115-S031,N20261115,2026-11-16T09:00:00Z,900,true,1.546687,0.724878,1.052530,0.972714
N20261115-S032,N20261115,2026-11-16T09:15:00Z,900,true,1.475053,0.721708,1.049453,0.999715
N20261115-S033,N20261115,2026-11-16T09:30:00Z,900,true,1.548829,0.745654,1.043649,0.951344
N20261115-S034,N20261115,2026-11-16T09:45:00Z,900,true,1.604049,0.740746,1.043673,0.985557
N20261115-S035,N20261115,2026-11-16T10:00:00Z,900,true,1.525576,0.747539,1.006247,0.993248
N20261115-S036,N20261115,2026-11-16T10:15:00Z,900,true,1.450638,0.755948,1.031160,0.918812
N20261115-S037,N20261115,2026-11-16T10:30:00Z,900,true,1.418452,0.755227,1.022778,0.961054
N20261115-S038,N20261115,2026-11-16T10:45:00Z,900,true,1.454004,0.747114,1.018544,0.962568
N20261115-S039,N20261115,2026-11-16T11:00:00Z,900,true,1.423031,0.752410,1.025426,0.986195
N20261115-S040,N20261115,2026-11-16T11:15:00Z,900,true,1.397697,0.757867,1.023701,0.909818
N20261115-S041,N20261115,2026-11-16T11:30:00Z,900,true,1.441888,0.739271,1.027167,0.969358
N20261115-S042,N20261115,2026-11-16T11:45:00Z,900,true,1.412417,0.745049,1.021561,0.902947
N20261115-S043,N20261115,2026-11-16T12:00:00Z,900,true,1.429170,0.771071,1.014156,0.943803
N20261115-S044,N20261115,2026-11-16T12:15:00Z,900,true,1.374030,0.757936,1.001468,0.950770
N20261115-S045,N20261115,2026-11-16T12:30:00Z,900,true,1.455790,0.739098,1.003703,0.938521
N20261115-S046,N20261115,2026-11-16T12:45:00Z,900,true,1.412263,0.745393,1.004171,0.971049
N20261116-S001,N20261116,2026-11-17T01:30:00Z,900,true,1.521742,0.753320,1.119899,0.966218
N20261116-S002,N20261116,2026-11-17T01:45:00Z,900,true,1.543627,0.731797,1.115018,0.943330
N20261116-S003,N20261116,2026-11-17T02:00:00Z,900,true,1.500049,0.742441,1.122693,0.995089
N20261116-S004,N20261116,2026-11-17T02:15:00Z,900,true,1.455381,0.746842,1.108724,0.945785
N20261116-S005,N20261116,2026-11-17T02:30:00Z,900,true,1.493586,0.723548,1.123059,0.970656
N20261116-S006,N20261116,2026-11-17T02:45:00Z,900,true,1.474717,0.733562,1.092437,0.974861
N20261116-S007,N20261116,2026-11-17T03:00:00Z,900,true,1.481962,0.728557,1.070536,0.987501
N20261116-S008,N20261116,2026-11-17T03:15:00Z,900,true,1.442534,0.734823,1.072734,0.999638
N20261116-S009,N20261116,2026-11-17T03:30:00Z,900,false,,,,
N20261116-S010,N20261116,2026-11-17T03:45:00Z,900,true,1.411143,0.773168,1.090709,0.906110
N20261116-S011,N20261116,2026-11-17T04:00:00Z,900,true,1.491687,0.769339,1.078832,0.906073
N20261116-S012,N20261116,2026-11-17T04:15:00Z,900,true,1.519674,0.762648,1.084495,0.971128
N20261116-S013,N20261116,2026-11-17T04:30:00Z,900,true,1.504613,0.774761,1.072668,0.906004
N20261116-S014,N20261116,2026-11-17T04:45:00Z,900,true,1.508779,0.759621,1.088888,0.922366
N20261116-S015,N20261116,2026-11-17T05:00:00Z,900,true,1.525504,0.737400,1.084556,0.912075
N20261116-S016,N20261116,2026-11-17T05:15:00Z,900,true,1.512582,0.737168,1.068334,0.959183
N20261116-S017,N20261116,2026-11-17T05:30:00Z,900,true,1.460722,0.753187,1.081687,0.947872
N20261116-S018,N20261116,2026-11-17T05:45:00Z,900,true,1.421948,0.759958,1.086515,0.967926
N20261116-S019,N20261116,2026-11-17T06:00:00Z,900,true,1.432194,0.752794,1.105401,0.914493
N20261116-S020,N20261116,2026-11-17T06:15:00Z,900,true,1.438063,0.761354,1.132817,0.982097
N20261116-S021,N20261116,2026-11-17T06:30:00Z,900,true,1.412765,0.760251,1.134374,0.961375
N20261116-S022,N20261116,2026-11-17T06:45:00Z,900,true,1.475291,0.755587,1.104402,0.975986
N20261116-S023,N20261116,2026-11-17T07:00:00Z,900,true,1.442818,0.732344,1.127704,0.969994
N20261116-S024,N20261116,2026-11-17T07:15:00Z,900,true,1.459773,0.736138,1.136481,0.903552
N20261116-S025,N20261116,2026-11-17T07:30:00Z,900,true,1.471745,0.750592,1.148014,0.952210
N20261116-S026,N20261116,2026-11-17T07:45:00Z,900,true,1.468834,0.761839,1.145961,0.958798
N20261116-S027,N20261116,2026-11-17T08:00:00Z,900,true,1.442961,0.774548,1.155434,0.962447
N20261116-S028,N20261116,2026-11-17T08:15:00Z,900,true,1.507430,0.777286,1.179886,0.916006
N20261116-S029,N20261116,2026-11-17T08:30:00Z,900,true,1.585746,0.759977,1.141295,0.954770
N20261116-S030,N20261116,2026-11-17T08:45:00Z,900,true,1.612922,0.765090,1.119600,0.978392
N20261116-S031,N20261116,2026-11-17T09:00:00Z,900,true,1.592458,0.756115,1.101521,0.965482
N20261116-S032,N20261116,2026-11-17T09:15:00Z,900,true,1.637771,0.745074,1.083292,0.917210
N20261116-S033,N20261116,2026-11-17T09:30:00Z,900,true,1.634522,0.746816,1.087141,0.993387
N20261116-S034,N20261116,2026-11-17T09:45:00Z,900,true,1.643686,0.756642,1.066906,0.976395
N20261116-S035,N20261116,2026-11-17T10:00:00Z,900,true,1.651849,0.751139,1.040527,0.912910
N20261116-S036,N20261116,2026-11-17T10:15:00Z,900,true,1.637521,0.758105,1.047079,0.956557
N20261116-S037,N20261116,2026-11-17T10:30:00Z,900,true,1.625979,0.754255,1.071981,0.936869
N20261116-S038,N20261116,2026-11-17T10:45:00Z,900,true,1.671293,0.737634,1.084071,0.922525
N20261116-S039,N20261116,2026-11-17T11:00:00Z,900,true,1.648632,0.749190,1.117192,0.975253
N20261116-S040,N20261116,2026-11-17T11:15:00Z,900,true,1.626751,0.759604,1.135571,0.959258
N20261116-S041,N20261116,2026-11-17T11:30:00Z,900,true,1.630694,0.765162,1.138114,0.921956
N20261116-S042,N20261116,2026-11-17T11:45:00Z,900,true,1.639380,0.750270,1.101482,0.980606
N20261116-S043,N20261116,2026-11-17T12:00:00Z,900,true,1.646044,0.748990,1.123674,0.908837
N20261116-S044,N20261116,2026-11-17T12:15:00Z,900,true,1.616421,0.758632,1.122600,0.916449
N20261116-S045,N20261116,2026-11-17T12:30:00Z,900,true,1.626149,0.761346,1.122869,0.986172
N20261116-S046,N20261116,2026-11-17T12:45:00Z,900,true,1.590768,0.746261,1.102878,0.963928
N20261117-S001,N20261117,2026-11-18T01:30:00Z,900,true,1.358822,0.755461,1.032025,0.965349
N20261117-S002,N20261117,2026-11-18T01:45:00Z,900,true,1.370213,0.747711,1.023284,0.946155
N20261117-S003,N20261117,2026-11-18T02:00:00Z,900,true,1.348432,0.757457,0.986227,0.941390
N20261117-S004,N20261117,2026-11-18T02:15:00Z,900,true,1.317787,0.765853,0.979318,0.981533
N20261117-S005,N20261117,2026-11-18T02:30:00Z,900,true,1.315301,0.751366,0.986319,0.945543
N20261117-S006,N20261117,2026-11-18T02:45:00Z,900,true,1.279414,0.740578,0.998895,0.952156
N20261117-S007,N20261117,2026-11-18T03:00:00Z,900,true,1.275487,0.733852,1.004819,0.904439
N20261117-S008,N20261117,2026-11-18T03:15:00Z,900,true,1.275725,0.747029,0.989392,0.971317
N20261117-S009,N20261117,2026-11-18T03:30:00Z,900,true,1.305832,0.750902,1.010755,0.914644
N20261117-S010,N20261117,2026-11-18T03:45:00Z,900,true,1.312994,0.761958,1.016140,0.951538
N20261117-S011,N20261117,2026-11-18T04:00:00Z,900,true,1.324361,0.773714,1.018769,0.965083
N20261117-S012,N20261117,2026-11-18T04:15:00Z,900,true,1.355885,0.785619,0.991747,0.979503
N20261117-S013,N20261117,2026-11-18T04:30:00Z,900,true,1.316440,0.767915,1.026055,0.956384
N20261117-S014,N20261117,2026-11-18T04:45:00Z,900,true,1.289242,0.773085,1.016706,0.966180
N20261117-S015,N20261117,2026-11-18T05:00:00Z,900,true,1.294064,0.769845,1.025970,0.926235
N20261117-S016,N20261117,2026-11-18T05:15:00Z,900,true,1.243965,0.762108,1.027976,0.941743
N20261117-S017,N20261117,2026-11-18T05:30:00Z,900,true,1.289687,0.741939,1.027524,0.964622
N20261117-S018,N20261117,2026-11-18T05:45:00Z,900,true,1.300654,0.753924,1.051747,0.916811
N20261117-S019,N20261117,2026-11-18T06:00:00Z,900,true,1.376395,0.757416,1.038313,0.941208
N20261117-S020,N20261117,2026-11-18T06:15:00Z,900,true,1.376170,0.744390,1.034323,0.936329
N20261117-S021,N20261117,2026-11-18T06:30:00Z,900,true,1.403243,0.735320,1.031240,0.927301
N20261117-S022,N20261117,2026-11-18T06:45:00Z,900,true,1.346562,0.756775,1.020540,0.985267
N20261117-S023,N20261117,2026-11-18T07:00:00Z,900,true,1.387791,0.787703,1.006956,0.931300
N20261117-S024,N20261117,2026-11-18T07:15:00Z,900,false,,,,
N20261117-S025,N20261117,2026-11-18T07:30:00Z,900,false,,,,
N20261117-S026,N20261117,2026-11-18T07:45:00Z,900,false,,,,
N20261117-S027,N20261117,2026-11-18T08:00:00Z,900,false,,,,
N20261117-S028,N20261117,2026-11-18T08:15:00Z,900,false,,,,
N20261117-S029,N20261117,2026-11-18T08:30:00Z,900,true,1.364880,0.779383,1.080929,0.992383
N20261117-S030,N20261117,2026-11-18T08:45:00Z,900,true,1.358429,0.790781,1.052558,0.950941
N20261117-S031,N20261117,2026-11-18T09:00:00Z,900,true,1.332625,0.758443,1.029182,0.984443
N20261117-S032,N20261117,2026-11-18T09:15:00Z,900,true,1.320556,0.755675,1.019552,0.965712
N20261117-S033,N20261117,2026-11-18T09:30:00Z,900,true,1.374747,0.750204,1.031069,0.903084
N20261117-S034,N20261117,2026-11-18T09:45:00Z,900,true,1.316489,0.754318,1.050850,0.912111
N20261117-S035,N20261117,2026-11-18T10:00:00Z,900,true,1.326685,0.732433,1.058931,0.970153
N20261117-S036,N20261117,2026-11-18T10:15:00Z,900,true,1.319803,0.730700,1.059751,0.932556
N20261117-S037,N20261117,2026-11-18T10:30:00Z,900,true,1.255510,0.730701,1.046460,0.987619
N20261117-S038,N20261117,2026-11-18T10:45:00Z,900,true,1.304493,0.732624,1.018312,0.942745
N20261117-S039,N20261117,2026-11-18T11:00:00Z,900,true,1.307326,0.758586,1.025827,0.953273
N20261117-S040,N20261117,2026-11-18T11:15:00Z,900,true,1.291533,0.749213,1.039488,0.928120
N20261117-S041,N20261117,2026-11-18T11:30:00Z,900,true,1.285260,0.759354,1.064278,0.984967
N20261117-S042,N20261117,2026-11-18T11:45:00Z,900,true,1.259276,0.739586,1.052501,0.946386
N20261117-S043,N20261117,2026-11-18T12:00:00Z,900,true,1.234752,0.756885,1.041553,0.994773
N20261117-S044,N20261117,2026-11-18T12:15:00Z,900,true,1.262872,0.765251,1.038315,0.921499
N20261117-S045,N20261117,2026-11-18T12:30:00Z,900,true,1.368425,0.775996,1.017714,0.909887
N20261117-S046,N20261117,2026-11-18T12:45:00Z,900,true,1.369894,0.763762,1.020507,0.993332
N20261118-S001,N20261118,2026-11-19T01:30:00Z,900,true,1.261280,0.769326,0.957996,0.903992
N20261118-S002,N20261118,2026-11-19T01:45:00Z,900,true,1.220717,0.764679,0.938288,0.952264
N20261118-S003,N20261118,2026-11-19T02:00:00Z,900,true,1.279176,0.756074,0.928130,0.900513
N20261118-S004,N20261118,2026-11-19T02:15:00Z,900,true,1.320216,0.755443,0.934903,0.954812
N20261118-S005,N20261118,2026-11-19T02:30:00Z,900,true,1.249467,0.762480,0.943742,0.978383
N20261118-S006,N20261118,2026-11-19T02:45:00Z,900,true,1.228050,0.755813,0.949278,0.930986
N20261118-S007,N20261118,2026-11-19T03:00:00Z,900,true,1.265929,0.760043,0.960606,0.989727
N20261118-S008,N20261118,2026-11-19T03:15:00Z,900,true,1.234964,0.749106,0.962342,0.980261
N20261118-S009,N20261118,2026-11-19T03:30:00Z,900,true,1.238873,0.783726,0.952919,0.938643
N20261118-S010,N20261118,2026-11-19T03:45:00Z,900,true,1.247766,0.777037,0.952146,0.988943
N20261118-S011,N20261118,2026-11-19T04:00:00Z,900,true,1.247811,0.765909,0.972108,0.965262
N20261118-S012,N20261118,2026-11-19T04:15:00Z,900,true,1.208208,0.786620,0.961235,0.930679
N20261118-S013,N20261118,2026-11-19T04:30:00Z,900,true,1.223084,0.794273,0.998808,0.901541
N20261118-S014,N20261118,2026-11-19T04:45:00Z,900,true,1.230042,0.786617,1.017410,0.928799
N20261118-S015,N20261118,2026-11-19T05:00:00Z,900,true,1.236184,0.791877,0.984216,0.983549
N20261118-S016,N20261118,2026-11-19T05:15:00Z,900,true,1.239446,0.800060,0.937991,0.940121
N20261118-S017,N20261118,2026-11-19T05:30:00Z,900,true,1.270097,0.790344,0.943673,0.924833
N20261118-S018,N20261118,2026-11-19T05:45:00Z,900,true,1.291156,0.797152,0.943781,0.950142
N20261118-S019,N20261118,2026-11-19T06:00:00Z,900,true,1.321750,0.795375,0.958572,0.948568
N20261118-S020,N20261118,2026-11-19T06:15:00Z,900,true,1.322637,0.793076,0.932204,0.910906
N20261118-S021,N20261118,2026-11-19T06:30:00Z,900,true,1.298542,0.790667,0.951721,0.909984
N20261118-S022,N20261118,2026-11-19T06:45:00Z,900,true,1.280271,0.792519,0.959924,0.956540
N20261118-S023,N20261118,2026-11-19T07:00:00Z,900,true,1.277001,0.780245,0.984183,0.971942
N20261118-S024,N20261118,2026-11-19T07:15:00Z,900,true,1.227180,0.782681,1.016097,0.936788
N20261118-S025,N20261118,2026-11-19T07:30:00Z,900,true,1.210315,0.784169,1.021882,0.954956
N20261118-S026,N20261118,2026-11-19T07:45:00Z,900,true,1.171903,0.800625,0.994860,0.948053
N20261118-S027,N20261118,2026-11-19T08:00:00Z,900,true,1.163008,0.795390,0.998094,0.995622
N20261118-S028,N20261118,2026-11-19T08:15:00Z,900,true,1.175952,0.788509,1.001011,0.961691
N20261118-S029,N20261118,2026-11-19T08:30:00Z,900,true,1.221229,0.775831,0.974429,0.946965
N20261118-S030,N20261118,2026-11-19T08:45:00Z,900,true,1.217146,0.774972,0.996551,0.948324
N20261118-S031,N20261118,2026-11-19T09:00:00Z,900,true,1.201903,0.768542,0.977837,0.982866
N20261118-S032,N20261118,2026-11-19T09:15:00Z,900,true,1.245384,0.766508,0.981371,0.927223
N20261118-S033,N20261118,2026-11-19T09:30:00Z,900,true,1.274458,0.774401,0.965893,0.948228
N20261118-S034,N20261118,2026-11-19T09:45:00Z,900,true,1.282915,0.787682,0.991796,0.917680
N20261118-S035,N20261118,2026-11-19T10:00:00Z,900,true,1.296138,0.773653,0.994674,0.918399
N20261118-S036,N20261118,2026-11-19T10:15:00Z,900,true,1.322676,0.757451,0.982720,0.948724
N20261118-S037,N20261118,2026-11-19T10:30:00Z,900,true,1.321828,0.761783,0.991946,0.970202
N20261118-S038,N20261118,2026-11-19T10:45:00Z,900,true,1.326962,0.763024,0.999536,0.974301
N20261118-S039,N20261118,2026-11-19T11:00:00Z,900,true,1.342992,0.758909,0.979301,0.904138
N20261118-S040,N20261118,2026-11-19T11:15:00Z,900,true,1.329759,0.797453,0.979213,0.911080
N20261118-S041,N20261118,2026-11-19T11:30:00Z,900,false,,,,
N20261118-S042,N20261118,2026-11-19T11:45:00Z,900,false,,,,
N20261118-S043,N20261118,2026-11-19T12:00:00Z,900,false,,,,
N20261118-S044,N20261118,2026-11-19T12:15:00Z,900,false,,,,
N20261118-S045,N20261118,2026-11-19T12:30:00Z,900,true,1.266447,0.751719,0.997986,0.991922
N20261118-S046,N20261118,2026-11-19T12:45:00Z,900,true,1.267653,0.750656,0.971101,0.952603
N20261119-S001,N20261119,2026-11-20T01:30:00Z,900,true,1.182488,0.786033,0.905630,0.964451
N20261119-S002,N20261119,2026-11-20T01:45:00Z,900,true,1.179019,0.799339,0.893828,0.901120
N20261119-S003,N20261119,2026-11-20T02:00:00Z,900,true,1.220038,0.797095,0.868810,0.989755
N20261119-S004,N20261119,2026-11-20T02:15:00Z,900,true,1.190563,0.783773,0.867587,0.973779
N20261119-S005,N20261119,2026-11-20T02:30:00Z,900,true,1.240072,0.772916,0.895259,0.929682
N20261119-S006,N20261119,2026-11-20T02:45:00Z,900,true,1.222023,0.795601,0.907139,0.965338
N20261119-S007,N20261119,2026-11-20T03:00:00Z,900,true,1.245862,0.794795,0.917706,0.922643
N20261119-S008,N20261119,2026-11-20T03:15:00Z,900,true,1.316037,0.790791,0.932526,0.913056
N20261119-S009,N20261119,2026-11-20T03:30:00Z,900,true,1.328726,0.785624,0.914783,0.910639
N20261119-S010,N20261119,2026-11-20T03:45:00Z,900,true,1.280222,0.787183,0.913117,0.949217
N20261119-S011,N20261119,2026-11-20T04:00:00Z,900,true,1.258895,0.764740,0.913215,0.989463
N20261119-S012,N20261119,2026-11-20T04:15:00Z,900,true,1.220815,0.768508,0.872542,0.997848
N20261119-S013,N20261119,2026-11-20T04:30:00Z,900,true,1.231322,0.759883,0.892727,0.970643
N20261119-S014,N20261119,2026-11-20T04:45:00Z,900,true,1.215141,0.755180,0.909602,0.946864
N20261119-S015,N20261119,2026-11-20T05:00:00Z,900,true,1.188830,0.758063,0.872803,0.919146
N20261119-S016,N20261119,2026-11-20T05:15:00Z,900,true,1.153442,0.761395,0.862434,0.935028
N20261119-S017,N20261119,2026-11-20T05:30:00Z,900,true,1.129066,0.758265,0.840246,0.901864
N20261119-S018,N20261119,2026-11-20T05:45:00Z,900,true,1.170933,0.772157,0.865244,0.970047
N20261119-S019,N20261119,2026-11-20T06:00:00Z,900,true,1.121649,0.770618,0.844699,0.930972
N20261119-S020,N20261119,2026-11-20T06:15:00Z,900,true,1.089529,0.778289,0.864082,0.960995
N20261119-S021,N20261119,2026-11-20T06:30:00Z,900,true,1.147896,0.769512,0.858061,0.911635
N20261119-S022,N20261119,2026-11-20T06:45:00Z,900,true,1.075566,0.772989,0.854468,0.967491
N20261119-S023,N20261119,2026-11-20T07:00:00Z,900,true,1.065234,0.778149,0.873836,0.934524
N20261119-S024,N20261119,2026-11-20T07:15:00Z,900,true,1.101018,0.772333,0.878699,0.911639
N20261119-S025,N20261119,2026-11-20T07:30:00Z,900,true,1.105752,0.774722,0.868707,0.987195
N20261119-S026,N20261119,2026-11-20T07:45:00Z,900,true,1.102093,0.797932,0.881274,0.929350
N20261119-S027,N20261119,2026-11-20T08:00:00Z,900,true,1.112567,0.806321,0.905294,0.987479
N20261119-S028,N20261119,2026-11-20T08:15:00Z,900,true,1.157576,0.797839,0.919531,0.914167
N20261119-S029,N20261119,2026-11-20T08:30:00Z,900,true,1.123813,0.804781,0.925397,0.984423
N20261119-S030,N20261119,2026-11-20T08:45:00Z,900,true,1.131073,0.800744,0.927787,0.935797
N20261119-S031,N20261119,2026-11-20T09:00:00Z,900,true,1.117394,0.803575,0.894281,0.995872
N20261119-S032,N20261119,2026-11-20T09:15:00Z,900,true,1.107780,0.794501,0.894242,0.959888
N20261119-S033,N20261119,2026-11-20T09:30:00Z,900,true,1.172062,0.784268,0.898355,0.959028
N20261119-S034,N20261119,2026-11-20T09:45:00Z,900,true,1.157295,0.769812,0.910622,0.907112
N20261119-S035,N20261119,2026-11-20T10:00:00Z,900,true,1.183974,0.780848,0.909781,0.905737
N20261119-S036,N20261119,2026-11-20T10:15:00Z,900,true,1.178023,0.770049,0.880936,0.978004
N20261119-S037,N20261119,2026-11-20T10:30:00Z,900,true,1.140626,0.776959,0.898261,0.955936
N20261119-S038,N20261119,2026-11-20T10:45:00Z,900,true,1.148489,0.797659,0.874161,0.900378
N20261119-S039,N20261119,2026-11-20T11:00:00Z,900,true,1.136426,0.795758,0.889554,0.954441
N20261119-S040,N20261119,2026-11-20T11:15:00Z,900,true,1.183413,0.801455,0.890387,0.919874
N20261119-S041,N20261119,2026-11-20T11:30:00Z,900,true,1.222892,0.805230,0.887466,0.901093
N20261119-S042,N20261119,2026-11-20T11:45:00Z,900,true,1.270687,0.785454,0.904373,0.918298
N20261119-S043,N20261119,2026-11-20T12:00:00Z,900,true,1.234050,0.789707,0.927052,0.978589
N20261119-S044,N20261119,2026-11-20T12:15:00Z,900,true,1.231096,0.805878,0.928750,0.989223
N20261119-S045,N20261119,2026-11-20T12:30:00Z,900,true,1.244272,0.800557,0.955439,0.907152
N20261119-S046,N20261119,2026-11-20T12:45:00Z,900,false,,,,
N20261120-S001,N20261120,2026-11-21T01:30:00Z,900,true,1.265371,0.811696,0.983594,0.903761
N20261120-S002,N20261120,2026-11-21T01:45:00Z,900,true,1.299653,0.824804,0.984570,0.924355
N20261120-S003,N20261120,2026-11-21T02:00:00Z,900,true,1.351637,0.838953,0.982889,0.994188
N20261120-S004,N20261120,2026-11-21T02:15:00Z,900,true,1.329534,0.826835,0.982693,0.994577
N20261120-S005,N20261120,2026-11-21T02:30:00Z,900,true,1.330118,0.812252,0.992553,0.931262
N20261120-S006,N20261120,2026-11-21T02:45:00Z,900,true,1.292860,0.799854,0.994438,0.977368
N20261120-S007,N20261120,2026-11-21T03:00:00Z,900,true,1.340842,0.801290,1.004688,0.951132
N20261120-S008,N20261120,2026-11-21T03:15:00Z,900,true,1.349078,0.806279,1.028219,0.972193
N20261120-S009,N20261120,2026-11-21T03:30:00Z,900,true,1.333163,0.790742,1.034381,0.997281
N20261120-S010,N20261120,2026-11-21T03:45:00Z,900,true,1.304624,0.797585,0.986756,0.954257
N20261120-S011,N20261120,2026-11-21T04:00:00Z,900,true,1.270291,0.805665,0.979559,0.924912
N20261120-S012,N20261120,2026-11-21T04:15:00Z,900,true,1.259668,0.785964,0.994516,0.942339
N20261120-S013,N20261120,2026-11-21T04:30:00Z,900,true,1.244830,0.792759,0.981692,0.999206
N20261120-S014,N20261120,2026-11-21T04:45:00Z,900,true,1.255077,0.808664,0.974887,0.947778
N20261120-S015,N20261120,2026-11-21T05:00:00Z,900,true,1.196218,0.816747,0.977748,0.976934
N20261120-S016,N20261120,2026-11-21T05:15:00Z,900,true,1.228316,0.788077,0.986109,0.966153
N20261120-S017,N20261120,2026-11-21T05:30:00Z,900,true,1.198407,0.801352,0.998455,0.984972
N20261120-S018,N20261120,2026-11-21T05:45:00Z,900,true,1.210457,0.793811,0.997920,0.912340
N20261120-S019,N20261120,2026-11-21T06:00:00Z,900,true,1.297218,0.790624,1.013410,0.965418
N20261120-S020,N20261120,2026-11-21T06:15:00Z,900,true,1.294113,0.779962,1.014688,0.943923
N20261120-S021,N20261120,2026-11-21T06:30:00Z,900,true,1.300463,0.776509,1.026118,0.903720
N20261120-S022,N20261120,2026-11-21T06:45:00Z,900,true,1.309617,0.784260,1.006073,0.965408
N20261120-S023,N20261120,2026-11-21T07:00:00Z,900,true,1.354290,0.794925,1.006458,0.938544
N20261120-S024,N20261120,2026-11-21T07:15:00Z,900,true,1.301863,0.803042,1.000818,0.911294
N20261120-S025,N20261120,2026-11-21T07:30:00Z,900,true,1.296652,0.789232,0.982493,0.966525
N20261120-S026,N20261120,2026-11-21T07:45:00Z,900,true,1.361859,0.787591,0.971377,0.984607
N20261120-S027,N20261120,2026-11-21T08:00:00Z,900,true,1.352850,0.774123,1.015385,0.994159
N20261120-S028,N20261120,2026-11-21T08:15:00Z,900,true,1.372985,0.788552,1.023057,0.972123
N20261120-S029,N20261120,2026-11-21T08:30:00Z,900,true,1.358884,0.796305,1.017858,0.927811
N20261120-S030,N20261120,2026-11-21T08:45:00Z,900,true,1.367505,0.795048,1.014187,0.960841
N20261120-S031,N20261120,2026-11-21T09:00:00Z,900,true,1.390383,0.779312,1.000909,0.990871
N20261120-S032,N20261120,2026-11-21T09:15:00Z,900,true,1.421974,0.775896,1.008269,0.965390
N20261120-S033,N20261120,2026-11-21T09:30:00Z,900,true,1.406909,0.777988,1.007826,0.918345
N20261120-S034,N20261120,2026-11-21T09:45:00Z,900,true,1.415783,0.781178,1.004778,0.922632
N20261120-S035,N20261120,2026-11-21T10:00:00Z,900,true,1.435502,0.794114,1.001407,0.911754
N20261120-S036,N20261120,2026-11-21T10:15:00Z,900,true,1.435268,0.796708,1.012980,0.919407
N20261120-S037,N20261120,2026-11-21T10:30:00Z,900,true,1.375893,0.806062,0.998752,0.997181
N20261120-S038,N20261120,2026-11-21T10:45:00Z,900,true,1.349230,0.812341,0.972914,0.919470
N20261120-S039,N20261120,2026-11-21T11:00:00Z,900,true,1.422266,0.806544,0.978923,0.958834
N20261120-S040,N20261120,2026-11-21T11:15:00Z,900,true,1.423183,0.787349,0.984549,0.971561
N20261120-S041,N20261120,2026-11-21T11:30:00Z,900,true,1.389104,0.797426,0.945468,0.991506
N20261120-S042,N20261120,2026-11-21T11:45:00Z,900,true,1.407502,0.813381,0.964756,0.989736
N20261120-S043,N20261120,2026-11-21T12:00:00Z,900,true,1.385076,0.828251,0.971501,0.957669
N20261120-S044,N20261120,2026-11-21T12:15:00Z,900,true,1.365278,0.821387,0.938450,0.965452
N20261120-S045,N20261120,2026-11-21T12:30:00Z,900,true,1.383710,0.815894,0.981115,0.952731
N20261120-S046,N20261120,2026-11-21T12:45:00Z,900,true,1.400318,0.815898,0.976802,0.906305
N20261121-S001,N20261121,2026-11-22T01:30:00Z,900,true,1.366553,0.841177,0.784949,0.970989
N20261121-S002,N20261121,2026-11-22T01:45:00Z,900,true,1.401652,0.857294,0.786181,0.947660
N20261121-S003,N20261121,2026-11-22T02:00:00Z,900,true,1.404145,0.864930,0.788370,0.982811
N20261121-S004,N20261121,2026-11-22T02:15:00Z,900,true,1.482951,0.887119,0.787369,0.982895
N20261121-S005,N20261121,2026-11-22T02:30:00Z,900,true,1.476598,0.897757,0.812197,0.921333
N20261121-S006,N20261121,2026-11-22T02:45:00Z,900,true,1.434063,0.888716,0.826946,0.997309
N20261121-S007,N20261121,2026-11-22T03:00:00Z,900,true,1.361863,0.874667,0.804512,0.991315
N20261121-S008,N20261121,2026-11-22T03:15:00Z,900,true,1.354793,0.870410,0.813769,0.915838
N20261121-S009,N20261121,2026-11-22T03:30:00Z,900,true,1.321084,0.880206,0.811997,0.948681
N20261121-S010,N20261121,2026-11-22T03:45:00Z,900,true,1.311046,0.881894,0.827882,0.939266
N20261121-S011,N20261121,2026-11-22T04:00:00Z,900,true,1.318358,0.884709,0.814105,0.940918
N20261121-S012,N20261121,2026-11-22T04:15:00Z,900,true,1.357534,0.886396,0.827231,0.905067
N20261121-S013,N20261121,2026-11-22T04:30:00Z,900,true,1.364836,0.879802,0.835872,0.904163
N20261121-S014,N20261121,2026-11-22T04:45:00Z,900,true,1.286200,0.883638,0.820917,0.982583
N20261121-S015,N20261121,2026-11-22T05:00:00Z,900,true,1.304825,0.878725,0.815839,0.951593
N20261121-S016,N20261121,2026-11-22T05:15:00Z,900,true,1.293529,0.858034,0.811909,0.954064
N20261121-S017,N20261121,2026-11-22T05:30:00Z,900,true,1.326081,0.852695,0.795876,0.934618
N20261121-S018,N20261121,2026-11-22T05:45:00Z,900,true,1.382757,0.860873,0.809204,0.934593
N20261121-S019,N20261121,2026-11-22T06:00:00Z,900,true,1.420934,0.854602,0.827702,0.996452
N20261121-S020,N20261121,2026-11-22T06:15:00Z,900,true,1.468162,0.865320,0.826903,0.910971
N20261121-S021,N20261121,2026-11-22T06:30:00Z,900,true,1.395970,0.880722,0.815518,0.991289
N20261121-S022,N20261121,2026-11-22T06:45:00Z,900,true,1.414374,0.870358,0.815174,0.983455
N20261121-S023,N20261121,2026-11-22T07:00:00Z,900,true,1.430604,0.857898,0.819609,0.943253
N20261121-S024,N20261121,2026-11-22T07:15:00Z,900,true,1.403939,0.854794,0.810283,0.976390
N20261121-S025,N20261121,2026-11-22T07:30:00Z,900,true,1.434875,0.867838,0.796508,0.904023
N20261121-S026,N20261121,2026-11-22T07:45:00Z,900,true,1.469323,0.860583,0.818031,0.952638
N20261121-S027,N20261121,2026-11-22T08:00:00Z,900,true,1.427745,0.856535,0.801748,0.911186
N20261121-S028,N20261121,2026-11-22T08:15:00Z,900,true,1.401793,0.876629,0.807997,0.994317
N20261121-S029,N20261121,2026-11-22T08:30:00Z,900,true,1.407081,0.884945,0.773720,0.908430
N20261121-S030,N20261121,2026-11-22T08:45:00Z,900,true,1.413208,0.886930,0.764023,0.966856
N20261121-S031,N20261121,2026-11-22T09:00:00Z,900,true,1.421015,0.871410,0.765920,0.937458
N20261121-S032,N20261121,2026-11-22T09:15:00Z,900,true,1.400139,0.876510,0.746730,0.941580
N20261121-S033,N20261121,2026-11-22T09:30:00Z,900,true,1.408325,0.874677,0.698734,0.900296
N20261121-S034,N20261121,2026-11-22T09:45:00Z,900,true,1.438055,0.886930,0.737198,0.905274
N20261121-S035,N20261121,2026-11-22T10:00:00Z,900,true,1.437954,0.881735,0.766090,0.904051
N20261121-S036,N20261121,2026-11-22T10:15:00Z,900,true,1.409226,0.865673,0.789461,0.967090
N20261121-S037,N20261121,2026-11-22T10:30:00Z,900,true,1.386823,0.851893,0.793526,0.937981
N20261121-S038,N20261121,2026-11-22T10:45:00Z,900,false,,,,
N20261121-S039,N20261121,2026-11-22T11:00:00Z,900,false,,,,
N20261121-S040,N20261121,2026-11-22T11:15:00Z,900,true,1.425616,0.845821,0.738265,0.956329
N20261121-S041,N20261121,2026-11-22T11:30:00Z,900,true,1.403489,0.848186,0.750291,0.928444
N20261121-S042,N20261121,2026-11-22T11:45:00Z,900,true,1.369020,0.866295,0.765329,0.969154
N20261121-S043,N20261121,2026-11-22T12:00:00Z,900,true,1.338290,0.857005,0.789150,0.961264
N20261121-S044,N20261121,2026-11-22T12:15:00Z,900,true,1.318722,0.849413,0.808401,0.919903
N20261121-S045,N20261121,2026-11-22T12:30:00Z,900,true,1.317766,0.841117,0.795803,0.958300
N20261121-S046,N20261121,2026-11-22T12:45:00Z,900,true,1.384916,0.843949,0.780212,0.938735
N20261122-S001,N20261122,2026-11-23T01:30:00Z,900,true,1.325382,0.812062,0.921193,0.984762
N20261122-S002,N20261122,2026-11-23T01:45:00Z,900,true,1.369457,0.824248,0.881031,0.976999
N20261122-S003,N20261122,2026-11-23T02:00:00Z,900,true,1.377709,0.820690,0.881650,0.993772
N20261122-S004,N20261122,2026-11-23T02:15:00Z,900,true,1.280307,0.812081,0.890537,0.938749
N20261122-S005,N20261122,2026-11-23T02:30:00Z,900,true,1.268620,0.784013,0.883149,0.997399
N20261122-S006,N20261122,2026-11-23T02:45:00Z,900,true,1.258817,0.797649,0.901146,0.952683
N20261122-S007,N20261122,2026-11-23T03:00:00Z,900,true,1.220809,0.795723,0.928991,0.955070
N20261122-S008,N20261122,2026-11-23T03:15:00Z,900,true,1.219802,0.804510,0.917049,0.944144
N20261122-S009,N20261122,2026-11-23T03:30:00Z,900,true,1.290115,0.797191,0.924269,0.958996
N20261122-S010,N20261122,2026-11-23T03:45:00Z,900,true,1.303360,0.797013,0.905691,0.972485
N20261122-S011,N20261122,2026-11-23T04:00:00Z,900,true,1.329206,0.791872,0.953669,0.924216
N20261122-S012,N20261122,2026-11-23T04:15:00Z,900,true,1.280686,0.808496,0.944375,0.905622
N20261122-S013,N20261122,2026-11-23T04:30:00Z,900,true,1.307287,0.816507,0.950850,0.983076
N20261122-S014,N20261122,2026-11-23T04:45:00Z,900,true,1.285234,0.812236,0.931470,0.921847
N20261122-S015,N20261122,2026-11-23T05:00:00Z,900,true,1.284755,0.819423,0.925990,0.923219
N20261122-S016,N20261122,2026-11-23T05:15:00Z,900,true,1.295602,0.820229,0.897236,0.920238
N20261122-S017,N20261122,2026-11-23T05:30:00Z,900,true,1.308176,0.821760,0.894625,0.912797
N20261122-S018,N20261122,2026-11-23T05:45:00Z,900,true,1.278146,0.828886,0.889949,0.999612
N20261122-S019,N20261122,2026-11-23T06:00:00Z,900,true,1.313295,0.828896,0.896375,0.931029
N20261122-S020,N20261122,2026-11-23T06:15:00Z,900,true,1.246737,0.827759,0.886190,0.975650
N20261122-S021,N20261122,2026-11-23T06:30:00Z,900,true,1.238442,0.810028,0.889820,0.952595
N20261122-S022,N20261122,2026-11-23T06:45:00Z,900,true,1.263137,0.820725,0.898945,0.939195
N20261122-S023,N20261122,2026-11-23T07:00:00Z,900,true,1.316508,0.827675,0.916376,0.929744
N20261122-S024,N20261122,2026-11-23T07:15:00Z,900,true,1.310236,0.835679,0.903083,0.912589
N20261122-S025,N20261122,2026-11-23T07:30:00Z,900,true,1.310689,0.835910,0.906659,0.927639
N20261122-S026,N20261122,2026-11-23T07:45:00Z,900,true,1.270408,0.845445,0.914698,0.934608
N20261122-S027,N20261122,2026-11-23T08:00:00Z,900,true,1.289466,0.871990,0.932490,0.924456
N20261122-S028,N20261122,2026-11-23T08:15:00Z,900,true,1.299905,0.868852,0.920597,0.919253
N20261122-S029,N20261122,2026-11-23T08:30:00Z,900,true,1.309505,0.873543,0.946788,0.919079
N20261122-S030,N20261122,2026-11-23T08:45:00Z,900,true,1.376824,0.873143,0.942998,0.967885
N20261122-S031,N20261122,2026-11-23T09:00:00Z,900,true,1.400114,0.882576,0.957386,0.981648
N20261122-S032,N20261122,2026-11-23T09:15:00Z,900,true,1.410191,0.870492,0.944098,0.986599
N20261122-S033,N20261122,2026-11-23T09:30:00Z,900,true,1.373776,0.858198,0.953920,0.938425
N20261122-S034,N20261122,2026-11-23T09:45:00Z,900,true,1.359895,0.854870,0.961191,0.919341
N20261122-S035,N20261122,2026-11-23T10:00:00Z,900,true,1.368293,0.849245,0.950794,0.996734
N20261122-S036,N20261122,2026-11-23T10:15:00Z,900,true,1.359440,0.850798,0.931650,0.993202
N20261122-S037,N20261122,2026-11-23T10:30:00Z,900,true,1.354900,0.830195,0.894727,0.936336
N20261122-S038,N20261122,2026-11-23T10:45:00Z,900,true,1.313292,0.823597,0.859150,0.981566
N20261122-S039,N20261122,2026-11-23T11:00:00Z,900,true,1.282586,0.821700,0.862907,0.995942
N20261122-S040,N20261122,2026-11-23T11:15:00Z,900,true,1.299994,0.842056,0.878452,0.965477
N20261122-S041,N20261122,2026-11-23T11:30:00Z,900,true,1.317683,0.842937,0.869688,0.945031
N20261122-S042,N20261122,2026-11-23T11:45:00Z,900,true,1.273458,0.840718,0.891147,0.917426
N20261122-S043,N20261122,2026-11-23T12:00:00Z,900,true,1.329287,0.814292,0.882634,0.648376
N20261122-S044,N20261122,2026-11-23T12:15:00Z,900,true,1.359013,0.813157,0.887616,0.695633
N20261122-S045,N20261122,2026-11-23T12:30:00Z,900,true,1.320414,0.815820,0.896700,0.705654
N20261122-S046,N20261122,2026-11-23T12:45:00Z,900,true,1.322015,0.798034,0.903342,0.689145
N20261123-S001,N20261123,2026-11-24T01:30:00Z,900,true,1.407797,0.804765,0.917246,0.952491
N20261123-S002,N20261123,2026-11-24T01:45:00Z,900,true,1.422843,0.777898,0.897479,0.988192
N20261123-S003,N20261123,2026-11-24T02:00:00Z,900,true,1.419658,0.772523,0.918680,0.939832
N20261123-S004,N20261123,2026-11-24T02:15:00Z,900,true,1.342917,0.786515,0.931886,0.986459
N20261123-S005,N20261123,2026-11-24T02:30:00Z,900,true,1.377109,0.795112,0.942392,0.915900
N20261123-S006,N20261123,2026-11-24T02:45:00Z,900,true,1.408524,0.808000,0.955665,0.978287
N20261123-S007,N20261123,2026-11-24T03:00:00Z,900,true,1.393422,0.806867,0.950552,0.902905
N20261123-S008,N20261123,2026-11-24T03:15:00Z,900,true,1.374402,0.790851,0.944612,0.943256
N20261123-S009,N20261123,2026-11-24T03:30:00Z,900,true,1.372619,0.803543,0.912830,0.955112
N20261123-S010,N20261123,2026-11-24T03:45:00Z,900,true,1.382654,0.816179,0.945486,0.979140
N20261123-S011,N20261123,2026-11-24T04:00:00Z,900,true,1.394997,0.816962,0.957091,0.919755
N20261123-S012,N20261123,2026-11-24T04:15:00Z,900,true,1.367787,0.796039,0.978359,0.922465
N20261123-S013,N20261123,2026-11-24T04:30:00Z,900,true,1.362326,0.790559,0.946621,0.977458
N20261123-S014,N20261123,2026-11-24T04:45:00Z,900,true,1.412497,0.786111,0.962516,0.956600
N20261123-S015,N20261123,2026-11-24T05:00:00Z,900,true,1.446974,0.777151,0.959456,0.967454
N20261123-S016,N20261123,2026-11-24T05:15:00Z,900,true,1.430585,0.801089,0.959797,0.989903
N20261123-S017,N20261123,2026-11-24T05:30:00Z,900,true,1.481286,0.799775,0.970828,0.964259
N20261123-S018,N20261123,2026-11-24T05:45:00Z,900,true,1.435737,0.788827,0.959052,0.960660
N20261123-S019,N20261123,2026-11-24T06:00:00Z,900,true,1.427604,0.774764,0.921761,0.911353
N20261123-S020,N20261123,2026-11-24T06:15:00Z,900,true,1.460842,0.774798,0.898971,0.970353
N20261123-S021,N20261123,2026-11-24T06:30:00Z,900,true,1.407146,0.772274,0.902223,0.972666
N20261123-S022,N20261123,2026-11-24T06:45:00Z,900,true,1.411146,0.793808,0.927461,0.916315
N20261123-S023,N20261123,2026-11-24T07:00:00Z,900,true,1.400626,0.802231,0.895787,0.982286
N20261123-S024,N20261123,2026-11-24T07:15:00Z,900,true,1.439320,0.816717,0.908721,0.903642
N20261123-S025,N20261123,2026-11-24T07:30:00Z,900,true,1.389184,0.813021,0.939269,0.987518
N20261123-S026,N20261123,2026-11-24T07:45:00Z,900,true,1.378515,0.810388,0.950929,0.901358
N20261123-S027,N20261123,2026-11-24T08:00:00Z,900,true,1.349934,0.824023,0.948035,0.974678
N20261123-S028,N20261123,2026-11-24T08:15:00Z,900,true,1.314549,0.816731,0.970805,0.936374
N20261123-S029,N20261123,2026-11-24T08:30:00Z,900,true,1.334680,0.808944,0.946304,0.936190
N20261123-S030,N20261123,2026-11-24T08:45:00Z,900,true,1.342148,0.800424,0.920410,0.935374
N20261123-S031,N20261123,2026-11-24T09:00:00Z,900,true,1.361718,0.786491,0.941264,0.934262
N20261123-S032,N20261123,2026-11-24T09:15:00Z,900,true,1.376418,0.800295,0.947307,0.909169
N20261123-S033,N20261123,2026-11-24T09:30:00Z,900,true,1.371723,0.788520,0.934449,0.928819
N20261123-S034,N20261123,2026-11-24T09:45:00Z,900,true,1.429202,0.781446,0.932404,0.910658
N20261123-S035,N20261123,2026-11-24T10:00:00Z,900,true,1.404785,0.801265,0.951949,0.981605
N20261123-S036,N20261123,2026-11-24T10:15:00Z,900,true,1.400874,0.783219,0.965605,0.997887
N20261123-S037,N20261123,2026-11-24T10:30:00Z,900,true,1.405387,0.759586,0.906005,0.939576
N20261123-S038,N20261123,2026-11-24T10:45:00Z,900,true,1.379006,0.758691,0.914704,0.944294
N20261123-S039,N20261123,2026-11-24T11:00:00Z,900,true,1.352030,0.762721,0.898524,0.900947
N20261123-S040,N20261123,2026-11-24T11:15:00Z,900,true,1.381116,0.773209,0.886048,0.983572
N20261123-S041,N20261123,2026-11-24T11:30:00Z,900,true,1.410712,0.774860,0.875269,0.911808
N20261123-S042,N20261123,2026-11-24T11:45:00Z,900,true,1.353767,0.759883,0.881417,0.974713
N20261123-S043,N20261123,2026-11-24T12:00:00Z,900,true,1.347445,0.777881,0.885798,0.988726
N20261123-S044,N20261123,2026-11-24T12:15:00Z,900,true,1.242429,0.774475,0.904816,0.936215
N20261123-S045,N20261123,2026-11-24T12:30:00Z,900,true,1.271645,0.765330,0.910314,0.945092
N20261123-S046,N20261123,2026-11-24T12:45:00Z,900,true,1.297674,0.756055,0.908587,0.927192
N20261124-S001,N20261124,2026-11-25T01:30:00Z,900,true,1.346387,0.847696,0.987746,0.905097
N20261124-S002,N20261124,2026-11-25T01:45:00Z,900,true,1.297118,0.848410,0.990250,0.901021
N20261124-S003,N20261124,2026-11-25T02:00:00Z,900,true,1.326766,0.858705,1.003527,0.914680
N20261124-S004,N20261124,2026-11-25T02:15:00Z,900,true,1.306974,0.864213,0.987727,0.962920
N20261124-S005,N20261124,2026-11-25T02:30:00Z,900,true,1.307975,0.849429,1.002861,0.912283
N20261124-S006,N20261124,2026-11-25T02:45:00Z,900,true,1.296305,0.864627,1.013334,0.918706
N20261124-S007,N20261124,2026-11-25T03:00:00Z,900,true,1.275879,0.864661,1.023111,0.966362
N20261124-S008,N20261124,2026-11-25T03:15:00Z,900,true,1.361798,0.849702,1.013465,0.918355
N20261124-S009,N20261124,2026-11-25T03:30:00Z,900,true,1.345913,0.847572,1.026619,0.992890
N20261124-S010,N20261124,2026-11-25T03:45:00Z,900,true,1.345500,0.857625,1.008713,0.999832
N20261124-S011,N20261124,2026-11-25T04:00:00Z,900,true,1.410422,0.859100,1.025756,0.900615
N20261124-S012,N20261124,2026-11-25T04:15:00Z,900,true,1.368173,0.864609,1.043625,0.905459
N20261124-S013,N20261124,2026-11-25T04:30:00Z,900,true,1.403723,0.868227,1.035462,0.998840
N20261124-S014,N20261124,2026-11-25T04:45:00Z,900,true,1.374067,0.851017,1.022615,0.952584
N20261124-S015,N20261124,2026-11-25T05:00:00Z,900,true,1.402163,0.858476,1.010498,0.984009
N20261124-S016,N20261124,2026-11-25T05:15:00Z,900,true,1.433216,0.854238,1.032630,0.919622
N20261124-S017,N20261124,2026-11-25T05:30:00Z,900,true,1.442800,0.833625,1.003548,0.918254
N20261124-S018,N20261124,2026-11-25T05:45:00Z,900,true,1.431434,0.839592,0.999860,0.901322
N20261124-S019,N20261124,2026-11-25T06:00:00Z,900,true,1.426244,0.815960,0.997116,0.928109
N20261124-S020,N20261124,2026-11-25T06:15:00Z,900,true,1.467656,0.796574,0.993980,0.909490
N20261124-S021,N20261124,2026-11-25T06:30:00Z,900,true,1.472158,0.793094,1.018854,0.979548
N20261124-S022,N20261124,2026-11-25T06:45:00Z,900,true,1.445930,0.796630,1.030519,0.931331
N20261124-S023,N20261124,2026-11-25T07:00:00Z,900,true,1.425650,0.797141,1.035966,0.974680
N20261124-S024,N20261124,2026-11-25T07:15:00Z,900,true,1.411928,0.817274,1.031543,0.962891
N20261124-S025,N20261124,2026-11-25T07:30:00Z,900,true,1.344887,0.830718,1.038139,0.983788
N20261124-S026,N20261124,2026-11-25T07:45:00Z,900,true,1.286992,0.829621,1.038432,0.945974
N20261124-S027,N20261124,2026-11-25T08:00:00Z,900,true,1.329685,0.829152,1.019185,0.959692
N20261124-S028,N20261124,2026-11-25T08:15:00Z,900,true,1.284275,0.833292,1.000179,0.916274
N20261124-S029,N20261124,2026-11-25T08:30:00Z,900,true,1.317725,0.829809,1.025128,0.920024
N20261124-S030,N20261124,2026-11-25T08:45:00Z,900,true,1.316724,0.812011,1.018473,0.981081
N20261124-S031,N20261124,2026-11-25T09:00:00Z,900,true,1.229038,0.801304,1.041991,0.944689
N20261124-S032,N20261124,2026-11-25T09:15:00Z,900,true,1.274626,0.805323,1.029565,0.957519
N20261124-S033,N20261124,2026-11-25T09:30:00Z,900,true,1.276295,0.800198,1.004162,0.913604
N20261124-S034,N20261124,2026-11-25T09:45:00Z,900,true,1.315487,0.799690,0.986285,0.971755
N20261124-S035,N20261124,2026-11-25T10:00:00Z,900,true,1.280021,0.809610,0.963519,0.921275
N20261124-S036,N20261124,2026-11-25T10:15:00Z,900,true,1.313036,0.811530,0.944850,0.998560
N20261124-S037,N20261124,2026-11-25T10:30:00Z,900,true,1.302594,0.816656,0.945650,0.918243
N20261124-S038,N20261124,2026-11-25T10:45:00Z,900,true,1.331638,0.809723,0.943810,0.905931
N20261124-S039,N20261124,2026-11-25T11:00:00Z,900,true,1.279085,0.819521,0.948084,0.993379
N20261124-S040,N20261124,2026-11-25T11:15:00Z,900,true,1.272572,0.816995,0.967012,0.979163
N20261124-S041,N20261124,2026-11-25T11:30:00Z,900,true,1.280838,0.821929,0.961361,0.985170
N20261124-S042,N20261124,2026-11-25T11:45:00Z,900,true,1.318920,0.814997,0.967253,0.901246
N20261124-S043,N20261124,2026-11-25T12:00:00Z,900,true,1.324396,0.808949,0.957704,0.902659
N20261124-S044,N20261124,2026-11-25T12:15:00Z,900,true,1.331126,0.805824,0.973349,0.912695
N20261124-S045,N20261124,2026-11-25T12:30:00Z,900,true,1.309565,0.808400,0.976298,0.902805
N20261124-S046,N20261124,2026-11-25T12:45:00Z,900,true,1.241857,0.798670,0.997258,0.939178
N20261125-S001,N20261125,2026-11-26T01:30:00Z,900,true,1.381245,0.811481,1.068752,0.930472
N20261125-S002,N20261125,2026-11-26T01:45:00Z,900,true,1.388708,0.813032,1.078939,0.976609
N20261125-S003,N20261125,2026-11-26T02:00:00Z,900,true,1.358831,0.790820,1.083486,0.933541
N20261125-S004,N20261125,2026-11-26T02:15:00Z,900,true,1.366298,0.798138,1.087640,0.918204
N20261125-S005,N20261125,2026-11-26T02:30:00Z,900,true,1.325227,0.811442,1.063616,0.957058
N20261125-S006,N20261125,2026-11-26T02:45:00Z,900,true,1.299568,0.817192,1.065296,0.986371
N20261125-S007,N20261125,2026-11-26T03:00:00Z,900,true,1.324745,0.827612,1.064444,0.922586
N20261125-S008,N20261125,2026-11-26T03:15:00Z,900,true,1.343789,0.826138,1.072788,0.909260
N20261125-S009,N20261125,2026-11-26T03:30:00Z,900,true,1.322271,0.854158,1.090011,0.923319
N20261125-S010,N20261125,2026-11-26T03:45:00Z,900,true,1.333657,0.829739,1.102724,0.912776
N20261125-S011,N20261125,2026-11-26T04:00:00Z,900,true,1.374300,0.814281,1.098476,0.930179
N20261125-S012,N20261125,2026-11-26T04:15:00Z,900,false,,,,
N20261125-S013,N20261125,2026-11-26T04:30:00Z,900,true,1.326082,0.832988,1.107976,0.961067
N20261125-S014,N20261125,2026-11-26T04:45:00Z,900,true,1.311598,0.837958,1.094714,0.926127
N20261125-S015,N20261125,2026-11-26T05:00:00Z,900,true,1.345233,0.833856,1.087979,0.968150
N20261125-S016,N20261125,2026-11-26T05:15:00Z,900,true,1.314673,0.833748,1.086939,0.907671
N20261125-S017,N20261125,2026-11-26T05:30:00Z,900,true,1.314283,0.844158,1.087860,0.923523
N20261125-S018,N20261125,2026-11-26T05:45:00Z,900,true,1.369623,0.834850,1.057367,0.928696
N20261125-S019,N20261125,2026-11-26T06:00:00Z,900,true,1.349039,0.825426,1.063282,0.961654
N20261125-S020,N20261125,2026-11-26T06:15:00Z,900,true,1.376669,0.824717,1.040413,0.919631
N20261125-S021,N20261125,2026-11-26T06:30:00Z,900,true,1.349058,0.803716,1.045927,0.913875
N20261125-S022,N20261125,2026-11-26T06:45:00Z,900,true,1.364049,0.784979,1.023717,0.915824
N20261125-S023,N20261125,2026-11-26T07:00:00Z,900,true,1.349470,0.779643,0.992290,0.925899
N20261125-S024,N20261125,2026-11-26T07:15:00Z,900,true,1.291205,0.771048,1.018272,0.920908
N20261125-S025,N20261125,2026-11-26T07:30:00Z,900,true,1.282473,0.768301,1.012420,0.924070
N20261125-S026,N20261125,2026-11-26T07:45:00Z,900,true,1.314640,0.762916,1.012840,0.927118
N20261125-S027,N20261125,2026-11-26T08:00:00Z,900,true,1.397088,0.760495,1.040083,0.987508
N20261125-S028,N20261125,2026-11-26T08:15:00Z,900,true,1.394829,0.774893,1.026701,0.960172
N20261125-S029,N20261125,2026-11-26T08:30:00Z,900,true,1.392056,0.769487,1.022302,0.935583
N20261125-S030,N20261125,2026-11-26T08:45:00Z,900,true,1.371803,0.777797,1.043301,0.954553
N20261125-S031,N20261125,2026-11-26T09:00:00Z,900,true,1.399270,0.780810,1.043977,0.908939
N20261125-S032,N20261125,2026-11-26T09:15:00Z,900,true,1.385163,0.778927,1.045283,0.960702
N20261125-S033,N20261125,2026-11-26T09:30:00Z,900,true,1.400994,0.791574,1.032472,0.950311
N20261125-S034,N20261125,2026-11-26T09:45:00Z,900,true,1.461870,0.796536,1.033736,0.935472
N20261125-S035,N20261125,2026-11-26T10:00:00Z,900,true,1.448511,0.804163,1.016043,0.934918
N20261125-S036,N20261125,2026-11-26T10:15:00Z,900,true,1.456521,0.811680,1.033918,0.908698
N20261125-S037,N20261125,2026-11-26T10:30:00Z,900,true,1.508456,0.790824,1.031895,0.947881
N20261125-S038,N20261125,2026-11-26T10:45:00Z,900,true,1.466754,0.781410,1.057262,0.998202
N20261125-S039,N20261125,2026-11-26T11:00:00Z,900,true,1.468178,0.802966,1.060915,0.981297
N20261125-S040,N20261125,2026-11-26T11:15:00Z,900,true,1.469851,0.776720,1.076741,0.905269
N20261125-S041,N20261125,2026-11-26T11:30:00Z,900,true,1.437714,0.795225,1.074664,0.968399
N20261125-S042,N20261125,2026-11-26T11:45:00Z,900,true,1.458843,0.798032,1.083342,0.927790
N20261125-S043,N20261125,2026-11-26T12:00:00Z,900,true,1.425147,0.806292,1.070529,0.900288
N20261125-S044,N20261125,2026-11-26T12:15:00Z,900,true,1.436653,0.812039,1.064474,0.960644
N20261125-S045,N20261125,2026-11-26T12:30:00Z,900,true,1.423711,0.811825,1.079873,0.965116
N20261125-S046,N20261125,2026-11-26T12:45:00Z,900,true,1.409730,0.809929,1.086299,0.913308
N20261126-S001,N20261126,2026-11-27T01:30:00Z,900,true,1.257357,0.753803,0.955160,0.961071
N20261126-S002,N20261126,2026-11-27T01:45:00Z,900,true,1.267516,0.762336,0.940893,0.985589
N20261126-S003,N20261126,2026-11-27T02:00:00Z,900,true,1.264662,0.784668,0.950212,0.939218
N20261126-S004,N20261126,2026-11-27T02:15:00Z,900,true,1.235480,0.781998,0.963320,0.926052
N20261126-S005,N20261126,2026-11-27T02:30:00Z,900,true,1.279570,0.793921,0.965416,0.963895
N20261126-S006,N20261126,2026-11-27T02:45:00Z,900,true,1.306219,0.811734,0.955958,0.901595
N20261126-S007,N20261126,2026-11-27T03:00:00Z,900,true,1.291385,0.797052,0.934607,0.935279
N20261126-S008,N20261126,2026-11-27T03:15:00Z,900,true,1.317497,0.783731,0.930906,0.996729
N20261126-S009,N20261126,2026-11-27T03:30:00Z,900,true,1.326474,0.765548,0.962694,0.960953
N20261126-S010,N20261126,2026-11-27T03:45:00Z,900,true,1.315227,0.754054,0.942920,0.907139
N20261126-S011,N20261126,2026-11-27T04:00:00Z,900,true,1.330506,0.750543,0.923165,0.926719
N20261126-S012,N20261126,2026-11-27T04:15:00Z,900,true,1.344209,0.747677,0.953000,0.982367
N20261126-S013,N20261126,2026-11-27T04:30:00Z,900,true,1.377050,0.760102,0.954968,0.918495
N20261126-S014,N20261126,2026-11-27T04:45:00Z,900,true,1.384698,0.778513,0.965602,0.931482
N20261126-S015,N20261126,2026-11-27T05:00:00Z,900,true,1.376334,0.764967,0.982600,0.950441
N20261126-S016,N20261126,2026-11-27T05:15:00Z,900,true,1.281623,0.774554,0.967547,0.949166
N20261126-S017,N20261126,2026-11-27T05:30:00Z,900,false,,,,
N20261126-S018,N20261126,2026-11-27T05:45:00Z,900,false,,,,
N20261126-S019,N20261126,2026-11-27T06:00:00Z,900,false,,,,
N20261126-S020,N20261126,2026-11-27T06:15:00Z,900,false,,,,
N20261126-S021,N20261126,2026-11-27T06:30:00Z,900,false,,,,
N20261126-S022,N20261126,2026-11-27T06:45:00Z,900,false,,,,
N20261126-S023,N20261126,2026-11-27T07:00:00Z,900,false,,,,
N20261126-S024,N20261126,2026-11-27T07:15:00Z,900,false,,,,
N20261126-S025,N20261126,2026-11-27T07:30:00Z,900,false,,,,
N20261126-S026,N20261126,2026-11-27T07:45:00Z,900,false,,,,
N20261126-S027,N20261126,2026-11-27T08:00:00Z,900,false,,,,
N20261126-S028,N20261126,2026-11-27T08:15:00Z,900,false,,,,
N20261126-S029,N20261126,2026-11-27T08:30:00Z,900,true,1.214544,0.806847,0.929221,0.982456
N20261126-S030,N20261126,2026-11-27T08:45:00Z,900,true,1.179018,0.807403,0.931670,0.921472
N20261126-S031,N20261126,2026-11-27T09:00:00Z,900,true,1.173143,0.820484,0.919602,0.996527
N20261126-S032,N20261126,2026-11-27T09:15:00Z,900,true,1.192806,0.801628,0.931945,0.965793
N20261126-S033,N20261126,2026-11-27T09:30:00Z,900,true,1.191788,0.804903,0.947321,0.931707
N20261126-S034,N20261126,2026-11-27T09:45:00Z,900,true,1.174336,0.796031,0.956196,0.921654
N20261126-S035,N20261126,2026-11-27T10:00:00Z,900,true,1.199944,0.798046,0.978481,0.933651
N20261126-S036,N20261126,2026-11-27T10:15:00Z,900,true,1.246574,0.792352,0.958597,0.991235
N20261126-S037,N20261126,2026-11-27T10:30:00Z,900,true,1.217923,0.796618,0.963643,0.971378
N20261126-S038,N20261126,2026-11-27T10:45:00Z,900,true,1.258357,0.801193,0.973728,0.909210
N20261126-S039,N20261126,2026-11-27T11:00:00Z,900,true,1.191245,0.778554,0.959282,0.927902
N20261126-S040,N20261126,2026-11-27T11:15:00Z,900,true,1.235686,0.749914,0.952657,0.984996
N20261126-S041,N20261126,2026-11-27T11:30:00Z,900,true,1.223311,0.744001,0.969388,0.977471
N20261126-S042,N20261126,2026-11-27T11:45:00Z,900,true,1.271593,0.738196,0.962643,0.940972
N20261126-S043,N20261126,2026-11-27T12:00:00Z,900,true,1.262956,0.749097,0.956445,0.970939
N20261126-S044,N20261126,2026-11-27T12:15:00Z,900,true,1.301795,0.746174,0.936869,0.943582
N20261126-S045,N20261126,2026-11-27T12:30:00Z,900,true,1.270355,0.743842,0.983830,0.994927
N20261126-S046,N20261126,2026-11-27T12:45:00Z,900,true,1.237083,0.738646,0.982420,0.973113
N20261127-S001,N20261127,2026-11-28T01:30:00Z,900,true,1.215320,0.780123,0.952782,0.948283
N20261127-S002,N20261127,2026-11-28T01:45:00Z,900,true,1.226852,0.770280,0.958918,0.993179
N20261127-S003,N20261127,2026-11-28T02:00:00Z,900,true,1.248367,0.774512,0.934862,0.970810
N20261127-S004,N20261127,2026-11-28T02:15:00Z,900,true,1.195420,0.771131,0.928935,0.962387
N20261127-S005,N20261127,2026-11-28T02:30:00Z,900,true,1.194827,0.786933,0.948071,0.905073
N20261127-S006,N20261127,2026-11-28T02:45:00Z,900,true,1.156005,0.777408,0.967301,0.929225
N20261127-S007,N20261127,2026-11-28T03:00:00Z,900,true,1.112513,0.762115,0.990220,0.990419
N20261127-S008,N20261127,2026-11-28T03:15:00Z,900,true,1.163888,0.769592,0.967296,0.979559
N20261127-S009,N20261127,2026-11-28T03:30:00Z,900,true,1.135411,0.765862,0.976880,0.987187
N20261127-S010,N20261127,2026-11-28T03:45:00Z,900,true,1.064549,0.755340,0.974557,0.936643
N20261127-S011,N20261127,2026-11-28T04:00:00Z,900,true,1.070979,0.763690,0.986611,0.986730
N20261127-S012,N20261127,2026-11-28T04:15:00Z,900,true,1.111666,0.761489,0.981849,0.977289
N20261127-S013,N20261127,2026-11-28T04:30:00Z,900,true,1.151701,0.761984,0.975857,0.987794
N20261127-S014,N20261127,2026-11-28T04:45:00Z,900,true,1.175558,0.765980,0.968245,0.963645
N20261127-S015,N20261127,2026-11-28T05:00:00Z,900,true,1.159975,0.777543,0.963543,0.904390
N20261127-S016,N20261127,2026-11-28T05:15:00Z,900,true,1.180011,0.796868,0.959131,0.908572
N20261127-S017,N20261127,2026-11-28T05:30:00Z,900,true,1.184236,0.803221,0.944549,0.937248
N20261127-S018,N20261127,2026-11-28T05:45:00Z,900,true,1.153344,0.793605,0.939997,0.900974
N20261127-S019,N20261127,2026-11-28T06:00:00Z,900,true,1.184911,0.778372,0.932655,0.921875
N20261127-S020,N20261127,2026-11-28T06:15:00Z,900,true,1.130272,0.771283,0.938781,0.911004
N20261127-S021,N20261127,2026-11-28T06:30:00Z,900,true,1.129196,0.762755,0.953426,0.901993
N20261127-S022,N20261127,2026-11-28T06:45:00Z,900,true,1.127916,0.760007,0.935644,0.963042
N20261127-S023,N20261127,2026-11-28T07:00:00Z,900,true,1.150812,0.749773,0.960349,0.940985
N20261127-S024,N20261127,2026-11-28T07:15:00Z,900,true,1.154423,0.743611,0.953614,0.963045
N20261127-S025,N20261127,2026-11-28T07:30:00Z,900,true,1.168078,0.744363,0.937843,0.909889
N20261127-S026,N20261127,2026-11-28T07:45:00Z,900,true,1.134238,0.760646,0.922188,0.930221
N20261127-S027,N20261127,2026-11-28T08:00:00Z,900,true,1.115186,0.755925,0.917253,0.915462
N20261127-S028,N20261127,2026-11-28T08:15:00Z,900,true,1.130563,0.736876,0.921307,0.925231
N20261127-S029,N20261127,2026-11-28T08:30:00Z,900,true,1.213230,0.735235,0.929709,0.992411
N20261127-S030,N20261127,2026-11-28T08:45:00Z,900,true,1.216429,0.752314,0.929405,0.991301
N20261127-S031,N20261127,2026-11-28T09:00:00Z,900,true,1.153121,0.744067,0.946284,0.976581
N20261127-S032,N20261127,2026-11-28T09:15:00Z,900,true,1.122727,0.743490,0.947346,0.983691
N20261127-S033,N20261127,2026-11-28T09:30:00Z,900,true,1.162818,0.737794,0.972339,0.900149
N20261127-S034,N20261127,2026-11-28T09:45:00Z,900,true,1.174756,0.732354,0.923301,0.998644
N20261127-S035,N20261127,2026-11-28T10:00:00Z,900,true,1.112515,0.734320,0.929732,0.955498
N20261127-S036,N20261127,2026-11-28T10:15:00Z,900,true,1.065121,0.736133,0.939547,0.964661
N20261127-S037,N20261127,2026-11-28T10:30:00Z,900,true,1.157144,0.751874,0.958179,0.912632
N20261127-S038,N20261127,2026-11-28T10:45:00Z,900,true,1.210922,0.749744,0.945914,0.906180
N20261127-S039,N20261127,2026-11-28T11:00:00Z,900,true,1.247767,0.765476,0.927448,0.960190
N20261127-S040,N20261127,2026-11-28T11:15:00Z,900,true,1.177001,0.783082,0.903856,0.994594
N20261127-S041,N20261127,2026-11-28T11:30:00Z,900,true,1.165263,0.772028,0.902715,0.965250
N20261127-S042,N20261127,2026-11-28T11:45:00Z,900,true,1.229909,0.778791,0.926280,0.945344
N20261127-S043,N20261127,2026-11-28T12:00:00Z,900,true,1.228494,0.796742,0.940975,0.932543
N20261127-S044,N20261127,2026-11-28T12:15:00Z,900,true,1.265168,0.791556,0.975221,0.923953
N20261127-S045,N20261127,2026-11-28T12:30:00Z,900,true,1.285477,0.777983,0.961268,0.926295
N20261127-S046,N20261127,2026-11-28T12:45:00Z,900,true,1.266163,0.783062,0.957382,0.904406
N20261128-S001,N20261128,2026-11-29T01:30:00Z,900,true,1.104722,0.780884,0.910811,0.976039
N20261128-S002,N20261128,2026-11-29T01:45:00Z,900,true,1.105563,0.778963,0.928159,0.949042
N20261128-S003,N20261128,2026-11-29T02:00:00Z,900,true,1.176515,0.793709,0.938369,0.954464
N20261128-S004,N20261128,2026-11-29T02:15:00Z,900,true,1.161138,0.789510,0.954360,0.967216
N20261128-S005,N20261128,2026-11-29T02:30:00Z,900,true,1.157640,0.769158,0.915159,0.937435
N20261128-S006,N20261128,2026-11-29T02:45:00Z,900,true,1.144070,0.745113,0.930476,0.901433
N20261128-S007,N20261128,2026-11-29T03:00:00Z,900,true,1.227578,0.773337,0.953821,0.972736
N20261128-S008,N20261128,2026-11-29T03:15:00Z,900,true,1.211843,0.767074,0.953388,0.996355
N20261128-S009,N20261128,2026-11-29T03:30:00Z,900,true,1.229246,0.766877,0.943629,0.911776
N20261128-S010,N20261128,2026-11-29T03:45:00Z,900,true,1.196993,0.757439,0.923990,0.917135
N20261128-S011,N20261128,2026-11-29T04:00:00Z,900,true,1.189978,0.763827,0.904637,0.956647
N20261128-S012,N20261128,2026-11-29T04:15:00Z,900,true,1.164577,0.746048,0.909203,0.998117
N20261128-S013,N20261128,2026-11-29T04:30:00Z,900,true,1.149429,0.732127,0.895272,0.981675
N20261128-S014,N20261128,2026-11-29T04:45:00Z,900,true,1.115181,0.732216,0.900131,0.926654
N20261128-S015,N20261128,2026-11-29T05:00:00Z,900,true,1.089663,0.719816,0.921781,0.944100
N20261128-S016,N20261128,2026-11-29T05:15:00Z,900,true,1.100485,0.716135,0.942552,0.998717
N20261128-S017,N20261128,2026-11-29T05:30:00Z,900,true,1.085407,0.733175,0.946189,0.949170
N20261128-S018,N20261128,2026-11-29T05:45:00Z,900,true,1.069582,0.724089,0.951819,0.964409
N20261128-S019,N20261128,2026-11-29T06:00:00Z,900,true,1.082604,0.736284,0.935110,0.964935
N20261128-S020,N20261128,2026-11-29T06:15:00Z,900,true,1.072701,0.737680,0.931428,0.982943
N20261128-S021,N20261128,2026-11-29T06:30:00Z,900,true,1.175539,0.751171,0.938614,0.945066
N20261128-S022,N20261128,2026-11-29T06:45:00Z,900,true,1.190674,0.764807,0.941042,0.907541
N20261128-S023,N20261128,2026-11-29T07:00:00Z,900,true,1.192338,0.776584,0.950264,0.907101
N20261128-S024,N20261128,2026-11-29T07:15:00Z,900,false,,,,
N20261128-S025,N20261128,2026-11-29T07:30:00Z,900,true,1.131955,0.772625,0.904541,0.910876
N20261128-S026,N20261128,2026-11-29T07:45:00Z,900,true,1.124249,0.767980,0.916396,0.951236
N20261128-S027,N20261128,2026-11-29T08:00:00Z,900,true,1.196453,0.747748,0.940890,0.954383
N20261128-S028,N20261128,2026-11-29T08:15:00Z,900,true,1.127270,0.740433,0.935476,0.904676
N20261128-S029,N20261128,2026-11-29T08:30:00Z,900,true,1.134797,0.750894,0.959101,0.903847
N20261128-S030,N20261128,2026-11-29T08:45:00Z,900,true,1.138275,0.741345,0.938285,0.931083
N20261128-S031,N20261128,2026-11-29T09:00:00Z,900,true,1.114297,0.738868,0.959047,0.950615
N20261128-S032,N20261128,2026-11-29T09:15:00Z,900,true,1.100630,0.746479,0.941527,0.909703
N20261128-S033,N20261128,2026-11-29T09:30:00Z,900,true,1.131805,0.752887,0.956225,0.986543
N20261128-S034,N20261128,2026-11-29T09:45:00Z,900,true,1.130703,0.759993,0.959520,0.903532
N20261128-S035,N20261128,2026-11-29T10:00:00Z,900,true,1.103030,0.766462,0.944754,0.944730
N20261128-S036,N20261128,2026-11-29T10:15:00Z,900,true,1.109141,0.762269,0.978429,0.995258
N20261128-S037,N20261128,2026-11-29T10:30:00Z,900,true,1.100097,0.760949,0.986619,0.902080
N20261128-S038,N20261128,2026-11-29T10:45:00Z,900,true,1.090831,0.773927,0.977880,0.908707
N20261128-S039,N20261128,2026-11-29T11:00:00Z,900,true,1.091895,0.764175,0.974595,0.997188
N20261128-S040,N20261128,2026-11-29T11:15:00Z,900,true,1.048508,0.780640,0.951373,0.983939
N20261128-S041,N20261128,2026-11-29T11:30:00Z,900,true,1.005125,0.746731,0.965065,0.936866
N20261128-S042,N20261128,2026-11-29T11:45:00Z,900,true,1.015602,0.744690,0.949045,0.905438
N20261128-S043,N20261128,2026-11-29T12:00:00Z,900,false,,,,
N20261128-S044,N20261128,2026-11-29T12:15:00Z,900,false,,,,
N20261128-S045,N20261128,2026-11-29T12:30:00Z,900,false,,,,
N20261128-S046,N20261128,2026-11-29T12:45:00Z,900,false,,,,
N20261129-S001,N20261129,2026-11-30T01:30:00Z,900,true,1.263184,0.832196,0.876852,0.988754
N20261129-S002,N20261129,2026-11-30T01:45:00Z,900,true,1.260940,0.825998,0.876918,0.981398
N20261129-S003,N20261129,2026-11-30T02:00:00Z,900,true,1.301734,0.834138,0.879718,0.937805
N20261129-S004,N20261129,2026-11-30T02:15:00Z,900,true,1.281692,0.814844,0.869678,0.965229
N20261129-S005,N20261129,2026-11-30T02:30:00Z,900,true,1.256818,0.838654,0.856043,0.964100
N20261129-S006,N20261129,2026-11-30T02:45:00Z,900,true,1.237801,0.823273,0.854856,0.919771
N20261129-S007,N20261129,2026-11-30T03:00:00Z,900,true,1.225096,0.830200,0.868882,0.995090
N20261129-S008,N20261129,2026-11-30T03:15:00Z,900,true,1.248492,0.817534,0.872268,0.941075
N20261129-S009,N20261129,2026-11-30T03:30:00Z,900,true,1.244149,0.798244,0.868955,0.975700
N20261129-S010,N20261129,2026-11-30T03:45:00Z,900,true,1.278687,0.795170,0.879476,0.932167
N20261129-S011,N20261129,2026-11-30T04:00:00Z,900,true,1.295084,0.801366,0.891909,0.923633
N20261129-S012,N20261129,2026-11-30T04:15:00Z,900,true,1.318343,0.822135,0.901086,0.994203
N20261129-S013,N20261129,2026-11-30T04:30:00Z,900,true,1.335097,0.817484,0.880328,0.959840
N20261129-S014,N20261129,2026-11-30T04:45:00Z,900,true,1.314990,0.833855,0.856691,0.958014
N20261129-S015,N20261129,2026-11-30T05:00:00Z,900,true,1.312259,0.830787,0.873308,0.913247
N20261129-S016,N20261129,2026-11-30T05:15:00Z,900,true,1.363439,0.821628,0.867548,0.959454
N20261129-S017,N20261129,2026-11-30T05:30:00Z,900,true,1.306941,0.798432,0.834456,0.979554
N20261129-S018,N20261129,2026-11-30T05:45:00Z,900,true,1.292232,0.818033,0.823949,0.998226
N20261129-S019,N20261129,2026-11-30T06:00:00Z,900,true,1.258027,0.817003,0.811860,0.916023
N20261129-S020,N20261129,2026-11-30T06:15:00Z,900,true,1.248134,0.812069,0.836752,0.941571
N20261129-S021,N20261129,2026-11-30T06:30:00Z,900,true,1.226457,0.823123,0.833448,0.984072
N20261129-S022,N20261129,2026-11-30T06:45:00Z,900,true,1.215449,0.807564,0.843029,0.983421
N20261129-S023,N20261129,2026-11-30T07:00:00Z,900,true,1.271951,0.809634,0.852328,0.915603
N20261129-S024,N20261129,2026-11-30T07:15:00Z,900,true,1.280834,0.805173,0.851633,0.975389
N20261129-S025,N20261129,2026-11-30T07:30:00Z,900,true,1.261188,0.813379,0.857614,0.997232
N20261129-S026,N20261129,2026-11-30T07:45:00Z,900,true,1.319590,0.822133,0.842214,0.908947
N20261129-S027,N20261129,2026-11-30T08:00:00Z,900,true,1.350077,0.795285,0.826057,0.966041
N20261129-S028,N20261129,2026-11-30T08:15:00Z,900,true,1.352037,0.808607,0.808703,0.906192
N20261129-S029,N20261129,2026-11-30T08:30:00Z,900,true,1.370705,0.817637,0.797064,0.925381
N20261129-S030,N20261129,2026-11-30T08:45:00Z,900,true,1.331667,0.820577,0.773433,0.926593
N20261129-S031,N20261129,2026-11-30T09:00:00Z,900,true,1.313356,0.812154,0.771618,0.997282
N20261129-S032,N20261129,2026-11-30T09:15:00Z,900,true,1.314392,0.816435,0.777393,0.988180
N20261129-S033,N20261129,2026-11-30T09:30:00Z,900,true,1.305356,0.813122,0.789933,0.959309
N20261129-S034,N20261129,2026-11-30T09:45:00Z,900,true,1.279800,0.815183,0.827336,0.988760
N20261129-S035,N20261129,2026-11-30T10:00:00Z,900,true,1.247272,0.827001,0.841694,0.900357
N20261129-S036,N20261129,2026-11-30T10:15:00Z,900,true,1.252979,0.836296,0.854712,0.918651
N20261129-S037,N20261129,2026-11-30T10:30:00Z,900,true,1.315361,0.822900,0.872144,0.937725
N20261129-S038,N20261129,2026-11-30T10:45:00Z,900,true,1.315686,0.819436,0.848533,0.919616
N20261129-S039,N20261129,2026-11-30T11:00:00Z,900,true,1.308031,0.823931,0.837480,0.930447
N20261129-S040,N20261129,2026-11-30T11:15:00Z,900,true,1.267163,0.839555,0.806229,0.902523
N20261129-S041,N20261129,2026-11-30T11:30:00Z,900,true,1.238385,0.830225,0.839136,0.907029
N20261129-S042,N20261129,2026-11-30T11:45:00Z,900,true,1.247294,0.820980,0.860525,0.928983
N20261129-S043,N20261129,2026-11-30T12:00:00Z,900,true,1.244215,0.841751,0.856934,0.947451
N20261129-S044,N20261129,2026-11-30T12:15:00Z,900,true,1.276701,0.839745,0.841382,0.933593
N20261129-S045,N20261129,2026-11-30T12:30:00Z,900,true,1.290743,0.818646,0.836452,0.938013
N20261129-S046,N20261129,2026-11-30T12:45:00Z,900,true,1.306932,0.836734,0.853710,0.953167
N20261130-S001,N20261130,2026-12-01T01:30:00Z,900,true,1.391888,0.780329,0.847776,0.966916
N20261130-S002,N20261130,2026-12-01T01:45:00Z,900,true,1.357730,0.786117,0.859042,0.942920
N20261130-S003,N20261130,2026-12-01T02:00:00Z,900,true,1.304114,0.786229,0.860718,0.908760
N20261130-S004,N20261130,2026-12-01T02:15:00Z,900,true,1.281556,0.785314,0.859880,0.908856
N20261130-S005,N20261130,2026-12-01T02:30:00Z,900,true,1.335615,0.760931,0.875635,0.987863
N20261130-S006,N20261130,2026-12-01T02:45:00Z,900,true,1.336114,0.768080,0.873478,0.929369
N20261130-S007,N20261130,2026-12-01T03:00:00Z,900,true,1.339743,0.774065,0.850966,0.979070
N20261130-S008,N20261130,2026-12-01T03:15:00Z,900,true,1.350436,0.757658,0.825291,0.904030
N20261130-S009,N20261130,2026-12-01T03:30:00Z,900,true,1.386594,0.733480,0.829627,0.904406
N20261130-S010,N20261130,2026-12-01T03:45:00Z,900,true,1.357745,0.738928,0.810383,0.943545
N20261130-S011,N20261130,2026-12-01T04:00:00Z,900,true,1.305167,0.739207,0.835589,0.983409
N20261130-S012,N20261130,2026-12-01T04:15:00Z,900,true,1.251484,0.737324,0.851823,0.933695
N20261130-S013,N20261130,2026-12-01T04:30:00Z,900,true,1.289480,0.717466,0.865136,0.989430
N20261130-S014,N20261130,2026-12-01T04:45:00Z,900,true,1.280624,0.679388,0.843934,0.996655
N20261130-S015,N20261130,2026-12-01T05:00:00Z,900,true,1.336409,0.697899,0.856170,0.939353
N20261130-S016,N20261130,2026-12-01T05:15:00Z,900,true,1.314145,0.697569,0.865347,0.973206
N20261130-S017,N20261130,2026-12-01T05:30:00Z,900,true,1.371573,0.721311,0.871105,0.934385
N20261130-S018,N20261130,2026-12-01T05:45:00Z,900,true,1.424664,0.709181,0.875103,0.952257
N20261130-S019,N20261130,2026-12-01T06:00:00Z,900,true,1.394705,0.728214,0.861664,0.988893
N20261130-S020,N20261130,2026-12-01T06:15:00Z,900,true,1.396216,0.733562,0.873037,0.940901
N20261130-S021,N20261130,2026-12-01T06:30:00Z,900,true,1.447610,0.728722,0.880598,0.923817
N20261130-S022,N20261130,2026-12-01T06:45:00Z,900,true,1.403339,0.725214,0.857868,0.986149
N20261130-S023,N20261130,2026-12-01T07:00:00Z,900,true,1.436643,0.718896,0.884852,0.952517
N20261130-S024,N20261130,2026-12-01T07:15:00Z,900,true,1.394028,0.735756,0.877538,0.934253
N20261130-S025,N20261130,2026-12-01T07:30:00Z,900,true,1.442497,0.728346,0.891230,0.926431
N20261130-S026,N20261130,2026-12-01T07:45:00Z,900,true,1.403776,0.722623,0.912936,0.994390
N20261130-S027,N20261130,2026-12-01T08:00:00Z,900,true,1.371291,0.733429,0.898558,0.954784
N20261130-S028,N20261130,2026-12-01T08:15:00Z,900,true,1.425774,0.732684,0.892329,0.924858
N20261130-S029,N20261130,2026-12-01T08:30:00Z,900,true,1.460067,0.727180,0.882078,0.906610
N20261130-S030,N20261130,2026-12-01T08:45:00Z,900,true,1.441966,0.713916,0.863872,0.908113
N20261130-S031,N20261130,2026-12-01T09:00:00Z,900,true,1.450973,0.724072,0.838199,0.911725
N20261130-S032,N20261130,2026-12-01T09:15:00Z,900,true,1.443521,0.732339,0.852127,0.982473
N20261130-S033,N20261130,2026-12-01T09:30:00Z,900,true,1.442213,0.732357,0.863388,0.910432
N20261130-S034,N20261130,2026-12-01T09:45:00Z,900,true,1.443509,0.746902,0.881419,0.993387
N20261130-S035,N20261130,2026-12-01T10:00:00Z,900,true,1.391427,0.752860,0.874358,0.967653
N20261130-S036,N20261130,2026-12-01T10:15:00Z,900,true,1.360007,0.771083,0.878647,0.955179
N20261130-S037,N20261130,2026-12-01T10:30:00Z,900,true,1.384161,0.762940,0.906793,0.960325
N20261130-S038,N20261130,2026-12-01T10:45:00Z,900,true,1.371453,0.774467,0.886467,0.998050
N20261130-S039,N20261130,2026-12-01T11:00:00Z,900,true,1.331003,0.763133,0.870172,0.941875
N20261130-S040,N20261130,2026-12-01T11:15:00Z,900,true,1.346271,0.774175,0.829840,0.989640
N20261130-S041,N20261130,2026-12-01T11:30:00Z,900,true,1.339174,0.774919,0.787191,0.954675
N20261130-S042,N20261130,2026-12-01T11:45:00Z,900,true,1.363555,0.790155,0.803055,0.985701
N20261130-S043,N20261130,2026-12-01T12:00:00Z,900,true,1.364351,0.753934,0.850459,0.936523
N20261130-S044,N20261130,2026-12-01T12:15:00Z,900,true,1.364888,0.757082,0.834439,0.931673
N20261130-S045,N20261130,2026-12-01T12:30:00Z,900,true,1.375342,0.741732,0.833787,0.994992
N20261130-S046,N20261130,2026-12-01T12:45:00Z,900,true,1.375397,0.748195,0.828260,0.943442
N20261201-S001,N20261201,2026-12-02T01:30:00Z,900,true,1.462517,0.774197,0.832943,0.983228
N20261201-S002,N20261201,2026-12-02T01:45:00Z,900,true,1.467233,0.772151,0.855752,0.947365
N20261201-S003,N20261201,2026-12-02T02:00:00Z,900,true,1.460265,0.779442,0.852648,0.994159
N20261201-S004,N20261201,2026-12-02T02:15:00Z,900,true,1.494895,0.778953,0.835445,0.989846
N20261201-S005,N20261201,2026-12-02T02:30:00Z,900,true,1.433741,0.796740,0.869088,0.978266
N20261201-S006,N20261201,2026-12-02T02:45:00Z,900,true,1.448996,0.787482,0.873761,0.948709
N20261201-S007,N20261201,2026-12-02T03:00:00Z,900,true,1.451335,0.783062,0.862301,0.900796
N20261201-S008,N20261201,2026-12-02T03:15:00Z,900,true,1.457412,0.787669,0.844998,0.902503
N20261201-S009,N20261201,2026-12-02T03:30:00Z,900,true,1.450603,0.788031,0.835695,0.960384
N20261201-S010,N20261201,2026-12-02T03:45:00Z,900,true,1.500008,0.780475,0.861574,0.944222
N20261201-S011,N20261201,2026-12-02T04:00:00Z,900,true,1.464459,0.767433,0.871353,0.947005
N20261201-S012,N20261201,2026-12-02T04:15:00Z,900,true,1.458154,0.764718,0.884397,0.904084
N20261201-S013,N20261201,2026-12-02T04:30:00Z,900,true,1.412478,0.786859,0.879974,0.969323
N20261201-S014,N20261201,2026-12-02T04:45:00Z,900,true,1.418068,0.812342,0.880694,0.982226
N20261201-S015,N20261201,2026-12-02T05:00:00Z,900,true,1.412032,0.819795,0.861118,0.932874
N20261201-S016,N20261201,2026-12-02T05:15:00Z,900,true,1.398861,0.843974,0.862887,0.901683
N20261201-S017,N20261201,2026-12-02T05:30:00Z,900,true,1.388451,0.834107,0.867424,0.917933
N20261201-S018,N20261201,2026-12-02T05:45:00Z,900,true,1.331524,0.846390,0.862793,0.905974
N20261201-S019,N20261201,2026-12-02T06:00:00Z,900,true,1.330364,0.855430,0.860677,0.955995
N20261201-S020,N20261201,2026-12-02T06:15:00Z,900,true,1.330081,0.843839,0.843149,0.969716
N20261201-S021,N20261201,2026-12-02T06:30:00Z,900,true,1.333077,0.844764,0.859791,0.911324
N20261201-S022,N20261201,2026-12-02T06:45:00Z,900,true,1.353918,0.851705,0.858177,0.976279
N20261201-S023,N20261201,2026-12-02T07:00:00Z,900,true,1.290972,0.861103,0.843454,0.978378
N20261201-S024,N20261201,2026-12-02T07:15:00Z,900,true,1.278141,0.853668,0.840184,0.989043
N20261201-S025,N20261201,2026-12-02T07:30:00Z,900,true,1.341212,0.855100,0.842385,0.927448
N20261201-S026,N20261201,2026-12-02T07:45:00Z,900,true,1.351697,0.860636,0.840876,0.917855
N20261201-S027,N20261201,2026-12-02T08:00:00Z,900,true,1.339946,0.848317,0.828071,0.985481
N20261201-S028,N20261201,2026-12-02T08:15:00Z,900,true,1.339564,0.841480,0.858372,0.961150
N20261201-S029,N20261201,2026-12-02T08:30:00Z,900,true,1.366309,0.843740,0.869905,0.909872
N20261201-S030,N20261201,2026-12-02T08:45:00Z,900,true,1.388151,0.839027,0.845903,0.924518
N20261201-S031,N20261201,2026-12-02T09:00:00Z,900,true,1.406213,0.843681,0.845500,0.949715
N20261201-S032,N20261201,2026-12-02T09:15:00Z,900,true,1.437035,0.836880,0.844881,0.998578
N20261201-S033,N20261201,2026-12-02T09:30:00Z,900,true,1.462769,0.836670,0.864387,0.915990
N20261201-S034,N20261201,2026-12-02T09:45:00Z,900,true,1.444333,0.826910,0.870693,0.954379
N20261201-S035,N20261201,2026-12-02T10:00:00Z,900,true,1.427937,0.800506,0.879584,0.934645
N20261201-S036,N20261201,2026-12-02T10:15:00Z,900,true,1.430297,0.787983,0.915033,0.981368
N20261201-S037,N20261201,2026-12-02T10:30:00Z,900,true,1.466884,0.789506,0.889475,0.980284
N20261201-S038,N20261201,2026-12-02T10:45:00Z,900,true,1.426829,0.783012,0.907416,0.981067
N20261201-S039,N20261201,2026-12-02T11:00:00Z,900,true,1.406637,0.798340,0.901910,0.954609
N20261201-S040,N20261201,2026-12-02T11:15:00Z,900,true,1.380250,0.807408,0.903750,0.904918
N20261201-S041,N20261201,2026-12-02T11:30:00Z,900,true,1.399133,0.833846,0.907021,0.979945
N20261201-S042,N20261201,2026-12-02T11:45:00Z,900,true,1.453333,0.839331,0.899945,0.975275
N20261201-S043,N20261201,2026-12-02T12:00:00Z,900,true,1.473912,0.836711,0.894398,0.930137
N20261201-S044,N20261201,2026-12-02T12:15:00Z,900,true,1.433500,0.818721,0.889144,0.986709
N20261201-S045,N20261201,2026-12-02T12:30:00Z,900,true,1.450417,0.834501,0.861497,0.968388
N20261201-S046,N20261201,2026-12-02T12:45:00Z,900,true,1.427726,0.818269,0.866361,0.974391
N20261202-S001,N20261202,2026-12-03T01:30:00Z,900,true,1.277325,0.786284,0.770345,0.913027
N20261202-S002,N20261202,2026-12-03T01:45:00Z,900,true,1.320382,0.767898,0.798863,0.902726
N20261202-S003,N20261202,2026-12-03T02:00:00Z,900,true,1.315238,0.789968,0.815562,0.932124
N20261202-S004,N20261202,2026-12-03T02:15:00Z,900,true,1.345106,0.785844,0.805634,0.959039
N20261202-S005,N20261202,2026-12-03T02:30:00Z,900,true,1.261157,0.779687,0.824553,0.946945
N20261202-S006,N20261202,2026-12-03T02:45:00Z,900,true,1.242733,0.769485,0.815708,0.975497
N20261202-S007,N20261202,2026-12-03T03:00:00Z,900,true,1.260404,0.771745,0.803789,0.918166
N20261202-S008,N20261202,2026-12-03T03:15:00Z,900,true,1.249161,0.773141,0.780643,0.908853
N20261202-S009,N20261202,2026-12-03T03:30:00Z,900,true,1.266864,0.779829,0.783410,0.997004
N20261202-S010,N20261202,2026-12-03T03:45:00Z,900,true,1.246832,0.784494,0.784398,0.942322
N20261202-S011,N20261202,2026-12-03T04:00:00Z,900,true,1.268161,0.783375,0.769150,0.976779
N20261202-S012,N20261202,2026-12-03T04:15:00Z,900,true,1.303473,0.783828,0.773223,0.967193
N20261202-S013,N20261202,2026-12-03T04:30:00Z,900,true,1.346211,0.771562,0.770277,0.964862
N20261202-S014,N20261202,2026-12-03T04:45:00Z,900,true,1.324746,0.782773,0.778113,0.941835
N20261202-S015,N20261202,2026-12-03T05:00:00Z,900,true,1.291513,0.774446,0.772563,0.986731
N20261202-S016,N20261202,2026-12-03T05:15:00Z,900,true,1.281531,0.757404,0.777438,0.983806
N20261202-S017,N20261202,2026-12-03T05:30:00Z,900,true,1.304857,0.751997,0.797536,0.947143
N20261202-S018,N20261202,2026-12-03T05:45:00Z,900,true,1.345079,0.745091,0.762614,0.945898
N20261202-S019,N20261202,2026-12-03T06:00:00Z,900,true,1.334405,0.732702,0.764867,0.921353
N20261202-S020,N20261202,2026-12-03T06:15:00Z,900,false,,,,
N20261202-S021,N20261202,2026-12-03T06:30:00Z,900,false,,,,
N20261202-S022,N20261202,2026-12-03T06:45:00Z,900,false,,,,
N20261202-S023,N20261202,2026-12-03T07:00:00Z,900,false,,,,
N20261202-S024,N20261202,2026-12-03T07:15:00Z,900,true,1.362590,0.825944,0.817499,0.927453
N20261202-S025,N20261202,2026-12-03T07:30:00Z,900,true,1.306884,0.806338,0.822744,0.943865
N20261202-S026,N20261202,2026-12-03T07:45:00Z,900,true,1.287888,0.798726,0.820942,0.923915
N20261202-S027,N20261202,2026-12-03T08:00:00Z,900,true,1.279371,0.795236,0.825436,0.922084
N20261202-S028,N20261202,2026-12-03T08:15:00Z,900,true,1.270513,0.805043,0.838698,0.905319
N20261202-S029,N20261202,2026-12-03T08:30:00Z,900,true,1.265709,0.805516,0.808337,0.988464
N20261202-S030,N20261202,2026-12-03T08:45:00Z,900,true,1.234485,0.808933,0.822266,0.951100
N20261202-S031,N20261202,2026-12-03T09:00:00Z,900,true,1.235296,0.789726,0.786709,0.991431
N20261202-S032,N20261202,2026-12-03T09:15:00Z,900,true,1.269173,0.791451,0.752063,0.953517
N20261202-S033,N20261202,2026-12-03T09:30:00Z,900,true,1.244114,0.796573,0.759757,0.980082
N20261202-S034,N20261202,2026-12-03T09:45:00Z,900,true,1.229377,0.794754,0.760385,0.968204
N20261202-S035,N20261202,2026-12-03T10:00:00Z,900,true,1.295391,0.818660,0.753672,0.930283
N20261202-S036,N20261202,2026-12-03T10:15:00Z,900,true,1.247517,0.811885,0.784599,0.927228
N20261202-S037,N20261202,2026-12-03T10:30:00Z,900,true,1.194964,0.830989,0.808714,0.999476
N20261202-S038,N20261202,2026-12-03T10:45:00Z,900,true,1.219500,0.832579,0.775445,0.917251
N20261202-S039,N20261202,2026-12-03T11:00:00Z,900,true,1.216669,0.790999,0.781846,0.965118
N20261202-S040,N20261202,2026-12-03T11:15:00Z,900,true,1.287806,0.807092,0.808175,0.934467
N20261202-S041,N20261202,2026-12-03T11:30:00Z,900,true,1.304066,0.825208,0.803741,0.930460
N20261202-S042,N20261202,2026-12-03T11:45:00Z,900,true,1.338159,0.812335,0.819008,0.952502
N20261202-S043,N20261202,2026-12-03T12:00:00Z,900,true,1.354165,0.824510,0.809772,0.957408
N20261202-S044,N20261202,2026-12-03T12:15:00Z,900,true,1.292788,0.815588,0.812966,0.932988
N20261202-S045,N20261202,2026-12-03T12:30:00Z,900,true,1.265660,0.825761,0.803933,0.971007
N20261202-S046,N20261202,2026-12-03T12:45:00Z,900,true,1.281027,0.813029,0.785640,0.968098
N20261203-S001,N20261203,2026-12-04T01:30:00Z,900,true,1.218795,0.813235,0.811337,0.992650
N20261203-S002,N20261203,2026-12-04T01:45:00Z,900,true,1.232762,0.820055,0.821944,0.980347
N20261203-S003,N20261203,2026-12-04T02:00:00Z,900,true,1.213664,0.853869,0.841163,0.943092
N20261203-S004,N20261203,2026-12-04T02:15:00Z,900,true,1.275121,0.842197,0.838381,0.940472
N20261203-S005,N20261203,2026-12-04T02:30:00Z,900,true,1.210380,0.834868,0.819298,0.989947
N20261203-S006,N20261203,2026-12-04T02:45:00Z,900,true,1.195336,0.837634,0.844340,0.932662
N20261203-S007,N20261203,2026-12-04T03:00:00Z,900,true,1.239117,0.862392,0.810249,0.990768
N20261203-S008,N20261203,2026-12-04T03:15:00Z,900,true,1.283465,0.840637,0.819578,0.960205
N20261203-S009,N20261203,2026-12-04T03:30:00Z,900,true,1.309509,0.829988,0.787539,0.996493
N20261203-S010,N20261203,2026-12-04T03:45:00Z,900,true,1.272432,0.822400,0.792578,0.948228
N20261203-S011,N20261203,2026-12-04T04:00:00Z,900,true,1.260577,0.819772,0.791893,0.906668
N20261203-S012,N20261203,2026-12-04T04:15:00Z,900,true,1.247551,0.828889,0.783436,0.926347
N20261203-S013,N20261203,2026-12-04T04:30:00Z,900,true,1.235846,0.827091,0.786812,0.940549
N20261203-S014,N20261203,2026-12-04T04:45:00Z,900,true,1.300905,0.823205,0.800120,0.948641
N20261203-S015,N20261203,2026-12-04T05:00:00Z,900,true,1.257433,0.799324,0.802849,0.930366
N20261203-S016,N20261203,2026-12-04T05:15:00Z,900,true,1.232208,0.807206,0.817134,0.924290
N20261203-S017,N20261203,2026-12-04T05:30:00Z,900,true,1.247068,0.817176,0.810609,0.977054
N20261203-S018,N20261203,2026-12-04T05:45:00Z,900,true,1.268586,0.823467,0.805670,0.929248
N20261203-S019,N20261203,2026-12-04T06:00:00Z,900,true,1.302151,0.823278,0.792896,0.961588
N20261203-S020,N20261203,2026-12-04T06:15:00Z,900,true,1.253039,0.829066,0.810597,0.986039
N20261203-S021,N20261203,2026-12-04T06:30:00Z,900,true,1.215327,0.815522,0.816440,0.947432
N20261203-S022,N20261203,2026-12-04T06:45:00Z,900,true,1.248816,0.783203,0.783630,0.901595
N20261203-S023,N20261203,2026-12-04T07:00:00Z,900,true,1.281467,0.788883,0.766398,0.907075
N20261203-S024,N20261203,2026-12-04T07:15:00Z,900,true,1.247610,0.785160,0.758910,0.971679
N20261203-S025,N20261203,2026-12-04T07:30:00Z,900,true,1.252272,0.783443,0.743712,0.975600
N20261203-S026,N20261203,2026-12-04T07:45:00Z,900,true,1.200029,0.793212,0.738561,0.933571
N20261203-S027,N20261203,2026-12-04T08:00:00Z,900,false,,,,
N20261203-S028,N20261203,2026-12-04T08:15:00Z,900,false,,,,
N20261203-S029,N20261203,2026-12-04T08:30:00Z,900,true,1.231309,0.798468,0.755474,0.939501
N20261203-S030,N20261203,2026-12-04T08:45:00Z,900,true,1.291602,0.806102,0.757277,0.945999
N20261203-S031,N20261203,2026-12-04T09:00:00Z,900,true,1.308674,0.827119,0.764464,0.909894
N20261203-S032,N20261203,2026-12-04T09:15:00Z,900,true,1.324177,0.843041,0.761818,0.942396
N20261203-S033,N20261203,2026-12-04T09:30:00Z,900,true,1.314107,0.842406,0.787606,0.981415
N20261203-S034,N20261203,2026-12-04T09:45:00Z,900,true,1.334979,0.824609,0.807962,0.999833
N20261203-S035,N20261203,2026-12-04T10:00:00Z,900,true,1.282452,0.819759,0.831756,0.940526
N20261203-S036,N20261203,2026-12-04T10:15:00Z,900,true,1.286237,0.821950,0.825278,0.994050
N20261203-S037,N20261203,2026-12-04T10:30:00Z,900,true,1.242959,0.837077,0.802445,0.910413
N20261203-S038,N20261203,2026-12-04T10:45:00Z,900,true,1.232044,0.826277,0.829591,0.990943
N20261203-S039,N20261203,2026-12-04T11:00:00Z,900,true,1.186829,0.798844,0.822865,0.960562
N20261203-S040,N20261203,2026-12-04T11:15:00Z,900,true,1.224083,0.794833,0.843379,0.974328
N20261203-S041,N20261203,2026-12-04T11:30:00Z,900,true,1.251870,0.804185,0.873358,0.961916
N20261203-S042,N20261203,2026-12-04T11:45:00Z,900,true,1.285008,0.797016,0.851487,0.905580
N20261203-S043,N20261203,2026-12-04T12:00:00Z,900,true,1.264995,0.802534,0.864710,0.941578
N20261203-S044,N20261203,2026-12-04T12:15:00Z,900,true,1.271769,0.810198,0.893223,0.908819
N20261203-S045,N20261203,2026-12-04T12:30:00Z,900,true,1.281039,0.820129,0.889716,0.974832
N20261203-S046,N20261203,2026-12-04T12:45:00Z,900,true,1.328003,0.817730,0.850092,0.916413
N20261204-S001,N20261204,2026-12-05T01:30:00Z,900,true,1.301773,0.795014,0.777364,0.919055
N20261204-S002,N20261204,2026-12-05T01:45:00Z,900,true,1.340859,0.794671,0.775050,0.931524
N20261204-S003,N20261204,2026-12-05T02:00:00Z,900,true,1.344728,0.786028,0.779122,0.988036
N20261204-S004,N20261204,2026-12-05T02:15:00Z,900,true,1.345699,0.794191,0.760328,0.983379
N20261204-S005,N20261204,2026-12-05T02:30:00Z,900,true,1.344327,0.782537,0.744621,0.982511
N20261204-S006,N20261204,2026-12-05T02:45:00Z,900,true,1.313944,0.789855,0.728836,0.982356
N20261204-S007,N20261204,2026-12-05T03:00:00Z,900,true,1.364861,0.797382,0.740368,0.932235
N20261204-S008,N20261204,2026-12-05T03:15:00Z,900,true,1.338512,0.786068,0.753902,0.967772
N20261204-S009,N20261204,2026-12-05T03:30:00Z,900,true,1.343476,0.798315,0.756012,0.988856
N20261204-S010,N20261204,2026-12-05T03:45:00Z,900,true,1.348770,0.782555,0.768863,0.927529
N20261204-S011,N20261204,2026-12-05T04:00:00Z,900,true,1.356667,0.809282,0.762330,0.984369
N20261204-S012,N20261204,2026-12-05T04:15:00Z,900,true,1.363922,0.803829,0.758914,0.987243
N20261204-S013,N20261204,2026-12-05T04:30:00Z,900,true,1.447250,0.810840,0.744704,0.929051
N20261204-S014,N20261204,2026-12-05T04:45:00Z,900,true,1.423834,0.816368,0.724388,0.952784
N20261204-S015,N20261204,2026-12-05T05:00:00Z,900,true,1.456093,0.807010,0.723866,0.923935
N20261204-S016,N20261204,2026-12-05T05:15:00Z,900,true,1.438061,0.797175,0.723675,0.903269
N20261204-S017,N20261204,2026-12-05T05:30:00Z,900,true,1.404426,0.810463,0.729251,0.969633
N20261204-S018,N20261204,2026-12-05T05:45:00Z,900,true,1.433118,0.798072,0.714302,0.908552
N20261204-S019,N20261204,2026-12-05T06:00:00Z,900,true,1.383459,0.817359,0.725932,0.943119
N20261204-S020,N20261204,2026-12-05T06:15:00Z,900,true,1.372443,0.835961,0.734995,0.914871
N20261204-S021,N20261204,2026-12-05T06:30:00Z,900,true,1.326394,0.841741,0.713085,0.985701
N20261204-S022,N20261204,2026-12-05T06:45:00Z,900,true,1.333010,0.852422,0.735739,0.963417
N20261204-S023,N20261204,2026-12-05T07:00:00Z,900,true,1.298949,0.840703,0.752633,0.996661
N20261204-S024,N20261204,2026-12-05T07:15:00Z,900,true,1.279488,0.849825,0.767238,0.909123
N20261204-S025,N20261204,2026-12-05T07:30:00Z,900,true,1.311015,0.848922,0.745325,0.929556
N20261204-S026,N20261204,2026-12-05T07:45:00Z,900,true,1.317524,0.834374,0.744350,0.963616
N20261204-S027,N20261204,2026-12-05T08:00:00Z,900,true,1.378010,0.841710,0.744507,0.998373
N20261204-S028,N20261204,2026-12-05T08:15:00Z,900,true,1.351671,0.838980,0.721952,0.940648
N20261204-S029,N20261204,2026-12-05T08:30:00Z,900,true,1.328857,0.849677,0.713371,0.929544
N20261204-S030,N20261204,2026-12-05T08:45:00Z,900,true,1.334462,0.822203,0.708081,0.989941
N20261204-S031,N20261204,2026-12-05T09:00:00Z,900,true,1.380184,0.829330,0.728100,0.969612
N20261204-S032,N20261204,2026-12-05T09:15:00Z,900,true,1.288395,0.822863,0.746547,0.904795
N20261204-S033,N20261204,2026-12-05T09:30:00Z,900,true,1.310873,0.833145,0.748829,0.962444
N20261204-S034,N20261204,2026-12-05T09:45:00Z,900,true,1.346355,0.853651,0.733645,0.941889
N20261204-S035,N20261204,2026-12-05T10:00:00Z,900,true,1.305268,0.841074,0.733855,0.960459
N20261204-S036,N20261204,2026-12-05T10:15:00Z,900,true,1.271259,0.837256,0.745968,0.949928
N20261204-S037,N20261204,2026-12-05T10:30:00Z,900,true,1.302080,0.823299,0.755914,0.996833
N20261204-S038,N20261204,2026-12-05T10:45:00Z,900,true,1.260559,0.837955,0.737039,0.941806
N20261204-S039,N20261204,2026-12-05T11:00:00Z,900,true,1.237729,0.842442,0.757344,0.923522
N20261204-S040,N20261204,2026-12-05T11:15:00Z,900,true,1.265066,0.858110,0.736682,0.919045
N20261204-S041,N20261204,2026-12-05T11:30:00Z,900,true,1.296919,0.839125,0.749184,0.938297
N20261204-S042,N20261204,2026-12-05T11:45:00Z,900,true,1.333253,0.838728,0.763569,0.975665
N20261204-S043,N20261204,2026-12-05T12:00:00Z,900,true,1.305432,0.834168,0.771013,0.919831
N20261204-S044,N20261204,2026-12-05T12:15:00Z,900,true,1.283684,0.832995,0.758149,0.998716
N20261204-S045,N20261204,2026-12-05T12:30:00Z,900,true,1.362883,0.842669,0.775951,0.985512
N20261204-S046,N20261204,2026-12-05T12:45:00Z,900,true,1.345288,0.840649,0.768276,0.926482
N20261204-S047,N20261204,2026-12-05T13:00:00Z,900,true,1.346817,0.814801,0.762600,0.970751
N20261205-S001,N20261205,2026-12-06T01:30:00Z,900,true,1.199149,0.781667,0.747089,0.947210
N20261205-S002,N20261205,2026-12-06T01:45:00Z,900,true,1.228191,0.792953,0.741301,0.912483
N20261205-S003,N20261205,2026-12-06T02:00:00Z,900,true,1.265851,0.798194,0.720417,0.927691
N20261205-S004,N20261205,2026-12-06T02:15:00Z,900,true,1.200464,0.818069,0.734876,0.902857
N20261205-S005,N20261205,2026-12-06T02:30:00Z,900,true,1.224882,0.843597,0.720697,0.932267
N20261205-S006,N20261205,2026-12-06T02:45:00Z,900,true,1.234498,0.815455,0.711488,0.995717
N20261205-S007,N20261205,2026-12-06T03:00:00Z,900,true,1.214815,0.813501,0.728021,0.910546
N20261205-S008,N20261205,2026-12-06T03:15:00Z,900,true,1.222093,0.817786,0.722332,0.927355
N20261205-S009,N20261205,2026-12-06T03:30:00Z,900,true,1.211761,0.824902,0.724699,0.950039
N20261205-S010,N20261205,2026-12-06T03:45:00Z,900,true,1.249399,0.816660,0.721499,0.903535
N20261205-S011,N20261205,2026-12-06T04:00:00Z,900,true,1.243627,0.814336,0.712728,0.901056
N20261205-S012,N20261205,2026-12-06T04:15:00Z,900,true,1.279708,0.800755,0.727283,0.956194
N20261205-S013,N20261205,2026-12-06T04:30:00Z,900,true,1.244298,0.810417,0.746495,0.996288
N20261205-S014,N20261205,2026-12-06T04:45:00Z,900,true,1.216794,0.814315,0.733457,0.933450
N20261205-S015,N20261205,2026-12-06T05:00:00Z,900,true,1.204855,0.791158,0.731960,0.979748
N20261205-S016,N20261205,2026-12-06T05:15:00Z,900,true,1.168372,0.783892,0.725558,0.928503
N20261205-S017,N20261205,2026-12-06T05:30:00Z,900,true,1.184668,0.809495,0.743852,0.951728
N20261205-S018,N20261205,2026-12-06T05:45:00Z,900,true,1.156679,0.813836,0.736151,0.971293
N20261205-S019,N20261205,2026-12-06T06:00:00Z,900,true,1.212507,0.797497,0.725540,0.949968
N20261205-S020,N20261205,2026-12-06T06:15:00Z,900,true,1.247078,0.793499,0.740071,0.950311
N20261205-S021,N20261205,2026-12-06T06:30:00Z,900,true,1.256255,0.785370,0.734301,0.913298
N20261205-S022,N20261205,2026-12-06T06:45:00Z,900,true,1.232772,0.793527,0.733824,0.985985
N20261205-S023,N20261205,2026-12-06T07:00:00Z,900,true,1.250056,0.803055,0.720545,0.940486
N20261205-S024,N20261205,2026-12-06T07:15:00Z,900,true,1.254080,0.810006,0.749231,0.999856
N20261205-S025,N20261205,2026-12-06T07:30:00Z,900,true,1.296643,0.793198,0.743848,0.932773
N20261205-S026,N20261205,2026-12-06T07:45:00Z,900,true,1.324283,0.765616,0.747359,0.979624
N20261205-S027,N20261205,2026-12-06T08:00:00Z,900,true,1.375072,0.775930,0.767554,0.918696
N20261205-S028,N20261205,2026-12-06T08:15:00Z,900,true,1.311170,0.799749,0.752856,0.964869
N20261205-S029,N20261205,2026-12-06T08:30:00Z,900,true,1.313315,0.801789,0.753297,0.927036
N20261205-S030,N20261205,2026-12-06T08:45:00Z,900,true,1.253856,0.799634,0.731698,0.909246
N20261205-S031,N20261205,2026-12-06T09:00:00Z,900,true,1.237035,0.787283,0.753217,0.970611
N20261205-S032,N20261205,2026-12-06T09:15:00Z,900,true,1.248841,0.787641,0.744308,0.959986
N20261205-S033,N20261205,2026-12-06T09:30:00Z,900,true,1.268113,0.779469,0.737988,0.984281
N20261205-S034,N20261205,2026-12-06T09:45:00Z,900,true,1.277574,0.785231,0.722479,0.969180
N20261205-S035,N20261205,2026-12-06T10:00:00Z,900,true,1.249691,0.788546,0.713796,0.976150
N20261205-S036,N20261205,2026-12-06T10:15:00Z,900,true,1.231645,0.814941,0.713298,0.966211
N20261205-S037,N20261205,2026-12-06T10:30:00Z,900,true,1.191242,0.798497,0.745415,0.968332
N20261205-S038,N20261205,2026-12-06T10:45:00Z,900,true,1.215803,0.783067,0.734286,0.901875
N20261205-S039,N20261205,2026-12-06T11:00:00Z,900,true,1.172336,0.780304,0.731480,0.962814
N20261205-S040,N20261205,2026-12-06T11:15:00Z,900,true,1.157868,0.784118,0.750658,0.943542
N20261205-S041,N20261205,2026-12-06T11:30:00Z,900,true,1.101125,0.775724,0.760600,0.919212
N20261205-S042,N20261205,2026-12-06T11:45:00Z,900,true,1.121633,0.767050,0.738727,0.927625
N20261205-S043,N20261205,2026-12-06T12:00:00Z,900,true,1.136874,0.769989,0.740987,0.998604
N20261205-S044,N20261205,2026-12-06T12:15:00Z,900,true,1.191489,0.746432,0.740486,0.940130
N20261205-S045,N20261205,2026-12-06T12:30:00Z,900,true,1.239427,0.762814,0.714166,0.934177
N20261205-S046,N20261205,2026-12-06T12:45:00Z,900,false,,,,
N20261205-S047,N20261205,2026-12-06T13:00:00Z,900,true,1.175278,0.779158,0.714075,0.979388
N20261206-S001,N20261206,2026-12-07T01:30:00Z,900,true,1.051419,0.813809,0.754206,0.919708
N20261206-S002,N20261206,2026-12-07T01:45:00Z,900,true,1.019766,0.786049,0.731764,0.935557
N20261206-S003,N20261206,2026-12-07T02:00:00Z,900,true,1.007635,0.785069,0.758298,0.950154
N20261206-S004,N20261206,2026-12-07T02:15:00Z,900,true,1.020043,0.801048,0.713580,0.990224
N20261206-S005,N20261206,2026-12-07T02:30:00Z,900,true,1.028894,0.812526,0.746094,0.937034
N20261206-S006,N20261206,2026-12-07T02:45:00Z,900,true,1.065533,0.830252,0.769996,0.911860
N20261206-S007,N20261206,2026-12-07T03:00:00Z,900,true,1.018191,0.827387,0.757454,0.915901
N20261206-S008,N20261206,2026-12-07T03:15:00Z,900,true,1.039525,0.811974,0.762476,0.908475
N20261206-S009,N20261206,2026-12-07T03:30:00Z,900,true,1.015619,0.839198,0.758659,0.929403
N20261206-S010,N20261206,2026-12-07T03:45:00Z,900,true,1.058251,0.829597,0.746331,0.952096
N20261206-S011,N20261206,2026-12-07T04:00:00Z,900,true,1.097578,0.838019,0.750020,0.942753
N20261206-S012,N20261206,2026-12-07T04:15:00Z,900,true,1.152034,0.828436,0.747194,0.955037
N20261206-S013,N20261206,2026-12-07T04:30:00Z,900,true,1.152653,0.804463,0.746541,0.987101
N20261206-S014,N20261206,2026-12-07T04:45:00Z,900,true,1.163820,0.821618,0.720459,0.974933
N20261206-S015,N20261206,2026-12-07T05:00:00Z,900,true,1.123695,0.819625,0.719519,0.915425
N20261206-S016,N20261206,2026-12-07T05:15:00Z,900,true,1.115203,0.826498,0.725097,0.908563
N20261206-S017,N20261206,2026-12-07T05:30:00Z,900,true,1.086297,0.830026,0.732464,0.914607
N20261206-S018,N20261206,2026-12-07T05:45:00Z,900,true,1.079533,0.846741,0.707610,0.911149
N20261206-S019,N20261206,2026-12-07T06:00:00Z,900,true,1.060084,0.862683,0.709338,0.948647
N20261206-S020,N20261206,2026-12-07T06:15:00Z,900,true,0.990641,0.877042,0.738716,0.974655
N20261206-S021,N20261206,2026-12-07T06:30:00Z,900,true,1.061242,0.878218,0.748300,0.921880
N20261206-S022,N20261206,2026-12-07T06:45:00Z,900,true,1.034524,0.870456,0.735223,0.905046
N20261206-S023,N20261206,2026-12-07T07:00:00Z,900,true,1.041243,0.886286,0.739756,0.953489
N20261206-S024,N20261206,2026-12-07T07:15:00Z,900,true,1.045934,0.882753,0.723210,0.935346
N20261206-S025,N20261206,2026-12-07T07:30:00Z,900,true,1.034852,0.893203,0.713376,0.985191
N20261206-S026,N20261206,2026-12-07T07:45:00Z,900,true,1.037011,0.884227,0.708637,0.984293
N20261206-S027,N20261206,2026-12-07T08:00:00Z,900,true,1.047059,0.903740,0.712160,0.925486
N20261206-S028,N20261206,2026-12-07T08:15:00Z,900,true,1.106511,0.884571,0.709485,0.957411
N20261206-S029,N20261206,2026-12-07T08:30:00Z,900,true,1.070044,0.857008,0.707222,0.964289
N20261206-S030,N20261206,2026-12-07T08:45:00Z,900,true,1.074596,0.864640,0.707717,0.964333
N20261206-S031,N20261206,2026-12-07T09:00:00Z,900,true,1.088321,0.868149,0.694102,0.965437
N20261206-S032,N20261206,2026-12-07T09:15:00Z,900,true,1.096844,0.878365,0.718718,0.976710
N20261206-S033,N20261206,2026-12-07T09:30:00Z,900,true,1.056820,0.871571,0.722938,0.904891
N20261206-S034,N20261206,2026-12-07T09:45:00Z,900,false,,,,
N20261206-S035,N20261206,2026-12-07T10:00:00Z,900,false,,,,
N20261206-S036,N20261206,2026-12-07T10:15:00Z,900,true,1.082791,0.860279,0.687945,0.915579
N20261206-S037,N20261206,2026-12-07T10:30:00Z,900,true,1.084693,0.863086,0.725654,0.917326
N20261206-S038,N20261206,2026-12-07T10:45:00Z,900,true,1.094939,0.861017,0.707580,0.997256
N20261206-S039,N20261206,2026-12-07T11:00:00Z,900,true,1.105729,0.853285,0.717442,0.992118
N20261206-S040,N20261206,2026-12-07T11:15:00Z,900,true,1.071203,0.859539,0.725774,0.919586
N20261206-S041,N20261206,2026-12-07T11:30:00Z,900,true,1.042863,0.854542,0.696176,0.968000
N20261206-S042,N20261206,2026-12-07T11:45:00Z,900,true,1.117060,0.862125,0.686172,0.935087
N20261206-S043,N20261206,2026-12-07T12:00:00Z,900,true,1.060835,0.858313,0.704985,0.969072
N20261206-S044,N20261206,2026-12-07T12:15:00Z,900,true,1.100416,0.861684,0.732067,0.937669
N20261206-S045,N20261206,2026-12-07T12:30:00Z,900,true,1.093692,0.835810,0.720234,0.965429
N20261206-S046,N20261206,2026-12-07T12:45:00Z,900,true,1.080043,0.836002,0.710080,0.947018
N20261206-S047,N20261206,2026-12-07T13:00:00Z,900,true,1.076087,0.841878,0.721394,0.985295
N20261207-S001,N20261207,2026-12-08T01:30:00Z,900,true,1.236987,0.818477,0.754614,0.938448
N20261207-S002,N20261207,2026-12-08T01:45:00Z,900,true,1.249080,0.818564,0.764166,0.959008
N20261207-S003,N20261207,2026-12-08T02:00:00Z,900,true,1.253472,0.840223,0.747496,0.901878
N20261207-S004,N20261207,2026-12-08T02:15:00Z,900,true,1.294348,0.827608,0.749131,0.957872
N20261207-S005,N20261207,2026-12-08T02:30:00Z,900,true,1.226686,0.812206,0.756871,0.981156
N20261207-S006,N20261207,2026-12-08T02:45:00Z,900,true,1.165526,0.819819,0.767714,0.994445
N20261207-S007,N20261207,2026-12-08T03:00:00Z,900,true,1.192675,0.824408,0.763145,0.953233
N20261207-S008,N20261207,2026-12-08T03:15:00Z,900,true,1.217104,0.827832,0.769604,0.973835
N20261207-S009,N20261207,2026-12-08T03:30:00Z,900,true,1.137924,0.835920,0.765109,0.918442
N20261207-S010,N20261207,2026-12-08T03:45:00Z,900,true,1.126597,0.827981,0.796150,0.906199
N20261207-S011,N20261207,2026-12-08T04:00:00Z,900,true,1.206244,0.831745,0.822892,0.947985
N20261207-S012,N20261207,2026-12-08T04:15:00Z,900,true,1.214805,0.846818,0.816076,0.995669
N20261207-S013,N20261207,2026-12-08T04:30:00Z,900,true,1.163916,0.839738,0.809603,0.965103
N20261207-S014,N20261207,2026-12-08T04:45:00Z,900,true,1.203318,0.824772,0.801283,0.963773
N20261207-S015,N20261207,2026-12-08T05:00:00Z,900,true,1.238243,0.834672,0.796751,0.979741
N20261207-S016,N20261207,2026-12-08T05:15:00Z,900,true,1.285600,0.843231,0.788786,0.956617
N20261207-S017,N20261207,2026-12-08T05:30:00Z,900,true,1.216822,0.861737,0.787046,0.965675
N20261207-S018,N20261207,2026-12-08T05:45:00Z,900,true,1.232178,0.869350,0.786134,0.915714
N20261207-S019,N20261207,2026-12-08T06:00:00Z,900,true,1.200258,0.836005,0.780993,0.920737
N20261207-S020,N20261207,2026-12-08T06:15:00Z,900,true,1.166062,0.839180,0.824357,0.937821
N20261207-S021,N20261207,2026-12-08T06:30:00Z,900,true,1.190992,0.835964,0.824095,0.912035
N20261207-S022,N20261207,2026-12-08T06:45:00Z,900,true,1.169883,0.838624,0.840823,0.994003
N20261207-S023,N20261207,2026-12-08T07:00:00Z,900,true,1.164150,0.828432,0.810167,0.961476
N20261207-S024,N20261207,2026-12-08T07:15:00Z,900,true,1.173162,0.814589,0.811512,0.902594
N20261207-S025,N20261207,2026-12-08T07:30:00Z,900,true,1.162656,0.806955,0.810453,0.925772
N20261207-S026,N20261207,2026-12-08T07:45:00Z,900,true,1.183524,0.810101,0.812572,0.971641
N20261207-S027,N20261207,2026-12-08T08:00:00Z,900,true,1.193607,0.830654,0.807095,0.918660
N20261207-S028,N20261207,2026-12-08T08:15:00Z,900,true,1.216136,0.839388,0.800604,0.961084
N20261207-S029,N20261207,2026-12-08T08:30:00Z,900,true,1.231321,0.821610,0.771058,0.966747
N20261207-S030,N20261207,2026-12-08T08:45:00Z,900,true,1.211263,0.828715,0.757583,0.917839
N20261207-S031,N20261207,2026-12-08T09:00:00Z,900,true,1.188980,0.846555,0.752097,0.957970
N20261207-S032,N20261207,2026-12-08T09:15:00Z,900,true,1.174773,0.844414,0.747986,0.999111
N20261207-S033,N20261207,2026-12-08T09:30:00Z,900,true,1.199968,0.829862,0.744261,0.963482
N20261207-S034,N20261207,2026-12-08T09:45:00Z,900,true,1.217556,0.836413,0.746711,0.981669
N20261207-S035,N20261207,2026-12-08T10:00:00Z,900,true,1.192345,0.841306,0.736363,0.982740
N20261207-S036,N20261207,2026-12-08T10:15:00Z,900,true,1.167271,0.833749,0.773001,0.963344
N20261207-S037,N20261207,2026-12-08T10:30:00Z,900,true,1.187247,0.837914,0.759498,0.922263
N20261207-S038,N20261207,2026-12-08T10:45:00Z,900,true,1.179780,0.850139,0.740027,0.985803
N20261207-S039,N20261207,2026-12-08T11:00:00Z,900,true,1.169644,0.846240,0.718349,0.998163
N20261207-S040,N20261207,2026-12-08T11:15:00Z,900,true,1.227872,0.848561,0.716389,0.902238
N20261207-S041,N20261207,2026-12-08T11:30:00Z,900,true,1.182246,0.835479,0.708726,0.949600
N20261207-S042,N20261207,2026-12-08T11:45:00Z,900,true,1.183027,0.845197,0.712607,0.917413
N20261207-S043,N20261207,2026-12-08T12:00:00Z,900,true,1.203061,0.842323,0.705521,0.973342
N20261207-S044,N20261207,2026-12-08T12:15:00Z,900,true,1.181754,0.824744,0.693669,0.947315
N20261207-S045,N20261207,2026-12-08T12:30:00Z,900,true,1.217691,0.798322,0.665201,0.924316
N20261207-S046,N20261207,2026-12-08T12:45:00Z,900,true,1.198459,0.794195,0.654294,0.911261
N20261207-S047,N20261207,2026-12-08T13:00:00Z,900,true,1.145746,0.786290,0.679073,0.956029
N20261208-S001,N20261208,2026-12-09T01:30:00Z,900,true,1.270961,0.863221,0.719868,0.981832
N20261208-S002,N20261208,2026-12-09T01:45:00Z,900,true,1.322056,0.847298,0.725431,0.930283
N20261208-S003,N20261208,2026-12-09T02:00:00Z,900,true,1.346120,0.842750,0.708610,0.967318
N20261208-S004,N20261208,2026-12-09T02:15:00Z,900,true,1.336932,0.843477,0.710127,0.979600
N20261208-S005,N20261208,2026-12-09T02:30:00Z,900,true,1.352460,0.835151,0.697118,0.986181
N20261208-S006,N20261208,2026-12-09T02:45:00Z,900,true,1.374304,0.828489,0.685824,0.927451
N20261208-S007,N20261208,2026-12-09T03:00:00Z,900,true,1.397361,0.833630,0.723223,0.968628
N20261208-S008,N20261208,2026-12-09T03:15:00Z,900,true,1.401515,0.823475,0.711741,0.975439
N20261208-S009,N20261208,2026-12-09T03:30:00Z,900,true,1.345197,0.840574,0.698654,0.915916
N20261208-S010,N20261208,2026-12-09T03:45:00Z,900,true,1.425730,0.843582,0.742728,0.943802
N20261208-S011,N20261208,2026-12-09T04:00:00Z,900,true,1.397572,0.851124,0.771021,0.982402
N20261208-S012,N20261208,2026-12-09T04:15:00Z,900,true,1.420305,0.837447,0.746410,0.959997
N20261208-S013,N20261208,2026-12-09T04:30:00Z,900,true,1.436116,0.834203,0.744527,0.948229
N20261208-S014,N20261208,2026-12-09T04:45:00Z,900,true,1.415923,0.822841,0.723485,0.991841
N20261208-S015,N20261208,2026-12-09T05:00:00Z,900,true,1.457254,0.828355,0.705986,0.980520
N20261208-S016,N20261208,2026-12-09T05:15:00Z,900,true,1.440493,0.839710,0.743510,0.940907
N20261208-S017,N20261208,2026-12-09T05:30:00Z,900,true,1.337121,0.853627,0.740970,0.951094
N20261208-S018,N20261208,2026-12-09T05:45:00Z,900,true,1.387024,0.864394,0.770806,0.957393
N20261208-S019,N20261208,2026-12-09T06:00:00Z,900,true,1.408737,0.873368,0.766484,0.963869
N20261208-S020,N20261208,2026-12-09T06:15:00Z,900,true,1.444197,0.875055,0.741603,0.984236
N20261208-S021,N20261208,2026-12-09T06:30:00Z,900,true,1.443791,0.867524,0.764455,0.902693
N20261208-S022,N20261208,2026-12-09T06:45:00Z,900,true,1.447060,0.875558,0.731661,0.953869
N20261208-S023,N20261208,2026-12-09T07:00:00Z,900,true,1.441614,0.876872,0.722829,0.968635
N20261208-S024,N20261208,2026-12-09T07:15:00Z,900,true,1.453448,0.856520,0.730104,0.970047
N20261208-S025,N20261208,2026-12-09T07:30:00Z,900,true,1.470098,0.843925,0.736614,0.989552
N20261208-S026,N20261208,2026-12-09T07:45:00Z,900,true,1.441020,0.835037,0.736495,0.942174
N20261208-S027,N20261208,2026-12-09T08:00:00Z,900,false,,,,
N20261208-S028,N20261208,2026-12-09T08:15:00Z,900,true,1.369017,0.838671,0.733970,0.920521
N20261208-S029,N20261208,2026-12-09T08:30:00Z,900,true,1.357094,0.827499,0.732946,0.914447
N20261208-S030,N20261208,2026-12-09T08:45:00Z,900,true,1.333908,0.832071,0.737139,0.973376
N20261208-S031,N20261208,2026-12-09T09:00:00Z,900,true,1.397911,0.826742,0.749938,0.942347
N20261208-S032,N20261208,2026-12-09T09:15:00Z,900,true,1.377162,0.832982,0.744270,0.977829
N20261208-S033,N20261208,2026-12-09T09:30:00Z,900,true,1.341355,0.839425,0.732751,0.940620
N20261208-S034,N20261208,2026-12-09T09:45:00Z,900,true,1.307679,0.850275,0.708046,0.944324
N20261208-S035,N20261208,2026-12-09T10:00:00Z,900,true,1.348864,0.867227,0.716717,0.914406
N20261208-S036,N20261208,2026-12-09T10:15:00Z,900,true,1.329959,0.862021,0.732627,0.970454
N20261208-S037,N20261208,2026-12-09T10:30:00Z,900,true,1.323947,0.870127,0.700183,0.926570
N20261208-S038,N20261208,2026-12-09T10:45:00Z,900,true,1.310790,0.855402,0.692737,0.969482
N20261208-S039,N20261208,2026-12-09T11:00:00Z,900,true,1.269440,0.842722,0.681937,0.907053
N20261208-S040,N20261208,2026-12-09T11:15:00Z,900,true,1.277846,0.878885,0.693129,0.966494
N20261208-S041,N20261208,2026-12-09T11:30:00Z,900,true,1.251270,0.859424,0.673446,0.907247
N20261208-S042,N20261208,2026-12-09T11:45:00Z,900,true,1.272499,0.857368,0.654935,0.932316
N20261208-S043,N20261208,2026-12-09T12:00:00Z,900,true,1.218458,0.864455,0.677612,0.919287
N20261208-S044,N20261208,2026-12-09T12:15:00Z,900,true,1.233627,0.879996,0.682930,0.965161
N20261208-S045,N20261208,2026-12-09T12:30:00Z,900,true,1.289027,0.887436,0.702678,0.976582
N20261208-S046,N20261208,2026-12-09T12:45:00Z,900,true,1.291835,0.889631,0.732791,0.986311
N20261208-S047,N20261208,2026-12-09T13:00:00Z,900,true,1.210086,0.869559,0.763670,0.928860
N20261209-S001,N20261209,2026-12-10T01:30:00Z,900,true,1.246387,0.905219,0.686013,0.960112
N20261209-S002,N20261209,2026-12-10T01:45:00Z,900,true,1.283336,0.913167,0.690929,0.941152
N20261209-S003,N20261209,2026-12-10T02:00:00Z,900,true,1.271940,0.895662,0.703247,0.918707
N20261209-S004,N20261209,2026-12-10T02:15:00Z,900,true,1.241040,0.904125,0.683894,0.929527
N20261209-S005,N20261209,2026-12-10T02:30:00Z,900,true,1.233702,0.924580,0.680271,0.947990
N20261209-S006,N20261209,2026-12-10T02:45:00Z,900,true,1.271930,0.934246,0.691494,0.972498
N20261209-S007,N20261209,2026-12-10T03:00:00Z,900,true,1.284937,0.926785,0.696994,0.911092
N20261209-S008,N20261209,2026-12-10T03:15:00Z,900,true,1.280373,0.912375,0.697491,0.998560
N20261209-S009,N20261209,2026-12-10T03:30:00Z,900,true,1.296556,0.898903,0.720357,0.906817
N20261209-S010,N20261209,2026-12-10T03:45:00Z,900,true,1.275311,0.902432,0.703406,0.961599
N20261209-S011,N20261209,2026-12-10T04:00:00Z,900,true,1.256378,0.901375,0.747126,0.948807
N20261209-S012,N20261209,2026-12-10T04:15:00Z,900,true,1.269298,0.905360,0.775234,0.917135
N20261209-S013,N20261209,2026-12-10T04:30:00Z,900,true,1.296486,0.921907,0.773011,0.999550
N20261209-S014,N20261209,2026-12-10T04:45:00Z,900,true,1.263063,0.919214,0.760906,0.952703
N20261209-S015,N20261209,2026-12-10T05:00:00Z,900,true,1.251323,0.940781,0.754365,0.920029
N20261209-S016,N20261209,2026-12-10T05:15:00Z,900,true,1.182396,0.916152,0.767362,0.908728
N20261209-S017,N20261209,2026-12-10T05:30:00Z,900,true,1.174659,0.902929,0.766326,0.943616
N20261209-S018,N20261209,2026-12-10T05:45:00Z,900,true,1.194834,0.892302,0.738428,0.971461
N20261209-S019,N20261209,2026-12-10T06:00:00Z,900,true,1.216318,0.900245,0.743865,0.984827
N20261209-S020,N20261209,2026-12-10T06:15:00Z,900,true,1.151165,0.907027,0.744621,0.971243
N20261209-S021,N20261209,2026-12-10T06:30:00Z,900,true,1.106640,0.893592,0.747519,0.941115
N20261209-S022,N20261209,2026-12-10T06:45:00Z,900,true,1.020237,0.896858,0.721196,0.940769
N20261209-S023,N20261209,2026-12-10T07:00:00Z,900,true,1.052194,0.896556,0.724643,0.979160
N20261209-S024,N20261209,2026-12-10T07:15:00Z,900,true,1.066243,0.868326,0.708937,0.983954
N20261209-S025,N20261209,2026-12-10T07:30:00Z,900,true,1.078183,0.868564,0.705118,0.987539
N20261209-S026,N20261209,2026-12-10T07:45:00Z,900,true,1.076834,0.851640,0.707598,0.954397
N20261209-S027,N20261209,2026-12-10T08:00:00Z,900,true,1.098621,0.851070,0.706181,0.980750
N20261209-S028,N20261209,2026-12-10T08:15:00Z,900,true,1.145631,0.853486,0.708421,0.924788
N20261209-S029,N20261209,2026-12-10T08:30:00Z,900,true,1.214048,0.862516,0.710671,0.953198
N20261209-S030,N20261209,2026-12-10T08:45:00Z,900,true,1.242458,0.865271,0.724558,0.931092
N20261209-S031,N20261209,2026-12-10T09:00:00Z,900,true,1.204669,0.854492,0.729706,0.994188
N20261209-S032,N20261209,2026-12-10T09:15:00Z,900,true,1.219907,0.854165,0.709201,0.970521
N20261209-S033,N20261209,2026-12-10T09:30:00Z,900,true,1.198964,0.848435,0.696203,0.930665
N20261209-S034,N20261209,2026-12-10T09:45:00Z,900,true,1.162989,0.860364,0.689613,0.916162
N20261209-S035,N20261209,2026-12-10T10:00:00Z,900,true,1.199396,0.845041,0.713449,0.991127
N20261209-S036,N20261209,2026-12-10T10:15:00Z,900,true,1.195402,0.848707,0.724057,0.962459
N20261209-S037,N20261209,2026-12-10T10:30:00Z,900,true,1.248658,0.859108,0.729845,0.942343
N20261209-S038,N20261209,2026-12-10T10:45:00Z,900,true,1.254665,0.857449,0.741113,0.960065
N20261209-S039,N20261209,2026-12-10T11:00:00Z,900,true,1.257437,0.875354,0.721442,0.946469
N20261209-S040,N20261209,2026-12-10T11:15:00Z,900,false,,,,
N20261209-S041,N20261209,2026-12-10T11:30:00Z,900,false,,,,
N20261209-S042,N20261209,2026-12-10T11:45:00Z,900,false,,,,
N20261209-S043,N20261209,2026-12-10T12:00:00Z,900,false,,,,
N20261209-S044,N20261209,2026-12-10T12:15:00Z,900,true,1.332870,0.886976,0.754337,0.955652
N20261209-S045,N20261209,2026-12-10T12:30:00Z,900,true,1.314756,0.887170,0.729503,0.989328
N20261209-S046,N20261209,2026-12-10T12:45:00Z,900,true,1.332045,0.878334,0.705331,0.905792
N20261209-S047,N20261209,2026-12-10T13:00:00Z,900,true,1.321047,0.877877,0.704776,0.910960
N20261210-S001,N20261210,2026-12-11T01:30:00Z,900,true,1.339989,0.910704,0.817279,0.916146
N20261210-S002,N20261210,2026-12-11T01:45:00Z,900,true,1.292678,0.907679,0.826657,0.992831
N20261210-S003,N20261210,2026-12-11T02:00:00Z,900,true,1.300484,0.893472,0.838385,0.908711
N20261210-S004,N20261210,2026-12-11T02:15:00Z,900,true,1.280958,0.880961,0.816656,0.962795
N20261210-S005,N20261210,2026-12-11T02:30:00Z,900,true,1.335316,0.884393,0.814565,0.965451
N20261210-S006,N20261210,2026-12-11T02:45:00Z,900,true,1.381304,0.882841,0.792837,0.972552
N20261210-S007,N20261210,2026-12-11T03:00:00Z,900,true,1.408321,0.876835,0.811947,0.968546
N20261210-S008,N20261210,2026-12-11T03:15:00Z,900,true,1.377746,0.860844,0.803866,0.969686
N20261210-S009,N20261210,2026-12-11T03:30:00Z,900,true,1.418354,0.865507,0.803213,0.997584
N20261210-S010,N20261210,2026-12-11T03:45:00Z,900,true,1.406952,0.888564,0.820506,0.955824
N20261210-S011,N20261210,2026-12-11T04:00:00Z,900,true,1.400175,0.876033,0.841827,0.938382
N20261210-S012,N20261210,2026-12-11T04:15:00Z,900,true,1.412192,0.866057,0.883593,0.915881
N20261210-S013,N20261210,2026-12-11T04:30:00Z,900,true,1.381638,0.868466,0.871268,0.974483
N20261210-S014,N20261210,2026-12-11T04:45:00Z,900,true,1.373533,0.885508,0.845461,0.909490
N20261210-S015,N20261210,2026-12-11T05:00:00Z,900,true,1.370372,0.882838,0.839888,0.931303
N20261210-S016,N20261210,2026-12-11T05:15:00Z,900,true,1.346207,0.892568,0.831057,0.997921
N20261210-S017,N20261210,2026-12-11T05:30:00Z,900,true,1.346752,0.902060,0.822348,0.969692
N20261210-S018,N20261210,2026-12-11T05:45:00Z,900,true,1.316744,0.905618,0.805947,0.998086
N20261210-S019,N20261210,2026-12-11T06:00:00Z,900,true,1.336474,0.912545,0.780975,0.979967
N20261210-S020,N20261210,2026-12-11T06:15:00Z,900,true,1.351483,0.898938,0.786662,0.966474
N20261210-S021,N20261210,2026-12-11T06:30:00Z,900,true,1.351540,0.876611,0.758549,0.900504
N20261210-S022,N20261210,2026-12-11T06:45:00Z,900,true,1.348128,0.885015,0.744281,0.997491
N20261210-S023,N20261210,2026-12-11T07:00:00Z,900,true,1.385687,0.894142,0.761001,0.949205
N20261210-S024,N20261210,2026-12-11T07:15:00Z,900,true,1.341599,0.901854,0.756412,0.975919
N20261210-S025,N20261210,2026-12-11T07:30:00Z,900,true,1.318736,0.912869,0.748764,0.998712
N20261210-S026,N20261210,2026-12-11T07:45:00Z,900,true,1.320666,0.916139,0.772150,0.933709
N20261210-S027,N20261210,2026-12-11T08:00:00Z,900,true,1.333809,0.918427,0.773875,0.981812
N20261210-S028,N20261210,2026-12-11T08:15:00Z,900,true,1.333008,0.937394,0.772700,0.948921
N20261210-S029,N20261210,2026-12-11T08:30:00Z,900,true,1.364772,0.932253,0.795827,0.931202
N20261210-S030,N20261210,2026-12-11T08:45:00Z,900,true,1.418227,0.911417,0.794563,0.904377
N20261210-S031,N20261210,2026-12-11T09:00:00Z,900,true,1.365740,0.908004,0.827630,0.995207
N20261210-S032,N20261210,2026-12-11T09:15:00Z,900,false,,,,
N20261210-S033,N20261210,2026-12-11T09:30:00Z,900,false,,,,
N20261210-S034,N20261210,2026-12-11T09:45:00Z,900,false,,,,
N20261210-S035,N20261210,2026-12-11T10:00:00Z,900,false,,,,
N20261210-S036,N20261210,2026-12-11T10:15:00Z,900,true,1.347570,0.906194,0.841867,0.980629
N20261210-S037,N20261210,2026-12-11T10:30:00Z,900,true,1.317201,0.906170,0.855970,0.931027
N20261210-S038,N20261210,2026-12-11T10:45:00Z,900,true,1.297708,0.922931,0.845366,0.967113
N20261210-S039,N20261210,2026-12-11T11:00:00Z,900,true,1.357378,0.918197,0.858665,0.900384
N20261210-S040,N20261210,2026-12-11T11:15:00Z,900,true,1.355202,0.915867,0.883483,0.937418
N20261210-S041,N20261210,2026-12-11T11:30:00Z,900,true,1.305540,0.915989,0.854631,0.957099
N20261210-S042,N20261210,2026-12-11T11:45:00Z,900,true,1.250485,0.917323,0.851220,0.947397
N20261210-S043,N20261210,2026-12-11T12:00:00Z,900,true,1.208955,0.929875,0.828219,0.952366
N20261210-S044,N20261210,2026-12-11T12:15:00Z,900,true,1.173549,0.913136,0.856076,0.954027
N20261210-S045,N20261210,2026-12-11T12:30:00Z,900,true,1.259705,0.913737,0.841587,0.991345
N20261210-S046,N20261210,2026-12-11T12:45:00Z,900,true,1.258352,0.916020,0.828750,0.941982
N20261210-S047,N20261210,2026-12-11T13:00:00Z,900,true,1.287276,0.905278,0.805239,0.923264
N20261211-S001,N20261211,2026-12-12T01:30:00Z,900,true,1.401068,0.906101,0.727941,0.902737
N20261211-S002,N20261211,2026-12-12T01:45:00Z,900,true,1.440574,0.908430,0.746058,0.989836
N20261211-S003,N20261211,2026-12-12T02:00:00Z,900,true,1.512898,0.898408,0.730156,0.979302
N20261211-S004,N20261211,2026-12-12T02:15:00Z,900,true,1.558659,0.892358,0.736326,0.974340
N20261211-S005,N20261211,2026-12-12T02:30:00Z,900,true,1.550454,0.911123,0.755773,0.913345
N20261211-S006,N20261211,2026-12-12T02:45:00Z,900,true,1.528041,0.920345,0.761544,0.990669
N20261211-S007,N20261211,2026-12-12T03:00:00Z,900,true,1.492668,0.929422,0.745502,0.970924
N20261211-S008,N20261211,2026-12-12T03:15:00Z,900,true,1.457137,0.912008,0.745369,0.925205
N20261211-S009,N20261211,2026-12-12T03:30:00Z,900,true,1.529215,0.906835,0.735120,0.976491
N20261211-S010,N20261211,2026-12-12T03:45:00Z,900,true,1.484686,0.919573,0.751691,0.987576
N20261211-S011,N20261211,2026-12-12T04:00:00Z,900,true,1.455639,0.921096,0.759129,0.921750
N20261211-S012,N20261211,2026-12-12T04:15:00Z,900,true,1.441806,0.923273,0.743602,0.962603
N20261211-S013,N20261211,2026-12-12T04:30:00Z,900,true,1.409076,0.915206,0.747016,0.944473
N20261211-S014,N20261211,2026-12-12T04:45:00Z,900,true,1.411223,0.928966,0.749210,0.966190
N20261211-S015,N20261211,2026-12-12T05:00:00Z,900,true,1.460293,0.946422,0.759213,0.932968
N20261211-S016,N20261211,2026-12-12T05:15:00Z,900,true,1.504284,0.948337,0.747069,0.903733
N20261211-S017,N20261211,2026-12-12T05:30:00Z,900,true,1.534135,0.919553,0.765034,0.996330
N20261211-S018,N20261211,2026-12-12T05:45:00Z,900,true,1.582271,0.909564,0.761657,0.928997
N20261211-S019,N20261211,2026-12-12T06:00:00Z,900,true,1.622205,0.906867,0.747590,0.956685
N20261211-S020,N20261211,2026-12-12T06:15:00Z,900,true,1.592737,0.886084,0.741214,0.904600
N20261211-S021,N20261211,2026-12-12T06:30:00Z,900,true,1.637813,0.892018,0.751369,0.979690
N20261211-S022,N20261211,2026-12-12T06:45:00Z,900,true,1.587840,0.890474,0.762959,0.909557
N20261211-S023,N20261211,2026-12-12T07:00:00Z,900,true,1.622445,0.896136,0.755673,0.907309
N20261211-S024,N20261211,2026-12-12T07:15:00Z,900,true,1.662413,0.896754,0.766997,0.982448
N20261211-S025,N20261211,2026-12-12T07:30:00Z,900,true,1.617956,0.883033,0.766703,0.906096
N20261211-S026,N20261211,2026-12-12T07:45:00Z,900,true,1.665247,0.880615,0.780038,0.960464
N20261211-S027,N20261211,2026-12-12T08:00:00Z,900,true,1.678988,0.881867,0.797308,0.969931
N20261211-S028,N20261211,2026-12-12T08:15:00Z,900,true,1.579178,0.883210,0.789320,0.904428
N20261211-S029,N20261211,2026-12-12T08:30:00Z,900,true,1.551999,0.892606,0.816206,0.934716
N20261211-S030,N20261211,2026-12-12T08:45:00Z,900,true,1.524427,0.893592,0.815554,0.914761
N20261211-S031,N20261211,2026-12-12T09:00:00Z,900,true,1.530669,0.902129,0.804066,0.950608
N20261211-S032,N20261211,2026-12-12T09:15:00Z,900,true,1.487633,0.902066,0.800955,0.973746
N20261211-S033,N20261211,2026-12-12T09:30:00Z,900,true,1.484432,0.914537,0.778112,0.965434
N20261211-S034,N20261211,2026-12-12T09:45:00Z,900,true,1.489250,0.903174,0.762972,0.910701
N20261211-S035,N20261211,2026-12-12T10:00:00Z,900,true,1.489002,0.896515,0.750219,0.947858
N20261211-S036,N20261211,2026-12-12T10:15:00Z,900,true,1.479715,0.885003,0.760104,0.980993
N20261211-S037,N20261211,2026-12-12T10:30:00Z,900,true,1.459048,0.871375,0.780958,0.920883
N20261211-S038,N20261211,2026-12-12T10:45:00Z,900,true,1.540865,0.875278,0.773137,0.987958
N20261211-S039,N20261211,2026-12-12T11:00:00Z,900,true,1.598531,0.880954,0.761554,0.930059
N20261211-S040,N20261211,2026-12-12T11:15:00Z,900,true,1.573993,0.883041,0.745958,0.902232
N20261211-S041,N20261211,2026-12-12T11:30:00Z,900,true,1.533939,0.879390,0.739049,0.916106
N20261211-S042,N20261211,2026-12-12T11:45:00Z,900,true,1.511582,0.875139,0.729857,0.985253
N20261211-S043,N20261211,2026-12-12T12:00:00Z,900,true,1.470694,0.883217,0.731838,0.989398
N20261211-S044,N20261211,2026-12-12T12:15:00Z,900,true,1.393528,0.876164,0.754552,0.966478
N20261211-S045,N20261211,2026-12-12T12:30:00Z,900,true,1.394131,0.891482,0.760292,0.910553
N20261211-S046,N20261211,2026-12-12T12:45:00Z,900,true,1.375489,0.877891,0.739629,0.900812
N20261211-S047,N20261211,2026-12-12T13:00:00Z,900,true,1.361621,0.890355,0.757987,0.958929
N20261212-S001,N20261212,2026-12-13T01:30:00Z,900,true,1.443252,0.859641,0.801324,0.985909
N20261212-S002,N20261212,2026-12-13T01:45:00Z,900,true,1.516094,0.863643,0.842064,0.936503
N20261212-S003,N20261212,2026-12-13T02:00:00Z,900,true,1.486741,0.865013,0.845176,0.982716
N20261212-S004,N20261212,2026-12-13T02:15:00Z,900,true,1.496612,0.854956,0.821901,0.968948
N20261212-S005,N20261212,2026-12-13T02:30:00Z,900,true,1.443415,0.848586,0.841076,0.930682
N20261212-S006,N20261212,2026-12-13T02:45:00Z,900,true,1.406179,0.848082,0.837610,0.989672
N20261212-S007,N20261212,2026-12-13T03:00:00Z,900,true,1.418641,0.870407,0.811855,0.949134
N20261212-S008,N20261212,2026-12-13T03:15:00Z,900,true,1.476444,0.868939,0.826489,0.935230
N20261212-S009,N20261212,2026-12-13T03:30:00Z,900,true,1.442358,0.869355,0.839883,0.901565
N20261212-S010,N20261212,2026-12-13T03:45:00Z,900,true,1.466533,0.877488,0.846958,0.978065
N20261212-S011,N20261212,2026-12-13T04:00:00Z,900,true,1.505533,0.865627,0.841575,0.951671
N20261212-S012,N20261212,2026-12-13T04:15:00Z,900,true,1.538544,0.873537,0.840668,0.909092
N20261212-S013,N20261212,2026-12-13T04:30:00Z,900,true,1.491267,0.893053,0.831253,0.973174
N20261212-S014,N20261212,2026-12-13T04:45:00Z,900,true,1.479022,0.912472,0.841431,0.950833
N20261212-S015,N20261212,2026-12-13T05:00:00Z,900,true,1.500641,0.914956,0.838346,0.949697
N20261212-S016,N20261212,2026-12-13T05:15:00Z,900,true,1.534787,0.930035,0.847403,0.955099
N20261212-S017,N20261212,2026-12-13T05:30:00Z,900,true,1.524236,0.922545,0.807636,0.917891
N20261212-S018,N20261212,2026-12-13T05:45:00Z,900,false,,,,
N20261212-S019,N20261212,2026-12-13T06:00:00Z,900,false,,,,
N20261212-S020,N20261212,2026-12-13T06:15:00Z,900,false,,,,
N20261212-S021,N20261212,2026-12-13T06:30:00Z,900,false,,,,
N20261212-S022,N20261212,2026-12-13T06:45:00Z,900,false,,,,
N20261212-S023,N20261212,2026-12-13T07:00:00Z,900,false,,,,
N20261212-S024,N20261212,2026-12-13T07:15:00Z,900,true,1.465644,0.910314,0.824554,0.972238
N20261212-S025,N20261212,2026-12-13T07:30:00Z,900,true,1.476840,0.928745,0.846543,0.983557
N20261212-S026,N20261212,2026-12-13T07:45:00Z,900,true,1.560182,0.914730,0.827331,0.996578
N20261212-S027,N20261212,2026-12-13T08:00:00Z,900,true,1.534980,0.922349,0.834818,0.987663
N20261212-S028,N20261212,2026-12-13T08:15:00Z,900,true,1.568733,0.892275,0.843333,0.982962
N20261212-S029,N20261212,2026-12-13T08:30:00Z,900,true,1.542618,0.906343,0.819900,0.915324
N20261212-S030,N20261212,2026-12-13T08:45:00Z,900,true,1.545732,0.911237,0.813304,0.986139
N20261212-S031,N20261212,2026-12-13T09:00:00Z,900,true,1.524627,0.909929,0.788243,0.901118
N20261212-S032,N20261212,2026-12-13T09:15:00Z,900,true,1.500509,0.914738,0.765034,0.906383
N20261212-S033,N20261212,2026-12-13T09:30:00Z,900,true,1.529065,0.894757,0.782941,0.961514
N20261212-S034,N20261212,2026-12-13T09:45:00Z,900,true,1.525922,0.872654,0.809349,0.968077
N20261212-S035,N20261212,2026-12-13T10:00:00Z,900,true,1.531262,0.859244,0.821498,0.984522
N20261212-S036,N20261212,2026-12-13T10:15:00Z,900,true,1.585608,0.840804,0.845819,0.925364
N20261212-S037,N20261212,2026-12-13T10:30:00Z,900,true,1.588316,0.838714,0.852952,0.914469
N20261212-S038,N20261212,2026-12-13T10:45:00Z,900,true,1.557472,0.827565,0.828309,0.942519
N20261212-S039,N20261212,2026-12-13T11:00:00Z,900,true,1.543978,0.829943,0.799124,0.951209
N20261212-S040,N20261212,2026-12-13T11:15:00Z,900,true,1.509776,0.855791,0.798923,0.992459
N20261212-S041,N20261212,2026-12-13T11:30:00Z,900,true,1.531101,0.862286,0.765166,0.948305
N20261212-S042,N20261212,2026-12-13T11:45:00Z,900,true,1.501701,0.867203,0.798617,0.975339
N20261212-S043,N20261212,2026-12-13T12:00:00Z,900,true,1.440806,0.852341,0.815001,0.966672
N20261212-S044,N20261212,2026-12-13T12:15:00Z,900,true,1.465671,0.857432,0.781457,0.943888
N20261212-S045,N20261212,2026-12-13T12:30:00Z,900,true,1.476958,0.853118,0.792103,0.909002
N20261212-S046,N20261212,2026-12-13T12:45:00Z,900,true,1.447134,0.870049,0.784511,0.941830
N20261212-S047,N20261212,2026-12-13T13:00:00Z,900,true,1.425622,0.904541,0.779227,0.940642
N20261213-S001,N20261213,2026-12-14T01:30:00Z,900,true,1.448586,0.824103,0.884167,0.934141
N20261213-S002,N20261213,2026-12-14T01:45:00Z,900,true,1.455831,0.836003,0.897855,0.942780
N20261213-S003,N20261213,2026-12-14T02:00:00Z,900,true,1.468155,0.819698,0.914585,0.982143
N20261213-S004,N20261213,2026-12-14T02:15:00Z,900,true,1.499636,0.819814,0.896036,0.907626
N20261213-S005,N20261213,2026-12-14T02:30:00Z,900,true,1.467923,0.820865,0.881725,0.914556
N20261213-S006,N20261213,2026-12-14T02:45:00Z,900,true,1.448286,0.800417,0.884568,0.932819
N20261213-S007,N20261213,2026-12-14T03:00:00Z,900,true,1.396221,0.801662,0.868371,0.935109
N20261213-S008,N20261213,2026-12-14T03:15:00Z,900,true,1.436979,0.820782,0.841767,0.963668
N20261213-S009,N20261213,2026-12-14T03:30:00Z,900,true,1.397278,0.803856,0.844736,0.981860
N20261213-S010,N20261213,2026-12-14T03:45:00Z,900,true,1.412485,0.804288,0.874526,0.906360
N20261213-S011,N20261213,2026-12-14T04:00:00Z,900,true,1.373630,0.825620,0.911601,0.946253
N20261213-S012,N20261213,2026-12-14T04:15:00Z,900,true,1.376245,0.806094,0.896971,0.947965
N20261213-S013,N20261213,2026-12-14T04:30:00Z,900,true,1.390089,0.820669,0.882643,0.964243
N20261213-S014,N20261213,2026-12-14T04:45:00Z,900,true,1.440900,0.854577,0.883952,0.943870
N20261213-S015,N20261213,2026-12-14T05:00:00Z,900,true,1.385928,0.850530,0.870911,0.963842
N20261213-S016,N20261213,2026-12-14T05:15:00Z,900,true,1.375381,0.835965,0.884040,0.931714
N20261213-S017,N20261213,2026-12-14T05:30:00Z,900,true,1.365024,0.822060,0.886888,0.938863
N20261213-S018,N20261213,2026-12-14T05:45:00Z,900,true,1.308633,0.827489,0.892786,0.923445
N20261213-S019,N20261213,2026-12-14T06:00:00Z,900,true,1.381928,0.819189,0.883802,0.922594
N20261213-S020,N20261213,2026-12-14T06:15:00Z,900,true,1.439655,0.849598,0.890858,0.969140
N20261213-S021,N20261213,2026-12-14T06:30:00Z,900,true,1.495816,0.854134,0.889711,0.928640
N20261213-S022,N20261213,2026-12-14T06:45:00Z,900,true,1.506163,0.868449,0.898092,0.973074
N20261213-S023,N20261213,2026-12-14T07:00:00Z,900,true,1.572934,0.855869,0.899500,0.920695
N20261213-S024,N20261213,2026-12-14T07:15:00Z,900,true,1.499162,0.832294,0.895619,0.906010
N20261213-S025,N20261213,2026-12-14T07:30:00Z,900,true,1.431633,0.844505,0.899412,0.912191
N20261213-S026,N20261213,2026-12-14T07:45:00Z,900,true,1.442159,0.840322,0.920524,0.912363
N20261213-S027,N20261213,2026-12-14T08:00:00Z,900,true,1.477670,0.835139,0.917513,0.956899
N20261213-S028,N20261213,2026-12-14T08:15:00Z,900,true,1.518084,0.845599,0.935283,0.930367
N20261213-S029,N20261213,2026-12-14T08:30:00Z,900,true,1.465092,0.851206,0.940323,0.933938
N20261213-S030,N20261213,2026-12-14T08:45:00Z,900,true,1.464850,0.833613,0.926002,0.977380
N20261213-S031,N20261213,2026-12-14T09:00:00Z,900,true,1.476960,0.853034,0.930939,0.942195
N20261213-S032,N20261213,2026-12-14T09:15:00Z,900,true,1.462782,0.841059,0.926786,0.974527
N20261213-S033,N20261213,2026-12-14T09:30:00Z,900,true,1.476308,0.851724,0.925958,0.946790
N20261213-S034,N20261213,2026-12-14T09:45:00Z,900,true,1.481373,0.837268,0.927273,0.955006
N20261213-S035,N20261213,2026-12-14T10:00:00Z,900,true,1.423033,0.820735,0.917352,0.906007
N20261213-S036,N20261213,2026-12-14T10:15:00Z,900,true,1.462957,0.841459,0.929196,0.974531
N20261213-S037,N20261213,2026-12-14T10:30:00Z,900,true,1.434459,0.834462,0.919032,0.918302
N20261213-S038,N20261213,2026-12-14T10:45:00Z,900,true,1.470299,0.822438,0.889497,0.905425
N20261213-S039,N20261213,2026-12-14T11:00:00Z,900,true,1.493396,0.822935,0.891259,0.943619
N20261213-S040,N20261213,2026-12-14T11:15:00Z,900,true,1.512654,0.866995,0.886130,0.925669
N20261213-S041,N20261213,2026-12-14T11:30:00Z,900,true,1.475177,0.879044,0.874643,0.995393
N20261213-S042,N20261213,2026-12-14T11:45:00Z,900,true,1.473027,0.885240,0.858252,0.946932
N20261213-S043,N20261213,2026-12-14T12:00:00Z,900,true,1.504072,0.888325,0.853240,0.970270
N20261213-S044,N20261213,2026-12-14T12:15:00Z,900,true,1.468142,0.887242,0.874866,0.933803
N20261213-S045,N20261213,2026-12-14T12:30:00Z,900,true,1.440055,0.891182,0.883122,0.900047
N20261213-S046,N20261213,2026-12-14T12:45:00Z,900,true,1.438415,0.875313,0.887595,0.936215
N20261213-S047,N20261213,2026-12-14T13:00:00Z,900,true,1.414626,0.872298,0.882414,0.954697
N20261214-S001,N20261214,2026-12-15T01:30:00Z,900,true,1.465839,0.761694,0.910331,0.990054
N20261214-S002,N20261214,2026-12-15T01:45:00Z,900,true,1.440048,0.757006,0.872696,0.971330
N20261214-S003,N20261214,2026-12-15T02:00:00Z,900,true,1.457416,0.754057,0.881047,0.965876
N20261214-S004,N20261214,2026-12-15T02:15:00Z,900,true,1.483279,0.757921,0.863763,0.922364
N20261214-S005,N20261214,2026-12-15T02:30:00Z,900,true,1.465095,0.764140,0.904656,0.993813
N20261214-S006,N20261214,2026-12-15T02:45:00Z,900,true,1.502830,0.762723,0.934136,0.979106
N20261214-S007,N20261214,2026-12-15T03:00:00Z,900,true,1.489656,0.752632,0.913379,0.917414
N20261214-S008,N20261214,2026-12-15T03:15:00Z,900,true,1.549119,0.747764,0.937825,0.942236
N20261214-S009,N20261214,2026-12-15T03:30:00Z,900,true,1.516802,0.753431,0.923238,0.929711
N20261214-S010,N20261214,2026-12-15T03:45:00Z,900,true,1.511374,0.764208,0.918593,0.986832
N20261214-S011,N20261214,2026-12-15T04:00:00Z,900,true,1.505853,0.782405,0.934781,0.993044
N20261214-S012,N20261214,2026-12-15T04:15:00Z,900,true,1.463224,0.761818,0.919360,0.972885
N20261214-S013,N20261214,2026-12-15T04:30:00Z,900,true,1.376825,0.772880,0.941474,0.911501
N20261214-S014,N20261214,2026-12-15T04:45:00Z,900,true,1.342588,0.765332,0.953681,0.945792
N20261214-S015,N20261214,2026-12-15T05:00:00Z,900,true,1.343989,0.759715,0.930445,0.998555
N20261214-S016,N20261214,2026-12-15T05:15:00Z,900,true,1.340420,0.764186,0.923102,0.961465
N20261214-S017,N20261214,2026-12-15T05:30:00Z,900,true,1.400172,0.768705,0.910714,0.970320
N20261214-S018,N20261214,2026-12-15T05:45:00Z,900,true,1.394556,0.761224,0.892736,0.986992
N20261214-S019,N20261214,2026-12-15T06:00:00Z,900,true,1.442581,0.749126,0.864712,0.982224
N20261214-S020,N20261214,2026-12-15T06:15:00Z,900,true,1.437645,0.740446,0.886528,0.943024
N20261214-S021,N20261214,2026-12-15T06:30:00Z,900,true,1.500482,0.748065,0.893590,0.919496
N20261214-S022,N20261214,2026-12-15T06:45:00Z,900,true,1.444144,0.751846,0.933740,0.929601
N20261214-S023,N20261214,2026-12-15T07:00:00Z,900,true,1.460692,0.744532,0.910653,0.907717
N20261214-S024,N20261214,2026-12-15T07:15:00Z,900,true,1.487984,0.744390,0.926432,0.916556
N20261214-S025,N20261214,2026-12-15T07:30:00Z,900,true,1.469543,0.773137,0.924320,0.954358
N20261214-S026,N20261214,2026-12-15T07:45:00Z,900,true,1.423890,0.791951,0.917301,0.975717
N20261214-S027,N20261214,2026-12-15T08:00:00Z,900,true,1.428230,0.770088,0.892948,0.951972
N20261214-S028,N20261214,2026-12-15T08:15:00Z,900,true,1.419986,0.783268,0.888218,0.933228
N20261214-S029,N20261214,2026-12-15T08:30:00Z,900,true,1.400262,0.769996,0.902283,0.971181
N20261214-S030,N20261214,2026-12-15T08:45:00Z,900,true,1.438676,0.756762,0.928346,0.901628
N20261214-S031,N20261214,2026-12-15T09:00:00Z,900,true,1.477349,0.768751,0.964257,0.944932
N20261214-S032,N20261214,2026-12-15T09:15:00Z,900,true,1.489680,0.772589,0.962664,0.952085
N20261214-S033,N20261214,2026-12-15T09:30:00Z,900,true,1.474284,0.769352,0.945752,0.981213
N20261214-S034,N20261214,2026-12-15T09:45:00Z,900,true,1.450821,0.764046,0.924732,0.912501
N20261214-S035,N20261214,2026-12-15T10:00:00Z,900,true,1.400666,0.764560,0.962167,0.945141
N20261214-S036,N20261214,2026-12-15T10:15:00Z,900,true,1.327759,0.768117,0.948886,0.974283
N20261214-S037,N20261214,2026-12-15T10:30:00Z,900,true,1.376853,0.770597,0.931581,0.915441
N20261214-S038,N20261214,2026-12-15T10:45:00Z,900,true,1.398225,0.774765,0.934112,0.951807
N20261214-S039,N20261214,2026-12-15T11:00:00Z,900,true,1.383113,0.766258,0.920624,0.987472
N20261214-S040,N20261214,2026-12-15T11:15:00Z,900,true,1.395156,0.783481,0.907982,0.962883
N20261214-S041,N20261214,2026-12-15T11:30:00Z,900,true,1.355017,0.780974,0.920378,0.912365
N20261214-S042,N20261214,2026-12-15T11:45:00Z,900,true,1.378491,0.775862,0.929764,0.932179
N20261214-S043,N20261214,2026-12-15T12:00:00Z,900,true,1.390036,0.758698,0.946617,0.904560
N20261214-S044,N20261214,2026-12-15T12:15:00Z,900,true,1.389906,0.751423,0.933208,0.905337
N20261214-S045,N20261214,2026-12-15T12:30:00Z,900,true,1.399248,0.768094,0.957350,0.951575
N20261214-S046,N20261214,2026-12-15T12:45:00Z,900,true,1.409757,0.768067,0.973430,0.934571
N20261214-S047,N20261214,2026-12-15T13:00:00Z,900,true,1.382187,0.783552,0.972907,0.945989
N20261215-S001,N20261215,2026-12-16T01:30:00Z,900,true,1.330566,0.779850,0.835555,0.984506
N20261215-S002,N20261215,2026-12-16T01:45:00Z,900,true,1.359442,0.788474,0.838304,0.989134
N20261215-S003,N20261215,2026-12-16T02:00:00Z,900,true,1.360659,0.777819,0.822325,0.993310
N20261215-S004,N20261215,2026-12-16T02:15:00Z,900,true,1.321473,0.772640,0.807221,0.959228
N20261215-S005,N20261215,2026-12-16T02:30:00Z,900,true,1.326885,0.778743,0.837953,0.900136
N20261215-S006,N20261215,2026-12-16T02:45:00Z,900,true,1.342613,0.780085,0.824310,0.916383
N20261215-S007,N20261215,2026-12-16T03:00:00Z,900,true,1.359760,0.775294,0.840928,0.922512
N20261215-S008,N20261215,2026-12-16T03:15:00Z,900,true,1.341464,0.788664,0.831209,0.909977
N20261215-S009,N20261215,2026-12-16T03:30:00Z,900,true,1.383652,0.798139,0.839219,0.985425
N20261215-S010,N20261215,2026-12-16T03:45:00Z,900,true,1.341695,0.792659,0.835664,0.958979
N20261215-S011,N20261215,2026-12-16T04:00:00Z,900,true,1.350348,0.785408,0.851881,0.958276
N20261215-S012,N20261215,2026-12-16T04:15:00Z,900,true,1.316120,0.760699,0.844623,0.981570
N20261215-S013,N20261215,2026-12-16T04:30:00Z,900,true,1.311299,0.760930,0.843233,0.952711
N20261215-S014,N20261215,2026-12-16T04:45:00Z,900,true,1.260800,0.758287,0.867425,0.992121
N20261215-S015,N20261215,2026-12-16T05:00:00Z,900,true,1.320035,0.750175,0.879083,0.931101
N20261215-S016,N20261215,2026-12-16T05:15:00Z,900,true,1.293594,0.768779,0.854416,0.959659
N20261215-S017,N20261215,2026-12-16T05:30:00Z,900,true,1.284371,0.762942,0.884522,0.920480
N20261215-S018,N20261215,2026-12-16T05:45:00Z,900,true,1.276878,0.758977,0.870340,0.942695
N20261215-S019,N20261215,2026-12-16T06:00:00Z,900,true,1.268429,0.776546,0.869625,0.946118
N20261215-S020,N20261215,2026-12-16T06:15:00Z,900,true,1.308176,0.785061,0.860326,0.913731
N20261215-S021,N20261215,2026-12-16T06:30:00Z,900,true,1.290373,0.780066,0.844556,0.991268
N20261215-S022,N20261215,2026-12-16T06:45:00Z,900,true,1.280306,0.776083,0.835055,0.989257
N20261215-S023,N20261215,2026-12-16T07:00:00Z,900,true,1.246800,0.768301,0.818802,0.979598
N20261215-S024,N20261215,2026-12-16T07:15:00Z,900,true,1.235729,0.779223,0.792231,0.905646
N20261215-S025,N20261215,2026-12-16T07:30:00Z,900,true,1.266614,0.787182,0.822824,0.921458
N20261215-S026,N20261215,2026-12-16T07:45:00Z,900,true,1.249081,0.784673,0.780567,0.950347
N20261215-S027,N20261215,2026-12-16T08:00:00Z,900,true,1.221248,0.784166,0.770168,0.956736
N20261215-S028,N20261215,2026-12-16T08:15:00Z,900,true,1.251576,0.771578,0.784017,0.960253
N20261215-S029,N20261215,2026-12-16T08:30:00Z,900,true,1.228218,0.761121,0.778402,0.914376
N20261215-S030,N20261215,2026-12-16T08:45:00Z,900,true,1.289901,0.759359,0.785614,0.953393
N20261215-S031,N20261215,2026-12-16T09:00:00Z,900,true,1.360623,0.755298,0.816482,0.973471
N20261215-S032,N20261215,2026-12-16T09:15:00Z,900,true,1.336691,0.780276,0.804496,0.995398
N20261215-S033,N20261215,2026-12-16T09:30:00Z,900,true,1.353330,0.775482,0.814841,0.901501
N20261215-S034,N20261215,2026-12-16T09:45:00Z,900,true,1.381212,0.783132,0.811759,0.922025
N20261215-S035,N20261215,2026-12-16T10:00:00Z,900,true,1.423503,0.785274,0.821972,0.952893
N20261215-S036,N20261215,2026-12-16T10:15:00Z,900,true,1.435427,0.782911,0.831188,0.944771
N20261215-S037,N20261215,2026-12-16T10:30:00Z,900,true,1.431795,0.790529,0.840894,0.925544
N20261215-S038,N20261215,2026-12-16T10:45:00Z,900,true,1.377692,0.792711,0.838786,0.999040
N20261215-S039,N20261215,2026-12-16T11:00:00Z,900,true,1.370246,0.767393,0.817754,0.988897
N20261215-S040,N20261215,2026-12-16T11:15:00Z,900,true,1.386232,0.761305,0.795993,0.959080
N20261215-S041,N20261215,2026-12-16T11:30:00Z,900,true,1.383172,0.747295,0.821187,0.951965
N20261215-S042,N20261215,2026-12-16T11:45:00Z,900,true,1.407378,0.747508,0.844557,0.973708
N20261215-S043,N20261215,2026-12-16T12:00:00Z,900,true,1.395881,0.745397,0.857708,0.918252
N20261215-S044,N20261215,2026-12-16T12:15:00Z,900,true,1.361609,0.763806,0.840685,0.968083
N20261215-S045,N20261215,2026-12-16T12:30:00Z,900,true,1.319336,0.758107,0.830700,0.973670
N20261215-S046,N20261215,2026-12-16T12:45:00Z,900,true,1.307385,0.785475,0.820187,0.971362
N20261215-S047,N20261215,2026-12-16T13:00:00Z,900,true,1.354927,0.793533,0.814244,0.909178
N20261216-S001,N20261216,2026-12-17T01:30:00Z,900,true,1.202782,0.822436,0.897909,0.900394
N20261216-S002,N20261216,2026-12-17T01:45:00Z,900,true,1.177489,0.803362,0.902760,0.947779
N20261216-S003,N20261216,2026-12-17T02:00:00Z,900,true,1.177480,0.796665,0.907116,0.939342
N20261216-S004,N20261216,2026-12-17T02:15:00Z,900,true,1.220354,0.798317,0.908799,0.987336
N20261216-S005,N20261216,2026-12-17T02:30:00Z,900,true,1.203071,0.804972,0.927552,0.954905
N20261216-S006,N20261216,2026-12-17T02:45:00Z,900,true,1.184297,0.803150,0.915083,0.973499
N20261216-S007,N20261216,2026-12-17T03:00:00Z,900,true,1.214092,0.789233,0.906226,0.989686
N20261216-S008,N20261216,2026-12-17T03:15:00Z,900,true,1.192094,0.802210,0.889709,0.942953
N20261216-S009,N20261216,2026-12-17T03:30:00Z,900,true,1.170765,0.808390,0.900728,0.978201
N20261216-S010,N20261216,2026-12-17T03:45:00Z,900,true,1.175011,0.798857,0.878833,0.965032
N20261216-S011,N20261216,2026-12-17T04:00:00Z,900,true,1.165304,0.809844,0.880492,0.941349
N20261216-S012,N20261216,2026-12-17T04:15:00Z,900,true,1.165811,0.800201,0.878770,0.916227
N20261216-S013,N20261216,2026-12-17T04:30:00Z,900,true,1.135355,0.800611,0.879235,0.927946
N20261216-S014,N20261216,2026-12-17T04:45:00Z,900,true,1.195375,0.802240,0.897873,0.901270
N20261216-S015,N20261216,2026-12-17T05:00:00Z,900,true,1.209064,0.812269,0.892432,0.938195
N20261216-S016,N20261216,2026-12-17T05:15:00Z,900,true,1.190644,0.815045,0.875404,0.972832
N20261216-S017,N20261216,2026-12-17T05:30:00Z,900,true,1.155112,0.801859,0.876722,0.909923
N20261216-S018,N20261216,2026-12-17T05:45:00Z,900,true,1.171849,0.786787,0.855991,0.982468
N20261216-S019,N20261216,2026-12-17T06:00:00Z,900,true,1.134904,0.805229,0.833920,0.964417
N20261216-S020,N20261216,2026-12-17T06:15:00Z,900,true,1.171637,0.813526,0.842295,0.929655
N20261216-S021,N20261216,2026-12-17T06:30:00Z,900,true,1.169474,0.808354,0.835989,0.981331
N20261216-S022,N20261216,2026-12-17T06:45:00Z,900,true,1.162228,0.805568,0.835064,0.979984
N20261216-S023,N20261216,2026-12-17T07:00:00Z,900,true,1.133895,0.823570,0.839863,0.928819
N20261216-S024,N20261216,2026-12-17T07:15:00Z,900,true,1.125322,0.814396,0.851616,0.909491
N20261216-S025,N20261216,2026-12-17T07:30:00Z,900,true,1.148812,0.817500,0.834972,0.957738
N20261216-S026,N20261216,2026-12-17T07:45:00Z,900,true,1.182611,0.823378,0.841803,0.982604
N20261216-S027,N20261216,2026-12-17T08:00:00Z,900,true,1.184708,0.837615,0.830309,0.920938
N20261216-S028,N20261216,2026-12-17T08:15:00Z,900,true,1.169493,0.817117,0.821275,0.936640
N20261216-S029,N20261216,2026-12-17T08:30:00Z,900,true,1.226244,0.818964,0.810013,0.903599
N20261216-S030,N20261216,2026-12-17T08:45:00Z,900,true,1.192079,0.809775,0.848954,0.968101
N20261216-S031,N20261216,2026-12-17T09:00:00Z,900,true,1.182530,0.824422,0.846937,0.965284
N20261216-S032,N20261216,2026-12-17T09:15:00Z,900,true,1.194589,0.843959,0.823407,0.900936
N20261216-S033,N20261216,2026-12-17T09:30:00Z,900,true,1.216970,0.838355,0.836721,0.942322
N20261216-S034,N20261216,2026-12-17T09:45:00Z,900,true,1.159312,0.807474,0.819358,0.972344
N20261216-S035,N20261216,2026-12-17T10:00:00Z,900,true,1.165192,0.785475,0.798393,0.957522
N20261216-S036,N20261216,2026-12-17T10:15:00Z,900,true,1.127096,0.806063,0.804698,0.999393
N20261216-S037,N20261216,2026-12-17T10:30:00Z,900,true,1.094004,0.801395,0.833537,0.984390
N20261216-S038,N20261216,2026-12-17T10:45:00Z,900,true,1.092181,0.802884,0.824193,0.978872
N20261216-S039,N20261216,2026-12-17T11:00:00Z,900,true,1.134271,0.810725,0.822585,0.968787
N20261216-S040,N20261216,2026-12-17T11:15:00Z,900,true,1.140109,0.787396,0.824128,0.903888
N20261216-S041,N20261216,2026-12-17T11:30:00Z,900,true,1.156268,0.803800,0.848921,0.927403
N20261216-S042,N20261216,2026-12-17T11:45:00Z,900,true,1.135877,0.799018,0.850809,0.962207
N20261216-S043,N20261216,2026-12-17T12:00:00Z,900,true,1.141079,0.800910,0.851096,0.940023
N20261216-S044,N20261216,2026-12-17T12:15:00Z,900,true,1.130998,0.815060,0.866826,0.952890
N20261216-S045,N20261216,2026-12-17T12:30:00Z,900,true,1.102959,0.819867,0.880206,0.921298
N20261216-S046,N20261216,2026-12-17T12:45:00Z,900,true,1.128200,0.789804,0.857736,0.981682
N20261216-S047,N20261216,2026-12-17T13:00:00Z,900,true,1.105764,0.773199,0.844589,0.967102
N20261217-S001,N20261217,2026-12-18T01:30:00Z,900,true,1.208921,0.817072,0.859844,0.933698
N20261217-S002,N20261217,2026-12-18T01:45:00Z,900,true,1.230369,0.838548,0.873332,0.900477
N20261217-S003,N20261217,2026-12-18T02:00:00Z,900,true,1.215046,0.819612,0.831529,0.958580
N20261217-S004,N20261217,2026-12-18T02:15:00Z,900,true,1.270794,0.804690,0.840922,0.986382
N20261217-S005,N20261217,2026-12-18T02:30:00Z,900,true,1.327287,0.811121,0.824901,0.999311
N20261217-S006,N20261217,2026-12-18T02:45:00Z,900,true,1.306141,0.827171,0.815717,0.904165
N20261217-S007,N20261217,2026-12-18T03:00:00Z,900,true,1.292255,0.815946,0.835901,0.910270
N20261217-S008,N20261217,2026-12-18T03:15:00Z,900,true,1.346035,0.830537,0.843307,0.937241
N20261217-S009,N20261217,2026-12-18T03:30:00Z,900,true,1.373219,0.824690,0.832341,0.989647
N20261217-S010,N20261217,2026-12-18T03:45:00Z,900,true,1.364677,0.832933,0.853034,0.923310
N20261217-S011,N20261217,2026-12-18T04:00:00Z,900,true,1.366166,0.807950,0.863008,0.921706
N20261217-S012,N20261217,2026-12-18T04:15:00Z,900,true,1.362045,0.790051,0.874010,0.966212
N20261217-S013,N20261217,2026-12-18T04:30:00Z,900,true,1.312543,0.785587,0.887456,0.953770
N20261217-S014,N20261217,2026-12-18T04:45:00Z,900,true,1.271927,0.793671,0.879204,0.998615
N20261217-S015,N20261217,2026-12-18T05:00:00Z,900,true,1.245820,0.766034,0.846714,0.906817
N20261217-S016,N20261217,2026-12-18T05:15:00Z,900,true,1.250081,0.771462,0.844234,0.996332
N20261217-S017,N20261217,2026-12-18T05:30:00Z,900,true,1.202289,0.790055,0.878833,0.986289
N20261217-S018,N20261217,2026-12-18T05:45:00Z,900,true,1.219212,0.798791,0.913297,0.938163
N20261217-S019,N20261217,2026-12-18T06:00:00Z,900,false,,,,
N20261217-S020,N20261217,2026-12-18T06:15:00Z,900,true,1.237403,0.774327,0.916437,0.912675
N20261217-S021,N20261217,2026-12-18T06:30:00Z,900,true,1.192928,0.787725,0.934379,0.945448
N20261217-S022,N20261217,2026-12-18T06:45:00Z,900,true,1.190829,0.801739,0.918204,0.941111
N20261217-S023,N20261217,2026-12-18T07:00:00Z,900,true,1.236082,0.812139,0.907313,0.942759
N20261217-S024,N20261217,2026-12-18T07:15:00Z,900,true,1.255529,0.805944,0.903763,0.966515
N20261217-S025,N20261217,2026-12-18T07:30:00Z,900,true,1.264173,0.805089,0.923338,0.944317
N20261217-S026,N20261217,2026-12-18T07:45:00Z,900,true,1.303147,0.780772,0.911408,0.943672
N20261217-S027,N20261217,2026-12-18T08:00:00Z,900,true,1.244289,0.809534,0.889350,0.923913
N20261217-S028,N20261217,2026-12-18T08:15:00Z,900,true,1.240454,0.805525,0.902362,0.920807
N20261217-S029,N20261217,2026-12-18T08:30:00Z,900,true,1.203540,0.790517,0.900488,0.961930
N20261217-S030,N20261217,2026-12-18T08:45:00Z,900,false,,,,
N20261217-S031,N20261217,2026-12-18T09:00:00Z,900,false,,,,
N20261217-S032,N20261217,2026-12-18T09:15:00Z,900,false,,,,
N20261217-S033,N20261217,2026-12-18T09:30:00Z,900,false,,,,
N20261217-S034,N20261217,2026-12-18T09:45:00Z,900,true,1.245449,0.836284,0.874877,0.975615
N20261217-S035,N20261217,2026-12-18T10:00:00Z,900,true,1.306437,0.858520,0.875379,0.983679
N20261217-S036,N20261217,2026-12-18T10:15:00Z,900,true,1.327030,0.858060,0.887881,0.990986
N20261217-S037,N20261217,2026-12-18T10:30:00Z,900,true,1.321215,0.850154,0.869343,0.943414
N20261217-S038,N20261217,2026-12-18T10:45:00Z,900,true,1.297366,0.863832,0.882515,0.976847
N20261217-S039,N20261217,2026-12-18T11:00:00Z,900,true,1.260458,0.851390,0.891433,0.949206
N20261217-S040,N20261217,2026-12-18T11:15:00Z,900,true,1.221590,0.837343,0.893850,0.978890
N20261217-S041,N20261217,2026-12-18T11:30:00Z,900,true,1.158964,0.833363,0.874491,0.927461
N20261217-S042,N20261217,2026-12-18T11:45:00Z,900,true,1.180030,0.820363,0.879799,0.991760
N20261217-S043,N20261217,2026-12-18T12:00:00Z,900,true,1.174800,0.837099,0.871345,0.951247
N20261217-S044,N20261217,2026-12-18T12:15:00Z,900,true,1.219590,0.843915,0.893069,0.913217
N20261217-S045,N20261217,2026-12-18T12:30:00Z,900,true,1.247401,0.841076,0.896259,0.983333
N20261217-S046,N20261217,2026-12-18T12:45:00Z,900,true,1.208479,0.822382,0.866214,0.997576
N20261217-S047,N20261217,2026-12-18T13:00:00Z,900,true,1.182426,0.822237,0.872182,0.985153
N20261218-S001,N20261218,2026-12-19T01:30:00Z,900,true,1.057891,0.865814,0.834342,0.925460
N20261218-S002,N20261218,2026-12-19T01:45:00Z,900,true,1.044150,0.875628,0.835961,0.943157
N20261218-S003,N20261218,2026-12-19T02:00:00Z,900,true,1.090705,0.880615,0.826976,0.904784
N20261218-S004,N20261218,2026-12-19T02:15:00Z,900,true,1.086481,0.872599,0.836198,0.960648
N20261218-S005,N20261218,2026-12-19T02:30:00Z,900,true,1.101523,0.888335,0.836033,0.959317
N20261218-S006,N20261218,2026-12-19T02:45:00Z,900,true,1.140306,0.856114,0.852906,0.970145
N20261218-S007,N20261218,2026-12-19T03:00:00Z,900,true,1.147264,0.855983,0.855450,0.986087
N20261218-S008,N20261218,2026-12-19T03:15:00Z,900,false,,,,
N20261218-S009,N20261218,2026-12-19T03:30:00Z,900,false,,,,
N20261218-S010,N20261218,2026-12-19T03:45:00Z,900,false,,,,
N20261218-S011,N20261218,2026-12-19T04:00:00Z,900,false,,,,
N20261218-S012,N20261218,2026-12-19T04:15:00Z,900,false,,,,
N20261218-S013,N20261218,2026-12-19T04:30:00Z,900,false,,,,
N20261218-S014,N20261218,2026-12-19T04:45:00Z,900,true,1.214257,0.893127,0.847821,0.964698
N20261218-S015,N20261218,2026-12-19T05:00:00Z,900,true,1.192044,0.899581,0.863172,0.972442
N20261218-S016,N20261218,2026-12-19T05:15:00Z,900,true,1.182122,0.875690,0.866279,0.922167
N20261218-S017,N20261218,2026-12-19T05:30:00Z,900,true,1.217906,0.857143,0.854201,0.986725
N20261218-S018,N20261218,2026-12-19T05:45:00Z,900,true,1.211333,0.864610,0.860998,0.913147
N20261218-S019,N20261218,2026-12-19T06:00:00Z,900,true,1.177385,0.876940,0.821572,0.919244
N20261218-S020,N20261218,2026-12-19T06:15:00Z,900,true,1.214730,0.867283,0.816282,0.928618
N20261218-S021,N20261218,2026-12-19T06:30:00Z,900,true,1.138017,0.883339,0.828666,0.987607
N20261218-S022,N20261218,2026-12-19T06:45:00Z,900,true,1.153071,0.875129,0.784639,0.940167
N20261218-S023,N20261218,2026-12-19T07:00:00Z,900,true,1.137868,0.866196,0.795511,0.994140
N20261218-S024,N20261218,2026-12-19T07:15:00Z,900,true,1.200753,0.859962,0.754896,0.911388
N20261218-S025,N20261218,2026-12-19T07:30:00Z,900,true,1.196714,0.862420,0.785202,0.964275
N20261218-S026,N20261218,2026-12-19T07:45:00Z,900,true,1.184908,0.893999,0.765415,0.958261
N20261218-S027,N20261218,2026-12-19T08:00:00Z,900,true,1.210790,0.878981,0.783225,0.971201
N20261218-S028,N20261218,2026-12-19T08:15:00Z,900,true,1.241923,0.866744,0.788799,0.927740
N20261218-S029,N20261218,2026-12-19T08:30:00Z,900,true,1.279939,0.862314,0.804121,0.964567
N20261218-S030,N20261218,2026-12-19T08:45:00Z,900,true,1.282375,0.861727,0.799034,0.970456
N20261218-S031,N20261218,2026-12-19T09:00:00Z,900,true,1.267486,0.860114,0.784044,0.949712
N20261218-S032,N20261218,2026-12-19T09:15:00Z,900,true,1.300537,0.859346,0.809291,0.979395
N20261218-S033,N20261218,2026-12-19T09:30:00Z,900,true,1.307286,0.871789,0.802410,0.943931
N20261218-S034,N20261218,2026-12-19T09:45:00Z,900,true,1.280489,0.859212,0.830783,0.912061
N20261218-S035,N20261218,2026-12-19T10:00:00Z,900,true,1.242874,0.871577,0.823328,0.976672
N20261218-S036,N20261218,2026-12-19T10:15:00Z,900,true,1.230479,0.884599,0.834844,0.968517
N20261218-S037,N20261218,2026-12-19T10:30:00Z,900,true,1.205601,0.887245,0.847023,0.979851
N20261218-S038,N20261218,2026-12-19T10:45:00Z,900,true,1.183866,0.897254,0.851016,0.914333
N20261218-S039,N20261218,2026-12-19T11:00:00Z,900,true,1.184722,0.884875,0.846461,0.936644
N20261218-S040,N20261218,2026-12-19T11:15:00Z,900,true,1.202683,0.891967,0.843797,0.950903
N20261218-S041,N20261218,2026-12-19T11:30:00Z,900,true,1.205250,0.882274,0.833258,0.942944
N20261218-S042,N20261218,2026-12-19T11:45:00Z,900,true,1.204405,0.859906,0.843603,0.983638
N20261218-S043,N20261218,2026-12-19T12:00:00Z,900,true,1.239775,0.849654,0.833616,0.915199
N20261218-S044,N20261218,2026-12-19T12:15:00Z,900,true,1.257940,0.859821,0.833455,0.912213
N20261218-S045,N20261218,2026-12-19T12:30:00Z,900,true,1.198680,0.866129,0.847274,0.975328
N20261218-S046,N20261218,2026-12-19T12:45:00Z,900,true,1.269921,0.849763,0.826430,0.922067
N20261218-S047,N20261218,2026-12-19T13:00:00Z,900,true,1.302638,0.854591,0.816208,0.982835
N20261219-S001,N20261219,2026-12-20T01:30:00Z,900,true,1.145053,0.913274,0.804675,0.980315
N20261219-S002,N20261219,2026-12-20T01:45:00Z,900,true,1.188913,0.903811,0.799300,0.965574
N20261219-S003,N20261219,2026-12-20T02:00:00Z,900,true,1.178970,0.901109,0.800717,0.984207
N20261219-S004,N20261219,2026-12-20T02:15:00Z,900,true,1.157562,0.911737,0.798745,0.977639
N20261219-S005,N20261219,2026-12-20T02:30:00Z,900,true,1.130806,0.899680,0.807157,0.969371
N20261219-S006,N20261219,2026-12-20T02:45:00Z,900,true,1.157125,0.901452,0.810791,0.956066
N20261219-S007,N20261219,2026-12-20T03:00:00Z,900,true,1.161797,0.896592,0.802242,0.974206
N20261219-S008,N20261219,2026-12-20T03:15:00Z,900,true,1.166913,0.884658,0.807491,0.992272
N20261219-S009,N20261219,2026-12-20T03:30:00Z,900,true,1.139360,0.860475,0.797340,0.929170
N20261219-S010,N20261219,2026-12-20T03:45:00Z,900,true,1.129623,0.862761,0.800659,0.972203
N20261219-S011,N20261219,2026-12-20T04:00:00Z,900,true,1.117665,0.854477,0.777268,0.906088
N20261219-S012,N20261219,2026-12-20T04:15:00Z,900,true,1.125265,0.860560,0.796399,0.908620
N20261219-S013,N20261219,2026-12-20T04:30:00Z,900,true,1.096515,0.861019,0.779154,0.916966
N20261219-S014,N20261219,2026-12-20T04:45:00Z,900,true,1.102537,0.867705,0.776213,0.941729
N20261219-S015,N20261219,2026-12-20T05:00:00Z,900,true,1.084960,0.838142,0.788787,0.905138
N20261219-S016,N20261219,2026-12-20T05:15:00Z,900,true,1.131658,0.846838,0.816273,0.944952
N20261219-S017,N20261219,2026-12-20T05:30:00Z,900,true,1.132756,0.880019,0.795025,0.997641
N20261219-S018,N20261219,2026-12-20T05:45:00Z,900,true,1.106532,0.898387,0.830766,0.926245
N20261219-S019,N20261219,2026-12-20T06:00:00Z,900,true,1.130110,0.904388,0.827707,0.927187
N20261219-S020,N20261219,2026-12-20T06:15:00Z,900,true,1.081460,0.904191,0.817333,0.991059
N20261219-S021,N20261219,2026-12-20T06:30:00Z,900,true,1.071212,0.894568,0.807007,0.905087
N20261219-S022,N20261219,2026-12-20T06:45:00Z,900,true,1.083516,0.909779,0.817923,0.940590
N20261219-S023,N20261219,2026-12-20T07:00:00Z,900,true,1.131771,0.900866,0.827147,0.903141
N20261219-S024,N20261219,2026-12-20T07:15:00Z,900,true,1.110043,0.888939,0.805839,0.970068
N20261219-S025,N20261219,2026-12-20T07:30:00Z,900,true,1.158853,0.901462,0.823987,0.965201
N20261219-S026,N20261219,2026-12-20T07:45:00Z,900,true,1.215098,0.890579,0.800634,0.943084
N20261219-S027,N20261219,2026-12-20T08:00:00Z,900,true,1.226600,0.842860,0.800555,0.981940
N20261219-S028,N20261219,2026-12-20T08:15:00Z,900,true,1.253864,0.849439,0.780920,0.911117
N20261219-S029,N20261219,2026-12-20T08:30:00Z,900,true,1.233756,0.848478,0.758234,0.943822
N20261219-S030,N20261219,2026-12-20T08:45:00Z,900,true,1.282572,0.855234,0.744619,0.931973
N20261219-S031,N20261219,2026-12-20T09:00:00Z,900,true,1.283639,0.868493,0.754471,0.927109
N20261219-S032,N20261219,2026-12-20T09:15:00Z,900,true,1.212086,0.894669,0.771668,0.903316
N20261219-S033,N20261219,2026-12-20T09:30:00Z,900,true,1.169306,0.907238,0.804462,0.988982
N20261219-S034,N20261219,2026-12-20T09:45:00Z,900,true,1.137738,0.885682,0.784411,0.993544
N20261219-S035,N20261219,2026-12-20T10:00:00Z,900,true,1.103905,0.873801,0.795648,0.919401
N20261219-S036,N20261219,2026-12-20T10:15:00Z,900,true,1.071193,0.849134,0.781801,0.958664
N20261219-S037,N20261219,2026-12-20T10:30:00Z,900,true,1.067443,0.851735,0.757119,0.950195
N20261219-S038,N20261219,2026-12-20T10:45:00Z,900,true,1.058725,0.838559,0.766162,0.923320
N20261219-S039,N20261219,2026-12-20T11:00:00Z,900,true,1.089428,0.840668,0.745047,0.966462
N20261219-S040,N20261219,2026-12-20T11:15:00Z,900,true,1.072378,0.823844,0.733254,0.956178
N20261219-S041,N20261219,2026-12-20T11:30:00Z,900,true,1.088432,0.833138,0.721533,0.985475
N20261219-S042,N20261219,2026-12-20T11:45:00Z,900,true,1.068595,0.843380,0.733014,0.986502
N20261219-S043,N20261219,2026-12-20T12:00:00Z,900,true,1.143374,0.866616,0.714369,0.980791
N20261219-S044,N20261219,2026-12-20T12:15:00Z,900,true,1.128885,0.853671,0.718832,0.996948
N20261219-S045,N20261219,2026-12-20T12:30:00Z,900,true,1.136777,0.852444,0.707267,0.948325
N20261219-S046,N20261219,2026-12-20T12:45:00Z,900,true,1.109662,0.847574,0.733828,0.970529
N20261219-S047,N20261219,2026-12-20T13:00:00Z,900,true,1.141105,0.852333,0.749026,0.966399
N20261220-S001,N20261220,2026-12-21T01:30:00Z,900,true,1.075552,0.934299,0.895519,0.981835
N20261220-S002,N20261220,2026-12-21T01:45:00Z,900,true,1.093973,0.949500,0.895771,0.921084
N20261220-S003,N20261220,2026-12-21T02:00:00Z,900,true,1.134666,0.947074,0.896152,0.999197
N20261220-S004,N20261220,2026-12-21T02:15:00Z,900,true,1.069852,0.944353,0.902212,0.942066
N20261220-S005,N20261220,2026-12-21T02:30:00Z,900,true,1.095642,0.945701,0.880928,0.947427
N20261220-S006,N20261220,2026-12-21T02:45:00Z,900,true,1.099291,0.942226,0.866560,0.939260
N20261220-S007,N20261220,2026-12-21T03:00:00Z,900,true,1.041952,0.954466,0.887913,0.923192
N20261220-S008,N20261220,2026-12-21T03:15:00Z,900,true,1.043029,0.964047,0.873050,0.983768
N20261220-S009,N20261220,2026-12-21T03:30:00Z,900,true,1.037963,0.979884,0.879828,0.911022
N20261220-S010,N20261220,2026-12-21T03:45:00Z,900,true,1.065720,0.979243,0.845591,0.970697
N20261220-S011,N20261220,2026-12-21T04:00:00Z,900,false,,,,
N20261220-S012,N20261220,2026-12-21T04:15:00Z,900,false,,,,
N20261220-S013,N20261220,2026-12-21T04:30:00Z,900,false,,,,
N20261220-S014,N20261220,2026-12-21T04:45:00Z,900,true,1.007121,0.967846,0.842926,0.963109
N20261220-S015,N20261220,2026-12-21T05:00:00Z,900,true,1.013243,0.952848,0.848231,0.971855
N20261220-S016,N20261220,2026-12-21T05:15:00Z,900,true,1.040365,0.955362,0.834810,0.947384
N20261220-S017,N20261220,2026-12-21T05:30:00Z,900,true,1.114869,0.965299,0.836333,0.963039
N20261220-S018,N20261220,2026-12-21T05:45:00Z,900,true,1.135248,0.960183,0.855537,0.955001
N20261220-S019,N20261220,2026-12-21T06:00:00Z,900,true,1.109663,0.945710,0.850956,0.974119
N20261220-S020,N20261220,2026-12-21T06:15:00Z,900,true,1.154844,0.949920,0.824723,0.922459
N20261220-S021,N20261220,2026-12-21T06:30:00Z,900,true,1.159979,0.945916,0.796051,0.950478
N20261220-S022,N20261220,2026-12-21T06:45:00Z,900,true,1.181416,0.926862,0.789813,0.911665
N20261220-S023,N20261220,2026-12-21T07:00:00Z,900,true,1.086668,0.927838,0.792602,0.927340
N20261220-S024,N20261220,2026-12-21T07:15:00Z,900,true,1.095939,0.952078,0.788527,0.995714
N20261220-S025,N20261220,2026-12-21T07:30:00Z,900,true,1.112652,0.968995,0.777477,0.974218
N20261220-S026,N20261220,2026-12-21T07:45:00Z,900,true,1.142352,0.947564,0.743708,0.993892
N20261220-S027,N20261220,2026-12-21T08:00:00Z,900,true,1.097654,0.934676,0.765783,0.946932
N20261220-S028,N20261220,2026-12-21T08:15:00Z,900,true,1.060195,0.931022,0.796914,0.943345
N20261220-S029,N20261220,2026-12-21T08:30:00Z,900,true,1.035063,0.916010,0.805443,0.969235
N20261220-S030,N20261220,2026-12-21T08:45:00Z,900,true,1.049657,0.915764,0.836222,0.975444
N20261220-S031,N20261220,2026-12-21T09:00:00Z,900,true,1.044319,0.926311,0.848490,0.908319
N20261220-S032,N20261220,2026-12-21T09:15:00Z,900,true,1.021128,0.923933,0.840300,0.957104
N20261220-S033,N20261220,2026-12-21T09:30:00Z,900,true,1.030117,0.923392,0.836344,0.993291
N20261220-S034,N20261220,2026-12-21T09:45:00Z,900,true,1.112356,0.939021,0.843292,0.946418
N20261220-S035,N20261220,2026-12-21T10:00:00Z,900,true,1.107140,0.939142,0.828554,0.959016
N20261220-S036,N20261220,2026-12-21T10:15:00Z,900,true,1.078318,0.928254,0.861539,0.935771
N20261220-S037,N20261220,2026-12-21T10:30:00Z,900,true,1.065082,0.931144,0.837633,0.949131
N20261220-S038,N20261220,2026-12-21T10:45:00Z,900,true,1.147871,0.942331,0.823035,0.993978
N20261220-S039,N20261220,2026-12-21T11:00:00Z,900,true,1.160217,0.950807,0.838238,0.916290
N20261220-S040,N20261220,2026-12-21T11:15:00Z,900,true,1.189039,0.930478,0.843450,0.994079
N20261220-S041,N20261220,2026-12-21T11:30:00Z,900,true,1.166547,0.930620,0.878608,0.945159
N20261220-S042,N20261220,2026-12-21T11:45:00Z,900,true,1.177483,0.922488,0.892614,0.936060
N20261220-S043,N20261220,2026-12-21T12:00:00Z,900,true,1.182530,0.919593,0.877529,0.977488
N20261220-S044,N20261220,2026-12-21T12:15:00Z,900,true,1.105047,0.922598,0.885262,0.999969
N20261220-S045,N20261220,2026-12-21T12:30:00Z,900,true,1.171092,0.925340,0.913059,0.911500
N20261220-S046,N20261220,2026-12-21T12:45:00Z,900,true,1.164207,0.927440,0.924291,0.961551
N20261220-S047,N20261220,2026-12-21T13:00:00Z,900,true,1.149467,0.932195,0.916959,0.935906
N20261221-S001,N20261221,2026-12-22T01:30:00Z,900,true,0.952303,0.938276,0.943121,0.971112
N20261221-S002,N20261221,2026-12-22T01:45:00Z,900,true,0.953367,0.940694,0.971146,0.908495
N20261221-S003,N20261221,2026-12-22T02:00:00Z,900,true,0.904994,0.948622,0.988896,0.951589
N20261221-S004,N20261221,2026-12-22T02:15:00Z,900,true,0.901386,0.941936,1.003579,0.921905
N20261221-S005,N20261221,2026-12-22T02:30:00Z,900,true,0.923408,0.943507,1.012705,0.927148
N20261221-S006,N20261221,2026-12-22T02:45:00Z,900,true,0.941690,0.919247,0.984113,0.989724
N20261221-S007,N20261221,2026-12-22T03:00:00Z,900,true,0.983347,0.931484,0.984407,0.929404
N20261221-S008,N20261221,2026-12-22T03:15:00Z,900,true,1.045687,0.932875,0.993831,0.907295
N20261221-S009,N20261221,2026-12-22T03:30:00Z,900,true,1.087775,0.920842,0.998122,0.991931
N20261221-S010,N20261221,2026-12-22T03:45:00Z,900,true,1.048755,0.897370,0.994145,0.937313
N20261221-S011,N20261221,2026-12-22T04:00:00Z,900,true,1.032735,0.894982,1.011895,0.936724
N20261221-S012,N20261221,2026-12-22T04:15:00Z,900,true,0.986789,0.902061,0.979690,0.932592
N20261221-S013,N20261221,2026-12-22T04:30:00Z,900,true,0.990492,0.921360,0.976844,0.920510
N20261221-S014,N20261221,2026-12-22T04:45:00Z,900,true,1.022270,0.940645,0.952601,0.979885
N20261221-S015,N20261221,2026-12-22T05:00:00Z,900,true,1.027477,0.958907,0.938650,0.926368
N20261221-S016,N20261221,2026-12-22T05:15:00Z,900,true,0.946471,0.962268,0.949495,0.906382
N20261221-S017,N20261221,2026-12-22T05:30:00Z,900,true,0.986105,0.966023,0.962924,0.921142
N20261221-S018,N20261221,2026-12-22T05:45:00Z,900,true,0.954509,0.981629,0.924699,0.911528
N20261221-S019,N20261221,2026-12-22T06:00:00Z,900,true,0.998898,0.964365,0.970262,0.965011
N20261221-S020,N20261221,2026-12-22T06:15:00Z,900,true,0.982972,0.957570,0.952400,0.946679
N20261221-S021,N20261221,2026-12-22T06:30:00Z,900,true,0.928605,0.942350,0.939029,0.933943
N20261221-S022,N20261221,2026-12-22T06:45:00Z,900,true,0.876659,0.944986,0.946055,0.969226
N20261221-S023,N20261221,2026-12-22T07:00:00Z,900,true,0.921406,0.967720,0.931729,0.903775
N20261221-S024,N20261221,2026-12-22T07:15:00Z,900,true,0.901548,0.953740,0.924200,0.941711
N20261221-S025,N20261221,2026-12-22T07:30:00Z,900,true,0.884936,0.947573,0.919805,0.947110
N20261221-S026,N20261221,2026-12-22T07:45:00Z,900,true,0.877446,0.959551,0.945606,0.916634
N20261221-S027,N20261221,2026-12-22T08:00:00Z,900,true,0.921041,0.975549,0.923068,0.919299
N20261221-S028,N20261221,2026-12-22T08:15:00Z,900,true,0.920041,0.962607,0.917501,0.939421
N20261221-S029,N20261221,2026-12-22T08:30:00Z,900,true,0.948462,0.948951,0.920883,0.917312
N20261221-S030,N20261221,2026-12-22T08:45:00Z,900,true,0.970462,0.931698,0.910922,0.956296
N20261221-S031,N20261221,2026-12-22T09:00:00Z,900,true,0.958548,0.922657,0.910861,0.971588
N20261221-S032,N20261221,2026-12-22T09:15:00Z,900,true,0.936554,0.918306,0.921434,0.997296
N20261221-S033,N20261221,2026-12-22T09:30:00Z,900,true,0.893904,0.922987,0.933592,0.945847
N20261221-S034,N20261221,2026-12-22T09:45:00Z,900,true,0.938353,0.907240,0.931889,0.900798
N20261221-S035,N20261221,2026-12-22T10:00:00Z,900,true,0.915065,0.904842,0.932002,0.990667
N20261221-S036,N20261221,2026-12-22T10:15:00Z,900,true,0.913765,0.898450,0.912022,0.948904
N20261221-S037,N20261221,2026-12-22T10:30:00Z,900,true,0.902111,0.895383,0.914830,0.952834
N20261221-S038,N20261221,2026-12-22T10:45:00Z,900,true,0.932299,0.904217,0.901670,0.902841
N20261221-S039,N20261221,2026-12-22T11:00:00Z,900,true,0.906216,0.890879,0.882224,0.936185
N20261221-S040,N20261221,2026-12-22T11:15:00Z,900,true,0.909289,0.896364,0.878873,0.963240
N20261221-S041,N20261221,2026-12-22T11:30:00Z,900,true,0.915126,0.895056,0.888393,0.900103
N20261221-S042,N20261221,2026-12-22T11:45:00Z,900,true,0.918183,0.913948,0.852095,0.984680
N20261221-S043,N20261221,2026-12-22T12:00:00Z,900,true,0.850987,0.916275,0.842191,0.986623
N20261221-S044,N20261221,2026-12-22T12:15:00Z,900,true,0.912029,0.919319,0.823170,0.968946
N20261221-S045,N20261221,2026-12-22T12:30:00Z,900,true,0.934765,0.937461,0.860486,0.940636
N20261221-S046,N20261221,2026-12-22T12:45:00Z,900,true,0.898572,0.937204,0.853786,0.993336
N20261221-S047,N20261221,2026-12-22T13:00:00Z,900,true,0.938646,0.939908,0.857348,0.933302
N20261222-S001,N20261222,2026-12-23T01:30:00Z,900,true,1.059721,0.928761,0.931551,0.971971
N20261222-S002,N20261222,2026-12-23T01:45:00Z,900,true,1.047326,0.925529,0.909864,0.910267
N20261222-S003,N20261222,2026-12-23T02:00:00Z,900,true,1.032719,0.930504,0.908471,0.959372
N20261222-S004,N20261222,2026-12-23T02:15:00Z,900,true,1.055132,0.931572,0.895131,0.903375
N20261222-S005,N20261222,2026-12-23T02:30:00Z,900,false,,,,
N20261222-S006,N20261222,2026-12-23T02:45:00Z,900,false,,,,
N20261222-S007,N20261222,2026-12-23T03:00:00Z,900,false,,,,
N20261222-S008,N20261222,2026-12-23T03:15:00Z,900,false,,,,
N20261222-S009,N20261222,2026-12-23T03:30:00Z,900,false,,,,
N20261222-S010,N20261222,2026-12-23T03:45:00Z,900,false,,,,
N20261222-S011,N20261222,2026-12-23T04:00:00Z,900,false,,,,
N20261222-S012,N20261222,2026-12-23T04:15:00Z,900,false,,,,
N20261222-S013,N20261222,2026-12-23T04:30:00Z,900,false,,,,
N20261222-S014,N20261222,2026-12-23T04:45:00Z,900,false,,,,
N20261222-S015,N20261222,2026-12-23T05:00:00Z,900,false,,,,
N20261222-S016,N20261222,2026-12-23T05:15:00Z,900,false,,,,
N20261222-S017,N20261222,2026-12-23T05:30:00Z,900,false,,,,
N20261222-S018,N20261222,2026-12-23T05:45:00Z,900,false,,,,
N20261222-S019,N20261222,2026-12-23T06:00:00Z,900,false,,,,
N20261222-S020,N20261222,2026-12-23T06:15:00Z,900,false,,,,
N20261222-S021,N20261222,2026-12-23T06:30:00Z,900,true,0.983739,0.919327,0.961421,0.916274
N20261222-S022,N20261222,2026-12-23T06:45:00Z,900,true,0.926568,0.925070,0.965905,0.961993
N20261222-S023,N20261222,2026-12-23T07:00:00Z,900,true,0.945134,0.917102,0.966401,0.981368
N20261222-S024,N20261222,2026-12-23T07:15:00Z,900,true,1.003548,0.911269,0.952603,0.985746
N20261222-S025,N20261222,2026-12-23T07:30:00Z,900,true,1.063698,0.904035,0.950589,0.963877
N20261222-S026,N20261222,2026-12-23T07:45:00Z,900,true,1.100044,0.908861,0.957627,0.985945
N20261222-S027,N20261222,2026-12-23T08:00:00Z,900,true,1.105585,0.909734,0.933853,0.953186
N20261222-S028,N20261222,2026-12-23T08:15:00Z,900,true,1.102515,0.914187,0.918032,0.945941
N20261222-S029,N20261222,2026-12-23T08:30:00Z,900,true,1.116335,0.895336,0.882977,0.918767
N20261222-S030,N20261222,2026-12-23T08:45:00Z,900,true,1.097194,0.896978,0.930223,0.911675
N20261222-S031,N20261222,2026-12-23T09:00:00Z,900,true,1.102439,0.898601,0.967678,0.915287
N20261222-S032,N20261222,2026-12-23T09:15:00Z,900,true,1.071221,0.888666,0.936078,0.926297
N20261222-S033,N20261222,2026-12-23T09:30:00Z,900,true,1.044711,0.879433,0.958177,0.906295
N20261222-S034,N20261222,2026-12-23T09:45:00Z,900,true,1.013445,0.884827,0.979899,0.964471
N20261222-S035,N20261222,2026-12-23T10:00:00Z,900,true,1.045963,0.909473,0.995664,0.948236
N20261222-S036,N20261222,2026-12-23T10:15:00Z,900,true,1.050767,0.903585,1.010177,0.915784
N20261222-S037,N20261222,2026-12-23T10:30:00Z,900,true,1.042434,0.904431,1.000524,0.959672
N20261222-S038,N20261222,2026-12-23T10:45:00Z,900,true,1.086620,0.902112,1.002187,0.982663
N20261222-S039,N20261222,2026-12-23T11:00:00Z,900,true,1.102706,0.895965,0.984530,0.939707
N20261222-S040,N20261222,2026-12-23T11:15:00Z,900,true,1.084329,0.909880,0.984762,0.972368
N20261222-S041,N20261222,2026-12-23T11:30:00Z,900,true,1.102705,0.924201,0.967640,0.994030
N20261222-S042,N20261222,2026-12-23T11:45:00Z,900,true,1.125896,0.929103,0.961078,0.978241
N20261222-S043,N20261222,2026-12-23T12:00:00Z,900,true,1.128362,0.919157,0.937189,0.955265
N20261222-S044,N20261222,2026-12-23T12:15:00Z,900,true,1.111450,0.909864,0.944734,0.963515
N20261222-S045,N20261222,2026-12-23T12:30:00Z,900,true,1.122232,0.902125,0.942758,0.914413
N20261222-S046,N20261222,2026-12-23T12:45:00Z,900,true,1.099914,0.898327,0.941259,0.916687
N20261222-S047,N20261222,2026-12-23T13:00:00Z,900,true,1.089225,0.897994,0.913241,0.924059
N20261223-S001,N20261223,2026-12-24T01:30:00Z,900,true,1.343620,0.926274,0.908599,0.958889
N20261223-S002,N20261223,2026-12-24T01:45:00Z,900,false,,,,
N20261223-S003,N20261223,2026-12-24T02:00:00Z,900,true,1.342525,0.900850,0.930281,0.999273
N20261223-S004,N20261223,2026-12-24T02:15:00Z,900,true,1.356594,0.905246,0.905352,0.900353
N20261223-S005,N20261223,2026-12-24T02:30:00Z,900,true,1.374899,0.907262,0.884910,0.961761
N20261223-S006,N20261223,2026-12-24T02:45:00Z,900,true,1.361436,0.914822,0.886700,0.993029
N20261223-S007,N20261223,2026-12-24T03:00:00Z,900,true,1.415034,0.926747,0.874711,0.990243
N20261223-S008,N20261223,2026-12-24T03:15:00Z,900,true,1.363908,0.928491,0.870978,0.977481
N20261223-S009,N20261223,2026-12-24T03:30:00Z,900,true,1.344473,0.930985,0.892682,0.901882
N20261223-S010,N20261223,2026-12-24T03:45:00Z,900,true,1.250994,0.934221,0.902051,0.943856
N20261223-S011,N20261223,2026-12-24T04:00:00Z,900,true,1.272395,0.906384,0.904485,0.972052
N20261223-S012,N20261223,2026-12-24T04:15:00Z,900,true,1.320035,0.905827,0.883122,0.924674
N20261223-S013,N20261223,2026-12-24T04:30:00Z,900,true,1.355016,0.909294,0.897916,0.971855
N20261223-S014,N20261223,2026-12-24T04:45:00Z,900,true,1.327724,0.931831,0.884049,0.902833
N20261223-S015,N20261223,2026-12-24T05:00:00Z,900,true,1.360529,0.946462,0.898397,0.974056
N20261223-S016,N20261223,2026-12-24T05:15:00Z,900,true,1.371470,0.948010,0.906330,0.967799
N20261223-S017,N20261223,2026-12-24T05:30:00Z,900,true,1.328922,0.961319,0.906864,0.952146
N20261223-S018,N20261223,2026-12-24T05:45:00Z,900,true,1.352945,0.966176,0.889795,0.970477
N20261223-S019,N20261223,2026-12-24T06:00:00Z,900,true,1.380338,0.946054,0.882106,0.928688
N20261223-S020,N20261223,2026-12-24T06:15:00Z,900,true,1.387783,0.933594,0.889807,0.988999
N20261223-S021,N20261223,2026-12-24T06:30:00Z,900,true,1.361992,0.950207,0.867121,0.949195
N20261223-S022,N20261223,2026-12-24T06:45:00Z,900,true,1.379463,0.947306,0.861890,0.944781
N20261223-S023,N20261223,2026-12-24T07:00:00Z,900,true,1.425574,0.978198,0.854866,0.952710
N20261223-S024,N20261223,2026-12-24T07:15:00Z,900,false,,,,
N20261223-S025,N20261223,2026-12-24T07:30:00Z,900,false,,,,
N20261223-S026,N20261223,2026-12-24T07:45:00Z,900,false,,,,
N20261223-S027,N20261223,2026-12-24T08:00:00Z,900,false,,,,
N20261223-S028,N20261223,2026-12-24T08:15:00Z,900,false,,,,
N20261223-S029,N20261223,2026-12-24T08:30:00Z,900,false,,,,
N20261223-S030,N20261223,2026-12-24T08:45:00Z,900,true,1.510557,0.962487,0.862615,0.995325
N20261223-S031,N20261223,2026-12-24T09:00:00Z,900,true,1.523274,0.959664,0.866241,0.970102
N20261223-S032,N20261223,2026-12-24T09:15:00Z,900,true,1.517368,0.937368,0.891965,0.901988
N20261223-S033,N20261223,2026-12-24T09:30:00Z,900,true,1.494827,0.934485,0.876600,0.985973
N20261223-S034,N20261223,2026-12-24T09:45:00Z,900,true,1.493264,0.917547,0.892258,0.901154
N20261223-S035,N20261223,2026-12-24T10:00:00Z,900,true,1.421319,0.911474,0.890906,0.939606
N20261223-S036,N20261223,2026-12-24T10:15:00Z,900,true,1.416530,0.914448,0.878039,0.941109
N20261223-S037,N20261223,2026-12-24T10:30:00Z,900,true,1.405375,0.912649,0.896086,0.904007
N20261223-S038,N20261223,2026-12-24T10:45:00Z,900,true,1.354967,0.893415,0.917560,0.902244
N20261223-S039,N20261223,2026-12-24T11:00:00Z,900,true,1.304188,0.906059,0.910687,0.949862
N20261223-S040,N20261223,2026-12-24T11:15:00Z,900,true,1.337714,0.915875,0.895786,0.920952
N20261223-S041,N20261223,2026-12-24T11:30:00Z,900,true,1.366818,0.933018,0.897096,0.969235
N20261223-S042,N20261223,2026-12-24T11:45:00Z,900,true,1.399419,0.929285,0.881434,0.941335
N20261223-S043,N20261223,2026-12-24T12:00:00Z,900,true,1.458852,0.935967,0.887246,0.973814
N20261223-S044,N20261223,2026-12-24T12:15:00Z,900,true,1.482281,0.947667,0.883501,0.905936
N20261223-S045,N20261223,2026-12-24T12:30:00Z,900,true,1.411138,0.945688,0.887768,0.948479
N20261223-S046,N20261223,2026-12-24T12:45:00Z,900,true,1.433970,0.951524,0.879838,0.932908
N20261223-S047,N20261223,2026-12-24T13:00:00Z,900,true,1.428536,0.950318,0.840307,0.937230
N20261224-S001,N20261224,2026-12-25T01:30:00Z,900,true,1.511145,0.864875,0.888972,0.934359
N20261224-S002,N20261224,2026-12-25T01:45:00Z,900,true,1.477115,0.883363,0.903250,0.993683
N20261224-S003,N20261224,2026-12-25T02:00:00Z,900,true,1.527717,0.871262,0.886579,0.935578
N20261224-S004,N20261224,2026-12-25T02:15:00Z,900,true,1.468624,0.865588,0.884227,0.914280
N20261224-S005,N20261224,2026-12-25T02:30:00Z,900,true,1.447737,0.857686,0.873078,0.950989
N20261224-S006,N20261224,2026-12-25T02:45:00Z,900,true,1.474999,0.830233,0.858030,0.983644
N20261224-S007,N20261224,2026-12-25T03:00:00Z,900,true,1.453799,0.831974,0.857080,0.989476
N20261224-S008,N20261224,2026-12-25T03:15:00Z,900,true,1.463537,0.863818,0.867180,0.991341
N20261224-S009,N20261224,2026-12-25T03:30:00Z,900,true,1.485782,0.899453,0.879220,0.953541
N20261224-S010,N20261224,2026-12-25T03:45:00Z,900,true,1.527191,0.898573,0.898293,0.980072
N20261224-S011,N20261224,2026-12-25T04:00:00Z,900,true,1.544205,0.896325,0.914739,0.978600
N20261224-S012,N20261224,2026-12-25T04:15:00Z,900,true,1.554895,0.896024,0.913874,0.944437
N20261224-S013,N20261224,2026-12-25T04:30:00Z,900,true,1.628626,0.895246,0.896220,0.900622
N20261224-S014,N20261224,2026-12-25T04:45:00Z,900,true,1.605784,0.896475,0.876874,0.936298
N20261224-S015,N20261224,2026-12-25T05:00:00Z,900,true,1.584252,0.893796,0.896121,0.914652
N20261224-S016,N20261224,2026-12-25T05:15:00Z,900,true,1.524806,0.886159,0.890327,0.949275
N20261224-S017,N20261224,2026-12-25T05:30:00Z,900,true,1.494128,0.899234,0.893135,0.965401
N20261224-S018,N20261224,2026-12-25T05:45:00Z,900,true,1.480316,0.931105,0.927857,0.948775
N20261224-S019,N20261224,2026-12-25T06:00:00Z,900,true,1.433065,0.928097,0.916500,0.976458
N20261224-S020,N20261224,2026-12-25T06:15:00Z,900,true,1.441378,0.918841,0.890419,0.984888
N20261224-S021,N20261224,2026-12-25T06:30:00Z,900,true,1.467459,0.904308,0.901801,0.967784
N20261224-S022,N20261224,2026-12-25T06:45:00Z,900,true,1.444956,0.914837,0.893971,0.956493
N20261224-S023,N20261224,2026-12-25T07:00:00Z,900,true,1.496195,0.913059,0.862611,0.907600
N20261224-S024,N20261224,2026-12-25T07:15:00Z,900,true,1.529581,0.898458,0.882409,0.976364
N20261224-S025,N20261224,2026-12-25T07:30:00Z,900,true,1.564989,0.891742,0.873015,0.911528
N20261224-S026,N20261224,2026-12-25T07:45:00Z,900,true,1.601572,0.900978,0.897817,0.900214
N20261224-S027,N20261224,2026-12-25T08:00:00Z,900,true,1.669547,0.884163,0.920321,0.955078
N20261224-S028,N20261224,2026-12-25T08:15:00Z,900,true,1.634082,0.900324,0.919380,0.932688
N20261224-S029,N20261224,2026-12-25T08:30:00Z,900,true,1.594899,0.902751,0.923172,0.961463
N20261224-S030,N20261224,2026-12-25T08:45:00Z,900,true,1.528093,0.890598,0.936234,0.919872
N20261224-S031,N20261224,2026-12-25T09:00:00Z,900,true,1.568957,0.876301,0.981409,0.906386
N20261224-S032,N20261224,2026-12-25T09:15:00Z,900,true,1.600705,0.874870,0.966358,0.977671
N20261224-S033,N20261224,2026-12-25T09:30:00Z,900,true,1.647927,0.863214,0.940862,0.922020
N20261224-S034,N20261224,2026-12-25T09:45:00Z,900,true,1.685871,0.872774,0.911984,0.908347
N20261224-S035,N20261224,2026-12-25T10:00:00Z,900,true,1.650800,0.866355,0.943940,0.930354
N20261224-S036,N20261224,2026-12-25T10:15:00Z,900,true,1.625343,0.853733,0.955178,0.946776
N20261224-S037,N20261224,2026-12-25T10:30:00Z,900,true,1.627097,0.854349,0.955178,0.935493
N20261224-S038,N20261224,2026-12-25T10:45:00Z,900,true,1.592661,0.866569,0.969560,0.980822
N20261224-S039,N20261224,2026-12-25T11:00:00Z,900,true,1.615520,0.882788,0.957589,0.964782
N20261224-S040,N20261224,2026-12-25T11:15:00Z,900,true,1.579097,0.874148,0.966991,0.929759
N20261224-S041,N20261224,2026-12-25T11:30:00Z,900,true,1.588908,0.896482,0.949727,0.980972
N20261224-S042,N20261224,2026-12-25T11:45:00Z,900,true,1.588843,0.882122,0.925475,0.929218
N20261224-S043,N20261224,2026-12-25T12:00:00Z,900,true,1.618459,0.881974,0.908054,0.927821
N20261224-S044,N20261224,2026-12-25T12:15:00Z,900,true,1.586172,0.878476,0.887902,0.950770
N20261224-S045,N20261224,2026-12-25T12:30:00Z,900,true,1.594595,0.860619,0.864041,0.965775
N20261224-S046,N20261224,2026-12-25T12:45:00Z,900,true,1.609922,0.872724,0.868571,0.911279
N20261224-S047,N20261224,2026-12-25T13:00:00Z,900,true,1.667715,0.861100,0.859535,0.942507
N20261225-S001,N20261225,2026-12-26T01:30:00Z,900,true,1.359188,0.933312,0.877663,0.977375
N20261225-S002,N20261225,2026-12-26T01:45:00Z,900,true,1.340327,0.920570,0.872293,0.918326
N20261225-S003,N20261225,2026-12-26T02:00:00Z,900,true,1.335211,0.923724,0.906758,0.952225
N20261225-S004,N20261225,2026-12-26T02:15:00Z,900,true,1.342723,0.910786,0.860523,0.913135
N20261225-S005,N20261225,2026-12-26T02:30:00Z,900,true,1.295173,0.900157,0.858231,0.986888
N20261225-S006,N20261225,2026-12-26T02:45:00Z,900,true,1.280992,0.912825,0.845936,0.970195
N20261225-S007,N20261225,2026-12-26T03:00:00Z,900,true,1.285333,0.924478,0.865518,0.919080
N20261225-S008,N20261225,2026-12-26T03:15:00Z,900,true,1.305797,0.936809,0.860109,0.963840
N20261225-S009,N20261225,2026-12-26T03:30:00Z,900,true,1.296607,0.926991,0.848068,0.979835
N20261225-S010,N20261225,2026-12-26T03:45:00Z,900,true,1.308420,0.934087,0.842799,0.955195
N20261225-S011,N20261225,2026-12-26T04:00:00Z,900,true,1.242437,0.939455,0.851140,0.950782
N20261225-S012,N20261225,2026-12-26T04:15:00Z,900,true,1.212140,0.931193,0.864478,0.914433
N20261225-S013,N20261225,2026-12-26T04:30:00Z,900,true,1.245115,0.904422,0.875952,0.914403
N20261225-S014,N20261225,2026-12-26T04:45:00Z,900,true,1.291884,0.893995,0.847920,0.934108
N20261225-S015,N20261225,2026-12-26T05:00:00Z,900,true,1.273343,0.900624,0.832292,0.908286
N20261225-S016,N20261225,2026-12-26T05:15:00Z,900,true,1.250338,0.898034,0.848302,0.973227
N20261225-S017,N20261225,2026-12-26T05:30:00Z,900,true,1.258426,0.902427,0.844111,0.941867
N20261225-S018,N20261225,2026-12-26T05:45:00Z,900,true,1.342208,0.912106,0.838769,0.936820
N20261225-S019,N20261225,2026-12-26T06:00:00Z,900,true,1.348543,0.928259,0.833817,0.988265
N20261225-S020,N20261225,2026-12-26T06:15:00Z,900,true,1.319741,0.922349,0.814877,0.981293
N20261225-S021,N20261225,2026-12-26T06:30:00Z,900,true,1.365510,0.929047,0.812555,0.920949
N20261225-S022,N20261225,2026-12-26T06:45:00Z,900,true,1.372464,0.927455,0.834637,0.937349
N20261225-S023,N20261225,2026-12-26T07:00:00Z,900,true,1.374522,0.914260,0.861488,0.900542
N20261225-S024,N20261225,2026-12-26T07:15:00Z,900,true,1.379167,0.914441,0.877127,0.927387
N20261225-S025,N20261225,2026-12-26T07:30:00Z,900,true,1.397234,0.914168,0.873578,0.977362
N20261225-S026,N20261225,2026-12-26T07:45:00Z,900,true,1.378106,0.916956,0.859874,0.948481
N20261225-S027,N20261225,2026-12-26T08:00:00Z,900,true,1.339556,0.937823,0.876570,0.940882
N20261225-S028,N20261225,2026-12-26T08:15:00Z,900,true,1.353714,0.932748,0.887935,0.955180
N20261225-S029,N20261225,2026-12-26T08:30:00Z,900,true,1.346779,0.916843,0.877446,0.991372
N20261225-S030,N20261225,2026-12-26T08:45:00Z,900,true,1.347487,0.929019,0.865426,0.966058
N20261225-S031,N20261225,2026-12-26T09:00:00Z,900,true,1.372595,0.945446,0.876255,0.931725
N20261225-S032,N20261225,2026-12-26T09:15:00Z,900,true,1.366715,0.932987,0.838218,0.912024
N20261225-S033,N20261225,2026-12-26T09:30:00Z,900,true,1.405118,0.940370,0.847045,0.942100
N20261225-S034,N20261225,2026-12-26T09:45:00Z,900,true,1.456023,0.937202,0.846704,0.939736
N20261225-S035,N20261225,2026-12-26T10:00:00Z,900,true,1.472934,0.934612,0.865279,0.901111
N20261225-S036,N20261225,2026-12-26T10:15:00Z,900,true,1.446388,0.927397,0.847523,0.965988
N20261225-S037,N20261225,2026-12-26T10:30:00Z,900,true,1.436698,0.934184,0.858902,0.966225
N20261225-S038,N20261225,2026-12-26T10:45:00Z,900,true,1.451709,0.941320,0.853415,0.985739
N20261225-S039,N20261225,2026-12-26T11:00:00Z,900,true,1.445417,0.916626,0.832768,0.964887
N20261225-S040,N20261225,2026-12-26T11:15:00Z,900,false,,,,
N20261225-S041,N20261225,2026-12-26T11:30:00Z,900,false,,,,
N20261225-S042,N20261225,2026-12-26T11:45:00Z,900,false,,,,
N20261225-S043,N20261225,2026-12-26T12:00:00Z,900,true,1.325378,0.925335,0.848117,0.914228
N20261225-S044,N20261225,2026-12-26T12:15:00Z,900,true,1.282979,0.922588,0.846738,0.940660
N20261225-S045,N20261225,2026-12-26T12:30:00Z,900,true,1.317388,0.931833,0.853262,0.921457
N20261225-S046,N20261225,2026-12-26T12:45:00Z,900,true,1.356911,0.915525,0.847467,0.991442
N20261225-S047,N20261225,2026-12-26T13:00:00Z,900,true,1.330008,0.918345,0.843735,0.922204
N20261226-S001,N20261226,2026-12-27T01:30:00Z,900,true,1.394069,0.891967,0.894326,0.960678
N20261226-S002,N20261226,2026-12-27T01:45:00Z,900,true,1.375291,0.893062,0.918199,0.975922
N20261226-S003,N20261226,2026-12-27T02:00:00Z,900,true,1.380099,0.885527,0.933727,0.972385
N20261226-S004,N20261226,2026-12-27T02:15:00Z,900,true,1.359620,0.899409,0.935501,0.976601
N20261226-S005,N20261226,2026-12-27T02:30:00Z,900,true,1.399098,0.903632,0.930881,0.966332
N20261226-S006,N20261226,2026-12-27T02:45:00Z,900,true,1.389046,0.896491,0.917469,0.947109
N20261226-S007,N20261226,2026-12-27T03:00:00Z,900,true,1.364866,0.890784,0.871962,0.989718
N20261226-S008,N20261226,2026-12-27T03:15:00Z,900,true,1.356819,0.898002,0.880279,0.972063
N20261226-S009,N20261226,2026-12-27T03:30:00Z,900,true,1.409185,0.886563,0.879780,0.960008
N20261226-S010,N20261226,2026-12-27T03:45:00Z,900,true,1.391075,0.898441,0.879195,0.923578
N20261226-S011,N20261226,2026-12-27T04:00:00Z,900,true,1.414142,0.883997,0.919484,0.935622
N20261226-S012,N20261226,2026-12-27T04:15:00Z,900,true,1.366859,0.874822,0.908762,0.985386
N20261226-S013,N20261226,2026-12-27T04:30:00Z,900,true,1.368645,0.901018,0.916016,0.921678
N20261226-S014,N20261226,2026-12-27T04:45:00Z,900,true,1.346262,0.889536,0.940114,0.980009
N20261226-S015,N20261226,2026-12-27T05:00:00Z,900,true,1.364188,0.895981,0.968353,0.935391
N20261226-S016,N20261226,2026-12-27T05:15:00Z,900,true,1.439266,0.907095,0.948589,0.967756
N20261226-S017,N20261226,2026-12-27T05:30:00Z,900,true,1.459347,0.915682,0.958524,0.916337
N20261226-S018,N20261226,2026-12-27T05:45:00Z,900,true,1.497145,0.902584,0.945831,0.933915
N20261226-S019,N20261226,2026-12-27T06:00:00Z,900,true,1.438598,0.919855,0.936349,0.996380
N20261226-S020,N20261226,2026-12-27T06:15:00Z,900,true,1.403055,0.926747,0.917482,0.916804
N20261226-S021,N20261226,2026-12-27T06:30:00Z,900,true,1.419923,0.902645,0.921189,0.973259
N20261226-S022,N20261226,2026-12-27T06:45:00Z,900,true,1.475150,0.913649,0.947390,0.963742
N20261226-S023,N20261226,2026-12-27T07:00:00Z,900,true,1.486052,0.913606,0.970662,0.917896
N20261226-S024,N20261226,2026-12-27T07:15:00Z,900,true,1.533715,0.908080,0.953039,0.994170
N20261226-S025,N20261226,2026-12-27T07:30:00Z,900,true,1.587183,0.896303,0.965958,0.989978
N20261226-S026,N20261226,2026-12-27T07:45:00Z,900,true,1.519940,0.903989,0.967698,0.965815
N20261226-S027,N20261226,2026-12-27T08:00:00Z,900,true,1.559192,0.884536,0.975680,0.942718
N20261226-S028,N20261226,2026-12-27T08:15:00Z,900,true,1.514605,0.897649,0.963342,0.947570
N20261226-S029,N20261226,2026-12-27T08:30:00Z,900,true,1.496237,0.912956,0.951160,0.948222
N20261226-S030,N20261226,2026-12-27T08:45:00Z,900,true,1.455154,0.928677,0.950701,0.916883
N20261226-S031,N20261226,2026-12-27T09:00:00Z,900,true,1.429152,0.927091,0.926344,0.976972
N20261226-S032,N20261226,2026-12-27T09:15:00Z,900,true,1.435427,0.911376,0.920163,0.982340
N20261226-S033,N20261226,2026-12-27T09:30:00Z,900,true,1.357894,0.909178,0.932484,0.936549
N20261226-S034,N20261226,2026-12-27T09:45:00Z,900,true,1.282495,0.897972,0.935713,0.960045
N20261226-S035,N20261226,2026-12-27T10:00:00Z,900,true,1.292115,0.911887,0.934981,0.996704
N20261226-S036,N20261226,2026-12-27T10:15:00Z,900,true,1.302077,0.926016,0.929502,0.979392
N20261226-S037,N20261226,2026-12-27T10:30:00Z,900,true,1.405222,0.940903,0.925461,0.902251
N20261226-S038,N20261226,2026-12-27T10:45:00Z,900,true,1.420567,0.931859,0.906731,0.960693
N20261226-S039,N20261226,2026-12-27T11:00:00Z,900,true,1.453601,0.934870,0.910602,0.919689
N20261226-S040,N20261226,2026-12-27T11:15:00Z,900,true,1.432816,0.925896,0.915619,0.983536
N20261226-S041,N20261226,2026-12-27T11:30:00Z,900,true,1.490371,0.931268,0.930555,0.937004
N20261226-S042,N20261226,2026-12-27T11:45:00Z,900,true,1.517557,0.902740,0.904873,0.724068
N20261226-S043,N20261226,2026-12-27T12:00:00Z,900,true,1.491844,0.913535,0.903381,0.749426
N20261226-S044,N20261226,2026-12-27T12:15:00Z,900,true,1.404163,0.903021,0.900349,0.751764
N20261226-S045,N20261226,2026-12-27T12:30:00Z,900,true,1.426392,0.905509,0.882966,0.707017
N20261226-S046,N20261226,2026-12-27T12:45:00Z,900,true,1.398415,0.915891,0.896575,0.705253
N20261226-S047,N20261226,2026-12-27T13:00:00Z,900,true,1.425006,0.902818,0.912258,0.722647
N20261227-S001,N20261227,2026-12-28T01:30:00Z,900,true,1.356677,0.796580,0.954434,0.760082
N20261227-S002,N20261227,2026-12-28T01:45:00Z,900,true,1.334971,0.787498,0.951372,0.760271
N20261227-S003,N20261227,2026-12-28T02:00:00Z,900,true,1.318914,0.795221,0.935224,0.765230
N20261227-S004,N20261227,2026-12-28T02:15:00Z,900,true,1.292826,0.789667,0.945570,0.725589
N20261227-S005,N20261227,2026-12-28T02:30:00Z,900,true,1.293507,0.795551,0.947938,0.768291
N20261227-S006,N20261227,2026-12-28T02:45:00Z,900,true,1.296198,0.785903,0.947071,0.712306
N20261227-S007,N20261227,2026-12-28T03:00:00Z,900,true,1.357685,0.790654,0.951094,0.742886
N20261227-S008,N20261227,2026-12-28T03:15:00Z,900,true,1.383687,0.786786,0.941869,0.735297
N20261227-S009,N20261227,2026-12-28T03:30:00Z,900,true,1.344256,0.800646,0.966666,0.709753
N20261227-S010,N20261227,2026-12-28T03:45:00Z,900,true,1.366997,0.772238,0.961975,0.766752
N20261227-S011,N20261227,2026-12-28T04:00:00Z,900,true,1.385452,0.768348,0.957531,0.725368
N20261227-S012,N20261227,2026-12-28T04:15:00Z,900,true,1.401702,0.792853,0.973297,0.768933
N20261227-S013,N20261227,2026-12-28T04:30:00Z,900,true,1.412143,0.776888,0.986746,0.738662
N20261227-S014,N20261227,2026-12-28T04:45:00Z,900,true,1.448082,0.767634,0.967078,0.769821
N20261227-S015,N20261227,2026-12-28T05:00:00Z,900,true,1.515090,0.788503,0.989652,0.740943
N20261227-S016,N20261227,2026-12-28T05:15:00Z,900,true,1.454087,0.787321,0.996167,0.731253
N20261227-S017,N20261227,2026-12-28T05:30:00Z,900,true,1.460298,0.803958,0.989060,0.771689
N20261227-S018,N20261227,2026-12-28T05:45:00Z,900,true,1.489011,0.838924,0.974483,0.748572
N20261227-S019,N20261227,2026-12-28T06:00:00Z,900,true,1.393911,0.828454,0.971709,0.725780
N20261227-S020,N20261227,2026-12-28T06:15:00Z,900,true,1.408417,0.833702,0.954716,0.776308
N20261227-S021,N20261227,2026-12-28T06:30:00Z,900,true,1.343532,0.808740,0.962815,0.738759
N20261227-S022,N20261227,2026-12-28T06:45:00Z,900,true,1.352149,0.786557,0.983550,0.705788
N20261227-S023,N20261227,2026-12-28T07:00:00Z,900,true,1.370334,0.804881,0.976900,0.717452
N20261227-S024,N20261227,2026-12-28T07:15:00Z,900,true,1.396760,0.795508,0.964099,0.728592
N20261227-S025,N20261227,2026-12-28T07:30:00Z,900,true,1.438713,0.800582,0.961002,0.710953
N20261227-S026,N20261227,2026-12-28T07:45:00Z,900,true,1.503916,0.796019,0.952389,0.727779
N20261227-S027,N20261227,2026-12-28T08:00:00Z,900,true,1.428233,0.781826,0.948908,0.776325
N20261227-S028,N20261227,2026-12-28T08:15:00Z,900,true,1.425997,0.770364,0.964439,0.738803
N20261227-S029,N20261227,2026-12-28T08:30:00Z,900,true,1.455595,0.778703,0.981240,0.719800
N20261227-S030,N20261227,2026-12-28T08:45:00Z,900,true,1.441834,0.786308,0.983261,0.731360
N20261227-S031,N20261227,2026-12-28T09:00:00Z,900,true,1.436930,0.791276,0.970958,0.778272
N20261227-S032,N20261227,2026-12-28T09:15:00Z,900,true,1.490567,0.797735,0.945415,0.716567
N20261227-S033,N20261227,2026-12-28T09:30:00Z,900,true,1.481590,0.804750,0.974348,0.764468
N20261227-S034,N20261227,2026-12-28T09:45:00Z,900,true,1.532359,0.803774,0.965861,0.744084
N20261227-S035,N20261227,2026-12-28T10:00:00Z,900,true,1.518775,0.791499,0.955642,0.778262
N20261227-S036,N20261227,2026-12-28T10:15:00Z,900,true,1.429186,0.795777,0.963388,0.732220
N20261227-S037,N20261227,2026-12-28T10:30:00Z,900,true,1.478075,0.778902,0.965479,0.702876
N20261227-S038,N20261227,2026-12-28T10:45:00Z,900,true,1.453854,0.779789,0.963405,0.723226
N20261227-S039,N20261227,2026-12-28T11:00:00Z,900,true,1.398485,0.773631,0.932380,0.729033
N20261227-S040,N20261227,2026-12-28T11:15:00Z,900,true,1.373158,0.790740,0.928021,0.734255
N20261227-S041,N20261227,2026-12-28T11:30:00Z,900,true,1.298070,0.798790,0.912603,0.716617
N20261227-S042,N20261227,2026-12-28T11:45:00Z,900,true,1.302202,0.808723,0.933662,0.704642
N20261227-S043,N20261227,2026-12-28T12:00:00Z,900,true,1.335856,0.834280,0.969192,0.740166
N20261227-S044,N20261227,2026-12-28T12:15:00Z,900,true,1.409367,0.856186,1.006529,0.908085
N20261227-S045,N20261227,2026-12-28T12:30:00Z,900,true,1.375575,0.843337,1.002772,0.997138
N20261227-S046,N20261227,2026-12-28T12:45:00Z,900,true,1.364400,0.840356,0.990479,0.902035
N20261227-S047,N20261227,2026-12-28T13:00:00Z,900,true,1.339498,0.817697,0.977092,0.985752
N20261228-S001,N20261228,2026-12-29T01:30:00Z,900,true,1.428771,0.882093,0.879025,0.976656
N20261228-S002,N20261228,2026-12-29T01:45:00Z,900,false,,,,
N20261228-S003,N20261228,2026-12-29T02:00:00Z,900,true,1.344192,0.884502,0.915756,0.977585
N20261228-S004,N20261228,2026-12-29T02:15:00Z,900,true,1.336692,0.894589,0.906768,0.974029
N20261228-S005,N20261228,2026-12-29T02:30:00Z,900,true,1.324280,0.923188,0.920490,0.923551
N20261228-S006,N20261228,2026-12-29T02:45:00Z,900,true,1.339250,0.917265,0.923629,0.959422
N20261228-S007,N20261228,2026-12-29T03:00:00Z,900,true,1.300731,0.935636,0.947342,0.930909
N20261228-S008,N20261228,2026-12-29T03:15:00Z,900,true,1.317123,0.928597,0.933046,0.987059
N20261228-S009,N20261228,2026-12-29T03:30:00Z,900,true,1.303796,0.927691,0.939483,0.982278
N20261228-S010,N20261228,2026-12-29T03:45:00Z,900,true,1.326763,0.933246,0.908714,0.966496
N20261228-S011,N20261228,2026-12-29T04:00:00Z,900,true,1.327472,0.928304,0.899437,0.952212
N20261228-S012,N20261228,2026-12-29T04:15:00Z,900,true,1.420179,0.917075,0.879857,0.993220
N20261228-S013,N20261228,2026-12-29T04:30:00Z,900,true,1.407665,0.909993,0.845356,0.934539
N20261228-S014,N20261228,2026-12-29T04:45:00Z,900,true,1.427390,0.901997,0.869561,0.967798
N20261228-S015,N20261228,2026-12-29T05:00:00Z,900,true,1.376780,0.891500,0.861682,0.948698
N20261228-S016,N20261228,2026-12-29T05:15:00Z,900,true,1.386183,0.891444,0.860632,0.949302
N20261228-S017,N20261228,2026-12-29T05:30:00Z,900,true,1.406001,0.891685,0.854938,0.929408
N20261228-S018,N20261228,2026-12-29T05:45:00Z,900,true,1.390510,0.913295,0.848999,0.937594
N20261228-S019,N20261228,2026-12-29T06:00:00Z,900,true,1.345953,0.918866,0.831881,0.902643
N20261228-S020,N20261228,2026-12-29T06:15:00Z,900,true,1.297332,0.915487,0.872988,0.919371
N20261228-S021,N20261228,2026-12-29T06:30:00Z,900,true,1.318473,0.894093,0.875512,0.945558
N20261228-S022,N20261228,2026-12-29T06:45:00Z,900,true,1.352466,0.870197,0.877152,0.920134
N20261228-S023,N20261228,2026-12-29T07:00:00Z,900,true,1.382164,0.859869,0.902326,0.984662
N20261228-S024,N20261228,2026-12-29T07:15:00Z,900,true,1.323258,0.861106,0.901413,0.910149
N20261228-S025,N20261228,2026-12-29T07:30:00Z,900,true,1.304486,0.870094,0.902387,0.974011
N20261228-S026,N20261228,2026-12-29T07:45:00Z,900,true,1.330755,0.881262,0.883766,0.951059
N20261228-S027,N20261228,2026-12-29T08:00:00Z,900,true,1.317394,0.901087,0.911241,0.944704
N20261228-S028,N20261228,2026-12-29T08:15:00Z,900,true,1.309889,0.889178,0.914708,0.955815
N20261228-S029,N20261228,2026-12-29T08:30:00Z,900,true,1.286297,0.897348,0.890121,0.944849
N20261228-S030,N20261228,2026-12-29T08:45:00Z,900,true,1.285006,0.887505,0.897761,0.933918
N20261228-S031,N20261228,2026-12-29T09:00:00Z,900,true,1.357496,0.874934,0.893109,0.966078
N20261228-S032,N20261228,2026-12-29T09:15:00Z,900,true,1.432292,0.893924,0.889618,0.934243
N20261228-S033,N20261228,2026-12-29T09:30:00Z,900,true,1.464775,0.895341,0.882525,0.991605
N20261228-S034,N20261228,2026-12-29T09:45:00Z,900,true,1.435869,0.868367,0.878262,0.908737
N20261228-S035,N20261228,2026-12-29T10:00:00Z,900,true,1.422517,0.874835,0.883044,0.932150
N20261228-S036,N20261228,2026-12-29T10:15:00Z,900,true,1.443544,0.871239,0.895127,0.924335
N20261228-S037,N20261228,2026-12-29T10:30:00Z,900,true,1.356092,0.879157,0.892549,0.970847
N20261228-S038,N20261228,2026-12-29T10:45:00Z,900,true,1.380978,0.883859,0.899454,0.936530
N20261228-S039,N20261228,2026-12-29T11:00:00Z,900,true,1.394750,0.901193,0.884234,0.935707
N20261228-S040,N20261228,2026-12-29T11:15:00Z,900,true,1.391609,0.909759,0.870936,0.939254
N20261228-S041,N20261228,2026-12-29T11:30:00Z,900,true,1.370020,0.903283,0.858274,0.984032
N20261228-S042,N20261228,2026-12-29T11:45:00Z,900,true,1.423940,0.888693,0.857871,0.941849
N20261228-S043,N20261228,2026-12-29T12:00:00Z,900,true,1.431590,0.880444,0.879443,0.945778
N20261228-S044,N20261228,2026-12-29T12:15:00Z,900,true,1.433871,0.874428,0.882720,0.984055
N20261228-S045,N20261228,2026-12-29T12:30:00Z,900,true,1.481537,0.875069,0.864709,0.982017
N20261228-S046,N20261228,2026-12-29T12:45:00Z,900,true,1.499820,0.884326,0.859593,0.937613
N20261228-S047,N20261228,2026-12-29T13:00:00Z,900,true,1.460047,0.881637,0.868370,0.915324
N20261229-S001,N20261229,2026-12-30T01:30:00Z,900,true,1.340460,0.812841,0.879497,0.957840
N20261229-S002,N20261229,2026-12-30T01:45:00Z,900,true,1.289272,0.790328,0.892334,0.952937
N20261229-S003,N20261229,2026-12-30T02:00:00Z,900,true,1.315809,0.780462,0.915859,0.936054
N20261229-S004,N20261229,2026-12-30T02:15:00Z,900,true,1.327406,0.789190,0.912787,0.991249
N20261229-S005,N20261229,2026-12-30T02:30:00Z,900,true,1.312365,0.808248,0.897907,0.900360
N20261229-S006,N20261229,2026-12-30T02:45:00Z,900,true,1.330830,0.818435,0.885383,0.930525
N20261229-S007,N20261229,2026-12-30T03:00:00Z,900,true,1.343402,0.817232,0.901399,0.937544
N20261229-S008,N20261229,2026-12-30T03:15:00Z,900,true,1.332369,0.806001,0.873015,0.961536
N20261229-S009,N20261229,2026-12-30T03:30:00Z,900,true,1.320627,0.792480,0.869183,0.931096
N20261229-S010,N20261229,2026-12-30T03:45:00Z,900,true,1.380918,0.776488,0.887495,0.950549
N20261229-S011,N20261229,2026-12-30T04:00:00Z,900,true,1.402328,0.795698,0.874171,0.970810
N20261229-S012,N20261229,2026-12-30T04:15:00Z,900,true,1.421428,0.807025,0.856167,0.913063
N20261229-S013,N20261229,2026-12-30T04:30:00Z,900,true,1.393856,0.810630,0.863240,0.947113
N20261229-S014,N20261229,2026-12-30T04:45:00Z,900,true,1.334518,0.811596,0.859197,0.914366
N20261229-S015,N20261229,2026-12-30T05:00:00Z,900,true,1.357338,0.804506,0.862045,0.997682
N20261229-S016,N20261229,2026-12-30T05:15:00Z,900,true,1.438902,0.810457,0.870268,0.980042
N20261229-S017,N20261229,2026-12-30T05:30:00Z,900,true,1.366890,0.805402,0.884522,0.906706
N20261229-S018,N20261229,2026-12-30T05:45:00Z,900,true,1.370548,0.795477,0.882897,0.942440
N20261229-S019,N20261229,2026-12-30T06:00:00Z,900,true,1.409959,0.794978,0.868552,0.972137
N20261229-S020,N20261229,2026-12-30T06:15:00Z,900,true,1.431512,0.794982,0.848121,0.972779
N20261229-S021,N20261229,2026-12-30T06:30:00Z,900,true,1.373584,0.792915,0.846770,0.907701
N20261229-S022,N20261229,2026-12-30T06:45:00Z,900,true,1.379046,0.794760,0.869747,0.933516
N20261229-S023,N20261229,2026-12-30T07:00:00Z,900,true,1.370470,0.822179,0.879757,0.971579
N20261229-S024,N20261229,2026-12-30T07:15:00Z,900,true,1.309239,0.813582,0.885843,0.985705
N20261229-S025,N20261229,2026-12-30T07:30:00Z,900,true,1.285529,0.789021,0.912077,0.953390
N20261229-S026,N20261229,2026-12-30T07:45:00Z,900,true,1.330084,0.794281,0.904574,0.971310
N20261229-S027,N20261229,2026-12-30T08:00:00Z,900,true,1.339915,0.787733,0.912054,0.911094
N20261229-S028,N20261229,2026-12-30T08:15:00Z,900,true,1.321556,0.787183,0.907579,0.909824
N20261229-S029,N20261229,2026-12-30T08:30:00Z,900,true,1.259024,0.799884,0.880840,0.973725
N20261229-S030,N20261229,2026-12-30T08:45:00Z,900,true,1.293896,0.803570,0.896264,0.901114
N20261229-S031,N20261229,2026-12-30T09:00:00Z,900,true,1.340335,0.806533,0.869783,0.948349
N20261229-S032,N20261229,2026-12-30T09:15:00Z,900,true,1.380296,0.822471,0.893045,0.913370
N20261229-S033,N20261229,2026-12-30T09:30:00Z,900,true,1.351512,0.824491,0.892194,0.981082
N20261229-S034,N20261229,2026-12-30T09:45:00Z,900,true,1.322516,0.836074,0.914448,0.953109
N20261229-S035,N20261229,2026-12-30T10:00:00Z,900,true,1.308619,0.836881,0.908391,0.977911
N20261229-S036,N20261229,2026-12-30T10:15:00Z,900,true,1.266834,0.833458,0.931085,0.988778
N20261229-S037,N20261229,2026-12-30T10:30:00Z,900,true,1.294912,0.830502,0.926206,0.911967
N20261229-S038,N20261229,2026-12-30T10:45:00Z,900,true,1.297390,0.832871,0.915012,0.946246
N20261229-S039,N20261229,2026-12-30T11:00:00Z,900,true,1.300869,0.834121,0.932591,0.974081
N20261229-S040,N20261229,2026-12-30T11:15:00Z,900,true,1.327731,0.842173,0.919686,0.943619
N20261229-S041,N20261229,2026-12-30T11:30:00Z,900,true,1.326897,0.822657,0.923331,0.929834
N20261229-S042,N20261229,2026-12-30T11:45:00Z,900,true,1.273332,0.808392,0.936838,0.916905
N20261229-S043,N20261229,2026-12-30T12:00:00Z,900,true,1.266220,0.815569,0.922591,0.942112
N20261229-S044,N20261229,2026-12-30T12:15:00Z,900,true,1.283186,0.813106,0.923503,0.976142
N20261229-S045,N20261229,2026-12-30T12:30:00Z,900,true,1.272692,0.817476,0.912364,0.900718
N20261229-S046,N20261229,2026-12-30T12:45:00Z,900,true,1.227974,0.803225,0.885959,0.905194
N20261229-S047,N20261229,2026-12-30T13:00:00Z,900,true,1.253180,0.804056,0.882777,0.985258
N20261230-S001,N20261230,2026-12-31T01:30:00Z,900,true,1.215584,0.838475,0.934740,0.960884
N20261230-S002,N20261230,2026-12-31T01:45:00Z,900,true,1.222889,0.847438,0.931380,0.952991
N20261230-S003,N20261230,2026-12-31T02:00:00Z,900,true,1.213836,0.853506,0.940966,0.992781
N20261230-S004,N20261230,2026-12-31T02:15:00Z,900,true,1.243780,0.857812,0.946505,0.954933
N20261230-S005,N20261230,2026-12-31T02:30:00Z,900,true,1.253084,0.865275,0.969100,0.944940
N20261230-S006,N20261230,2026-12-31T02:45:00Z,900,true,1.308244,0.853673,0.947816,0.905441
N20261230-S007,N20261230,2026-12-31T03:00:00Z,900,true,1.302055,0.844289,0.942669,0.985813
N20261230-S008,N20261230,2026-12-31T03:15:00Z,900,true,1.354175,0.869554,0.947184,0.958794
N20261230-S009,N20261230,2026-12-31T03:30:00Z,900,true,1.317361,0.855685,0.959666,0.927283
N20261230-S010,N20261230,2026-12-31T03:45:00Z,900,true,1.296791,0.845165,0.934566,0.955820
N20261230-S011,N20261230,2026-12-31T04:00:00Z,900,true,1.242864,0.862051,0.933807,0.957425
N20261230-S012,N20261230,2026-12-31T04:15:00Z,900,true,1.248352,0.875604,0.935933,0.930027
N20261230-S013,N20261230,2026-12-31T04:30:00Z,900,true,1.209846,0.888216,0.913389,0.915333
N20261230-S014,N20261230,2026-12-31T04:45:00Z,900,true,1.168486,0.864222,0.916216,0.972477
N20261230-S015,N20261230,2026-12-31T05:00:00Z,900,true,1.191855,0.859462,0.895296,0.933982
N20261230-S016,N20261230,2026-12-31T05:15:00Z,900,true,1.145178,0.848131,0.901978,0.971965
N20261230-S017,N20261230,2026-12-31T05:30:00Z,900,true,1.090273,0.865454,0.897753,0.984881
N20261230-S018,N20261230,2026-12-31T05:45:00Z,900,true,1.108015,0.866735,0.889518,0.942498
N20261230-S019,N20261230,2026-12-31T06:00:00Z,900,true,1.138807,0.889966,0.915951,0.972373
N20261230-S020,N20261230,2026-12-31T06:15:00Z,900,true,1.099377,0.869096,0.938726,0.985176
N20261230-S021,N20261230,2026-12-31T06:30:00Z,900,true,1.053046,0.880756,0.947796,0.949381
N20261230-S022,N20261230,2026-12-31T06:45:00Z,900,true,1.039092,0.869590,0.938123,0.928652
N20261230-S023,N20261230,2026-12-31T07:00:00Z,900,true,1.086661,0.870855,0.925399,0.911296
N20261230-S024,N20261230,2026-12-31T07:15:00Z,900,true,1.055882,0.858796,0.884454,0.946149
N20261230-S025,N20261230,2026-12-31T07:30:00Z,900,true,1.103168,0.828716,0.907485,0.966727
N20261230-S026,N20261230,2026-12-31T07:45:00Z,900,true,1.105963,0.819757,0.934988,0.935497
N20261230-S027,N20261230,2026-12-31T08:00:00Z,900,true,1.120384,0.837692,0.939030,0.965031
N20261230-S028,N20261230,2026-12-31T08:15:00Z,900,true,1.151846,0.843604,0.964152,0.906463
N20261230-S029,N20261230,2026-12-31T08:30:00Z,900,true,1.162138,0.830357,0.969929,0.917004
N20261230-S030,N20261230,2026-12-31T08:45:00Z,900,true,1.216275,0.833425,0.965535,0.908336
N20261230-S031,N20261230,2026-12-31T09:00:00Z,900,true,1.261378,0.852125,0.963087,0.945485
N20261230-S032,N20261230,2026-12-31T09:15:00Z,900,true,1.244355,0.843480,0.981850,0.977905
N20261230-S033,N20261230,2026-12-31T09:30:00Z,900,true,1.226922,0.842643,0.990037,0.906314
N20261230-S034,N20261230,2026-12-31T09:45:00Z,900,true,1.291360,0.848891,0.998156,0.985964
N20261230-S035,N20261230,2026-12-31T10:00:00Z,900,true,1.306779,0.844122,0.962578,0.903554
N20261230-S036,N20261230,2026-12-31T10:15:00Z,900,true,1.347637,0.838820,0.957777,0.930394
N20261230-S037,N20261230,2026-12-31T10:30:00Z,900,true,1.312234,0.859367,0.939891,0.941369
N20261230-S038,N20261230,2026-12-31T10:45:00Z,900,true,1.301385,0.851212,0.960552,0.904922
N20261230-S039,N20261230,2026-12-31T11:00:00Z,900,true,1.298468,0.843286,0.956877,0.998168
N20261230-S040,N20261230,2026-12-31T11:15:00Z,900,true,1.223415,0.830761,0.946881,0.978976
N20261230-S041,N20261230,2026-12-31T11:30:00Z,900,true,1.260058,0.836394,0.965750,0.945312
N20261230-S042,N20261230,2026-12-31T11:45:00Z,900,true,1.256057,0.816943,0.943496,0.990448
N20261230-S043,N20261230,2026-12-31T12:00:00Z,900,true,1.232621,0.812440,0.923688,0.916436
N20261230-S044,N20261230,2026-12-31T12:15:00Z,900,true,1.298816,0.858222,0.908133,0.933547
N20261230-S045,N20261230,2026-12-31T12:30:00Z,900,true,1.302214,0.846731,0.904735,0.957491
N20261230-S046,N20261230,2026-12-31T12:45:00Z,900,true,1.250037,0.834848,0.894796,0.943182
N20261230-S047,N20261230,2026-12-31T13:00:00Z,900,true,1.328089,0.815678,0.909751,0.941587
N20261231-S001,N20261231,2027-01-01T01:30:00Z,900,true,1.125748,0.887923,0.890471,0.946692
N20261231-S002,N20261231,2027-01-01T01:45:00Z,900,true,1.101951,0.916527,0.868763,0.949623
N20261231-S003,N20261231,2027-01-01T02:00:00Z,900,true,1.105112,0.921928,0.878804,0.957118
N20261231-S004,N20261231,2027-01-01T02:15:00Z,900,true,1.138069,0.938742,0.887849,0.922037
N20261231-S005,N20261231,2027-01-01T02:30:00Z,900,true,1.118162,0.916582,0.875026,0.988289
N20261231-S006,N20261231,2027-01-01T02:45:00Z,900,false,,,,
N20261231-S007,N20261231,2027-01-01T03:00:00Z,900,false,,,,
N20261231-S008,N20261231,2027-01-01T03:15:00Z,900,false,,,,
N20261231-S009,N20261231,2027-01-01T03:30:00Z,900,false,,,,
N20261231-S010,N20261231,2027-01-01T03:45:00Z,900,false,,,,
N20261231-S011,N20261231,2027-01-01T04:00:00Z,900,true,1.202468,0.915455,0.864151,0.975199
N20261231-S012,N20261231,2027-01-01T04:15:00Z,900,true,1.152653,0.909028,0.846722,0.942824
N20261231-S013,N20261231,2027-01-01T04:30:00Z,900,true,1.103902,0.906538,0.856738,0.922097
N20261231-S014,N20261231,2027-01-01T04:45:00Z,900,true,1.115934,0.934691,0.869444,0.999656
N20261231-S015,N20261231,2027-01-01T05:00:00Z,900,true,1.117454,0.935199,0.850898,0.982088
N20261231-S016,N20261231,2027-01-01T05:15:00Z,900,true,1.172488,0.939035,0.868567,0.921508
N20261231-S017,N20261231,2027-01-01T05:30:00Z,900,true,1.189805,0.923215,0.861711,0.918680
N20261231-S018,N20261231,2027-01-01T05:45:00Z,900,true,1.154090,0.921038,0.863450,0.916857
N20261231-S019,N20261231,2027-01-01T06:00:00Z,900,true,1.178379,0.901038,0.850340,0.979692
N20261231-S020,N20261231,2027-01-01T06:15:00Z,900,true,1.226759,0.910361,0.828235,0.980543
N20261231-S021,N20261231,2027-01-01T06:30:00Z,900,true,1.192846,0.909318,0.814333,0.923177
N20261231-S022,N20261231,2027-01-01T06:45:00Z,900,true,1.227915,0.908261,0.841068,0.995011
N20261231-S023,N20261231,2027-01-01T07:00:00Z,900,true,1.213443,0.913437,0.865941,0.945488
N20261231-S024,N20261231,2027-01-01T07:15:00Z,900,true,1.202553,0.916186,0.866772,0.917219
N20261231-S025,N20261231,2027-01-01T07:30:00Z,900,true,1.203827,0.906904,0.845831,0.958496
N20261231-S026,N20261231,2027-01-01T07:45:00Z,900,true,1.198555,0.901378,0.844596,0.992664
N20261231-S027,N20261231,2027-01-01T08:00:00Z,900,true,1.189652,0.905994,0.814851,0.971997
N20261231-S028,N20261231,2027-01-01T08:15:00Z,900,true,1.146345,0.892124,0.841284,0.921524
N20261231-S029,N20261231,2027-01-01T08:30:00Z,900,true,1.135653,0.898803,0.856812,0.919740
N20261231-S030,N20261231,2027-01-01T08:45:00Z,900,true,1.207506,0.913019,0.858461,0.977202
N20261231-S031,N20261231,2027-01-01T09:00:00Z,900,true,1.220340,0.894331,0.870406,0.944932
N20261231-S032,N20261231,2027-01-01T09:15:00Z,900,true,1.193483,0.896432,0.864139,0.978064
N20261231-S033,N20261231,2027-01-01T09:30:00Z,900,true,1.200737,0.878702,0.873289,0.910947
N20261231-S034,N20261231,2027-01-01T09:45:00Z,900,true,1.141697,0.878391,0.864982,0.974307
N20261231-S035,N20261231,2027-01-01T10:00:00Z,900,true,1.226139,0.875277,0.872308,0.989835
N20261231-S036,N20261231,2027-01-01T10:15:00Z,900,true,1.192863,0.889199,0.881832,0.988471
N20261231-S037,N20261231,2027-01-01T10:30:00Z,900,true,1.202014,0.880324,0.873062,0.999779
N20261231-S038,N20261231,2027-01-01T10:45:00Z,900,true,1.203259,0.883213,0.849001,0.963506
N20261231-S039,N20261231,2027-01-01T11:00:00Z,900,true,1.194036,0.867710,0.845436,0.998824
N20261231-S040,N20261231,2027-01-01T11:15:00Z,900,true,1.182023,0.901427,0.850689,0.989707
N20261231-S041,N20261231,2027-01-01T11:30:00Z,900,true,1.160937,0.890163,0.857744,0.925386
N20261231-S042,N20261231,2027-01-01T11:45:00Z,900,true,1.164583,0.893613,0.840470,0.974884
N20261231-S043,N20261231,2027-01-01T12:00:00Z,900,true,1.186571,0.899792,0.869817,0.994965
N20261231-S044,N20261231,2027-01-01T12:15:00Z,900,true,1.165806,0.895893,0.860061,0.985351
N20261231-S045,N20261231,2027-01-01T12:30:00Z,900,true,1.109642,0.896856,0.882394,0.964863
N20261231-S046,N20261231,2027-01-01T12:45:00Z,900,true,1.123169,0.888525,0.868885,0.990834
N20261231-S047,N20261231,2027-01-01T13:00:00Z,900,true,1.180413,0.876957,0.850268,0.968542
N20270101-S001,N20270101,2027-01-02T01:45:00Z,900,true,1.066169,0.839221,0.836008,0.982584
N20270101-S002,N20270101,2027-01-02T02:00:00Z,900,true,1.050232,0.845055,0.827830,0.903028
N20270101-S003,N20270101,2027-01-02T02:15:00Z,900,true,0.991117,0.844723,0.801323,0.925553
N20270101-S004,N20270101,2027-01-02T02:30:00Z,900,true,1.004269,0.829949,0.797365,0.908415
N20270101-S005,N20270101,2027-01-02T02:45:00Z,900,true,1.055110,0.832819,0.780951,0.912269
N20270101-S006,N20270101,2027-01-02T03:00:00Z,900,true,1.118805,0.836826,0.782811,0.958949
N20270101-S007,N20270101,2027-01-02T03:15:00Z,900,true,1.078845,0.844341,0.773487,0.966859
N20270101-S008,N20270101,2027-01-02T03:30:00Z,900,true,1.082629,0.868357,0.761760,0.960251
N20270101-S009,N20270101,2027-01-02T03:45:00Z,900,true,1.092032,0.881730,0.737599,0.984010
N20270101-S010,N20270101,2027-01-02T04:00:00Z,900,true,1.065765,0.877411,0.766928,0.938840
N20270101-S011,N20270101,2027-01-02T04:15:00Z,900,true,1.084762,0.870222,0.773409,0.935724
N20270101-S012,N20270101,2027-01-02T04:30:00Z,900,true,1.136165,0.873132,0.787493,0.938563
N20270101-S013,N20270101,2027-01-02T04:45:00Z,900,true,1.144493,0.859320,0.804888,0.999427
N20270101-S014,N20270101,2027-01-02T05:00:00Z,900,true,1.147590,0.859524,0.808506,0.979620
N20270101-S015,N20270101,2027-01-02T05:15:00Z,900,true,1.122992,0.862056,0.786393,0.941808
N20270101-S016,N20270101,2027-01-02T05:30:00Z,900,true,1.105824,0.849489,0.797837,0.950313
N20270101-S017,N20270101,2027-01-02T05:45:00Z,900,true,1.122840,0.855267,0.807090,0.986528
N20270101-S018,N20270101,2027-01-02T06:00:00Z,900,true,1.115678,0.860781,0.819725,0.903441
N20270101-S019,N20270101,2027-01-02T06:15:00Z,900,true,1.124756,0.844849,0.824966,0.957308
N20270101-S020,N20270101,2027-01-02T06:30:00Z,900,true,1.140106,0.854114,0.843624,0.964563
N20270101-S021,N20270101,2027-01-02T06:45:00Z,900,true,1.157841,0.843174,0.855800,0.941613
N20270101-S022,N20270101,2027-01-02T07:00:00Z,900,true,1.139593,0.825882,0.866321,0.977914
N20270101-S023,N20270101,2027-01-02T07:15:00Z,900,true,1.099681,0.816909,0.868118,0.919198
N20270101-S024,N20270101,2027-01-02T07:30:00Z,900,true,1.134622,0.841009,0.864498,0.984314
N20270101-S025,N20270101,2027-01-02T07:45:00Z,900,true,1.164102,0.824744,0.848498,0.954319
N20270101-S026,N20270101,2027-01-02T08:00:00Z,900,true,1.159153,0.833325,0.856528,0.947866
N20270101-S027,N20270101,2027-01-02T08:15:00Z,900,true,1.237688,0.834074,0.856711,0.978289
N20270101-S028,N20270101,2027-01-02T08:30:00Z,900,true,1.172454,0.840212,0.847244,0.998153
N20270101-S029,N20270101,2027-01-02T08:45:00Z,900,true,1.140125,0.838229,0.860587,0.918117
N20270101-S030,N20270101,2027-01-02T09:00:00Z,900,true,1.165880,0.839323,0.861609,0.960953
N20270101-S031,N20270101,2027-01-02T09:15:00Z,900,true,1.093060,0.856084,0.836720,0.947967
N20270101-S032,N20270101,2027-01-02T09:30:00Z,900,true,1.049932,0.860358,0.843685,0.906481
N20270101-S033,N20270101,2027-01-02T09:45:00Z,900,true,1.054695,0.863574,0.836853,0.943198
N20270101-S034,N20270101,2027-01-02T10:00:00Z,900,true,1.020174,0.856509,0.818647,0.979464
N20270101-S035,N20270101,2027-01-02T10:15:00Z,900,true,1.005629,0.849916,0.824823,0.957133
N20270101-S036,N20270101,2027-01-02T10:30:00Z,900,true,1.013564,0.856466,0.854669,0.956106
N20270101-S037,N20270101,2027-01-02T10:45:00Z,900,true,1.014791,0.844928,0.816148,0.969866
N20270101-S038,N20270101,2027-01-02T11:00:00Z,900,true,1.019762,0.843724,0.793177,0.945102
N20270101-S039,N20270101,2027-01-02T11:15:00Z,900,true,1.002491,0.854646,0.781163,0.946062
N20270101-S040,N20270101,2027-01-02T11:30:00Z,900,true,0.994368,0.846491,0.755721,0.910911
N20270101-S041,N20270101,2027-01-02T11:45:00Z,900,true,0.936879,0.867526,0.748059,0.963752
N20270101-S042,N20270101,2027-01-02T12:00:00Z,900,true,0.917724,0.870373,0.745394,0.935277
N20270101-S043,N20270101,2027-01-02T12:15:00Z,900,true,0.900264,0.888476,0.780176,0.990733
N20270101-S044,N20270101,2027-01-02T12:30:00Z,900,true,0.950673,0.903964,0.783611,0.933665
N20270101-S045,N20270101,2027-01-02T12:45:00Z,900,true,0.945060,0.897309,0.807857,0.945904
N20270101-S046,N20270101,2027-01-02T13:00:00Z,900,true,0.974299,0.865342,0.817939,0.969224
N20270102-S001,N20270102,2027-01-03T01:45:00Z,900,true,1.002555,0.882294,0.803139,0.925453
N20270102-S002,N20270102,2027-01-03T02:00:00Z,900,true,0.969659,0.858190,0.808223,0.933221
N20270102-S003,N20270102,2027-01-03T02:15:00Z,900,true,0.994359,0.871058,0.828289,0.904177
N20270102-S004,N20270102,2027-01-03T02:30:00Z,900,true,1.021819,0.846548,0.810376,0.922169
N20270102-S005,N20270102,2027-01-03T02:45:00Z,900,true,0.992443,0.848454,0.822759,0.973663
N20270102-S006,N20270102,2027-01-03T03:00:00Z,900,true,0.976670,0.876278,0.826780,0.938694
N20270102-S007,N20270102,2027-01-03T03:15:00Z,900,true,0.911209,0.888552,0.818412,0.997684
N20270102-S008,N20270102,2027-01-03T03:30:00Z,900,true,0.942671,0.903906,0.817557,0.984770
N20270102-S009,N20270102,2027-01-03T03:45:00Z,900,true,0.953565,0.903176,0.821427,0.982630
N20270102-S010,N20270102,2027-01-03T04:00:00Z,900,true,0.930200,0.908740,0.828408,0.946572
N20270102-S011,N20270102,2027-01-03T04:15:00Z,900,true,0.965215,0.887054,0.833390,0.978792
N20270102-S012,N20270102,2027-01-03T04:30:00Z,900,true,0.948274,0.897323,0.798654,0.998698
N20270102-S013,N20270102,2027-01-03T04:45:00Z,900,true,0.972897,0.918311,0.811396,0.945693
N20270102-S014,N20270102,2027-01-03T05:00:00Z,900,true,0.945602,0.922416,0.820118,0.919481
N20270102-S015,N20270102,2027-01-03T05:15:00Z,900,true,0.923974,0.908009,0.796778,0.932618
N20270102-S016,N20270102,2027-01-03T05:30:00Z,900,true,0.925292,0.915119,0.848472,0.901624
N20270102-S017,N20270102,2027-01-03T05:45:00Z,900,true,0.930804,0.924202,0.819435,0.921817
N20270102-S018,N20270102,2027-01-03T06:00:00Z,900,true,0.942744,0.910461,0.809128,0.968527
N20270102-S019,N20270102,2027-01-03T06:15:00Z,900,true,0.913093,0.900969,0.808676,0.941728
N20270102-S020,N20270102,2027-01-03T06:30:00Z,900,true,0.918095,0.899361,0.821891,0.936005
N20270102-S021,N20270102,2027-01-03T06:45:00Z,900,true,0.904103,0.913347,0.828459,0.994555
N20270102-S022,N20270102,2027-01-03T07:00:00Z,900,true,0.916197,0.904320,0.829115,0.902856
N20270102-S023,N20270102,2027-01-03T07:15:00Z,900,true,0.948496,0.924232,0.815911,0.946819
N20270102-S024,N20270102,2027-01-03T07:30:00Z,900,true,0.952737,0.933662,0.817333,0.904556
N20270102-S025,N20270102,2027-01-03T07:45:00Z,900,true,0.965173,0.922787,0.816356,0.994131
N20270102-S026,N20270102,2027-01-03T08:00:00Z,900,true,0.979327,0.914786,0.809372,0.901292
N20270102-S027,N20270102,2027-01-03T08:15:00Z,900,true,0.950079,0.903220,0.794960,0.991153
N20270102-S028,N20270102,2027-01-03T08:30:00Z,900,true,0.907183,0.885834,0.772646,0.920823
N20270102-S029,N20270102,2027-01-03T08:45:00Z,900,true,0.907488,0.875843,0.773846,0.905798
N20270102-S030,N20270102,2027-01-03T09:00:00Z,900,true,0.913820,0.879742,0.784184,0.934318
N20270102-S031,N20270102,2027-01-03T09:15:00Z,900,true,0.902760,0.888282,0.802276,0.951267
N20270102-S032,N20270102,2027-01-03T09:30:00Z,900,true,0.880472,0.899405,0.817190,0.971140
N20270102-S033,N20270102,2027-01-03T09:45:00Z,900,true,0.858425,0.888197,0.823173,0.986256
N20270102-S034,N20270102,2027-01-03T10:00:00Z,900,true,0.861641,0.900876,0.847116,0.992171
N20270102-S035,N20270102,2027-01-03T10:15:00Z,900,true,0.855736,0.887569,0.828195,0.967006
N20270102-S036,N20270102,2027-01-03T10:30:00Z,900,true,0.804067,0.894869,0.847137,0.967445
N20270102-S037,N20270102,2027-01-03T10:45:00Z,900,true,0.815090,0.874087,0.832253,0.921434
N20270102-S038,N20270102,2027-01-03T11:00:00Z,900,true,0.831603,0.854545,0.839397,0.942856
N20270102-S039,N20270102,2027-01-03T11:15:00Z,900,true,0.837268,0.854403,0.830063,0.903078
N20270102-S040,N20270102,2027-01-03T11:30:00Z,900,true,0.878930,0.848398,0.835620,0.910993
N20270102-S041,N20270102,2027-01-03T11:45:00Z,900,true,0.899886,0.851376,0.818660,0.996316
N20270102-S042,N20270102,2027-01-03T12:00:00Z,900,true,0.977161,0.853751,0.805945,0.920264
N20270102-S043,N20270102,2027-01-03T12:15:00Z,900,true,1.016054,0.846860,0.804514,0.966064
N20270102-S044,N20270102,2027-01-03T12:30:00Z,900,true,1.020596,0.854932,0.806216,0.929424
N20270102-S045,N20270102,2027-01-03T12:45:00Z,900,true,1.014578,0.843950,0.808286,0.944628
N20270102-S046,N20270102,2027-01-03T13:00:00Z,900,true,1.025750,0.844981,0.814043,0.982416
N20270102-S047,N20270102,2027-01-03T13:15:00Z,900,true,0.999741,0.860672,0.797728,0.990034
N20270103-S001,N20270103,2027-01-04T01:45:00Z,900,true,1.013811,0.908996,0.828292,0.953305
N20270103-S002,N20270103,2027-01-04T02:00:00Z,900,true,1.018996,0.898004,0.815992,0.901099
N20270103-S003,N20270103,2027-01-04T02:15:00Z,900,true,1.067044,0.917961,0.787742,0.903326
N20270103-S004,N20270103,2027-01-04T02:30:00Z,900,true,1.034291,0.921230,0.797316,0.906866
N20270103-S005,N20270103,2027-01-04T02:45:00Z,900,true,1.050330,0.909777,0.788062,0.960246
N20270103-S006,N20270103,2027-01-04T03:00:00Z,900,true,1.028840,0.897694,0.798972,0.924233
N20270103-S007,N20270103,2027-01-04T03:15:00Z,900,true,0.989684,0.898015,0.765915,0.918385
N20270103-S008,N20270103,2027-01-04T03:30:00Z,900,true,0.987842,0.903715,0.767768,0.941332
N20270103-S009,N20270103,2027-01-04T03:45:00Z,900,true,0.934855,0.932570,0.761584,0.975774
N20270103-S010,N20270103,2027-01-04T04:00:00Z,900,true,0.865012,0.928612,0.767541,0.966087
N20270103-S011,N20270103,2027-01-04T04:15:00Z,900,false,,,,
N20270103-S012,N20270103,2027-01-04T04:30:00Z,900,true,0.874693,0.905661,0.754404,0.962805
N20270103-S013,N20270103,2027-01-04T04:45:00Z,900,true,0.898435,0.894677,0.762350,0.902886
N20270103-S014,N20270103,2027-01-04T05:00:00Z,900,true,0.884276,0.896635,0.754276,0.955530
N20270103-S015,N20270103,2027-01-04T05:15:00Z,900,true,0.864514,0.895157,0.755238,0.938328
N20270103-S016,N20270103,2027-01-04T05:30:00Z,900,true,0.866070,0.879800,0.750614,0.932857
N20270103-S017,N20270103,2027-01-04T05:45:00Z,900,true,0.833068,0.868014,0.769775,0.911641
N20270103-S018,N20270103,2027-01-04T06:00:00Z,900,true,0.806818,0.895759,0.762986,0.958956
N20270103-S019,N20270103,2027-01-04T06:15:00Z,900,true,0.822743,0.899510,0.783122,0.906337
N20270103-S020,N20270103,2027-01-04T06:30:00Z,900,true,0.836026,0.903487,0.792712,0.926113
N20270103-S021,N20270103,2027-01-04T06:45:00Z,900,true,0.877795,0.892220,0.811391,0.994111
N20270103-S022,N20270103,2027-01-04T07:00:00Z,900,false,,,,
N20270103-S023,N20270103,2027-01-04T07:15:00Z,900,false,,,,
N20270103-S024,N20270103,2027-01-04T07:30:00Z,900,false,,,,
N20270103-S025,N20270103,2027-01-04T07:45:00Z,900,false,,,,
N20270103-S026,N20270103,2027-01-04T08:00:00Z,900,false,,,,
N20270103-S027,N20270103,2027-01-04T08:15:00Z,900,false,,,,
N20270103-S028,N20270103,2027-01-04T08:30:00Z,900,false,,,,
N20270103-S029,N20270103,2027-01-04T08:45:00Z,900,true,0.865357,0.895664,0.845626,0.907875
N20270103-S030,N20270103,2027-01-04T09:00:00Z,900,true,0.854932,0.897528,0.839104,0.984729
N20270103-S031,N20270103,2027-01-04T09:15:00Z,900,true,0.853229,0.903699,0.857890,0.941424
N20270103-S032,N20270103,2027-01-04T09:30:00Z,900,true,0.878872,0.883198,0.823150,0.998623
N20270103-S033,N20270103,2027-01-04T09:45:00Z,900,true,0.899976,0.901522,0.828342,0.946770
N20270103-S034,N20270103,2027-01-04T10:00:00Z,900,true,0.943001,0.881813,0.812907,0.981387
N20270103-S035,N20270103,2027-01-04T10:15:00Z,900,true,0.961216,0.880918,0.828963,0.910275
N20270103-S036,N20270103,2027-01-04T10:30:00Z,900,true,1.015471,0.885128,0.839288,0.965240
N20270103-S037,N20270103,2027-01-04T10:45:00Z,900,true,1.014051,0.892884,0.812472,0.900912
N20270103-S038,N20270103,2027-01-04T11:00:00Z,900,true,0.990190,0.910402,0.809303,0.941547
N20270103-S039,N20270103,2027-01-04T11:15:00Z,900,true,0.975537,0.904352,0.816979,0.988197
N20270103-S040,N20270103,2027-01-04T11:30:00Z,900,true,1.008834,0.895194,0.823247,0.980219
N20270103-S041,N20270103,2027-01-04T11:45:00Z,900,true,0.970848,0.893830,0.818177,0.928677
N20270103-S042,N20270103,2027-01-04T12:00:00Z,900,true,1.029673,0.888378,0.842190,0.992222
N20270103-S043,N20270103,2027-01-04T12:15:00Z,900,true,1.012933,0.884241,0.821956,0.972767
N20270103-S044,N20270103,2027-01-04T12:30:00Z,900,true,1.011567,0.869861,0.821603,0.992455
N20270103-S045,N20270103,2027-01-04T12:45:00Z,900,true,1.010146,0.868874,0.800877,0.974541
N20270103-S046,N20270103,2027-01-04T13:00:00Z,900,true,0.991756,0.879334,0.772634,0.991683
N20270103-S047,N20270103,2027-01-04T13:15:00Z,900,true,1.002910,0.877021,0.786865,0.908866
N20270104-S001,N20270104,2027-01-05T01:45:00Z,900,true,0.971407,0.900990,0.854924,0.952213
N20270104-S002,N20270104,2027-01-05T02:00:00Z,900,true,0.969309,0.901326,0.851523,0.936575
N20270104-S003,N20270104,2027-01-05T02:15:00Z,900,true,0.958939,0.905432,0.858539,0.914346
N20270104-S004,N20270104,2027-01-05T02:30:00Z,900,true,0.945575,0.887363,0.849703,0.952615
N20270104-S005,N20270104,2027-01-05T02:45:00Z,900,true,0.911654,0.903147,0.888661,0.926570
N20270104-S006,N20270104,2027-01-05T03:00:00Z,900,true,0.934348,0.907682,0.881772,0.966410
N20270104-S007,N20270104,2027-01-05T03:15:00Z,900,true,0.945452,0.904841,0.882458,0.902309
N20270104-S008,N20270104,2027-01-05T03:30:00Z,900,true,1.014034,0.924183,0.890999,0.913488
N20270104-S009,N20270104,2027-01-05T03:45:00Z,900,true,1.067956,0.913385,0.909848,0.988600
N20270104-S010,N20270104,2027-01-05T04:00:00Z,900,true,1.023728,0.933989,0.900535,0.992203
N20270104-S011,N20270104,2027-01-05T04:15:00Z,900,true,1.043329,0.932265,0.889727,0.966056
N20270104-S012,N20270104,2027-01-05T04:30:00Z,900,true,1.040552,0.916704,0.893717,0.903099
N20270104-S013,N20270104,2027-01-05T04:45:00Z,900,true,1.051932,0.906110,0.894454,0.905854
N20270104-S014,N20270104,2027-01-05T05:00:00Z,900,true,1.094443,0.895604,0.889203,0.929733
N20270104-S015,N20270104,2027-01-05T05:15:00Z,900,true,1.099941,0.896098,0.875894,0.926588
N20270104-S016,N20270104,2027-01-05T05:30:00Z,900,true,1.071985,0.912104,0.886586,0.976247
N20270104-S017,N20270104,2027-01-05T05:45:00Z,900,true,1.053802,0.896198,0.901311,0.934134
N20270104-S018,N20270104,2027-01-05T06:00:00Z,900,true,1.084060,0.894489,0.896438,0.982274
N20270104-S019,N20270104,2027-01-05T06:15:00Z,900,true,1.083652,0.901295,0.887957,0.942171
N20270104-S020,N20270104,2027-01-05T06:30:00Z,900,true,1.063683,0.918259,0.886388,0.982475
N20270104-S021,N20270104,2027-01-05T06:45:00Z,900,true,1.104228,0.924621,0.884359,0.953658
N20270104-S022,N20270104,2027-01-05T07:00:00Z,900,true,1.094013,0.926112,0.892564,0.907321
N20270104-S023,N20270104,2027-01-05T07:15:00Z,900,true,1.087914,0.917439,0.889360,0.938742
N20270104-S024,N20270104,2027-01-05T07:30:00Z,900,true,1.148078,0.894134,0.860497,0.957599
N20270104-S025,N20270104,2027-01-05T07:45:00Z,900,true,1.083816,0.888490,0.867845,0.913258
N20270104-S026,N20270104,2027-01-05T08:00:00Z,900,true,1.055998,0.879062,0.853530,0.997151
N20270104-S027,N20270104,2027-01-05T08:15:00Z,900,true,1.112338,0.881525,0.863149,0.928066
N20270104-S028,N20270104,2027-01-05T08:30:00Z,900,true,1.095881,0.869497,0.875618,0.942222
N20270104-S029,N20270104,2027-01-05T08:45:00Z,900,true,1.036378,0.876532,0.873086,0.904158
N20270104-S030,N20270104,2027-01-05T09:00:00Z,900,true,1.010681,0.887984,0.889497,0.912388
N20270104-S031,N20270104,2027-01-05T09:15:00Z,900,true,1.011226,0.900419,0.887252,0.936054
N20270104-S032,N20270104,2027-01-05T09:30:00Z,900,true,1.038271,0.898517,0.891276,0.995870
N20270104-S033,N20270104,2027-01-05T09:45:00Z,900,true,1.023160,0.912372,0.878143,0.938995
N20270104-S034,N20270104,2027-01-05T10:00:00Z,900,true,0.969529,0.919411,0.870410,0.945626
N20270104-S035,N20270104,2027-01-05T10:15:00Z,900,true,0.959690,0.914848,0.866894,0.904031
N20270104-S036,N20270104,2027-01-05T10:30:00Z,900,true,0.962853,0.905083,0.865052,0.973471
N20270104-S037,N20270104,2027-01-05T10:45:00Z,900,true,0.952552,0.896027,0.868779,0.915105
N20270104-S038,N20270104,2027-01-05T11:00:00Z,900,true,0.975495,0.903327,0.880566,0.986747
N20270104-S039,N20270104,2027-01-05T11:15:00Z,900,true,1.005754,0.924454,0.885530,0.912226
N20270104-S040,N20270104,2027-01-05T11:30:00Z,900,true,1.020388,0.920391,0.900917,0.988739
N20270104-S041,N20270104,2027-01-05T11:45:00Z,900,true,1.018503,0.915998,0.924762,0.986291
N20270104-S042,N20270104,2027-01-05T12:00:00Z,900,true,0.973506,0.920697,0.927773,0.962619
N20270104-S043,N20270104,2027-01-05T12:15:00Z,900,true,0.965586,0.915277,0.931686,0.909294
N20270104-S044,N20270104,2027-01-05T12:30:00Z,900,true,0.955444,0.916164,0.914784,0.933641
N20270104-S045,N20270104,2027-01-05T12:45:00Z,900,true,0.977643,0.908234,0.920190,0.977725
N20270104-S046,N20270104,2027-01-05T13:00:00Z,900,true,0.928131,0.904190,0.923947,0.933828
N20270104-S047,N20270104,2027-01-05T13:15:00Z,900,true,0.995725,0.919180,0.911120,0.970505
N20270105-S001,N20270105,2027-01-06T01:45:00Z,900,true,1.017102,0.926518,0.899030,0.931501
N20270105-S002,N20270105,2027-01-06T02:00:00Z,900,true,1.061031,0.913108,0.875372,0.974711
N20270105-S003,N20270105,2027-01-06T02:15:00Z,900,true,1.038673,0.912841,0.879169,0.947455
N20270105-S004,N20270105,2027-01-06T02:30:00Z,900,true,1.004900,0.912915,0.884448,0.914355
N20270105-S005,N20270105,2027-01-06T02:45:00Z,900,true,1.003754,0.915016,0.865978,0.916692
N20270105-S006,N20270105,2027-01-06T03:00:00Z,900,true,0.973564,0.905914,0.838684,0.956050
N20270105-S007,N20270105,2027-01-06T03:15:00Z,900,true,0.982879,0.912199,0.818226,0.919614
N20270105-S008,N20270105,2027-01-06T03:30:00Z,900,true,0.987836,0.920328,0.814169,0.930808
N20270105-S009,N20270105,2027-01-06T03:45:00Z,900,true,0.971510,0.913825,0.823630,0.995585
N20270105-S010,N20270105,2027-01-06T04:00:00Z,900,true,0.968159,0.921079,0.852139,0.948342
N20270105-S011,N20270105,2027-01-06T04:15:00Z,900,true,0.930785,0.901175,0.887705,0.997186
N20270105-S012,N20270105,2027-01-06T04:30:00Z,900,true,0.982550,0.900318,0.901684,0.952240
N20270105-S013,N20270105,2027-01-06T04:45:00Z,900,true,1.005356,0.918348,0.913147,0.962917
N20270105-S014,N20270105,2027-01-06T05:00:00Z,900,true,1.023048,0.886125,0.915878,0.907879
N20270105-S015,N20270105,2027-01-06T05:15:00Z,900,true,1.065566,0.879741,0.917236,0.901427
N20270105-S016,N20270105,2027-01-06T05:30:00Z,900,true,1.072612,0.867625,0.938882,0.954504
N20270105-S017,N20270105,2027-01-06T05:45:00Z,900,true,1.088639,0.861619,0.911286,0.998154
N20270105-S018,N20270105,2027-01-06T06:00:00Z,900,true,1.021958,0.871912,0.912615,0.978091
N20270105-S019,N20270105,2027-01-06T06:15:00Z,900,true,1.021561,0.866846,0.904702,0.900411
N20270105-S020,N20270105,2027-01-06T06:30:00Z,900,true,1.018266,0.871676,0.903141,0.947677
N20270105-S021,N20270105,2027-01-06T06:45:00Z,900,true,0.962743,0.862958,0.885180,0.935014
N20270105-S022,N20270105,2027-01-06T07:00:00Z,900,true,0.969002,0.893454,0.861293,0.911364
N20270105-S023,N20270105,2027-01-06T07:15:00Z,900,true,1.007580,0.889555,0.878514,0.915993
N20270105-S024,N20270105,2027-01-06T07:30:00Z,900,true,0.997174,0.890149,0.881811,0.991429
N20270105-S025,N20270105,2027-01-06T07:45:00Z,900,true,0.981408,0.901395,0.877674,0.972775
N20270105-S026,N20270105,2027-01-06T08:00:00Z,900,true,1.032138,0.910341,0.905203,0.957546
N20270105-S027,N20270105,2027-01-06T08:15:00Z,900,true,1.040177,0.911634,0.899584,0.907932
N20270105-S028,N20270105,2027-01-06T08:30:00Z,900,true,1.045149,0.919138,0.891884,0.985610
N20270105-S029,N20270105,2027-01-06T08:45:00Z,900,true,1.021337,0.905517,0.891322,0.950928
N20270105-S030,N20270105,2027-01-06T09:00:00Z,900,true,1.077714,0.895597,0.896554,0.983197
N20270105-S031,N20270105,2027-01-06T09:15:00Z,900,true,1.112614,0.909556,0.881807,0.935796
N20270105-S032,N20270105,2027-01-06T09:30:00Z,900,true,1.105932,0.920084,0.894025,0.966346
N20270105-S033,N20270105,2027-01-06T09:45:00Z,900,true,1.041120,0.921387,0.921930,0.911449
N20270105-S034,N20270105,2027-01-06T10:00:00Z,900,true,1.012526,0.920368,0.907476,0.982237
N20270105-S035,N20270105,2027-01-06T10:15:00Z,900,true,1.000771,0.886508,0.926861,0.935863
N20270105-S036,N20270105,2027-01-06T10:30:00Z,900,true,0.945447,0.880617,0.933225,0.963514
N20270105-S037,N20270105,2027-01-06T10:45:00Z,900,true,0.987950,0.894808,0.900752,0.950249
N20270105-S038,N20270105,2027-01-06T11:00:00Z,900,true,1.024778,0.905397,0.875612,0.988675
N20270105-S039,N20270105,2027-01-06T11:15:00Z,900,true,1.031568,0.888364,0.873053,0.949088
N20270105-S040,N20270105,2027-01-06T11:30:00Z,900,true,0.993605,0.870026,0.886779,0.925331
N20270105-S041,N20270105,2027-01-06T11:45:00Z,900,true,1.089076,0.867877,0.870941,0.921875
N20270105-S042,N20270105,2027-01-06T12:00:00Z,900,true,1.082139,0.873679,0.894277,0.903344
N20270105-S043,N20270105,2027-01-06T12:15:00Z,900,false,,,,
N20270105-S044,N20270105,2027-01-06T12:30:00Z,900,false,,,,
N20270105-S045,N20270105,2027-01-06T12:45:00Z,900,false,,,,
N20270105-S046,N20270105,2027-01-06T13:00:00Z,900,true,1.072178,0.908143,0.905188,0.957821
N20270105-S047,N20270105,2027-01-06T13:15:00Z,900,true,0.962883,0.914062,0.868796,0.974134
N20270106-S001,N20270106,2027-01-07T01:45:00Z,900,true,1.048662,0.866331,0.893732,0.977948
N20270106-S002,N20270106,2027-01-07T02:00:00Z,900,true,1.070641,0.872937,0.892521,0.946073
N20270106-S003,N20270106,2027-01-07T02:15:00Z,900,true,1.079368,0.875657,0.920168,0.990857
N20270106-S004,N20270106,2027-01-07T02:30:00Z,900,true,1.072072,0.865532,0.914858,0.988186
N20270106-S005,N20270106,2027-01-07T02:45:00Z,900,true,1.034482,0.873026,0.919426,0.911463
N20270106-S006,N20270106,2027-01-07T03:00:00Z,900,false,,,,
N20270106-S007,N20270106,2027-01-07T03:15:00Z,900,false,,,,
N20270106-S008,N20270106,2027-01-07T03:30:00Z,900,true,1.037041,0.856713,0.925289,0.976287
N20270106-S009,N20270106,2027-01-07T03:45:00Z,900,true,1.046684,0.843080,0.929076,0.911644
N20270106-S010,N20270106,2027-01-07T04:00:00Z,900,true,1.059326,0.846303,0.922886,0.985495
N20270106-S011,N20270106,2027-01-07T04:15:00Z,900,true,1.073795,0.858630,0.918462,0.909723
N20270106-S012,N20270106,2027-01-07T04:30:00Z,900,true,1.121265,0.874789,0.919247,0.962896
N20270106-S013,N20270106,2027-01-07T04:45:00Z,900,true,1.079700,0.871883,0.913655,0.956196
N20270106-S014,N20270106,2027-01-07T05:00:00Z,900,true,1.043760,0.879123,0.936038,0.979507
N20270106-S015,N20270106,2027-01-07T05:15:00Z,900,true,1.072819,0.885545,0.943903,0.988526
N20270106-S016,N20270106,2027-01-07T05:30:00Z,900,true,1.069373,0.876500,0.944764,0.922030
N20270106-S017,N20270106,2027-01-07T05:45:00Z,900,true,1.057306,0.864939,0.968839,0.931034
N20270106-S018,N20270106,2027-01-07T06:00:00Z,900,true,1.105216,0.873514,0.953324,0.944597
N20270106-S019,N20270106,2027-01-07T06:15:00Z,900,true,1.077313,0.890878,0.951745,0.905408
N20270106-S020,N20270106,2027-01-07T06:30:00Z,900,true,1.016982,0.883781,0.943672,0.971392
N20270106-S021,N20270106,2027-01-07T06:45:00Z,900,true,1.022883,0.904948,0.950084,0.917638
N20270106-S022,N20270106,2027-01-07T07:00:00Z,900,true,1.029071,0.909434,0.943055,0.959690
N20270106-S023,N20270106,2027-01-07T07:15:00Z,900,true,1.012061,0.906184,0.932131,0.984173
N20270106-S024,N20270106,2027-01-07T07:30:00Z,900,true,0.987516,0.910622,0.944379,0.938366
N20270106-S025,N20270106,2027-01-07T07:45:00Z,900,true,0.967841,0.917886,0.977318,0.922753
N20270106-S026,N20270106,2027-01-07T08:00:00Z,900,true,0.968408,0.935398,0.946530,0.951730
N20270106-S027,N20270106,2027-01-07T08:15:00Z,900,true,0.969617,0.911296,0.948900,0.998423
N20270106-S028,N20270106,2027-01-07T08:30:00Z,900,true,0.984860,0.911721,0.944789,0.933592
N20270106-S029,N20270106,2027-01-07T08:45:00Z,900,true,0.959296,0.910484,0.912355,0.910444
N20270106-S030,N20270106,2027-01-07T09:00:00Z,900,true,0.940357,0.902770,0.917635,0.995558
N20270106-S031,N20270106,2027-01-07T09:15:00Z,900,true,0.989849,0.906468,0.929346,0.940649
N20270106-S032,N20270106,2027-01-07T09:30:00Z,900,true,0.942419,0.927329,0.924275,0.936614
N20270106-S033,N20270106,2027-01-07T09:45:00Z,900,true,1.011845,0.925507,0.933591,0.980468
N20270106-S034,N20270106,2027-01-07T10:00:00Z,900,true,1.009766,0.929688,0.917371,0.905305
N20270106-S035,N20270106,2027-01-07T10:15:00Z,900,true,1.048948,0.924383,0.917498,0.914814
N20270106-S036,N20270106,2027-01-07T10:30:00Z,900,true,1.009809,0.926241,0.943652,0.994085
N20270106-S037,N20270106,2027-01-07T10:45:00Z,900,true,1.077674,0.914436,0.960770,0.926239
N20270106-S038,N20270106,2027-01-07T11:00:00Z,900,true,1.059633,0.904515,0.946023,0.995786
N20270106-S039,N20270106,2027-01-07T11:15:00Z,900,true,1.098947,0.885656,0.943688,0.953085
N20270106-S040,N20270106,2027-01-07T11:30:00Z,900,true,1.122757,0.875197,0.939974,0.958376
N20270106-S041,N20270106,2027-01-07T11:45:00Z,900,true,1.148782,0.867945,0.945088,0.934630
N20270106-S042,N20270106,2027-01-07T12:00:00Z,900,true,1.123540,0.876244,0.938350,0.928533
N20270106-S043,N20270106,2027-01-07T12:15:00Z,900,true,1.107423,0.886600,0.931515,0.997147
N20270106-S044,N20270106,2027-01-07T12:30:00Z,900,true,1.073148,0.866664,0.943670,0.989255
N20270106-S045,N20270106,2027-01-07T12:45:00Z,900,true,1.063496,0.858324,0.934921,0.990933
N20270106-S046,N20270106,2027-01-07T13:00:00Z,900,true,1.115148,0.859793,0.953170,0.968876
N20270106-S047,N20270106,2027-01-07T13:15:00Z,900,true,1.115971,0.845920,0.928054,0.992883
N20270107-S001,N20270107,2027-01-08T01:45:00Z,900,true,1.085530,0.915608,0.849772,0.996942
N20270107-S002,N20270107,2027-01-08T02:00:00Z,900,true,1.106538,0.937618,0.865094,0.988314
N20270107-S003,N20270107,2027-01-08T02:15:00Z,900,true,1.095029,0.937408,0.885637,0.904981
N20270107-S004,N20270107,2027-01-08T02:30:00Z,900,true,1.078543,0.916866,0.872580,0.960863
N20270107-S005,N20270107,2027-01-08T02:45:00Z,900,true,1.059192,0.904892,0.857056,0.905095
N20270107-S006,N20270107,2027-01-08T03:00:00Z,900,true,1.078680,0.916691,0.862211,0.944732
N20270107-S007,N20270107,2027-01-08T03:15:00Z,900,true,1.008014,0.912897,0.856537,0.903543
N20270107-S008,N20270107,2027-01-08T03:30:00Z,900,true,1.004572,0.913483,0.853917,0.943569
N20270107-S009,N20270107,2027-01-08T03:45:00Z,900,true,1.022732,0.917861,0.852332,0.900200
N20270107-S010,N20270107,2027-01-08T04:00:00Z,900,true,0.986963,0.909153,0.829422,0.959145
N20270107-S011,N20270107,2027-01-08T04:15:00Z,900,true,0.993008,0.911393,0.792503,0.913686
N20270107-S012,N20270107,2027-01-08T04:30:00Z,900,true,1.018708,0.930783,0.800568,0.948357
N20270107-S013,N20270107,2027-01-08T04:45:00Z,900,true,1.018568,0.932337,0.818720,0.993947
N20270107-S014,N20270107,2027-01-08T05:00:00Z,900,true,0.970033,0.936547,0.823333,0.961901
N20270107-S015,N20270107,2027-01-08T05:15:00Z,900,false,,,,
N20270107-S016,N20270107,2027-01-08T05:30:00Z,900,false,,,,
N20270107-S017,N20270107,2027-01-08T05:45:00Z,900,true,1.009066,0.926953,0.815267,0.993864
N20270107-S018,N20270107,2027-01-08T06:00:00Z,900,true,1.020478,0.923884,0.790848,0.958428
N20270107-S019,N20270107,2027-01-08T06:15:00Z,900,true,1.021152,0.927555,0.809043,0.950513
N20270107-S020,N20270107,2027-01-08T06:30:00Z,900,true,1.048790,0.906244,0.785660,0.943015
N20270107-S021,N20270107,2027-01-08T06:45:00Z,900,true,1.102617,0.924216,0.816808,0.986137
N20270107-S022,N20270107,2027-01-08T07:00:00Z,900,true,1.155213,0.927616,0.814949,0.955102
N20270107-S023,N20270107,2027-01-08T07:15:00Z,900,true,1.143275,0.931034,0.816093,0.928985
N20270107-S024,N20270107,2027-01-08T07:30:00Z,900,true,1.113050,0.947179,0.813587,0.960383
N20270107-S025,N20270107,2027-01-08T07:45:00Z,900,true,1.102982,0.967063,0.821865,0.965189
N20270107-S026,N20270107,2027-01-08T08:00:00Z,900,false,,,,
N20270107-S027,N20270107,2027-01-08T08:15:00Z,900,false,,,,
N20270107-S028,N20270107,2027-01-08T08:30:00Z,900,false,,,,
N20270107-S029,N20270107,2027-01-08T08:45:00Z,900,false,,,,
N20270107-S030,N20270107,2027-01-08T09:00:00Z,900,false,,,,
N20270107-S031,N20270107,2027-01-08T09:15:00Z,900,true,1.032165,0.937137,0.827298,0.947371
N20270107-S032,N20270107,2027-01-08T09:30:00Z,900,true,0.996599,0.934136,0.818643,0.908597
N20270107-S033,N20270107,2027-01-08T09:45:00Z,900,true,1.052520,0.947787,0.839319,0.954802
N20270107-S034,N20270107,2027-01-08T10:00:00Z,900,true,1.003327,0.955304,0.862000,0.996704
N20270107-S035,N20270107,2027-01-08T10:15:00Z,900,true,1.019210,0.961652,0.850021,0.997973
N20270107-S036,N20270107,2027-01-08T10:30:00Z,900,true,1.035352,0.958412,0.852297,0.984449
N20270107-S037,N20270107,2027-01-08T10:45:00Z,900,true,1.016624,0.956784,0.876173,0.974255
N20270107-S038,N20270107,2027-01-08T11:00:00Z,900,true,1.054644,0.944387,0.865208,0.944485
N20270107-S039,N20270107,2027-01-08T11:15:00Z,900,true,1.029472,0.960610,0.862013,0.905871
N20270107-S040,N20270107,2027-01-08T11:30:00Z,900,true,1.022818,0.938813,0.831150,0.985887
N20270107-S041,N20270107,2027-01-08T11:45:00Z,900,true,1.065200,0.936496,0.828148,0.983752
N20270107-S042,N20270107,2027-01-08T12:00:00Z,900,true,1.091961,0.920366,0.854804,0.996308
N20270107-S043,N20270107,2027-01-08T12:15:00Z,900,true,1.037622,0.916574,0.843321,0.987956
N20270107-S044,N20270107,2027-01-08T12:30:00Z,900,true,1.046449,0.910413,0.862071,0.940165
N20270107-S045,N20270107,2027-01-08T12:45:00Z,900,true,1.018624,0.909729,0.869323,0.992676
N20270107-S046,N20270107,2027-01-08T13:00:00Z,900,true,0.976078,0.910225,0.860788,0.923026
N20270107-S047,N20270107,2027-01-08T13:15:00Z,900,true,1.015748,0.906394,0.860733,0.938359
N20270108-S001,N20270108,2027-01-09T01:45:00Z,900,true,1.020724,0.934880,0.879470,0.925051
N20270108-S002,N20270108,2027-01-09T02:00:00Z,900,true,1.006654,0.941027,0.893531,0.905677
N20270108-S003,N20270108,2027-01-09T02:15:00Z,900,true,0.994177,0.944397,0.884357,0.920862
N20270108-S004,N20270108,2027-01-09T02:30:00Z,900,true,1.000929,0.972412,0.877593,0.918873
N20270108-S005,N20270108,2027-01-09T02:45:00Z,900,true,0.992639,0.966742,0.873181,0.963834
N20270108-S006,N20270108,2027-01-09T03:00:00Z,900,true,1.032630,0.984256,0.869700,0.979532
N20270108-S007,N20270108,2027-01-09T03:15:00Z,900,true,1.026099,0.980011,0.861918,0.988207
N20270108-S008,N20270108,2027-01-09T03:30:00Z,900,true,1.015899,0.991560,0.861688,0.945369
N20270108-S009,N20270108,2027-01-09T03:45:00Z,900,true,0.937887,0.997580,0.876529,0.982729
N20270108-S010,N20270108,2027-01-09T04:00:00Z,900,true,0.974632,0.999094,0.871424,0.958776
N20270108-S011,N20270108,2027-01-09T04:15:00Z,900,true,0.971456,1.000000,0.894538,0.937473
N20270108-S012,N20270108,2027-01-09T04:30:00Z,900,true,1.014687,1.000000,0.876397,0.988309
N20270108-S013,N20270108,2027-01-09T04:45:00Z,900,true,1.054204,0.997983,0.869210,0.916247
N20270108-S014,N20270108,2027-01-09T05:00:00Z,900,true,1.123359,1.000000,0.886741,0.975450
N20270108-S015,N20270108,2027-01-09T05:15:00Z,900,true,1.142501,0.992113,0.879816,0.955928
N20270108-S016,N20270108,2027-01-09T05:30:00Z,900,true,1.151734,0.970598,0.852441,0.913224
N20270108-S017,N20270108,2027-01-09T05:45:00Z,900,true,1.127087,0.957522,0.871910,0.920202
N20270108-S018,N20270108,2027-01-09T06:00:00Z,900,true,1.144017,0.954066,0.850311,0.990908
N20270108-S019,N20270108,2027-01-09T06:15:00Z,900,true,1.158837,0.952695,0.852695,0.967670
N20270108-S020,N20270108,2027-01-09T06:30:00Z,900,true,1.108219,0.955872,0.876824,0.963196
N20270108-S021,N20270108,2027-01-09T06:45:00Z,900,true,1.112535,0.972920,0.861751,0.933325
N20270108-S022,N20270108,2027-01-09T07:00:00Z,900,true,1.120794,0.970774,0.834631,0.992133
N20270108-S023,N20270108,2027-01-09T07:15:00Z,900,true,1.073319,0.962920,0.823373,0.919450
N20270108-S024,N20270108,2027-01-09T07:30:00Z,900,true,1.087718,0.971577,0.840525,0.961455
N20270108-S025,N20270108,2027-01-09T07:45:00Z,900,true,1.097682,0.957718,0.851272,0.969119
N20270108-S026,N20270108,2027-01-09T08:00:00Z,900,true,1.020436,0.951128,0.871934,0.941838
N20270108-S027,N20270108,2027-01-09T08:15:00Z,900,true,1.027852,0.972386,0.867944,0.970233
N20270108-S028,N20270108,2027-01-09T08:30:00Z,900,true,0.996558,0.970194,0.862980,0.979996
N20270108-S029,N20270108,2027-01-09T08:45:00Z,900,true,0.999189,0.981875,0.838548,0.926076
N20270108-S030,N20270108,2027-01-09T09:00:00Z,900,true,1.009090,0.986158,0.848793,0.968403
N20270108-S031,N20270108,2027-01-09T09:15:00Z,900,true,0.978625,0.980073,0.851003,0.902265
N20270108-S032,N20270108,2027-01-09T09:30:00Z,900,true,0.953540,0.980797,0.843645,0.924064
N20270108-S033,N20270108,2027-01-09T09:45:00Z,900,true,0.988695,0.982632,0.825633,0.942579
N20270108-S034,N20270108,2027-01-09T10:00:00Z,900,true,1.012712,0.972521,0.802224,0.990915
N20270108-S035,N20270108,2027-01-09T10:15:00Z,900,true,1.016929,0.980214,0.769974,0.990911
N20270108-S036,N20270108,2027-01-09T10:30:00Z,900,true,0.981722,0.973198,0.776931,0.978477
N20270108-S037,N20270108,2027-01-09T10:45:00Z,900,true,0.963119,0.961885,0.797960,0.999981
N20270108-S038,N20270108,2027-01-09T11:00:00Z,900,true,0.992120,0.971640,0.810638,0.929928
N20270108-S039,N20270108,2027-01-09T11:15:00Z,900,true,1.009107,0.961158,0.831214,0.925916
N20270108-S040,N20270108,2027-01-09T11:30:00Z,900,true,1.009492,0.942364,0.867210,0.970240
N20270108-S041,N20270108,2027-01-09T11:45:00Z,900,true,1.033000,0.950195,0.847943,0.969242
N20270108-S042,N20270108,2027-01-09T12:00:00Z,900,true,1.016457,0.943052,0.872117,0.940735
N20270108-S043,N20270108,2027-01-09T12:15:00Z,900,true,0.961626,0.928772,0.846558,0.900730
N20270108-S044,N20270108,2027-01-09T12:30:00Z,900,true,0.964324,0.938148,0.828978,0.964508
N20270108-S045,N20270108,2027-01-09T12:45:00Z,900,true,0.990918,0.928912,0.794184,0.910758
N20270108-S046,N20270108,2027-01-09T13:00:00Z,900,true,0.953917,0.919153,0.792883,0.958578
N20270108-S047,N20270108,2027-01-09T13:15:00Z,900,true,0.914854,0.923967,0.797311,0.981711
N20270109-S001,N20270109,2027-01-10T01:45:00Z,900,true,1.053307,0.907269,0.822044,0.928912
N20270109-S002,N20270109,2027-01-10T02:00:00Z,900,true,1.060479,0.912881,0.827852,0.967955
N20270109-S003,N20270109,2027-01-10T02:15:00Z,900,true,1.083467,0.927212,0.839846,0.972477
N20270109-S004,N20270109,2027-01-10T02:30:00Z,900,true,1.100607,0.917171,0.807596,0.981690
N20270109-S005,N20270109,2027-01-10T02:45:00Z,900,true,1.057328,0.920706,0.792057,0.939392
N20270109-S006,N20270109,2027-01-10T03:00:00Z,900,true,1.052727,0.901012,0.807475,0.929949
N20270109-S007,N20270109,2027-01-10T03:15:00Z,900,true,1.036742,0.887103,0.784397,0.949304
N20270109-S008,N20270109,2027-01-10T03:30:00Z,900,true,0.982044,0.884870,0.776822,0.947397
N20270109-S009,N20270109,2027-01-10T03:45:00Z,900,true,1.014674,0.898517,0.803359,0.985201
N20270109-S010,N20270109,2027-01-10T04:00:00Z,900,true,1.003913,0.878676,0.814421,0.929889
N20270109-S011,N20270109,2027-01-10T04:15:00Z,900,true,1.022001,0.895680,0.809670,0.933472
N20270109-S012,N20270109,2027-01-10T04:30:00Z,900,true,0.988763,0.891993,0.799510,0.936099
N20270109-S013,N20270109,2027-01-10T04:45:00Z,900,true,0.908167,0.909368,0.807519,0.950686
N20270109-S014,N20270109,2027-01-10T05:00:00Z,900,true,0.917861,0.904029,0.780951,0.995998
N20270109-S015,N20270109,2027-01-10T05:15:00Z,900,true,0.897225,0.891182,0.805814,0.989483
N20270109-S016,N20270109,2027-01-10T05:30:00Z,900,true,0.910981,0.914617,0.814138,0.970833
N20270109-S017,N20270109,2027-01-10T05:45:00Z,900,true,0.921929,0.908700,0.793921,0.966595
N20270109-S018,N20270109,2027-01-10T06:00:00Z,900,true,0.953677,0.912509,0.811923,0.949537
N20270109-S019,N20270109,2027-01-10T06:15:00Z,900,true,0.996310,0.899600,0.789084,0.921466
N20270109-S020,N20270109,2027-01-10T06:30:00Z,900,true,1.046147,0.902944,0.816166,0.927612
N20270109-S021,N20270109,2027-01-10T06:45:00Z,900,true,1.027847,0.907275,0.827824,0.918242
N20270109-S022,N20270109,2027-01-10T07:00:00Z,900,true,1.001616,0.905466,0.791810,0.908492
N20270109-S023,N20270109,2027-01-10T07:15:00Z,900,true,1.002573,0.908515,0.784755,0.947556
N20270109-S024,N20270109,2027-01-10T07:30:00Z,900,true,1.026862,0.919087,0.813720,0.941807
N20270109-S025,N20270109,2027-01-10T07:45:00Z,900,true,1.025882,0.917844,0.830183,0.986429
N20270109-S026,N20270109,2027-01-10T08:00:00Z,900,true,1.004105,0.912703,0.809703,0.907616
N20270109-S027,N20270109,2027-01-10T08:15:00Z,900,true,0.971507,0.916781,0.808612,0.983640
N20270109-S028,N20270109,2027-01-10T08:30:00Z,900,true,1.013685,0.928803,0.814314,0.924044
N20270109-S029,N20270109,2027-01-10T08:45:00Z,900,true,1.032728,0.947348,0.816365,0.980973
N20270109-S030,N20270109,2027-01-10T09:00:00Z,900,true,1.032956,0.942512,0.812600,0.924502
N20270109-S031,N20270109,2027-01-10T09:15:00Z,900,true,1.038788,0.932052,0.799943,0.953356
N20270109-S032,N20270109,2027-01-10T09:30:00Z,900,true,1.083543,0.929311,0.775507,0.955800
N20270109-S033,N20270109,2027-01-10T09:45:00Z,900,true,1.087183,0.921472,0.779107,0.931823
N20270109-S034,N20270109,2027-01-10T10:00:00Z,900,true,1.063957,0.919141,0.794312,0.908677
N20270109-S035,N20270109,2027-01-10T10:15:00Z,900,true,1.033705,0.905631,0.797043,0.984913
N20270109-S036,N20270109,2027-01-10T10:30:00Z,900,true,1.053411,0.904034,0.818550,0.955454
N20270109-S037,N20270109,2027-01-10T10:45:00Z,900,true,1.081070,0.904678,0.858844,0.979599
N20270109-S038,N20270109,2027-01-10T11:00:00Z,900,true,1.072259,0.902970,0.836861,0.932464
N20270109-S039,N20270109,2027-01-10T11:15:00Z,900,true,1.044495,0.901588,0.852297,0.955241
N20270109-S040,N20270109,2027-01-10T11:30:00Z,900,true,1.056001,0.911789,0.843021,0.904668
N20270109-S041,N20270109,2027-01-10T11:45:00Z,900,true,1.064943,0.905293,0.830281,0.946765
N20270109-S042,N20270109,2027-01-10T12:00:00Z,900,true,1.108915,0.897431,0.839520,0.923692
N20270109-S043,N20270109,2027-01-10T12:15:00Z,900,true,1.137870,0.903730,0.828016,0.922117
N20270109-S044,N20270109,2027-01-10T12:30:00Z,900,true,1.080491,0.934319,0.825433,0.960997
N20270109-S045,N20270109,2027-01-10T12:45:00Z,900,true,1.056463,0.924399,0.815975,0.989388
N20270109-S046,N20270109,2027-01-10T13:00:00Z,900,true,1.087387,0.920738,0.796629,0.965391
N20270109-S047,N20270109,2027-01-10T13:15:00Z,900,true,1.142763,0.920474,0.790013,0.969792
N20270110-S001,N20270110,2027-01-11T01:45:00Z,900,true,0.978599,0.836429,0.771672,0.934766
N20270110-S002,N20270110,2027-01-11T02:00:00Z,900,true,1.009348,0.841714,0.790454,0.947099
N20270110-S003,N20270110,2027-01-11T02:15:00Z,900,true,1.015499,0.855139,0.781959,0.980130
N20270110-S004,N20270110,2027-01-11T02:30:00Z,900,true,1.009483,0.864188,0.790811,0.985881
N20270110-S005,N20270110,2027-01-11T02:45:00Z,900,true,1.009244,0.867430,0.780323,0.958304
N20270110-S006,N20270110,2027-01-11T03:00:00Z,900,true,1.002561,0.870118,0.782911,0.993147
N20270110-S007,N20270110,2027-01-11T03:15:00Z,900,true,1.003780,0.866331,0.775352,0.914278
N20270110-S008,N20270110,2027-01-11T03:30:00Z,900,true,1.040941,0.846818,0.781145,0.937134
N20270110-S009,N20270110,2027-01-11T03:45:00Z,900,true,1.010260,0.854417,0.759752,0.982685
N20270110-S010,N20270110,2027-01-11T04:00:00Z,900,true,1.065337,0.841405,0.760039,0.951546
N20270110-S011,N20270110,2027-01-11T04:15:00Z,900,true,1.074907,0.832332,0.745386,0.977534
N20270110-S012,N20270110,2027-01-11T04:30:00Z,900,true,1.032816,0.846755,0.756842,0.995128
N20270110-S013,N20270110,2027-01-11T04:45:00Z,900,true,1.000884,0.825762,0.752741,0.930014
N20270110-S014,N20270110,2027-01-11T05:00:00Z,900,true,0.922551,0.831615,0.752981,0.935295
N20270110-S015,N20270110,2027-01-11T05:15:00Z,900,true,0.917014,0.816318,0.734174,0.994293
N20270110-S016,N20270110,2027-01-11T05:30:00Z,900,true,0.830030,0.812037,0.730181,0.940791
N20270110-S017,N20270110,2027-01-11T05:45:00Z,900,true,0.834807,0.801392,0.718681,0.910214
N20270110-S018,N20270110,2027-01-11T06:00:00Z,900,true,0.827433,0.786465,0.698186,0.915583
N20270110-S019,N20270110,2027-01-11T06:15:00Z,900,true,0.815201,0.802191,0.716278,0.951398
N20270110-S020,N20270110,2027-01-11T06:30:00Z,900,true,0.863739,0.815008,0.731911,0.990923
N20270110-S021,N20270110,2027-01-11T06:45:00Z,900,true,0.950956,0.812755,0.735408,0.968669
N20270110-S022,N20270110,2027-01-11T07:00:00Z,900,true,0.963834,0.829416,0.765557,0.906471
N20270110-S023,N20270110,2027-01-11T07:15:00Z,900,true,0.960016,0.821954,0.794247,0.980694
N20270110-S024,N20270110,2027-01-11T07:30:00Z,900,true,0.942533,0.836018,0.759105,0.932776
N20270110-S025,N20270110,2027-01-11T07:45:00Z,900,true,0.994573,0.832673,0.776325,0.923108
N20270110-S026,N20270110,2027-01-11T08:00:00Z,900,true,0.968862,0.844451,0.768676,0.946013
N20270110-S027,N20270110,2027-01-11T08:15:00Z,900,true,0.948738,0.839871,0.774241,0.988668
N20270110-S028,N20270110,2027-01-11T08:30:00Z,900,true,0.952127,0.852301,0.779442,0.919915
N20270110-S029,N20270110,2027-01-11T08:45:00Z,900,true,0.950554,0.852317,0.781945,0.943817
N20270110-S030,N20270110,2027-01-11T09:00:00Z,900,true,0.948075,0.850526,0.779551,0.903393
N20270110-S031,N20270110,2027-01-11T09:15:00Z,900,true,0.997592,0.863920,0.763477,0.997478
N20270110-S032,N20270110,2027-01-11T09:30:00Z,900,true,1.037181,0.849091,0.778867,0.951192
N20270110-S033,N20270110,2027-01-11T09:45:00Z,900,true,1.057975,0.830560,0.792879,0.975837
N20270110-S034,N20270110,2027-01-11T10:00:00Z,900,true,1.042755,0.842288,0.812511,0.985617
N20270110-S035,N20270110,2027-01-11T10:15:00Z,900,true,1.005019,0.823909,0.816948,0.987543
N20270110-S036,N20270110,2027-01-11T10:30:00Z,900,true,1.039823,0.818855,0.799906,0.907054
N20270110-S037,N20270110,2027-01-11T10:45:00Z,900,true,1.011788,0.826938,0.805163,0.976785
N20270110-S038,N20270110,2027-01-11T11:00:00Z,900,true,0.997022,0.823061,0.805800,0.933075
N20270110-S039,N20270110,2027-01-11T11:15:00Z,900,true,0.986530,0.814465,0.810526,0.933803
N20270110-S040,N20270110,2027-01-11T11:30:00Z,900,true,0.987996,0.833601,0.797625,0.981618
N20270110-S041,N20270110,2027-01-11T11:45:00Z,900,true,1.054764,0.822941,0.787081,0.949874
N20270110-S042,N20270110,2027-01-11T12:00:00Z,900,true,1.031860,0.842804,0.786644,0.984400
N20270110-S043,N20270110,2027-01-11T12:15:00Z,900,true,1.030225,0.842265,0.789541,0.902757
N20270110-S044,N20270110,2027-01-11T12:30:00Z,900,true,1.012224,0.839245,0.771114,0.987869
N20270110-S045,N20270110,2027-01-11T12:45:00Z,900,true,0.974041,0.870458,0.750827,0.991083
N20270110-S046,N20270110,2027-01-11T13:00:00Z,900,true,0.980842,0.873742,0.772329,0.965938
N20270110-S047,N20270110,2027-01-11T13:15:00Z,900,true,0.963141,0.856184,0.762894,0.977737
N20270111-S001,N20270111,2027-01-12T01:45:00Z,900,true,1.085862,0.794183,0.779383,0.917108
N20270111-S002,N20270111,2027-01-12T02:00:00Z,900,true,1.070254,0.803620,0.774817,0.908868
N20270111-S003,N20270111,2027-01-12T02:15:00Z,900,true,1.022723,0.791602,0.760953,0.948916
N20270111-S004,N20270111,2027-01-12T02:30:00Z,900,true,0.987189,0.785891,0.734071,0.954115
N20270111-S005,N20270111,2027-01-12T02:45:00Z,900,true,0.966482,0.794234,0.746253,0.977983
N20270111-S006,N20270111,2027-01-12T03:00:00Z,900,true,0.968393,0.777836,0.728088,0.959123
N20270111-S007,N20270111,2027-01-12T03:15:00Z,900,true,1.012154,0.763952,0.747256,0.936014
N20270111-S008,N20270111,2027-01-12T03:30:00Z,900,true,1.067632,0.774330,0.763342,0.969334
N20270111-S009,N20270111,2027-01-12T03:45:00Z,900,true,1.079347,0.771259,0.794941,0.902532
N20270111-S010,N20270111,2027-01-12T04:00:00Z,900,true,1.085602,0.775540,0.791659,0.919401
N20270111-S011,N20270111,2027-01-12T04:15:00Z,900,true,1.049063,0.799995,0.816068,0.965411
N20270111-S012,N20270111,2027-01-12T04:30:00Z,900,true,1.074707,0.801172,0.816043,0.917385
N20270111-S013,N20270111,2027-01-12T04:45:00Z,900,true,1.043487,0.809751,0.787199,0.910984
N20270111-S014,N20270111,2027-01-12T05:00:00Z,900,true,1.079664,0.797553,0.801701,0.975473
N20270111-S015,N20270111,2027-01-12T05:15:00Z,900,true,1.093028,0.812773,0.779210,0.969637
N20270111-S016,N20270111,2027-01-12T05:30:00Z,900,true,1.085691,0.802420,0.778983,0.973746
N20270111-S017,N20270111,2027-01-12T05:45:00Z,900,true,1.084031,0.787867,0.790775,0.936486
N20270111-S018,N20270111,2027-01-12T06:00:00Z,900,true,1.111368,0.801100,0.786592,0.967422
N20270111-S019,N20270111,2027-01-12T06:15:00Z,900,true,1.154147,0.801318,0.813443,0.963780
N20270111-S020,N20270111,2027-01-12T06:30:00Z,900,true,1.184769,0.779547,0.819131,0.927326
N20270111-S021,N20270111,2027-01-12T06:45:00Z,900,true,1.204822,0.786643,0.836659,0.915634
N20270111-S022,N20270111,2027-01-12T07:00:00Z,900,true,1.165384,0.803344,0.809698,0.942020
N20270111-S023,N20270111,2027-01-12T07:15:00Z,900,true,1.180516,0.799305,0.799414,0.941033
N20270111-S024,N20270111,2027-01-12T07:30:00Z,900,true,1.138769,0.800290,0.784230,0.974759
N20270111-S025,N20270111,2027-01-12T07:45:00Z,900,true,1.141168,0.800496,0.738117,0.946368
N20270111-S026,N20270111,2027-01-12T08:00:00Z,900,true,1.094810,0.824568,0.757564,0.934108
N20270111-S027,N20270111,2027-01-12T08:15:00Z,900,true,1.105325,0.832735,0.757773,0.931844
N20270111-S028,N20270111,2027-01-12T08:30:00Z,900,true,1.074917,0.831701,0.771393,0.970832
N20270111-S029,N20270111,2027-01-12T08:45:00Z,900,true,1.109879,0.827029,0.787729,0.980721
N20270111-S030,N20270111,2027-01-12T09:00:00Z,900,true,1.071516,0.839486,0.810840,0.997528
N20270111-S031,N20270111,2027-01-12T09:15:00Z,900,true,1.122762,0.854186,0.803122,0.942216
N20270111-S032,N20270111,2027-01-12T09:30:00Z,900,true,1.131906,0.832091,0.817133,0.966574
N20270111-S033,N20270111,2027-01-12T09:45:00Z,900,true,1.114444,0.821270,0.833744,0.918085
N20270111-S034,N20270111,2027-01-12T10:00:00Z,900,true,1.069724,0.808600,0.829656,0.903152
N20270111-S035,N20270111,2027-01-12T10:15:00Z,900,true,1.050991,0.790917,0.839126,0.961181
N20270111-S036,N20270111,2027-01-12T10:30:00Z,900,true,1.107100,0.798014,0.798615,0.930972
N20270111-S037,N20270111,2027-01-12T10:45:00Z,900,true,1.108484,0.790918,0.790887,0.973916
N20270111-S038,N20270111,2027-01-12T11:00:00Z,900,true,1.152302,0.789584,0.791481,0.960567
N20270111-S039,N20270111,2027-01-12T11:15:00Z,900,true,1.123087,0.778575,0.804664,0.985568
N20270111-S040,N20270111,2027-01-12T11:30:00Z,900,true,1.104993,0.772836,0.759416,0.979299
N20270111-S041,N20270111,2027-01-12T11:45:00Z,900,true,1.129911,0.775130,0.784672,0.979735
N20270111-S042,N20270111,2027-01-12T12:00:00Z,900,true,1.168222,0.792624,0.812359,0.968170
N20270111-S043,N20270111,2027-01-12T12:15:00Z,900,true,1.131968,0.793656,0.781138,0.934486
N20270111-S044,N20270111,2027-01-12T12:30:00Z,900,true,1.088976,0.787647,0.779355,0.903936
N20270111-S045,N20270111,2027-01-12T12:45:00Z,900,true,1.084284,0.777259,0.790689,0.903534
N20270111-S046,N20270111,2027-01-12T13:00:00Z,900,true,1.032688,0.785252,0.805815,0.968569
N20270111-S047,N20270111,2027-01-12T13:15:00Z,900,true,0.975193,0.775122,0.786148,0.930489
N20270112-S001,N20270112,2027-01-13T01:45:00Z,900,true,1.294520,0.772555,0.774872,0.967878
N20270112-S002,N20270112,2027-01-13T02:00:00Z,900,true,1.292149,0.778782,0.762767,0.982567
N20270112-S003,N20270112,2027-01-13T02:15:00Z,900,true,1.388168,0.777398,0.742988,0.959704
N20270112-S004,N20270112,2027-01-13T02:30:00Z,900,true,1.388282,0.781607,0.759740,0.999672
N20270112-S005,N20270112,2027-01-13T02:45:00Z,900,true,1.293695,0.776515,0.717951,0.966864
N20270112-S006,N20270112,2027-01-13T03:00:00Z,900,true,1.304768,0.763757,0.735583,0.918010
N20270112-S007,N20270112,2027-01-13T03:15:00Z,900,true,1.295451,0.771694,0.703913,0.967811
N20270112-S008,N20270112,2027-01-13T03:30:00Z,900,true,1.312924,0.767384,0.751789,0.990757
N20270112-S009,N20270112,2027-01-13T03:45:00Z,900,false,,,,
N20270112-S010,N20270112,2027-01-13T04:00:00Z,900,false,,,,
N20270112-S011,N20270112,2027-01-13T04:15:00Z,900,false,,,,
N20270112-S012,N20270112,2027-01-13T04:30:00Z,900,false,,,,
N20270112-S013,N20270112,2027-01-13T04:45:00Z,900,false,,,,
N20270112-S014,N20270112,2027-01-13T05:00:00Z,900,false,,,,
N20270112-S015,N20270112,2027-01-13T05:15:00Z,900,false,,,,
N20270112-S016,N20270112,2027-01-13T05:30:00Z,900,false,,,,
N20270112-S017,N20270112,2027-01-13T05:45:00Z,900,false,,,,
N20270112-S018,N20270112,2027-01-13T06:00:00Z,900,false,,,,
N20270112-S019,N20270112,2027-01-13T06:15:00Z,900,false,,,,
N20270112-S020,N20270112,2027-01-13T06:30:00Z,900,false,,,,
N20270112-S021,N20270112,2027-01-13T06:45:00Z,900,false,,,,
N20270112-S022,N20270112,2027-01-13T07:00:00Z,900,false,,,,
N20270112-S023,N20270112,2027-01-13T07:15:00Z,900,false,,,,
N20270112-S024,N20270112,2027-01-13T07:30:00Z,900,false,,,,
N20270112-S025,N20270112,2027-01-13T07:45:00Z,900,false,,,,
N20270112-S026,N20270112,2027-01-13T08:00:00Z,900,false,,,,
N20270112-S027,N20270112,2027-01-13T08:15:00Z,900,false,,,,
N20270112-S028,N20270112,2027-01-13T08:30:00Z,900,false,,,,
N20270112-S029,N20270112,2027-01-13T08:45:00Z,900,false,,,,
N20270112-S030,N20270112,2027-01-13T09:00:00Z,900,false,,,,
N20270112-S031,N20270112,2027-01-13T09:15:00Z,900,false,,,,
N20270112-S032,N20270112,2027-01-13T09:30:00Z,900,false,,,,
N20270112-S033,N20270112,2027-01-13T09:45:00Z,900,false,,,,
N20270112-S034,N20270112,2027-01-13T10:00:00Z,900,false,,,,
N20270112-S035,N20270112,2027-01-13T10:15:00Z,900,false,,,,
N20270112-S036,N20270112,2027-01-13T10:30:00Z,900,false,,,,
N20270112-S037,N20270112,2027-01-13T10:45:00Z,900,false,,,,
N20270112-S038,N20270112,2027-01-13T11:00:00Z,900,false,,,,
N20270112-S039,N20270112,2027-01-13T11:15:00Z,900,false,,,,
N20270112-S040,N20270112,2027-01-13T11:30:00Z,900,true,1.256884,0.731806,0.821390,0.959459
N20270112-S041,N20270112,2027-01-13T11:45:00Z,900,true,1.278562,0.752372,0.833572,0.925965
N20270112-S042,N20270112,2027-01-13T12:00:00Z,900,true,1.194218,0.749328,0.840078,0.997435
N20270112-S043,N20270112,2027-01-13T12:15:00Z,900,true,1.203692,0.732937,0.845062,0.920943
N20270112-S044,N20270112,2027-01-13T12:30:00Z,900,true,1.172477,0.739679,0.846600,0.965551
N20270112-S045,N20270112,2027-01-13T12:45:00Z,900,true,1.265064,0.704904,0.847227,0.944408
N20270112-S046,N20270112,2027-01-13T13:00:00Z,900,true,1.271694,0.724639,0.863777,0.948102
N20270112-S047,N20270112,2027-01-13T13:15:00Z,900,true,1.293182,0.723422,0.858198,0.957093
N20270113-S001,N20270113,2027-01-14T01:45:00Z,900,true,1.190273,0.830256,0.786350,0.923283
N20270113-S002,N20270113,2027-01-14T02:00:00Z,900,true,1.198222,0.846929,0.776568,0.949856
N20270113-S003,N20270113,2027-01-14T02:15:00Z,900,true,1.222695,0.855910,0.765077,0.912765
N20270113-S004,N20270113,2027-01-14T02:30:00Z,900,true,1.258032,0.830798,0.742299,0.900390
N20270113-S005,N20270113,2027-01-14T02:45:00Z,900,true,1.276624,0.824886,0.737774,0.961886
N20270113-S006,N20270113,2027-01-14T03:00:00Z,900,true,1.253674,0.816664,0.741619,0.910198
N20270113-S007,N20270113,2027-01-14T03:15:00Z,900,true,1.227011,0.821874,0.764506,0.964214
N20270113-S008,N20270113,2027-01-14T03:30:00Z,900,true,1.158483,0.822351,0.743238,0.993389
N20270113-S009,N20270113,2027-01-14T03:45:00Z,900,true,1.112796,0.835213,0.763840,0.986793
N20270113-S010,N20270113,2027-01-14T04:00:00Z,900,true,1.091778,0.832949,0.748546,0.944636
N20270113-S011,N20270113,2027-01-14T04:15:00Z,900,true,1.092104,0.822423,0.758564,0.923327
N20270113-S012,N20270113,2027-01-14T04:30:00Z,900,true,1.133189,0.813428,0.783602,0.959845
N20270113-S013,N20270113,2027-01-14T04:45:00Z,900,true,1.075205,0.803488,0.778285,0.999673
N20270113-S014,N20270113,2027-01-14T05:00:00Z,900,true,1.082063,0.796316,0.778634,0.905035
N20270113-S015,N20270113,2027-01-14T05:15:00Z,900,true,1.043865,0.811813,0.757612,0.912638
N20270113-S016,N20270113,2027-01-14T05:30:00Z,900,true,1.066090,0.818654,0.728403,0.902391
N20270113-S017,N20270113,2027-01-14T05:45:00Z,900,true,1.056159,0.798045,0.690531,0.969982
N20270113-S018,N20270113,2027-01-14T06:00:00Z,900,true,1.028487,0.800610,0.672321,0.960457
N20270113-S019,N20270113,2027-01-14T06:15:00Z,900,true,1.063677,0.813565,0.660706,0.966786
N20270113-S020,N20270113,2027-01-14T06:30:00Z,900,true,1.114060,0.815655,0.673838,0.912664
N20270113-S021,N20270113,2027-01-14T06:45:00Z,900,true,1.109426,0.817845,0.696938,0.954727
N20270113-S022,N20270113,2027-01-14T07:00:00Z,900,true,1.146092,0.823950,0.682574,0.959646
N20270113-S023,N20270113,2027-01-14T07:15:00Z,900,true,1.148943,0.785625,0.692287,0.902078
N20270113-S024,N20270113,2027-01-14T07:30:00Z,900,true,1.197449,0.782831,0.714512,0.939184
N20270113-S025,N20270113,2027-01-14T07:45:00Z,900,true,1.175433,0.783477,0.718182,0.987233
N20270113-S026,N20270113,2027-01-14T08:00:00Z,900,true,1.155737,0.777889,0.747921,0.932989
N20270113-S027,N20270113,2027-01-14T08:15:00Z,900,true,1.129548,0.786206,0.726793,0.932229
N20270113-S028,N20270113,2027-01-14T08:30:00Z,900,true,1.194815,0.781215,0.709508,0.979117
N20270113-S029,N20270113,2027-01-14T08:45:00Z,900,true,1.215674,0.780037,0.706933,0.901935
N20270113-S030,N20270113,2027-01-14T09:00:00Z,900,true,1.195237,0.767969,0.704389,0.978104
N20270113-S031,N20270113,2027-01-14T09:15:00Z,900,true,1.162858,0.784951,0.680691,0.986302
N20270113-S032,N20270113,2027-01-14T09:30:00Z,900,true,1.240996,0.794934,0.694287,0.989380
N20270113-S033,N20270113,2027-01-14T09:45:00Z,900,true,1.208212,0.812721,0.673553,0.924301
N20270113-S034,N20270113,2027-01-14T10:00:00Z,900,true,1.217927,0.801032,0.702491,0.946109
N20270113-S035,N20270113,2027-01-14T10:15:00Z,900,true,1.166632,0.809547,0.713126,0.933820
N20270113-S036,N20270113,2027-01-14T10:30:00Z,900,true,1.127164,0.822046,0.747232,0.969573
N20270113-S037,N20270113,2027-01-14T10:45:00Z,900,true,1.175382,0.802998,0.720790,0.991145
N20270113-S038,N20270113,2027-01-14T11:00:00Z,900,true,1.146986,0.808884,0.737374,0.976336
N20270113-S039,N20270113,2027-01-14T11:15:00Z,900,true,1.161134,0.806275,0.735550,0.962433
N20270113-S040,N20270113,2027-01-14T11:30:00Z,900,true,1.199669,0.812017,0.744510,0.921220
N20270113-S041,N20270113,2027-01-14T11:45:00Z,900,true,1.181771,0.803675,0.750218,0.968489
N20270113-S042,N20270113,2027-01-14T12:00:00Z,900,true,1.195409,0.807966,0.748672,0.973760
N20270113-S043,N20270113,2027-01-14T12:15:00Z,900,true,1.198627,0.818654,0.755935,0.927195
N20270113-S044,N20270113,2027-01-14T12:30:00Z,900,true,1.166127,0.823505,0.748090,0.958789
N20270113-S045,N20270113,2027-01-14T12:45:00Z,900,true,1.175791,0.820690,0.750403,0.972206
N20270113-S046,N20270113,2027-01-14T13:00:00Z,900,true,1.204513,0.811352,0.756495,0.917763
N20270113-S047,N20270113,2027-01-14T13:15:00Z,900,true,1.218903,0.828256,0.763371,0.950440
N20270114-S001,N20270114,2027-01-15T01:45:00Z,900,true,1.192771,0.853956,0.857142,0.995308
N20270114-S002,N20270114,2027-01-15T02:00:00Z,900,true,1.150309,0.836546,0.852720,0.978377
N20270114-S003,N20270114,2027-01-15T02:15:00Z,900,true,1.121123,0.841528,0.840104,0.927977
N20270114-S004,N20270114,2027-01-15T02:30:00Z,900,true,1.162516,0.846744,0.843678,0.944099
N20270114-S005,N20270114,2027-01-15T02:45:00Z,900,true,1.169285,0.850305,0.848683,0.970324
N20270114-S006,N20270114,2027-01-15T03:00:00Z,900,true,1.155228,0.843460,0.847898,0.912241
N20270114-S007,N20270114,2027-01-15T03:15:00Z,900,true,1.091462,0.836468,0.860488,0.915128
N20270114-S008,N20270114,2027-01-15T03:30:00Z,900,true,1.090943,0.832877,0.859753,0.997375
N20270114-S009,N20270114,2027-01-15T03:45:00Z,900,true,1.112323,0.857636,0.883042,0.949197
N20270114-S010,N20270114,2027-01-15T04:00:00Z,900,true,1.150036,0.856308,0.877772,0.958407
N20270114-S011,N20270114,2027-01-15T04:15:00Z,900,true,1.173697,0.854931,0.869930,0.929796
N20270114-S012,N20270114,2027-01-15T04:30:00Z,900,true,1.173037,0.854978,0.868977,0.989481
N20270114-S013,N20270114,2027-01-15T04:45:00Z,900,true,1.163364,0.848381,0.824163,0.991477
N20270114-S014,N20270114,2027-01-15T05:00:00Z,900,true,1.148589,0.846727,0.849697,0.927583
N20270114-S015,N20270114,2027-01-15T05:15:00Z,900,true,1.156540,0.848285,0.851318,0.979540
N20270114-S016,N20270114,2027-01-15T05:30:00Z,900,true,1.119699,0.828695,0.872167,0.912215
N20270114-S017,N20270114,2027-01-15T05:45:00Z,900,true,1.075190,0.841499,0.867164,0.938508
N20270114-S018,N20270114,2027-01-15T06:00:00Z,900,true,1.091777,0.854316,0.863678,0.991679
N20270114-S019,N20270114,2027-01-15T06:15:00Z,900,true,1.162559,0.852150,0.840821,0.923765
N20270114-S020,N20270114,2027-01-15T06:30:00Z,900,true,1.165197,0.834718,0.844403,0.920072
N20270114-S021,N20270114,2027-01-15T06:45:00Z,900,true,1.185452,0.828737,0.829704,0.905672
N20270114-S022,N20270114,2027-01-15T07:00:00Z,900,true,1.117666,0.818871,0.797508,0.933388
N20270114-S023,N20270114,2027-01-15T07:15:00Z,900,true,1.168656,0.824143,0.799077,0.956621
N20270114-S024,N20270114,2027-01-15T07:30:00Z,900,false,,,,
N20270114-S025,N20270114,2027-01-15T07:45:00Z,900,true,1.179082,0.818266,0.824568,0.926879
N20270114-S026,N20270114,2027-01-15T08:00:00Z,900,true,1.119163,0.804424,0.844568,0.910541
N20270114-S027,N20270114,2027-01-15T08:15:00Z,900,true,1.137667,0.802823,0.874890,0.997551
N20270114-S028,N20270114,2027-01-15T08:30:00Z,900,true,1.130241,0.798138,0.866822,0.988579
N20270114-S029,N20270114,2027-01-15T08:45:00Z,900,true,1.176924,0.802567,0.862093,0.909978
N20270114-S030,N20270114,2027-01-15T09:00:00Z,900,true,1.142094,0.792130,0.847619,0.998531
N20270114-S031,N20270114,2027-01-15T09:15:00Z,900,true,1.168190,0.792597,0.826834,0.998116
N20270114-S032,N20270114,2027-01-15T09:30:00Z,900,true,1.194784,0.785243,0.839147,0.941480
N20270114-S033,N20270114,2027-01-15T09:45:00Z,900,true,1.204227,0.787745,0.835252,0.935016
N20270114-S034,N20270114,2027-01-15T10:00:00Z,900,true,1.182980,0.797428,0.874855,0.944061
N20270114-S035,N20270114,2027-01-15T10:15:00Z,900,true,1.193926,0.797018,0.862929,0.932133
N20270114-S036,N20270114,2027-01-15T10:30:00Z,900,true,1.192129,0.795523,0.881320,0.986877
N20270114-S037,N20270114,2027-01-15T10:45:00Z,900,true,1.206929,0.809581,0.898481,0.964302
N20270114-S038,N20270114,2027-01-15T11:00:00Z,900,true,1.202632,0.824395,0.883520,0.963363
N20270114-S039,N20270114,2027-01-15T11:15:00Z,900,true,1.202503,0.846845,0.901082,0.919024
N20270114-S040,N20270114,2027-01-15T11:30:00Z,900,true,1.161865,0.854605,0.920150,0.998351
N20270114-S041,N20270114,2027-01-15T11:45:00Z,900,true,1.161270,0.853682,0.893927,0.915934
N20270114-S042,N20270114,2027-01-15T12:00:00Z,900,true,1.206166,0.844616,0.856136,0.965086
N20270114-S043,N20270114,2027-01-15T12:15:00Z,900,true,1.231803,0.837836,0.859923,0.971762
N20270114-S044,N20270114,2027-01-15T12:30:00Z,900,true,1.262238,0.845845,0.858788,0.951230
N20270114-S045,N20270114,2027-01-15T12:45:00Z,900,true,1.313499,0.842121,0.842837,0.974191
N20270114-S046,N20270114,2027-01-15T13:00:00Z,900,true,1.307533,0.851478,0.851825,0.903295
N20270114-S047,N20270114,2027-01-15T13:15:00Z,900,true,1.287419,0.856445,0.848484,0.972416
N20270115-S001,N20270115,2027-01-16T01:45:00Z,900,true,0.919427,0.871718,0.765207,0.996949
N20270115-S002,N20270115,2027-01-16T02:00:00Z,900,true,0.916965,0.873384,0.731587,0.920421
N20270115-S003,N20270115,2027-01-16T02:15:00Z,900,true,0.873715,0.878213,0.770300,0.938609
N20270115-S004,N20270115,2027-01-16T02:30:00Z,900,true,0.939121,0.874236,0.782107,0.949739
N20270115-S005,N20270115,2027-01-16T02:45:00Z,900,true,0.937381,0.867834,0.784453,0.904787
N20270115-S006,N20270115,2027-01-16T03:00:00Z,900,true,0.875190,0.876585,0.814047,0.968889
N20270115-S007,N20270115,2027-01-16T03:15:00Z,900,true,0.885497,0.871793,0.789045,0.930339
N20270115-S008,N20270115,2027-01-16T03:30:00Z,900,true,0.915636,0.907704,0.775775,0.990226
N20270115-S009,N20270115,2027-01-16T03:45:00Z,900,true,0.895655,0.908678,0.766408,0.983750
N20270115-S010,N20270115,2027-01-16T04:00:00Z,900,true,0.881276,0.913403,0.760808,0.933038
N20270115-S011,N20270115,2027-01-16T04:15:00Z,900,true,0.932552,0.928987,0.801291,0.950325
N20270115-S012,N20270115,2027-01-16T04:30:00Z,900,true,0.947174,0.939421,0.799835,0.982551
N20270115-S013,N20270115,2027-01-16T04:45:00Z,900,true,0.973330,0.957228,0.800748,0.958764
N20270115-S014,N20270115,2027-01-16T05:00:00Z,900,true,0.963286,0.931836,0.796303,0.907960
N20270115-S015,N20270115,2027-01-16T05:15:00Z,900,true,0.950605,0.927927,0.774744,0.957183
N20270115-S016,N20270115,2027-01-16T05:30:00Z,900,true,0.971349,0.921407,0.784919,0.922431
N20270115-S017,N20270115,2027-01-16T05:45:00Z,900,true,1.010081,0.918158,0.760498,0.903412
N20270115-S018,N20270115,2027-01-16T06:00:00Z,900,true,0.973428,0.909587,0.787225,0.930638
N20270115-S019,N20270115,2027-01-16T06:15:00Z,900,true,0.987999,0.890975,0.755770,0.984932
N20270115-S020,N20270115,2027-01-16T06:30:00Z,900,true,0.979567,0.870479,0.769172,0.957159
N20270115-S021,N20270115,2027-01-16T06:45:00Z,900,true,0.968882,0.873947,0.751810,0.926991
N20270115-S022,N20270115,2027-01-16T07:00:00Z,900,true,1.021985,0.857217,0.782722,0.927021
N20270115-S023,N20270115,2027-01-16T07:15:00Z,900,true,1.062232,0.857086,0.752191,0.989587
N20270115-S024,N20270115,2027-01-16T07:30:00Z,900,true,1.029919,0.868492,0.749409,0.922347
N20270115-S025,N20270115,2027-01-16T07:45:00Z,900,true,1.043887,0.863563,0.774442,0.953738
N20270115-S026,N20270115,2027-01-16T08:00:00Z,900,true,1.026369,0.854765,0.803078,0.980520
N20270115-S027,N20270115,2027-01-16T08:15:00Z,900,true,0.978938,0.871969,0.806569,0.951976
N20270115-S028,N20270115,2027-01-16T08:30:00Z,900,true,0.991391,0.890353,0.823168,0.978279
N20270115-S029,N20270115,2027-01-16T08:45:00Z,900,true,1.025017,0.885970,0.842665,0.956549
N20270115-S030,N20270115,2027-01-16T09:00:00Z,900,true,1.005224,0.900021,0.819360,0.947805
N20270115-S031,N20270115,2027-01-16T09:15:00Z,900,true,1.023089,0.906053,0.818694,0.952476
N20270115-S032,N20270115,2027-01-16T09:30:00Z,900,true,1.005885,0.913576,0.811341,0.913702
N20270115-S033,N20270115,2027-01-16T09:45:00Z,900,true,0.979969,0.929035,0.794798,0.953567
N20270115-S034,N20270115,2027-01-16T10:00:00Z,900,true,0.972899,0.911927,0.786289,0.950594
N20270115-S035,N20270115,2027-01-16T10:15:00Z,900,true,0.957693,0.874717,0.772988,0.914407
N20270115-S036,N20270115,2027-01-16T10:30:00Z,900,true,0.960984,0.891682,0.791793,0.985301
N20270115-S037,N20270115,2027-01-16T10:45:00Z,900,true,0.937162,0.870183,0.796397,0.955282
N20270115-S038,N20270115,2027-01-16T11:00:00Z,900,true,0.896848,0.872214,0.769200,0.929858
N20270115-S039,N20270115,2027-01-16T11:15:00Z,900,true,0.923270,0.880874,0.777032,0.991898
N20270115-S040,N20270115,2027-01-16T11:30:00Z,900,true,0.921282,0.878906,0.766113,0.969723
N20270115-S041,N20270115,2027-01-16T11:45:00Z,900,true,0.916355,0.856574,0.764958,0.965889
N20270115-S042,N20270115,2027-01-16T12:00:00Z,900,true,0.961800,0.856647,0.759607,0.918365
N20270115-S043,N20270115,2027-01-16T12:15:00Z,900,true,1.010845,0.857857,0.775390,0.966513
N20270115-S044,N20270115,2027-01-16T12:30:00Z,900,true,0.962450,0.848756,0.766537,0.979080
N20270115-S045,N20270115,2027-01-16T12:45:00Z,900,true,0.973832,0.860690,0.795774,0.990782
N20270115-S046,N20270115,2027-01-16T13:00:00Z,900,true,0.972460,0.857315,0.784787,0.938089
N20270115-S047,N20270115,2027-01-16T13:15:00Z,900,true,0.953163,0.854636,0.775170,0.992995
N20270116-S001,N20270116,2027-01-17T01:45:00Z,900,true,0.941068,0.891084,0.808794,0.902624
N20270116-S002,N20270116,2027-01-17T02:00:00Z,900,true,0.938259,0.905117,0.795707,0.921872
N20270116-S003,N20270116,2027-01-17T02:15:00Z,900,true,0.944611,0.908534,0.797907,0.900356
N20270116-S004,N20270116,2027-01-17T02:30:00Z,900,true,0.943749,0.915655,0.795939,0.956340
N20270116-S005,N20270116,2027-01-17T02:45:00Z,900,true,1.014970,0.911269,0.824361,0.961011
N20270116-S006,N20270116,2027-01-17T03:00:00Z,900,true,0.945953,0.906693,0.817276,0.978386
N20270116-S007,N20270116,2027-01-17T03:15:00Z,900,true,0.927398,0.900923,0.813218,0.907997
N20270116-S008,N20270116,2027-01-17T03:30:00Z,900,true,0.964534,0.889415,0.834460,0.984292
N20270116-S009,N20270116,2027-01-17T03:45:00Z,900,true,0.969030,0.870801,0.824750,0.956708
N20270116-S010,N20270116,2027-01-17T04:00:00Z,900,true,0.962451,0.874127,0.840703,0.993309
N20270116-S011,N20270116,2027-01-17T04:15:00Z,900,true,0.942846,0.878158,0.851569,0.993816
N20270116-S012,N20270116,2027-01-17T04:30:00Z,900,true,0.935009,0.895700,0.855242,0.954516
N20270116-S013,N20270116,2027-01-17T04:45:00Z,900,true,0.876368,0.880929,0.851160,0.921661
N20270116-S014,N20270116,2027-01-17T05:00:00Z,900,true,0.894367,0.861968,0.849539,0.994382
N20270116-S015,N20270116,2027-01-17T05:15:00Z,900,true,0.904678,0.858355,0.834440,0.955657
N20270116-S016,N20270116,2027-01-17T05:30:00Z,900,true,0.874493,0.851217,0.837824,0.926975
N20270116-S017,N20270116,2027-01-17T05:45:00Z,900,true,0.842688,0.846647,0.846404,0.943010
N20270116-S018,N20270116,2027-01-17T06:00:00Z,900,true,0.850556,0.848092,0.851852,0.994930
N20270116-S019,N20270116,2027-01-17T06:15:00Z,900,true,0.849639,0.867149,0.826892,0.908419
N20270116-S020,N20270116,2027-01-17T06:30:00Z,900,true,0.878962,0.871540,0.833393,0.920938
N20270116-S021,N20270116,2027-01-17T06:45:00Z,900,true,0.917445,0.873549,0.840720,0.953331
N20270116-S022,N20270116,2027-01-17T07:00:00Z,900,true,0.947088,0.861808,0.841393,0.916815
N20270116-S023,N20270116,2027-01-17T07:15:00Z,900,true,0.968753,0.840734,0.869292,0.907460
N20270116-S024,N20270116,2027-01-17T07:30:00Z,900,true,0.907124,0.832272,0.895033,0.900839
N20270116-S025,N20270116,2027-01-17T07:45:00Z,900,true,0.889840,0.820520,0.901792,0.980275
N20270116-S026,N20270116,2027-01-17T08:00:00Z,900,true,0.865975,0.825861,0.867326,0.948841
N20270116-S027,N20270116,2027-01-17T08:15:00Z,900,true,0.880528,0.831938,0.864584,0.932191
N20270116-S028,N20270116,2027-01-17T08:30:00Z,900,true,0.868673,0.844116,0.881599,0.948498
N20270116-S029,N20270116,2027-01-17T08:45:00Z,900,true,0.900222,0.827329,0.875712,0.913579
N20270116-S030,N20270116,2027-01-17T09:00:00Z,900,true,0.951292,0.844146,0.871805,0.924624
N20270116-S031,N20270116,2027-01-17T09:15:00Z,900,true,0.990200,0.853680,0.861156,0.949564
N20270116-S032,N20270116,2027-01-17T09:30:00Z,900,true,1.007724,0.859570,0.878475,0.920309
N20270116-S033,N20270116,2027-01-17T09:45:00Z,900,true,1.020595,0.877134,0.876073,0.947182
N20270116-S034,N20270116,2027-01-17T10:00:00Z,900,true,1.061583,0.880969,0.871001,0.931197
N20270116-S035,N20270116,2027-01-17T10:15:00Z,900,true,1.025148,0.874255,0.849300,0.951550
N20270116-S036,N20270116,2027-01-17T10:30:00Z,900,true,1.029844,0.882415,0.849799,0.994946
N20270116-S037,N20270116,2027-01-17T10:45:00Z,900,true,1.031404,0.876713,0.846814,0.925459
N20270116-S038,N20270116,2027-01-17T11:00:00Z,900,true,1.029367,0.867378,0.823459,0.933941
N20270116-S039,N20270116,2027-01-17T11:15:00Z,900,true,0.994426,0.873589,0.835385,0.995541
N20270116-S040,N20270116,2027-01-17T11:30:00Z,900,true,1.036415,0.864257,0.848502,0.958587
N20270116-S041,N20270116,2027-01-17T11:45:00Z,900,true,1.080741,0.869233,0.832850,0.966656
N20270116-S042,N20270116,2027-01-17T12:00:00Z,900,true,1.053429,0.880038,0.801846,0.912919
N20270116-S043,N20270116,2027-01-17T12:15:00Z,900,true,1.068505,0.881145,0.823951,0.991490
N20270116-S044,N20270116,2027-01-17T12:30:00Z,900,true,1.102692,0.874545,0.808615,0.930902
N20270116-S045,N20270116,2027-01-17T12:45:00Z,900,true,1.036536,0.887131,0.828000,0.932746
N20270116-S046,N20270116,2027-01-17T13:00:00Z,900,true,1.007846,0.887141,0.833040,0.975585
N20270116-S047,N20270116,2027-01-17T13:15:00Z,900,true,1.028484,0.902537,0.850863,0.912224
N20270117-S001,N20270117,2027-01-18T01:45:00Z,900,true,1.073359,0.880142,0.954410,0.960502
N20270117-S002,N20270117,2027-01-18T02:00:00Z,900,true,0.996219,0.876465,0.942667,0.999689
N20270117-S003,N20270117,2027-01-18T02:15:00Z,900,true,1.006622,0.874960,0.949305,0.967953
N20270117-S004,N20270117,2027-01-18T02:30:00Z,900,true,0.954437,0.887550,0.953251,0.921906
N20270117-S005,N20270117,2027-01-18T02:45:00Z,900,true,1.015058,0.885435,0.961930,0.939975
N20270117-S006,N20270117,2027-01-18T03:00:00Z,900,true,1.030731,0.886753,0.958397,0.969873
N20270117-S007,N20270117,2027-01-18T03:15:00Z,900,true,1.030540,0.879522,0.995367,0.961658
N20270117-S008,N20270117,2027-01-18T03:30:00Z,900,true,1.044485,0.875182,0.977304,0.919415
N20270117-S009,N20270117,2027-01-18T03:45:00Z,900,true,1.069068,0.891119,0.970448,0.955660
N20270117-S010,N20270117,2027-01-18T04:00:00Z,900,true,1.086581,0.895639,0.974827,0.941507
N20270117-S011,N20270117,2027-01-18T04:15:00Z,900,true,1.037008,0.893587,0.999842,0.970508
N20270117-S012,N20270117,2027-01-18T04:30:00Z,900,true,1.008855,0.898164,0.982296,0.977182
N20270117-S013,N20270117,2027-01-18T04:45:00Z,900,true,1.033391,0.906925,0.963244,0.945927
N20270117-S014,N20270117,2027-01-18T05:00:00Z,900,true,1.044708,0.907224,0.978629,0.968411
N20270117-S015,N20270117,2027-01-18T05:15:00Z,900,true,0.952772,0.920940,0.954085,0.979570
N20270117-S016,N20270117,2027-01-18T05:30:00Z,900,true,0.968875,0.888332,0.967171,0.959217
N20270117-S017,N20270117,2027-01-18T05:45:00Z,900,true,0.944495,0.873736,0.977712,0.967425
N20270117-S018,N20270117,2027-01-18T06:00:00Z,900,true,0.989875,0.857801,0.972627,0.995644
N20270117-S019,N20270117,2027-01-18T06:15:00Z,900,true,0.970706,0.865121,0.982348,0.918630
N20270117-S020,N20270117,2027-01-18T06:30:00Z,900,false,,,,
N20270117-S021,N20270117,2027-01-18T06:45:00Z,900,false,,,,
N20270117-S022,N20270117,2027-01-18T07:00:00Z,900,false,,,,
N20270117-S023,N20270117,2027-01-18T07:15:00Z,900,true,1.001632,0.887126,1.026952,0.966564
N20270117-S024,N20270117,2027-01-18T07:30:00Z,900,true,0.957373,0.908505,1.035712,0.917938
N20270117-S025,N20270117,2027-01-18T07:45:00Z,900,true,0.974749,0.890203,1.022919,0.951436
N20270117-S026,N20270117,2027-01-18T08:00:00Z,900,true,1.028664,0.874813,0.987004,0.921515
N20270117-S027,N20270117,2027-01-18T08:15:00Z,900,true,1.026792,0.881611,0.968237,0.996986
N20270117-S028,N20270117,2027-01-18T08:30:00Z,900,true,0.983769,0.870344,0.976601,0.960412
N20270117-S029,N20270117,2027-01-18T08:45:00Z,900,true,0.988443,0.891740,0.963919,0.981586
N20270117-S030,N20270117,2027-01-18T09:00:00Z,900,true,0.986392,0.884065,0.976005,0.993019
N20270117-S031,N20270117,2027-01-18T09:15:00Z,900,true,0.996798,0.892132,0.960299,0.953283
N20270117-S032,N20270117,2027-01-18T09:30:00Z,900,true,1.000530,0.877373,0.929991,0.969240
N20270117-S033,N20270117,2027-01-18T09:45:00Z,900,true,1.050336,0.883595,0.921425,0.942897
N20270117-S034,N20270117,2027-01-18T10:00:00Z,900,true,0.996913,0.889422,0.884545,0.987802
N20270117-S035,N20270117,2027-01-18T10:15:00Z,900,true,0.999570,0.878967,0.878799,0.901309
N20270117-S036,N20270117,2027-01-18T10:30:00Z,900,true,1.018444,0.875313,0.888536,0.908896
N20270117-S037,N20270117,2027-01-18T10:45:00Z,900,true,1.003138,0.889548,0.916909,0.958787
N20270117-S038,N20270117,2027-01-18T11:00:00Z,900,true,1.062938,0.871487,0.911501,0.980930
N20270117-S039,N20270117,2027-01-18T11:15:00Z,900,true,1.074322,0.855177,0.926458,0.916692
N20270117-S040,N20270117,2027-01-18T11:30:00Z,900,true,1.082545,0.848096,0.919015,0.975706
N20270117-S041,N20270117,2027-01-18T11:45:00Z,900,true,1.048904,0.850315,0.915940,0.971462
N20270117-S042,N20270117,2027-01-18T12:00:00Z,900,true,1.070466,0.866483,0.910595,0.987406
N20270117-S043,N20270117,2027-01-18T12:15:00Z,900,true,1.138286,0.866758,0.920962,0.986712
N20270117-S044,N20270117,2027-01-18T12:30:00Z,900,true,1.055830,0.853781,0.909357,0.948248
N20270117-S045,N20270117,2027-01-18T12:45:00Z,900,true,1.069683,0.865748,0.907272,0.972925
N20270117-S046,N20270117,2027-01-18T13:00:00Z,900,true,1.018359,0.859907,0.884266,0.988893
N20270117-S047,N20270117,2027-01-18T13:15:00Z,900,true,1.047192,0.867782,0.895698,0.911434
N20270118-S001,N20270118,2027-01-19T01:45:00Z,900,true,1.022979,0.859479,1.008293,0.917987
N20270118-S002,N20270118,2027-01-19T02:00:00Z,900,true,1.031295,0.862993,0.994154,0.994581
N20270118-S003,N20270118,2027-01-19T02:15:00Z,900,true,1.012549,0.842147,0.989207,0.902008
N20270118-S004,N20270118,2027-01-19T02:30:00Z,900,true,1.015051,0.821175,1.009389,0.966391
N20270118-S005,N20270118,2027-01-19T02:45:00Z,900,true,0.948736,0.835739,0.990317,0.970483
N20270118-S006,N20270118,2027-01-19T03:00:00Z,900,true,0.923316,0.839815,0.978525,0.910865
N20270118-S007,N20270118,2027-01-19T03:15:00Z,900,true,0.917705,0.857306,0.973020,0.992247
N20270118-S008,N20270118,2027-01-19T03:30:00Z,900,true,0.937335,0.849065,0.968562,0.995447
N20270118-S009,N20270118,2027-01-19T03:45:00Z,900,true,0.948011,0.861506,0.987451,0.932248
N20270118-S010,N20270118,2027-01-19T04:00:00Z,900,true,0.921591,0.867079,1.009127,0.999901
N20270118-S011,N20270118,2027-01-19T04:15:00Z,900,true,0.908042,0.859695,0.995207,0.943883
N20270118-S012,N20270118,2027-01-19T04:30:00Z,900,true,0.908890,0.857082,0.996411,0.955875
N20270118-S013,N20270118,2027-01-19T04:45:00Z,900,true,1.021284,0.872031,1.001347,0.910246
N20270118-S014,N20270118,2027-01-19T05:00:00Z,900,true,1.017154,0.869623,1.018795,0.983366
N20270118-S015,N20270118,2027-01-19T05:15:00Z,900,true,1.023155,0.868720,1.004150,0.911557
N20270118-S016,N20270118,2027-01-19T05:30:00Z,900,true,1.028961,0.859866,0.999225,0.912770
N20270118-S017,N20270118,2027-01-19T05:45:00Z,900,true,1.096590,0.857613,0.976146,0.979876
N20270118-S018,N20270118,2027-01-19T06:00:00Z,900,true,1.094686,0.863231,0.993761,0.916420
N20270118-S019,N20270118,2027-01-19T06:15:00Z,900,true,1.113613,0.855514,0.981265,0.979724
N20270118-S020,N20270118,2027-01-19T06:30:00Z,900,true,1.103712,0.851120,0.976649,0.986909
N20270118-S021,N20270118,2027-01-19T06:45:00Z,900,true,1.070510,0.870424,1.002914,0.958763
N20270118-S022,N20270118,2027-01-19T07:00:00Z,900,true,1.060584,0.870540,0.986900,0.944362
N20270118-S023,N20270118,2027-01-19T07:15:00Z,900,true,1.066634,0.868192,0.973333,0.993648
N20270118-S024,N20270118,2027-01-19T07:30:00Z,900,true,1.118349,0.855575,0.988454,0.988081
N20270118-S025,N20270118,2027-01-19T07:45:00Z,900,true,1.089569,0.855573,1.045950,0.913446
N20270118-S026,N20270118,2027-01-19T08:00:00Z,900,true,1.106499,0.846812,1.027329,0.984652
N20270118-S027,N20270118,2027-01-19T08:15:00Z,900,true,1.089915,0.851698,0.988644,0.988528
N20270118-S028,N20270118,2027-01-19T08:30:00Z,900,true,1.087492,0.842878,1.007642,0.979085
N20270118-S029,N20270118,2027-01-19T08:45:00Z,900,true,1.001588,0.847320,0.989137,0.963656
N20270118-S030,N20270118,2027-01-19T09:00:00Z,900,true,1.000953,0.863984,0.988594,0.979282
N20270118-S031,N20270118,2027-01-19T09:15:00Z,900,true,1.017198,0.856308,0.988308,0.923641
N20270118-S032,N20270118,2027-01-19T09:30:00Z,900,true,0.991996,0.852142,0.989250,0.903613
N20270118-S033,N20270118,2027-01-19T09:45:00Z,900,true,0.972996,0.849206,1.013603,0.982274
N20270118-S034,N20270118,2027-01-19T10:00:00Z,900,true,0.937970,0.843668,1.005998,0.960482
N20270118-S035,N20270118,2027-01-19T10:15:00Z,900,true,0.923668,0.841019,1.007880,0.919626
N20270118-S036,N20270118,2027-01-19T10:30:00Z,900,true,0.918990,0.831950,0.994822,0.979840
N20270118-S037,N20270118,2027-01-19T10:45:00Z,900,true,0.991833,0.828391,0.980848,0.958530
N20270118-S038,N20270118,2027-01-19T11:00:00Z,900,true,0.998200,0.835530,0.977925,0.958989
N20270118-S039,N20270118,2027-01-19T11:15:00Z,900,true,0.943976,0.841547,0.954714,0.917525
N20270118-S040,N20270118,2027-01-19T11:30:00Z,900,true,0.930588,0.854364,0.969411,0.909262
N20270118-S041,N20270118,2027-01-19T11:45:00Z,900,true,0.965256,0.876758,0.974727,0.963865
N20270118-S042,N20270118,2027-01-19T12:00:00Z,900,true,1.012838,0.869722,0.973988,0.910790
N20270118-S043,N20270118,2027-01-19T12:15:00Z,900,true,1.013601,0.866055,0.980512,0.936250
N20270118-S044,N20270118,2027-01-19T12:30:00Z,900,true,1.084070,0.869238,0.977322,0.979041
N20270118-S045,N20270118,2027-01-19T12:45:00Z,900,true,1.091848,0.869945,0.967829,0.986586
N20270118-S046,N20270118,2027-01-19T13:00:00Z,900,true,1.080355,0.851952,0.962850,0.965301
N20270118-S047,N20270118,2027-01-19T13:15:00Z,900,true,1.103822,0.854068,0.965929,0.901453
N20270119-S001,N20270119,2027-01-20T01:45:00Z,900,true,1.039318,0.912105,0.975023,0.967478
N20270119-S002,N20270119,2027-01-20T02:00:00Z,900,true,1.012157,0.907441,0.972307,0.923158
N20270119-S003,N20270119,2027-01-20T02:15:00Z,900,true,1.016484,0.906984,1.002671,0.944982
N20270119-S004,N20270119,2027-01-20T02:30:00Z,900,true,0.977016,0.901598,0.992957,0.919749
N20270119-S005,N20270119,2027-01-20T02:45:00Z,900,true,0.928128,0.900616,0.991492,0.915031
N20270119-S006,N20270119,2027-01-20T03:00:00Z,900,true,0.931159,0.883944,0.991531,0.913233
N20270119-S007,N20270119,2027-01-20T03:15:00Z,900,true,0.989333,0.885695,0.976781,0.925761
N20270119-S008,N20270119,2027-01-20T03:30:00Z,900,true,0.937953,0.867209,0.984940,0.986057
N20270119-S009,N20270119,2027-01-20T03:45:00Z,900,true,0.957868,0.877008,0.975326,0.949281
N20270119-S010,N20270119,2027-01-20T04:00:00Z,900,true,0.926708,0.885435,0.982100,0.972902
N20270119-S011,N20270119,2027-01-20T04:15:00Z,900,true,0.925374,0.908252,0.975298,0.936545
N20270119-S012,N20270119,2027-01-20T04:30:00Z,900,true,0.924431,0.916483,0.961366,0.968051
N20270119-S013,N20270119,2027-01-20T04:45:00Z,900,true,0.918286,0.908765,0.957392,0.919917
N20270119-S014,N20270119,2027-01-20T05:00:00Z,900,true,0.909961,0.916643,0.966115,0.909038
N20270119-S015,N20270119,2027-01-20T05:15:00Z,900,true,0.905273,0.918925,0.993771,0.966772
N20270119-S016,N20270119,2027-01-20T05:30:00Z,900,true,0.913909,0.915755,0.984525,0.937126
N20270119-S017,N20270119,2027-01-20T05:45:00Z,900,true,0.813205,0.916495,0.977287,0.918072
N20270119-S018,N20270119,2027-01-20T06:00:00Z,900,true,0.825667,0.932005,0.982759,0.900650
N20270119-S019,N20270119,2027-01-20T06:15:00Z,900,true,0.842697,0.944011,1.003189,0.986935
N20270119-S020,N20270119,2027-01-20T06:30:00Z,900,true,0.922612,0.950345,0.987862,0.968018
N20270119-S021,N20270119,2027-01-20T06:45:00Z,900,true,0.953846,0.934307,0.970658,0.907712
N20270119-S022,N20270119,2027-01-20T07:00:00Z,900,true,0.950939,0.931466,0.972530,0.958480
N20270119-S023,N20270119,2027-01-20T07:15:00Z,900,true,0.995196,0.944653,0.974851,0.913859
N20270119-S024,N20270119,2027-01-20T07:30:00Z,900,true,1.031597,0.959217,0.993916,0.910367
N20270119-S025,N20270119,2027-01-20T07:45:00Z,900,true,0.943618,0.968333,0.976824,0.912030
N20270119-S026,N20270119,2027-01-20T08:00:00Z,900,true,0.981793,0.967333,0.988558,0.985719
N20270119-S027,N20270119,2027-01-20T08:15:00Z,900,true,0.931767,0.948108,0.996003,0.941402
N20270119-S028,N20270119,2027-01-20T08:30:00Z,900,true,0.956564,0.958819,0.986679,0.943237
N20270119-S029,N20270119,2027-01-20T08:45:00Z,900,true,0.967291,0.947719,0.974055,0.950838
N20270119-S030,N20270119,2027-01-20T09:00:00Z,900,true,1.008245,0.925208,0.974314,0.907959
N20270119-S031,N20270119,2027-01-20T09:15:00Z,900,true,0.985548,0.905461,0.993947,0.995956
N20270119-S032,N20270119,2027-01-20T09:30:00Z,900,true,0.984516,0.908530,0.971782,0.953373
N20270119-S033,N20270119,2027-01-20T09:45:00Z,900,true,0.957955,0.905126,0.985806,0.953007
N20270119-S034,N20270119,2027-01-20T10:00:00Z,900,true,0.955850,0.915791,0.973101,0.941455
N20270119-S035,N20270119,2027-01-20T10:15:00Z,900,true,0.988386,0.922239,0.969766,0.920399
N20270119-S036,N20270119,2027-01-20T10:30:00Z,900,true,0.999327,0.911295,0.970333,0.936134
N20270119-S037,N20270119,2027-01-20T10:45:00Z,900,true,0.959189,0.916703,0.956156,0.926633
N20270119-S038,N20270119,2027-01-20T11:00:00Z,900,true,0.939751,0.902232,0.936341,0.950046
N20270119-S039,N20270119,2027-01-20T11:15:00Z,900,true,0.995982,0.916364,0.952394,0.920707
N20270119-S040,N20270119,2027-01-20T11:30:00Z,900,true,1.013733,0.908694,0.949681,0.947433
N20270119-S041,N20270119,2027-01-20T11:45:00Z,900,true,0.992436,0.901047,0.905287,0.936585
N20270119-S042,N20270119,2027-01-20T12:00:00Z,900,true,0.995782,0.883129,0.918979,0.947441
N20270119-S043,N20270119,2027-01-20T12:15:00Z,900,true,1.011242,0.892335,0.953972,0.936179
N20270119-S044,N20270119,2027-01-20T12:30:00Z,900,true,1.036001,0.882867,0.952610,0.960214
N20270119-S045,N20270119,2027-01-20T12:45:00Z,900,true,1.073667,0.895377,0.944320,0.993923
N20270119-S046,N20270119,2027-01-20T13:00:00Z,900,true,1.074541,0.896017,0.961739,0.918485
N20270120-S001,N20270120,2027-01-21T02:00:00Z,900,true,0.967330,0.918436,0.982676,0.944131
N20270120-S002,N20270120,2027-01-21T02:15:00Z,900,true,0.956860,0.913398,0.983678,0.958886
N20270120-S003,N20270120,2027-01-21T02:30:00Z,900,true,0.969232,0.903801,0.982012,0.987879
N20270120-S004,N20270120,2027-01-21T02:45:00Z,900,true,0.961646,0.913131,1.006765,0.989296
N20270120-S005,N20270120,2027-01-21T03:00:00Z,900,true,0.968961,0.922773,1.022602,0.924417
N20270120-S006,N20270120,2027-01-21T03:15:00Z,900,true,0.988368,0.920632,1.005611,0.961657
N20270120-S007,N20270120,2027-01-21T03:30:00Z,900,true,1.005438,0.917774,0.993316,0.954813
N20270120-S008,N20270120,2027-01-21T03:45:00Z,900,true,1.003328,0.917834,0.982639,0.981322
N20270120-S009,N20270120,2027-01-21T04:00:00Z,900,true,0.973115,0.908169,0.996376,0.983995
N20270120-S010,N20270120,2027-01-21T04:15:00Z,900,true,1.005317,0.899573,1.009375,0.987292
N20270120-S011,N20270120,2027-01-21T04:30:00Z,900,true,1.023679,0.899605,0.991369,0.934794
N20270120-S012,N20270120,2027-01-21T04:45:00Z,900,true,0.970181,0.908428,0.984758,0.902036
N20270120-S013,N20270120,2027-01-21T05:00:00Z,900,true,0.947732,0.917046,0.970507,0.909705
N20270120-S014,N20270120,2027-01-21T05:15:00Z,900,true,0.978648,0.917726,0.987086,0.950916
N20270120-S015,N20270120,2027-01-21T05:30:00Z,900,true,0.975394,0.914722,0.986844,0.911272
N20270120-S016,N20270120,2027-01-21T05:45:00Z,900,true,0.898929,0.918340,0.984768,0.943519
N20270120-S017,N20270120,2027-01-21T06:00:00Z,900,true,0.953247,0.917266,1.010422,0.995734
N20270120-S018,N20270120,2027-01-21T06:15:00Z,900,true,0.947525,0.925222,0.986045,0.928962
N20270120-S019,N20270120,2027-01-21T06:30:00Z,900,true,0.944461,0.929435,0.995999,0.974325
N20270120-S020,N20270120,2027-01-21T06:45:00Z,900,true,0.881928,0.932114,1.013559,0.959576
N20270120-S021,N20270120,2027-01-21T07:00:00Z,900,true,0.889877,0.932671,1.015805,0.939939
N20270120-S022,N20270120,2027-01-21T07:15:00Z,900,true,0.931304,0.936080,1.020870,0.996894
N20270120-S023,N20270120,2027-01-21T07:30:00Z,900,true,0.948818,0.929922,1.019527,0.956168
N20270120-S024,N20270120,2027-01-21T07:45:00Z,900,true,0.938377,0.930809,1.042880,0.991287
N20270120-S025,N20270120,2027-01-21T08:00:00Z,900,true,0.940094,0.934134,1.041039,0.998936
N20270120-S026,N20270120,2027-01-21T08:15:00Z,900,true,0.962213,0.945945,1.037417,0.945833
N20270120-S027,N20270120,2027-01-21T08:30:00Z,900,true,0.949786,0.920547,1.041571,0.907652
N20270120-S028,N20270120,2027-01-21T08:45:00Z,900,true,0.985659,0.945552,1.013029,0.954574
N20270120-S029,N20270120,2027-01-21T09:00:00Z,900,true,1.024117,0.927946,1.006565,0.917193
N20270120-S030,N20270120,2027-01-21T09:15:00Z,900,true,1.005098,0.919873,1.003150,0.978909
N20270120-S031,N20270120,2027-01-21T09:30:00Z,900,true,1.013702,0.933491,1.016497,0.984965
N20270120-S032,N20270120,2027-01-21T09:45:00Z,900,true,0.981817,0.932827,1.001097,0.905933
N20270120-S033,N20270120,2027-01-21T10:00:00Z,900,true,0.982681,0.933944,1.037811,0.960924
N20270120-S034,N20270120,2027-01-21T10:15:00Z,900,true,1.010117,0.932079,1.032173,0.949394
N20270120-S035,N20270120,2027-01-21T10:30:00Z,900,true,0.956354,0.913678,1.006721,0.916594
N20270120-S036,N20270120,2027-01-21T10:45:00Z,900,true,0.971531,0.903886,0.993062,0.941115
N20270120-S037,N20270120,2027-01-21T11:00:00Z,900,true,0.965713,0.911063,0.975592,0.982536
N20270120-S038,N20270120,2027-01-21T11:15:00Z,900,true,0.975604,0.879621,0.972608,0.947685
N20270120-S039,N20270120,2027-01-21T11:30:00Z,900,true,0.998282,0.877993,0.971579,0.969635
N20270120-S040,N20270120,2027-01-21T11:45:00Z,900,true,0.974445,0.872207,0.979919,0.947488
N20270120-S041,N20270120,2027-01-21T12:00:00Z,900,true,1.027220,0.868919,0.981302,0.949727
N20270120-S042,N20270120,2027-01-21T12:15:00Z,900,true,1.046528,0.856177,0.962578,0.943813
N20270120-S043,N20270120,2027-01-21T12:30:00Z,900,true,1.037944,0.860475,0.951399,0.983351
N20270120-S044,N20270120,2027-01-21T12:45:00Z,900,true,1.056188,0.856832,0.954104,0.948976
N20270120-S045,N20270120,2027-01-21T13:00:00Z,900,true,1.072764,0.868810,0.951674,0.929879
N20270121-S001,N20270121,2027-01-22T02:00:00Z,900,true,0.985813,0.887017,1.024183,0.942886
N20270121-S002,N20270121,2027-01-22T02:15:00Z,900,true,0.956181,0.882937,1.028450,0.985677
N20270121-S003,N20270121,2027-01-22T02:30:00Z,900,true,0.960099,0.863433,0.994240,0.975519
N20270121-S004,N20270121,2027-01-22T02:45:00Z,900,true,0.969189,0.864075,1.002700,0.926862
N20270121-S005,N20270121,2027-01-22T03:00:00Z,900,true,0.940184,0.862231,1.015575,0.986529
N20270121-S006,N20270121,2027-01-22T03:15:00Z,900,true,0.978286,0.881676,1.004780,0.935879
N20270121-S007,N20270121,2027-01-22T03:30:00Z,900,true,0.923644,0.855091,1.001754,0.924039
N20270121-S008,N20270121,2027-01-22T03:45:00Z,900,true,0.901544,0.859253,1.004743,0.978754
N20270121-S009,N20270121,2027-01-22T04:00:00Z,900,true,0.918980,0.858652,0.987145,0.932397
N20270121-S010,N20270121,2027-01-22T04:15:00Z,900,true,0.941789,0.841081,0.979791,0.923467
N20270121-S011,N20270121,2027-01-22T04:30:00Z,900,true,0.931811,0.830986,1.000598,0.980665
N20270121-S012,N20270121,2027-01-22T04:45:00Z,900,true,0.933423,0.826054,1.011813,0.941346
N20270121-S013,N20270121,2027-01-22T05:00:00Z,900,true,1.006528,0.818633,1.003179,0.900066
N20270121-S014,N20270121,2027-01-22T05:15:00Z,900,true,0.955377,0.840629,1.013215,0.974884
N20270121-S015,N20270121,2027-01-22T05:30:00Z,900,true,0.957288,0.822518,0.998710,0.992631
N20270121-S016,N20270121,2027-01-22T05:45:00Z,900,true,0.940609,0.828191,0.995627,0.975554
N20270121-S017,N20270121,2027-01-22T06:00:00Z,900,true,0.969722,0.848478,1.004495,0.994149
N20270121-S018,N20270121,2027-01-22T06:15:00Z,900,true,0.894856,0.836548,1.006691,0.911556
N20270121-S019,N20270121,2027-01-22T06:30:00Z,900,true,0.957506,0.837725,1.028665,0.996685
N20270121-S020,N20270121,2027-01-22T06:45:00Z,900,true,0.968053,0.852389,1.034569,0.932806
N20270121-S021,N20270121,2027-01-22T07:00:00Z,900,true,0.937031,0.845348,1.032470,0.970310
N20270121-S022,N20270121,2027-01-22T07:15:00Z,900,true,0.951333,0.848613,1.034599,0.986695
N20270121-S023,N20270121,2027-01-22T07:30:00Z,900,true,1.012911,0.836873,1.024428,0.976110
N20270121-S024,N20270121,2027-01-22T07:45:00Z,900,true,0.935013,0.821633,1.033004,0.952133
N20270121-S025,N20270121,2027-01-22T08:00:00Z,900,true,0.940939,0.830551,1.050863,0.984071
N20270121-S026,N20270121,2027-01-22T08:15:00Z,900,true,0.912852,0.847753,1.071567,0.915329
N20270121-S027,N20270121,2027-01-22T08:30:00Z,900,true,0.931416,0.849816,1.075600,0.993246
N20270121-S028,N20270121,2027-01-22T08:45:00Z,900,true,0.991881,0.865867,1.081200,0.935933
N20270121-S029,N20270121,2027-01-22T09:00:00Z,900,false,,,,
N20270121-S030,N20270121,2027-01-22T09:15:00Z,900,false,,,,
N20270121-S031,N20270121,2027-01-22T09:30:00Z,900,false,,,,
N20270121-S032,N20270121,2027-01-22T09:45:00Z,900,false,,,,
N20270121-S033,N20270121,2027-01-22T10:00:00Z,900,false,,,,
N20270121-S034,N20270121,2027-01-22T10:15:00Z,900,false,,,,
N20270121-S035,N20270121,2027-01-22T10:30:00Z,900,false,,,,
N20270121-S036,N20270121,2027-01-22T10:45:00Z,900,false,,,,
N20270121-S037,N20270121,2027-01-22T11:00:00Z,900,true,0.973786,0.893575,1.045344,0.965569
N20270121-S038,N20270121,2027-01-22T11:15:00Z,900,true,0.973168,0.879026,1.055453,0.948798
N20270121-S039,N20270121,2027-01-22T11:30:00Z,900,true,1.008472,0.884821,1.028969,0.929763
N20270121-S040,N20270121,2027-01-22T11:45:00Z,900,true,0.991409,0.886297,1.020939,0.949258
N20270121-S041,N20270121,2027-01-22T12:00:00Z,900,true,0.885337,0.896124,1.020955,0.983510
N20270121-S042,N20270121,2027-01-22T12:15:00Z,900,true,0.889714,0.903236,1.022645,0.916341
N20270121-S043,N20270121,2027-01-22T12:30:00Z,900,true,0.880613,0.893744,1.006534,0.975579
N20270121-S044,N20270121,2027-01-22T12:45:00Z,900,true,0.867043,0.881688,1.024595,0.909766
N20270121-S045,N20270121,2027-01-22T13:00:00Z,900,true,0.875834,0.879727,1.038810,0.903055
N20270122-S001,N20270122,2027-01-23T02:00:00Z,900,true,0.799642,0.883895,1.026634,0.920870
N20270122-S002,N20270122,2027-01-23T02:15:00Z,900,true,0.819638,0.880724,1.034138,0.944006
N20270122-S003,N20270122,2027-01-23T02:30:00Z,900,true,0.838111,0.880717,1.028491,0.970055
N20270122-S004,N20270122,2027-01-23T02:45:00Z,900,true,0.786558,0.899436,1.017207,0.936937
N20270122-S005,N20270122,2027-01-23T03:00:00Z,900,true,0.783428,0.896128,1.013684,0.902415
N20270122-S006,N20270122,2027-01-23T03:15:00Z,900,true,0.791614,0.883778,1.009329,0.937351
N20270122-S007,N20270122,2027-01-23T03:30:00Z,900,true,0.791199,0.868845,1.001447,0.993429
N20270122-S008,N20270122,2027-01-23T03:45:00Z,900,true,0.837351,0.869287,1.017467,0.988997
N20270122-S009,N20270122,2027-01-23T04:00:00Z,900,true,0.789842,0.870313,1.033201,0.949680
N20270122-S010,N20270122,2027-01-23T04:15:00Z,900,true,0.785452,0.857463,1.059752,0.971796
N20270122-S011,N20270122,2027-01-23T04:30:00Z,900,true,0.784499,0.846823,1.040298,0.921423
N20270122-S012,N20270122,2027-01-23T04:45:00Z,900,true,0.781541,0.862709,1.037951,0.971152
N20270122-S013,N20270122,2027-01-23T05:00:00Z,900,true,0.860518,0.851683,1.044144,0.984125
N20270122-S014,N20270122,2027-01-23T05:15:00Z,900,true,0.902625,0.868563,1.023588,0.996024
N20270122-S015,N20270122,2027-01-23T05:30:00Z,900,true,0.924980,0.881868,1.004865,0.997820
N20270122-S016,N20270122,2027-01-23T05:45:00Z,900,true,0.935709,0.900153,1.022322,0.933751
N20270122-S017,N20270122,2027-01-23T06:00:00Z,900,true,0.928040,0.890686,1.013309,0.942964
N20270122-S018,N20270122,2027-01-23T06:15:00Z,900,false,,,,
N20270122-S019,N20270122,2027-01-23T06:30:00Z,900,false,,,,
N20270122-S020,N20270122,2027-01-23T06:45:00Z,900,false,,,,
N20270122-S021,N20270122,2027-01-23T07:00:00Z,900,true,0.936699,0.879733,1.024552,0.922154
N20270122-S022,N20270122,2027-01-23T07:15:00Z,900,true,0.903827,0.898866,1.024898,0.986249
N20270122-S023,N20270122,2027-01-23T07:30:00Z,900,true,0.931742,0.915330,1.030954,0.906246
N20270122-S024,N20270122,2027-01-23T07:45:00Z,900,true,0.837925,0.905229,1.059175,0.939771
N20270122-S025,N20270122,2027-01-23T08:00:00Z,900,true,0.880125,0.893880,1.052153,0.910949
N20270122-S026,N20270122,2027-01-23T08:15:00Z,900,true,0.863094,0.871837,1.043554,0.987782
N20270122-S027,N20270122,2027-01-23T08:30:00Z,900,true,0.890683,0.862146,1.067201,0.917391
N20270122-S028,N20270122,2027-01-23T08:45:00Z,900,true,0.874613,0.879501,1.047170,0.998085
N20270122-S029,N20270122,2027-01-23T09:00:00Z,900,true,0.805549,0.875414,1.069068,0.905226
N20270122-S030,N20270122,2027-01-23T09:15:00Z,900,true,0.769154,0.850522,1.063300,0.955858
N20270122-S031,N20270122,2027-01-23T09:30:00Z,900,true,0.799950,0.856392,1.068450,0.931238
N20270122-S032,N20270122,2027-01-23T09:45:00Z,900,true,0.784155,0.857509,1.073069,0.951598
N20270122-S033,N20270122,2027-01-23T10:00:00Z,900,true,0.816400,0.864961,1.091367,0.983421
N20270122-S034,N20270122,2027-01-23T10:15:00Z,900,true,0.787848,0.862884,1.056751,0.976687
N20270122-S035,N20270122,2027-01-23T10:30:00Z,900,true,0.811921,0.865547,1.044450,0.909496
N20270122-S036,N20270122,2027-01-23T10:45:00Z,900,true,0.789837,0.874375,1.065775,0.915772
N20270122-S037,N20270122,2027-01-23T11:00:00Z,900,true,0.807323,0.882551,1.102657,0.956442
N20270122-S038,N20270122,2027-01-23T11:15:00Z,900,true,0.789709,0.872418,1.118090,0.959910
N20270122-S039,N20270122,2027-01-23T11:30:00Z,900,true,0.801645,0.856219,1.099768,0.972537
N20270122-S040,N20270122,2027-01-23T11:45:00Z,900,true,0.798216,0.828403,1.108469,0.910546
N20270122-S041,N20270122,2027-01-23T12:00:00Z,900,true,0.774750,0.820691,1.117476,0.987898
N20270122-S042,N20270122,2027-01-23T12:15:00Z,900,true,0.761360,0.826478,1.141492,0.932903
N20270122-S043,N20270122,2027-01-23T12:30:00Z,900,true,0.771732,0.839941,1.132748,0.979162
N20270122-S044,N20270122,2027-01-23T12:45:00Z,900,true,0.777803,0.855797,1.104761,0.989064
N20270122-S045,N20270122,2027-01-23T13:00:00Z,900,true,0.762802,0.865758,1.082275,0.982577
N20270123-S001,N20270123,2027-01-24T02:00:00Z,900,true,0.746499,0.840338,1.017349,0.903311
N20270123-S002,N20270123,2027-01-24T02:15:00Z,900,true,0.724070,0.846156,1.036591,0.949191
N20270123-S003,N20270123,2027-01-24T02:30:00Z,900,true,0.740846,0.851131,1.050125,0.978409
N20270123-S004,N20270123,2027-01-24T02:45:00Z,900,true,0.741098,0.858596,1.064483,0.988260
N20270123-S005,N20270123,2027-01-24T03:00:00Z,900,true,0.731634,0.855745,1.048674,0.984762
N20270123-S006,N20270123,2027-01-24T03:15:00Z,900,true,0.685322,0.864866,1.055150,0.991228
N20270123-S007,N20270123,2027-01-24T03:30:00Z,900,true,0.699983,0.862374,1.043455,0.909487
N20270123-S008,N20270123,2027-01-24T03:45:00Z,900,true,0.670820,0.857986,1.042332,0.932925
N20270123-S009,N20270123,2027-01-24T04:00:00Z,900,true,0.649112,0.865402,1.037530,0.933365
N20270123-S010,N20270123,2027-01-24T04:15:00Z,900,true,0.620830,0.872249,1.023982,0.927237
N20270123-S011,N20270123,2027-01-24T04:30:00Z,900,true,0.597136,0.869461,1.024562,0.964726
N20270123-S012,N20270123,2027-01-24T04:45:00Z,900,true,0.567289,0.879041,1.034158,0.986408
N20270123-S013,N20270123,2027-01-24T05:00:00Z,900,true,0.601533,0.861003,1.037480,0.927984
N20270123-S014,N20270123,2027-01-24T05:15:00Z,900,true,0.588930,0.857351,1.026837,0.951147
N20270123-S015,N20270123,2027-01-24T05:30:00Z,900,true,0.645205,0.845205,1.003509,0.947269
N20270123-S016,N20270123,2027-01-24T05:45:00Z,900,true,0.647419,0.849391,1.028697,0.973178
N20270123-S017,N20270123,2027-01-24T06:00:00Z,900,true,0.600758,0.826760,1.018268,0.942082
N20270123-S018,N20270123,2027-01-24T06:15:00Z,900,true,0.585020,0.847901,1.054684,0.932667
N20270123-S019,N20270123,2027-01-24T06:30:00Z,900,true,0.551753,0.852598,1.045778,0.981303
N20270123-S020,N20270123,2027-01-24T06:45:00Z,900,true,0.500000,0.873740,1.048972,0.984999
N20270123-S021,N20270123,2027-01-24T07:00:00Z,900,true,0.555362,0.868304,1.039066,0.953417
N20270123-S022,N20270123,2027-01-24T07:15:00Z,900,true,0.567294,0.880329,1.043379,0.900867
N20270123-S023,N20270123,2027-01-24T07:30:00Z,900,true,0.625020,0.877894,1.035621,0.992109
N20270123-S024,N20270123,2027-01-24T07:45:00Z,900,true,0.641379,0.882496,1.008200,0.900967
N20270123-S025,N20270123,2027-01-24T08:00:00Z,900,true,0.638412,0.880624,0.976281,0.966889
N20270123-S026,N20270123,2027-01-24T08:15:00Z,900,true,0.677858,0.874841,0.965649,0.901854
N20270123-S027,N20270123,2027-01-24T08:30:00Z,900,true,0.633584,0.877601,0.971120,0.965765
N20270123-S028,N20270123,2027-01-24T08:45:00Z,900,true,0.637468,0.868031,0.982374,0.926012
N20270123-S029,N20270123,2027-01-24T09:00:00Z,900,true,0.629576,0.863084,0.985371,0.977287
N20270123-S030,N20270123,2027-01-24T09:15:00Z,900,true,0.639223,0.845835,0.973227,0.997438
N20270123-S031,N20270123,2027-01-24T09:30:00Z,900,true,0.611496,0.849892,0.975167,0.932537
N20270123-S032,N20270123,2027-01-24T09:45:00Z,900,true,0.668486,0.865925,1.023396,0.976396
N20270123-S033,N20270123,2027-01-24T10:00:00Z,900,true,0.706807,0.852313,1.044742,0.933523
N20270123-S034,N20270123,2027-01-24T10:15:00Z,900,true,0.755341,0.853944,1.053396,0.911992
N20270123-S035,N20270123,2027-01-24T10:30:00Z,900,true,0.774430,0.862092,1.051241,0.952031
N20270123-S036,N20270123,2027-01-24T10:45:00Z,900,true,0.727965,0.845543,1.058053,0.949144
N20270123-S037,N20270123,2027-01-24T11:00:00Z,900,true,0.716053,0.850905,1.050144,0.939180
N20270123-S038,N20270123,2027-01-24T11:15:00Z,900,true,0.697027,0.862485,1.013875,0.973610
N20270123-S039,N20270123,2027-01-24T11:30:00Z,900,true,0.688204,0.875940,0.985449,0.907879
N20270123-S040,N20270123,2027-01-24T11:45:00Z,900,true,0.655580,0.894183,1.004241,0.919832
N20270123-S041,N20270123,2027-01-24T12:00:00Z,900,true,0.634289,0.879554,1.013618,0.980006
N20270123-S042,N20270123,2027-01-24T12:15:00Z,900,true,0.579590,0.856069,1.008318,0.919740
N20270123-S043,N20270123,2027-01-24T12:30:00Z,900,true,0.635116,0.862894,0.995075,0.986672
N20270123-S044,N20270123,2027-01-24T12:45:00Z,900,true,0.589301,0.869873,0.984371,0.931506
N20270123-S045,N20270123,2027-01-24T13:00:00Z,900,true,0.565468,0.854546,1.009151,0.905790
N20270124-S001,N20270124,2027-01-25T02:00:00Z,900,true,0.909826,0.864547,1.065349,0.937184
N20270124-S002,N20270124,2027-01-25T02:15:00Z,900,true,0.893051,0.866863,1.106131,0.949404
N20270124-S003,N20270124,2027-01-25T02:30:00Z,900,true,0.843741,0.897952,1.090165,0.932211
N20270124-S004,N20270124,2027-01-25T02:45:00Z,900,true,0.869508,0.914396,1.113708,0.982863
N20270124-S005,N20270124,2027-01-25T03:00:00Z,900,true,0.878781,0.898366,1.114616,0.930191
N20270124-S006,N20270124,2027-01-25T03:15:00Z,900,true,0.852748,0.901210,1.127385,0.918787
N20270124-S007,N20270124,2027-01-25T03:30:00Z,900,true,0.900488,0.893036,1.137598,0.956357
N20270124-S008,N20270124,2027-01-25T03:45:00Z,900,true,0.920611,0.886457,1.121830,0.937538
N20270124-S009,N20270124,2027-01-25T04:00:00Z,900,false,,,,
N20270124-S010,N20270124,2027-01-25T04:15:00Z,900,true,0.851349,0.878332,1.104734,0.959760
N20270124-S011,N20270124,2027-01-25T04:30:00Z,900,true,0.910877,0.881278,1.105950,0.902701
N20270124-S012,N20270124,2027-01-25T04:45:00Z,900,true,0.900084,0.892469,1.115897,0.997323
N20270124-S013,N20270124,2027-01-25T05:00:00Z,900,true,0.922325,0.878084,1.111965,0.925719
N20270124-S014,N20270124,2027-01-25T05:15:00Z,900,true,0.940896,0.899885,1.094012,0.913078
N20270124-S015,N20270124,2027-01-25T05:30:00Z,900,true,0.938692,0.905670,1.092949,0.925699
N20270124-S016,N20270124,2027-01-25T05:45:00Z,900,true,0.932194,0.901854,1.095461,0.914412
N20270124-S017,N20270124,2027-01-25T06:00:00Z,900,true,0.946825,0.895936,1.069055,0.935398
N20270124-S018,N20270124,2027-01-25T06:15:00Z,900,true,0.943684,0.891634,1.107741,0.939376
N20270124-S019,N20270124,2027-01-25T06:30:00Z,900,true,0.966985,0.891247,1.109348,0.902161
N20270124-S020,N20270124,2027-01-25T06:45:00Z,900,true,0.951434,0.872730,1.103770,0.970137
N20270124-S021,N20270124,2027-01-25T07:00:00Z,900,true,0.887188,0.870174,1.079440,0.969696
N20270124-S022,N20270124,2027-01-25T07:15:00Z,900,true,0.860678,0.871404,1.065480,0.922814
N20270124-S023,N20270124,2027-01-25T07:30:00Z,900,true,0.893552,0.874354,1.083779,0.926766
N20270124-S024,N20270124,2027-01-25T07:45:00Z,900,true,0.905119,0.875787,1.082722,0.989126
N20270124-S025,N20270124,2027-01-25T08:00:00Z,900,true,0.934993,0.883530,1.079709,0.945469
N20270124-S026,N20270124,2027-01-25T08:15:00Z,900,true,0.937100,0.865164,1.092411,0.979145
N20270124-S027,N20270124,2027-01-25T08:30:00Z,900,true,0.873984,0.864904,1.103341,0.978612
N20270124-S028,N20270124,2027-01-25T08:45:00Z,900,true,0.888446,0.867490,1.094258,0.937722
N20270124-S029,N20270124,2027-01-25T09:00:00Z,900,true,0.907132,0.850777,1.116493,0.995202
N20270124-S030,N20270124,2027-01-25T09:15:00Z,900,true,0.873213,0.849540,1.077094,0.962600
N20270124-S031,N20270124,2027-01-25T09:30:00Z,900,true,0.855309,0.838143,1.085622,0.973077
N20270124-S032,N20270124,2027-01-25T09:45:00Z,900,true,0.894741,0.834928,1.102889,0.900622
N20270124-S033,N20270124,2027-01-25T10:00:00Z,900,true,0.895269,0.843980,1.104941,0.934623
N20270124-S034,N20270124,2027-01-25T10:15:00Z,900,true,0.886464,0.837966,1.101762,0.942450
N20270124-S035,N20270124,2027-01-25T10:30:00Z,900,true,0.891856,0.846380,1.095694,0.972589
N20270124-S036,N20270124,2027-01-25T10:45:00Z,900,false,,,,
N20270124-S037,N20270124,2027-01-25T11:00:00Z,900,false,,,,
N20270124-S038,N20270124,2027-01-25T11:15:00Z,900,false,,,,
N20270124-S039,N20270124,2027-01-25T11:30:00Z,900,false,,,,
N20270124-S040,N20270124,2027-01-25T11:45:00Z,900,false,,,,
N20270124-S041,N20270124,2027-01-25T12:00:00Z,900,false,,,,
N20270124-S042,N20270124,2027-01-25T12:15:00Z,900,false,,,,
N20270124-S043,N20270124,2027-01-25T12:30:00Z,900,false,,,,
N20270124-S044,N20270124,2027-01-25T12:45:00Z,900,false,,,,
N20270124-S045,N20270124,2027-01-25T13:00:00Z,900,false,,,,
N20270125-S001,N20270125,2027-01-26T02:00:00Z,900,true,0.988949,0.858240,1.118438,0.939993
N20270125-S002,N20270125,2027-01-26T02:15:00Z,900,true,1.005331,0.877243,1.142289,0.927740
N20270125-S003,N20270125,2027-01-26T02:30:00Z,900,true,1.016843,0.889262,1.147665,0.955341
N20270125-S004,N20270125,2027-01-26T02:45:00Z,900,true,1.005310,0.865786,1.160960,0.925987
N20270125-S005,N20270125,2027-01-26T03:00:00Z,900,true,1.060571,0.872620,1.154052,0.948126
N20270125-S006,N20270125,2027-01-26T03:15:00Z,900,true,1.031241,0.875924,1.164792,0.974598
N20270125-S007,N20270125,2027-01-26T03:30:00Z,900,true,1.002814,0.869341,1.177396,0.908299
N20270125-S008,N20270125,2027-01-26T03:45:00Z,900,true,1.011481,0.862050,1.134480,0.943124
N20270125-S009,N20270125,2027-01-26T04:00:00Z,900,true,1.029015,0.850999,1.121680,0.938171
N20270125-S010,N20270125,2027-01-26T04:15:00Z,900,false,,,,
N20270125-S011,N20270125,2027-01-26T04:30:00Z,900,false,,,,
N20270125-S012,N20270125,2027-01-26T04:45:00Z,900,true,1.077298,0.821692,1.156184,0.909851
N20270125-S013,N20270125,2027-01-26T05:00:00Z,900,true,1.078605,0.819085,1.177514,0.990292
N20270125-S014,N20270125,2027-01-26T05:15:00Z,900,true,1.085237,0.818475,1.156370,0.933779
N20270125-S015,N20270125,2027-01-26T05:30:00Z,900,true,1.083029,0.829255,1.162319,0.944435
N20270125-S016,N20270125,2027-01-26T05:45:00Z,900,true,1.085489,0.848569,1.121907,0.936148
N20270125-S017,N20270125,2027-01-26T06:00:00Z,900,true,1.067379,0.851842,1.138877,0.999760
N20270125-S018,N20270125,2027-01-26T06:15:00Z,900,true,1.050054,0.859754,1.141744,0.954517
N20270125-S019,N20270125,2027-01-26T06:30:00Z,900,true,0.973354,0.879202,1.143996,0.959054
N20270125-S020,N20270125,2027-01-26T06:45:00Z,900,true,0.962155,0.890633,1.138957,0.953054
N20270125-S021,N20270125,2027-01-26T07:00:00Z,900,true,0.950056,0.880880,1.126326,0.996380
N20270125-S022,N20270125,2027-01-26T07:15:00Z,900,true,0.951693,0.882513,1.151120,0.916249
N20270125-S023,N20270125,2027-01-26T07:30:00Z,900,true,0.929525,0.874864,1.187369,0.944538
N20270125-S024,N20270125,2027-01-26T07:45:00Z,900,true,0.919997,0.880341,1.179718,0.956425
N20270125-S025,N20270125,2027-01-26T08:00:00Z,900,true,0.906142,0.881449,1.157662,0.902124
N20270125-S026,N20270125,2027-01-26T08:15:00Z,900,true,0.940081,0.880043,1.148660,0.926202
N20270125-S027,N20270125,2027-01-26T08:30:00Z,900,true,0.927833,0.860498,1.165075,0.985084
N20270125-S028,N20270125,2027-01-26T08:45:00Z,900,true,0.940232,0.885547,1.155702,0.930537
N20270125-S029,N20270125,2027-01-26T09:00:00Z,900,true,0.965137,0.891963,1.161038,0.908048
N20270125-S030,N20270125,2027-01-26T09:15:00Z,900,true,0.941880,0.896174,1.136906,0.934537
N20270125-S031,N20270125,2027-01-26T09:30:00Z,900,true,0.933146,0.877386,1.167416,0.920008
N20270125-S032,N20270125,2027-01-26T09:45:00Z,900,true,0.908502,0.882802,1.153066,0.902886
N20270125-S033,N20270125,2027-01-26T10:00:00Z,900,true,0.894246,0.886603,1.178330,0.935457
N20270125-S034,N20270125,2027-01-26T10:15:00Z,900,true,0.914948,0.875787,1.175969,0.992644
N20270125-S035,N20270125,2027-01-26T10:30:00Z,900,true,0.932537,0.888922,1.186827,0.957068
N20270125-S036,N20270125,2027-01-26T10:45:00Z,900,true,0.976161,0.866042,1.187857,0.958828
N20270125-S037,N20270125,2027-01-26T11:00:00Z,900,true,0.987700,0.862365,1.184895,0.967996
N20270125-S038,N20270125,2027-01-26T11:15:00Z,900,true,0.970689,0.874552,1.158619,0.984434
N20270125-S039,N20270125,2027-01-26T11:30:00Z,900,true,0.972477,0.877949,1.146471,0.922401
N20270125-S040,N20270125,2027-01-26T11:45:00Z,900,true,0.951859,0.888806,1.154402,0.987633
N20270125-S041,N20270125,2027-01-26T12:00:00Z,900,true,0.947709,0.888488,1.136757,0.943158
N20270125-S042,N20270125,2027-01-26T12:15:00Z,900,true,0.883083,0.889331,1.118390,0.933957
N20270125-S043,N20270125,2027-01-26T12:30:00Z,900,true,0.872416,0.904386,1.129265,0.917127
N20270125-S044,N20270125,2027-01-26T12:45:00Z,900,true,0.817562,0.902112,1.137901,0.966764
N20270125-S045,N20270125,2027-01-26T13:00:00Z,900,true,0.823543,0.888821,1.101903,0.948292
N20270126-S001,N20270126,2027-01-27T02:00:00Z,900,true,0.805867,0.882144,0.982424,0.987439
N20270126-S002,N20270126,2027-01-27T02:15:00Z,900,true,0.713258,0.883336,0.964006,0.901326
N20270126-S003,N20270126,2027-01-27T02:30:00Z,900,true,0.709388,0.893917,0.983831,0.900385
N20270126-S004,N20270126,2027-01-27T02:45:00Z,900,true,0.725483,0.889875,0.996482,0.995271
N20270126-S005,N20270126,2027-01-27T03:00:00Z,900,true,0.750039,0.873718,0.972317,0.984928
N20270126-S006,N20270126,2027-01-27T03:15:00Z,900,true,0.758626,0.874084,0.967908,0.919089
N20270126-S007,N20270126,2027-01-27T03:30:00Z,900,true,0.799164,0.886709,0.967650,0.973208
N20270126-S008,N20270126,2027-01-27T03:45:00Z,900,true,0.766468,0.889631,0.930200,0.911468
N20270126-S009,N20270126,2027-01-27T04:00:00Z,900,true,0.809118,0.887724,0.916248,0.943703
N20270126-S010,N20270126,2027-01-27T04:15:00Z,900,true,0.815979,0.889885,0.907132,0.997697
N20270126-S011,N20270126,2027-01-27T04:30:00Z,900,true,0.833108,0.876807,0.902393,0.964844
N20270126-S012,N20270126,2027-01-27T04:45:00Z,900,true,0.808237,0.884130,0.910011,0.931912
N20270126-S013,N20270126,2027-01-27T05:00:00Z,900,true,0.771532,0.905092,0.903479,0.982716
N20270126-S014,N20270126,2027-01-27T05:15:00Z,900,true,0.759247,0.884390,0.910670,0.937368
N20270126-S015,N20270126,2027-01-27T05:30:00Z,900,true,0.782920,0.903998,0.911028,0.914514
N20270126-S016,N20270126,2027-01-27T05:45:00Z,900,true,0.798782,0.905817,0.927169,0.944342
N20270126-S017,N20270126,2027-01-27T06:00:00Z,900,true,0.883905,0.906777,0.910464,0.923607
N20270126-S018,N20270126,2027-01-27T06:15:00Z,900,true,0.911211,0.877506,0.947929,0.963482
N20270126-S019,N20270126,2027-01-27T06:30:00Z,900,true,0.937086,0.888955,0.942382,0.994960
N20270126-S020,N20270126,2027-01-27T06:45:00Z,900,true,0.893681,0.880263,0.956020,0.944138
N20270126-S021,N20270126,2027-01-27T07:00:00Z,900,true,0.908314,0.885490,0.940547,0.947108
N20270126-S022,N20270126,2027-01-27T07:15:00Z,900,true,0.945349,0.874941,0.941073,0.946867
N20270126-S023,N20270126,2027-01-27T07:30:00Z,900,true,0.871019,0.863922,0.914194,0.918757
N20270126-S024,N20270126,2027-01-27T07:45:00Z,900,true,0.858254,0.869653,0.941985,0.928482
N20270126-S025,N20270126,2027-01-27T08:00:00Z,900,true,0.860710,0.887396,0.954054,0.964571
N20270126-S026,N20270126,2027-01-27T08:15:00Z,900,true,0.804440,0.867528,0.967550,0.938630
N20270126-S027,N20270126,2027-01-27T08:30:00Z,900,true,0.804019,0.837124,0.976954,0.918189
N20270126-S028,N20270126,2027-01-27T08:45:00Z,900,true,0.813053,0.837600,0.994198,0.945206
N20270126-S029,N20270126,2027-01-27T09:00:00Z,900,true,0.791193,0.837478,1.021639,0.968508
N20270126-S030,N20270126,2027-01-27T09:15:00Z,900,true,0.801411,0.836394,1.034282,0.973557
N20270126-S031,N20270126,2027-01-27T09:30:00Z,900,true,0.776783,0.844368,1.044625,0.941589
N20270126-S032,N20270126,2027-01-27T09:45:00Z,900,true,0.814347,0.840532,1.042470,0.941296
N20270126-S033,N20270126,2027-01-27T10:00:00Z,900,true,0.803324,0.870639,1.032596,0.954360
N20270126-S034,N20270126,2027-01-27T10:15:00Z,900,true,0.816811,0.876607,1.011343,0.909185
N20270126-S035,N20270126,2027-01-27T10:30:00Z,900,true,0.827541,0.861336,1.008254,0.902207
N20270126-S036,N20270126,2027-01-27T10:45:00Z,900,true,0.863573,0.845615,1.016420,0.958500
N20270126-S037,N20270126,2027-01-27T11:00:00Z,900,true,0.844232,0.857829,0.998783,0.989728
N20270126-S038,N20270126,2027-01-27T11:15:00Z,900,true,0.868597,0.839123,1.002554,0.998192
N20270126-S039,N20270126,2027-01-27T11:30:00Z,900,true,0.879157,0.841572,1.004536,0.947294
N20270126-S040,N20270126,2027-01-27T11:45:00Z,900,true,0.845951,0.852961,1.022242,0.915300
N20270126-S041,N20270126,2027-01-27T12:00:00Z,900,true,0.862668,0.860720,1.017475,0.963811
N20270126-S042,N20270126,2027-01-27T12:15:00Z,900,true,0.849234,0.860714,1.010397,0.916220
N20270126-S043,N20270126,2027-01-27T12:30:00Z,900,true,0.885860,0.838509,1.015512,0.918982
N20270126-S044,N20270126,2027-01-27T12:45:00Z,900,true,0.869909,0.834441,0.995628,0.901091
N20270126-S045,N20270126,2027-01-27T13:00:00Z,900,true,0.906612,0.848443,0.983624,0.980811
N20270127-S001,N20270127,2027-01-28T02:00:00Z,900,true,0.818429,0.877235,0.868912,0.927486
N20270127-S002,N20270127,2027-01-28T02:15:00Z,900,true,0.823874,0.869132,0.865803,0.994614
N20270127-S003,N20270127,2027-01-28T02:30:00Z,900,true,0.813753,0.863858,0.877081,0.901276
N20270127-S004,N20270127,2027-01-28T02:45:00Z,900,true,0.833744,0.872104,0.870233,0.929762
N20270127-S005,N20270127,2027-01-28T03:00:00Z,900,true,0.805984,0.874183,0.864750,0.974481
N20270127-S006,N20270127,2027-01-28T03:15:00Z,900,true,0.784607,0.890201,0.857994,0.949534
N20270127-S007,N20270127,2027-01-28T03:30:00Z,900,true,0.766249,0.880769,0.889764,0.969796
N20270127-S008,N20270127,2027-01-28T03:45:00Z,900,true,0.766147,0.885759,0.877443,0.975555
N20270127-S009,N20270127,2027-01-28T04:00:00Z,900,true,0.769901,0.862495,0.866860,0.934668
N20270127-S010,N20270127,2027-01-28T04:15:00Z,900,true,0.848680,0.870955,0.864297,0.918232
N20270127-S011,N20270127,2027-01-28T04:30:00Z,900,true,0.895558,0.887120,0.869465,0.914112
N20270127-S012,N20270127,2027-01-28T04:45:00Z,900,true,0.898029,0.883713,0.828247,0.973366
N20270127-S013,N20270127,2027-01-28T05:00:00Z,900,true,0.946494,0.865607,0.844733,0.919326
N20270127-S014,N20270127,2027-01-28T05:15:00Z,900,true,0.943957,0.874665,0.877002,0.979987
N20270127-S015,N20270127,2027-01-28T05:30:00Z,900,true,0.896776,0.875926,0.915165,0.928213
N20270127-S016,N20270127,2027-01-28T05:45:00Z,900,true,0.890067,0.887013,0.924764,0.951826
N20270127-S017,N20270127,2027-01-28T06:00:00Z,900,true,0.843781,0.876257,0.947914,0.919175
N20270127-S018,N20270127,2027-01-28T06:15:00Z,900,true,0.839876,0.860680,0.942737,0.971167
N20270127-S019,N20270127,2027-01-28T06:30:00Z,900,true,0.876040,0.854929,0.936084,0.941805
N20270127-S020,N20270127,2027-01-28T06:45:00Z,900,true,0.871726,0.872205,0.903272,0.937551
N20270127-S021,N20270127,2027-01-28T07:00:00Z,900,true,0.881214,0.876279,0.926870,0.990279
N20270127-S022,N20270127,2027-01-28T07:15:00Z,900,true,0.884780,0.863663,0.925359,0.908120
N20270127-S023,N20270127,2027-01-28T07:30:00Z,900,true,0.827867,0.865675,0.908486,0.951883
N20270127-S024,N20270127,2027-01-28T07:45:00Z,900,true,0.845098,0.869608,0.910593,0.943139
N20270127-S025,N20270127,2027-01-28T08:00:00Z,900,true,0.874227,0.859706,0.903070,0.993776
N20270127-S026,N20270127,2027-01-28T08:15:00Z,900,true,0.846991,0.850383,0.904999,0.916023
N20270127-S027,N20270127,2027-01-28T08:30:00Z,900,true,0.866638,0.844898,0.913863,0.962587
N20270127-S028,N20270127,2027-01-28T08:45:00Z,900,true,0.867204,0.850181,0.904921,0.971063
N20270127-S029,N20270127,2027-01-28T09:00:00Z,900,true,0.890907,0.850795,0.894793,0.992484
N20270127-S030,N20270127,2027-01-28T09:15:00Z,900,true,0.906053,0.846687,0.881365,0.958066
N20270127-S031,N20270127,2027-01-28T09:30:00Z,900,true,0.847643,0.838821,0.904515,0.964313
N20270127-S032,N20270127,2027-01-28T09:45:00Z,900,true,0.809853,0.841585,0.896835,0.968319
N20270127-S033,N20270127,2027-01-28T10:00:00Z,900,true,0.767094,0.840571,0.900077,0.916675
N20270127-S034,N20270127,2027-01-28T10:15:00Z,900,true,0.773296,0.839912,0.926209,0.991602
N20270127-S035,N20270127,2027-01-28T10:30:00Z,900,true,0.749291,0.848148,0.918232,0.931545
N20270127-S036,N20270127,2027-01-28T10:45:00Z,900,true,0.732130,0.846268,0.896375,0.970761
N20270127-S037,N20270127,2027-01-28T11:00:00Z,900,true,0.765334,0.864414,0.872865,0.961288
N20270127-S038,N20270127,2027-01-28T11:15:00Z,900,true,0.747240,0.870085,0.819729,0.993581
N20270127-S039,N20270127,2027-01-28T11:30:00Z,900,true,0.747610,0.879464,0.841776,0.956744
N20270127-S040,N20270127,2027-01-28T11:45:00Z,900,true,0.751919,0.871802,0.837138,0.928941
N20270127-S041,N20270127,2027-01-28T12:00:00Z,900,true,0.734497,0.861960,0.833402,0.940264
N20270127-S042,N20270127,2027-01-28T12:15:00Z,900,true,0.780895,0.873936,0.826031,0.961529
N20270127-S043,N20270127,2027-01-28T12:30:00Z,900,true,0.783770,0.864672,0.861239,0.911985
N20270127-S044,N20270127,2027-01-28T12:45:00Z,900,true,0.821803,0.874420,0.889377,0.970148
N20270127-S045,N20270127,2027-01-28T13:00:00Z,900,true,0.861434,0.871730,0.866710,0.919672
N20270128-S001,N20270128,2027-01-29T02:00:00Z,900,true,0.880552,0.855916,1.008042,0.903478
N20270128-S002,N20270128,2027-01-29T02:15:00Z,900,true,0.934127,0.844713,0.993830,0.974572
N20270128-S003,N20270128,2027-01-29T02:30:00Z,900,true,0.924046,0.856852,1.009570,0.964189
N20270128-S004,N20270128,2027-01-29T02:45:00Z,900,true,0.947707,0.840990,1.001475,0.982306
N20270128-S005,N20270128,2027-01-29T03:00:00Z,900,true,0.934407,0.841308,0.996024,0.924669
N20270128-S006,N20270128,2027-01-29T03:15:00Z,900,true,0.906763,0.851789,0.999629,0.917901
N20270128-S007,N20270128,2027-01-29T03:30:00Z,900,true,0.921234,0.853780,1.002853,0.986856
N20270128-S008,N20270128,2027-01-29T03:45:00Z,900,true,0.864773,0.850147,0.977971,0.931510
N20270128-S009,N20270128,2027-01-29T04:00:00Z,900,true,0.862402,0.855172,0.997412,0.954567
N20270128-S010,N20270128,2027-01-29T04:15:00Z,900,true,0.914212,0.853946,0.998491,0.911396
N20270128-S011,N20270128,2027-01-29T04:30:00Z,900,true,0.926114,0.840533,1.004704,0.918360
N20270128-S012,N20270128,2027-01-29T04:45:00Z,900,true,0.942496,0.837846,0.988488,0.934014
N20270128-S013,N20270128,2027-01-29T05:00:00Z,900,true,1.010528,0.844553,0.994528,0.977060
N20270128-S014,N20270128,2027-01-29T05:15:00Z,900,true,0.990201,0.826774,0.987106,0.958987
N20270128-S015,N20270128,2027-01-29T05:30:00Z,900,true,0.989139,0.821966,0.967480,0.902264
N20270128-S016,N20270128,2027-01-29T05:45:00Z,900,true,1.004498,0.813470,0.986909,0.994373
N20270128-S017,N20270128,2027-01-29T06:00:00Z,900,true,1.039610,0.831827,0.990323,0.930469
N20270128-S018,N20270128,2027-01-29T06:15:00Z,900,true,1.005327,0.827199,1.015210,0.923986
N20270128-S019,N20270128,2027-01-29T06:30:00Z,900,true,0.984747,0.835975,1.036790,0.991756
N20270128-S020,N20270128,2027-01-29T06:45:00Z,900,true,0.966518,0.828461,1.046299,0.962469
N20270128-S021,N20270128,2027-01-29T07:00:00Z,900,true,0.973495,0.824538,1.038451,0.982974
N20270128-S022,N20270128,2027-01-29T07:15:00Z,900,true,0.991667,0.822327,1.031463,0.997422
N20270128-S023,N20270128,2027-01-29T07:30:00Z,900,true,0.965463,0.834191,1.012422,0.909141
N20270128-S024,N20270128,2027-01-29T07:45:00Z,900,true,0.979508,0.823067,1.031855,0.966285
N20270128-S025,N20270128,2027-01-29T08:00:00Z,900,true,1.003445,0.855974,0.985836,0.979261
N20270128-S026,N20270128,2027-01-29T08:15:00Z,900,true,0.964898,0.851295,0.953682,0.914853
N20270128-S027,N20270128,2027-01-29T08:30:00Z,900,true,1.011310,0.851851,0.953675,0.909792
N20270128-S028,N20270128,2027-01-29T08:45:00Z,900,true,1.009442,0.852152,0.951393,0.900703
N20270128-S029,N20270128,2027-01-29T09:00:00Z,900,true,0.987234,0.845973,0.979673,0.927087
N20270128-S030,N20270128,2027-01-29T09:15:00Z,900,true,1.040603,0.854020,0.947328,0.979501
N20270128-S031,N20270128,2027-01-29T09:30:00Z,900,true,1.003723,0.867343,0.958695,0.918932
N20270128-S032,N20270128,2027-01-29T09:45:00Z,900,true,0.971141,0.872590,0.958426,0.900306
N20270128-S033,N20270128,2027-01-29T10:00:00Z,900,true,0.977119,0.895096,0.937125,0.955600
N20270128-S034,N20270128,2027-01-29T10:15:00Z,900,true,0.998968,0.908028,0.961232,0.941584
N20270128-S035,N20270128,2027-01-29T10:30:00Z,900,true,1.028688,0.915353,0.947854,0.972150
N20270128-S036,N20270128,2027-01-29T10:45:00Z,900,true,1.060009,0.899282,0.946828,0.903966
N20270128-S037,N20270128,2027-01-29T11:00:00Z,900,true,1.057334,0.871840,0.965480,0.725429
N20270128-S038,N20270128,2027-01-29T11:15:00Z,900,true,1.056525,0.870794,0.955131,0.681586
N20270128-S039,N20270128,2027-01-29T11:30:00Z,900,true,1.037932,0.868453,0.940819,0.723338
N20270128-S040,N20270128,2027-01-29T11:45:00Z,900,true,1.104522,0.875434,0.971553,0.664334
N20270128-S041,N20270128,2027-01-29T12:00:00Z,900,true,1.087869,0.875630,0.957012,0.674404
N20270128-S042,N20270128,2027-01-29T12:15:00Z,900,true,1.023670,0.855051,0.938331,0.717100
N20270128-S043,N20270128,2027-01-29T12:30:00Z,900,true,0.976770,0.841727,0.960008,0.671242
N20270128-S044,N20270128,2027-01-29T12:45:00Z,900,true,1.025668,0.829771,0.965969,0.665318
N20270128-S045,N20270128,2027-01-29T13:00:00Z,900,true,0.992177,0.849134,0.978723,0.674176
N20270129-S001,N20270129,2027-01-30T02:00:00Z,900,true,0.965241,0.836724,0.871221,0.722490
N20270129-S002,N20270129,2027-01-30T02:15:00Z,900,true,1.003962,0.831154,0.869672,0.724570
N20270129-S003,N20270129,2027-01-30T02:30:00Z,900,true,0.973795,0.801999,0.886212,0.700644
N20270129-S004,N20270129,2027-01-30T02:45:00Z,900,true,0.944638,0.797719,0.891376,0.661421
N20270129-S005,N20270129,2027-01-30T03:00:00Z,900,true,0.946198,0.821267,0.862939,0.710901
N20270129-S006,N20270129,2027-01-30T03:15:00Z,900,true,0.927220,0.831188,0.858235,0.709023
N20270129-S007,N20270129,2027-01-30T03:30:00Z,900,true,0.882501,0.838156,0.863920,0.701051
N20270129-S008,N20270129,2027-01-30T03:45:00Z,900,true,0.880580,0.839955,0.854941,0.717004
N20270129-S009,N20270129,2027-01-30T04:00:00Z,900,true,0.826985,0.834370,0.867065,0.731532
N20270129-S010,N20270129,2027-01-30T04:15:00Z,900,true,0.826995,0.821954,0.880788,0.696234
N20270129-S011,N20270129,2027-01-30T04:30:00Z,900,true,0.820003,0.842238,0.854291,0.663408
N20270129-S012,N20270129,2027-01-30T04:45:00Z,900,true,0.842114,0.853770,0.838544,0.708881
N20270129-S013,N20270129,2027-01-30T05:00:00Z,900,true,0.857185,0.860133,0.851893,0.674939
N20270129-S014,N20270129,2027-01-30T05:15:00Z,900,true,0.888429,0.847229,0.851754,0.714629
N20270129-S015,N20270129,2027-01-30T05:30:00Z,900,true,0.916188,0.833214,0.866911,0.685319
N20270129-S016,N20270129,2027-01-30T05:45:00Z,900,true,0.897560,0.832604,0.889333,0.713918
N20270129-S017,N20270129,2027-01-30T06:00:00Z,900,true,0.899325,0.840725,0.906644,0.663793
N20270129-S018,N20270129,2027-01-30T06:15:00Z,900,true,0.942957,0.835644,0.916175,0.731137
N20270129-S019,N20270129,2027-01-30T06:30:00Z,900,true,0.897955,0.840682,0.905785,0.714858
N20270129-S020,N20270129,2027-01-30T06:45:00Z,900,true,0.869957,0.845008,0.898358,0.672470
N20270129-S021,N20270129,2027-01-30T07:00:00Z,900,true,0.880464,0.827421,0.887912,0.730428
N20270129-S022,N20270129,2027-01-30T07:15:00Z,900,true,0.846949,0.836546,0.867285,0.659413
N20270129-S023,N20270129,2027-01-30T07:30:00Z,900,true,0.913194,0.826671,0.862688,0.684757
N20270129-S024,N20270129,2027-01-30T07:45:00Z,900,true,0.915428,0.820211,0.857441,0.682558
N20270129-S025,N20270129,2027-01-30T08:00:00Z,900,true,0.889288,0.850746,0.887776,0.942136
N20270129-S026,N20270129,2027-01-30T08:15:00Z,900,true,0.815968,0.851076,0.866545,0.973276
N20270129-S027,N20270129,2027-01-30T08:30:00Z,900,true,0.811556,0.853927,0.883157,0.993129
N20270129-S028,N20270129,2027-01-30T08:45:00Z,900,true,0.808980,0.841791,0.867098,0.908786
N20270129-S029,N20270129,2027-01-30T09:00:00Z,900,true,0.843755,0.819154,0.897513,0.964812
N20270129-S030,N20270129,2027-01-30T09:15:00Z,900,true,0.884271,0.828327,0.931744,0.965186
N20270129-S031,N20270129,2027-01-30T09:30:00Z,900,true,0.855116,0.851898,0.923413,0.920379
N20270129-S032,N20270129,2027-01-30T09:45:00Z,900,true,0.859417,0.840834,0.941384,0.933356
N20270129-S033,N20270129,2027-01-30T10:00:00Z,900,true,0.898059,0.826201,0.928804,0.911457
N20270129-S034,N20270129,2027-01-30T10:15:00Z,900,true,0.909523,0.842302,0.934381,0.909799
N20270129-S035,N20270129,2027-01-30T10:30:00Z,900,true,0.954774,0.853341,0.959883,0.965452
N20270129-S036,N20270129,2027-01-30T10:45:00Z,900,true,0.954707,0.835923,0.971500,0.968672
N20270129-S037,N20270129,2027-01-30T11:00:00Z,900,true,0.999527,0.836435,0.969459,0.946939
N20270129-S038,N20270129,2027-01-30T11:15:00Z,900,true,0.962629,0.834589,0.968070,0.937040
N20270129-S039,N20270129,2027-01-30T11:30:00Z,900,true,1.005718,0.851588,0.953852,0.976000
N20270129-S040,N20270129,2027-01-30T11:45:00Z,900,true,0.977548,0.855759,0.951427,0.948644
N20270129-S041,N20270129,2027-01-30T12:00:00Z,900,true,0.959333,0.840250,0.933403,0.963790
N20270129-S042,N20270129,2027-01-30T12:15:00Z,900,true,0.942234,0.838652,0.932606,0.954533
N20270129-S043,N20270129,2027-01-30T12:30:00Z,900,true,0.963131,0.846392,0.925227,0.920062
N20270129-S044,N20270129,2027-01-30T12:45:00Z,900,true,0.940859,0.826012,0.938110,0.935494
N20270129-S045,N20270129,2027-01-30T13:00:00Z,900,true,0.875817,0.820253,0.941161,0.930691
N20270130-S001,N20270130,2027-01-31T02:00:00Z,900,true,0.769193,0.903311,0.872326,0.983685
N20270130-S002,N20270130,2027-01-31T02:15:00Z,900,true,0.749349,0.885985,0.890593,0.987042
N20270130-S003,N20270130,2027-01-31T02:30:00Z,900,true,0.768171,0.884972,0.900432,0.988054
N20270130-S004,N20270130,2027-01-31T02:45:00Z,900,true,0.757114,0.896303,0.897824,0.901106
N20270130-S005,N20270130,2027-01-31T03:00:00Z,900,true,0.760756,0.895349,0.906644,0.902857
N20270130-S006,N20270130,2027-01-31T03:15:00Z,900,true,0.765163,0.889921,0.891279,0.902800
N20270130-S007,N20270130,2027-01-31T03:30:00Z,900,true,0.765737,0.886159,0.891362,0.923668
N20270130-S008,N20270130,2027-01-31T03:45:00Z,900,true,0.785035,0.904827,0.894165,0.996337
N20270130-S009,N20270130,2027-01-31T04:00:00Z,900,true,0.750100,0.912109,0.881405,0.919701
N20270130-S010,N20270130,2027-01-31T04:15:00Z,900,true,0.810919,0.930237,0.872666,0.903214
N20270130-S011,N20270130,2027-01-31T04:30:00Z,900,true,0.855293,0.939063,0.902154,0.941024
N20270130-S012,N20270130,2027-01-31T04:45:00Z,900,true,0.861055,0.924608,0.912189,0.941677
N20270130-S013,N20270130,2027-01-31T05:00:00Z,900,true,0.880489,0.922023,0.901821,0.934560
N20270130-S014,N20270130,2027-01-31T05:15:00Z,900,true,0.868108,0.922924,0.932451,0.951601
N20270130-S015,N20270130,2027-01-31T05:30:00Z,900,true,0.809894,0.905975,0.929965,0.921571
N20270130-S016,N20270130,2027-01-31T05:45:00Z,900,true,0.731579,0.902221,0.925225,0.944635
N20270130-S017,N20270130,2027-01-31T06:00:00Z,900,true,0.782992,0.899462,0.914273,0.962189
N20270130-S018,N20270130,2027-01-31T06:15:00Z,900,true,0.770266,0.896441,0.911125,0.984868
N20270130-S019,N20270130,2027-01-31T06:30:00Z,900,true,0.775185,0.891224,0.904110,0.975111
N20270130-S020,N20270130,2027-01-31T06:45:00Z,900,true,0.796165,0.865346,0.903685,0.988420
N20270130-S021,N20270130,2027-01-31T07:00:00Z,900,true,0.773465,0.869198,0.888393,0.979566
N20270130-S022,N20270130,2027-01-31T07:15:00Z,900,true,0.817593,0.849424,0.888491,0.977853
N20270130-S023,N20270130,2027-01-31T07:30:00Z,900,true,0.774196,0.861680,0.906581,0.993432
N20270130-S024,N20270130,2027-01-31T07:45:00Z,900,true,0.760041,0.855571,0.915356,0.908372
N20270130-S025,N20270130,2027-01-31T08:00:00Z,900,true,0.796909,0.862336,0.912618,0.911079
N20270130-S026,N20270130,2027-01-31T08:15:00Z,900,true,0.811358,0.860967,0.895174,0.919962
N20270130-S027,N20270130,2027-01-31T08:30:00Z,900,true,0.841000,0.870575,0.905687,0.922381
N20270130-S028,N20270130,2027-01-31T08:45:00Z,900,true,0.840230,0.878068,0.896439,0.967923
N20270130-S029,N20270130,2027-01-31T09:00:00Z,900,true,0.840854,0.876134,0.916943,0.900534
N20270130-S030,N20270130,2027-01-31T09:15:00Z,900,true,0.841016,0.895301,0.907864,0.922628
N20270130-S031,N20270130,2027-01-31T09:30:00Z,900,true,0.779783,0.882797,0.940615,0.901433
N20270130-S032,N20270130,2027-01-31T09:45:00Z,900,true,0.739536,0.892885,0.947064,0.908320
N20270130-S033,N20270130,2027-01-31T10:00:00Z,900,true,0.740392,0.895086,0.957856,0.918128
N20270130-S034,N20270130,2027-01-31T10:15:00Z,900,true,0.654080,0.895987,0.989139,0.975294
N20270130-S035,N20270130,2027-01-31T10:30:00Z,900,true,0.739148,0.897190,0.973395,0.923934
N20270130-S036,N20270130,2027-01-31T10:45:00Z,900,true,0.679940,0.900559,0.966750,0.909949
N20270130-S037,N20270130,2027-01-31T11:00:00Z,900,true,0.680238,0.910006,0.970360,0.942139
N20270130-S038,N20270130,2027-01-31T11:15:00Z,900,true,0.706360,0.897617,0.967186,0.972632
N20270130-S039,N20270130,2027-01-31T11:30:00Z,900,true,0.726096,0.893341,0.951329,0.946487
N20270130-S040,N20270130,2027-01-31T11:45:00Z,900,true,0.711815,0.905162,0.956151,0.988220
N20270130-S041,N20270130,2027-01-31T12:00:00Z,900,true,0.760268,0.910089,0.974302,0.960007
N20270130-S042,N20270130,2027-01-31T12:15:00Z,900,true,0.767686,0.921318,0.967223,0.938866
N20270130-S043,N20270130,2027-01-31T12:30:00Z,900,true,0.740207,0.925005,0.950074,0.943827
N20270130-S044,N20270130,2027-01-31T12:45:00Z,900,true,0.761445,0.928845,0.952362,0.904947
N20270130-S045,N20270130,2027-01-31T13:00:00Z,900,true,0.777856,0.932447,0.959009,0.974197
N20270131-S001,N20270131,2027-02-01T02:00:00Z,900,true,0.910551,0.867800,0.916804,0.955467
N20270131-S002,N20270131,2027-02-01T02:15:00Z,900,true,0.926814,0.862730,0.923440,0.953066
N20270131-S003,N20270131,2027-02-01T02:30:00Z,900,true,0.978121,0.865055,0.941962,0.999487
N20270131-S004,N20270131,2027-02-01T02:45:00Z,900,true,0.925246,0.865886,0.910623,0.931247
N20270131-S005,N20270131,2027-02-01T03:00:00Z,900,true,0.953268,0.856722,0.939968,0.983809
N20270131-S006,N20270131,2027-02-01T03:15:00Z,900,true,0.938227,0.869346,0.926355,0.974312
N20270131-S007,N20270131,2027-02-01T03:30:00Z,900,true,0.896381,0.858714,0.904923,0.985632
N20270131-S008,N20270131,2027-02-01T03:45:00Z,900,true,0.928674,0.855280,0.921076,0.905237
N20270131-S009,N20270131,2027-02-01T04:00:00Z,900,true,0.970559,0.854480,0.907843,0.931112
N20270131-S010,N20270131,2027-02-01T04:15:00Z,900,true,0.965278,0.869641,0.922749,0.990585
N20270131-S011,N20270131,2027-02-01T04:30:00Z,900,true,1.002605,0.878029,0.918086,0.955951
N20270131-S012,N20270131,2027-02-01T04:45:00Z,900,true,0.963976,0.873469,0.953031,0.970842
N20270131-S013,N20270131,2027-02-01T05:00:00Z,900,true,0.946300,0.873935,0.949641,0.974067
N20270131-S014,N20270131,2027-02-01T05:15:00Z,900,true,0.909415,0.867991,0.928058,0.949209
N20270131-S015,N20270131,2027-02-01T05:30:00Z,900,true,0.938095,0.881055,0.946004,0.988785
N20270131-S016,N20270131,2027-02-01T05:45:00Z,900,true,0.922726,0.869518,0.982960,0.992803
N20270131-S017,N20270131,2027-02-01T06:00:00Z,900,true,0.932059,0.871487,0.983189,0.978505
N20270131-S018,N20270131,2027-02-01T06:15:00Z,900,true,0.945822,0.859660,0.957598,0.947555
N20270131-S019,N20270131,2027-02-01T06:30:00Z,900,true,0.955467,0.858900,0.917738,0.919316
N20270131-S020,N20270131,2027-02-01T06:45:00Z,900,true,0.954665,0.854783,0.940275,0.904384
N20270131-S021,N20270131,2027-02-01T07:00:00Z,900,true,0.997294,0.846499,0.939276,0.940323
N20270131-S022,N20270131,2027-02-01T07:15:00Z,900,true,1.006191,0.870756,0.935580,0.991566
N20270131-S023,N20270131,2027-02-01T07:30:00Z,900,true,1.030311,0.868705,0.942619,0.974187
N20270131-S024,N20270131,2027-02-01T07:45:00Z,900,true,1.030894,0.869552,0.950943,0.968073
N20270131-S025,N20270131,2027-02-01T08:00:00Z,900,true,0.996098,0.859692,0.931318,0.950611
N20270131-S026,N20270131,2027-02-01T08:15:00Z,900,true,0.967468,0.857721,0.935033,0.979527
N20270131-S027,N20270131,2027-02-01T08:30:00Z,900,true,0.924273,0.862684,0.934887,0.925434
N20270131-S028,N20270131,2027-02-01T08:45:00Z,900,true,0.953096,0.849270,0.948822,0.989971
N20270131-S029,N20270131,2027-02-01T09:00:00Z,900,true,0.944191,0.849226,0.956340,0.961879
N20270131-S030,N20270131,2027-02-01T09:15:00Z,900,true,0.977888,0.854294,0.927907,0.916932
N20270131-S031,N20270131,2027-02-01T09:30:00Z,900,true,0.939377,0.873624,0.920040,0.987795
N20270131-S032,N20270131,2027-02-01T09:45:00Z,900,true,0.872087,0.871721,0.898805,0.929547
N20270131-S033,N20270131,2027-02-01T10:00:00Z,900,true,0.883103,0.876264,0.911007,0.953741
N20270131-S034,N20270131,2027-02-01T10:15:00Z,900,true,0.867472,0.869078,0.898821,0.947644
N20270131-S035,N20270131,2027-02-01T10:30:00Z,900,true,0.832907,0.885199,0.934679,0.925939
N20270131-S036,N20270131,2027-02-01T10:45:00Z,900,true,0.777352,0.900803,0.951565,0.970549
N20270131-S037,N20270131,2027-02-01T11:00:00Z,900,true,0.820206,0.883871,0.935901,0.919313
N20270131-S038,N20270131,2027-02-01T11:15:00Z,900,true,0.877343,0.878808,0.942245,0.989665
N20270131-S039,N20270131,2027-02-01T11:30:00Z,900,true,0.857272,0.898932,0.957756,0.992404
N20270131-S040,N20270131,2027-02-01T11:45:00Z,900,true,0.885756,0.871899,0.981503,0.942733
N20270131-S041,N20270131,2027-02-01T12:00:00Z,900,true,0.977868,0.897720,0.978255,0.946779
N20270131-S042,N20270131,2027-02-01T12:15:00Z,900,true,1.001734,0.911799,0.943901,0.925767
N20270131-S043,N20270131,2027-02-01T12:30:00Z,900,true,1.014825,0.894057,0.940735,0.966774
N20270131-S044,N20270131,2027-02-01T12:45:00Z,900,true,1.042543,0.902543,0.945841,0.995514
N20270131-S045,N20270131,2027-02-01T13:00:00Z,900,true,1.028446,0.894747,0.960264,0.978198
N20270201-S001,N20270201,2027-02-02T02:00:00Z,900,true,1.016018,0.924398,0.942167,0.932311
N20270201-S002,N20270201,2027-02-02T02:15:00Z,900,true,1.011895,0.919614,0.916949,0.957141
N20270201-S003,N20270201,2027-02-02T02:30:00Z,900,true,1.011224,0.907180,0.939063,0.989647
N20270201-S004,N20270201,2027-02-02T02:45:00Z,900,true,0.972702,0.931830,0.925211,0.932139
N20270201-S005,N20270201,2027-02-02T03:00:00Z,900,true,0.977914,0.931912,0.915771,0.968705
N20270201-S006,N20270201,2027-02-02T03:15:00Z,900,true,1.017506,0.934228,0.896501,0.917401
N20270201-S007,N20270201,2027-02-02T03:30:00Z,900,true,1.022348,0.907761,0.925919,0.915097
N20270201-S008,N20270201,2027-02-02T03:45:00Z,900,true,1.057613,0.911905,0.920919,0.908521
N20270201-S009,N20270201,2027-02-02T04:00:00Z,900,false,,,,
N20270201-S010,N20270201,2027-02-02T04:15:00Z,900,true,0.956166,0.893626,0.982150,0.916096
N20270201-S011,N20270201,2027-02-02T04:30:00Z,900,true,0.963717,0.890370,0.972233,0.974701
N20270201-S012,N20270201,2027-02-02T04:45:00Z,900,true,0.961276,0.907726,0.973235,0.923066
N20270201-S013,N20270201,2027-02-02T05:00:00Z,900,true,0.953366,0.928563,0.947816,0.981626
N20270201-S014,N20270201,2027-02-02T05:15:00Z,900,true,0.973320,0.911726,0.945317,0.969853
N20270201-S015,N20270201,2027-02-02T05:30:00Z,900,true,0.933374,0.931871,0.959239,0.970160
N20270201-S016,N20270201,2027-02-02T05:45:00Z,900,true,0.911436,0.931570,0.969905,0.908352
N20270201-S017,N20270201,2027-02-02T06:00:00Z,900,true,1.007325,0.923414,0.965927,0.965511
N20270201-S018,N20270201,2027-02-02T06:15:00Z,900,true,0.974674,0.927994,0.963231,0.957253
N20270201-S019,N20270201,2027-02-02T06:30:00Z,900,true,0.988405,0.929166,0.990069,0.997737
N20270201-S020,N20270201,2027-02-02T06:45:00Z,900,true,1.009911,0.908299,0.965126,0.911471
N20270201-S021,N20270201,2027-02-02T07:00:00Z,900,true,1.057973,0.922880,0.960980,0.938072
N20270201-S022,N20270201,2027-02-02T07:15:00Z,900,true,1.092106,0.935865,0.985019,0.971122
N20270201-S023,N20270201,2027-02-02T07:30:00Z,900,true,1.128718,0.942252,0.997192,0.900305
N20270201-S024,N20270201,2027-02-02T07:45:00Z,900,true,1.090290,0.952934,0.979031,0.928445
N20270201-S025,N20270201,2027-02-02T08:00:00Z,900,true,1.069503,0.953096,0.959501,0.945658
N20270201-S026,N20270201,2027-02-02T08:15:00Z,900,true,1.048180,0.951493,0.959659,0.918446
N20270201-S027,N20270201,2027-02-02T08:30:00Z,900,true,1.087351,0.940901,0.960515,0.925855
N20270201-S028,N20270201,2027-02-02T08:45:00Z,900,true,1.112645,0.952222,0.983128,0.952839
N20270201-S029,N20270201,2027-02-02T09:00:00Z,900,true,1.081279,0.960176,0.959882,0.987610
N20270201-S030,N20270201,2027-02-02T09:15:00Z,900,true,1.088072,0.966478,0.980800,0.997796
N20270201-S031,N20270201,2027-02-02T09:30:00Z,900,true,1.121416,0.960300,0.965782,0.996865
N20270201-S032,N20270201,2027-02-02T09:45:00Z,900,true,1.106448,0.942065,0.968406,0.999863
N20270201-S033,N20270201,2027-02-02T10:00:00Z,900,true,1.073417,0.926886,0.973529,0.918954
N20270201-S034,N20270201,2027-02-02T10:15:00Z,900,true,1.071470,0.929461,0.978303,0.964378
N20270201-S035,N20270201,2027-02-02T10:30:00Z,900,true,1.131350,0.921433,0.961585,0.908678
N20270201-S036,N20270201,2027-02-02T10:45:00Z,900,true,1.083141,0.902883,0.940128,0.906059
N20270201-S037,N20270201,2027-02-02T11:00:00Z,900,true,1.092469,0.905947,0.981039,0.922821
N20270201-S038,N20270201,2027-02-02T11:15:00Z,900,true,1.054089,0.908961,0.959649,0.928253
N20270201-S039,N20270201,2027-02-02T11:30:00Z,900,true,1.040113,0.885620,0.940783,0.901182
N20270201-S040,N20270201,2027-02-02T11:45:00Z,900,true,1.003568,0.903257,0.938876,0.970354
N20270201-S041,N20270201,2027-02-02T12:00:00Z,900,true,0.963781,0.916286,0.934560,0.955817
N20270201-S042,N20270201,2027-02-02T12:15:00Z,900,true,0.988174,0.927359,0.952429,0.943369
N20270201-S043,N20270201,2027-02-02T12:30:00Z,900,true,1.012731,0.929211,0.943307,0.956503
N20270201-S044,N20270201,2027-02-02T12:45:00Z,900,true,1.050260,0.907969,0.914789,0.999996
N20270201-S045,N20270201,2027-02-02T13:00:00Z,900,true,1.050151,0.917539,0.934719,0.997899
N20270202-S001,N20270202,2027-02-03T02:00:00Z,900,true,0.880579,0.896430,1.030683,0.911483
N20270202-S002,N20270202,2027-02-03T02:15:00Z,900,true,0.872879,0.910240,1.051931,0.903094
N20270202-S003,N20270202,2027-02-03T02:30:00Z,900,true,0.833518,0.906909,1.056851,0.905987
N20270202-S004,N20270202,2027-02-03T02:45:00Z,900,true,0.783923,0.898840,1.082195,0.995590
N20270202-S005,N20270202,2027-02-03T03:00:00Z,900,true,0.764123,0.904674,1.082639,0.940117
N20270202-S006,N20270202,2027-02-03T03:15:00Z,900,true,0.769786,0.939227,1.072773,0.916915
N20270202-S007,N20270202,2027-02-03T03:30:00Z,900,true,0.788862,0.933825,1.042862,0.907912
N20270202-S008,N20270202,2027-02-03T03:45:00Z,900,true,0.756534,0.910461,1.078486,0.980808
N20270202-S009,N20270202,2027-02-03T04:00:00Z,900,true,0.777981,0.923579,1.071372,0.933537
N20270202-S010,N20270202,2027-02-03T04:15:00Z,900,true,0.795516,0.907544,1.058977,0.901392
N20270202-S011,N20270202,2027-02-03T04:30:00Z,900,true,0.834423,0.902003,1.048585,0.985387
N20270202-S012,N20270202,2027-02-03T04:45:00Z,900,true,0.877818,0.896902,1.084891,0.923342
N20270202-S013,N20270202,2027-02-03T05:00:00Z,900,true,0.883830,0.896697,1.077466,0.903133
N20270202-S014,N20270202,2027-02-03T05:15:00Z,900,true,0.866460,0.902606,1.060497,0.926846
N20270202-S015,N20270202,2027-02-03T05:30:00Z,900,true,0.878034,0.919751,1.047217,0.909292
N20270202-S016,N20270202,2027-02-03T05:45:00Z,900,true,0.886940,0.930215,1.043702,0.912083
N20270202-S017,N20270202,2027-02-03T06:00:00Z,900,true,0.951278,0.908767,1.058262,0.971706
N20270202-S018,N20270202,2027-02-03T06:15:00Z,900,true,0.934794,0.921341,1.063990,0.997106
N20270202-S019,N20270202,2027-02-03T06:30:00Z,900,true,0.917944,0.911678,1.056652,0.973909
N20270202-S020,N20270202,2027-02-03T06:45:00Z,900,true,0.911759,0.902224,1.089218,0.976795
N20270202-S021,N20270202,2027-02-03T07:00:00Z,900,true,0.882428,0.898952,1.096923,0.931589
N20270202-S022,N20270202,2027-02-03T07:15:00Z,900,true,0.829556,0.908773,1.112815,0.919459
N20270202-S023,N20270202,2027-02-03T07:30:00Z,900,true,0.861676,0.915071,1.115180,0.961245
N20270202-S024,N20270202,2027-02-03T07:45:00Z,900,true,0.804792,0.900802,1.130835,0.920203
N20270202-S025,N20270202,2027-02-03T08:00:00Z,900,true,0.790045,0.904928,1.119805,0.908306
N20270202-S026,N20270202,2027-02-03T08:15:00Z,900,true,0.822949,0.882445,1.102615,0.974913
N20270202-S027,N20270202,2027-02-03T08:30:00Z,900,true,0.816497,0.880187,1.105144,0.953620
N20270202-S028,N20270202,2027-02-03T08:45:00Z,900,true,0.840615,0.884446,1.099082,0.918579
N20270202-S029,N20270202,2027-02-03T09:00:00Z,900,false,,,,
N20270202-S030,N20270202,2027-02-03T09:15:00Z,900,false,,,,
N20270202-S031,N20270202,2027-02-03T09:30:00Z,900,true,0.856386,0.866087,1.091429,0.964038
N20270202-S032,N20270202,2027-02-03T09:45:00Z,900,true,0.877794,0.862601,1.087630,0.953052
N20270202-S033,N20270202,2027-02-03T10:00:00Z,900,true,0.840095,0.862671,1.108593,0.931191
N20270202-S034,N20270202,2027-02-03T10:15:00Z,900,true,0.868367,0.849213,1.111877,0.938687
N20270202-S035,N20270202,2027-02-03T10:30:00Z,900,true,0.834949,0.861471,1.124675,0.929559
N20270202-S036,N20270202,2027-02-03T10:45:00Z,900,true,0.850294,0.856034,1.115147,0.965404
N20270202-S037,N20270202,2027-02-03T11:00:00Z,900,true,0.866422,0.864762,1.090378,0.903899
N20270202-S038,N20270202,2027-02-03T11:15:00Z,900,true,0.845383,0.854959,1.064105,0.984855
N20270202-S039,N20270202,2027-02-03T11:30:00Z,900,true,0.870459,0.849549,1.080901,0.982409
N20270202-S040,N20270202,2027-02-03T11:45:00Z,900,true,0.856321,0.837315,1.082704,0.915324
N20270202-S041,N20270202,2027-02-03T12:00:00Z,900,true,0.840483,0.853989,1.063773,0.969370
N20270202-S042,N20270202,2027-02-03T12:15:00Z,900,true,0.844920,0.836192,1.065405,0.933746
N20270202-S043,N20270202,2027-02-03T12:30:00Z,900,true,0.882128,0.842281,1.054129,0.907472
N20270202-S044,N20270202,2027-02-03T12:45:00Z,900,true,0.899974,0.849366,1.049327,0.932776
N20270202-S045,N20270202,2027-02-03T13:00:00Z,900,true,0.906826,0.835609,1.098292,0.949467
N20270203-S001,N20270203,2027-02-04T02:00:00Z,900,true,0.981335,0.872520,1.110242,0.949622
N20270203-S002,N20270203,2027-02-04T02:15:00Z,900,true,0.979701,0.871355,1.139189,0.952088
N20270203-S003,N20270203,2027-02-04T02:30:00Z,900,true,1.020175,0.865753,1.099626,0.998172
N20270203-S004,N20270203,2027-02-04T02:45:00Z,900,true,1.090918,0.865629,1.082257,0.966044
N20270203-S005,N20270203,2027-02-04T03:00:00Z,900,true,1.129671,0.853770,1.077034,0.942794
N20270203-S006,N20270203,2027-02-04T03:15:00Z,900,true,1.114952,0.834147,1.075800,0.949340
N20270203-S007,N20270203,2027-02-04T03:30:00Z,900,true,1.112773,0.860611,1.065282,0.999385
N20270203-S008,N20270203,2027-02-04T03:45:00Z,900,true,1.064451,0.855244,1.077283,0.933698
N20270203-S009,N20270203,2027-02-04T04:00:00Z,900,true,1.127541,0.881953,1.078755,0.985633
N20270203-S010,N20270203,2027-02-04T04:15:00Z,900,true,1.193822,0.882912,1.064462,0.997807
N20270203-S011,N20270203,2027-02-04T04:30:00Z,900,true,1.162848,0.883360,1.077701,0.919259
N20270203-S012,N20270203,2027-02-04T04:45:00Z,900,true,1.151104,0.871552,1.112419,0.992146
N20270203-S013,N20270203,2027-02-04T05:00:00Z,900,true,1.169945,0.869162,1.118288,0.967010
N20270203-S014,N20270203,2027-02-04T05:15:00Z,900,true,1.162842,0.862280,1.113686,0.951020
N20270203-S015,N20270203,2027-02-04T05:30:00Z,900,true,1.140760,0.861712,1.097483,0.967384
N20270203-S016,N20270203,2027-02-04T05:45:00Z,900,true,1.117367,0.856126,1.102222,0.954062
N20270203-S017,N20270203,2027-02-04T06:00:00Z,900,true,1.075405,0.850242,1.102866,0.942116
N20270203-S018,N20270203,2027-02-04T06:15:00Z,900,true,1.121843,0.866687,1.103270,0.901507
N20270203-S019,N20270203,2027-02-04T06:30:00Z,900,true,1.084878,0.863666,1.106483,0.914538
N20270203-S020,N20270203,2027-02-04T06:45:00Z,900,true,1.107885,0.870855,1.102719,0.931365
N20270203-S021,N20270203,2027-02-04T07:00:00Z,900,true,1.128225,0.887140,1.144505,0.968822
N20270203-S022,N20270203,2027-02-04T07:15:00Z,900,true,1.135519,0.874222,1.137028,0.936060
N20270203-S023,N20270203,2027-02-04T07:30:00Z,900,true,1.121890,0.883429,1.139508,0.961837
N20270203-S024,N20270203,2027-02-04T07:45:00Z,900,true,1.087598,0.875843,1.116117,0.963800
N20270203-S025,N20270203,2027-02-04T08:00:00Z,900,true,1.055663,0.863094,1.115429,0.905978
N20270203-S026,N20270203,2027-02-04T08:15:00Z,900,true,1.054461,0.832794,1.104345,0.969228
N20270203-S027,N20270203,2027-02-04T08:30:00Z,900,true,1.044582,0.850081,1.095173,0.948427
N20270203-S028,N20270203,2027-02-04T08:45:00Z,900,true,1.034215,0.828480,1.103268,0.997870
N20270203-S029,N20270203,2027-02-04T09:00:00Z,900,true,0.994440,0.819835,1.114235,0.982029
N20270203-S030,N20270203,2027-02-04T09:15:00Z,900,true,1.017749,0.824384,1.113781,0.970500
N20270203-S031,N20270203,2027-02-04T09:30:00Z,900,true,1.054302,0.833112,1.121722,0.939684
N20270203-S032,N20270203,2027-02-04T09:45:00Z,900,true,1.090330,0.822909,1.137701,0.965711
N20270203-S033,N20270203,2027-02-04T10:00:00Z,900,true,1.098487,0.818460,1.127539,0.966843
N20270203-S034,N20270203,2027-02-04T10:15:00Z,900,true,1.091782,0.819769,1.092093,0.925263
N20270203-S035,N20270203,2027-02-04T10:30:00Z,900,true,1.112015,0.845780,1.099363,0.954635
N20270203-S036,N20270203,2027-02-04T10:45:00Z,900,true,1.087343,0.849678,1.110143,0.905087
N20270203-S037,N20270203,2027-02-04T11:00:00Z,900,true,1.116812,0.863376,1.154528,0.997332
N20270203-S038,N20270203,2027-02-04T11:15:00Z,900,true,1.088449,0.867257,1.104390,0.919728
N20270203-S039,N20270203,2027-02-04T11:30:00Z,900,true,1.057730,0.870894,1.108503,0.947681
N20270203-S040,N20270203,2027-02-04T11:45:00Z,900,true,1.069346,0.837103,1.098666,0.902497
N20270203-S041,N20270203,2027-02-04T12:00:00Z,900,true,1.020156,0.858929,1.126904,0.987512
N20270203-S042,N20270203,2027-02-04T12:15:00Z,900,true,1.006277,0.868740,1.134532,0.976387
N20270203-S043,N20270203,2027-02-04T12:30:00Z,900,true,1.027999,0.875848,1.134326,0.928970
N20270203-S044,N20270203,2027-02-04T12:45:00Z,900,true,0.994425,0.867957,1.130951,0.930121
N20270203-S045,N20270203,2027-02-04T13:00:00Z,900,true,1.039200,0.862023,1.141113,0.966193
N20270204-S001,N20270204,2027-02-05T02:00:00Z,900,true,0.868338,0.876180,1.048967,0.900747
N20270204-S002,N20270204,2027-02-05T02:15:00Z,900,true,0.851617,0.864840,1.049232,0.968071
N20270204-S003,N20270204,2027-02-05T02:30:00Z,900,true,0.848286,0.857486,1.040927,0.971895
N20270204-S004,N20270204,2027-02-05T02:45:00Z,900,true,0.886947,0.845451,1.037304,0.996158
N20270204-S005,N20270204,2027-02-05T03:00:00Z,900,true,0.892174,0.844466,1.042308,0.980301
N20270204-S006,N20270204,2027-02-05T03:15:00Z,900,true,0.915765,0.800768,1.062265,0.949647
N20270204-S007,N20270204,2027-02-05T03:30:00Z,900,true,0.972380,0.794972,1.088824,0.956423
N20270204-S008,N20270204,2027-02-05T03:45:00Z,900,true,0.965394,0.796894,1.082524,0.956749
N20270204-S009,N20270204,2027-02-05T04:00:00Z,900,true,0.943293,0.805572,1.058914,0.943096
N20270204-S010,N20270204,2027-02-05T04:15:00Z,900,true,0.971150,0.821974,1.056854,0.910396
N20270204-S011,N20270204,2027-02-05T04:30:00Z,900,true,1.013105,0.828739,1.034325,0.975412
N20270204-S012,N20270204,2027-02-05T04:45:00Z,900,true,0.980616,0.841174,1.034765,0.950130
N20270204-S013,N20270204,2027-02-05T05:00:00Z,900,true,0.952466,0.825129,1.027896,0.989460
N20270204-S014,N20270204,2027-02-05T05:15:00Z,900,true,0.948811,0.820734,1.050294,0.947579
N20270204-S015,N20270204,2027-02-05T05:30:00Z,900,true,0.913331,0.819637,1.040518,0.966878
N20270204-S016,N20270204,2027-02-05T05:45:00Z,900,true,0.966524,0.817268,1.034906,0.938168
N20270204-S017,N20270204,2027-02-05T06:00:00Z,900,true,0.982953,0.810316,1.054828,0.933928
N20270204-S018,N20270204,2027-02-05T06:15:00Z,900,true,1.022550,0.803764,1.040997,0.962443
N20270204-S019,N20270204,2027-02-05T06:30:00Z,900,true,1.004387,0.820507,1.032823,0.913997
N20270204-S020,N20270204,2027-02-05T06:45:00Z,900,true,0.977195,0.828101,1.017408,0.940612
N20270204-S021,N20270204,2027-02-05T07:00:00Z,900,true,1.001145,0.849325,1.011380,0.980946
N20270204-S022,N20270204,2027-02-05T07:15:00Z,900,true,1.016396,0.837771,1.021269,0.957839
N20270204-S023,N20270204,2027-02-05T07:30:00Z,900,true,1.013023,0.844044,1.067203,0.978260
N20270204-S024,N20270204,2027-02-05T07:45:00Z,900,true,0.996066,0.838252,1.054068,0.962729
N20270204-S025,N20270204,2027-02-05T08:00:00Z,900,true,1.001484,0.847510,1.036713,0.918130
N20270204-S026,N20270204,2027-02-05T08:15:00Z,900,true,0.951706,0.829329,1.042843,0.912625
N20270204-S027,N20270204,2027-02-05T08:30:00Z,900,true,0.868297,0.814335,1.071440,0.929923
N20270204-S028,N20270204,2027-02-05T08:45:00Z,900,true,0.941080,0.821417,1.099093,0.934100
N20270204-S029,N20270204,2027-02-05T09:00:00Z,900,true,0.962593,0.827769,1.120860,0.988146
N20270204-S030,N20270204,2027-02-05T09:15:00Z,900,true,0.964615,0.821331,1.123136,0.997372
N20270204-S031,N20270204,2027-02-05T09:30:00Z,900,true,0.960876,0.813517,1.153904,0.916460
N20270204-S032,N20270204,2027-02-05T09:45:00Z,900,true,0.982795,0.824802,1.137094,0.960770
N20270204-S033,N20270204,2027-02-05T10:00:00Z,900,true,1.005107,0.836745,1.134278,0.982262
N20270204-S034,N20270204,2027-02-05T10:15:00Z,900,true,0.975271,0.858654,1.119156,0.965166
N20270204-S035,N20270204,2027-02-05T10:30:00Z,900,true,0.951525,0.874731,1.106621,0.990852
N20270204-S036,N20270204,2027-02-05T10:45:00Z,900,true,0.930145,0.867373,1.099001,0.926080
N20270204-S037,N20270204,2027-02-05T11:00:00Z,900,true,0.952351,0.877884,1.097867,0.917148
N20270204-S038,N20270204,2027-02-05T11:15:00Z,900,true,0.918804,0.878163,1.056981,0.907021
N20270204-S039,N20270204,2027-02-05T11:30:00Z,900,true,0.886964,0.864754,1.041398,0.954755
N20270204-S040,N20270204,2027-02-05T11:45:00Z,900,true,0.881700,0.879778,1.077778,0.969840
N20270204-S041,N20270204,2027-02-05T12:00:00Z,900,true,0.896589,0.881844,1.067105,0.937940
N20270204-S042,N20270204,2027-02-05T12:15:00Z,900,true,0.844761,0.893150,1.065052,0.985848
N20270204-S043,N20270204,2027-02-05T12:30:00Z,900,true,0.841948,0.876700,1.062453,0.928714
N20270204-S044,N20270204,2027-02-05T12:45:00Z,900,true,0.840628,0.873678,1.050980,0.938213
N20270204-S045,N20270204,2027-02-05T13:00:00Z,900,true,0.833673,0.856067,1.034575,0.992470
N20270205-S001,N20270205,2027-02-06T02:00:00Z,900,true,1.053108,0.918564,1.026099,0.934118
N20270205-S002,N20270205,2027-02-06T02:15:00Z,900,true,1.004427,0.921244,1.019106,0.948421
N20270205-S003,N20270205,2027-02-06T02:30:00Z,900,true,1.045616,0.909165,1.008335,0.992875
N20270205-S004,N20270205,2027-02-06T02:45:00Z,900,true,0.985904,0.911197,1.021333,0.931379
N20270205-S005,N20270205,2027-02-06T03:00:00Z,900,true,1.015139,0.904714,1.044916,0.958369
N20270205-S006,N20270205,2027-02-06T03:15:00Z,900,true,1.040025,0.915747,1.061434,0.979021
N20270205-S007,N20270205,2027-02-06T03:30:00Z,900,true,1.015530,0.929031,1.072657,0.905934
N20270205-S008,N20270205,2027-02-06T03:45:00Z,900,true,1.018046,0.935828,1.076879,0.923599
N20270205-S009,N20270205,2027-02-06T04:00:00Z,900,true,1.053661,0.916034,1.072033,0.952598
N20270205-S010,N20270205,2027-02-06T04:15:00Z,900,true,1.090416,0.928384,1.057663,0.921494
N20270205-S011,N20270205,2027-02-06T04:30:00Z,900,true,1.080234,0.944851,1.066096,0.952894
N20270205-S012,N20270205,2027-02-06T04:45:00Z,900,true,1.077191,0.938651,1.076197,0.907358
N20270205-S013,N20270205,2027-02-06T05:00:00Z,900,true,1.076219,0.928789,1.093757,0.974436
N20270205-S014,N20270205,2027-02-06T05:15:00Z,900,true,1.044787,0.931904,1.080853,0.962575
N20270205-S015,N20270205,2027-02-06T05:30:00Z,900,true,1.077200,0.935117,1.080573,0.968515
N20270205-S016,N20270205,2027-02-06T05:45:00Z,900,true,1.047027,0.922104,1.064455,0.931151
N20270205-S017,N20270205,2027-02-06T06:00:00Z,900,true,1.058537,0.917291,1.070476,0.959479
N20270205-S018,N20270205,2027-02-06T06:15:00Z,900,true,1.055203,0.926290,1.082556,0.926567
N20270205-S019,N20270205,2027-02-06T06:30:00Z,900,true,1.095432,0.933854,1.075858,0.941807
N20270205-S020,N20270205,2027-02-06T06:45:00Z,900,true,1.081739,0.956466,1.073348,0.911664
N20270205-S021,N20270205,2027-02-06T07:00:00Z,900,true,1.135421,0.973339,1.045139,0.943279
N20270205-S022,N20270205,2027-02-06T07:15:00Z,900,true,1.094493,0.959638,1.057415,0.992788
N20270205-S023,N20270205,2027-02-06T07:30:00Z,900,true,1.078435,0.959966,1.052430,0.932579
N20270205-S024,N20270205,2027-02-06T07:45:00Z,900,true,1.058402,0.967409,1.061425,0.987265
N20270205-S025,N20270205,2027-02-06T08:00:00Z,900,true,1.046989,0.972020,1.057218,0.922798
N20270205-S026,N20270205,2027-02-06T08:15:00Z,900,true,1.044767,0.974342,1.020358,0.957065
N20270205-S027,N20270205,2027-02-06T08:30:00Z,900,true,1.112459,0.965030,1.016100,0.905116
N20270205-S028,N20270205,2027-02-06T08:45:00Z,900,true,1.077935,0.956939,1.033511,0.903351
N20270205-S029,N20270205,2027-02-06T09:00:00Z,900,true,1.048436,0.929770,1.063774,0.943187
N20270205-S030,N20270205,2027-02-06T09:15:00Z,900,true,1.067228,0.924620,1.051711,0.973103
N20270205-S031,N20270205,2027-02-06T09:30:00Z,900,true,1.048293,0.927748,1.053002,0.994250
N20270205-S032,N20270205,2027-02-06T09:45:00Z,900,true,1.016536,0.930963,1.065325,0.927244
N20270205-S033,N20270205,2027-02-06T10:00:00Z,900,true,0.998875,0.951148,1.057142,0.995186
N20270205-S034,N20270205,2027-02-06T10:15:00Z,900,true,0.983376,0.955727,1.049240,0.910098
N20270205-S035,N20270205,2027-02-06T10:30:00Z,900,true,1.016561,0.945689,1.055929,0.964726
N20270205-S036,N20270205,2027-02-06T10:45:00Z,900,true,1.094148,0.928865,1.029600,0.901335
N20270205-S037,N20270205,2027-02-06T11:00:00Z,900,true,1.100220,0.911884,1.027441,0.973767
N20270205-S038,N20270205,2027-02-06T11:15:00Z,900,true,1.114678,0.924225,1.020916,0.907949
N20270205-S039,N20270205,2027-02-06T11:30:00Z,900,true,1.131190,0.941842,1.023492,0.982523
N20270205-S040,N20270205,2027-02-06T11:45:00Z,900,true,1.085264,0.923632,1.014144,0.916577
N20270205-S041,N20270205,2027-02-06T12:00:00Z,900,true,1.021822,0.925854,1.029739,0.987873
N20270205-S042,N20270205,2027-02-06T12:15:00Z,900,true,1.080955,0.926327,1.013041,0.918813
N20270205-S043,N20270205,2027-02-06T12:30:00Z,900,true,1.112335,0.918855,0.984995,0.978330
N20270205-S044,N20270205,2027-02-06T12:45:00Z,900,true,1.103527,0.918988,1.003640,0.986420
N20270205-S045,N20270205,2027-02-06T13:00:00Z,900,true,1.091287,0.901352,0.998715,0.989990
N20270206-S001,N20270206,2027-02-07T02:00:00Z,900,true,1.014187,0.969375,0.886203,0.931859
N20270206-S002,N20270206,2027-02-07T02:15:00Z,900,true,1.022921,0.967200,0.895937,0.979938
N20270206-S003,N20270206,2027-02-07T02:30:00Z,900,true,1.041562,0.971188,0.888651,0.942182
N20270206-S004,N20270206,2027-02-07T02:45:00Z,900,true,1.059513,0.975461,0.900306,0.967998
N20270206-S005,N20270206,2027-02-07T03:00:00Z,900,true,1.023065,0.979830,0.887283,0.939358
N20270206-S006,N20270206,2027-02-07T03:15:00Z,900,true,1.029993,0.986655,0.907298,0.940430
N20270206-S007,N20270206,2027-02-07T03:30:00Z,900,true,1.005652,0.975083,0.921336,0.941624
N20270206-S008,N20270206,2027-02-07T03:45:00Z,900,true,0.989294,0.962515,0.918837,0.991379
N20270206-S009,N20270206,2027-02-07T04:00:00Z,900,true,0.929382,0.960570,0.923610,0.947278
N20270206-S010,N20270206,2027-02-07T04:15:00Z,900,true,0.964623,0.936932,0.914022,0.923139
N20270206-S011,N20270206,2027-02-07T04:30:00Z,900,true,0.992772,0.928643,0.898303,0.947301
N20270206-S012,N20270206,2027-02-07T04:45:00Z,900,true,0.976358,0.952996,0.907902,0.987124
N20270206-S013,N20270206,2027-02-07T05:00:00Z,900,true,0.985269,0.971766,0.919338,0.945620
N20270206-S014,N20270206,2027-02-07T05:15:00Z,900,true,0.960996,0.973782,0.913916,0.953263
N20270206-S015,N20270206,2027-02-07T05:30:00Z,900,true,1.005693,0.963929,0.919125,0.939693
N20270206-S016,N20270206,2027-02-07T05:45:00Z,900,true,1.052592,0.971970,0.929853,0.972747
N20270206-S017,N20270206,2027-02-07T06:00:00Z,900,true,1.075903,0.959850,0.931426,0.913509
N20270206-S018,N20270206,2027-02-07T06:15:00Z,900,true,0.969224,0.931787,0.930112,0.948098
N20270206-S019,N20270206,2027-02-07T06:30:00Z,900,true,0.975961,0.932967,0.889053,0.916275
N20270206-S020,N20270206,2027-02-07T06:45:00Z,900,true,0.984612,0.935293,0.891527,0.906355
N20270206-S021,N20270206,2027-02-07T07:00:00Z,900,true,0.908791,0.923805,0.886936,0.988386
N20270206-S022,N20270206,2027-02-07T07:15:00Z,900,true,0.974814,0.927492,0.870816,0.979885
N20270206-S023,N20270206,2027-02-07T07:30:00Z,900,true,1.019029,0.938079,0.871578,0.995384
N20270206-S024,N20270206,2027-02-07T07:45:00Z,900,true,0.996503,0.927092,0.870084,0.980728
N20270206-S025,N20270206,2027-02-07T08:00:00Z,900,true,0.985752,0.927528,0.881639,0.999424
N20270206-S026,N20270206,2027-02-07T08:15:00Z,900,true,0.939901,0.932377,0.882964,0.934418
N20270206-S027,N20270206,2027-02-07T08:30:00Z,900,true,0.900241,0.932181,0.855600,0.956005
N20270206-S028,N20270206,2027-02-07T08:45:00Z,900,true,0.938193,0.925404,0.863445,0.957179
N20270206-S029,N20270206,2027-02-07T09:00:00Z,900,true,1.009647,0.928262,0.858724,0.957939
N20270206-S030,N20270206,2027-02-07T09:15:00Z,900,true,0.963314,0.938350,0.871459,0.976122
N20270206-S031,N20270206,2027-02-07T09:30:00Z,900,true,0.956564,0.940884,0.854195,0.967759
N20270206-S032,N20270206,2027-02-07T09:45:00Z,900,true,1.020373,0.931404,0.833825,0.910280
N20270206-S033,N20270206,2027-02-07T10:00:00Z,900,true,1.078532,0.937227,0.809358,0.942919
N20270206-S034,N20270206,2027-02-07T10:15:00Z,900,true,1.081630,0.948992,0.817903,0.982360
N20270206-S035,N20270206,2027-02-07T10:30:00Z,900,true,1.024186,0.935172,0.842154,0.987705
N20270206-S036,N20270206,2027-02-07T10:45:00Z,900,true,0.964182,0.942589,0.835854,0.987522
N20270206-S037,N20270206,2027-02-07T11:00:00Z,900,true,0.986899,0.954837,0.864871,0.944486
N20270206-S038,N20270206,2027-02-07T11:15:00Z,900,true,1.033894,0.961030,0.871321,0.968499
N20270206-S039,N20270206,2027-02-07T11:30:00Z,900,true,1.010220,0.958653,0.886743,0.940518
N20270206-S040,N20270206,2027-02-07T11:45:00Z,900,true,1.034652,0.958708,0.898964,0.957884
N20270206-S041,N20270206,2027-02-07T12:00:00Z,900,true,1.076867,0.960032,0.886660,0.993048
N20270206-S042,N20270206,2027-02-07T12:15:00Z,900,true,1.098724,0.956707,0.850664,0.921377
N20270206-S043,N20270206,2027-02-07T12:30:00Z,900,true,1.094285,0.956161,0.854931,0.931644
N20270206-S044,N20270206,2027-02-07T12:45:00Z,900,false,,,,
N20270206-S045,N20270206,2027-02-07T13:00:00Z,900,false,,,,
N20270207-S001,N20270207,2027-02-08T02:15:00Z,900,true,1.000071,0.950977,0.959382,0.997751
N20270207-S002,N20270207,2027-02-08T02:30:00Z,900,true,0.952645,0.969227,0.958231,0.988106
N20270207-S003,N20270207,2027-02-08T02:45:00Z,900,true,0.924622,0.977716,0.952996,0.934561
N20270207-S004,N20270207,2027-02-08T03:00:00Z,900,true,0.950670,0.958419,0.944079,0.940385
N20270207-S005,N20270207,2027-02-08T03:15:00Z,900,true,0.946082,0.941489,0.942276,0.974522
N20270207-S006,N20270207,2027-02-08T03:30:00Z,900,true,0.962235,0.938955,0.937027,0.904558
N20270207-S007,N20270207,2027-02-08T03:45:00Z,900,true,0.997853,0.951290,0.924067,0.952144
N20270207-S008,N20270207,2027-02-08T04:00:00Z,900,true,1.052689,0.943175,0.915568,0.971208
N20270207-S009,N20270207,2027-02-08T04:15:00Z,900,true,1.040782,0.939909,0.886561,0.968929
N20270207-S010,N20270207,2027-02-08T04:30:00Z,900,true,1.055935,0.942608,0.889054,0.920261
N20270207-S011,N20270207,2027-02-08T04:45:00Z,900,true,1.115326,0.952925,0.925898,0.964402
N20270207-S012,N20270207,2027-02-08T05:00:00Z,900,true,1.144719,0.952873,0.915193,0.956680
N20270207-S013,N20270207,2027-02-08T05:15:00Z,900,true,1.098261,0.947312,0.922891,0.960084
N20270207-S014,N20270207,2027-02-08T05:30:00Z,900,true,1.101355,0.945939,0.918920,0.993842
N20270207-S015,N20270207,2027-02-08T05:45:00Z,900,true,1.131529,0.947390,0.936369,0.910533
N20270207-S016,N20270207,2027-02-08T06:00:00Z,900,true,1.130158,0.947225,0.929725,0.951993
N20270207-S017,N20270207,2027-02-08T06:15:00Z,900,true,1.156738,0.920872,0.941655,0.965734
N20270207-S018,N20270207,2027-02-08T06:30:00Z,900,true,1.163351,0.942502,0.924093,0.914189
N20270207-S019,N20270207,2027-02-08T06:45:00Z,900,true,1.172510,0.939158,0.941718,0.945489
N20270207-S020,N20270207,2027-02-08T07:00:00Z,900,true,1.123906,0.933055,0.945318,0.963294
N20270207-S021,N20270207,2027-02-08T07:15:00Z,900,true,1.120587,0.927804,0.949435,0.938467
N20270207-S022,N20270207,2027-02-08T07:30:00Z,900,true,1.096336,0.941393,0.916545,0.967043
N20270207-S023,N20270207,2027-02-08T07:45:00Z,900,true,1.079222,0.937234,0.916493,0.986281
N20270207-S024,N20270207,2027-02-08T08:00:00Z,900,true,1.060158,0.932322,0.913522,0.905760
N20270207-S025,N20270207,2027-02-08T08:15:00Z,900,true,1.043197,0.932753,0.920388,0.904269
N20270207-S026,N20270207,2027-02-08T08:30:00Z,900,true,1.027715,0.914407,0.887928,0.914051
N20270207-S027,N20270207,2027-02-08T08:45:00Z,900,true,1.037028,0.937436,0.880408,0.996435
N20270207-S028,N20270207,2027-02-08T09:00:00Z,900,true,1.045626,0.920029,0.877832,0.932334
N20270207-S029,N20270207,2027-02-08T09:15:00Z,900,true,1.030379,0.928749,0.872367,0.914954
N20270207-S030,N20270207,2027-02-08T09:30:00Z,900,true,1.069830,0.942713,0.862522,0.929401
N20270207-S031,N20270207,2027-02-08T09:45:00Z,900,true,1.079038,0.938875,0.892028,0.995184
N20270207-S032,N20270207,2027-02-08T10:00:00Z,900,true,1.078719,0.954002,0.896617,0.981409
N20270207-S033,N20270207,2027-02-08T10:15:00Z,900,true,1.063964,0.953959,0.883097,0.953215
N20270207-S034,N20270207,2027-02-08T10:30:00Z,900,true,1.068356,0.945253,0.889855,0.998010
N20270207-S035,N20270207,2027-02-08T10:45:00Z,900,true,1.095267,0.953330,0.909674,0.916537
N20270207-S036,N20270207,2027-02-08T11:00:00Z,900,true,1.045789,0.946312,0.907877,0.984748
N20270207-S037,N20270207,2027-02-08T11:15:00Z,900,true,1.051308,0.938375,0.913040,0.912049
N20270207-S038,N20270207,2027-02-08T11:30:00Z,900,true,1.025380,0.921570,0.937410,0.952214
N20270207-S039,N20270207,2027-02-08T11:45:00Z,900,true,1.062153,0.918415,0.937815,0.950005
N20270207-S040,N20270207,2027-02-08T12:00:00Z,900,true,1.073216,0.911072,0.949986,0.900339
N20270207-S041,N20270207,2027-02-08T12:15:00Z,900,true,1.108658,0.949427,0.964442,0.992257
N20270207-S042,N20270207,2027-02-08T12:30:00Z,900,true,1.107611,0.936787,0.939192,0.935668
N20270207-S043,N20270207,2027-02-08T12:45:00Z,900,true,1.096318,0.931533,0.928339,0.993117
N20270207-S044,N20270207,2027-02-08T13:00:00Z,900,true,1.012457,0.927431,0.923549,0.906907
N20270208-S001,N20270208,2027-02-09T02:15:00Z,900,true,1.003703,0.946957,0.948060,0.907995
N20270208-S002,N20270208,2027-02-09T02:30:00Z,900,true,0.994063,0.955875,0.960579,0.926349
N20270208-S003,N20270208,2027-02-09T02:45:00Z,900,true,0.996829,0.938956,0.971294,0.917353
N20270208-S004,N20270208,2027-02-09T03:00:00Z,900,true,0.925238,0.961132,0.948588,0.944241
N20270208-S005,N20270208,2027-02-09T03:15:00Z,900,true,0.971219,0.944768,0.960569,0.967926
N20270208-S006,N20270208,2027-02-09T03:30:00Z,900,true,0.972027,0.956033,0.959011,0.934664
N20270208-S007,N20270208,2027-02-09T03:45:00Z,900,true,0.960121,0.961627,0.970853,0.950343
N20270208-S008,N20270208,2027-02-09T04:00:00Z,900,true,0.944122,0.944540,0.989578,0.919550
N20270208-S009,N20270208,2027-02-09T04:15:00Z,900,true,0.965144,0.941821,0.993649,0.932957
N20270208-S010,N20270208,2027-02-09T04:30:00Z,900,true,0.991666,0.940849,0.956616,0.979209
N20270208-S011,N20270208,2027-02-09T04:45:00Z,900,true,0.974016,0.923264,0.963414,0.908683
N20270208-S012,N20270208,2027-02-09T05:00:00Z,900,true,0.919344,0.909887,0.954953,0.981256
N20270208-S013,N20270208,2027-02-09T05:15:00Z,900,true,0.934772,0.936499,0.946250,0.979858
N20270208-S014,N20270208,2027-02-09T05:30:00Z,900,true,0.961189,0.944270,0.947716,0.988112
N20270208-S015,N20270208,2027-02-09T05:45:00Z,900,true,0.977345,0.961679,0.931928,0.922858
N20270208-S016,N20270208,2027-02-09T06:00:00Z,900,true,0.979554,0.951598,0.915492,0.913016
N20270208-S017,N20270208,2027-02-09T06:15:00Z,900,true,0.991820,0.948143,0.912582,0.931170
N20270208-S018,N20270208,2027-02-09T06:30:00Z,900,true,1.001526,0.957633,0.897191,0.912001
N20270208-S019,N20270208,2027-02-09T06:45:00Z,900,true,0.983984,0.968117,0.917433,0.911397
N20270208-S020,N20270208,2027-02-09T07:00:00Z,900,true,0.949577,0.952903,0.918558,0.983802
N20270208-S021,N20270208,2027-02-09T07:15:00Z,900,true,1.003812,0.948582,0.945814,0.970121
N20270208-S022,N20270208,2027-02-09T07:30:00Z,900,true,0.974890,0.962810,0.932442,0.951813
N20270208-S023,N20270208,2027-02-09T07:45:00Z,900,true,0.956528,0.962861,0.946771,0.970103
N20270208-S024,N20270208,2027-02-09T08:00:00Z,900,true,0.940337,0.971726,0.941640,0.994796
N20270208-S025,N20270208,2027-02-09T08:15:00Z,900,true,0.950370,0.970529,0.963126,0.975213
N20270208-S026,N20270208,2027-02-09T08:30:00Z,900,true,0.971005,0.957530,0.962688,0.997086
N20270208-S027,N20270208,2027-02-09T08:45:00Z,900,true,0.939898,0.966052,0.945078,0.947415
N20270208-S028,N20270208,2027-02-09T09:00:00Z,900,true,0.941840,0.970665,0.950152,0.920872
N20270208-S029,N20270208,2027-02-09T09:15:00Z,900,true,0.971023,0.964834,0.948425,0.986951
N20270208-S030,N20270208,2027-02-09T09:30:00Z,900,true,0.935095,0.964529,0.937501,0.978581
N20270208-S031,N20270208,2027-02-09T09:45:00Z,900,true,0.907724,0.972805,0.961876,0.984494
N20270208-S032,N20270208,2027-02-09T10:00:00Z,900,true,0.931283,0.969135,0.971337,0.936066
N20270208-S033,N20270208,2027-02-09T10:15:00Z,900,true,0.948321,0.984981,0.977224,0.933620
N20270208-S034,N20270208,2027-02-09T10:30:00Z,900,true,0.957531,0.981635,0.950343,0.900047
N20270208-S035,N20270208,2027-02-09T10:45:00Z,900,true,0.982454,0.963652,0.945696,0.905401
N20270208-S036,N20270208,2027-02-09T11:00:00Z,900,true,0.943958,0.978498,0.964065,0.995313
N20270208-S037,N20270208,2027-02-09T11:15:00Z,900,true,0.987249,0.945764,0.983990,0.941535
N20270208-S038,N20270208,2027-02-09T11:30:00Z,900,true,0.989040,0.926023,0.992334,0.949306
N20270208-S039,N20270208,2027-02-09T11:45:00Z,900,true,0.989477,0.929968,0.987728,0.956238
N20270208-S040,N20270208,2027-02-09T12:00:00Z,900,true,1.041951,0.930939,0.965365,0.942718
N20270208-S041,N20270208,2027-02-09T12:15:00Z,900,true,1.025819,0.931666,0.967730,0.965584
N20270208-S042,N20270208,2027-02-09T12:30:00Z,900,true,1.040693,0.925213,0.966575,0.908536
N20270208-S043,N20270208,2027-02-09T12:45:00Z,900,true,0.986999,0.933288,0.975753,0.999903
N20270208-S044,N20270208,2027-02-09T13:00:00Z,900,true,1.043925,0.911122,0.971212,0.999729
N20270209-S001,N20270209,2027-02-10T02:15:00Z,900,true,0.869895,0.947596,0.976268,0.974438
N20270209-S002,N20270209,2027-02-10T02:30:00Z,900,true,0.863297,0.969180,1.015139,0.950058
N20270209-S003,N20270209,2027-02-10T02:45:00Z,900,true,0.846424,0.969359,1.009310,0.962362
N20270209-S004,N20270209,2027-02-10T03:00:00Z,900,true,0.857240,0.955538,1.001431,0.925217
N20270209-S005,N20270209,2027-02-10T03:15:00Z,900,true,0.847049,0.957647,0.990470,0.965694
N20270209-S006,N20270209,2027-02-10T03:30:00Z,900,true,0.823177,0.961390,0.999866,0.923795
N20270209-S007,N20270209,2027-02-10T03:45:00Z,900,true,0.851238,0.966913,0.997116,0.927781
N20270209-S008,N20270209,2027-02-10T04:00:00Z,900,true,0.887877,0.972530,1.014028,0.979495
N20270209-S009,N20270209,2027-02-10T04:15:00Z,900,true,0.880976,0.958800,1.002653,0.968939
N20270209-S010,N20270209,2027-02-10T04:30:00Z,900,true,0.852685,0.947491,1.012338,0.976836
N20270209-S011,N20270209,2027-02-10T04:45:00Z,900,true,0.800810,0.937817,1.019698,0.903951
N20270209-S012,N20270209,2027-02-10T05:00:00Z,900,true,0.758560,0.935153,1.024586,0.954993
N20270209-S013,N20270209,2027-02-10T05:15:00Z,900,true,0.748630,0.925282,1.028905,0.947768
N20270209-S014,N20270209,2027-02-10T05:30:00Z,900,true,0.796832,0.918029,1.000569,0.962771
N20270209-S015,N20270209,2027-02-10T05:45:00Z,900,true,0.822193,0.911337,1.002933,0.902391
N20270209-S016,N20270209,2027-02-10T06:00:00Z,900,true,0.821787,0.905032,1.002346,0.969047
N20270209-S017,N20270209,2027-02-10T06:15:00Z,900,true,0.853403,0.909021,0.988407,0.907105
N20270209-S018,N20270209,2027-02-10T06:30:00Z,900,true,0.816894,0.898516,1.000257,0.911980
N20270209-S019,N20270209,2027-02-10T06:45:00Z,900,true,0.817225,0.872924,1.002756,0.948968
N20270209-S020,N20270209,2027-02-10T07:00:00Z,900,true,0.808477,0.872804,1.005553,0.922660
N20270209-S021,N20270209,2027-02-10T07:15:00Z,900,true,0.874472,0.861172,1.032608,0.935545
N20270209-S022,N20270209,2027-02-10T07:30:00Z,900,true,0.885438,0.872384,1.021203,0.989404
N20270209-S023,N20270209,2027-02-10T07:45:00Z,900,true,0.872747,0.872242,1.001727,0.942293
N20270209-S024,N20270209,2027-02-10T08:00:00Z,900,true,0.903312,0.868402,1.014456,0.955995
N20270209-S025,N20270209,2027-02-10T08:15:00Z,900,true,0.878625,0.889374,1.023631,0.947833
N20270209-S026,N20270209,2027-02-10T08:30:00Z,900,true,0.818773,0.899641,1.023314,0.935965
N20270209-S027,N20270209,2027-02-10T08:45:00Z,900,true,0.797287,0.913419,1.030128,0.900376
N20270209-S028,N20270209,2027-02-10T09:00:00Z,900,true,0.776861,0.915677,1.001821,0.944109
N20270209-S029,N20270209,2027-02-10T09:15:00Z,900,true,0.750754,0.936074,1.014403,0.906866
N20270209-S030,N20270209,2027-02-10T09:30:00Z,900,true,0.785224,0.944829,1.023040,0.924787
N20270209-S031,N20270209,2027-02-10T09:45:00Z,900,true,0.776682,0.956370,1.015386,0.924751
N20270209-S032,N20270209,2027-02-10T10:00:00Z,900,true,0.707426,0.954985,1.006186,0.929678
N20270209-S033,N20270209,2027-02-10T10:15:00Z,900,true,0.744197,0.924532,1.002258,0.939018
N20270209-S034,N20270209,2027-02-10T10:30:00Z,900,true,0.772878,0.941377,1.009810,0.940545
N20270209-S035,N20270209,2027-02-10T10:45:00Z,900,true,0.828345,0.934598,1.017594,0.987601
N20270209-S036,N20270209,2027-02-10T11:00:00Z,900,true,0.805864,0.939660,1.037787,0.929088
N20270209-S037,N20270209,2027-02-10T11:15:00Z,900,true,0.786446,0.943597,1.023561,0.906694
N20270209-S038,N20270209,2027-02-10T11:30:00Z,900,true,0.854680,0.940168,1.045957,0.929469
N20270209-S039,N20270209,2027-02-10T11:45:00Z,900,true,0.829806,0.944804,1.038982,0.973139
N20270209-S040,N20270209,2027-02-10T12:00:00Z,900,true,0.819562,0.952587,1.070463,0.975687
N20270209-S041,N20270209,2027-02-10T12:15:00Z,900,true,0.775451,0.934542,1.059853,0.927561
N20270209-S042,N20270209,2027-02-10T12:30:00Z,900,true,0.738007,0.933873,1.078751,0.922738
N20270209-S043,N20270209,2027-02-10T12:45:00Z,900,true,0.800539,0.933892,1.074811,0.974490
N20270209-S044,N20270209,2027-02-10T13:00:00Z,900,true,0.776100,0.939411,1.081414,0.915333
N20270210-S001,N20270210,2027-02-11T02:15:00Z,900,true,0.810619,0.950558,0.996715,0.975089
N20270210-S002,N20270210,2027-02-11T02:30:00Z,900,true,0.835509,0.961811,1.004112,0.913207
N20270210-S003,N20270210,2027-02-11T02:45:00Z,900,true,0.877251,0.962825,1.006093,0.997379
N20270210-S004,N20270210,2027-02-11T03:00:00Z,900,true,0.895646,0.946215,0.977962,0.978085
N20270210-S005,N20270210,2027-02-11T03:15:00Z,900,true,0.864751,0.947029,0.989677,0.911570
N20270210-S006,N20270210,2027-02-11T03:30:00Z,900,true,0.883978,0.955224,1.008980,0.903460
N20270210-S007,N20270210,2027-02-11T03:45:00Z,900,true,0.928179,0.939843,1.012961,0.909906
N20270210-S008,N20270210,2027-02-11T04:00:00Z,900,true,0.924999,0.943483,1.015298,0.934192
N20270210-S009,N20270210,2027-02-11T04:15:00Z,900,true,0.887330,0.937314,1.003891,0.959555
N20270210-S010,N20270210,2027-02-11T04:30:00Z,900,true,0.882555,0.942834,0.983595,0.994180
N20270210-S011,N20270210,2027-02-11T04:45:00Z,900,true,0.911441,0.943885,0.983721,0.969135
N20270210-S012,N20270210,2027-02-11T05:00:00Z,900,true,0.912247,0.959116,0.969342,0.953858
N20270210-S013,N20270210,2027-02-11T05:15:00Z,900,true,0.867039,0.963195,1.004080,0.911999
N20270210-S014,N20270210,2027-02-11T05:30:00Z,900,true,0.859613,0.962822,1.008489,0.952392
N20270210-S015,N20270210,2027-02-11T05:45:00Z,900,true,0.798145,0.952412,1.000842,0.969905
N20270210-S016,N20270210,2027-02-11T06:00:00Z,900,true,0.762695,0.966486,0.988532,0.910951
N20270210-S017,N20270210,2027-02-11T06:15:00Z,900,true,0.784178,0.957375,0.962800,0.990622
N20270210-S018,N20270210,2027-02-11T06:30:00Z,900,true,0.757092,0.932817,0.973661,0.968441
N20270210-S019,N20270210,2027-02-11T06:45:00Z,900,true,0.733238,0.946013,0.970443,0.969888
N20270210-S020,N20270210,2027-02-11T07:00:00Z,900,true,0.840053,0.957018,0.957137,0.924538
N20270210-S021,N20270210,2027-02-11T07:15:00Z,900,true,0.918910,0.956377,0.954945,0.987744
N20270210-S022,N20270210,2027-02-11T07:30:00Z,900,true,0.914645,0.969320,0.949078,0.969432
N20270210-S023,N20270210,2027-02-11T07:45:00Z,900,true,0.916827,0.960262,0.936736,0.956730
N20270210-S024,N20270210,2027-02-11T08:00:00Z,900,true,0.934414,0.979250,0.938096,0.949373
N20270210-S025,N20270210,2027-02-11T08:15:00Z,900,true,0.903691,0.967777,0.943762,0.985579
N20270210-S026,N20270210,2027-02-11T08:30:00Z,900,true,0.916897,0.965074,0.938563,0.942557
N20270210-S027,N20270210,2027-02-11T08:45:00Z,900,true,0.938652,0.962617,0.933524,0.976110
N20270210-S028,N20270210,2027-02-11T09:00:00Z,900,true,0.934442,0.949261,0.926160,0.958225
N20270210-S029,N20270210,2027-02-11T09:15:00Z,900,true,0.917117,0.944002,0.938178,0.908787
N20270210-S030,N20270210,2027-02-11T09:30:00Z,900,true,0.919291,0.950856,0.952306,0.940110
N20270210-S031,N20270210,2027-02-11T09:45:00Z,900,true,0.855686,0.952123,0.957103,0.952807
N20270210-S032,N20270210,2027-02-11T10:00:00Z,900,true,0.812098,0.965322,0.940128,0.965035
N20270210-S033,N20270210,2027-02-11T10:15:00Z,900,true,0.807497,0.961552,0.985135,0.906172
N20270210-S034,N20270210,2027-02-11T10:30:00Z,900,true,0.854139,0.966365,0.985901,0.926352
N20270210-S035,N20270210,2027-02-11T10:45:00Z,900,true,0.884316,0.974309,0.963959,0.908490
N20270210-S036,N20270210,2027-02-11T11:00:00Z,900,true,0.836007,0.976625,0.962574,0.976277
N20270210-S037,N20270210,2027-02-11T11:15:00Z,900,true,0.825058,0.977015,0.940037,0.918188
N20270210-S038,N20270210,2027-02-11T11:30:00Z,900,true,0.830552,0.992901,0.936176,0.933435
N20270210-S039,N20270210,2027-02-11T11:45:00Z,900,true,0.790825,0.971984,0.920938,0.906402
N20270210-S040,N20270210,2027-02-11T12:00:00Z,900,true,0.820065,0.991284,0.918277,0.945343
N20270210-S041,N20270210,2027-02-11T12:15:00Z,900,true,0.839035,0.983303,0.936922,0.910509
N20270210-S042,N20270210,2027-02-11T12:30:00Z,900,true,0.821676,0.976199,0.946310,0.955559
N20270210-S043,N20270210,2027-02-11T12:45:00Z,900,true,0.812239,0.975392,0.924966,0.930865
N20270210-S044,N20270210,2027-02-11T13:00:00Z,900,true,0.841514,0.972075,0.925746,0.989088
N20270211-S001,N20270211,2027-02-12T02:15:00Z,900,true,1.009298,0.971047,0.980201,0.921684
N20270211-S002,N20270211,2027-02-12T02:30:00Z,900,true,0.999145,0.963407,0.973186,0.986058
N20270211-S003,N20270211,2027-02-12T02:45:00Z,900,true,0.970023,0.975786,0.992503,0.901515
N20270211-S004,N20270211,2027-02-12T03:00:00Z,900,true,0.993661,0.977911,1.004571,0.949429
N20270211-S005,N20270211,2027-02-12T03:15:00Z,900,true,1.010058,0.987585,1.041628,0.909900
N20270211-S006,N20270211,2027-02-12T03:30:00Z,900,true,1.037856,0.975237,1.037920,0.986612
N20270211-S007,N20270211,2027-02-12T03:45:00Z,900,true,1.057712,0.974698,1.059884,0.959566
N20270211-S008,N20270211,2027-02-12T04:00:00Z,900,true,0.968727,0.964488,1.020718,0.958898
N20270211-S009,N20270211,2027-02-12T04:15:00Z,900,true,1.010219,0.959966,1.044462,0.967269
N20270211-S010,N20270211,2027-02-12T04:30:00Z,900,true,0.997115,0.965802,1.047811,0.924162
N20270211-S011,N20270211,2027-02-12T04:45:00Z,900,true,0.980729,0.956828,1.058367,0.931123
N20270211-S012,N20270211,2027-02-12T05:00:00Z,900,true,1.012993,0.943740,1.046193,0.905124
N20270211-S013,N20270211,2027-02-12T05:15:00Z,900,true,0.981661,0.925204,1.039171,0.987672
N20270211-S014,N20270211,2027-02-12T05:30:00Z,900,true,0.988921,0.915723,1.040769,0.961391
N20270211-S015,N20270211,2027-02-12T05:45:00Z,900,true,0.972753,0.921574,1.057747,0.987722
N20270211-S016,N20270211,2027-02-12T06:00:00Z,900,true,0.987342,0.946461,1.068517,0.994578
N20270211-S017,N20270211,2027-02-12T06:15:00Z,900,true,1.049480,0.948250,1.062588,0.917184
N20270211-S018,N20270211,2027-02-12T06:30:00Z,900,true,1.020524,0.943373,1.064870,0.991268
N20270211-S019,N20270211,2027-02-12T06:45:00Z,900,true,1.029214,0.963572,1.073481,0.902611
N20270211-S020,N20270211,2027-02-12T07:00:00Z,900,true,1.044516,0.936940,1.057071,0.974929
N20270211-S021,N20270211,2027-02-12T07:15:00Z,900,true,1.036678,0.959124,1.054978,0.934053
N20270211-S022,N20270211,2027-02-12T07:30:00Z,900,true,1.001663,0.959738,1.066753,0.940990
N20270211-S023,N20270211,2027-02-12T07:45:00Z,900,true,0.995508,0.966503,1.063587,0.902723
N20270211-S024,N20270211,2027-02-12T08:00:00Z,900,true,1.015557,0.964203,1.067459,0.936076
N20270211-S025,N20270211,2027-02-12T08:15:00Z,900,true,0.980042,0.953849,1.088894,0.932235
N20270211-S026,N20270211,2027-02-12T08:30:00Z,900,true,1.019124,0.949301,1.075545,0.934461
N20270211-S027,N20270211,2027-02-12T08:45:00Z,900,true,1.048053,0.949745,1.076117,0.977641
N20270211-S028,N20270211,2027-02-12T09:00:00Z,900,true,1.042329,0.937341,1.057146,0.906279
N20270211-S029,N20270211,2027-02-12T09:15:00Z,900,true,0.997678,0.947586,1.032463,0.984949
N20270211-S030,N20270211,2027-02-12T09:30:00Z,900,true,0.935684,0.944293,1.049015,0.999345
N20270211-S031,N20270211,2027-02-12T09:45:00Z,900,true,0.970520,0.927165,1.048733,0.956999
N20270211-S032,N20270211,2027-02-12T10:00:00Z,900,true,0.983557,0.910901,1.040775,0.967365
N20270211-S033,N20270211,2027-02-12T10:15:00Z,900,true,1.059814,0.910275,0.998855,0.942027
N20270211-S034,N20270211,2027-02-12T10:30:00Z,900,true,1.030723,0.902207,1.002806,0.948877
N20270211-S035,N20270211,2027-02-12T10:45:00Z,900,true,1.007351,0.906299,1.013170,0.941761
N20270211-S036,N20270211,2027-02-12T11:00:00Z,900,true,1.012070,0.895477,1.040375,0.922280
N20270211-S037,N20270211,2027-02-12T11:15:00Z,900,true,1.004077,0.901335,1.051136,0.957322
N20270211-S038,N20270211,2027-02-12T11:30:00Z,900,true,1.031984,0.906806,1.056044,0.925385
N20270211-S039,N20270211,2027-02-12T11:45:00Z,900,true,1.031704,0.898864,1.041305,0.983128
N20270211-S040,N20270211,2027-02-12T12:00:00Z,900,true,0.979407,0.902977,1.029786,0.916559
N20270211-S041,N20270211,2027-02-12T12:15:00Z,900,true,1.033113,0.899877,1.003272,0.939421
N20270211-S042,N20270211,2027-02-12T12:30:00Z,900,true,1.033208,0.931074,1.003192,0.939938
N20270211-S043,N20270211,2027-02-12T12:45:00Z,900,true,1.049507,0.941215,0.979475,0.929219
N20270211-S044,N20270211,2027-02-12T13:00:00Z,900,true,1.060627,0.944127,0.986473,0.983566
N20270212-S001,N20270212,2027-02-13T02:15:00Z,900,true,0.968825,0.993869,0.918915,0.981910
N20270212-S002,N20270212,2027-02-13T02:30:00Z,900,true,0.895950,0.982833,0.921936,0.999637
N20270212-S003,N20270212,2027-02-13T02:45:00Z,900,true,0.937355,0.988356,0.913994,0.967157
N20270212-S004,N20270212,2027-02-13T03:00:00Z,900,true,1.003305,1.000000,0.924363,0.995134
N20270212-S005,N20270212,2027-02-13T03:15:00Z,900,true,1.044344,0.978481,0.927186,0.984738
N20270212-S006,N20270212,2027-02-13T03:30:00Z,900,true,1.089290,0.977002,0.934887,0.934703
N20270212-S007,N20270212,2027-02-13T03:45:00Z,900,true,1.075437,0.987267,0.942643,0.989896
N20270212-S008,N20270212,2027-02-13T04:00:00Z,900,true,1.080286,0.989095,0.933997,0.961527
N20270212-S009,N20270212,2027-02-13T04:15:00Z,900,true,1.042470,1.000000,0.920862,0.995170
N20270212-S010,N20270212,2027-02-13T04:30:00Z,900,true,1.051157,0.992367,0.911273,0.987741
N20270212-S011,N20270212,2027-02-13T04:45:00Z,900,true,1.080695,0.996014,0.907576,0.928496
N20270212-S012,N20270212,2027-02-13T05:00:00Z,900,true,1.105603,1.000000,0.913997,0.970738
N20270212-S013,N20270212,2027-02-13T05:15:00Z,900,true,1.084237,0.967153,0.902449,0.941002
N20270212-S014,N20270212,2027-02-13T05:30:00Z,900,true,1.025049,0.968462,0.886229,0.933073
N20270212-S015,N20270212,2027-02-13T05:45:00Z,900,true,1.035738,0.975866,0.875998,0.981556
N20270212-S016,N20270212,2027-02-13T06:00:00Z,900,true,1.077795,1.000000,0.879164,0.983492
N20270212-S017,N20270212,2027-02-13T06:15:00Z,900,true,1.103589,1.000000,0.897771,0.950145
N20270212-S018,N20270212,2027-02-13T06:30:00Z,900,false,,,,
N20270212-S019,N20270212,2027-02-13T06:45:00Z,900,false,,,,
N20270212-S020,N20270212,2027-02-13T07:00:00Z,900,false,,,,
N20270212-S021,N20270212,2027-02-13T07:15:00Z,900,false,,,,
N20270212-S022,N20270212,2027-02-13T07:30:00Z,900,false,,,,
N20270212-S023,N20270212,2027-02-13T07:45:00Z,900,false,,,,
N20270212-S024,N20270212,2027-02-13T08:00:00Z,900,false,,,,
N20270212-S025,N20270212,2027-02-13T08:15:00Z,900,false,,,,
N20270212-S026,N20270212,2027-02-13T08:30:00Z,900,true,1.027702,0.995015,0.877811,0.967402
N20270212-S027,N20270212,2027-02-13T08:45:00Z,900,true,1.045668,1.000000,0.897134,0.974408
N20270212-S028,N20270212,2027-02-13T09:00:00Z,900,true,1.009188,0.986119,0.926979,0.911799
N20270212-S029,N20270212,2027-02-13T09:15:00Z,900,true,1.020102,0.974719,0.920175,0.919164
N20270212-S030,N20270212,2027-02-13T09:30:00Z,900,true,1.011573,0.961409,0.913500,0.929009
N20270212-S031,N20270212,2027-02-13T09:45:00Z,900,true,0.995600,0.958205,0.913520,0.928410
N20270212-S032,N20270212,2027-02-13T10:00:00Z,900,true,0.986680,0.979426,0.914265,0.975338
N20270212-S033,N20270212,2027-02-13T10:15:00Z,900,true,1.042384,0.987723,0.927198,0.980137
N20270212-S034,N20270212,2027-02-13T10:30:00Z,900,true,1.037233,0.991536,0.920749,0.910758
N20270212-S035,N20270212,2027-02-13T10:45:00Z,900,true,0.981291,0.992289,0.903200,0.944955
N20270212-S036,N20270212,2027-02-13T11:00:00Z,900,true,0.936755,1.000000,0.921359,0.998956
N20270212-S037,N20270212,2027-02-13T11:15:00Z,900,true,0.929266,1.000000,0.922102,0.997653
N20270212-S038,N20270212,2027-02-13T11:30:00Z,900,true,0.987428,1.000000,0.926480,0.942961
N20270212-S039,N20270212,2027-02-13T11:45:00Z,900,true,0.975274,0.980115,0.935154,0.976980
N20270212-S040,N20270212,2027-02-13T12:00:00Z,900,true,0.956635,0.983269,0.941649,0.955572
N20270212-S041,N20270212,2027-02-13T12:15:00Z,900,true,1.026676,0.984885,0.925564,0.998967
N20270212-S042,N20270212,2027-02-13T12:30:00Z,900,true,1.063754,0.993281,0.910537,0.931360
N20270212-S043,N20270212,2027-02-13T12:45:00Z,900,true,1.095079,1.000000,0.907005,0.934739
N20270212-S044,N20270212,2027-02-13T13:00:00Z,900,true,1.063796,0.998077,0.877317,0.927060
N20270213-S001,N20270213,2027-02-14T02:15:00Z,900,true,0.943484,0.981126,0.940982,0.927251
N20270213-S002,N20270213,2027-02-14T02:30:00Z,900,true,0.913713,0.986866,0.957652,0.997007
N20270213-S003,N20270213,2027-02-14T02:45:00Z,900,true,0.902551,0.981674,0.975190,0.977042
N20270213-S004,N20270213,2027-02-14T03:00:00Z,900,true,0.906095,0.981805,0.960078,0.934828
N20270213-S005,N20270213,2027-02-14T03:15:00Z,900,true,0.874383,1.000000,0.947770,0.968585
N20270213-S006,N20270213,2027-02-14T03:30:00Z,900,true,0.942693,0.990651,0.954823,0.998078
N20270213-S007,N20270213,2027-02-14T03:45:00Z,900,true,0.950338,0.990258,0.964995,0.973788
N20270213-S008,N20270213,2027-02-14T04:00:00Z,900,true,0.958800,0.985022,0.962298,0.948201
N20270213-S009,N20270213,2027-02-14T04:15:00Z,900,true,0.982936,1.000000,0.944808,0.963184
N20270213-S010,N20270213,2027-02-14T04:30:00Z,900,true,1.005490,1.000000,0.941086,0.902008
N20270213-S011,N20270213,2027-02-14T04:45:00Z,900,true,1.053377,0.996407,0.958655,0.936539
N20270213-S012,N20270213,2027-02-14T05:00:00Z,900,true,1.025103,0.977202,0.966617,0.942241
N20270213-S013,N20270213,2027-02-14T05:15:00Z,900,true,1.017636,0.993917,0.940364,0.988117
N20270213-S014,N20270213,2027-02-14T05:30:00Z,900,true,0.981258,0.990240,0.930646,0.992902
N20270213-S015,N20270213,2027-02-14T05:45:00Z,900,true,1.040051,0.998875,0.947924,0.958093
N20270213-S016,N20270213,2027-02-14T06:00:00Z,900,true,1.034006,0.996732,0.948780,0.962452
N20270213-S017,N20270213,2027-02-14T06:15:00Z,900,true,1.029968,0.969897,0.925662,0.943327
N20270213-S018,N20270213,2027-02-14T06:30:00Z,900,true,1.014342,0.943878,0.924989,0.920354
N20270213-S019,N20270213,2027-02-14T06:45:00Z,900,true,1.044247,0.978514,0.952356,0.988021
N20270213-S020,N20270213,2027-02-14T07:00:00Z,900,true,1.013190,0.979503,0.943036,0.947334
N20270213-S021,N20270213,2027-02-14T07:15:00Z,900,true,0.988316,0.989510,0.934738,0.991869
N20270213-S022,N20270213,2027-02-14T07:30:00Z,900,true,1.017886,0.992772,0.946598,0.940076
N20270213-S023,N20270213,2027-02-14T07:45:00Z,900,true,1.001113,0.983788,0.953054,0.997170
N20270213-S024,N20270213,2027-02-14T08:00:00Z,900,true,1.052517,0.959640,0.968416,0.984126
N20270213-S025,N20270213,2027-02-14T08:15:00Z,900,true,1.015255,0.973312,0.951871,0.956812
N20270213-S026,N20270213,2027-02-14T08:30:00Z,900,true,1.055916,0.996062,0.913121,0.906598
N20270213-S027,N20270213,2027-02-14T08:45:00Z,900,true,1.123211,1.000000,0.921691,0.923103
N20270213-S028,N20270213,2027-02-14T09:00:00Z,900,true,1.147654,1.000000,0.940977,0.941211
N20270213-S029,N20270213,2027-02-14T09:15:00Z,900,true,1.163991,1.000000,0.956690,0.937962
N20270213-S030,N20270213,2027-02-14T09:30:00Z,900,true,1.147929,0.987568,0.942661,0.919985
N20270213-S031,N20270213,2027-02-14T09:45:00Z,900,true,1.150582,0.971029,0.928756,0.969021
N20270213-S032,N20270213,2027-02-14T10:00:00Z,900,true,1.165281,0.979669,0.925950,0.962376
N20270213-S033,N20270213,2027-02-14T10:15:00Z,900,true,1.176696,0.977683,0.896471,0.922315
N20270213-S034,N20270213,2027-02-14T10:30:00Z,900,true,1.209195,0.996986,0.874401,0.900204
N20270213-S035,N20270213,2027-02-14T10:45:00Z,900,true,1.113518,0.996327,0.885081,0.921472
N20270213-S036,N20270213,2027-02-14T11:00:00Z,900,true,1.067077,0.992205,0.912980,0.958852
N20270213-S037,N20270213,2027-02-14T11:15:00Z,900,true,1.062108,1.000000,0.925853,0.967111
N20270213-S038,N20270213,2027-02-14T11:30:00Z,900,true,1.076479,1.000000,0.943331,0.942157
N20270213-S039,N20270213,2027-02-14T11:45:00Z,900,true,1.058750,0.999276,0.946372,0.924442
N20270213-S040,N20270213,2027-02-14T12:00:00Z,900,true,1.005805,0.995363,0.961547,0.995725
N20270213-S041,N20270213,2027-02-14T12:15:00Z,900,true,1.001919,0.999540,1.001280,0.986824
N20270213-S042,N20270213,2027-02-14T12:30:00Z,900,true,0.995130,1.000000,1.017265,0.959425
N20270213-S043,N20270213,2027-02-14T12:45:00Z,900,true,0.950105,1.000000,0.998657,0.911256
N20270213-S044,N20270213,2027-02-14T13:00:00Z,900,true,0.959391,1.000000,0.988691,0.994993
N20270214-S001,N20270214,2027-02-15T02:15:00Z,900,true,0.965387,1.000000,0.884345,0.905188
N20270214-S002,N20270214,2027-02-15T02:30:00Z,900,true,1.002617,0.980570,0.874429,0.998423
N20270214-S003,N20270214,2027-02-15T02:45:00Z,900,true,1.030846,0.975885,0.876347,0.917622
N20270214-S004,N20270214,2027-02-15T03:00:00Z,900,true,1.095966,0.979425,0.886358,0.973878
N20270214-S005,N20270214,2027-02-15T03:15:00Z,900,true,1.074238,0.973595,0.867795,0.961981
N20270214-S006,N20270214,2027-02-15T03:30:00Z,900,true,1.055861,0.974759,0.869260,0.978941
N20270214-S007,N20270214,2027-02-15T03:45:00Z,900,true,0.946155,0.982578,0.880449,0.946891
N20270214-S008,N20270214,2027-02-15T04:00:00Z,900,true,0.907340,0.997725,0.878676,0.947745
N20270214-S009,N20270214,2027-02-15T04:15:00Z,900,true,0.954873,0.983283,0.878244,0.983525
N20270214-S010,N20270214,2027-02-15T04:30:00Z,900,true,0.955509,0.996309,0.866266,0.951664
N20270214-S011,N20270214,2027-02-15T04:45:00Z,900,true,0.960792,0.981022,0.850097,0.987926
N20270214-S012,N20270214,2027-02-15T05:00:00Z,900,true,0.955962,0.994596,0.812443,0.947327
N20270214-S013,N20270214,2027-02-15T05:15:00Z,900,true,0.930440,0.981227,0.806309,0.971718
N20270214-S014,N20270214,2027-02-15T05:30:00Z,900,true,0.915677,0.990050,0.794232,0.971503
N20270214-S015,N20270214,2027-02-15T05:45:00Z,900,true,0.900821,0.984270,0.825876,0.943216
N20270214-S016,N20270214,2027-02-15T06:00:00Z,900,true,0.903868,0.986443,0.824821,0.984925
N20270214-S017,N20270214,2027-02-15T06:15:00Z,900,true,0.827358,0.993419,0.825204,0.946378
N20270214-S018,N20270214,2027-02-15T06:30:00Z,900,true,0.878225,0.995301,0.837610,0.904708
N20270214-S019,N20270214,2027-02-15T06:45:00Z,900,true,0.874553,0.979856,0.832958,0.941598
N20270214-S020,N20270214,2027-02-15T07:00:00Z,900,true,0.921055,0.965554,0.826607,0.992636
N20270214-S021,N20270214,2027-02-15T07:15:00Z,900,true,0.943315,0.968922,0.850787,0.982936
N20270214-S022,N20270214,2027-02-15T07:30:00Z,900,true,0.963399,0.988341,0.823096,0.947651
N20270214-S023,N20270214,2027-02-15T07:45:00Z,900,true,1.004182,0.986896,0.817881,0.955869
N20270214-S024,N20270214,2027-02-15T08:00:00Z,900,true,0.993571,0.985156,0.824133,0.980445
N20270214-S025,N20270214,2027-02-15T08:15:00Z,900,true,0.994922,0.988122,0.861781,0.981761
N20270214-S026,N20270214,2027-02-15T08:30:00Z,900,true,0.953079,0.989508,0.879258,0.902588
N20270214-S027,N20270214,2027-02-15T08:45:00Z,900,true,0.985062,0.996835,0.881055,0.973956
N20270214-S028,N20270214,2027-02-15T09:00:00Z,900,true,0.997104,0.990391,0.881380,0.938958
N20270214-S029,N20270214,2027-02-15T09:15:00Z,900,true,0.952376,0.993940,0.889716,0.940271
N20270214-S030,N20270214,2027-02-15T09:30:00Z,900,true,0.879642,1.000000,0.894577,0.917338
N20270214-S031,N20270214,2027-02-15T09:45:00Z,900,true,0.857912,1.000000,0.910721,0.918036
N20270214-S032,N20270214,2027-02-15T10:00:00Z,900,true,0.864957,0.999077,0.912290,0.984243
N20270214-S033,N20270214,2027-02-15T10:15:00Z,900,true,0.897794,1.000000,0.903630,0.932292
N20270214-S034,N20270214,2027-02-15T10:30:00Z,900,true,0.923429,1.000000,0.927961,0.991415
N20270214-S035,N20270214,2027-02-15T10:45:00Z,900,true,0.946416,1.000000,0.929842,0.917022
N20270214-S036,N20270214,2027-02-15T11:00:00Z,900,true,0.950514,1.000000,0.910709,0.946553
N20270214-S037,N20270214,2027-02-15T11:15:00Z,900,true,1.002929,0.986447,0.887433,0.996245
N20270214-S038,N20270214,2027-02-15T11:30:00Z,900,true,1.030874,0.968157,0.871338,0.961794
N20270214-S039,N20270214,2027-02-15T11:45:00Z,900,true,1.034555,0.995192,0.861010,0.984039
N20270214-S040,N20270214,2027-02-15T12:00:00Z,900,true,1.036370,0.994138,0.913278,0.947244
N20270214-S041,N20270214,2027-02-15T12:15:00Z,900,true,1.006733,0.990101,0.923396,0.974382
N20270214-S042,N20270214,2027-02-15T12:30:00Z,900,true,0.960254,0.979656,0.917386,0.987085
N20270214-S043,N20270214,2027-02-15T12:45:00Z,900,true,1.025267,0.984538,0.940904,0.932464
N20270215-S001,N20270215,2027-02-16T02:15:00Z,900,true,0.877239,1.000000,1.005329,0.922224
N20270215-S002,N20270215,2027-02-16T02:30:00Z,900,true,0.910035,1.000000,1.023713,0.961743
N20270215-S003,N20270215,2027-02-16T02:45:00Z,900,true,0.908215,0.995598,1.022296,0.954361
N20270215-S004,N20270215,2027-02-16T03:00:00Z,900,true,0.894258,0.998057,1.020028,0.940506
N20270215-S005,N20270215,2027-02-16T03:15:00Z,900,true,0.879310,0.998917,1.003485,0.959904
N20270215-S006,N20270215,2027-02-16T03:30:00Z,900,true,0.893815,0.982717,0.989259,0.973533
N20270215-S007,N20270215,2027-02-16T03:45:00Z,900,true,0.910756,0.975634,0.999468,0.942914
N20270215-S008,N20270215,2027-02-16T04:00:00Z,900,true,0.931991,0.953058,1.013168,0.918155
N20270215-S009,N20270215,2027-02-16T04:15:00Z,900,true,0.941670,0.969254,0.997823,0.968102
N20270215-S010,N20270215,2027-02-16T04:30:00Z,900,true,0.951019,0.969665,0.991219,0.929045
N20270215-S011,N20270215,2027-02-16T04:45:00Z,900,true,0.903678,0.984997,1.005741,0.966036
N20270215-S012,N20270215,2027-02-16T05:00:00Z,900,true,0.883570,0.970033,1.039419,0.993723
N20270215-S013,N20270215,2027-02-16T05:15:00Z,900,true,0.934197,0.973388,1.035005,0.912827
N20270215-S014,N20270215,2027-02-16T05:30:00Z,900,true,0.917531,0.971633,1.036619,0.915480
N20270215-S015,N20270215,2027-02-16T05:45:00Z,900,true,0.991918,0.980532,1.020902,0.914822
N20270215-S016,N20270215,2027-02-16T06:00:00Z,900,true,0.930861,0.965078,1.031117,0.903350
N20270215-S017,N20270215,2027-02-16T06:15:00Z,900,true,0.912421,0.979264,1.024114,0.995764
N20270215-S018,N20270215,2027-02-16T06:30:00Z,900,true,0.885466,0.969208,1.042937,0.933475
N20270215-S019,N20270215,2027-02-16T06:45:00Z,900,false,,,,
N20270215-S020,N20270215,2027-02-16T07:00:00Z,900,true,0.826220,0.988368,1.010387,0.904311
N20270215-S021,N20270215,2027-02-16T07:15:00Z,900,true,0.865985,0.971633,0.976367,0.932508
N20270215-S022,N20270215,2027-02-16T07:30:00Z,900,true,0.845652,0.954286,0.996438,0.989627
N20270215-S023,N20270215,2027-02-16T07:45:00Z,900,true,0.893207,0.947651,1.000594,0.997678
N20270215-S024,N20270215,2027-02-16T08:00:00Z,900,true,0.870167,0.941134,1.021346,0.995808
N20270215-S025,N20270215,2027-02-16T08:15:00Z,900,true,0.856212,0.943514,1.047320,0.954884
N20270215-S026,N20270215,2027-02-16T08:30:00Z,900,true,0.843680,0.951161,1.030644,0.987805
N20270215-S027,N20270215,2027-02-16T08:45:00Z,900,true,0.838510,0.940517,1.001747,0.995535
N20270215-S028,N20270215,2027-02-16T09:00:00Z,900,true,0.857545,0.970410,0.987504,0.945363
N20270215-S029,N20270215,2027-02-16T09:15:00Z,900,true,0.862011,0.982691,0.996903,0.942938
N20270215-S030,N20270215,2027-02-16T09:30:00Z,900,true,0.870253,0.982497,1.019806,0.966631
N20270215-S031,N20270215,2027-02-16T09:45:00Z,900,true,0.891791,0.989746,1.027355,0.997463
N20270215-S032,N20270215,2027-02-16T10:00:00Z,900,true,0.867021,1.000000,1.014301,0.966130
N20270215-S033,N20270215,2027-02-16T10:15:00Z,900,true,0.868181,1.000000,0.982816,0.993998
N20270215-S034,N20270215,2027-02-16T10:30:00Z,900,true,0.902054,1.000000,0.965369,0.971839
N20270215-S035,N20270215,2027-02-16T10:45:00Z,900,true,0.927126,1.000000,0.981743,0.912107
N20270215-S036,N20270215,2027-02-16T11:00:00Z,900,true,0.925968,1.000000,0.984764,0.947631
N20270215-S037,N20270215,2027-02-16T11:15:00Z,900,true,0.979266,1.000000,0.990265,0.910303
N20270215-S038,N20270215,2027-02-16T11:30:00Z,900,true,1.007321,1.000000,0.976084,0.925536
N20270215-S039,N20270215,2027-02-16T11:45:00Z,900,true,0.976214,1.000000,0.993760,0.900922
N20270215-S040,N20270215,2027-02-16T12:00:00Z,900,true,0.959766,0.977913,0.986957,0.964249
N20270215-S041,N20270215,2027-02-16T12:15:00Z,900,true,0.865630,0.983122,0.986470,0.914159
N20270215-S042,N20270215,2027-02-16T12:30:00Z,900,true,0.787538,0.990566,1.008548,0.964523
N20270215-S043,N20270215,2027-02-16T12:45:00Z,900,true,0.841496,0.987278,1.005596,0.971617
N20270216-S001,N20270216,2027-02-17T02:15:00Z,900,true,0.979810,0.985715,1.003511,0.971683
N20270216-S002,N20270216,2027-02-17T02:30:00Z,900,true,0.972732,0.974469,0.972742,0.902331
N20270216-S003,N20270216,2027-02-17T02:45:00Z,900,true,0.906037,0.980229,0.979136,0.957764
N20270216-S004,N20270216,2027-02-17T03:00:00Z,900,true,0.893030,0.996529,0.973283,0.918936
N20270216-S005,N20270216,2027-02-17T03:15:00Z,900,true,0.881005,1.000000,0.972567,0.993817
N20270216-S006,N20270216,2027-02-17T03:30:00Z,900,true,0.950167,1.000000,0.986245,0.966242
N20270216-S007,N20270216,2027-02-17T03:45:00Z,900,true,0.950564,0.993086,0.994451,0.917928
N20270216-S008,N20270216,2027-02-17T04:00:00Z,900,true,0.914427,0.983988,1.019376,0.967024
N20270216-S009,N20270216,2027-02-17T04:15:00Z,900,true,0.924576,0.997681,1.012211,0.986702
N20270216-S010,N20270216,2027-02-17T04:30:00Z,900,true,0.950115,0.993854,1.025331,0.943625
N20270216-S011,N20270216,2027-02-17T04:45:00Z,900,true,0.976691,1.000000,1.012958,0.901736
N20270216-S012,N20270216,2027-02-17T05:00:00Z,900,true,0.970387,1.000000,0.995873,0.942927
N20270216-S013,N20270216,2027-02-17T05:15:00Z,900,true,0.988791,0.999725,0.998840,0.904280
N20270216-S014,N20270216,2027-02-17T05:30:00Z,900,true,0.998897,0.974272,1.024416,0.989020
N20270216-S015,N20270216,2027-02-17T05:45:00Z,900,true,0.983898,0.982009,1.017408,0.904087
N20270216-S016,N20270216,2027-02-17T06:00:00Z,900,true,0.982934,0.977628,1.013139,0.911531
N20270216-S017,N20270216,2027-02-17T06:15:00Z,900,true,0.990740,0.988223,1.000360,0.930090
N20270216-S018,N20270216,2027-02-17T06:30:00Z,900,true,1.012967,0.975711,1.007154,0.955554
N20270216-S019,N20270216,2027-02-17T06:45:00Z,900,true,1.035718,0.999520,1.018171,0.998330
N20270216-S020,N20270216,2027-02-17T07:00:00Z,900,true,0.994034,0.977785,1.024647,0.924704
N20270216-S021,N20270216,2027-02-17T07:15:00Z,900,false,,,,
N20270216-S022,N20270216,2027-02-17T07:30:00Z,900,true,0.909276,0.996338,0.953535,0.941585
N20270216-S023,N20270216,2027-02-17T07:45:00Z,900,true,0.930242,1.000000,0.967523,0.912663
N20270216-S024,N20270216,2027-02-17T08:00:00Z,900,true,0.946368,0.992759,0.970855,0.922027
N20270216-S025,N20270216,2027-02-17T08:15:00Z,900,true,0.996379,0.978176,0.964337,0.994626
N20270216-S026,N20270216,2027-02-17T08:30:00Z,900,true,1.014590,0.997286,0.972407,0.900791
N20270216-S027,N20270216,2027-02-17T08:45:00Z,900,true,1.013839,0.993097,0.969404,0.928903
N20270216-S028,N20270216,2027-02-17T09:00:00Z,900,true,1.075224,1.000000,0.969217,0.953693
N20270216-S029,N20270216,2027-02-17T09:15:00Z,900,true,1.080165,1.000000,0.947429,0.905335
N20270216-S030,N20270216,2027-02-17T09:30:00Z,900,true,1.057779,0.990045,0.934981,0.955172
N20270216-S031,N20270216,2027-02-17T09:45:00Z,900,true,1.049742,0.999456,0.937496,0.974782
N20270216-S032,N20270216,2027-02-17T10:00:00Z,900,true,1.036696,0.987548,0.960409,0.903816
N20270216-S033,N20270216,2027-02-17T10:15:00Z,900,true,1.014657,1.000000,0.981234,0.921228
N20270216-S034,N20270216,2027-02-17T10:30:00Z,900,true,0.982822,0.983719,0.971504,0.939006
N20270216-S035,N20270216,2027-02-17T10:45:00Z,900,true,1.004432,0.994226,0.969139,0.916576
N20270216-S036,N20270216,2027-02-17T11:00:00Z,900,true,1.022939,0.980520,0.991074,0.906215
N20270216-S037,N20270216,2027-02-17T11:15:00Z,900,false,,,,
N20270216-S038,N20270216,2027-02-17T11:30:00Z,900,false,,,,
N20270216-S039,N20270216,2027-02-17T11:45:00Z,900,false,,,,
N20270216-S040,N20270216,2027-02-17T12:00:00Z,900,false,,,,
N20270216-S041,N20270216,2027-02-17T12:15:00Z,900,false,,,,
N20270216-S042,N20270216,2027-02-17T12:30:00Z,900,true,1.118411,0.982983,0.983280,0.937072
N20270216-S043,N20270216,2027-02-17T12:45:00Z,900,true,1.044889,0.977114,0.985557,0.957302
N20270217-S001,N20270217,2027-02-18T02:15:00Z,900,true,1.056391,0.996792,1.004331,0.946956
N20270217-S002,N20270217,2027-02-18T02:30:00Z,900,true,1.094402,0.998398,0.997832,0.933247
N20270217-S003,N20270217,2027-02-18T02:45:00Z,900,true,1.047433,0.980926,1.002940,0.953120
N20270217-S004,N20270217,2027-02-18T03:00:00Z,900,true,1.053053,0.995110,1.004343,0.936102
N20270217-S005,N20270217,2027-02-18T03:15:00Z,900,true,1.007758,0.986389,1.001561,0.981859
N20270217-S006,N20270217,2027-02-18T03:30:00Z,900,true,0.957285,0.989823,0.991064,0.979306
N20270217-S007,N20270217,2027-02-18T03:45:00Z,900,true,0.992821,0.990659,1.011999,0.938004
N20270217-S008,N20270217,2027-02-18T04:00:00Z,900,true,0.942151,0.988541,0.991039,0.985271
N20270217-S009,N20270217,2027-02-18T04:15:00Z,900,true,0.917654,0.990053,1.026240,0.989141
N20270217-S010,N20270217,2027-02-18T04:30:00Z,900,true,0.912214,1.000000,1.036562,0.978125
N20270217-S011,N20270217,2027-02-18T04:45:00Z,900,true,0.960046,0.987013,1.023430,0.996741
N20270217-S012,N20270217,2027-02-18T05:00:00Z,900,true,0.963094,1.000000,1.025360,0.957582
N20270217-S013,N20270217,2027-02-18T05:15:00Z,900,true,0.980534,1.000000,1.021953,0.921638
N20270217-S014,N20270217,2027-02-18T05:30:00Z,900,true,1.024084,0.996607,1.015443,0.954997
N20270217-S015,N20270217,2027-02-18T05:45:00Z,900,true,1.037997,1.000000,1.019147,0.976818
N20270217-S016,N20270217,2027-02-18T06:00:00Z,900,true,1.027774,1.000000,1.038989,0.990371
N20270217-S017,N20270217,2027-02-18T06:15:00Z,900,true,1.062382,1.000000,1.032685,0.941518
N20270217-S018,N20270217,2027-02-18T06:30:00Z,900,false,,,,
N20270217-S019,N20270217,2027-02-18T06:45:00Z,900,false,,,,
N20270217-S020,N20270217,2027-02-18T07:00:00Z,900,true,0.971611,0.989279,1.002448,0.935858
N20270217-S021,N20270217,2027-02-18T07:15:00Z,900,true,1.014398,1.000000,0.997077,0.956359
N20270217-S022,N20270217,2027-02-18T07:30:00Z,900,true,1.053962,0.981304,0.994781,0.987600
N20270217-S023,N20270217,2027-02-18T07:45:00Z,900,true,0.990221,0.977270,1.006925,0.978284
N20270217-S024,N20270217,2027-02-18T08:00:00Z,900,true,0.994616,0.976629,1.012848,0.913363
N20270217-S025,N20270217,2027-02-18T08:15:00Z,900,true,0.947796,0.982358,1.015615,0.902121
N20270217-S026,N20270217,2027-02-18T08:30:00Z,900,true,1.002608,0.977538,1.030008,0.919601
N20270217-S027,N20270217,2027-02-18T08:45:00Z,900,true,0.986456,0.992516,1.015273,0.958662
N20270217-S028,N20270217,2027-02-18T09:00:00Z,900,true,1.018614,0.981753,1.050404,0.930064
N20270217-S029,N20270217,2027-02-18T09:15:00Z,900,true,1.046880,0.969372,1.039547,0.998189
N20270217-S030,N20270217,2027-02-18T09:30:00Z,900,true,1.044047,0.957869,1.021626,0.955265
N20270217-S031,N20270217,2027-02-18T09:45:00Z,900,true,1.024336,0.974321,1.022639,0.916623
N20270217-S032,N20270217,2027-02-18T10:00:00Z,900,false,,,,
N20270217-S033,N20270217,2027-02-18T10:15:00Z,900,false,,,,
N20270217-S034,N20270217,2027-02-18T10:30:00Z,900,false,,,,
N20270217-S035,N20270217,2027-02-18T10:45:00Z,900,false,,,,
N20270217-S036,N20270217,2027-02-18T11:00:00Z,900,false,,,,
N20270217-S037,N20270217,2027-02-18T11:15:00Z,900,true,1.031039,0.970496,1.028258,0.979405
N20270217-S038,N20270217,2027-02-18T11:30:00Z,900,true,1.056095,0.987288,1.044449,0.924655
N20270217-S039,N20270217,2027-02-18T11:45:00Z,900,true,1.052244,0.991653,1.052438,0.978296
N20270217-S040,N20270217,2027-02-18T12:00:00Z,900,true,1.124712,0.987263,1.092683,0.947760
N20270217-S041,N20270217,2027-02-18T12:15:00Z,900,true,1.106610,0.987415,1.085645,0.907015
N20270217-S042,N20270217,2027-02-18T12:30:00Z,900,true,1.143817,1.000000,1.075990,0.968542
N20270217-S043,N20270217,2027-02-18T12:45:00Z,900,true,1.106886,1.000000,1.057580,0.951661
N20270218-S001,N20270218,2027-02-19T02:15:00Z,900,true,1.075779,1.000000,0.952564,0.900255
N20270218-S002,N20270218,2027-02-19T02:30:00Z,900,true,1.053008,1.000000,0.957679,0.984476
N20270218-S003,N20270218,2027-02-19T02:45:00Z,900,true,1.119097,1.000000,0.944910,0.995568
N20270218-S004,N20270218,2027-02-19T03:00:00Z,900,true,1.114052,0.990464,0.933345,0.961843
N20270218-S005,N20270218,2027-02-19T03:15:00Z,900,true,1.095877,0.994076,0.935117,0.978005
N20270218-S006,N20270218,2027-02-19T03:30:00Z,900,true,1.092989,0.981571,0.928953,0.985397
N20270218-S007,N20270218,2027-02-19T03:45:00Z,900,true,1.114388,0.956083,0.926316,0.976368
N20270218-S008,N20270218,2027-02-19T04:00:00Z,900,true,1.066122,0.953619,0.908661,0.972202
N20270218-S009,N20270218,2027-02-19T04:15:00Z,900,true,1.102417,0.964788,0.918530,0.902480
N20270218-S010,N20270218,2027-02-19T04:30:00Z,900,true,1.084679,0.954720,0.883015,0.907163
N20270218-S011,N20270218,2027-02-19T04:45:00Z,900,true,1.094187,0.976941,0.862069,0.979385
N20270218-S012,N20270218,2027-02-19T05:00:00Z,900,true,1.070015,0.981364,0.881849,0.927503
N20270218-S013,N20270218,2027-02-19T05:15:00Z,900,true,1.051952,0.991481,0.906965,0.998409
N20270218-S014,N20270218,2027-02-19T05:30:00Z,900,true,1.023846,1.000000,0.894570,0.921887
N20270218-S015,N20270218,2027-02-19T05:45:00Z,900,true,0.997500,0.980662,0.913221,0.928243
N20270218-S016,N20270218,2027-02-19T06:00:00Z,900,true,1.003165,0.985085,0.902132,0.978671
N20270218-S017,N20270218,2027-02-19T06:15:00Z,900,true,1.015347,0.983716,0.913247,0.996404
N20270218-S018,N20270218,2027-02-19T06:30:00Z,900,true,0.979459,0.995286,0.919351,0.989642
N20270218-S019,N20270218,2027-02-19T06:45:00Z,900,true,0.940526,1.000000,0.936802,0.974930
N20270218-S020,N20270218,2027-02-19T07:00:00Z,900,true,0.929265,1.000000,0.923959,0.975968
N20270218-S021,N20270218,2027-02-19T07:15:00Z,900,true,0.941324,1.000000,0.915103,0.981228
N20270218-S022,N20270218,2027-02-19T07:30:00Z,900,true,0.961117,1.000000,0.927406,0.908901
N20270218-S023,N20270218,2027-02-19T07:45:00Z,900,true,1.059500,0.999467,0.921480,0.975269
N20270218-S024,N20270218,2027-02-19T08:00:00Z,900,true,1.062265,0.997302,0.925823,0.956181
N20270218-S025,N20270218,2027-02-19T08:15:00Z,900,true,1.065873,0.979789,0.912530,0.905056
N20270218-S026,N20270218,2027-02-19T08:30:00Z,900,true,1.092315,0.993441,0.905692,0.946825
N20270218-S027,N20270218,2027-02-19T08:45:00Z,900,true,1.075359,1.000000,0.944280,0.999082
N20270218-S028,N20270218,2027-02-19T09:00:00Z,900,true,1.095117,0.993177,0.955142,0.912720
N20270218-S029,N20270218,2027-02-19T09:15:00Z,900,true,1.136580,0.990530,0.989309,0.904564
N20270218-S030,N20270218,2027-02-19T09:30:00Z,900,true,1.138918,1.000000,0.985147,0.979667
N20270218-S031,N20270218,2027-02-19T09:45:00Z,900,true,1.155278,0.994834,0.991802,0.917767
N20270218-S032,N20270218,2027-02-19T10:00:00Z,900,true,1.146528,1.000000,0.970344,0.946460
N20270218-S033,N20270218,2027-02-19T10:15:00Z,900,true,1.089850,1.000000,0.969765,0.973737
N20270218-S034,N20270218,2027-02-19T10:30:00Z,900,true,1.072598,1.000000,0.991844,0.909393
N20270218-S035,N20270218,2027-02-19T10:45:00Z,900,true,1.052316,0.978967,0.984658,0.918165
N20270218-S036,N20270218,2027-02-19T11:00:00Z,900,true,1.028374,0.987801,1.008350,0.920143
N20270218-S037,N20270218,2027-02-19T11:15:00Z,900,true,1.013292,0.989399,1.021188,0.984772
N20270218-S038,N20270218,2027-02-19T11:30:00Z,900,true,1.048864,0.990213,1.004428,0.964173
N20270218-S039,N20270218,2027-02-19T11:45:00Z,900,true,1.034772,0.990556,0.990855,0.969018
N20270218-S040,N20270218,2027-02-19T12:00:00Z,900,true,1.023376,0.993991,0.982908,0.984439
N20270218-S041,N20270218,2027-02-19T12:15:00Z,900,true,1.071506,0.998581,0.959600,0.992383
N20270218-S042,N20270218,2027-02-19T12:30:00Z,900,true,1.018397,0.993067,0.957071,0.915351
N20270218-S043,N20270218,2027-02-19T12:45:00Z,900,true,1.025750,1.000000,0.959834,0.975803
N20270219-S001,N20270219,2027-02-20T02:15:00Z,900,true,1.104199,0.987189,0.967381,0.988429
N20270219-S002,N20270219,2027-02-20T02:30:00Z,900,true,1.082739,0.999506,0.960202,0.971712
N20270219-S003,N20270219,2027-02-20T02:45:00Z,900,true,1.068970,1.000000,0.945165,0.926741
N20270219-S004,N20270219,2027-02-20T03:00:00Z,900,true,1.154368,0.996438,0.934764,0.997426
N20270219-S005,N20270219,2027-02-20T03:15:00Z,900,true,1.183635,0.991224,0.933122,0.968475
N20270219-S006,N20270219,2027-02-20T03:30:00Z,900,true,1.186616,0.979306,0.956621,0.993696
N20270219-S007,N20270219,2027-02-20T03:45:00Z,900,true,1.234866,0.972838,0.963159,0.985631
N20270219-S008,N20270219,2027-02-20T04:00:00Z,900,true,1.143607,0.966000,0.933907,0.998929
N20270219-S009,N20270219,2027-02-20T04:15:00Z,900,true,1.149753,0.945132,0.939072,0.912981
N20270219-S010,N20270219,2027-02-20T04:30:00Z,900,true,1.091189,0.956459,0.961145,0.920099
N20270219-S011,N20270219,2027-02-20T04:45:00Z,900,true,1.104211,0.958333,0.910097,0.927107
N20270219-S012,N20270219,2027-02-20T05:00:00Z,900,true,1.094353,0.973180,0.898829,0.983963
N20270219-S013,N20270219,2027-02-20T05:15:00Z,900,true,1.066367,0.969938,0.920393,0.913490
N20270219-S014,N20270219,2027-02-20T05:30:00Z,900,true,1.050184,0.968773,0.885066,0.940362
N20270219-S015,N20270219,2027-02-20T05:45:00Z,900,true,1.085390,0.976942,0.892056,0.921867
N20270219-S016,N20270219,2027-02-20T06:00:00Z,900,true,1.106744,0.975829,0.910461,0.984697
N20270219-S017,N20270219,2027-02-20T06:15:00Z,900,true,1.107843,0.994766,0.890394,0.904390
N20270219-S018,N20270219,2027-02-20T06:30:00Z,900,false,,,,
N20270219-S019,N20270219,2027-02-20T06:45:00Z,900,false,,,,
N20270219-S020,N20270219,2027-02-20T07:00:00Z,900,true,1.119817,1.000000,0.905089,0.981453
N20270219-S021,N20270219,2027-02-20T07:15:00Z,900,true,1.165544,1.000000,0.933362,0.961076
N20270219-S022,N20270219,2027-02-20T07:30:00Z,900,true,1.104875,0.982057,0.915562,0.918146
N20270219-S023,N20270219,2027-02-20T07:45:00Z,900,true,1.130909,0.988415,0.898579,0.966504
N20270219-S024,N20270219,2027-02-20T08:00:00Z,900,true,1.135267,0.978354,0.901429,0.908227
N20270219-S025,N20270219,2027-02-20T08:15:00Z,900,true,1.185349,0.987769,0.908623,0.996470
N20270219-S026,N20270219,2027-02-20T08:30:00Z,900,true,1.140620,0.986314,0.890066,0.943448
N20270219-S027,N20270219,2027-02-20T08:45:00Z,900,true,1.110517,1.000000,0.919718,0.986040
N20270219-S028,N20270219,2027-02-20T09:00:00Z,900,true,1.123829,1.000000,0.936105,0.945091
N20270219-S029,N20270219,2027-02-20T09:15:00Z,900,true,1.172746,1.000000,0.932142,0.952543
N20270219-S030,N20270219,2027-02-20T09:30:00Z,900,true,1.183524,1.000000,0.940251,0.974425
N20270219-S031,N20270219,2027-02-20T09:45:00Z,900,true,1.183840,0.992750,0.960057,0.970452
N20270219-S032,N20270219,2027-02-20T10:00:00Z,900,true,1.230042,0.997714,0.976443,0.971483
N20270219-S033,N20270219,2027-02-20T10:15:00Z,900,true,1.136715,0.969966,0.960914,0.970402
N20270219-S034,N20270219,2027-02-20T10:30:00Z,900,true,1.168702,0.970071,0.940320,0.953668
N20270219-S035,N20270219,2027-02-20T10:45:00Z,900,true,1.155042,0.985968,0.919749,0.933464
N20270219-S036,N20270219,2027-02-20T11:00:00Z,900,true,1.142802,1.000000,0.959785,0.915898
N20270219-S037,N20270219,2027-02-20T11:15:00Z,900,true,1.134509,1.000000,0.954381,0.904159
N20270219-S038,N20270219,2027-02-20T11:30:00Z,900,false,,,,
N20270219-S039,N20270219,2027-02-20T11:45:00Z,900,false,,,,
N20270219-S040,N20270219,2027-02-20T12:00:00Z,900,true,1.068273,0.990327,0.938465,0.926208
N20270219-S041,N20270219,2027-02-20T12:15:00Z,900,true,1.053468,0.990756,0.930706,0.900890
N20270219-S042,N20270219,2027-02-20T12:30:00Z,900,true,1.096913,0.988792,0.952316,0.973998
N20270219-S043,N20270219,2027-02-20T12:45:00Z,900,true,1.121265,0.982488,0.946487,0.985982
N20270220-S001,N20270220,2027-02-21T02:15:00Z,900,true,1.259188,0.903009,1.012883,0.987126
N20270220-S002,N20270220,2027-02-21T02:30:00Z,900,true,1.250591,0.888496,1.022991,0.929267
N20270220-S003,N20270220,2027-02-21T02:45:00Z,900,true,1.235187,0.879934,1.034974,0.984569
N20270220-S004,N20270220,2027-02-21T03:00:00Z,900,true,1.279697,0.861244,1.026571,0.914293
N20270220-S005,N20270220,2027-02-21T03:15:00Z,900,true,1.307767,0.855291,1.035225,0.976958
N20270220-S006,N20270220,2027-02-21T03:30:00Z,900,true,1.262001,0.876413,1.025550,0.965941
N20270220-S007,N20270220,2027-02-21T03:45:00Z,900,true,1.221574,0.886446,1.040356,0.957434
N20270220-S008,N20270220,2027-02-21T04:00:00Z,900,true,1.289859,0.886252,1.052427,0.944978
N20270220-S009,N20270220,2027-02-21T04:15:00Z,900,true,1.228717,0.894131,1.033433,0.978954
N20270220-S010,N20270220,2027-02-21T04:30:00Z,900,true,1.282687,0.879545,1.021508,0.900970
N20270220-S011,N20270220,2027-02-21T04:45:00Z,900,true,1.281382,0.887586,1.000687,0.940414
N20270220-S012,N20270220,2027-02-21T05:00:00Z,900,true,1.288017,0.894209,0.992813,0.924520
N20270220-S013,N20270220,2027-02-21T05:15:00Z,900,true,1.238633,0.899875,0.989868,0.915435
N20270220-S014,N20270220,2027-02-21T05:30:00Z,900,true,1.207777,0.893115,0.998742,0.950721
N20270220-S015,N20270220,2027-02-21T05:45:00Z,900,true,1.159071,0.897496,1.040973,0.911672
N20270220-S016,N20270220,2027-02-21T06:00:00Z,900,true,1.183514,0.891938,1.018417,0.984672
N20270220-S017,N20270220,2027-02-21T06:15:00Z,900,true,1.178386,0.895120,1.038241,0.913229
N20270220-S018,N20270220,2027-02-21T06:30:00Z,900,true,1.151538,0.898860,1.009978,0.943872
N20270220-S019,N20270220,2027-02-21T06:45:00Z,900,true,1.149534,0.898127,1.004027,0.929129
N20270220-S020,N20270220,2027-02-21T07:00:00Z,900,true,1.213826,0.902499,1.019841,0.909360
N20270220-S021,N20270220,2027-02-21T07:15:00Z,900,true,1.253659,0.887727,1.034079,0.943358
N20270220-S022,N20270220,2027-02-21T07:30:00Z,900,true,1.202619,0.876013,1.053796,0.951805
N20270220-S023,N20270220,2027-02-21T07:45:00Z,900,true,1.179388,0.884582,1.044270,0.991480
N20270220-S024,N20270220,2027-02-21T08:00:00Z,900,true,1.218502,0.888408,1.044033,0.959298
N20270220-S025,N20270220,2027-02-21T08:15:00Z,900,true,1.193579,0.884886,1.034182,0.951654
N20270220-S026,N20270220,2027-02-21T08:30:00Z,900,true,1.193944,0.894771,1.041892,0.951028
N20270220-S027,N20270220,2027-02-21T08:45:00Z,900,true,1.216399,0.897182,0.998095,0.916587
N20270220-S028,N20270220,2027-02-21T09:00:00Z,900,true,1.163166,0.894130,1.012434,0.996847
N20270220-S029,N20270220,2027-02-21T09:15:00Z,900,true,1.196489,0.905464,1.048410,0.945741
N20270220-S030,N20270220,2027-02-21T09:30:00Z,900,true,1.223877,0.903775,1.046528,0.954633
N20270220-S031,N20270220,2027-02-21T09:45:00Z,900,true,1.181459,0.906686,1.046831,0.961285
N20270220-S032,N20270220,2027-02-21T10:00:00Z,900,true,1.222954,0.922209,1.066025,0.996331
N20270220-S033,N20270220,2027-02-21T10:15:00Z,900,true,1.242200,0.916286,1.042140,0.978571
N20270220-S034,N20270220,2027-02-21T10:30:00Z,900,true,1.273109,0.913834,1.037930,0.995806
N20270220-S035,N20270220,2027-02-21T10:45:00Z,900,true,1.267962,0.900311,1.043272,0.900717
N20270220-S036,N20270220,2027-02-21T11:00:00Z,900,true,1.267344,0.906036,1.054805,0.985799
N20270220-S037,N20270220,2027-02-21T11:15:00Z,900,true,1.228177,0.908250,1.041445,0.943230
N20270220-S038,N20270220,2027-02-21T11:30:00Z,900,true,1.203359,0.932057,1.029959,0.926138
N20270220-S039,N20270220,2027-02-21T11:45:00Z,900,true,1.257659,0.928172,1.030550,0.914447
N20270220-S040,N20270220,2027-02-21T12:00:00Z,900,true,1.224977,0.918621,1.062158,0.911263
N20270220-S041,N20270220,2027-02-21T12:15:00Z,900,true,1.251873,0.918007,1.057992,0.902573
N20270220-S042,N20270220,2027-02-21T12:30:00Z,900,true,1.264306,0.927447,1.044500,0.930085
N20270220-S043,N20270220,2027-02-21T12:45:00Z,900,true,1.260316,0.938400,1.023995,0.992705
N20270221-S001,N20270221,2027-02-22T02:15:00Z,900,true,1.103496,0.916002,1.008696,0.912156
N20270221-S002,N20270221,2027-02-22T02:30:00Z,900,true,1.112127,0.918038,1.025110,0.916775
N20270221-S003,N20270221,2027-02-22T02:45:00Z,900,true,1.084233,0.914396,1.019242,0.912131
N20270221-S004,N20270221,2027-02-22T03:00:00Z,900,true,1.107796,0.919832,1.011475,0.987173
N20270221-S005,N20270221,2027-02-22T03:15:00Z,900,true,1.103031,0.917487,1.001316,0.973921
N20270221-S006,N20270221,2027-02-22T03:30:00Z,900,true,1.117546,0.914535,0.987967,0.992299
N20270221-S007,N20270221,2027-02-22T03:45:00Z,900,true,1.154543,0.902472,1.001250,0.937107
N20270221-S008,N20270221,2027-02-22T04:00:00Z,900,true,1.127338,0.916252,1.012952,0.939172
N20270221-S009,N20270221,2027-02-22T04:15:00Z,900,true,1.147886,0.898428,0.989974,0.902134
N20270221-S010,N20270221,2027-02-22T04:30:00Z,900,true,1.165386,0.898935,0.958763,0.921182
N20270221-S011,N20270221,2027-02-22T04:45:00Z,900,true,1.103212,0.893347,0.962831,0.986955
N20270221-S012,N20270221,2027-02-22T05:00:00Z,900,true,1.149222,0.909473,0.951912,0.976381
N20270221-S013,N20270221,2027-02-22T05:15:00Z,900,true,1.123228,0.924597,0.935816,0.993559
N20270221-S014,N20270221,2027-02-22T05:30:00Z,900,true,1.114309,0.928771,0.947460,0.944376
N20270221-S015,N20270221,2027-02-22T05:45:00Z,900,true,1.053498,0.914197,0.947556,0.959751
N20270221-S016,N20270221,2027-02-22T06:00:00Z,900,true,1.087383,0.900620,0.972371,0.996715
N20270221-S017,N20270221,2027-02-22T06:15:00Z,900,true,1.119463,0.928104,0.980482,0.976716
N20270221-S018,N20270221,2027-02-22T06:30:00Z,900,true,1.106906,0.928073,1.004278,0.909187
N20270221-S019,N20270221,2027-02-22T06:45:00Z,900,true,1.151418,0.918308,1.000431,0.970150
N20270221-S020,N20270221,2027-02-22T07:00:00Z,900,true,1.116561,0.949063,0.986157,0.985944
N20270221-S021,N20270221,2027-02-22T07:15:00Z,900,true,1.117168,0.931195,0.994500,0.901119
N20270221-S022,N20270221,2027-02-22T07:30:00Z,900,true,1.092618,0.938943,0.991720,0.982201
N20270221-S023,N20270221,2027-02-22T07:45:00Z,900,true,1.041164,0.935825,0.998794,0.942866
N20270221-S024,N20270221,2027-02-22T08:00:00Z,900,true,1.014426,0.909486,1.002570,0.904897
N20270221-S025,N20270221,2027-02-22T08:15:00Z,900,true,0.992003,0.903337,1.008528,0.911549
N20270221-S026,N20270221,2027-02-22T08:30:00Z,900,true,1.090827,0.888700,0.987047,0.940708
N20270221-S027,N20270221,2027-02-22T08:45:00Z,900,true,1.098187,0.878821,0.980038,0.953050
N20270221-S028,N20270221,2027-02-22T09:00:00Z,900,true,1.036393,0.863659,0.991013,0.965048
N20270221-S029,N20270221,2027-02-22T09:15:00Z,900,true,1.007901,0.868816,0.983447,0.994618
N20270221-S030,N20270221,2027-02-22T09:30:00Z,900,true,0.987576,0.881406,0.981569,0.931541
N20270221-S031,N20270221,2027-02-22T09:45:00Z,900,true,1.078219,0.894605,0.994768,0.956722
N20270221-S032,N20270221,2027-02-22T10:00:00Z,900,true,1.106450,0.896439,0.964560,0.901779
N20270221-S033,N20270221,2027-02-22T10:15:00Z,900,true,1.094710,0.896246,0.955961,0.903501
N20270221-S034,N20270221,2027-02-22T10:30:00Z,900,true,1.088808,0.918016,0.962014,0.937914
N20270221-S035,N20270221,2027-02-22T10:45:00Z,900,true,1.089891,0.911206,0.968545,0.960778
N20270221-S036,N20270221,2027-02-22T11:00:00Z,900,true,1.062325,0.914995,0.959130,0.939595
N20270221-S037,N20270221,2027-02-22T11:15:00Z,900,true,1.111526,0.903218,0.942284,0.925097
N20270221-S038,N20270221,2027-02-22T11:30:00Z,900,true,1.113181,0.907502,0.971801,0.999672
N20270221-S039,N20270221,2027-02-22T11:45:00Z,900,true,1.078552,0.918444,0.983229,0.923899
N20270221-S040,N20270221,2027-02-22T12:00:00Z,900,true,1.092925,0.916422,0.976915,0.977204
N20270221-S041,N20270221,2027-02-22T12:15:00Z,900,true,1.129241,0.920958,0.993137,0.968222
N20270221-S042,N20270221,2027-02-22T12:30:00Z,900,true,1.098820,0.935483,1.001154,0.990800
N20270221-S043,N20270221,2027-02-22T12:45:00Z,900,true,1.045365,0.935609,1.004442,0.936237
N20270222-S001,N20270222,2027-02-23T02:15:00Z,900,true,1.127088,0.930924,0.977511,0.992161
N20270222-S002,N20270222,2027-02-23T02:30:00Z,900,true,1.110716,0.938955,1.015178,0.987372
N20270222-S003,N20270222,2027-02-23T02:45:00Z,900,true,1.173991,0.948676,0.995074,0.998719
N20270222-S004,N20270222,2027-02-23T03:00:00Z,900,true,1.149909,0.952821,1.021705,0.994157
N20270222-S005,N20270222,2027-02-23T03:15:00Z,900,true,1.138559,0.947887,1.015576,0.926195
N20270222-S006,N20270222,2027-02-23T03:30:00Z,900,true,1.096136,0.962054,1.033279,0.986581
N20270222-S007,N20270222,2027-02-23T03:45:00Z,900,true,1.100894,0.959204,1.027451,0.912196
N20270222-S008,N20270222,2027-02-23T04:00:00Z,900,true,1.076779,0.959002,1.001972,0.966377
N20270222-S009,N20270222,2027-02-23T04:15:00Z,900,true,1.109212,0.966961,0.978631,0.926772
N20270222-S010,N20270222,2027-02-23T04:30:00Z,900,true,1.063966,0.948103,1.000764,0.933722
N20270222-S011,N20270222,2027-02-23T04:45:00Z,900,true,1.007720,0.951591,0.998415,0.913591
N20270222-S012,N20270222,2027-02-23T05:00:00Z,900,true,1.044947,0.965159,0.991417,0.921192
N20270222-S013,N20270222,2027-02-23T05:15:00Z,900,true,1.032383,0.973727,0.986299,0.996623
N20270222-S014,N20270222,2027-02-23T05:30:00Z,900,true,1.101208,0.984084,0.977405,0.993794
N20270222-S015,N20270222,2027-02-23T05:45:00Z,900,true,1.150419,0.966337,0.950596,0.918065
N20270222-S016,N20270222,2027-02-23T06:00:00Z,900,true,1.152877,0.959089,0.989813,0.914969
N20270222-S017,N20270222,2027-02-23T06:15:00Z,900,true,1.120222,0.952702,1.004611,0.991055
N20270222-S018,N20270222,2027-02-23T06:30:00Z,900,true,1.146700,0.967429,0.988202,0.947912
N20270222-S019,N20270222,2027-02-23T06:45:00Z,900,true,1.097151,0.965241,0.951068,0.933850
N20270222-S020,N20270222,2027-02-23T07:00:00Z,900,true,1.118186,0.966864,0.917162,0.950817
N20270222-S021,N20270222,2027-02-23T07:15:00Z,900,true,1.110046,0.962515,0.921421,0.999126
N20270222-S022,N20270222,2027-02-23T07:30:00Z,900,true,1.118051,0.950264,0.916225,0.929991
N20270222-S023,N20270222,2027-02-23T07:45:00Z,900,false,,,,
N20270222-S024,N20270222,2027-02-23T08:00:00Z,900,false,,,,
N20270222-S025,N20270222,2027-02-23T08:15:00Z,900,true,1.111122,0.923423,0.930666,0.944612
N20270222-S026,N20270222,2027-02-23T08:30:00Z,900,true,1.082638,0.911066,0.940773,0.998074
N20270222-S027,N20270222,2027-02-23T08:45:00Z,900,true,1.085602,0.916011,0.951013,0.911464
N20270222-S028,N20270222,2027-02-23T09:00:00Z,900,true,1.097759,0.913246,0.954772,0.983915
N20270222-S029,N20270222,2027-02-23T09:15:00Z,900,true,1.075142,0.924004,0.964953,0.903554
N20270222-S030,N20270222,2027-02-23T09:30:00Z,900,true,1.051816,0.912990,0.961540,0.903084
N20270222-S031,N20270222,2027-02-23T09:45:00Z,900,true,1.056142,0.914835,0.952545,0.919227
N20270222-S032,N20270222,2027-02-23T10:00:00Z,900,true,1.049997,0.901348,0.970937,0.907491
N20270222-S033,N20270222,2027-02-23T10:15:00Z,900,true,1.057019,0.901119,0.943594,0.965563
N20270222-S034,N20270222,2027-02-23T10:30:00Z,900,true,1.058223,0.894593,0.939089,0.949978
N20270222-S035,N20270222,2027-02-23T10:45:00Z,900,true,1.032395,0.879379,0.953735,0.971570
N20270222-S036,N20270222,2027-02-23T11:00:00Z,900,true,1.016227,0.893232,0.939742,0.980818
N20270222-S037,N20270222,2027-02-23T11:15:00Z,900,true,1.116712,0.905510,0.954431,0.993169
N20270222-S038,N20270222,2027-02-23T11:30:00Z,900,true,1.100123,0.901413,0.965468,0.960918
N20270222-S039,N20270222,2027-02-23T11:45:00Z,900,true,1.072673,0.885299,0.962557,0.917789
N20270222-S040,N20270222,2027-02-23T12:00:00Z,900,true,1.057197,0.881542,0.965825,0.916627
N20270222-S041,N20270222,2027-02-23T12:15:00Z,900,true,1.124977,0.903260,0.949310,0.938410
N20270222-S042,N20270222,2027-02-23T12:30:00Z,900,true,1.051969,0.895576,0.966592,0.964420
N20270222-S043,N20270222,2027-02-23T12:45:00Z,900,true,1.053275,0.886456,0.968932,0.925699
N20270223-S001,N20270223,2027-02-24T02:15:00Z,900,true,1.026351,0.938499,1.038843,0.932407
N20270223-S002,N20270223,2027-02-24T02:30:00Z,900,true,1.083460,0.900752,1.015210,0.956087
N20270223-S003,N20270223,2027-02-24T02:45:00Z,900,true,1.018075,0.911223,1.035994,0.923229
N20270223-S004,N20270223,2027-02-24T03:00:00Z,900,true,0.970092,0.912914,1.038449,0.937335
N20270223-S005,N20270223,2027-02-24T03:15:00Z,900,true,0.942006,0.918864,1.065635,0.908343
N20270223-S006,N20270223,2027-02-24T03:30:00Z,900,true,0.948881,0.917213,1.044546,0.925227
N20270223-S007,N20270223,2027-02-24T03:45:00Z,900,true,0.935315,0.923362,1.027405,0.952295
N20270223-S008,N20270223,2027-02-24T04:00:00Z,900,true,0.931131,0.921466,1.017549,0.911437
N20270223-S009,N20270223,2027-02-24T04:15:00Z,900,true,0.896399,0.926235,1.030785,0.993500
N20270223-S010,N20270223,2027-02-24T04:30:00Z,900,true,0.966861,0.920853,1.027638,0.984628
N20270223-S011,N20270223,2027-02-24T04:45:00Z,900,true,0.983680,0.929719,1.035975,0.977089
N20270223-S012,N20270223,2027-02-24T05:00:00Z,900,true,1.016754,0.921315,1.042618,0.902029
N20270223-S013,N20270223,2027-02-24T05:15:00Z,900,true,1.008492,0.915981,1.060762,0.910122
N20270223-S014,N20270223,2027-02-24T05:30:00Z,900,true,0.969315,0.923194,1.064611,0.908159
N20270223-S015,N20270223,2027-02-24T05:45:00Z,900,true,0.961522,0.917692,1.087277,0.969445
N20270223-S016,N20270223,2027-02-24T06:00:00Z,900,true,0.930814,0.916171,1.080954,0.936148
N20270223-S017,N20270223,2027-02-24T06:15:00Z,900,true,0.944055,0.916039,1.061264,0.984537
N20270223-S018,N20270223,2027-02-24T06:30:00Z,900,true,0.952559,0.898290,1.034939,0.974369
N20270223-S019,N20270223,2027-02-24T06:45:00Z,900,true,1.023087,0.893453,1.044625,0.948016
N20270223-S020,N20270223,2027-02-24T07:00:00Z,900,true,1.054809,0.898122,1.047980,0.988534
N20270223-S021,N20270223,2027-02-24T07:15:00Z,900,true,1.062288,0.903042,1.037231,0.906957
N20270223-S022,N20270223,2027-02-24T07:30:00Z,900,true,1.074723,0.903971,1.018023,0.913783
N20270223-S023,N20270223,2027-02-24T07:45:00Z,900,true,1.089690,0.907976,1.037184,0.955862
N20270223-S024,N20270223,2027-02-24T08:00:00Z,900,true,1.028395,0.923060,1.017387,0.979383
N20270223-S025,N20270223,2027-02-24T08:15:00Z,900,true,1.044705,0.920137,0.999072,0.913641
N20270223-S026,N20270223,2027-02-24T08:30:00Z,900,true,1.055820,0.937811,0.991715,0.918267
N20270223-S027,N20270223,2027-02-24T08:45:00Z,900,true,1.101413,0.935706,0.970678,0.980471
N20270223-S028,N20270223,2027-02-24T09:00:00Z,900,true,1.043800,0.944455,0.985007,0.909934
N20270223-S029,N20270223,2027-02-24T09:15:00Z,900,true,1.049235,0.938792,1.011572,0.941521
N20270223-S030,N20270223,2027-02-24T09:30:00Z,900,true,1.067820,0.947243,0.999262,0.940683
N20270223-S031,N20270223,2027-02-24T09:45:00Z,900,true,1.143257,0.940369,1.032361,0.998343
N20270223-S032,N20270223,2027-02-24T10:00:00Z,900,true,1.143441,0.922461,1.041602,0.908160
N20270223-S033,N20270223,2027-02-24T10:15:00Z,900,true,1.074719,0.915542,1.045176,0.979727
N20270223-S034,N20270223,2027-02-24T10:30:00Z,900,true,1.047337,0.922768,1.013603,0.953484
N20270223-S035,N20270223,2027-02-24T10:45:00Z,900,true,1.047316,0.931082,1.023163,0.912496
N20270223-S036,N20270223,2027-02-24T11:00:00Z,900,true,1.101633,0.940175,1.011470,0.974101
N20270223-S037,N20270223,2027-02-24T11:15:00Z,900,true,1.123854,0.933767,1.010719,0.967778
N20270223-S038,N20270223,2027-02-24T11:30:00Z,900,true,1.095884,0.932334,1.046561,0.957274
N20270223-S039,N20270223,2027-02-24T11:45:00Z,900,true,1.136815,0.930683,1.061564,0.944646
N20270223-S040,N20270223,2027-02-24T12:00:00Z,900,true,1.120534,0.934455,1.085747,0.924157
N20270223-S041,N20270223,2027-02-24T12:15:00Z,900,true,1.048172,0.957600,1.073046,0.945777
N20270223-S042,N20270223,2027-02-24T12:30:00Z,900,true,1.035654,0.968179,1.047327,0.925928
N20270223-S043,N20270223,2027-02-24T12:45:00Z,900,true,1.082039,0.951547,1.040544,0.941181
N20270224-S001,N20270224,2027-02-25T02:15:00Z,900,true,0.992497,0.941434,1.002709,0.903888
N20270224-S002,N20270224,2027-02-25T02:30:00Z,900,true,1.030188,0.955996,1.029961,0.974410
N20270224-S003,N20270224,2027-02-25T02:45:00Z,900,true,0.990866,0.963820,1.009002,0.928545
N20270224-S004,N20270224,2027-02-25T03:00:00Z,900,true,1.004580,0.956489,0.982403,0.942075
N20270224-S005,N20270224,2027-02-25T03:15:00Z,900,true,0.964584,0.964397,0.975833,0.942326
N20270224-S006,N20270224,2027-02-25T03:30:00Z,900,true,0.974227,0.980865,0.951773,0.911590
N20270224-S007,N20270224,2027-02-25T03:45:00Z,900,true,1.003357,0.975617,0.963092,0.994672
N20270224-S008,N20270224,2027-02-25T04:00:00Z,900,true,0.928447,0.978678,0.979920,0.955896
N20270224-S009,N20270224,2027-02-25T04:15:00Z,900,true,0.986194,0.957226,0.973975,0.953806
N20270224-S010,N20270224,2027-02-25T04:30:00Z,900,true,1.003648,0.957654,0.981515,0.927078
N20270224-S011,N20270224,2027-02-25T04:45:00Z,900,true,1.105927,0.945914,0.974333,0.963718
N20270224-S012,N20270224,2027-02-25T05:00:00Z,900,true,1.083437,0.941348,0.979732,0.914150
N20270224-S013,N20270224,2027-02-25T05:15:00Z,900,true,1.095267,0.958086,0.983931,0.932556
N20270224-S014,N20270224,2027-02-25T05:30:00Z,900,true,1.100491,0.953388,0.997423,0.906616
N20270224-S015,N20270224,2027-02-25T05:45:00Z,900,true,1.090215,0.946211,0.984223,0.928939
N20270224-S016,N20270224,2027-02-25T06:00:00Z,900,true,1.064342,0.935342,0.986159,0.929449
N20270224-S017,N20270224,2027-02-25T06:15:00Z,900,true,1.059433,0.947941,0.976881,0.965162
N20270224-S018,N20270224,2027-02-25T06:30:00Z,900,true,1.054229,0.951400,1.019439,0.971494
N20270224-S019,N20270224,2027-02-25T06:45:00Z,900,true,1.065946,0.925278,1.031415,0.963626
N20270224-S020,N20270224,2027-02-25T07:00:00Z,900,true,1.091194,0.916934,1.036642,0.901196
N20270224-S021,N20270224,2027-02-25T07:15:00Z,900,true,1.095584,0.939257,0.996875,0.941636
N20270224-S022,N20270224,2027-02-25T07:30:00Z,900,true,1.074981,0.937809,1.006862,0.913955
N20270224-S023,N20270224,2027-02-25T07:45:00Z,900,true,1.100013,0.929579,0.980307,0.988195
N20270224-S024,N20270224,2027-02-25T08:00:00Z,900,true,1.063791,0.918818,0.995693,0.985748
N20270224-S025,N20270224,2027-02-25T08:15:00Z,900,true,1.125675,0.921451,1.009870,0.970115
N20270224-S026,N20270224,2027-02-25T08:30:00Z,900,true,1.091682,0.912724,0.990055,0.997819
N20270224-S027,N20270224,2027-02-25T08:45:00Z,900,true,1.089575,0.916270,0.987893,0.940870
N20270224-S028,N20270224,2027-02-25T09:00:00Z,900,true,1.034385,0.914673,0.981718,0.934088
N20270224-S029,N20270224,2027-02-25T09:15:00Z,900,true,1.065225,0.905421,0.994773,0.932071
N20270224-S030,N20270224,2027-02-25T09:30:00Z,900,true,1.074448,0.917322,0.989695,0.945788
N20270224-S031,N20270224,2027-02-25T09:45:00Z,900,true,1.118750,0.905595,0.979868,0.946601
N20270224-S032,N20270224,2027-02-25T10:00:00Z,900,true,1.099980,0.933805,0.956276,0.962087
N20270224-S033,N20270224,2027-02-25T10:15:00Z,900,true,1.103079,0.915705,0.958398,0.939913
N20270224-S034,N20270224,2027-02-25T10:30:00Z,900,true,1.069979,0.918326,0.945065,0.905167
N20270224-S035,N20270224,2027-02-25T10:45:00Z,900,true,1.027018,0.935700,0.949140,0.902257
N20270224-S036,N20270224,2027-02-25T11:00:00Z,900,true,1.028714,0.938307,0.968117,0.917977
N20270224-S037,N20270224,2027-02-25T11:15:00Z,900,true,1.013238,0.946603,1.003210,0.965269
N20270224-S038,N20270224,2027-02-25T11:30:00Z,900,true,1.015597,0.943505,0.997612,0.912612
N20270224-S039,N20270224,2027-02-25T11:45:00Z,900,true,1.008568,0.940001,1.022882,0.912165
N20270224-S040,N20270224,2027-02-25T12:00:00Z,900,true,0.943074,0.944841,1.045640,0.974741
N20270224-S041,N20270224,2027-02-25T12:15:00Z,900,true,0.930658,0.953159,1.041615,0.998591
N20270224-S042,N20270224,2027-02-25T12:30:00Z,900,true,0.970272,0.975859,1.030417,0.957117
N20270224-S043,N20270224,2027-02-25T12:45:00Z,900,true,1.055262,0.995275,1.037862,0.971371
N20270225-S001,N20270225,2027-02-26T02:15:00Z,900,true,0.959648,0.906299,0.962108,0.980768
N20270225-S002,N20270225,2027-02-26T02:30:00Z,900,true,1.018370,0.922615,0.972627,0.929045
N20270225-S003,N20270225,2027-02-26T02:45:00Z,900,true,1.015631,0.920129,0.978218,0.904638
N20270225-S004,N20270225,2027-02-26T03:00:00Z,900,true,1.038119,0.906896,0.938304,0.908131
N20270225-S005,N20270225,2027-02-26T03:15:00Z,900,true,1.078772,0.905204,0.910559,0.944505
N20270225-S006,N20270225,2027-02-26T03:30:00Z,900,true,1.116060,0.889975,0.893105,0.944051
N20270225-S007,N20270225,2027-02-26T03:45:00Z,900,true,1.160069,0.884285,0.919450,0.965770
N20270225-S008,N20270225,2027-02-26T04:00:00Z,900,true,1.154076,0.859061,0.926857,0.980879
N20270225-S009,N20270225,2027-02-26T04:15:00Z,900,true,1.182560,0.873563,0.956532,0.949470
N20270225-S010,N20270225,2027-02-26T04:30:00Z,900,true,1.167083,0.874652,0.971988,0.925711
N20270225-S011,N20270225,2027-02-26T04:45:00Z,900,true,1.119757,0.879585,0.964774,0.913196
N20270225-S012,N20270225,2027-02-26T05:00:00Z,900,true,1.165492,0.891241,0.959981,0.963971
N20270225-S013,N20270225,2027-02-26T05:15:00Z,900,true,1.135385,0.872565,0.986595,0.957874
N20270225-S014,N20270225,2027-02-26T05:30:00Z,900,true,1.122357,0.885701,1.008634,0.918840
N20270225-S015,N20270225,2027-02-26T05:45:00Z,900,true,1.123996,0.894786,0.986166,0.977325
N20270225-S016,N20270225,2027-02-26T06:00:00Z,900,true,1.121692,0.905952,0.984212,0.947156
N20270225-S017,N20270225,2027-02-26T06:15:00Z,900,true,1.100989,0.901284,0.967386,0.937268
N20270225-S018,N20270225,2027-02-26T06:30:00Z,900,true,1.103930,0.898037,0.947514,0.910091
N20270225-S019,N20270225,2027-02-26T06:45:00Z,900,true,1.086009,0.888163,0.935447,0.903545
N20270225-S020,N20270225,2027-02-26T07:00:00Z,900,true,1.053978,0.884665,0.927382,0.983379
N20270225-S021,N20270225,2027-02-26T07:15:00Z,900,true,1.071603,0.889519,0.937812,0.962433
N20270225-S022,N20270225,2027-02-26T07:30:00Z,900,true,1.039546,0.863512,0.939533,0.902055
N20270225-S023,N20270225,2027-02-26T07:45:00Z,900,true,1.113001,0.859681,0.932447,0.944410
N20270225-S024,N20270225,2027-02-26T08:00:00Z,900,true,1.131690,0.860173,0.915579,0.963063
N20270225-S025,N20270225,2027-02-26T08:15:00Z,900,true,1.077264,0.854710,0.902454,0.917266
N20270225-S026,N20270225,2027-02-26T08:30:00Z,900,true,1.047433,0.864989,0.918737,0.966700
N20270225-S027,N20270225,2027-02-26T08:45:00Z,900,true,1.084157,0.868927,0.917745,0.998674
N20270225-S028,N20270225,2027-02-26T09:00:00Z,900,true,1.141779,0.871924,0.935995,0.941610
N20270225-S029,N20270225,2027-02-26T09:15:00Z,900,true,1.148422,0.879353,0.948983,0.941460
N20270225-S030,N20270225,2027-02-26T09:30:00Z,900,true,1.144866,0.860792,0.953703,0.975743
N20270225-S031,N20270225,2027-02-26T09:45:00Z,900,true,1.135666,0.869132,0.963659,0.927580
N20270225-S032,N20270225,2027-02-26T10:00:00Z,900,true,1.168953,0.870430,1.000608,0.993714
N20270225-S033,N20270225,2027-02-26T10:15:00Z,900,true,1.100824,0.858048,0.972237,0.994168
N20270225-S034,N20270225,2027-02-26T10:30:00Z,900,true,1.049563,0.869757,0.937215,0.975845
N20270225-S035,N20270225,2027-02-26T10:45:00Z,900,true,1.019510,0.884532,0.943057,0.915731
N20270225-S036,N20270225,2027-02-26T11:00:00Z,900,true,1.025475,0.879741,0.958022,0.906765
N20270225-S037,N20270225,2027-02-26T11:15:00Z,900,true,1.026478,0.888025,0.969819,0.940741
N20270225-S038,N20270225,2027-02-26T11:30:00Z,900,true,1.059943,0.883808,0.984887,0.917215
N20270225-S039,N20270225,2027-02-26T11:45:00Z,900,true,1.061825,0.902339,0.978492,0.959907
N20270225-S040,N20270225,2027-02-26T12:00:00Z,900,true,1.017729,0.917765,0.965955,0.965063
N20270225-S041,N20270225,2027-02-26T12:15:00Z,900,true,1.036653,0.922310,0.986300,0.922719
N20270225-S042,N20270225,2027-02-26T12:30:00Z,900,true,1.062813,0.935624,0.986467,0.963109
N20270225-S043,N20270225,2027-02-26T12:45:00Z,900,true,1.082570,0.945253,0.962901,0.999908
N20270226-S001,N20270226,2027-02-27T02:15:00Z,900,true,0.871082,0.894862,1.005886,0.959725
N20270226-S002,N20270226,2027-02-27T02:30:00Z,900,true,0.901596,0.887183,0.990450,0.966155
N20270226-S003,N20270226,2027-02-27T02:45:00Z,900,true,0.886914,0.894848,0.966747,0.964654
N20270226-S004,N20270226,2027-02-27T03:00:00Z,900,true,0.919831,0.885924,0.956587,0.937309
N20270226-S005,N20270226,2027-02-27T03:15:00Z,900,true,0.906945,0.900754,0.962062,0.990766
N20270226-S006,N20270226,2027-02-27T03:30:00Z,900,true,0.889953,0.900850,0.950708,0.988024
N20270226-S007,N20270226,2027-02-27T03:45:00Z,900,true,0.815730,0.902794,0.974967,0.990877
N20270226-S008,N20270226,2027-02-27T04:00:00Z,900,true,0.806790,0.896002,1.003907,0.963858
N20270226-S009,N20270226,2027-02-27T04:15:00Z,900,true,0.794971,0.899852,1.014260,0.939349
N20270226-S010,N20270226,2027-02-27T04:30:00Z,900,true,0.793576,0.879650,1.009977,0.952679
N20270226-S011,N20270226,2027-02-27T04:45:00Z,900,true,0.782035,0.877518,1.022470,0.930975
N20270226-S012,N20270226,2027-02-27T05:00:00Z,900,true,0.774786,0.871980,1.055135,0.905379
N20270226-S013,N20270226,2027-02-27T05:15:00Z,900,true,0.820402,0.867051,1.041584,0.940655
N20270226-S014,N20270226,2027-02-27T05:30:00Z,900,true,0.824794,0.873649,1.011430,0.960215
N20270226-S015,N20270226,2027-02-27T05:45:00Z,900,true,0.852535,0.847221,0.992504,0.977395
N20270226-S016,N20270226,2027-02-27T06:00:00Z,900,true,0.805092,0.854986,0.961898,0.946189
N20270226-S017,N20270226,2027-02-27T06:15:00Z,900,true,0.822456,0.865863,0.956655,0.956823
N20270226-S018,N20270226,2027-02-27T06:30:00Z,900,true,0.860413,0.860699,0.943609,0.969010
N20270226-S019,N20270226,2027-02-27T06:45:00Z,900,true,0.901748,0.856068,0.952600,0.905773
N20270226-S020,N20270226,2027-02-27T07:00:00Z,900,true,0.876113,0.858959,0.947850,0.962199
N20270226-S021,N20270226,2027-02-27T07:15:00Z,900,true,0.875971,0.881108,0.964673,0.978802
N20270226-S022,N20270226,2027-02-27T07:30:00Z,900,true,0.828499,0.878508,0.986573,0.995545
N20270226-S023,N20270226,2027-02-27T07:45:00Z,900,true,0.853243,0.858689,0.995123,0.987772
N20270226-S024,N20270226,2027-02-27T08:00:00Z,900,true,0.821532,0.884901,1.023071,0.983085
N20270226-S025,N20270226,2027-02-27T08:15:00Z,900,true,0.839197,0.890684,1.002988,0.930180
N20270226-S026,N20270226,2027-02-27T08:30:00Z,900,true,0.873357,0.888345,1.002701,0.978215
N20270226-S027,N20270226,2027-02-27T08:45:00Z,900,true,0.912151,0.888109,0.999007,0.909927
N20270226-S028,N20270226,2027-02-27T09:00:00Z,900,true,0.926608,0.879980,1.013479,0.952290
N20270226-S029,N20270226,2027-02-27T09:15:00Z,900,true,0.934895,0.880763,0.993582,0.931632
N20270226-S030,N20270226,2027-02-27T09:30:00Z,900,true,0.956469,0.860079,1.030533,0.940290
N20270226-S031,N20270226,2027-02-27T09:45:00Z,900,true,1.000551,0.865059,1.020573,0.929672
N20270226-S032,N20270226,2027-02-27T10:00:00Z,900,true,1.009139,0.876612,1.011131,0.911364
N20270226-S033,N20270226,2027-02-27T10:15:00Z,900,true,1.041416,0.867092,1.015217,0.985820
N20270226-S034,N20270226,2027-02-27T10:30:00Z,900,true,1.000612,0.894517,1.023476,0.990096
N20270226-S035,N20270226,2027-02-27T10:45:00Z,900,true,1.001990,0.880240,1.012168,0.929138
N20270226-S036,N20270226,2027-02-27T11:00:00Z,900,true,0.957009,0.854406,0.983322,0.994315
N20270226-S037,N20270226,2027-02-27T11:15:00Z,900,true,0.944280,0.834522,0.959979,0.971207
N20270226-S038,N20270226,2027-02-27T11:30:00Z,900,true,1.000442,0.832926,0.935864,0.982739
N20270226-S039,N20270226,2027-02-27T11:45:00Z,900,true,1.004083,0.844335,0.983862,0.980852
N20270226-S040,N20270226,2027-02-27T12:00:00Z,900,true,1.020791,0.858644,0.981137,0.929196
N20270226-S041,N20270226,2027-02-27T12:15:00Z,900,true,1.024070,0.871348,0.979407,0.939411
N20270226-S042,N20270226,2027-02-27T12:30:00Z,900,true,0.993966,0.860777,1.022629,0.958591
N20270226-S043,N20270226,2027-02-27T12:45:00Z,900,true,0.961967,0.868290,1.033656,0.992952
N20270227-S001,N20270227,2027-02-28T02:30:00Z,900,true,0.742023,0.941962,1.073146,0.978590
N20270227-S002,N20270227,2027-02-28T02:45:00Z,900,true,0.766320,0.941851,1.125826,0.962894
N20270227-S003,N20270227,2027-02-28T03:00:00Z,900,true,0.782498,0.933254,1.114049,0.917624
N20270227-S004,N20270227,2027-02-28T03:15:00Z,900,true,0.777552,0.924773,1.096759,0.950316
N20270227-S005,N20270227,2027-02-28T03:30:00Z,900,true,0.794145,0.928708,1.071063,0.945196
N20270227-S006,N20270227,2027-02-28T03:45:00Z,900,true,0.788970,0.922388,1.075259,0.955595
N20270227-S007,N20270227,2027-02-28T04:00:00Z,900,true,0.785279,0.925738,1.095859,0.917845
N20270227-S008,N20270227,2027-02-28T04:15:00Z,900,true,0.786502,0.915243,1.089954,0.953233
N20270227-S009,N20270227,2027-02-28T04:30:00Z,900,true,0.822083,0.908195,1.113880,0.953152
N20270227-S010,N20270227,2027-02-28T04:45:00Z,900,true,0.810403,0.927114,1.122397,0.909493
N20270227-S011,N20270227,2027-02-28T05:00:00Z,900,true,0.728767,0.941151,1.141707,0.976871
N20270227-S012,N20270227,2027-02-28T05:15:00Z,900,true,0.784657,0.953002,1.130266,0.958727
N20270227-S013,N20270227,2027-02-28T05:30:00Z,900,true,0.767201,0.949467,1.136931,0.951729
N20270227-S014,N20270227,2027-02-28T05:45:00Z,900,true,0.792627,0.948535,1.152623,0.993340
N20270227-S015,N20270227,2027-02-28T06:00:00Z,900,true,0.811371,0.941567,1.144956,0.933067
N20270227-S016,N20270227,2027-02-28T06:15:00Z,900,true,0.764659,0.952398,1.116133,0.900799
N20270227-S017,N20270227,2027-02-28T06:30:00Z,900,true,0.730054,0.982441,1.103503,0.936358
N20270227-S018,N20270227,2027-02-28T06:45:00Z,900,true,0.699605,0.943469,1.117733,0.954211
N20270227-S019,N20270227,2027-02-28T07:00:00Z,900,true,0.726182,0.936632,1.094929,0.954413
N20270227-S020,N20270227,2027-02-28T07:15:00Z,900,true,0.706000,0.952465,1.073180,0.945489
N20270227-S021,N20270227,2027-02-28T07:30:00Z,900,true,0.719927,0.956009,1.078883,0.912784
N20270227-S022,N20270227,2027-02-28T07:45:00Z,900,true,0.736836,0.960108,1.095180,0.990658
N20270227-S023,N20270227,2027-02-28T08:00:00Z,900,true,0.730025,0.969652,1.061565,0.902949
N20270227-S024,N20270227,2027-02-28T08:15:00Z,900,true,0.803185,0.976286,1.056401,0.981740
N20270227-S025,N20270227,2027-02-28T08:30:00Z,900,true,0.801947,0.998505,1.095262,0.968955
N20270227-S026,N20270227,2027-02-28T08:45:00Z,900,true,0.762823,0.992005,1.072616,0.970987
N20270227-S027,N20270227,2027-02-28T09:00:00Z,900,true,0.762528,0.972402,1.088995,0.952105
N20270227-S028,N20270227,2027-02-28T09:15:00Z,900,true,0.777967,0.977784,1.095442,0.958079
N20270227-S029,N20270227,2027-02-28T09:30:00Z,900,true,0.831952,0.961594,1.066767,0.935423
N20270227-S030,N20270227,2027-02-28T09:45:00Z,900,true,0.813006,0.965831,1.057534,0.925926
N20270227-S031,N20270227,2027-02-28T10:00:00Z,900,true,0.857831,0.964068,1.073805,0.983040
N20270227-S032,N20270227,2027-02-28T10:15:00Z,900,true,0.858776,0.971552,1.089128,0.945956
N20270227-S033,N20270227,2027-02-28T10:30:00Z,900,true,0.842027,0.974152,1.073519,0.989725
N20270227-S034,N20270227,2027-02-28T10:45:00Z,900,true,0.856033,0.976269,1.061633,0.984344
N20270227-S035,N20270227,2027-02-28T11:00:00Z,900,true,0.919578,0.983944,1.083308,0.925509
N20270227-S036,N20270227,2027-02-28T11:15:00Z,900,true,0.905790,0.952491,1.095027,0.952078
N20270227-S037,N20270227,2027-02-28T11:30:00Z,900,true,0.888693,0.948993,1.073188,0.960796
N20270227-S038,N20270227,2027-02-28T11:45:00Z,900,true,0.825149,0.966334,1.068185,0.939567
N20270227-S039,N20270227,2027-02-28T12:00:00Z,900,true,0.778944,0.965625,1.091235,0.913983
N20270227-S040,N20270227,2027-02-28T12:15:00Z,900,true,0.775902,0.962856,1.044658,0.983107
N20270227-S041,N20270227,2027-02-28T12:30:00Z,900,true,0.778172,0.957280,1.017727,0.989763
N20270227-S042,N20270227,2027-02-28T12:45:00Z,900,true,0.833416,0.953456,1.028739,0.944378
N20270228-S001,N20270228,2027-03-01T02:30:00Z,900,true,1.014147,0.889296,1.044141,0.905326
N20270228-S002,N20270228,2027-03-01T02:45:00Z,900,true,1.019203,0.876040,1.017001,0.997600
N20270228-S003,N20270228,2027-03-01T03:00:00Z,900,true,1.033549,0.880923,1.018762,0.930686
N20270228-S004,N20270228,2027-03-01T03:15:00Z,900,true,0.990041,0.906274,1.034514,0.974038
N20270228-S005,N20270228,2027-03-01T03:30:00Z,900,true,0.982256,0.895122,1.018773,0.942325
N20270228-S006,N20270228,2027-03-01T03:45:00Z,900,true,0.987446,0.885873,1.011907,0.913588
N20270228-S007,N20270228,2027-03-01T04:00:00Z,900,true,0.980395,0.893725,1.011150,0.940210
N20270228-S008,N20270228,2027-03-01T04:15:00Z,900,true,0.973654,0.898361,1.014865,0.977822
N20270228-S009,N20270228,2027-03-01T04:30:00Z,900,true,0.936850,0.915564,1.017650,0.990799
N20270228-S010,N20270228,2027-03-01T04:45:00Z,900,true,0.957383,0.921201,1.049726,0.947600
N20270228-S011,N20270228,2027-03-01T05:00:00Z,900,true,0.944480,0.919757,1.018676,0.909900
N20270228-S012,N20270228,2027-03-01T05:15:00Z,900,true,0.975191,0.933865,1.031411,0.916655
N20270228-S013,N20270228,2027-03-01T05:30:00Z,900,true,0.977214,0.949286,1.031225,0.952785
N20270228-S014,N20270228,2027-03-01T05:45:00Z,900,true,0.963684,0.938203,1.035511,0.967294
N20270228-S015,N20270228,2027-03-01T06:00:00Z,900,true,0.958946,0.928647,1.032257,0.988328
N20270228-S016,N20270228,2027-03-01T06:15:00Z,900,true,0.969629,0.916136,1.060737,0.964579
N20270228-S017,N20270228,2027-03-01T06:30:00Z,900,true,0.977520,0.918164,1.059843,0.974281
N20270228-S018,N20270228,2027-03-01T06:45:00Z,900,true,0.980662,0.905586,1.051549,0.948691
N20270228-S019,N20270228,2027-03-01T07:00:00Z,900,true,0.921315,0.903020,1.088170,0.934477
N20270228-S020,N20270228,2027-03-01T07:15:00Z,900,true,0.891772,0.910552,1.061325,0.980818
N20270228-S021,N20270228,2027-03-01T07:30:00Z,900,true,0.900543,0.909583,1.043139,0.923711
N20270228-S022,N20270228,2027-03-01T07:45:00Z,900,true,0.894665,0.889585,1.061041,0.911284
N20270228-S023,N20270228,2027-03-01T08:00:00Z,900,true,0.908294,0.883172,1.053524,0.998282
N20270228-S024,N20270228,2027-03-01T08:15:00Z,900,true,0.897467,0.883888,1.079336,0.908728
N20270228-S025,N20270228,2027-03-01T08:30:00Z,900,true,0.900584,0.895404,1.075361,0.994149
N20270228-S026,N20270228,2027-03-01T08:45:00Z,900,true,0.906835,0.884804,1.077316,0.955019
N20270228-S027,N20270228,2027-03-01T09:00:00Z,900,true,0.897756,0.901095,1.075418,0.981712
N20270228-S028,N20270228,2027-03-01T09:15:00Z,900,true,0.906601,0.895503,1.097371,0.971227
N20270228-S029,N20270228,2027-03-01T09:30:00Z,900,true,0.912901,0.906303,1.107105,0.957616
N20270228-S030,N20270228,2027-03-01T09:45:00Z,900,true,0.953906,0.917366,1.068051,0.957190
N20270228-S031,N20270228,2027-03-01T10:00:00Z,900,true,0.942059,0.918934,1.059925,0.986681
N20270228-S032,N20270228,2027-03-01T10:15:00Z,900,true,0.903817,0.898400,1.047030,0.973802
N20270228-S033,N20270228,2027-03-01T10:30:00Z,900,true,0.944075,0.897860,1.033717,0.967164
N20270228-S034,N20270228,2027-03-01T10:45:00Z,900,true,0.963205,0.895898,1.017626,0.920944
N20270228-S035,N20270228,2027-03-01T11:00:00Z,900,true,0.903128,0.888533,1.045262,0.946569
N20270228-S036,N20270228,2027-03-01T11:15:00Z,900,true,0.958707,0.887209,1.020370,0.920259
N20270228-S037,N20270228,2027-03-01T11:30:00Z,900,true,0.987912,0.901045,1.003691,0.938921
N20270228-S038,N20270228,2027-03-01T11:45:00Z,900,true,0.961726,0.878362,1.019486,0.929795
N20270228-S039,N20270228,2027-03-01T12:00:00Z,900,true,1.048274,0.886999,1.039471,0.916352
N20270228-S040,N20270228,2027-03-01T12:15:00Z,900,true,0.982069,0.888018,1.015270,0.946305
N20270228-S041,N20270228,2027-03-01T12:30:00Z,900,true,1.008370,0.881367,1.031554,0.912884
N20270228-S042,N20270228,2027-03-01T12:45:00Z,900,true,1.035760,0.881925,1.049277,0.956003
N20270301-S001,N20270301,2027-03-02T02:30:00Z,900,true,1.050231,0.886274,1.026279,0.903799
N20270301-S002,N20270301,2027-03-02T02:45:00Z,900,true,1.068172,0.901836,1.024157,0.900183
N20270301-S003,N20270301,2027-03-02T03:00:00Z,900,true,1.094566,0.898260,1.030633,0.943385
N20270301-S004,N20270301,2027-03-02T03:15:00Z,900,true,1.086651,0.907649,1.022911,0.937767
N20270301-S005,N20270301,2027-03-02T03:30:00Z,900,true,1.049021,0.910708,1.018697,0.996400
N20270301-S006,N20270301,2027-03-02T03:45:00Z,900,true,0.989801,0.892745,1.021075,0.966046
N20270301-S007,N20270301,2027-03-02T04:00:00Z,900,true,0.974695,0.885564,1.003565,0.927984
N20270301-S008,N20270301,2027-03-02T04:15:00Z,900,true,0.975849,0.894615,0.993829,0.917564
N20270301-S009,N20270301,2027-03-02T04:30:00Z,900,true,0.960178,0.877626,0.989392,0.963775
N20270301-S010,N20270301,2027-03-02T04:45:00Z,900,true,0.987307,0.860807,0.989006,0.960222
N20270301-S011,N20270301,2027-03-02T05:00:00Z,900,true,0.988142,0.857595,0.990444,0.926245
N20270301-S012,N20270301,2027-03-02T05:15:00Z,900,true,0.980537,0.867202,0.986846,0.918256
N20270301-S013,N20270301,2027-03-02T05:30:00Z,900,true,0.941194,0.883035,1.003244,0.965717
N20270301-S014,N20270301,2027-03-02T05:45:00Z,900,true,0.972864,0.874851,1.016952,0.993426
N20270301-S015,N20270301,2027-03-02T06:00:00Z,900,true,0.976741,0.879011,1.041712,0.936389
N20270301-S016,N20270301,2027-03-02T06:15:00Z,900,true,1.006517,0.886017,1.035910,0.920691
N20270301-S017,N20270301,2027-03-02T06:30:00Z,900,true,1.021524,0.890345,1.046160,0.934757
N20270301-S018,N20270301,2027-03-02T06:45:00Z,900,true,0.960849,0.895346,1.045036,0.939007
N20270301-S019,N20270301,2027-03-02T07:00:00Z,900,true,0.921531,0.899602,1.058666,0.904956
N20270301-S020,N20270301,2027-03-02T07:15:00Z,900,true,0.948872,0.893674,1.066220,0.929817
N20270301-S021,N20270301,2027-03-02T07:30:00Z,900,true,0.965122,0.912162,1.077049,0.977313
N20270301-S022,N20270301,2027-03-02T07:45:00Z,900,true,1.017382,0.915521,1.069941,0.963927
N20270301-S023,N20270301,2027-03-02T08:00:00Z,900,true,1.053222,0.878380,1.028876,0.917897
N20270301-S024,N20270301,2027-03-02T08:15:00Z,900,true,1.045460,0.878591,0.990463,0.982146
N20270301-S025,N20270301,2027-03-02T08:30:00Z,900,true,1.080748,0.888868,0.971769,0.948042
N20270301-S026,N20270301,2027-03-02T08:45:00Z,900,true,1.056506,0.889724,0.964470,0.969520
N20270301-S027,N20270301,2027-03-02T09:00:00Z,900,true,1.036946,0.887487,0.962144,0.993475
N20270301-S028,N20270301,2027-03-02T09:15:00Z,900,true,1.077761,0.879601,0.983599,0.917092
N20270301-S029,N20270301,2027-03-02T09:30:00Z,900,true,1.033321,0.879694,0.993630,0.989724
N20270301-S030,N20270301,2027-03-02T09:45:00Z,900,true,1.069354,0.874901,1.022549,0.961600
N20270301-S031,N20270301,2027-03-02T10:00:00Z,900,true,1.086407,0.880939,0.986356,0.916050
N20270301-S032,N20270301,2027-03-02T10:15:00Z,900,true,1.050687,0.882076,1.010039,0.978527
N20270301-S033,N20270301,2027-03-02T10:30:00Z,900,true,1.057881,0.872337,0.996370,0.993858
N20270301-S034,N20270301,2027-03-02T10:45:00Z,900,true,1.063029,0.890207,1.013122,0.910917
N20270301-S035,N20270301,2027-03-02T11:00:00Z,900,true,1.045364,0.887294,0.982612,0.936784
N20270301-S036,N20270301,2027-03-02T11:15:00Z,900,true,1.000840,0.873645,1.004705,0.954736
N20270301-S037,N20270301,2027-03-02T11:30:00Z,900,true,0.997138,0.862587,1.023655,0.985159
N20270301-S038,N20270301,2027-03-02T11:45:00Z,900,false,,,,
N20270301-S039,N20270301,2027-03-02T12:00:00Z,900,true,0.950483,0.850427,0.998534,0.959465
N20270301-S040,N20270301,2027-03-02T12:15:00Z,900,true,0.983050,0.865656,0.986482,0.901077
N20270301-S041,N20270301,2027-03-02T12:30:00Z,900,true,0.961521,0.882798,0.996505,0.971213
N20270302-S001,N20270302,2027-03-03T02:30:00Z,900,true,1.100275,0.860384,0.985275,0.979692
N20270302-S002,N20270302,2027-03-03T02:45:00Z,900,true,1.108726,0.874750,1.012697,0.920096
N20270302-S003,N20270302,2027-03-03T03:00:00Z,900,true,1.137847,0.872609,0.993305,0.998204
N20270302-S004,N20270302,2027-03-03T03:15:00Z,900,true,1.121250,0.882783,0.981467,0.905450
N20270302-S005,N20270302,2027-03-03T03:30:00Z,900,true,1.083187,0.885065,0.978237,0.975633
N20270302-S006,N20270302,2027-03-03T03:45:00Z,900,true,1.034993,0.882757,0.980566,0.917398
N20270302-S007,N20270302,2027-03-03T04:00:00Z,900,true,1.110869,0.877025,0.992853,0.985001
N20270302-S008,N20270302,2027-03-03T04:15:00Z,900,true,1.112110,0.873952,1.003296,0.980075
N20270302-S009,N20270302,2027-03-03T04:30:00Z,900,true,1.114046,0.872692,1.027421,0.919457
N20270302-S010,N20270302,2027-03-03T04:45:00Z,900,true,1.091775,0.870731,1.016607,0.932385
N20270302-S011,N20270302,2027-03-03T05:00:00Z,900,true,1.114644,0.846852,1.040088,0.985724
N20270302-S012,N20270302,2027-03-03T05:15:00Z,900,true,1.113243,0.858252,1.030601,0.974290
N20270302-S013,N20270302,2027-03-03T05:30:00Z,900,true,1.084713,0.872046,1.009884,0.971913
N20270302-S014,N20270302,2027-03-03T05:45:00Z,900,true,1.098308,0.874639,1.004019,0.913758
N20270302-S015,N20270302,2027-03-03T06:00:00Z,900,true,1.033848,0.849326,1.036479,0.986180
N20270302-S016,N20270302,2027-03-03T06:15:00Z,900,true,1.103782,0.838992,1.014871,0.919690
N20270302-S017,N20270302,2027-03-03T06:30:00Z,900,true,1.086223,0.850228,1.031018,0.964125
N20270302-S018,N20270302,2027-03-03T06:45:00Z,900,true,1.116114,0.846074,1.009070,0.998907
N20270302-S019,N20270302,2027-03-03T07:00:00Z,900,true,1.086875,0.844058,1.032041,0.972442
N20270302-S020,N20270302,2027-03-03T07:15:00Z,900,true,1.119402,0.847446,1.024498,0.972000
N20270302-S021,N20270302,2027-03-03T07:30:00Z,900,true,1.123066,0.846425,1.037705,0.948765
N20270302-S022,N20270302,2027-03-03T07:45:00Z,900,true,1.121474,0.853591,1.027306,0.986100
N20270302-S023,N20270302,2027-03-03T08:00:00Z,900,true,1.076451,0.849748,1.034806,0.901705
N20270302-S024,N20270302,2027-03-03T08:15:00Z,900,true,1.093185,0.849341,1.048728,0.928179
N20270302-S025,N20270302,2027-03-03T08:30:00Z,900,true,1.134974,0.839747,1.039713,0.915954
N20270302-S026,N20270302,2027-03-03T08:45:00Z,900,true,1.184362,0.841178,1.052603,0.988486
N20270302-S027,N20270302,2027-03-03T09:00:00Z,900,true,1.171447,0.840406,1.030027,0.904922
N20270302-S028,N20270302,2027-03-03T09:15:00Z,900,true,1.180443,0.851946,1.025095,0.944262
N20270302-S029,N20270302,2027-03-03T09:30:00Z,900,true,1.130116,0.855360,0.975009,0.924446
N20270302-S030,N20270302,2027-03-03T09:45:00Z,900,true,1.126618,0.850187,0.979782,0.986069
N20270302-S031,N20270302,2027-03-03T10:00:00Z,900,true,1.075975,0.832126,0.972045,0.917906
N20270302-S032,N20270302,2027-03-03T10:15:00Z,900,true,1.065146,0.826796,0.995100,0.999723
N20270302-S033,N20270302,2027-03-03T10:30:00Z,900,true,0.998215,0.820332,0.994067,0.907312
N20270302-S034,N20270302,2027-03-03T10:45:00Z,900,true,1.047979,0.824231,1.001874,0.956948
N20270302-S035,N20270302,2027-03-03T11:00:00Z,900,true,1.005624,0.820534,0.982787,0.925990
N20270302-S036,N20270302,2027-03-03T11:15:00Z,900,true,0.940871,0.817649,0.985071,0.926968
N20270302-S037,N20270302,2027-03-03T11:30:00Z,900,true,0.947182,0.816213,0.979028,0.921864
N20270302-S038,N20270302,2027-03-03T11:45:00Z,900,true,1.002598,0.818673,0.964130,0.971911
N20270302-S039,N20270302,2027-03-03T12:00:00Z,900,true,1.050876,0.812617,0.967410,0.993504
N20270302-S040,N20270302,2027-03-03T12:15:00Z,900,true,1.062511,0.829547,0.997535,0.929807
N20270302-S041,N20270302,2027-03-03T12:30:00Z,900,true,1.021883,0.818273,0.994436,0.963553
N20270303-S001,N20270303,2027-03-04T02:30:00Z,900,true,0.777284,0.859296,1.093785,0.919405
N20270303-S002,N20270303,2027-03-04T02:45:00Z,900,true,0.828572,0.839173,1.068713,0.901748
N20270303-S003,N20270303,2027-03-04T03:00:00Z,900,true,0.780193,0.834075,1.076124,0.923621
N20270303-S004,N20270303,2027-03-04T03:15:00Z,900,true,0.787962,0.826520,1.113811,0.980269
N20270303-S005,N20270303,2027-03-04T03:30:00Z,900,true,0.778731,0.824378,1.103631,0.991505
N20270303-S006,N20270303,2027-03-04T03:45:00Z,900,true,0.747920,0.818543,1.071987,0.903653
N20270303-S007,N20270303,2027-03-04T04:00:00Z,900,true,0.803122,0.832982,1.026548,0.980504
N20270303-S008,N20270303,2027-03-04T04:15:00Z,900,true,0.856967,0.846736,1.038115,0.964721
N20270303-S009,N20270303,2027-03-04T04:30:00Z,900,true,0.839206,0.834472,1.068097,0.970424
N20270303-S010,N20270303,2027-03-04T04:45:00Z,900,true,0.796075,0.825045,1.042979,0.990230
N20270303-S011,N20270303,2027-03-04T05:00:00Z,900,true,0.733967,0.834530,1.038029,0.928395
N20270303-S012,N20270303,2027-03-04T05:15:00Z,900,true,0.713683,0.829887,1.038756,0.924116
N20270303-S013,N20270303,2027-03-04T05:30:00Z,900,true,0.739692,0.833461,1.044677,0.935728
N20270303-S014,N20270303,2027-03-04T05:45:00Z,900,true,0.777606,0.840875,1.058310,0.946416
N20270303-S015,N20270303,2027-03-04T06:00:00Z,900,true,0.761346,0.834172,1.072621,0.946541
N20270303-S016,N20270303,2027-03-04T06:15:00Z,900,true,0.766794,0.837229,1.067272,0.975217
N20270303-S017,N20270303,2027-03-04T06:30:00Z,900,true,0.784392,0.857141,1.074872,0.925693
N20270303-S018,N20270303,2027-03-04T06:45:00Z,900,true,0.821683,0.840661,1.076090,0.916677
N20270303-S019,N20270303,2027-03-04T07:00:00Z,900,true,0.744305,0.846108,1.116787,0.958156
N20270303-S020,N20270303,2027-03-04T07:15:00Z,900,true,0.768536,0.842850,1.088138,0.910527
N20270303-S021,N20270303,2027-03-04T07:30:00Z,900,true,0.776781,0.836024,1.065182,0.932281
N20270303-S022,N20270303,2027-03-04T07:45:00Z,900,true,0.780562,0.853869,1.052782,0.934411
N20270303-S023,N20270303,2027-03-04T08:00:00Z,900,true,0.753227,0.845923,1.033248,0.977769
N20270303-S024,N20270303,2027-03-04T08:15:00Z,900,true,0.760833,0.821457,1.022372,0.986735
N20270303-S025,N20270303,2027-03-04T08:30:00Z,900,true,0.755014,0.824799,1.010699,0.978188
N20270303-S026,N20270303,2027-03-04T08:45:00Z,900,true,0.730226,0.819967,1.031394,0.931215
N20270303-S027,N20270303,2027-03-04T09:00:00Z,900,true,0.799875,0.817890,1.010026,0.903299
N20270303-S028,N20270303,2027-03-04T09:15:00Z,900,true,0.839862,0.782941,0.996151,0.917249
N20270303-S029,N20270303,2027-03-04T09:30:00Z,900,true,0.836510,0.781975,0.979646,0.952475
N20270303-S030,N20270303,2027-03-04T09:45:00Z,900,true,0.836502,0.768381,1.010355,0.964819
N20270303-S031,N20270303,2027-03-04T10:00:00Z,900,true,0.801109,0.774871,1.009779,0.987851
N20270303-S032,N20270303,2027-03-04T10:15:00Z,900,true,0.783899,0.797184,1.008636,0.980480
N20270303-S033,N20270303,2027-03-04T10:30:00Z,900,true,0.763756,0.809729,1.011457,0.955328
N20270303-S034,N20270303,2027-03-04T10:45:00Z,900,false,,,,
N20270303-S035,N20270303,2027-03-04T11:00:00Z,900,false,,,,
N20270303-S036,N20270303,2027-03-04T11:15:00Z,900,false,,,,
N20270303-S037,N20270303,2027-03-04T11:30:00Z,900,false,,,,
N20270303-S038,N20270303,2027-03-04T11:45:00Z,900,true,0.772633,0.814511,1.016207,0.987936
N20270303-S039,N20270303,2027-03-04T12:00:00Z,900,true,0.818055,0.819217,1.049960,0.935361
N20270303-S040,N20270303,2027-03-04T12:15:00Z,900,true,0.819239,0.802712,1.056590,0.916749
N20270303-S041,N20270303,2027-03-04T12:30:00Z,900,true,0.841176,0.811319,1.069063,0.961124
N20270304-S001,N20270304,2027-03-05T02:30:00Z,900,true,0.830768,0.830628,1.022891,0.963388
N20270304-S002,N20270304,2027-03-05T02:45:00Z,900,true,0.863243,0.819552,1.032351,0.964052
N20270304-S003,N20270304,2027-03-05T03:00:00Z,900,true,0.891576,0.826218,1.023451,0.931299
N20270304-S004,N20270304,2027-03-05T03:15:00Z,900,true,0.906597,0.832150,1.020553,0.936495
N20270304-S005,N20270304,2027-03-05T03:30:00Z,900,true,0.879788,0.824262,1.017425,0.981430
N20270304-S006,N20270304,2027-03-05T03:45:00Z,900,true,0.866558,0.832561,1.029053,0.915317
N20270304-S007,N20270304,2027-03-05T04:00:00Z,900,true,0.876546,0.836688,1.025283,0.951021
N20270304-S008,N20270304,2027-03-05T04:15:00Z,900,true,0.861474,0.823893,1.015204,0.907889
N20270304-S009,N20270304,2027-03-05T04:30:00Z,900,true,0.824364,0.823887,0.996432,0.937121
N20270304-S010,N20270304,2027-03-05T04:45:00Z,900,true,0.835550,0.821187,0.997252,0.907489
N20270304-S011,N20270304,2027-03-05T05:00:00Z,900,true,0.828135,0.814375,1.007365,0.987713
N20270304-S012,N20270304,2027-03-05T05:15:00Z,900,true,0.855451,0.820514,1.007326,0.948565
N20270304-S013,N20270304,2027-03-05T05:30:00Z,900,true,0.855301,0.824939,0.985706,0.989989
N20270304-S014,N20270304,2027-03-05T05:45:00Z,900,true,0.935808,0.829702,0.992598,0.997685
N20270304-S015,N20270304,2027-03-05T06:00:00Z,900,true,0.892689,0.833383,0.954374,0.964060
N20270304-S016,N20270304,2027-03-05T06:15:00Z,900,true,0.910381,0.818504,0.949530,0.916306
N20270304-S017,N20270304,2027-03-05T06:30:00Z,900,true,0.918839,0.817387,0.930628,0.940571
N20270304-S018,N20270304,2027-03-05T06:45:00Z,900,true,0.915094,0.820243,0.919790,0.967381
N20270304-S019,N20270304,2027-03-05T07:00:00Z,900,true,0.868141,0.820672,0.914485,0.977443
N20270304-S020,N20270304,2027-03-05T07:15:00Z,900,true,0.847602,0.810857,0.897545,0.937531
N20270304-S021,N20270304,2027-03-05T07:30:00Z,900,true,0.841411,0.823898,0.903393,0.968762
N20270304-S022,N20270304,2027-03-05T07:45:00Z,900,true,0.816849,0.835192,0.888888,0.956580
N20270304-S023,N20270304,2027-03-05T08:00:00Z,900,true,0.848896,0.825359,0.927693,0.955841
N20270304-S024,N20270304,2027-03-05T08:15:00Z,900,true,0.800576,0.842340,0.934937,0.903495
N20270304-S025,N20270304,2027-03-05T08:30:00Z,900,true,0.787325,0.839446,0.910036,0.998175
N20270304-S026,N20270304,2027-03-05T08:45:00Z,900,true,0.771217,0.858589,0.912658,0.904699
N20270304-S027,N20270304,2027-03-05T09:00:00Z,900,true,0.761185,0.853684,0.919049,0.955542
N20270304-S028,N20270304,2027-03-05T09:15:00Z,900,true,0.775645,0.880911,0.925743,0.901760
N20270304-S029,N20270304,2027-03-05T09:30:00Z,900,true,0.709689,0.868836,0.929028,0.987362
N20270304-S030,N20270304,2027-03-05T09:45:00Z,900,true,0.768861,0.854296,0.946420,0.978727
N20270304-S031,N20270304,2027-03-05T10:00:00Z,900,true,0.794524,0.861710,0.978269,0.928869
N20270304-S032,N20270304,2027-03-05T10:15:00Z,900,true,0.832508,0.872732,0.946848,0.946683
N20270304-S033,N20270304,2027-03-05T10:30:00Z,900,true,0.815140,0.869548,0.965359,0.935170
N20270304-S034,N20270304,2027-03-05T10:45:00Z,900,true,0.830117,0.854758,0.953561,0.983382
N20270304-S035,N20270304,2027-03-05T11:00:00Z,900,true,0.812684,0.845672,0.943411,0.909012
N20270304-S036,N20270304,2027-03-05T11:15:00Z,900,true,0.792500,0.848580,0.980813,0.906975
N20270304-S037,N20270304,2027-03-05T11:30:00Z,900,true,0.811874,0.851116,0.970431,0.991518
N20270304-S038,N20270304,2027-03-05T11:45:00Z,900,true,0.776450,0.831018,0.990453,0.950919
N20270304-S039,N20270304,2027-03-05T12:00:00Z,900,true,0.748906,0.823294,0.998856,0.966056
N20270304-S040,N20270304,2027-03-05T12:15:00Z,900,true,0.753091,0.837494,1.011348,0.907088
N20270304-S041,N20270304,2027-03-05T12:30:00Z,900,true,0.794793,0.837839,1.020751,0.957241
N20270305-S001,N20270305,2027-03-06T02:30:00Z,900,true,0.820088,0.909082,1.038683,0.973519
N20270305-S002,N20270305,2027-03-06T02:45:00Z,900,true,0.895369,0.910977,1.024943,0.964796
N20270305-S003,N20270305,2027-03-06T03:00:00Z,900,true,0.887194,0.909191,1.039017,0.985866
N20270305-S004,N20270305,2027-03-06T03:15:00Z,900,true,0.939854,0.920779,1.047062,0.943540
N20270305-S005,N20270305,2027-03-06T03:30:00Z,900,true,0.923454,0.926365,1.071294,0.953993
N20270305-S006,N20270305,2027-03-06T03:45:00Z,900,true,0.878536,0.929953,1.043982,0.910417
N20270305-S007,N20270305,2027-03-06T04:00:00Z,900,true,0.915018,0.908067,1.043235,0.957506
N20270305-S008,N20270305,2027-03-06T04:15:00Z,900,true,0.887906,0.916725,1.032636,0.970890
N20270305-S009,N20270305,2027-03-06T04:30:00Z,900,true,0.878694,0.934087,1.050755,0.969399
N20270305-S010,N20270305,2027-03-06T04:45:00Z,900,true,0.927114,0.945843,1.014791,0.933670
N20270305-S011,N20270305,2027-03-06T05:00:00Z,900,true,0.865721,0.937913,1.024221,0.985047
N20270305-S012,N20270305,2027-03-06T05:15:00Z,900,true,0.852099,0.950497,0.996345,0.965469
N20270305-S013,N20270305,2027-03-06T05:30:00Z,900,true,0.803754,0.950741,0.983833,0.985838
N20270305-S014,N20270305,2027-03-06T05:45:00Z,900,true,0.820694,0.939827,1.011264,0.950183
N20270305-S015,N20270305,2027-03-06T06:00:00Z,900,true,0.790126,0.911333,0.988840,0.935605
N20270305-S016,N20270305,2027-03-06T06:15:00Z,900,true,0.819213,0.913564,0.997832,0.964890
N20270305-S017,N20270305,2027-03-06T06:30:00Z,900,true,0.769120,0.937085,1.007439,0.941417
N20270305-S018,N20270305,2027-03-06T06:45:00Z,900,true,0.758708,0.956279,1.022187,0.906145
N20270305-S019,N20270305,2027-03-06T07:00:00Z,900,true,0.797599,0.956881,1.009908,0.991675
N20270305-S020,N20270305,2027-03-06T07:15:00Z,900,true,0.807885,0.949457,1.004980,0.942265
N20270305-S021,N20270305,2027-03-06T07:30:00Z,900,true,0.823956,0.946697,0.991774,0.912179
N20270305-S022,N20270305,2027-03-06T07:45:00Z,900,true,0.914718,0.950733,0.983853,0.952785
N20270305-S023,N20270305,2027-03-06T08:00:00Z,900,true,0.931946,0.945249,1.008449,0.950546
N20270305-S024,N20270305,2027-03-06T08:15:00Z,900,true,0.927845,0.922751,0.982142,0.950308
N20270305-S025,N20270305,2027-03-06T08:30:00Z,900,true,0.941706,0.936249,0.996069,0.920210
N20270305-S026,N20270305,2027-03-06T08:45:00Z,900,true,0.907344,0.936000,1.005163,0.969001
N20270305-S027,N20270305,2027-03-06T09:00:00Z,900,true,0.909496,0.935265,1.006899,0.921988
N20270305-S028,N20270305,2027-03-06T09:15:00Z,900,true,0.878695,0.930001,1.018093,0.907007
N20270305-S029,N20270305,2027-03-06T09:30:00Z,900,true,0.883690,0.940778,1.017619,0.982680
N20270305-S030,N20270305,2027-03-06T09:45:00Z,900,true,0.797841,0.950263,1.030174,0.969260
N20270305-S031,N20270305,2027-03-06T10:00:00Z,900,true,0.783192,0.945851,1.041963,0.966420
N20270305-S032,N20270305,2027-03-06T10:15:00Z,900,true,0.817776,0.949012,1.053164,0.964758
N20270305-S033,N20270305,2027-03-06T10:30:00Z,900,true,0.820688,0.956197,1.069762,0.963525
N20270305-S034,N20270305,2027-03-06T10:45:00Z,900,true,0.808755,0.965689,1.067502,0.986593
N20270305-S035,N20270305,2027-03-06T11:00:00Z,900,true,0.842447,0.946019,1.052771,0.912410
N20270305-S036,N20270305,2027-03-06T11:15:00Z,900,true,0.842795,0.941636,1.050556,0.969918
N20270305-S037,N20270305,2027-03-06T11:30:00Z,900,true,0.842841,0.968863,1.042835,0.966470
N20270305-S038,N20270305,2027-03-06T11:45:00Z,900,true,0.820660,0.969708,1.034598,0.984125
N20270305-S039,N20270305,2027-03-06T12:00:00Z,900,true,0.767493,0.967981,1.050933,0.920806
N20270305-S040,N20270305,2027-03-06T12:15:00Z,900,true,0.773227,0.973691,1.042276,0.924256
N20270305-S041,N20270305,2027-03-06T12:30:00Z,900,true,0.769179,0.952482,1.047696,0.972488
