target_id,ra_deg,dec_deg,target_class,feature_flux,science_weight,required
V4T000001,341.082405,-39.975331,BGS,1.40637544,0.4500,false
V4T000002,49.891901,-42.815298,BGS,1.57528521,0.4500,false
V4T000003,346.148444,-34.275103,Star,3.75772126,0.3000,false
V4T000004,26.974954,-58.158376,LRG,0.28524992,1.0000,false
V4T000005,339.335750,-19.736329,BGS,1.07129044,0.4500,false
V4T000006,31.933695,-34.702726,BGS,1.33935856,0.4500,false
V4T000007,343.922100,-25.860352,BGS,0.67931111,0.4500,false
V4T000008,32.512450,-49.241584,BGS,1.20089405,0.4500,false
V4T000009,34.953738,-49.643628,LRG,0.50826222,1.0000,false
V4T000010,47.341097,-47.066009,ELG,0.36040523,1.0000,false
V4T000011,24.808664,-53.529724,BGS,1.42419553,0.4500,false
V4T000012,40.765173,-49.341165,LRG,0.68260155,1.0000,false
V4T000013,40.673819,-59.271896,QSO,0.14648827,1.7000,true
V4T000014,0.345857,-35.635158,QSO,0.09808574,1.7000,false
V4T000015,49.441517,-50.787323,BGS,1.06559927,0.4500,false
V4T000016,28.053575,-43.349388,BGS,1.28980957,0.4500,false
V4T000017,347.317735,-21.134852,QSO,0.26825769,1.7000,false
V4T000018,345.946886,-26.602161,QSO,0.15343651,1.7000,false
V4T000019,334.916788,-24.206863,BGS,1.35619978,0.4500,false
V4T000020,33.142611,-47.422751,BGS,1.41720712,0.4500,false
V4T000021,341.809852,-41.866408,Star,4.69009361,0.3000,false
V4T000022,359.355431,-23.048064,ELG,1.02612015,1.0000,false
V4T000023,355.231452,-15.466040,LRG,0.38022988,1.0000,false
V4T000024,354.142939,-35.583386,LRG,0.31030650,1.0000,false
V4T000025,344.356072,-30.578949,ELG,0.67725647,1.0000,true
V4T000026,334.809486,-25.053997,ELG,1.18268384,1.0000,false
V4T000027,34.617946,-51.883346,ELG,0.99595136,1.0000,false
V4T000028,0.667475,-31.764679,BGS,1.29415318,0.4500,false
V4T000029,29.860235,-45.910256,BGS,2.00290723,0.4500,false
V4T000030,21.685840,-49.165653,ELG,0.67272852,1.0000,true
V4T000031,355.926727,-26.011087,ELG,0.84815566,1.0000,false
V4T000032,1.994818,-25.065142,ELG,0.46807723,1.0000,false
V4T000033,22.149139,-51.364040,Star,3.67360757,0.3000,false
V4T000034,26.778805,-43.207462,QSO,0.12956932,1.7000,false
V4T000035,345.953200,-35.567624,BGS,1.34767456,0.4500,false
V4T000036,29.048878,-37.181599,BGS,1.90167768,0.4500,false
V4T000037,24.817009,-39.279609,BGS,1.96508884,0.4500,false
V4T000038,341.027948,-41.504550,ELG,0.37374112,1.0000,false
V4T000039,29.451118,-49.700353,BGS,1.95617172,0.4500,false
V4T000040,345.140181,-27.342801,ELG,1.41045324,1.0000,false
V4T000041,358.578344,-34.011498,BGS,1.12543684,0.4500,false
V4T000042,25.948813,-40.616225,BGS,0.95150643,0.4500,false
V4T000043,352.007105,-21.677182,LRG,0.27760365,1.0000,false
V4T000044,25.854311,-46.467040,ELG,0.72525411,1.0000,false
V4T000045,345.196650,-19.311975,BGS,0.79344076,0.4500,false
V4T000046,345.876282,-22.403000,BGS,1.13282953,0.4500,false
V4T000047,38.791889,-40.456398,QSO,0.21626876,1.7000,false
V4T000048,50.775964,-45.408937,ELG,0.56358279,1.0000,false
V4T000049,345.086885,-18.070603,LRG,0.27895358,1.0000,false
V4T000050,39.682759,-43.270213,LRG,0.25413114,1.0000,false
V4T000051,21.217844,-53.538880,ELG,0.39759598,1.0000,false
V4T000052,347.064107,-33.359570,QSO,0.15112428,1.7000,false
V4T000053,340.155027,-40.915647,ELG,0.51334764,1.0000,false
V4T000054,344.294576,-29.502488,ELG,0.48935715,1.0000,false
V4T000055,348.793401,-13.650891,ELG,0.87590361,1.0000,false
V4T000056,336.457996,-27.623729,BGS,1.48518699,0.4500,false
V4T000057,41.419075,-43.708423,ELG,0.78427262,1.0000,false
V4T000058,343.906624,-30.023826,BGS,1.37737355,0.4500,false
V4T000059,356.653771,-17.724508,Star,2.73494282,0.3000,false
V4T000060,351.207014,-23.151124,ELG,0.91746176,1.0000,false
V4T000061,336.443340,-24.010267,ELG,0.26706585,1.0000,false
V4T000062,42.212356,-43.353357,QSO,0.14703377,1.7000,true
V4T000063,353.925378,-36.687230,Star,4.70438282,0.3000,false
V4T000064,32.080673,-47.719442,ELG,0.76553006,1.0000,false
V4T000065,344.235303,-27.987027,ELG,0.94238137,1.0000,false
V4T000066,51.501708,-50.492358,LRG,0.33152144,1.0000,true
V4T000067,33.460242,-48.103240,ELG,0.43500496,1.0000,false
V4T000068,346.339567,-35.924065,ELG,0.78306537,1.0000,false
V4T000069,345.083505,-27.030298,BGS,2.17737049,0.4500,false
V4T000070,41.162256,-58.873528,BGS,1.20517703,0.4500,false
V4T000071,45.733963,-49.889023,BGS,1.25104597,0.4500,false
V4T000072,345.358602,-17.364684,ELG,0.71117783,1.0000,false
V4T000073,355.018138,-37.808756,LRG,0.21046085,1.0000,false
V4T000074,22.657692,-44.331200,ELG,0.89655283,1.0000,false
V4T000075,346.487820,-17.422576,ELG,0.45505096,1.0000,false
V4T000076,341.634641,-15.673064,ELG,0.85028021,1.0000,false
V4T000077,336.262987,-22.713971,BGS,0.92983241,0.4500,false
V4T000078,351.451126,-25.709109,LRG,0.31178731,1.0000,false
V4T000079,50.226869,-50.299023,BGS,0.83004374,0.4500,false
V4T000080,49.770255,-48.344592,BGS,1.36224195,0.4500,false
V4T000081,343.724084,-18.419281,LRG,0.26253187,1.0000,false
V4T000082,353.850848,-16.533806,Star,2.73530827,0.3000,false
V4T000083,48.082170,-48.027863,ELG,0.56775412,1.0000,false
V4T000084,345.798737,-36.593132,QSO,0.09777135,1.7000,false
V4T000085,334.462207,-27.070229,QSO,0.34177172,1.7000,false
V4T000086,44.513655,-38.892906,ELG,0.43404619,1.0000,false
V4T000087,350.600751,-15.097603,BGS,1.03006145,0.4500,false
V4T000088,51.885816,-46.493580,LRG,0.35958549,1.0000,false
V4T000089,41.692219,-50.294368,LRG,0.37249418,1.0000,false
V4T000090,32.062046,-37.388220,ELG,0.45030749,1.0000,false
V4T000091,29.274279,-49.207619,BGS,1.08219818,0.4500,true
V4T000092,344.802276,-18.534631,BGS,0.91001772,0.4500,false
V4T000093,43.989511,-49.644918,Star,2.95792067,0.3000,false
V4T000094,353.714386,-34.317314,ELG,0.29050259,1.0000,false
V4T000095,45.113602,-39.126240,QSO,0.12054005,1.7000,false
V4T000096,353.318941,-35.162298,ELG,0.48619175,1.0000,false
V4T000097,43.859319,-37.164092,ELG,0.38796688,1.0000,false
V4T000098,39.320465,-44.620894,BGS,1.48587025,0.4500,false
V4T000099,18.146953,-47.859595,ELG,0.57654998,1.0000,true
V4T000100,345.683997,-36.014836,BGS,0.62316161,0.4500,false
V4T000101,35.795088,-42.480847,ELG,0.44789114,1.0000,false
V4T000102,353.236295,-27.084998,QSO,0.07031687,1.7000,false
V4T000103,39.684542,-42.074224,ELG,0.37399003,1.0000,false
V4T000104,26.922195,-37.198817,LRG,0.81626932,1.0000,false
V4T000105,351.466925,-22.412834,ELG,0.70089594,1.0000,false
V4T000106,16.895503,-52.761830,QSO,0.27299088,1.7000,false
V4T000107,38.243476,-38.700580,QSO,0.25419071,1.7000,false
V4T000108,32.953386,-48.189438,ELG,0.23167681,1.0000,false
V4T000109,350.356565,-16.436723,Star,6.04762011,0.3000,false
V4T000110,346.864670,-33.888229,QSO,0.16206990,1.7000,false
V4T000111,20.360907,-52.984839,BGS,0.78842535,0.4500,false
V4T000112,30.307196,-38.714574,BGS,1.65487486,0.4500,false
V4T000113,358.238316,-18.138791,ELG,0.44827311,1.0000,false
V4T000114,357.011967,-33.684536,Star,4.85685551,0.3000,false
V4T000115,349.056717,-37.192354,ELG,0.62779791,1.0000,false
V4T000116,1.575017,-33.126352,QSO,0.05246359,1.7000,false
V4T000117,33.518405,-45.867709,LRG,0.36435574,1.0000,false
V4T000118,353.465985,-35.758403,LRG,0.19017122,1.0000,false
V4T000119,347.050090,-34.148763,Star,5.16511117,0.3000,false
V4T000120,39.235707,-54.964149,QSO,0.22680798,1.7000,false
V4T000121,346.690979,-21.540737,QSO,0.16699091,1.7000,false
V4T000122,21.318871,-48.760145,ELG,0.73245568,1.0000,false
V4T000123,23.428913,-46.075619,LRG,0.55591644,1.0000,false
V4T000124,340.126503,-40.874429,LRG,0.21156960,1.0000,false
V4T000125,352.496476,-39.648407,LRG,0.75244557,1.0000,false
V4T000126,352.691584,-16.168359,ELG,0.55280685,1.0000,false
V4T000127,18.622795,-48.213701,QSO,0.22294916,1.7000,true
V4T000128,345.958548,-34.273485,QSO,0.10999233,1.7000,false
V4T000129,42.303392,-48.387388,ELG,0.73092814,1.0000,false
V4T000130,343.575492,-29.993818,LRG,0.42897205,1.0000,false
V4T000131,38.312443,-36.352943,BGS,1.31825127,0.4500,false
V4T000132,24.615783,-46.829411,QSO,0.31535619,1.7000,false
V4T000133,51.845486,-51.132497,LRG,0.53028920,1.0000,false
V4T000134,337.021439,-30.230638,QSO,0.12668393,1.7000,false
V4T000135,339.169243,-36.182723,BGS,1.37170247,0.4500,false
V4T000136,340.447045,-41.370958,ELG,0.71282713,1.0000,false
V4T000137,354.521975,-37.190584,ELG,0.66326884,1.0000,false
V4T000138,34.824878,-36.308163,ELG,0.64393314,1.0000,false
V4T000139,346.344337,-35.873253,BGS,1.34207300,0.4500,false
V4T000140,50.161298,-51.915971,QSO,0.22982403,1.7000,false
V4T000141,340.734504,-37.834802,ELG,1.10594311,1.0000,false
V4T000142,35.642980,-49.919165,LRG,0.49547493,1.0000,false
V4T000143,15.276291,-48.915024,QSO,0.11130647,1.7000,false
V4T000144,342.321170,-19.723083,BGS,1.22003337,0.4500,false
V4T000145,345.375240,-14.963370,LRG,0.42987095,1.0000,false
V4T000146,349.636935,-15.542292,QSO,0.12135666,1.7000,false
V4T000147,340.172211,-37.793732,BGS,1.11400684,0.4500,true
V4T000148,350.675421,-39.392847,ELG,0.53013286,1.0000,false
V4T000149,348.378846,-24.154431,BGS,1.03601288,0.4500,false
V4T000150,358.659964,-21.840733,BGS,1.24794926,0.4500,false
V4T000151,346.386498,-23.819388,ELG,0.41671040,1.0000,false
V4T000152,352.952812,-35.719679,LRG,0.29998228,1.0000,false
V4T000153,344.044381,-33.442514,QSO,0.21831550,1.7000,false
V4T000154,350.425094,-19.941319,Star,3.46638545,0.3000,false
V4T000155,345.635278,-35.956063,ELG,0.87075839,1.0000,false
V4T000156,343.359762,-29.614748,BGS,1.25165419,0.4500,false
V4T000157,24.594987,-47.792142,BGS,2.57046803,0.4500,false
V4T000158,34.754108,-42.241714,ELG,0.65236682,1.0000,false
V4T000159,41.946785,-59.074199,ELG,0.51768234,1.0000,false
V4T000160,356.118040,-29.754878,ELG,0.30003469,1.0000,false
V4T000161,352.264112,-32.899638,BGS,1.20713766,0.4500,false
V4T000162,344.959972,-35.260186,LRG,0.30913645,1.0000,false
V4T000163,1.606096,-30.322706,QSO,0.11982928,1.7000,false
V4T000164,335.869470,-30.208830,QSO,0.30511037,1.7000,false
V4T000165,339.353509,-31.471740,ELG,0.34832986,1.0000,false
V4T000166,356.786899,-22.898023,BGS,0.72188037,0.4500,false
V4T000167,31.504232,-57.307323,ELG,1.00847047,1.0000,false
V4T000168,30.429369,-41.545023,ELG,0.45164534,1.0000,false
V4T000169,342.438187,-32.055383,LRG,0.31037491,1.0000,false
V4T000170,339.252347,-40.562907,ELG,0.53772241,1.0000,false
V4T000171,337.693312,-28.543703,QSO,0.22944526,1.7000,false
V4T000172,356.429204,-26.830844,BGS,1.06704844,0.4500,false
V4T000173,47.698745,-46.180373,ELG,0.37599023,1.0000,false
V4T000174,18.190665,-48.126396,BGS,1.01492051,0.4500,false
V4T000175,348.059874,-40.734423,ELG,0.37743403,1.0000,false
V4T000176,353.104189,-20.520728,ELG,0.68868496,1.0000,false
V4T000177,359.854386,-20.567012,ELG,1.21510032,1.0000,false
V4T000178,336.209812,-30.535989,QSO,0.12763183,1.7000,false
V4T000179,36.684222,-35.030251,ELG,0.82322079,1.0000,false
V4T000180,352.864244,-28.949655,BGS,0.61729851,0.4500,false
V4T000181,335.073552,-36.004196,LRG,0.45888876,1.0000,false
V4T000182,345.184009,-18.707497,ELG,0.20405510,1.0000,false
V4T000183,338.658789,-38.936037,ELG,0.22895745,1.0000,false
V4T000184,26.657842,-57.208948,LRG,0.68628664,1.0000,false
V4T000185,50.283314,-52.885121,LRG,0.25081385,1.0000,false
V4T000186,23.403305,-55.851106,ELG,0.61307825,1.0000,false
V4T000187,346.214737,-31.980729,ELG,1.01912412,1.0000,false
V4T000188,49.106256,-43.833737,QSO,0.14054944,1.7000,false
V4T000189,343.605346,-30.296092,ELG,0.31443414,1.0000,false
V4T000190,350.225831,-14.820268,QSO,0.13709066,1.7000,false
V4T000191,340.790714,-41.034815,LRG,0.29580689,1.0000,false
V4T000192,24.370197,-44.474833,ELG,0.86128392,1.0000,false
V4T000193,350.943072,-22.951224,ELG,0.34124906,1.0000,false
V4T000194,344.719592,-27.525988,LRG,0.22589702,1.0000,false
V4T000195,19.041282,-45.164223,ELG,0.65343295,1.0000,false
V4T000196,351.910538,-26.777797,LRG,0.25032902,1.0000,false
V4T000197,345.762079,-17.761893,Star,3.98282743,0.3000,false
V4T000198,341.638988,-17.846695,BGS,1.11280610,0.4500,false
V4T000199,353.372990,-36.576294,BGS,1.75634387,0.4500,false
V4T000200,39.764221,-50.913190,QSO,0.17767461,1.7000,false
V4T000201,356.824027,-35.228836,ELG,0.63943445,1.0000,false
V4T000202,37.169412,-37.414163,LRG,0.28437074,1.0000,false
V4T000203,344.841053,-31.539979,ELG,0.42400338,1.0000,false
V4T000204,351.427899,-25.276632,BGS,1.17533590,0.4500,false
V4T000205,52.772103,-47.884658,QSO,0.30618522,1.7000,false
V4T000206,47.651690,-53.846611,BGS,1.81550122,0.4500,false
V4T000207,26.416416,-50.572087,BGS,1.55575937,0.4500,false
V4T000208,351.859984,-23.980581,ELG,0.46768737,1.0000,false
V4T000209,345.471904,-18.343528,QSO,0.21399233,1.7000,false
V4T000210,0.971837,-33.542280,BGS,1.21801700,0.4500,false
V4T000211,44.503999,-36.673755,ELG,0.34808596,1.0000,false
V4T000212,31.083182,-44.675074,BGS,1.14468905,0.4500,false
V4T000213,48.040004,-42.253196,LRG,0.40003582,1.0000,false
V4T000214,350.310957,-24.667687,QSO,0.35577191,1.7000,false
V4T000215,340.807835,-17.301913,Star,4.04872236,0.3000,false
V4T000216,353.064835,-33.850463,BGS,1.32461301,0.4500,false
V4T000217,336.580098,-36.507579,QSO,0.10894159,1.7000,false
V4T000218,347.638526,-29.184689,LRG,0.40227818,1.0000,false
V4T000219,36.814002,-38.731616,Star,4.61024029,0.3000,false
V4T000220,346.727460,-14.802902,ELG,0.28546474,1.0000,false
V4T000221,351.056015,-29.904036,ELG,0.43890761,1.0000,true
V4T000222,353.142245,-34.714509,QSO,0.22935921,1.7000,false
V4T000223,50.574736,-43.041252,BGS,1.88322256,0.4500,false
V4T000224,42.815188,-47.844884,ELG,1.22737290,1.0000,false
V4T000225,342.462858,-37.588470,Star,4.96002245,0.3000,false
V4T000226,341.035494,-23.796639,BGS,1.38544320,0.4500,false
V4T000227,344.181097,-39.382354,LRG,0.45367485,1.0000,false
V4T000228,349.672327,-38.317962,ELG,1.10690858,1.0000,true
V4T000229,41.042045,-49.967470,LRG,0.24809080,1.0000,false
V4T000230,344.286735,-27.798138,BGS,1.09309881,0.4500,false
V4T000231,344.612367,-17.360319,BGS,1.03398078,0.4500,false
V4T000232,353.777561,-35.506733,Star,3.78475242,0.3000,false
V4T000233,337.232970,-37.738766,BGS,1.20121688,0.4500,false
V4T000234,44.604080,-54.589925,LRG,0.64086295,1.0000,false
V4T000235,40.610137,-44.802937,Star,5.39405984,0.3000,false
V4T000236,340.840745,-25.854616,QSO,0.21256514,1.7000,false
V4T000237,349.078225,-24.103475,BGS,0.82811813,0.4500,false
V4T000238,342.628101,-29.739385,BGS,1.12918000,0.4500,false
V4T000239,355.499343,-33.306735,QSO,0.08909087,1.7000,false
V4T000240,25.018289,-38.447445,ELG,0.56279184,1.0000,false
V4T000241,336.830772,-30.081855,ELG,0.57528620,1.0000,false
V4T000242,343.674719,-32.778329,BGS,1.25140640,0.4500,false
V4T000243,336.895742,-36.021757,LRG,0.17680211,1.0000,false
V4T000244,20.179878,-50.356533,QSO,0.20118292,1.7000,false
V4T000245,354.759263,-36.090367,Star,3.85664952,0.3000,true
V4T000246,28.786944,-52.479483,QSO,0.41338244,1.7000,false
V4T000247,336.237463,-24.362294,Star,5.48702353,0.3000,false
V4T000248,353.254573,-36.248018,BGS,1.19182246,0.4500,false
V4T000249,40.063455,-52.722463,LRG,0.54261090,1.0000,false
V4T000250,353.769132,-36.348433,QSO,0.12983839,1.7000,false
V4T000251,33.767986,-49.364063,BGS,0.67569104,0.4500,false
V4T000252,48.727701,-42.074841,ELG,0.44545418,1.0000,false
V4T000253,32.519374,-36.701378,Star,3.48113847,0.3000,false
V4T000254,349.664712,-15.395071,LRG,0.35628423,1.0000,false
V4T000255,341.690581,-32.758154,BGS,1.49545831,0.4500,false
V4T000256,42.478961,-57.623982,ELG,0.68473862,1.0000,false
V4T000257,34.124290,-47.963738,Star,5.72610073,0.3000,false
V4T000258,350.431310,-40.865171,ELG,0.68305384,1.0000,false
V4T000259,34.391516,-45.285308,ELG,0.84771747,1.0000,false
V4T000260,344.233946,-26.400858,QSO,0.13432176,1.7000,false
V4T000261,31.620246,-53.149526,BGS,0.89326444,0.4500,false
V4T000262,352.167390,-24.711744,Star,3.47663678,0.3000,false
V4T000263,346.465217,-35.056959,ELG,0.43897652,1.0000,false
V4T000264,355.638573,-38.161928,LRG,0.32635955,1.0000,false
V4T000265,47.324542,-42.515677,BGS,2.32284004,0.4500,false
V4T000266,27.359004,-44.887365,BGS,1.27242067,0.4500,false
V4T000267,353.100277,-17.542732,ELG,0.44931432,1.0000,false
V4T000268,19.629412,-44.414954,BGS,1.09921149,0.4500,false
V4T000269,35.841187,-41.581665,LRG,0.52952518,1.0000,false
V4T000270,354.672185,-26.355907,ELG,1.20405097,1.0000,false
V4T000271,342.767527,-30.091986,BGS,1.04823012,0.4500,false
V4T000272,345.552348,-27.012003,ELG,0.70721191,1.0000,false
V4T000273,21.228033,-44.353051,LRG,0.26654532,1.0000,false
V4T000274,344.805450,-27.530033,LRG,0.32825647,1.0000,false
V4T000275,341.962644,-41.728743,LRG,0.29815426,1.0000,false
V4T000276,353.740432,-21.837924,ELG,0.50696839,1.0000,false
V4T000277,347.100245,-33.178114,QSO,0.14854200,1.7000,false
V4T000278,50.809532,-50.035511,QSO,0.15884988,1.7000,false
V4T000279,351.600680,-33.525115,QSO,0.21270292,1.7000,false
V4T000280,334.504116,-30.130857,BGS,1.24150981,0.4500,false
V4T000281,351.393854,-34.128484,ELG,0.35148167,1.0000,false
V4T000282,36.367663,-44.470674,ELG,0.92785467,1.0000,false
V4T000283,354.100627,-35.900874,LRG,0.35800682,1.0000,false
V4T000284,344.936781,-28.150832,ELG,0.44499088,1.0000,false
V4T000285,346.067926,-35.141563,ELG,0.57985487,1.0000,false
V4T000286,46.995634,-41.468930,QSO,0.43470636,1.7000,false
V4T000287,48.962913,-42.044800,QSO,0.11626251,1.7000,false
V4T000288,23.076209,-44.095195,ELG,0.34313580,1.0000,false
V4T000289,49.864271,-41.744076,ELG,0.43228718,1.0000,false
V4T000290,337.263484,-32.070106,ELG,0.83244391,1.0000,false
V4T000291,345.305823,-15.948327,ELG,0.60372630,1.0000,false
V4T000292,338.730077,-20.234201,LRG,0.32073495,1.0000,false
V4T000293,343.193624,-16.784928,QSO,0.14860005,1.7000,false
V4T000294,355.028265,-24.330608,ELG,0.99095619,1.0000,false
V4T000295,48.024403,-42.852366,BGS,1.76317183,0.4500,false
V4T000296,341.734127,-27.565661,ELG,0.52167576,1.0000,false
V4T000297,43.629702,-39.202181,ELG,0.37526582,1.0000,false
V4T000298,336.489053,-20.660473,ELG,0.57578197,1.0000,false
V4T000299,34.265726,-54.393708,ELG,1.90998635,1.0000,false
V4T000300,1.018456,-28.958084,ELG,0.45509864,1.0000,false
V4T000301,356.278065,-33.234671,ELG,0.86189201,1.0000,false
V4T000302,340.190795,-41.089021,ELG,0.83278804,1.0000,false
V4T000303,344.925514,-35.494105,ELG,0.27293380,1.0000,false
V4T000304,336.268180,-28.195613,Star,4.59410950,0.3000,false
V4T000305,352.949384,-20.103335,QSO,0.12322042,1.7000,false
V4T000306,357.388091,-19.057643,ELG,0.85574160,1.0000,false
V4T000307,41.697281,-37.148325,ELG,0.38424139,1.0000,false
V4T000308,352.397977,-24.816210,ELG,0.92939049,1.0000,false
V4T000309,346.072909,-33.852120,BGS,1.14762636,0.4500,false
V4T000310,346.931586,-35.974668,LRG,0.17780451,1.0000,false
V4T000311,40.317959,-51.228016,ELG,0.25160749,1.0000,false
V4T000312,349.832086,-33.025971,BGS,1.70661445,0.4500,true
V4T000313,356.846752,-21.650847,QSO,0.11511251,1.7000,false
V4T000314,344.716203,-27.666106,ELG,0.68239237,1.0000,false
V4T000315,344.803665,-16.094226,ELG,0.42005816,1.0000,false
V4T000316,343.943047,-36.171510,ELG,1.44258908,1.0000,false
V4T000317,352.182485,-24.825235,LRG,0.35439662,1.0000,false
V4T000318,344.459237,-17.545239,ELG,0.50587098,1.0000,false
V4T000319,340.388991,-41.458834,QSO,0.28444884,1.7000,false
V4T000320,28.608807,-43.819683,ELG,0.67670263,1.0000,false
V4T000321,0.279729,-32.616814,ELG,1.21253702,1.0000,false
V4T000322,353.651280,-35.980778,BGS,0.76205759,0.4500,false
V4T000323,346.472135,-26.304659,QSO,0.39994239,1.7000,false
V4T000324,341.731568,-22.462072,QSO,0.39202970,1.7000,false
V4T000325,32.900495,-42.278250,LRG,0.25859621,1.0000,false
V4T000326,29.924242,-40.262620,BGS,1.00919706,0.4500,false
V4T000327,38.670007,-34.837325,BGS,1.17921454,0.4500,false
V4T000328,343.723067,-33.667235,ELG,0.56439691,1.0000,false
V4T000329,40.659356,-56.881881,ELG,0.71884965,1.0000,false
V4T000330,339.942152,-27.397421,ELG,0.72804648,1.0000,false
V4T000331,35.348266,-52.261324,ELG,0.46205730,1.0000,false
V4T000332,2.142660,-26.703281,BGS,1.44724503,0.4500,false
V4T000333,348.774643,-26.831262,LRG,0.34902337,1.0000,false
V4T000334,359.323497,-28.064391,LRG,0.21501250,1.0000,false
V4T000335,335.623570,-27.306847,ELG,0.48479506,1.0000,false
V4T000336,20.070047,-47.825973,BGS,1.45887742,0.4500,false
V4T000337,354.250216,-35.226425,ELG,1.03475465,1.0000,false
V4T000338,337.972318,-32.120308,BGS,1.50934811,0.4500,false
V4T000339,345.892804,-37.384517,LRG,0.53817989,1.0000,false
V4T000340,32.853945,-47.886345,ELG,0.77934157,1.0000,false
V4T000341,39.433211,-48.092732,QSO,0.27096510,1.7000,false
V4T000342,351.808743,-24.744064,ELG,0.82591644,1.0000,false
V4T000343,346.468963,-34.812751,ELG,0.41683310,1.0000,true
V4T000344,336.687611,-25.768795,ELG,0.57852957,1.0000,false
V4T000345,343.931475,-40.911227,Star,4.00458333,0.3000,false
V4T000346,356.903054,-25.214058,LRG,0.36832232,1.0000,false
V4T000347,345.851385,-36.344274,LRG,0.25674811,1.0000,false
V4T000348,352.683280,-17.961070,LRG,0.36821379,1.0000,false
V4T000349,342.417586,-23.151260,ELG,0.54773304,1.0000,false
V4T000350,344.714009,-17.793577,ELG,0.56990131,1.0000,false
V4T000351,43.821440,-55.434291,BGS,1.31506677,0.4500,false
V4T000352,27.042923,-52.820834,ELG,0.43933363,1.0000,false
V4T000353,33.921416,-53.970439,Star,4.63875503,0.3000,false
V4T000354,345.545796,-24.685346,ELG,0.21324467,1.0000,false
V4T000355,29.645337,-44.335539,ELG,0.68759501,1.0000,false
V4T000356,14.587694,-49.252864,BGS,1.75098546,0.4500,false
V4T000357,47.281230,-57.690310,BGS,0.91692646,0.4500,false
V4T000358,343.169172,-30.652780,BGS,1.89165968,0.4500,true
V4T000359,27.266456,-40.432697,ELG,0.52402669,1.0000,false
V4T000360,47.434434,-45.985727,ELG,0.53616175,1.0000,false
V4T000361,359.041948,-33.013178,LRG,0.40163040,1.0000,false
V4T000362,39.772002,-50.667969,ELG,0.41022549,1.0000,false
V4T000363,53.086098,-51.841149,QSO,0.33694651,1.7000,false
V4T000364,41.087828,-50.861021,ELG,0.64934678,1.0000,false
V4T000365,341.133611,-17.635518,ELG,0.64794405,1.0000,false
V4T000366,347.797776,-34.358436,ELG,0.23340119,1.0000,false
V4T000367,48.329022,-51.413262,QSO,0.18160411,1.7000,false
V4T000368,31.261112,-36.819775,BGS,1.12824649,0.4500,false
V4T000369,39.481732,-48.079086,QSO,0.17012554,1.7000,false
V4T000370,16.924539,-49.431052,BGS,1.77483974,0.4500,false
V4T000371,36.995690,-42.144876,ELG,0.70555952,1.0000,false
V4T000372,36.559372,-53.109103,BGS,1.08164207,0.4500,false
V4T000373,34.156814,-56.674083,BGS,2.16427089,0.4500,false
V4T000374,351.345397,-24.920518,Star,2.47916300,0.3000,false
V4T000375,347.686485,-39.341161,ELG,0.81223585,1.0000,false
V4T000376,340.983417,-41.168622,ELG,0.25502008,1.0000,false
V4T000377,32.364991,-58.623582,ELG,0.72060134,1.0000,false
V4T000378,44.923350,-46.554128,BGS,0.96327788,0.4500,false
V4T000379,346.218547,-36.215694,QSO,0.11616793,1.7000,false
V4T000380,28.243841,-41.008622,BGS,1.61241255,0.4500,true
V4T000381,342.360439,-15.903977,BGS,1.21175374,0.4500,false
V4T000382,341.530798,-20.072011,Star,3.96623684,0.3000,false
V4T000383,21.641672,-47.548813,BGS,1.19648824,0.4500,false
V4T000384,0.134354,-28.123734,ELG,0.57968750,1.0000,false
V4T000385,47.294551,-40.714901,ELG,1.45379928,1.0000,false
V4T000386,353.388732,-34.803832,ELG,0.97923478,1.0000,false
V4T000387,347.427437,-17.437014,LRG,0.26138683,1.0000,false
V4T000388,44.210938,-37.312044,Star,5.17161560,0.3000,false
V4T000389,347.167670,-32.234837,QSO,0.22149329,1.7000,false
V4T000390,357.142867,-16.417401,ELG,0.60197340,1.0000,false
V4T000391,359.149625,-31.111786,BGS,1.60385954,0.4500,false
V4T000392,347.649418,-13.369350,ELG,0.33331949,1.0000,false
V4T000393,345.355626,-22.675445,ELG,0.85575112,1.0000,false
V4T000394,346.008695,-35.668485,QSO,0.26562209,1.7000,false
V4T000395,346.627711,-34.051497,LRG,0.36420027,1.0000,false
V4T000396,17.058992,-46.686929,Star,2.72614375,0.3000,false
V4T000397,357.696665,-26.419179,QSO,0.08662496,1.7000,false
V4T000398,44.732255,-57.381741,QSO,0.14666838,1.7000,false
V4T000399,351.031480,-15.095483,ELG,0.72535774,1.0000,false
V4T000400,358.008818,-35.999449,ELG,0.28189799,1.0000,true
V4T000401,48.568368,-53.338099,ELG,1.34656366,1.0000,false
V4T000402,344.121322,-38.394918,LRG,0.50226107,1.0000,false
V4T000403,353.348014,-18.423250,BGS,1.77346152,0.4500,false
V4T000404,343.276250,-29.602867,LRG,0.31786492,1.0000,false
V4T000405,351.156998,-23.821619,ELG,0.57422731,1.0000,false
V4T000406,344.287528,-15.860000,Star,4.08654664,0.3000,false
V4T000407,33.028014,-45.340324,ELG,0.70289513,1.0000,false
V4T000408,347.822247,-23.143897,ELG,0.57819076,1.0000,false
V4T000409,343.497060,-25.766929,BGS,1.40659977,0.4500,false
V4T000410,44.543550,-52.953130,QSO,0.11730180,1.7000,false
V4T000411,359.151480,-21.928943,ELG,0.43221271,1.0000,false
V4T000412,335.133001,-35.767867,ELG,0.39853517,1.0000,false
V4T000413,351.695743,-28.255006,ELG,1.11978156,1.0000,false
V4T000414,33.314071,-38.079927,LRG,0.34458969,1.0000,false
V4T000415,350.077952,-25.465576,BGS,1.07344550,0.4500,false
V4T000416,356.472342,-18.078415,BGS,0.93103401,0.4500,false
V4T000417,357.064605,-25.082212,QSO,0.24517819,1.7000,false
V4T000418,342.869655,-30.314271,Star,3.12183604,0.3000,false
V4T000419,32.932504,-48.895078,ELG,0.50709048,1.0000,false
V4T000420,354.429294,-26.867401,BGS,0.97217103,0.4500,false
V4T000421,40.455916,-59.179033,QSO,0.10145808,1.7000,false
V4T000422,26.517088,-51.040178,BGS,1.74334645,0.4500,false
V4T000423,35.938159,-34.326381,Star,4.22644168,0.3000,false
V4T000424,359.568337,-20.584179,ELG,0.62341705,1.0000,false
V4T000425,346.673693,-35.293482,LRG,0.37454147,1.0000,false
V4T000426,335.997196,-35.061767,ELG,0.46990850,1.0000,false
V4T000427,34.992837,-39.339307,QSO,0.11657283,1.7000,false
V4T000428,39.608718,-57.516299,BGS,0.79694343,0.4500,true
V4T000429,15.464042,-48.299472,BGS,1.30938199,0.4500,false
V4T000430,344.662796,-17.081193,BGS,1.09077084,0.4500,false
V4T000431,341.225677,-23.761247,LRG,0.21952984,1.0000,false
V4T000432,34.073368,-38.791991,QSO,0.12176390,1.7000,false
V4T000433,25.777416,-41.377911,LRG,0.32447598,1.0000,false
V4T000434,345.769757,-17.050646,LRG,0.48659684,1.0000,false
V4T000435,48.478795,-41.860466,ELG,0.84043549,1.0000,false
V4T000436,45.331825,-53.922021,LRG,0.50178978,1.0000,false
V4T000437,37.486920,-57.210934,QSO,0.36618243,1.7000,false
V4T000438,41.041939,-51.073732,BGS,1.20146338,0.4500,false
V4T000439,341.364160,-38.898513,QSO,0.12101910,1.7000,false
V4T000440,353.477024,-15.826622,ELG,0.77456260,1.0000,false
V4T000441,338.941157,-30.251791,BGS,0.95850357,0.4500,false
V4T000442,344.290639,-27.490059,BGS,2.03227499,0.4500,false
V4T000443,40.810417,-50.041075,LRG,0.25192075,1.0000,false
V4T000444,47.852263,-56.360006,LRG,0.26446203,1.0000,false
V4T000445,358.348802,-30.676319,BGS,1.33246986,0.4500,false
V4T000446,346.194229,-28.099367,BGS,1.55705438,0.4500,false
V4T000447,345.773956,-29.406038,BGS,1.65449801,0.4500,false
V4T000448,31.820442,-58.639123,ELG,0.93457339,1.0000,false
V4T000449,43.557085,-36.663474,QSO,0.19143891,1.7000,false
V4T000450,49.579789,-43.457339,ELG,0.66780155,1.0000,false
V4T000451,30.107808,-37.006246,QSO,0.17002335,1.7000,false
V4T000452,358.455363,-18.452286,BGS,1.08388128,0.4500,false
V4T000453,339.955774,-33.324467,LRG,0.27963319,1.0000,false
V4T000454,42.125299,-54.292231,LRG,0.26185713,1.0000,false
V4T000455,43.781686,-51.700714,ELG,0.45269650,1.0000,false
V4T000456,336.983718,-39.205347,ELG,0.43942702,1.0000,false
V4T000457,345.584304,-35.133217,ELG,0.46445204,1.0000,false
V4T000458,348.482240,-14.267951,ELG,0.89675779,1.0000,false
V4T000459,17.440435,-46.925896,ELG,0.38418449,1.0000,false
V4T000460,341.400165,-35.976390,LRG,0.36625966,1.0000,false
V4T000461,347.358267,-23.591398,LRG,0.36801521,1.0000,false
V4T000462,45.832018,-43.808759,QSO,0.28485648,1.7000,false
V4T000463,48.231796,-47.488507,QSO,0.11704165,1.7000,false
V4T000464,344.417344,-17.795658,LRG,0.22785016,1.0000,false
V4T000465,351.305210,-29.954958,BGS,0.93309861,0.4500,false
V4T000466,23.196464,-46.867948,LRG,0.47495731,1.0000,false
V4T000467,26.494022,-40.355046,QSO,0.09141247,1.7000,false
V4T000468,41.401624,-49.944596,QSO,0.11082393,1.7000,false
V4T000469,359.672098,-32.691089,ELG,0.49579524,1.0000,false
V4T000470,31.832962,-54.498769,Star,2.71711249,0.3000,false
V4T000471,343.711162,-29.598117,LRG,0.31009202,1.0000,false
V4T000472,345.915757,-34.470474,BGS,0.96501676,0.4500,false
V4T000473,26.596677,-51.844928,BGS,0.82482278,0.4500,false
V4T000474,32.687056,-48.702507,LRG,0.41893080,1.0000,true
V4T000475,44.165337,-41.473853,ELG,0.28929898,1.0000,false
V4T000476,22.480242,-51.181950,QSO,0.18363354,1.7000,false
V4T000477,342.048181,-33.715504,LRG,0.25747975,1.0000,false
V4T000478,352.899565,-27.530158,ELG,0.33585060,1.0000,false
V4T000479,344.609640,-27.085275,LRG,0.21959313,1.0000,true
V4T000480,337.433208,-24.537426,LRG,0.48609886,1.0000,false
V4T000481,29.821368,-47.973690,BGS,1.01790256,0.4500,false
V4T000482,31.725751,-58.584965,LRG,0.38265922,1.0000,false
V4T000483,348.569045,-32.119319,BGS,1.11658598,0.4500,false
V4T000484,357.835293,-26.579913,ELG,0.70027493,1.0000,false
V4T000485,343.233168,-30.452748,ELG,0.37490836,1.0000,false
V4T000486,35.653780,-34.515340,BGS,0.65908404,0.4500,false
V4T000487,343.753221,-17.363976,BGS,1.09560532,0.4500,false
V4T000488,340.744977,-40.554427,QSO,0.12195332,1.7000,false
V4T000489,40.582843,-58.436949,LRG,0.31813487,1.0000,true
V4T000490,49.253796,-42.119151,ELG,0.49805114,1.0000,true
V4T000491,33.157219,-49.019921,BGS,0.87185932,0.4500,false
V4T000492,348.585581,-15.516820,BGS,1.58925720,0.4500,false
V4T000493,41.721016,-58.846960,LRG,0.26149372,1.0000,false
V4T000494,358.970269,-31.842779,ELG,1.09214810,1.0000,false
V4T000495,344.899897,-28.399811,ELG,0.32658238,1.0000,false
V4T000496,25.881835,-49.260004,QSO,0.06069267,1.7000,false
V4T000497,32.930489,-48.554837,LRG,0.37093581,1.0000,false
V4T000498,40.165714,-36.180532,BGS,1.37668478,0.4500,false
V4T000499,34.508676,-41.965061,LRG,0.21702880,1.0000,false
V4T000500,45.118945,-58.249583,BGS,0.64899975,0.4500,false
V4T000501,42.632335,-58.334494,BGS,0.89141899,0.4500,true
V4T000502,48.498399,-42.048959,ELG,0.58417014,1.0000,false
V4T000503,340.033509,-41.258658,LRG,0.32067802,1.0000,false
V4T000504,353.804224,-35.318423,ELG,0.56878536,1.0000,false
V4T000505,37.185957,-38.859178,LRG,0.41952690,1.0000,false
V4T000506,346.423026,-16.385858,ELG,0.51610149,1.0000,false
V4T000507,43.774201,-54.206450,BGS,1.43412511,0.4500,false
V4T000508,0.440027,-31.812173,LRG,0.66795439,1.0000,false
V4T000509,30.780509,-52.144495,ELG,0.41631687,1.0000,false
V4T000510,340.907086,-22.425895,QSO,0.09473498,1.7000,false
V4T000511,354.262036,-36.353719,ELG,1.14440098,1.0000,false
V4T000512,333.801826,-26.262360,QSO,0.28412497,1.7000,false
V4T000513,352.846419,-25.736574,BGS,1.28409343,0.4500,false
V4T000514,349.714505,-16.007642,ELG,0.23546303,1.0000,false
V4T000515,352.708405,-27.541585,BGS,1.16060492,0.4500,false
V4T000516,357.864278,-34.934927,ELG,0.31380080,1.0000,false
V4T000517,344.025229,-31.069439,QSO,0.36259059,1.7000,false
V4T000518,350.535127,-19.145268,LRG,0.44883184,1.0000,false
V4T000519,351.921155,-24.205450,Star,3.46264363,0.3000,false
V4T000520,354.543814,-36.506102,BGS,1.18618317,0.4500,false
V4T000521,24.857998,-42.706926,LRG,0.41581861,1.0000,false
V4T000522,25.363436,-43.124927,LRG,0.13175401,1.0000,false
V4T000523,48.757451,-56.981187,LRG,0.28151790,1.0000,false
V4T000524,356.561754,-23.997099,ELG,0.75038237,1.0000,false
V4T000525,52.880674,-49.263662,QSO,0.11591812,1.7000,true
V4T000526,48.080096,-41.351072,ELG,0.34102533,1.0000,false
V4T000527,333.405196,-24.367621,BGS,1.08256429,0.4500,false
V4T000528,343.674532,-26.773686,ELG,0.31879959,1.0000,false
V4T000529,341.935326,-21.329274,ELG,0.18083201,1.0000,false
V4T000530,41.954484,-49.439901,ELG,0.55103082,1.0000,false
V4T000531,35.804899,-53.359777,LRG,0.29548225,1.0000,false
V4T000532,357.768270,-32.536815,QSO,0.11605478,1.7000,false
V4T000533,21.329726,-54.503728,LRG,0.48375863,1.0000,false
V4T000534,347.047586,-33.251757,Star,5.28544435,0.3000,false
V4T000535,352.019818,-25.578061,ELG,0.41783400,1.0000,false
V4T000536,345.660415,-17.384043,ELG,0.39826499,1.0000,false
V4T000537,340.754266,-41.019601,ELG,0.52739509,1.0000,false
V4T000538,347.111593,-25.570416,BGS,1.03380456,0.4500,false
V4T000539,346.266408,-34.209213,BGS,0.61874798,0.4500,false
V4T000540,339.820792,-20.958694,ELG,0.83198598,1.0000,false
V4T000541,346.664908,-35.286298,BGS,1.44330030,0.4500,false
V4T000542,338.642003,-24.635575,BGS,1.09598494,0.4500,false
V4T000543,351.474407,-18.186696,ELG,0.22633233,1.0000,false
V4T000544,32.799366,-55.883896,BGS,1.87451150,0.4500,false
V4T000545,47.696377,-53.581678,LRG,0.24586705,1.0000,false
V4T000546,344.185201,-27.385572,ELG,0.78361435,1.0000,false
V4T000547,338.137455,-27.728107,ELG,0.35387280,1.0000,false
V4T000548,34.695389,-46.557984,LRG,0.39165221,1.0000,false
V4T000549,46.926845,-43.362487,QSO,0.32005544,1.7000,false
V4T000550,347.682019,-37.114071,LRG,0.50394645,1.0000,false
V4T000551,31.128448,-41.772365,QSO,0.28054893,1.7000,false
V4T000552,336.390024,-29.305808,ELG,0.93832168,1.0000,false
V4T000553,338.532773,-20.938173,ELG,0.75115278,1.0000,false
V4T000554,41.888911,-45.666896,ELG,0.54010307,1.0000,false
V4T000555,46.416528,-38.085232,BGS,1.42848027,0.4500,false
V4T000556,346.329108,-34.397099,BGS,1.30506002,0.4500,false
V4T000557,45.101439,-55.701253,ELG,0.59784021,1.0000,false
V4T000558,351.909455,-25.152872,LRG,0.28758336,1.0000,false
V4T000559,347.998180,-28.247944,ELG,0.73765288,1.0000,false
V4T000560,341.573149,-30.564942,LRG,0.33744225,1.0000,false
V4T000561,345.403215,-27.621550,ELG,0.42369579,1.0000,false
V4T000562,340.285009,-23.270992,ELG,0.54528208,1.0000,false
V4T000563,28.082056,-44.929786,QSO,0.26507189,1.7000,false
V4T000564,43.575096,-39.502714,LRG,0.17867908,1.0000,false
V4T000565,343.486819,-29.781297,ELG,0.48065026,1.0000,false
V4T000566,358.063116,-28.320683,BGS,0.97568983,0.4500,false
V4T000567,31.677307,-35.910885,LRG,0.39720668,1.0000,false
V4T000568,357.822645,-20.754509,ELG,0.27033902,1.0000,false
V4T000569,21.889634,-42.645440,ELG,0.52637645,1.0000,false
V4T000570,345.753554,-27.719902,ELG,0.38441800,1.0000,false
V4T000571,40.355704,-58.914077,BGS,0.82572254,0.4500,false
V4T000572,40.045304,-54.429107,ELG,0.86547654,1.0000,false
V4T000573,342.722841,-32.224288,QSO,0.10710758,1.7000,false
V4T000574,339.342749,-20.486531,QSO,0.10559039,1.7000,true
V4T000575,41.212223,-57.981449,QSO,0.15615924,1.7000,false
V4T000576,346.139059,-26.466191,BGS,1.85111305,0.4500,false
V4T000577,29.532120,-58.096496,ELG,0.69175085,1.0000,true
V4T000578,346.498678,-35.596928,LRG,0.19315146,1.0000,false
V4T000579,339.059833,-19.467436,QSO,0.12985507,1.7000,false
V4T000580,345.793828,-19.711179,ELG,1.27748105,1.0000,false
V4T000581,26.144513,-48.622071,QSO,0.09880567,1.7000,false
V4T000582,22.862859,-44.669407,Star,3.24293589,0.3000,false
V4T000583,31.468847,-48.869896,ELG,0.67581841,1.0000,false
V4T000584,23.121636,-51.259450,LRG,0.20906486,1.0000,false
V4T000585,357.817774,-27.461076,LRG,0.22903026,1.0000,false
V4T000586,350.693804,-32.018830,ELG,0.37748721,1.0000,false
V4T000587,45.980351,-42.662538,BGS,0.79739019,0.4500,false
V4T000588,43.824544,-47.078063,LRG,0.17373063,1.0000,true
V4T000589,349.789109,-20.265451,LRG,0.30679775,1.0000,true
V4T000590,353.769909,-35.757252,BGS,1.28120521,0.4500,false
V4T000591,355.612680,-33.014065,QSO,0.21696459,1.7000,false
V4T000592,344.819659,-21.848278,LRG,0.36222464,1.0000,false
V4T000593,352.652080,-33.145317,LRG,0.31661143,1.0000,false
V4T000594,41.845681,-49.674667,Star,3.52770044,0.3000,false
V4T000595,26.302623,-55.706807,ELG,0.43441348,1.0000,false
V4T000596,344.768260,-27.602321,BGS,0.84049593,0.4500,true
V4T000597,49.743462,-44.430840,ELG,1.23671123,1.0000,false
V4T000598,351.398350,-24.749465,BGS,1.40371190,0.4500,false
V4T000599,359.307548,-20.980128,Star,3.93326089,0.3000,false
V4T000600,32.090327,-48.667592,ELG,0.21400481,1.0000,false
V4T000601,333.063719,-31.646629,BGS,1.10770395,0.4500,false
V4T000602,51.625545,-45.972765,ELG,0.51792286,1.0000,false
V4T000603,35.621887,-45.732579,QSO,0.16465819,1.7000,false
V4T000604,340.911267,-17.028817,BGS,1.58179623,0.4500,false
V4T000605,39.829933,-44.305172,BGS,1.21813232,0.4500,false
V4T000606,346.015097,-35.751371,BGS,1.29352517,0.4500,false
V4T000607,15.697829,-52.176787,ELG,1.18550679,1.0000,false
V4T000608,340.293851,-40.951834,BGS,1.14095747,0.4500,false
V4T000609,34.936148,-36.444001,ELG,0.21924002,1.0000,false
V4T000610,23.601828,-51.532715,BGS,0.95505661,0.4500,false
V4T000611,348.129576,-31.165662,BGS,1.12857239,0.4500,false
V4T000612,49.877365,-45.185242,BGS,1.83819766,0.4500,false
V4T000613,348.198997,-30.783967,QSO,0.30128380,1.7000,false
V4T000614,353.996712,-23.584500,ELG,0.30729662,1.0000,false
V4T000615,36.635797,-37.972145,BGS,1.03635817,0.4500,false
V4T000616,45.824137,-38.288405,BGS,2.23649219,0.4500,false
V4T000617,41.207957,-45.534486,Star,5.49551703,0.3000,false
V4T000618,48.038813,-42.219792,BGS,1.21005844,0.4500,false
V4T000619,34.699022,-55.548558,Star,4.18588365,0.3000,false
V4T000620,340.336898,-41.195183,QSO,0.15926244,1.7000,false
V4T000621,345.197638,-27.769450,LRG,0.35776286,1.0000,false
V4T000622,28.713042,-44.158679,QSO,0.23964335,1.7000,false
V4T000623,348.275233,-36.656535,QSO,0.16130547,1.7000,false
V4T000624,357.725477,-25.497075,QSO,0.14996825,1.7000,false
V4T000625,345.610793,-26.718619,ELG,0.40339937,1.0000,false
V4T000626,346.904448,-34.544493,Star,4.27469713,0.3000,false
V4T000627,45.750801,-56.754624,QSO,0.07295744,1.7000,false
V4T000628,346.346714,-35.548476,LRG,0.66089676,1.0000,false
V4T000629,335.106448,-34.770465,ELG,0.21488851,1.0000,false
V4T000630,16.402598,-44.985526,LRG,0.37841765,1.0000,false
V4T000631,42.376069,-49.718413,Star,3.37790125,0.3000,true
V4T000632,347.077860,-37.445446,ELG,0.46535393,1.0000,false
V4T000633,349.048849,-18.478929,ELG,0.63622297,1.0000,false
V4T000634,40.737335,-50.098305,BGS,1.16433530,0.4500,false
V4T000635,32.793256,-47.590564,BGS,1.76802727,0.4500,false
V4T000636,339.113880,-39.409998,QSO,0.07176018,1.7000,false
V4T000637,343.239506,-27.875612,QSO,0.20281825,1.7000,false
V4T000638,48.710050,-51.338335,BGS,0.57173782,0.4500,false
V4T000639,347.247284,-30.184410,ELG,0.88566647,1.0000,true
V4T000640,349.407076,-30.148506,ELG,0.82977787,1.0000,false
V4T000641,33.919766,-46.796112,LRG,0.32972451,1.0000,false
V4T000642,345.068362,-36.317508,BGS,1.84379235,0.4500,true
V4T000643,48.344840,-40.312356,BGS,0.77056221,0.4500,false
V4T000644,344.744167,-23.036582,QSO,0.18680168,1.7000,false
V4T000645,332.387652,-29.076014,ELG,0.53020551,1.0000,false
V4T000646,41.393119,-48.821134,Star,3.39316589,0.3000,false
V4T000647,334.411283,-28.309928,LRG,0.49874326,1.0000,false
V4T000648,28.484813,-43.271353,ELG,0.30709287,1.0000,false
V4T000649,340.636254,-19.629430,ELG,0.54006925,1.0000,false
V4T000650,42.477099,-49.332299,BGS,1.00219278,0.4500,false
V4T000651,348.705985,-24.648442,ELG,0.76090207,1.0000,false
V4T000652,346.807259,-31.545331,QSO,0.15429711,1.7000,false
V4T000653,342.764861,-30.164512,ELG,0.58089655,1.0000,false
V4T000654,34.985691,-40.934775,LRG,0.30776967,1.0000,false
V4T000655,19.028029,-55.093367,ELG,0.52155256,1.0000,false
V4T000656,34.212252,-48.352723,ELG,0.72507270,1.0000,false
V4T000657,31.350673,-35.965451,Star,4.79656130,0.3000,false
V4T000658,335.937445,-28.600616,QSO,0.26806543,1.7000,false
V4T000659,32.968662,-51.591569,Star,4.99855957,0.3000,false
V4T000660,346.098365,-35.486613,ELG,0.88102331,1.0000,true
V4T000661,28.777041,-51.738300,BGS,1.44738101,0.4500,false
V4T000662,349.012706,-34.649124,LRG,0.32216843,1.0000,false
V4T000663,354.229118,-31.925137,ELG,0.40832459,1.0000,false
V4T000664,359.174222,-21.068353,BGS,1.00448850,0.4500,false
V4T000665,40.702114,-59.103941,ELG,0.36905848,1.0000,false
V4T000666,345.043656,-28.310932,LRG,0.18827610,1.0000,false
V4T000667,23.145705,-48.676471,ELG,0.37210458,1.0000,false
V4T000668,344.070575,-17.046693,QSO,0.13991685,1.7000,false
V4T000669,27.967884,-55.149087,Star,4.47113882,0.3000,false
V4T000670,332.592316,-29.848816,BGS,1.07899189,0.4500,false
V4T000671,20.276086,-54.634798,ELG,0.99655300,1.0000,false
V4T000672,344.551107,-21.935636,ELG,0.44708359,1.0000,false
V4T000673,32.898127,-54.981251,ELG,0.64362572,1.0000,false
V4T000674,337.929608,-36.162540,QSO,0.19573918,1.7000,false
V4T000675,35.195622,-47.033056,QSO,0.30275979,1.7000,false
V4T000676,344.369758,-30.194089,BGS,1.45907606,0.4500,false
V4T000677,33.083843,-37.566187,ELG,0.34424751,1.0000,false
V4T000678,341.660651,-40.644625,BGS,1.17770299,0.4500,false
V4T000679,29.434221,-48.113884,LRG,0.24868905,1.0000,false
V4T000680,38.958750,-43.139530,ELG,0.35730711,1.0000,false
V4T000681,348.925117,-19.601217,ELG,1.54754079,1.0000,false
V4T000682,48.914046,-41.358342,BGS,1.59040841,0.4500,false
V4T000683,343.779616,-29.768556,ELG,0.38308577,1.0000,false
V4T000684,44.448548,-53.726370,ELG,0.71652226,1.0000,false
V4T000685,48.196435,-41.528146,LRG,0.25149462,1.0000,false
V4T000686,41.551127,-45.537692,QSO,0.11063771,1.7000,false
V4T000687,354.007752,-35.087130,LRG,0.29680557,1.0000,false
V4T000688,337.487213,-36.830306,ELG,0.38300893,1.0000,false
V4T000689,343.391700,-18.994100,ELG,0.24743675,1.0000,false
V4T000690,31.793165,-47.932009,BGS,0.77340229,0.4500,false
V4T000691,346.237971,-26.626013,BGS,1.63096051,0.4500,false
V4T000692,34.343011,-37.573290,QSO,0.20034790,1.7000,false
V4T000693,338.825904,-39.309914,ELG,0.46614107,1.0000,false
V4T000694,340.140159,-35.226133,ELG,0.33631421,1.0000,false
V4T000695,19.594326,-41.767654,Star,4.03527536,0.3000,false
V4T000696,39.765689,-37.300940,BGS,1.74158280,0.4500,true
V4T000697,29.566697,-55.557811,ELG,0.35603726,1.0000,false
V4T000698,347.094198,-41.174620,QSO,0.22876094,1.7000,false
V4T000699,45.204361,-41.415130,Star,2.67570669,0.3000,false
V4T000700,353.924857,-22.342220,Star,3.31675491,0.3000,false
V4T000701,32.025480,-42.941456,ELG,0.47025950,1.0000,false
V4T000702,341.345900,-40.802161,ELG,0.37009917,1.0000,false
V4T000703,350.666536,-28.644274,Star,4.61274652,0.3000,false
V4T000704,349.890694,-14.169551,BGS,1.28004594,0.4500,false
V4T000705,31.881338,-36.762789,ELG,0.51243368,1.0000,false
V4T000706,339.301055,-20.234466,ELG,0.49142063,1.0000,false
V4T000707,28.553780,-41.181898,Star,4.39120686,0.3000,false
V4T000708,38.582806,-52.356192,ELG,0.86458418,1.0000,false
V4T000709,22.869724,-46.687482,QSO,0.19227329,1.7000,false
V4T000710,40.126271,-53.615108,ELG,0.97198846,1.0000,false
V4T000711,351.298215,-37.447617,ELG,0.27532271,1.0000,false
V4T000712,353.875169,-16.799868,ELG,0.93557493,1.0000,false
V4T000713,21.087069,-46.696189,BGS,1.08553827,0.4500,false
V4T000714,40.832991,-51.030452,LRG,0.26751886,1.0000,false
V4T000715,42.205726,-35.944477,BGS,1.02268505,0.4500,false
V4T000716,33.974526,-55.645121,ELG,0.64811726,1.0000,false
V4T000717,353.837703,-31.649725,ELG,0.81754165,1.0000,false
V4T000718,343.528210,-34.341104,LRG,0.39425913,1.0000,false
V4T000719,340.548173,-41.130449,ELG,0.45680777,1.0000,false
V4T000720,356.518923,-20.397191,QSO,0.14379378,1.7000,false
V4T000721,344.538036,-29.723665,ELG,0.71643362,1.0000,false
V4T000722,343.731863,-30.348550,QSO,0.18498788,1.7000,false
V4T000723,0.503871,-32.439369,LRG,0.33539925,1.0000,false
V4T000724,44.016662,-43.346944,LRG,0.24342250,1.0000,false
V4T000725,41.762085,-58.846668,LRG,0.23462143,1.0000,false
V4T000726,343.506212,-31.277687,QSO,0.32298208,1.7000,false
V4T000727,332.859536,-33.604684,BGS,0.97702626,0.4500,false
V4T000728,24.613431,-50.323360,QSO,0.19374233,1.7000,false
V4T000729,351.749313,-24.947581,LRG,0.32664200,1.0000,false
V4T000730,45.448875,-42.779364,LRG,0.29907438,1.0000,false
V4T000731,349.810391,-26.393837,ELG,0.24650582,1.0000,false
V4T000732,26.565258,-48.581928,LRG,0.39908230,1.0000,false
V4T000733,42.207093,-53.316271,ELG,0.59290902,1.0000,false
V4T000734,50.773205,-46.878929,ELG,0.51976057,1.0000,false
V4T000735,341.601828,-20.542651,LRG,0.44906590,1.0000,false
V4T000736,27.244448,-36.366472,BGS,1.26933473,0.4500,true
V4T000737,345.802212,-33.777270,LRG,0.29236546,1.0000,false
V4T000738,344.172498,-17.381571,BGS,1.00898170,0.4500,false
V4T000739,28.439773,-42.831840,ELG,0.84403443,1.0000,false
V4T000740,343.492212,-30.310468,BGS,1.10243267,0.4500,false
V4T000741,343.755209,-24.311172,LRG,0.34580649,1.0000,false
V4T000742,351.216971,-25.448093,ELG,0.39877709,1.0000,false
V4T000743,347.473386,-34.136435,QSO,0.16165157,1.7000,true
V4T000744,39.951778,-58.161741,ELG,0.53828631,1.0000,false
V4T000745,344.419818,-23.392686,Star,3.57072456,0.3000,false
V4T000746,356.012807,-22.788701,BGS,1.21901476,0.4500,false
V4T000747,342.538767,-38.839072,BGS,1.00629648,0.4500,false
V4T000748,39.421678,-49.794085,LRG,0.25950554,1.0000,false
V4T000749,32.583218,-49.093291,ELG,0.58508163,1.0000,false
V4T000750,351.941557,-24.938200,ELG,0.60311046,1.0000,false
V4T000751,28.915327,-38.725571,Star,6.94603403,0.3000,false
V4T000752,40.660529,-58.468909,LRG,0.46989736,1.0000,false
V4T000753,351.409242,-24.320740,BGS,1.59888211,0.4500,false
V4T000754,347.584640,-23.100468,QSO,0.23903451,1.7000,false
V4T000755,343.599370,-31.068869,BGS,1.38708023,0.4500,false
V4T000756,40.581485,-58.214404,ELG,0.62768787,1.0000,false
V4T000757,41.709178,-50.933105,ELG,0.41286984,1.0000,false
V4T000758,43.135648,-52.628720,ELG,1.07359314,1.0000,false
V4T000759,351.935572,-22.419268,ELG,0.53861489,1.0000,false
V4T000760,347.094768,-36.423295,Star,4.96379152,0.3000,true
V4T000761,351.395186,-25.677774,BGS,2.45679177,0.4500,true
V4T000762,347.834170,-28.268317,LRG,0.31695137,1.0000,false
V4T000763,346.345119,-25.511094,LRG,0.33672695,1.0000,false
V4T000764,41.206657,-43.403339,ELG,0.86569443,1.0000,false
V4T000765,42.289555,-57.617629,ELG,0.87402439,1.0000,false
V4T000766,359.139815,-31.718456,ELG,0.51754197,1.0000,false
V4T000767,347.082895,-36.596877,ELG,0.66660046,1.0000,false
V4T000768,33.686114,-44.197094,Star,3.26704535,0.3000,false
V4T000769,43.518554,-52.665636,LRG,0.44839824,1.0000,false
V4T000770,343.058192,-31.253406,QSO,0.31846095,1.7000,false
V4T000771,350.633373,-31.993062,QSO,0.10952917,1.7000,false
V4T000772,40.696230,-58.627752,ELG,0.35231303,1.0000,false
V4T000773,340.857972,-23.493819,ELG,0.53678290,1.0000,false
V4T000774,26.410474,-55.586393,LRG,0.17267989,1.0000,false
V4T000775,43.295968,-49.436978,BGS,1.04831346,0.4500,false
V4T000776,344.361336,-25.115335,LRG,0.19003432,1.0000,false
V4T000777,29.593803,-46.649117,QSO,0.17841439,1.7000,false
V4T000778,25.992887,-51.698707,BGS,0.99856081,0.4500,false
V4T000779,23.551510,-39.316534,ELG,0.55887548,1.0000,false
V4T000780,340.765050,-41.180560,ELG,0.72696457,1.0000,false
V4T000781,342.750842,-28.520807,LRG,0.23256526,1.0000,false
V4T000782,341.834607,-23.056324,QSO,0.31765553,1.7000,false
V4T000783,342.581435,-41.827621,LRG,0.21488379,1.0000,false
V4T000784,344.461633,-18.721181,ELG,0.43346590,1.0000,false
V4T000785,338.482840,-37.531615,BGS,0.90487129,0.4500,false
V4T000786,42.492011,-42.065173,ELG,0.91604525,1.0000,false
V4T000787,350.436273,-13.445316,LRG,0.42564755,1.0000,false
V4T000788,30.559896,-54.090905,ELG,0.66621341,1.0000,true
V4T000789,344.366123,-17.572384,BGS,1.06472891,0.4500,false
V4T000790,356.635276,-17.869910,BGS,1.30968803,0.4500,false
V4T000791,343.191824,-18.673075,ELG,1.47253704,1.0000,false
V4T000792,334.736223,-32.688356,BGS,1.20254090,0.4500,false
V4T000793,344.933161,-25.894081,BGS,1.64039832,0.4500,false
V4T000794,41.926303,-58.909701,QSO,0.15409561,1.7000,false
V4T000795,45.266938,-39.444074,LRG,0.36944857,1.0000,false
V4T000796,340.993157,-30.951245,BGS,1.11431919,0.4500,false
V4T000797,24.815148,-39.564803,ELG,0.55972852,1.0000,false
V4T000798,45.609890,-45.445693,QSO,0.17622638,1.7000,false
V4T000799,31.637707,-48.507098,QSO,0.18757385,1.7000,false
V4T000800,344.566545,-21.797869,BGS,1.11370307,0.4500,true
V4T000801,28.919174,-44.186790,ELG,0.35616307,1.0000,true
V4T000802,42.570389,-54.588012,LRG,0.45941286,1.0000,false
V4T000803,46.480323,-38.868208,QSO,0.16337810,1.7000,false
V4T000804,31.442166,-48.678258,ELG,0.83106146,1.0000,true
V4T000805,29.597753,-47.817671,ELG,0.72234315,1.0000,false
V4T000806,346.360169,-37.904845,BGS,1.72777886,0.4500,false
V4T000807,348.001485,-25.395883,ELG,0.64121740,1.0000,false
V4T000808,356.929159,-33.379959,ELG,0.61495258,1.0000,false
V4T000809,351.526814,-25.047225,LRG,0.51654133,1.0000,false
V4T000810,50.994603,-44.780732,QSO,0.13968282,1.7000,false
V4T000811,351.652433,-42.023057,QSO,0.51173735,1.7000,false
V4T000812,38.408842,-50.797235,LRG,0.52048681,1.0000,false
V4T000813,355.140876,-35.460710,QSO,0.28957145,1.7000,false
V4T000814,345.569098,-27.412535,BGS,1.31029894,0.4500,false
V4T000815,343.524258,-29.630828,ELG,0.60485274,1.0000,false
V4T000816,38.561733,-43.430711,LRG,0.31598330,1.0000,false
V4T000817,348.498364,-41.006665,QSO,0.20902962,1.7000,false
V4T000818,354.849492,-23.383174,ELG,0.70957069,1.0000,false
V4T000819,49.211110,-40.715499,LRG,0.48045276,1.0000,false
V4T000820,1.576576,-29.813750,QSO,0.20239299,1.7000,false
V4T000821,356.153405,-36.412706,BGS,0.99899370,0.4500,false
V4T000822,345.879421,-30.119580,ELG,0.52780152,1.0000,false
V4T000823,47.641994,-42.508844,QSO,0.09589479,1.7000,false
V4T000824,346.882058,-28.252656,ELG,0.38519903,1.0000,false
V4T000825,20.473847,-44.284233,ELG,1.36564202,1.0000,false
V4T000826,35.838935,-56.923577,LRG,0.25345224,1.0000,false
V4T000827,348.797977,-29.928013,BGS,1.79082390,0.4500,false
V4T000828,340.448028,-15.769462,ELG,0.96210108,1.0000,false
V4T000829,40.963469,-51.220686,BGS,1.28773792,0.4500,false
V4T000830,345.049017,-17.539034,ELG,0.42661354,1.0000,false
V4T000831,343.469679,-17.853125,BGS,0.79607052,0.4500,false
V4T000832,34.801920,-48.773372,QSO,0.19658913,1.7000,false
V4T000833,49.324019,-43.287269,LRG,0.29754041,1.0000,false
V4T000834,43.325368,-39.881981,ELG,0.47330441,1.0000,false
V4T000835,18.251231,-44.046071,ELG,0.27042519,1.0000,false
V4T000836,351.730794,-24.544876,ELG,0.68192432,1.0000,false
V4T000837,340.474391,-41.243831,QSO,0.31906993,1.7000,false
V4T000838,345.481476,-35.856778,LRG,0.32494251,1.0000,false
V4T000839,351.427997,-24.103986,LRG,0.53318643,1.0000,false
V4T000840,40.906566,-51.086937,ELG,1.44892499,1.0000,false
V4T000841,351.407331,-25.270333,BGS,1.29533466,0.4500,false
V4T000842,15.365144,-51.856590,QSO,0.61571593,1.7000,false
V4T000843,345.687033,-15.953546,LRG,0.62656915,1.0000,false
V4T000844,351.100591,-31.083570,BGS,1.30435743,0.4500,false
V4T000845,345.313902,-27.447499,BGS,0.94572700,0.4500,false
V4T000846,27.776986,-36.471470,ELG,0.50782760,1.0000,false
V4T000847,43.546900,-41.957246,LRG,0.60827766,1.0000,false
V4T000848,341.251771,-41.037441,ELG,0.62125560,1.0000,false
V4T000849,43.166416,-55.982780,BGS,1.11723141,0.4500,false
V4T000850,352.966721,-36.549359,BGS,1.53177648,0.4500,true
V4T000851,28.093948,-38.174684,ELG,0.52485551,1.0000,false
V4T000852,354.051639,-32.184817,BGS,0.92320121,0.4500,false
V4T000853,338.170639,-18.973283,ELG,0.23570424,1.0000,false
V4T000854,51.648866,-52.102332,ELG,0.80031346,1.0000,false
V4T000855,48.151056,-49.267092,BGS,0.82595874,0.4500,false
V4T000856,21.918945,-55.049818,BGS,2.02969943,0.4500,false
V4T000857,359.115204,-37.070187,LRG,0.64187878,1.0000,false
V4T000858,342.380515,-30.235412,ELG,0.61147004,1.0000,false
V4T000859,31.949874,-35.291241,BGS,1.12403731,0.4500,false
V4T000860,344.902974,-18.038824,BGS,1.22999756,0.4500,false
V4T000861,356.140192,-16.117262,BGS,2.16334376,0.4500,false
V4T000862,37.599809,-56.742761,ELG,0.74235918,1.0000,false
V4T000863,21.741317,-50.771656,ELG,0.55272116,1.0000,false
V4T000864,39.990739,-47.632190,ELG,0.53089463,1.0000,false
V4T000865,357.430990,-24.576759,BGS,0.71609196,0.4500,false
V4T000866,39.183618,-36.467024,BGS,1.31295106,0.4500,false
V4T000867,352.237342,-34.102293,ELG,0.22554692,1.0000,false
V4T000868,345.668473,-26.042915,ELG,0.68485991,1.0000,false
V4T000869,357.055516,-32.263518,ELG,0.27477082,1.0000,false
V4T000870,39.219139,-49.670505,QSO,0.12781211,1.7000,false
V4T000871,356.729419,-29.409100,BGS,1.67010408,0.4500,false
V4T000872,353.841741,-32.275634,BGS,1.32621125,0.4500,false
V4T000873,26.735201,-58.506496,QSO,0.23448547,1.7000,false
V4T000874,342.391483,-40.600525,ELG,0.39329207,1.0000,false
V4T000875,28.021982,-55.836303,LRG,0.27675449,1.0000,false
V4T000876,351.968790,-25.457326,QSO,0.16033092,1.7000,false
V4T000877,337.869545,-33.606979,BGS,1.41104437,0.4500,false
V4T000878,340.543813,-40.806347,QSO,0.16709463,1.7000,false
V4T000879,343.732568,-19.945968,Star,2.59083258,0.3000,false
V4T000880,358.210825,-35.353013,ELG,0.41191667,1.0000,false
V4T000881,340.614378,-37.179177,LRG,0.54369104,1.0000,false
V4T000882,344.838441,-16.303612,ELG,0.58701621,1.0000,false
V4T000883,38.983925,-42.752203,ELG,0.79172574,1.0000,false
V4T000884,345.066084,-21.103546,BGS,0.63971372,0.4500,true
V4T000885,357.441791,-30.706298,ELG,0.98631759,1.0000,false
V4T000886,346.327262,-15.167224,LRG,0.32651224,1.0000,false
V4T000887,41.059927,-44.653351,QSO,0.16465218,1.7000,false
V4T000888,28.637887,-39.276387,BGS,1.68914748,0.4500,false
V4T000889,41.665382,-56.232582,LRG,0.20986352,1.0000,false
V4T000890,43.632835,-54.590433,BGS,1.86297611,0.4500,false
V4T000891,341.727091,-24.669680,LRG,0.46703278,1.0000,false
V4T000892,353.487099,-38.546372,QSO,0.12778367,1.7000,false
V4T000893,20.218945,-50.891741,BGS,1.41606089,0.4500,false
V4T000894,356.254599,-28.345162,LRG,0.26686980,1.0000,false
V4T000895,332.343964,-29.031185,LRG,0.24197895,1.0000,false
V4T000896,346.064895,-36.455234,QSO,0.18837344,1.7000,true
V4T000897,340.464737,-40.681715,ELG,0.82134530,1.0000,false
V4T000898,36.812526,-45.610336,ELG,0.48667155,1.0000,false
V4T000899,43.911773,-46.453098,ELG,0.38965885,1.0000,false
V4T000900,40.056020,-39.415354,ELG,0.63906987,1.0000,false
V4T000901,48.811400,-42.199851,QSO,0.10447439,1.7000,false
V4T000902,349.234673,-21.129907,LRG,0.32412456,1.0000,false
V4T000903,344.913081,-17.472327,BGS,1.06975964,0.4500,false
V4T000904,31.327024,-47.842606,LRG,0.50420248,1.0000,false
V4T000905,336.224811,-35.143795,ELG,0.71925131,1.0000,false
V4T000906,22.982275,-49.944320,LRG,0.26073826,1.0000,false
V4T000907,340.638159,-40.918707,LRG,0.26001337,1.0000,false
V4T000908,351.184170,-24.832034,LRG,0.52239816,1.0000,false
V4T000909,33.669663,-54.454686,ELG,0.86078721,1.0000,false
V4T000910,343.868813,-29.501710,BGS,1.10856540,0.4500,false
V4T000911,29.552522,-38.015962,BGS,1.53967021,0.4500,false
V4T000912,23.119126,-41.309769,ELG,0.77179937,1.0000,false
V4T000913,351.222189,-25.021997,BGS,0.98665006,0.4500,false
V4T000914,51.520646,-45.512048,ELG,0.70416419,1.0000,false
V4T000915,343.693652,-39.722191,QSO,0.28521868,1.7000,false
V4T000916,49.657116,-42.472715,ELG,0.75457984,1.0000,false
V4T000917,38.281493,-59.121977,LRG,0.36019257,1.0000,false
V4T000918,28.655857,-36.507307,LRG,0.38429964,1.0000,false
V4T000919,37.119813,-52.602135,LRG,0.14228444,1.0000,false
V4T000920,348.362689,-38.940619,QSO,0.26791022,1.7000,true
V4T000921,358.330288,-22.837989,ELG,0.38314616,1.0000,false
V4T000922,351.971625,-21.095238,BGS,1.47079363,0.4500,false
V4T000923,22.012636,-40.082990,BGS,1.18588299,0.4500,false
V4T000924,38.289113,-43.571199,LRG,0.17609948,1.0000,false
V4T000925,29.262961,-39.248524,ELG,0.36987601,1.0000,false
V4T000926,37.881756,-40.330843,BGS,1.44826435,0.4500,false
V4T000927,48.078845,-57.472428,BGS,0.73205976,0.4500,false
V4T000928,31.093720,-50.184499,BGS,0.93638434,0.4500,false
V4T000929,43.460174,-43.781445,QSO,0.08841189,1.7000,false
V4T000930,34.160690,-38.946978,ELG,0.33065816,1.0000,false
V4T000931,357.447759,-27.195267,ELG,0.72794543,1.0000,false
V4T000932,337.565484,-23.100046,ELG,0.43851041,1.0000,false
V4T000933,333.220611,-30.753072,LRG,0.25967383,1.0000,false
V4T000934,48.205682,-47.890641,BGS,1.45321573,0.4500,false
V4T000935,341.525140,-29.591222,ELG,0.68827575,1.0000,false
V4T000936,338.633530,-19.552094,BGS,1.44773446,0.4500,false
V4T000937,340.372439,-40.455083,LRG,0.22962271,1.0000,true
V4T000938,342.128416,-20.199376,Star,6.89789857,0.3000,false
V4T000939,359.893058,-23.695324,ELG,0.46069913,1.0000,false
V4T000940,347.158715,-36.806828,BGS,1.04284147,0.4500,false
V4T000941,346.068856,-42.120826,BGS,1.41579633,0.4500,false
V4T000942,27.287791,-57.004571,LRG,0.21837554,1.0000,false
V4T000943,29.635058,-54.472544,Star,4.56181109,0.3000,false
V4T000944,338.927002,-27.722994,Star,3.58982779,0.3000,false
V4T000945,344.575197,-22.156781,BGS,2.23232779,0.4500,false
V4T000946,35.464011,-56.044293,BGS,1.24045861,0.4500,false
V4T000947,352.389135,-20.715682,LRG,0.26391090,1.0000,false
V4T000948,34.194756,-43.729556,ELG,0.34917938,1.0000,false
V4T000949,39.603914,-41.965734,LRG,0.22979106,1.0000,false
V4T000950,15.797380,-51.434733,BGS,0.68097548,0.4500,false
V4T000951,20.489306,-49.662579,LRG,0.68475295,1.0000,false
V4T000952,37.673408,-57.127243,LRG,0.35136437,1.0000,true
V4T000953,342.997958,-19.663804,BGS,1.55000567,0.4500,false
V4T000954,340.070254,-18.741168,ELG,0.31876638,1.0000,false
V4T000955,343.612311,-29.280320,ELG,0.43513680,1.0000,false
V4T000956,37.140091,-34.571038,QSO,0.34220919,1.7000,false
V4T000957,339.937109,-19.352843,LRG,0.26885486,1.0000,false
V4T000958,345.526864,-34.999184,QSO,0.27974643,1.7000,false
V4T000959,40.438567,-50.721257,LRG,0.25550282,1.0000,false
V4T000960,39.686162,-36.491259,ELG,0.56850560,1.0000,false
V4T000961,42.874882,-54.503633,LRG,0.32220368,1.0000,false
V4T000962,38.442198,-37.491678,Star,3.20325652,0.3000,false
V4T000963,25.637016,-41.270528,LRG,0.37129472,1.0000,false
V4T000964,347.312249,-15.080117,ELG,0.18060932,1.0000,false
V4T000965,352.248788,-28.576128,ELG,0.33184179,1.0000,false
V4T000966,345.117016,-28.057792,BGS,1.18304189,0.4500,false
V4T000967,51.129063,-43.860347,ELG,0.54178605,1.0000,false
V4T000968,347.143799,-19.256042,LRG,0.36976688,1.0000,false
V4T000969,353.457970,-38.679212,ELG,0.64606712,1.0000,false
V4T000970,35.719464,-45.847753,ELG,0.52163071,1.0000,false
V4T000971,27.718833,-43.862433,LRG,0.32550316,1.0000,false
V4T000972,34.325278,-41.315467,ELG,0.78916771,1.0000,false
V4T000973,345.092877,-27.653766,ELG,0.49659886,1.0000,false
V4T000974,20.271354,-44.584474,Star,2.49146689,0.3000,false
V4T000975,345.400293,-27.212294,BGS,1.39470444,0.4500,false
V4T000976,353.800334,-40.625533,BGS,1.09670131,0.4500,false
V4T000977,349.235108,-36.059021,QSO,0.22218040,1.7000,false
V4T000978,347.284089,-31.972980,LRG,0.25884872,1.0000,false
V4T000979,346.089652,-28.720302,ELG,0.67916722,1.0000,false
V4T000980,346.333831,-20.463456,LRG,0.35812988,1.0000,false
V4T000981,340.466841,-32.178797,Star,4.06087634,0.3000,false
V4T000982,28.869241,-48.429990,BGS,1.72625750,0.4500,false
V4T000983,44.370103,-40.837543,ELG,0.71132113,1.0000,false
V4T000984,356.229414,-33.974681,LRG,0.27324196,1.0000,false
V4T000985,347.654960,-33.968375,BGS,1.31058790,0.4500,false
V4T000986,26.914436,-49.531688,LRG,0.31699302,1.0000,false
V4T000987,348.284903,-31.404482,LRG,0.42897081,1.0000,false
V4T000988,339.995970,-29.285839,ELG,0.80388286,1.0000,false
V4T000989,345.498087,-18.104116,ELG,0.75957820,1.0000,false
V4T000990,47.489180,-48.786328,QSO,0.25609172,1.7000,false
V4T000991,49.268085,-42.033296,BGS,0.89801865,0.4500,false
V4T000992,41.381957,-50.639153,ELG,0.33587425,1.0000,false
V4T000993,354.816883,-36.672040,BGS,3.05297701,0.4500,false
V4T000994,346.828526,-34.037585,ELG,0.41507248,1.0000,false
V4T000995,344.306712,-26.764052,LRG,0.43688620,1.0000,false
V4T000996,42.357257,-48.936743,BGS,1.02938285,0.4500,false
V4T000997,38.407915,-50.272501,Star,3.33107365,0.3000,false
V4T000998,358.648586,-36.379791,LRG,0.36277819,1.0000,false
V4T000999,27.245331,-58.422513,BGS,1.76204138,0.4500,false
V4T001000,345.229785,-35.418538,LRG,0.43450645,1.0000,false
V4T001001,34.523741,-35.904182,ELG,0.37748259,1.0000,false
V4T001002,27.209656,-58.715055,QSO,0.17182972,1.7000,false
V4T001003,31.784410,-44.990822,BGS,1.33663692,0.4500,false
V4T001004,356.375279,-32.677175,QSO,0.18755295,1.7000,false
V4T001005,344.872537,-26.149215,ELG,0.43279761,1.0000,false
V4T001006,347.941076,-42.477503,QSO,0.26667850,1.7000,false
V4T001007,350.988194,-25.556704,ELG,0.38985836,1.0000,false
V4T001008,344.926952,-26.654707,ELG,0.70377324,1.0000,false
V4T001009,345.965600,-35.962170,ELG,0.29469187,1.0000,false
V4T001010,28.336927,-43.753368,QSO,0.15452653,1.7000,false
V4T001011,21.886145,-44.235238,LRG,0.47378283,1.0000,false
V4T001012,346.370414,-34.410999,QSO,0.17605335,1.7000,false
V4T001013,32.957174,-50.235419,LRG,0.15569123,1.0000,false
V4T001014,340.789962,-19.260115,BGS,0.94924092,0.4500,false
V4T001015,36.474533,-42.511938,ELG,0.35374810,1.0000,false
V4T001016,353.478469,-20.419487,ELG,0.86574901,1.0000,false
V4T001017,338.035635,-20.901325,ELG,0.52078930,1.0000,false
V4T001018,357.803847,-25.194954,LRG,0.35349634,1.0000,false
V4T001019,25.785632,-55.317792,ELG,0.45718078,1.0000,false
V4T001020,41.704274,-50.835645,ELG,0.40531435,1.0000,false
V4T001021,51.885941,-49.374222,LRG,0.66468194,1.0000,false
V4T001022,36.958552,-34.816323,ELG,0.31174948,1.0000,false
V4T001023,334.920747,-28.420159,LRG,0.27587057,1.0000,false
V4T001024,343.200934,-19.381394,QSO,0.24137477,1.7000,false
V4T001025,29.242892,-45.212158,ELG,0.81407960,1.0000,false
V4T001026,28.196528,-54.913094,Star,5.27510015,0.3000,false
V4T001027,20.741635,-49.960619,BGS,1.15618181,0.4500,false
V4T001028,40.067271,-50.674787,LRG,0.35882957,1.0000,false
V4T001029,338.821516,-33.476934,ELG,0.76136319,1.0000,false
V4T001030,40.604779,-58.496009,ELG,1.02818954,1.0000,false
V4T001031,31.480452,-49.530761,LRG,0.33801630,1.0000,false
V4T001032,346.880402,-33.975235,BGS,1.36415137,0.4500,false
V4T001033,339.952842,-40.769513,ELG,0.61261323,1.0000,false
V4T001034,33.183495,-38.253088,BGS,0.97462672,0.4500,false
V4T001035,353.469080,-34.956659,ELG,0.60754147,1.0000,false
V4T001036,21.319810,-52.704910,LRG,0.28527194,1.0000,false
V4T001037,343.866805,-17.243342,BGS,1.52295961,0.4500,false
V4T001038,39.712206,-49.976314,ELG,0.44453116,1.0000,false
V4T001039,352.128397,-29.415847,ELG,0.50706568,1.0000,false
V4T001040,35.146042,-52.487072,BGS,0.83282102,0.4500,false
V4T001041,28.931982,-54.963349,BGS,1.77842640,0.4500,false
V4T001042,30.606878,-47.949042,BGS,0.99771709,0.4500,false
V4T001043,334.171398,-34.210320,ELG,0.77167759,1.0000,false
V4T001044,344.360564,-30.167777,QSO,0.18368796,1.7000,false
V4T001045,345.894805,-32.628724,Star,3.67285586,0.3000,false
V4T001046,35.421285,-42.349860,LRG,0.66925922,1.0000,false
V4T001047,38.532889,-41.415184,ELG,0.39424201,1.0000,false
V4T001048,342.739880,-29.701785,LRG,0.22999918,1.0000,false
V4T001049,345.255697,-33.388436,QSO,0.35662006,1.7000,false
V4T001050,335.958294,-21.723658,BGS,1.36404068,0.4500,false
V4T001051,353.252724,-24.840668,ELG,0.63247455,1.0000,false
V4T001052,344.843179,-39.070918,BGS,0.96254869,0.4500,false
V4T001053,49.175417,-45.763820,Star,3.92060794,0.3000,false
V4T001054,37.342218,-54.552049,Star,6.45017952,0.3000,true
V4T001055,338.226898,-27.027855,LRG,0.23337806,1.0000,false
V4T001056,44.903366,-46.078939,LRG,0.59790690,1.0000,false
V4T001057,39.680631,-50.580828,QSO,0.21117756,1.7000,false
V4T001058,48.436142,-56.156664,QSO,0.24557816,1.7000,false
V4T001059,343.763907,-29.137251,BGS,1.06583735,0.4500,true
V4T001060,33.973692,-43.040193,ELG,0.57950595,1.0000,false
V4T001061,41.251126,-49.475404,LRG,0.34161684,1.0000,false
V4T001062,351.611702,-32.490258,ELG,0.50656394,1.0000,false
V4T001063,26.164588,-56.361075,BGS,2.33134139,0.4500,false
V4T001064,34.791597,-38.295584,LRG,0.24751173,1.0000,false
V4T001065,359.425776,-32.950262,LRG,0.59737502,1.0000,false
V4T001066,357.416977,-34.484615,BGS,1.27631686,0.4500,false
V4T001067,33.634712,-39.058890,ELG,0.21921928,1.0000,false
V4T001068,25.903478,-49.610829,QSO,0.33823279,1.7000,false
V4T001069,351.343535,-20.504974,ELG,0.92527816,1.0000,false
V4T001070,46.163307,-51.924350,BGS,1.09756836,0.4500,false
V4T001071,20.648603,-47.753394,LRG,0.46665345,1.0000,false
V4T001072,350.023277,-32.282521,QSO,0.23076817,1.7000,false
V4T001073,337.914387,-25.677398,ELG,0.78381049,1.0000,false
V4T001074,43.921356,-40.906854,ELG,0.50719965,1.0000,false
V4T001075,31.382671,-38.036258,ELG,0.46571153,1.0000,true
V4T001076,345.240411,-17.649925,BGS,0.87736751,0.4500,false
V4T001077,353.946665,-34.953216,ELG,0.90329696,1.0000,false
V4T001078,18.621469,-49.437906,LRG,0.27106045,1.0000,false
V4T001079,345.921391,-36.569790,ELG,0.55523042,1.0000,false
V4T001080,0.911339,-20.860562,LRG,0.45575158,1.0000,false
V4T001081,341.471974,-22.678896,LRG,0.22045040,1.0000,false
V4T001082,28.562183,-50.977451,LRG,0.32731054,1.0000,false
V4T001083,338.653600,-34.565044,ELG,0.60213337,1.0000,false
V4T001084,17.385695,-50.450289,Star,4.33948862,0.3000,false
V4T001085,345.682195,-25.639919,QSO,0.32938207,1.7000,false
V4T001086,31.328668,-42.813118,ELG,0.35821046,1.0000,false
V4T001087,352.765736,-27.800529,BGS,1.57338697,0.4500,false
V4T001088,346.333631,-34.124206,ELG,0.73004099,1.0000,false
V4T001089,348.430558,-20.088505,ELG,0.34967176,1.0000,false
V4T001090,344.793245,-27.050336,ELG,0.53344296,1.0000,false
V4T001091,343.770165,-22.943486,ELG,0.39357742,1.0000,false
V4T001092,343.910164,-29.943299,QSO,0.10725126,1.7000,false
V4T001093,19.137885,-52.981587,QSO,0.08507912,1.7000,false
V4T001094,42.342076,-42.835419,ELG,0.44550932,1.0000,false
V4T001095,49.022635,-45.804676,ELG,0.59352474,1.0000,false
V4T001096,345.279784,-17.350814,BGS,1.39813306,0.4500,false
V4T001097,344.263241,-36.328284,ELG,0.51981413,1.0000,false
V4T001098,354.659809,-39.402048,ELG,0.66234213,1.0000,false
V4T001099,36.500472,-43.539549,BGS,1.21566933,0.4500,true
V4T001100,356.924319,-24.847227,ELG,0.97488027,1.0000,false
V4T001101,353.752190,-21.794783,ELG,0.70863329,1.0000,false
V4T001102,40.799198,-57.407017,QSO,0.15189027,1.7000,false
V4T001103,340.139307,-40.726943,LRG,0.55518223,1.0000,false
V4T001104,0.646303,-22.251875,LRG,0.60842390,1.0000,false
V4T001105,348.098432,-21.058950,LRG,0.27969852,1.0000,false
V4T001106,344.915550,-16.931487,ELG,0.59931696,1.0000,false
V4T001107,18.377008,-44.680489,Star,6.25928340,0.3000,false
V4T001108,340.379724,-41.016874,ELG,0.52909199,1.0000,false
V4T001109,348.780243,-36.478554,LRG,0.23508203,1.0000,false
V4T001110,21.629467,-55.212578,QSO,0.17652548,1.7000,false
V4T001111,346.721987,-31.626969,LRG,0.44041694,1.0000,false
V4T001112,38.861517,-45.262954,BGS,1.00319877,0.4500,false
V4T001113,24.389074,-57.340234,ELG,0.75555560,1.0000,false
V4T001114,42.669463,-42.643356,BGS,1.50558228,0.4500,false
V4T001115,20.660407,-48.426389,ELG,0.38071053,1.0000,false
V4T001116,0.734533,-33.848556,BGS,1.25093889,0.4500,false
V4T001117,29.719491,-37.707435,BGS,0.60839844,0.4500,false
V4T001118,342.308907,-22.581999,ELG,0.54718980,1.0000,false
V4T001119,40.709925,-41.138093,ELG,0.53325350,1.0000,false
V4T001120,337.820691,-27.162039,ELG,0.57699217,1.0000,false
V4T001121,41.254092,-58.544843,ELG,0.62010933,1.0000,false
V4T001122,345.716062,-23.349105,QSO,0.12074088,1.7000,false
V4T001123,45.459310,-37.453500,ELG,0.23619400,1.0000,false
V4T001124,41.249925,-50.739311,BGS,1.29284804,0.4500,false
V4T001125,347.839210,-13.566349,QSO,0.27411492,1.7000,false
V4T001126,343.876831,-40.543065,BGS,0.63386491,0.4500,false
V4T001127,45.840023,-52.847607,ELG,0.39256872,1.0000,false
V4T001128,42.708333,-43.757931,ELG,0.49757726,1.0000,false
V4T001129,353.535577,-15.825824,ELG,0.34234327,1.0000,false
V4T001130,350.620747,-23.178902,LRG,0.35381150,1.0000,false
V4T001131,354.013176,-16.045718,ELG,0.73716353,1.0000,false
V4T001132,353.586069,-35.905958,QSO,0.33377960,1.7000,false
V4T001133,28.858632,-56.138214,LRG,0.23066350,1.0000,false
V4T001134,25.958393,-47.739625,QSO,0.14512524,1.7000,false
V4T001135,338.124014,-26.390203,BGS,1.44188024,0.4500,false
V4T001136,31.562245,-48.445376,ELG,0.93022664,1.0000,false
V4T001137,345.230410,-37.639477,BGS,1.01743935,0.4500,false
V4T001138,336.069820,-38.030942,ELG,0.48566644,1.0000,false
V4T001139,46.114709,-40.179692,BGS,1.53594655,0.4500,false
V4T001140,24.328948,-47.386852,BGS,1.24807744,0.4500,false
V4T001141,42.946238,-57.561242,BGS,1.00336960,0.4500,false
V4T001142,349.325486,-38.657170,QSO,0.23273740,1.7000,false
V4T001143,24.335050,-57.132308,BGS,1.79044920,0.4500,false
V4T001144,42.706420,-40.357758,ELG,0.63082678,1.0000,false
V4T001145,354.811069,-35.838430,BGS,2.10567723,0.4500,false
V4T001146,341.352792,-35.358091,LRG,0.39760889,1.0000,true
V4T001147,332.956110,-25.927453,LRG,0.33199519,1.0000,false
V4T001148,22.667688,-45.858545,ELG,0.31940113,1.0000,false
V4T001149,345.959605,-19.557740,ELG,0.50175568,1.0000,false
V4T001150,33.046875,-50.592297,BGS,1.96266663,0.4500,false
V4T001151,32.940338,-48.960123,ELG,0.38291458,1.0000,false
V4T001152,43.273390,-56.968244,ELG,0.75623334,1.0000,false
V4T001153,344.880204,-17.797599,QSO,0.24882836,1.7000,false
V4T001154,337.969512,-23.646944,BGS,1.83325342,0.4500,false
V4T001155,31.508979,-46.779925,BGS,1.01525149,0.4500,false
V4T001156,346.809058,-34.765365,BGS,0.95858819,0.4500,false
V4T001157,40.045086,-55.082640,Star,4.98000278,0.3000,false
V4T001158,24.790204,-49.158119,QSO,0.11579362,1.7000,false
V4T001159,33.443517,-52.859571,LRG,0.35038832,1.0000,false
V4T001160,349.903572,-15.202579,ELG,0.51448810,1.0000,false
V4T001161,345.979852,-35.259530,BGS,1.04514108,0.4500,false
V4T001162,356.726622,-18.533206,QSO,0.26865067,1.7000,false
V4T001163,43.396406,-53.696969,LRG,0.82749202,1.0000,false
V4T001164,33.609132,-49.948534,ELG,0.66519916,1.0000,true
V4T001165,345.897968,-15.782134,ELG,0.94370542,1.0000,false
V4T001166,48.015077,-41.974359,ELG,0.72854106,1.0000,false
V4T001167,28.338089,-48.696228,LRG,0.36675989,1.0000,false
V4T001168,340.716547,-25.435890,BGS,1.04691618,0.4500,false
V4T001169,358.232787,-35.463865,ELG,0.26779242,1.0000,false
V4T001170,32.687794,-48.253092,BGS,1.66938797,0.4500,false
V4T001171,340.841366,-41.098978,QSO,0.14847136,1.7000,false
V4T001172,347.515570,-35.893086,ELG,0.43150248,1.0000,false
V4T001173,28.086873,-42.818163,ELG,0.50542601,1.0000,false
V4T001174,335.901937,-34.764869,Star,5.28876835,0.3000,false
V4T001175,355.794942,-16.636414,BGS,1.50005669,0.4500,true
V4T001176,28.293711,-37.438838,BGS,2.02708714,0.4500,true
V4T001177,32.210352,-42.388113,QSO,0.11790430,1.7000,false
V4T001178,34.282986,-48.098873,LRG,0.36754737,1.0000,false
V4T001179,35.671719,-34.460119,LRG,0.36434565,1.0000,false
V4T001180,48.682008,-46.906170,QSO,0.24073023,1.7000,false
V4T001181,345.504439,-35.515449,LRG,0.45344404,1.0000,false
V4T001182,21.922193,-42.948295,BGS,1.83938901,0.4500,false
V4T001183,36.046547,-42.271613,ELG,0.87234342,1.0000,false
V4T001184,352.796508,-15.556520,LRG,0.59413019,1.0000,false
V4T001185,17.476294,-45.196835,LRG,0.43445490,1.0000,false
V4T001186,23.645792,-43.600267,ELG,0.50928661,1.0000,false
V4T001187,342.638301,-22.837834,ELG,0.22743918,1.0000,false
V4T001188,33.363770,-36.180951,BGS,1.69522884,0.4500,false
V4T001189,41.660236,-57.193922,Star,5.85441099,0.3000,false
V4T001190,44.909617,-39.940036,LRG,0.20231232,1.0000,false
V4T001191,345.300188,-35.650781,QSO,0.12972550,1.7000,false
V4T001192,34.067021,-43.170935,Star,2.80935625,0.3000,false
V4T001193,19.763787,-56.139257,ELG,0.46096786,1.0000,false
V4T001194,340.167101,-41.004756,ELG,0.55015842,1.0000,false
V4T001195,25.826418,-55.410354,ELG,0.57435770,1.0000,false
V4T001196,358.099189,-22.634803,BGS,1.08016760,0.4500,false
V4T001197,41.571696,-47.147174,QSO,0.17157052,1.7000,false
V4T001198,18.273358,-45.886408,ELG,0.63835637,1.0000,false
V4T001199,51.474954,-53.716374,LRG,0.38260517,1.0000,true
V4T001200,350.131826,-23.443528,BGS,1.71038102,0.4500,false
V4T001201,45.389045,-44.226143,LRG,0.33742515,1.0000,false
V4T001202,357.164818,-38.779055,ELG,0.47086338,1.0000,false
V4T001203,344.761079,-18.538977,ELG,0.62007855,1.0000,false
V4T001204,343.515485,-24.261138,ELG,0.59925986,1.0000,false
V4T001205,344.488508,-29.635709,QSO,0.13839821,1.7000,false
V4T001206,336.587833,-25.741155,ELG,0.47110977,1.0000,false
V4T001207,40.618224,-54.433685,QSO,0.06527026,1.7000,false
V4T001208,343.916178,-17.581434,ELG,0.89499687,1.0000,false
V4T001209,21.743826,-43.966431,LRG,0.43810190,1.0000,false
V4T001210,354.143166,-23.590420,BGS,1.45891652,0.4500,false
V4T001211,334.735766,-33.663081,BGS,1.30065603,0.4500,false
V4T001212,46.209434,-54.453464,QSO,0.25381084,1.7000,false
V4T001213,46.174064,-38.985801,ELG,0.47136789,1.0000,false
V4T001214,22.574550,-42.500657,LRG,0.32148302,1.0000,false
V4T001215,346.254879,-35.895131,QSO,0.25203197,1.7000,false
V4T001216,44.678874,-50.087172,Star,4.59190014,0.3000,false
V4T001217,15.627518,-47.786373,ELG,0.63049786,1.0000,false
V4T001218,346.544000,-35.185039,Star,2.93778751,0.3000,false
V4T001219,15.497907,-52.512698,BGS,2.10584437,0.4500,false
V4T001220,0.227765,-32.756430,ELG,0.46116678,1.0000,false
V4T001221,38.423136,-58.899458,Star,4.05480655,0.3000,false
V4T001222,48.613202,-40.603736,ELG,0.26475591,1.0000,false
V4T001223,349.875987,-19.023806,ELG,0.51996279,1.0000,false
V4T001224,0.045980,-26.873779,ELG,0.46657944,1.0000,false
V4T001225,44.672245,-52.565110,ELG,0.66344801,1.0000,false
V4T001226,50.733027,-53.827703,Star,5.46170162,0.3000,false
V4T001227,351.210250,-25.296567,QSO,0.15650347,1.7000,false
V4T001228,30.751328,-40.052672,ELG,1.55521732,1.0000,false
V4T001229,15.525029,-52.362335,ELG,0.58848257,1.0000,false
V4T001230,43.739803,-46.407759,BGS,1.03299914,0.4500,false
V4T001231,22.727251,-46.216956,Star,4.47361229,0.3000,false
V4T001232,31.016366,-36.640035,ELG,0.76233059,1.0000,false
V4T001233,344.410002,-16.722245,BGS,0.66522619,0.4500,false
V4T001234,48.325616,-41.951394,ELG,0.84441339,1.0000,false
V4T001235,335.449917,-34.781832,QSO,0.30664152,1.7000,true
V4T001236,339.053574,-22.688731,BGS,1.37977288,0.4500,false
V4T001237,33.711344,-52.171421,LRG,0.32723710,1.0000,false
V4T001238,350.703571,-29.652169,BGS,1.62635466,0.4500,true
V4T001239,343.668130,-29.501807,ELG,0.68183454,1.0000,false
V4T001240,354.268569,-35.523878,ELG,0.51501317,1.0000,false
V4T001241,47.584981,-42.083768,LRG,0.34621334,1.0000,false
V4T001242,16.464502,-45.885267,Star,3.07387988,0.3000,false
V4T001243,351.103290,-24.427874,Star,2.87920747,0.3000,false
V4T001244,346.838048,-33.161416,ELG,0.39574012,1.0000,false
V4T001245,348.220065,-14.540279,ELG,0.44888444,1.0000,false
V4T001246,31.535256,-46.885117,ELG,0.30006139,1.0000,false
V4T001247,354.212972,-36.183702,QSO,0.30295812,1.7000,false
V4T001248,343.551061,-29.076082,ELG,0.34582555,1.0000,false
V4T001249,359.096918,-37.236238,ELG,0.49802465,1.0000,false
V4T001250,349.481644,-14.708277,BGS,1.66765979,0.4500,false
V4T001251,45.313210,-41.359991,Star,6.90029344,0.3000,false
V4T001252,24.473719,-43.949165,ELG,0.39152557,1.0000,false
V4T001253,344.183948,-30.090273,BGS,1.49859660,0.4500,false
V4T001254,342.616700,-29.689466,BGS,1.26280081,0.4500,false
V4T001255,359.489953,-23.508987,ELG,0.42919214,1.0000,false
V4T001256,38.746185,-39.994308,BGS,1.46233226,0.4500,false
V4T001257,340.246961,-40.849983,ELG,0.84882860,1.0000,false
V4T001258,340.566946,-32.918912,LRG,0.45369456,1.0000,false
V4T001259,348.299439,-23.436746,BGS,1.23629071,0.4500,false
V4T001260,357.428396,-30.582394,Star,2.83682003,0.3000,false
V4T001261,44.893527,-38.529702,ELG,0.55145015,1.0000,false
V4T001262,50.291012,-50.914386,ELG,0.37661388,1.0000,false
V4T001263,345.266864,-36.887390,QSO,0.19681871,1.7000,false
V4T001264,37.402336,-38.376207,ELG,0.46203340,1.0000,false
V4T001265,35.749717,-56.239114,BGS,0.80517986,0.4500,false
V4T001266,356.637250,-39.956630,LRG,0.36009860,1.0000,false
V4T001267,27.610634,-38.175268,ELG,0.54838954,1.0000,false
V4T001268,353.280250,-32.302527,BGS,1.58535471,0.4500,false
V4T001269,34.249122,-49.098453,LRG,0.54331341,1.0000,false
V4T001270,341.195630,-32.558332,ELG,0.78216320,1.0000,false
V4T001271,41.151234,-50.171247,LRG,0.34628594,1.0000,false
V4T001272,41.388383,-49.935841,LRG,0.28235304,1.0000,false
V4T001273,41.966217,-45.506712,ELG,1.21360908,1.0000,false
V4T001274,31.100861,-37.060360,LRG,0.57212285,1.0000,false
V4T001275,42.537743,-51.633088,LRG,0.45885925,1.0000,false
V4T001276,351.943663,-24.102288,ELG,0.63136104,1.0000,false
V4T001277,29.024530,-38.954304,ELG,0.70532001,1.0000,false
V4T001278,342.905430,-21.239905,BGS,1.19684620,0.4500,false
V4T001279,341.097239,-41.321059,LRG,0.31195366,1.0000,false
V4T001280,354.842596,-31.865290,LRG,0.42776554,1.0000,false
V4T001281,40.131121,-51.160449,ELG,0.42669386,1.0000,false
V4T001282,32.031697,-35.058168,ELG,0.28735814,1.0000,false
V4T001283,340.840626,-41.246963,BGS,1.09547465,0.4500,true
V4T001284,347.070920,-19.828156,LRG,0.63609537,1.0000,false
V4T001285,337.193798,-27.078421,ELG,0.43769354,1.0000,false
V4T001286,344.633305,-18.275493,LRG,0.30399096,1.0000,false
V4T001287,337.593935,-34.051321,BGS,1.06835709,0.4500,false
V4T001288,23.471655,-56.662055,BGS,1.51681774,0.4500,false
V4T001289,40.932243,-50.039562,ELG,0.81050598,1.0000,false
V4T001290,18.178843,-43.001612,LRG,0.38714525,1.0000,false
V4T001291,1.082067,-29.641658,LRG,0.35634971,1.0000,false
V4T001292,350.948448,-23.426409,ELG,1.16369001,1.0000,false
V4T001293,339.794890,-18.577852,BGS,1.12821540,0.4500,false
V4T001294,352.056125,-29.748082,QSO,0.28039980,1.7000,false
V4T001295,344.836524,-20.133715,ELG,0.56727704,1.0000,false
V4T001296,40.204434,-58.552666,ELG,0.30532884,1.0000,false
V4T001297,42.204131,-49.307560,Star,4.06808833,0.3000,false
V4T001298,347.935641,-14.288509,QSO,0.30511589,1.7000,false
V4T001299,25.376271,-48.152843,BGS,1.47036497,0.4500,true
V4T001300,353.323345,-36.010699,QSO,0.45284555,1.7000,true
V4T001301,0.421461,-25.514655,QSO,0.29764497,1.7000,false
V4T001302,40.956816,-50.445609,QSO,0.08216786,1.7000,false
V4T001303,35.468834,-36.418648,QSO,0.10821340,1.7000,false
V4T001304,42.161791,-41.222673,QSO,0.28515730,1.7000,false
V4T001305,357.349316,-36.361696,ELG,0.78651615,1.0000,false
V4T001306,353.170991,-29.537983,ELG,0.41056418,1.0000,false
V4T001307,33.836545,-49.014803,ELG,0.41983902,1.0000,false
V4T001308,29.262556,-36.373896,ELG,0.46994085,1.0000,false
V4T001309,344.406994,-31.096880,ELG,0.56194577,1.0000,false
V4T001310,36.389805,-38.947156,ELG,0.88505342,1.0000,false
V4T001311,344.984249,-29.697455,ELG,0.72136442,1.0000,false
V4T001312,339.565965,-23.306589,Star,5.86253147,0.3000,false
V4T001313,347.016456,-34.592798,Star,4.40971165,0.3000,false
V4T001314,49.863745,-50.079346,ELG,0.37414494,1.0000,false
V4T001315,351.493818,-23.778481,BGS,1.42041649,0.4500,false
V4T001316,358.182106,-36.990559,QSO,0.15861993,1.7000,false
V4T001317,23.755753,-55.543963,ELG,0.55179373,1.0000,false
V4T001318,0.864677,-29.535468,LRG,0.19146164,1.0000,false
V4T001319,35.054498,-35.240533,ELG,0.55245988,1.0000,false
V4T001320,339.822063,-41.228049,Star,6.83361306,0.3000,false
V4T001321,353.089383,-35.345109,BGS,1.27509650,0.4500,true
V4T001322,355.471961,-22.257210,QSO,0.59665864,1.7000,false
V4T001323,354.163684,-24.786585,Star,3.98582603,0.3000,false
V4T001324,346.892183,-27.849734,ELG,0.43077160,1.0000,false
V4T001325,353.943360,-33.800067,LRG,0.24869738,1.0000,false
V4T001326,354.964409,-31.320013,Star,4.62927924,0.3000,false
V4T001327,47.273358,-40.436327,LRG,0.59785419,1.0000,false
V4T001328,44.683771,-53.116271,LRG,0.36273060,1.0000,false
V4T001329,30.769478,-56.866736,ELG,0.27160663,1.0000,false
V4T001330,46.328011,-41.977355,ELG,0.48833432,1.0000,false
V4T001331,39.152791,-54.256846,Star,3.70647325,0.3000,true
V4T001332,0.093901,-32.156524,LRG,0.51317157,1.0000,false
V4T001333,50.579107,-53.061053,BGS,1.43052212,0.4500,false
V4T001334,344.903598,-28.772758,LRG,0.26138423,1.0000,false
V4T001335,26.897328,-45.409469,LRG,0.54846729,1.0000,false
V4T001336,337.400745,-23.431749,QSO,0.24113668,1.7000,false
V4T001337,21.785374,-41.639319,BGS,1.20137219,0.4500,false
V4T001338,41.990094,-58.266843,QSO,0.10205055,1.7000,false
V4T001339,358.790368,-19.144149,LRG,0.68593214,1.0000,false
V4T001340,350.464535,-25.897308,QSO,0.20160386,1.7000,false
V4T001341,354.698644,-36.936094,LRG,0.26396470,1.0000,false
V4T001342,41.626444,-58.531100,BGS,0.94688080,0.4500,true
V4T001343,352.437154,-21.728274,BGS,1.36395741,0.4500,false
V4T001344,31.322137,-35.942312,ELG,0.57290441,1.0000,false
V4T001345,48.658737,-42.799073,QSO,0.56036951,1.7000,false
V4T001346,43.465654,-51.469731,ELG,0.66310049,1.0000,false
V4T001347,37.774572,-55.034773,ELG,0.51723207,1.0000,false
V4T001348,337.972130,-25.490516,ELG,0.31173576,1.0000,false
V4T001349,33.386308,-49.991997,ELG,0.81002906,1.0000,false
V4T001350,347.848382,-24.863926,LRG,0.22017737,1.0000,false
V4T001351,37.543565,-42.725572,QSO,0.34112064,1.7000,false
V4T001352,30.508394,-48.814010,QSO,0.11299155,1.7000,false
V4T001353,343.626552,-30.086561,LRG,0.25651831,1.0000,false
V4T001354,46.939421,-49.350354,QSO,0.23646862,1.7000,false
V4T001355,345.505443,-16.503384,ELG,0.45046860,1.0000,false
V4T001356,346.961030,-38.945159,QSO,0.14398104,1.7000,false
V4T001357,39.938806,-40.269058,ELG,0.45186862,1.0000,false
V4T001358,48.529848,-41.248088,BGS,2.27997250,0.4500,false
V4T001359,345.743951,-22.318422,QSO,0.14769694,1.7000,false
V4T001360,337.094653,-35.598245,QSO,0.28285710,1.7000,false
V4T001361,344.445476,-27.091530,LRG,0.53750616,1.0000,false
V4T001362,25.991205,-49.382906,BGS,1.03216211,0.4500,false
V4T001363,30.307968,-39.377180,Star,3.74314221,0.3000,false
V4T001364,341.082450,-40.957583,ELG,0.83983928,1.0000,false
V4T001365,18.586255,-51.833023,QSO,0.46271647,1.7000,false
V4T001366,333.137710,-34.719536,ELG,0.50157025,1.0000,false
V4T001367,345.464630,-18.646718,ELG,0.61952111,1.0000,false
V4T001368,344.228181,-25.961961,Star,3.14783884,0.3000,false
V4T001369,346.705951,-35.479309,Star,5.52218011,0.3000,false
V4T001370,349.547453,-28.663360,QSO,0.09650100,1.7000,false
V4T001371,42.127948,-49.879816,ELG,1.03656771,1.0000,true
V4T001372,40.526046,-51.236592,ELG,0.57604207,1.0000,false
V4T001373,18.970283,-52.702726,ELG,0.84691530,1.0000,false
V4T001374,340.156320,-18.258146,LRG,0.37553226,1.0000,false
V4T001375,343.137411,-31.008324,ELG,0.69293739,1.0000,false
V4T001376,19.054939,-51.190156,BGS,1.70552534,0.4500,false
V4T001377,29.913339,-57.360955,ELG,0.57320549,1.0000,false
V4T001378,40.805471,-53.276659,ELG,0.38994783,1.0000,false
V4T001379,345.694075,-33.233528,ELG,0.45597328,1.0000,false
V4T001380,341.739224,-20.026223,QSO,0.12856139,1.7000,true
V4T001381,348.500028,-40.042836,QSO,0.11170050,1.7000,false
V4T001382,352.972374,-35.641596,LRG,0.63695816,1.0000,false
V4T001383,32.980637,-53.456292,Star,4.24401420,0.3000,false
V4T001384,351.907868,-38.669448,ELG,0.50168286,1.0000,false
V4T001385,28.706526,-37.523820,ELG,0.85713508,1.0000,false
V4T001386,354.258513,-31.232514,ELG,0.51737987,1.0000,false
V4T001387,349.205738,-26.437377,LRG,0.37281614,1.0000,false
V4T001388,32.825645,-48.631936,ELG,0.21995774,1.0000,false
V4T001389,353.432014,-35.396139,LRG,0.28852432,1.0000,false
V4T001390,344.215101,-27.816783,ELG,0.79358236,1.0000,false
V4T001391,350.830272,-16.035738,Star,3.83948654,0.3000,false
V4T001392,29.965211,-47.074339,ELG,0.67617689,1.0000,false
V4T001393,345.903552,-35.463439,Star,4.04584109,0.3000,false
V4T001394,43.979846,-50.831000,ELG,0.37779967,1.0000,false
V4T001395,40.221474,-59.273592,QSO,0.16436360,1.7000,false
V4T001396,352.905983,-20.792786,LRG,0.15565012,1.0000,false
V4T001397,350.447060,-34.047293,LRG,0.15495235,1.0000,false
V4T001398,31.224615,-58.096175,BGS,1.36273045,0.4500,false
V4T001399,350.544820,-24.524482,ELG,0.24199565,1.0000,false
V4T001400,37.510259,-36.765552,ELG,1.00125402,1.0000,false
V4T001401,358.448514,-31.636988,ELG,0.50419597,1.0000,false
V4T001402,49.415346,-42.160493,ELG,0.49782967,1.0000,false
V4T001403,354.008985,-29.205976,ELG,0.54883395,1.0000,false
V4T001404,51.546323,-51.747550,LRG,0.39837975,1.0000,false
V4T001405,24.760477,-50.650799,ELG,0.33237593,1.0000,false
V4T001406,47.404756,-52.472019,ELG,0.71002610,1.0000,true
V4T001407,36.201025,-41.504825,BGS,1.46054037,0.4500,false
V4T001408,348.105840,-15.208004,ELG,0.35805014,1.0000,false
V4T001409,23.745765,-42.754764,LRG,0.44950038,1.0000,false
V4T001410,357.226929,-29.798306,BGS,1.18629811,0.4500,false
V4T001411,23.043701,-53.847389,Star,4.55002232,0.3000,false
V4T001412,32.988664,-48.752396,LRG,0.25344283,1.0000,false
V4T001413,29.093463,-54.582085,QSO,0.11891144,1.7000,false
V4T001414,43.087093,-40.510271,BGS,1.16713477,0.4500,false
V4T001415,350.876898,-40.994319,LRG,0.26095655,1.0000,false
V4T001416,29.223020,-44.110848,LRG,0.66146097,1.0000,false
V4T001417,336.045208,-24.359715,QSO,0.17642177,1.7000,false
V4T001418,38.673917,-45.825458,QSO,0.19763259,1.7000,false
V4T001419,48.107993,-55.693413,QSO,0.24549316,1.7000,false
V4T001420,32.448338,-47.720245,LRG,0.32415592,1.0000,false
V4T001421,345.986877,-34.491378,ELG,0.47365684,1.0000,false
V4T001422,345.640731,-15.357630,ELG,0.85109984,1.0000,false
V4T001423,48.897206,-42.503424,ELG,0.57184425,1.0000,false
V4T001424,353.964068,-39.258398,LRG,0.34646510,1.0000,false
V4T001425,352.333692,-19.698019,ELG,0.50953921,1.0000,false
V4T001426,49.008685,-50.224340,ELG,0.62569692,1.0000,false
V4T001427,345.655224,-18.223606,ELG,0.53697530,1.0000,false
V4T001428,39.820195,-57.080381,QSO,0.26913075,1.7000,false
V4T001429,346.706366,-40.847371,ELG,0.29329077,1.0000,false
V4T001430,40.856943,-50.038460,QSO,0.20149388,1.7000,false
V4T001431,345.097913,-36.717047,ELG,0.37876116,1.0000,false
V4T001432,350.631497,-16.158573,QSO,0.11982259,1.7000,false
V4T001433,347.451014,-34.874538,LRG,0.58496648,1.0000,false
V4T001434,1.340580,-25.901885,ELG,0.34216476,1.0000,false
V4T001435,349.200556,-23.109477,ELG,0.45435523,1.0000,false
V4T001436,338.429068,-18.954362,ELG,0.52276932,1.0000,false
V4T001437,350.983362,-21.815903,LRG,0.51284144,1.0000,false
V4T001438,343.267212,-22.367871,LRG,0.51330151,1.0000,false
V4T001439,44.067973,-44.274789,LRG,0.55973997,1.0000,false
V4T001440,343.177385,-21.237753,ELG,0.89237644,1.0000,false
V4T001441,350.884155,-31.235088,LRG,0.53471279,1.0000,false
V4T001442,352.556031,-31.945612,ELG,0.54145946,1.0000,false
V4T001443,343.063116,-29.346144,QSO,0.20018513,1.7000,false
V4T001444,340.117526,-29.974511,Star,3.55680298,0.3000,false
V4T001445,346.254109,-33.976052,ELG,0.61166264,1.0000,false
V4T001446,38.633893,-49.324124,QSO,0.20835962,1.7000,true
V4T001447,41.562268,-50.702496,LRG,0.64739202,1.0000,false
V4T001448,34.166557,-48.864519,LRG,0.61997858,1.0000,false
V4T001449,340.856527,-41.013318,ELG,0.55676977,1.0000,false
V4T001450,356.973071,-26.771046,LRG,0.32797240,1.0000,false
V4T001451,33.649095,-47.877802,Star,5.13175568,0.3000,true
V4T001452,43.273198,-47.369460,ELG,0.76598456,1.0000,false
V4T001453,42.692843,-41.111123,BGS,2.34516112,0.4500,false
V4T001454,351.359915,-39.263747,BGS,1.23665267,0.4500,false
V4T001455,357.909051,-21.014333,BGS,0.82766211,0.4500,false
V4T001456,346.788151,-34.273072,LRG,0.39382293,1.0000,false
V4T001457,353.329614,-18.344024,BGS,0.94018007,0.4500,false
V4T001458,343.338742,-29.635844,LRG,0.55867258,1.0000,false
V4T001459,25.090131,-40.599960,QSO,0.10981160,1.7000,false
V4T001460,20.330947,-48.615406,BGS,0.65130545,0.4500,false
V4T001461,21.495827,-43.328542,BGS,1.53502164,0.4500,false
V4T001462,50.133965,-49.952512,QSO,0.21773917,1.7000,false
V4T001463,36.996711,-45.970052,QSO,0.12064204,1.7000,false
V4T001464,45.044422,-54.488496,BGS,0.92154519,0.4500,false
V4T001465,342.065741,-17.803069,BGS,1.97100832,0.4500,false
V4T001466,28.362506,-55.896118,ELG,0.47206856,1.0000,false
V4T001467,30.756356,-47.877265,ELG,0.44795635,1.0000,false
V4T001468,15.099471,-47.684882,BGS,1.50874796,0.4500,false
V4T001469,40.709617,-49.686136,Star,5.72558802,0.3000,false
V4T001470,339.729988,-40.303003,LRG,0.30741307,1.0000,false
V4T001471,48.631635,-42.419779,ELG,0.80247720,1.0000,true
V4T001472,18.828929,-42.491577,ELG,0.36920447,1.0000,false
V4T001473,24.576086,-53.311204,Star,2.86849876,0.3000,false
V4T001474,345.838889,-27.506430,ELG,0.74397874,1.0000,false
V4T001475,37.701649,-52.408965,ELG,0.68610221,1.0000,false
V4T001476,345.169241,-17.722647,ELG,0.84183734,1.0000,false
V4T001477,334.909717,-22.545671,ELG,0.87207012,1.0000,false
V4T001478,348.026947,-23.921027,QSO,0.35965674,1.7000,false
V4T001479,31.778962,-57.024017,Star,3.34930825,0.3000,false
V4T001480,341.258884,-26.736976,ELG,0.46826108,1.0000,false
V4T001481,39.422196,-39.060818,BGS,1.30387285,0.4500,false
V4T001482,51.917821,-50.533077,BGS,1.28437527,0.4500,false
V4T001483,15.431933,-48.576255,ELG,0.45692512,1.0000,false
V4T001484,342.533715,-35.662318,LRG,0.55651972,1.0000,false
V4T001485,348.652761,-42.361400,BGS,0.78873609,0.4500,true
V4T001486,27.268283,-55.176477,ELG,0.23181611,1.0000,false
V4T001487,350.659341,-15.405087,Star,3.02229739,0.3000,false
V4T001488,43.390635,-40.453667,LRG,0.32353266,1.0000,false
V4T001489,38.747764,-41.532203,BGS,0.95585904,0.4500,false
V4T001490,342.716951,-31.953182,ELG,0.41567841,1.0000,false
V4T001491,46.588765,-46.445684,ELG,1.04153350,1.0000,true
V4T001492,50.608498,-49.212602,Star,4.87907235,0.3000,true
V4T001493,32.373473,-48.532195,LRG,0.21462354,1.0000,false
V4T001494,350.095624,-36.029499,ELG,0.69753722,1.0000,false
V4T001495,353.887919,-28.824376,ELG,0.40157239,1.0000,false
V4T001496,353.874705,-36.501945,LRG,0.40241221,1.0000,false
V4T001497,340.939110,-34.606169,BGS,1.30054259,0.4500,false
V4T001498,40.652245,-50.509961,BGS,1.26663233,0.4500,false
V4T001499,25.492979,-57.687680,ELG,0.85962621,1.0000,false
V4T001500,351.497628,-27.167830,BGS,1.16544881,0.4500,false
V4T001501,40.308909,-47.444687,LRG,0.62768904,1.0000,false
V4T001502,34.516067,-51.146071,ELG,0.70349757,1.0000,false
V4T001503,337.261526,-32.989728,BGS,1.58938868,0.4500,false
V4T001504,341.929401,-34.267704,BGS,0.82145214,0.4500,false
V4T001505,357.912407,-16.548391,QSO,0.60408425,1.7000,false
V4T001506,348.751045,-39.888488,ELG,0.50850062,1.0000,false
V4T001507,47.910940,-52.242261,ELG,0.57186486,1.0000,false
V4T001508,46.290424,-50.448189,QSO,0.09676542,1.7000,false
V4T001509,340.434997,-21.830412,ELG,0.55168229,1.0000,false
V4T001510,31.469283,-48.292452,BGS,1.14906991,0.4500,false
V4T001511,353.040327,-35.451428,ELG,0.54166433,1.0000,false
V4T001512,346.557670,-35.792761,QSO,0.26384681,1.7000,false
V4T001513,343.519929,-33.290280,ELG,0.34807373,1.0000,false
V4T001514,342.709487,-39.424327,ELG,0.28947057,1.0000,false
V4T001515,24.193873,-56.230631,QSO,0.47768648,1.7000,false
V4T001516,38.756911,-40.572323,LRG,0.41628666,1.0000,false
V4T001517,40.157943,-58.780733,QSO,0.17664060,1.7000,false
V4T001518,350.266392,-13.370709,ELG,0.47413918,1.0000,false
V4T001519,32.320984,-44.480155,LRG,0.24218493,1.0000,false
V4T001520,46.289880,-38.949807,ELG,0.52238524,1.0000,true
V4T001521,343.773204,-14.843777,ELG,0.53242317,1.0000,false
V4T001522,333.941863,-30.053562,ELG,0.43299071,1.0000,false
V4T001523,346.230287,-21.332037,LRG,0.23237769,1.0000,false
V4T001524,353.734634,-35.885726,ELG,0.39582395,1.0000,false
V4T001525,0.987051,-25.527899,ELG,0.40180559,1.0000,false
V4T001526,47.969937,-40.911918,QSO,0.08081936,1.7000,false
V4T001527,353.901200,-25.545901,BGS,1.01697421,0.4500,false
V4T001528,49.325889,-41.487113,BGS,1.82432574,0.4500,false
V4T001529,23.848761,-50.810968,LRG,0.53662746,1.0000,false
V4T001530,343.756898,-17.825332,LRG,0.34692924,1.0000,false
V4T001531,344.999169,-36.043628,LRG,0.41135466,1.0000,false
V4T001532,346.579548,-34.195563,BGS,1.78882016,0.4500,false
V4T001533,352.231519,-40.572322,ELG,0.67294314,1.0000,false
V4T001534,353.749184,-26.619060,ELG,0.32380077,1.0000,false
V4T001535,340.494280,-37.109136,LRG,0.26295675,1.0000,true
V4T001536,23.683175,-46.527338,QSO,0.25512601,1.7000,false
V4T001537,352.549910,-19.098611,ELG,1.19041240,1.0000,false
V4T001538,41.595882,-51.514096,ELG,0.48526438,1.0000,false
V4T001539,349.536689,-24.891681,LRG,0.23001609,1.0000,false
V4T001540,333.355898,-31.521664,ELG,0.37467600,1.0000,false
V4T001541,342.900342,-16.503240,ELG,0.84283720,1.0000,false
V4T001542,42.343156,-51.232782,ELG,0.74422927,1.0000,false
V4T001543,28.324802,-50.739267,BGS,1.19253625,0.4500,false
V4T001544,353.695312,-35.560627,Star,2.21223201,0.3000,false
V4T001545,31.558213,-53.374695,QSO,0.08061479,1.7000,false
V4T001546,346.916171,-34.180360,ELG,0.72333596,1.0000,false
V4T001547,354.284623,-34.968995,ELG,0.38166239,1.0000,false
V4T001548,42.919373,-55.680723,QSO,0.26353691,1.7000,false
V4T001549,25.864372,-54.742992,ELG,0.45003981,1.0000,false
V4T001550,50.551703,-55.364361,ELG,0.50187876,1.0000,false
V4T001551,41.690305,-47.470378,ELG,1.02647184,1.0000,false
V4T001552,351.349193,-24.146155,LRG,0.17750484,1.0000,false
V4T001553,353.977481,-38.494443,BGS,1.60261069,0.4500,false
V4T001554,43.804399,-55.794412,BGS,0.72480648,0.4500,false
V4T001555,51.188196,-44.076988,BGS,1.90676063,0.4500,false
V4T001556,346.277049,-36.955257,ELG,0.90252416,1.0000,false
V4T001557,346.599045,-35.257968,LRG,0.46394096,1.0000,false
V4T001558,352.473269,-23.145803,LRG,0.18075026,1.0000,false
V4T001559,350.421569,-24.996065,ELG,0.52296100,1.0000,false
V4T001560,347.900811,-18.837237,QSO,0.09682595,1.7000,false
V4T001561,1.756717,-27.791929,ELG,0.56825394,1.0000,false
V4T001562,31.597408,-53.942366,QSO,0.30161995,1.7000,false
V4T001563,34.480378,-51.670483,ELG,0.34630933,1.0000,false
V4T001564,343.660342,-27.280814,LRG,0.30472213,1.0000,false
V4T001565,348.964040,-18.166897,BGS,1.43866590,0.4500,false
V4T001566,335.333537,-24.886999,ELG,1.14579905,1.0000,false
V4T001567,347.609163,-23.997412,LRG,0.26216804,1.0000,false
V4T001568,25.948182,-38.198902,LRG,0.29454879,1.0000,false
V4T001569,336.075289,-35.334047,BGS,1.53430059,0.4500,false
V4T001570,346.709555,-22.783536,LRG,0.53518118,1.0000,false
V4T001571,341.997520,-41.866801,Star,6.14909647,0.3000,false
V4T001572,338.792275,-37.132775,ELG,0.61277721,1.0000,false
V4T001573,41.576605,-46.281918,QSO,0.23464626,1.7000,false
V4T001574,43.357464,-39.479307,LRG,0.22852285,1.0000,false
V4T001575,353.993247,-35.347365,Star,3.78592644,0.3000,false
V4T001576,18.105257,-43.731491,LRG,0.23736874,1.0000,false
V4T001577,355.779185,-27.853236,ELG,0.90568591,1.0000,false
V4T001578,35.067470,-53.819219,LRG,0.20087141,1.0000,false
V4T001579,357.643855,-28.939570,QSO,0.17559030,1.7000,false
V4T001580,46.201863,-40.644858,QSO,0.32879713,1.7000,false
V4T001581,344.278518,-19.417929,ELG,0.22691463,1.0000,false
V4T001582,32.932638,-41.636713,QSO,0.29510666,1.7000,false
V4T001583,336.391836,-23.105918,LRG,0.62153243,1.0000,false
V4T001584,334.165992,-27.212191,QSO,0.15807239,1.7000,false
V4T001585,333.792335,-23.703816,ELG,0.45411476,1.0000,false
V4T001586,1.961701,-25.745063,QSO,0.37554292,1.7000,false
V4T001587,351.493434,-24.426641,ELG,0.65406751,1.0000,false
V4T001588,31.137824,-41.582940,ELG,0.35122313,1.0000,false
V4T001589,356.693591,-38.347289,ELG,0.53671911,1.0000,false
V4T001590,347.825393,-32.123760,LRG,0.35877483,1.0000,false
V4T001591,337.788419,-34.791408,QSO,0.13546385,1.7000,false
V4T001592,343.202871,-27.670138,LRG,0.33006327,1.0000,false
V4T001593,46.428941,-38.825681,BGS,1.24256403,0.4500,false
V4T001594,349.792573,-38.792952,BGS,0.65543048,0.4500,false
V4T001595,342.077628,-32.348873,ELG,0.44903197,1.0000,false
V4T001596,338.587506,-32.539942,Star,4.55310713,0.3000,false
V4T001597,342.794921,-29.232385,QSO,0.15230254,1.7000,false
V4T001598,25.016049,-56.993049,BGS,1.07312128,0.4500,false
V4T001599,39.140329,-43.135053,BGS,0.58538710,0.4500,false
V4T001600,352.030573,-22.675385,LRG,0.23503580,1.0000,false
V4T001601,29.709830,-37.758025,QSO,0.15830448,1.7000,false
V4T001602,31.248475,-39.478734,BGS,1.34161433,0.4500,false
V4T001603,48.074316,-41.634555,BGS,0.98430721,0.4500,false
V4T001604,341.681629,-38.073629,ELG,0.32139777,1.0000,false
V4T001605,37.300812,-37.440664,ELG,0.91905796,1.0000,false
V4T001606,33.794386,-46.603031,LRG,0.49286758,1.0000,false
V4T001607,344.148362,-27.835440,LRG,0.48309719,1.0000,false
V4T001608,350.910901,-29.235446,ELG,0.62559427,1.0000,false
V4T001609,337.822176,-31.254519,ELG,0.43901029,1.0000,false
V4T001610,358.763301,-26.904444,ELG,0.48950587,1.0000,false
V4T001611,41.810649,-50.042361,QSO,0.15731677,1.7000,false
V4T001612,351.349651,-15.405680,Star,2.93610023,0.3000,false
V4T001613,356.442305,-21.343484,BGS,1.28906878,0.4500,false
V4T001614,337.619901,-39.206030,BGS,1.37756756,0.4500,false
V4T001615,50.975286,-55.381671,ELG,0.35714480,1.0000,false
V4T001616,26.795986,-58.558346,LRG,0.41072841,1.0000,false
V4T001617,353.861122,-35.473843,BGS,1.33922099,0.4500,false
V4T001618,341.732245,-32.933412,BGS,1.43879610,0.4500,false
V4T001619,31.085857,-46.530673,BGS,1.32275231,0.4500,false
V4T001620,17.270277,-54.529995,BGS,1.53463383,0.4500,false
V4T001621,344.943923,-18.938202,ELG,0.45342972,1.0000,false
V4T001622,344.769308,-26.866872,QSO,0.11413760,1.7000,false
V4T001623,343.104065,-36.149656,Star,3.81162132,0.3000,false
V4T001624,37.833521,-49.365332,QSO,0.09403957,1.7000,false
V4T001625,346.055232,-34.570501,QSO,0.13911440,1.7000,false
V4T001626,46.571547,-50.793432,Star,4.91697002,0.3000,false
V4T001627,352.304880,-39.191901,ELG,0.93500986,1.0000,false
V4T001628,28.760308,-58.907371,BGS,0.95124811,0.4500,false
V4T001629,351.102867,-23.282332,QSO,0.14706381,1.7000,false
V4T001630,345.081572,-26.932071,LRG,0.31720098,1.0000,false
V4T001631,351.908601,-23.995882,ELG,0.73045507,1.0000,false
V4T001632,40.270868,-37.725274,ELG,0.44410854,1.0000,false
V4T001633,52.410403,-47.262260,BGS,1.16635309,0.4500,false
V4T001634,337.274333,-19.517243,QSO,0.15742374,1.7000,false
V4T001635,33.336329,-43.748693,LRG,0.67029345,1.0000,false
V4T001636,47.287158,-49.947752,BGS,0.87295797,0.4500,false
V4T001637,338.179313,-33.496079,QSO,0.14212086,1.7000,false
V4T001638,38.215563,-48.905675,ELG,0.89564687,1.0000,false
V4T001639,47.409907,-55.191751,BGS,1.77531152,0.4500,false
V4T001640,21.264474,-45.896152,BGS,1.13616513,0.4500,false
V4T001641,349.638122,-19.048320,BGS,1.33498277,0.4500,false
V4T001642,343.608768,-16.890635,LRG,0.36909994,1.0000,false
V4T001643,36.125503,-52.851480,BGS,1.09063962,0.4500,false
V4T001644,349.806631,-23.805729,Star,5.77048212,0.3000,false
V4T001645,336.077787,-22.430573,QSO,0.17337289,1.7000,false
V4T001646,21.990781,-46.622155,Star,3.85777911,0.3000,false
V4T001647,347.882536,-30.122760,ELG,0.70237355,1.0000,false
V4T001648,343.392827,-31.176482,ELG,0.47536977,1.0000,false
V4T001649,28.099025,-43.373200,LRG,0.83405938,1.0000,false
V4T001650,40.900770,-44.484275,QSO,0.41741837,1.7000,false
V4T001651,353.799436,-30.515173,BGS,0.94228084,0.4500,false
V4T001652,347.625876,-21.616150,LRG,0.39238294,1.0000,false
V4T001653,29.925014,-43.983653,ELG,0.44773069,1.0000,false
V4T001654,347.086226,-35.619652,ELG,0.40479721,1.0000,false
V4T001655,343.031890,-28.966127,ELG,0.69070023,1.0000,false
V4T001656,24.207140,-39.282839,ELG,0.50430864,1.0000,false
V4T001657,343.076074,-29.308255,BGS,1.42487358,0.4500,false
V4T001658,47.503444,-42.117330,LRG,0.42825290,1.0000,false
V4T001659,1.598480,-29.108911,QSO,0.08696566,1.7000,false
V4T001660,47.124559,-41.578592,BGS,0.95148730,0.4500,false
V4T001661,32.976641,-44.509831,BGS,1.51871452,0.4500,false
V4T001662,22.100250,-40.715898,LRG,0.17380907,1.0000,false
V4T001663,46.419023,-45.477775,Star,7.64963229,0.3000,false
V4T001664,43.305924,-38.592242,ELG,0.31568317,1.0000,false
V4T001665,340.741179,-16.116314,QSO,0.45274746,1.7000,false
V4T001666,25.542135,-46.083608,BGS,1.12415277,0.4500,false
V4T001667,353.765905,-35.495501,ELG,0.59334197,1.0000,false
V4T001668,350.848115,-24.358451,ELG,0.35922524,1.0000,true
V4T001669,342.725476,-31.434809,ELG,0.48665794,1.0000,false
V4T001670,351.059809,-25.157883,BGS,1.73408089,0.4500,false
V4T001671,342.058711,-39.489535,QSO,0.13588801,1.7000,false
V4T001672,0.727177,-29.967662,ELG,0.72821351,1.0000,false
V4T001673,347.296559,-21.857246,Star,5.04617497,0.3000,false
V4T001674,346.029240,-39.961947,ELG,0.59549171,1.0000,false
V4T001675,35.273645,-53.315728,Star,3.65043711,0.3000,false
V4T001676,332.706634,-29.779123,LRG,0.26302849,1.0000,false
V4T001677,350.127531,-32.668670,BGS,1.27293865,0.4500,false
V4T001678,357.812579,-19.595919,LRG,0.50785517,1.0000,false
V4T001679,346.118275,-35.883814,Star,4.64755434,0.3000,false
V4T001680,49.522311,-46.662326,QSO,0.47309677,1.7000,false
V4T001681,338.503972,-31.779104,LRG,0.40319504,1.0000,false
V4T001682,351.009002,-15.880127,QSO,0.15619159,1.7000,false
V4T001683,30.441361,-48.084160,ELG,0.35164353,1.0000,false
V4T001684,341.479510,-22.127746,ELG,0.97146857,1.0000,false
V4T001685,34.026154,-46.533847,ELG,0.52147913,1.0000,false
V4T001686,354.104424,-27.888521,ELG,0.79366061,1.0000,false
V4T001687,348.277816,-41.686931,BGS,0.86339628,0.4500,false
V4T001688,351.447731,-32.501050,BGS,0.83233761,0.4500,false
V4T001689,32.705442,-58.807992,ELG,0.85207615,1.0000,false
V4T001690,39.291021,-55.648183,ELG,0.73668553,1.0000,false
V4T001691,334.875492,-32.656141,ELG,0.54096747,1.0000,false
V4T001692,356.147309,-36.788001,ELG,0.40928556,1.0000,false
V4T001693,344.905561,-17.294673,ELG,0.51703248,1.0000,false
V4T001694,349.904873,-30.641955,ELG,0.39787692,1.0000,true
V4T001695,47.739531,-51.652376,BGS,1.08901328,0.4500,false
V4T001696,339.206347,-34.076187,BGS,1.26737326,0.4500,false
V4T001697,355.785868,-24.956302,LRG,0.40370776,1.0000,false
V4T001698,38.651296,-53.531618,BGS,1.68675160,0.4500,false
V4T001699,341.054416,-40.813538,BGS,1.22766719,0.4500,false
V4T001700,32.914355,-40.686140,BGS,1.52756079,0.4500,false
V4T001701,36.472049,-37.775406,ELG,0.36205847,1.0000,false
V4T001702,16.806438,-45.873186,ELG,0.62204069,1.0000,false
V4T001703,339.676994,-40.626679,LRG,0.37407381,1.0000,false
V4T001704,340.500327,-39.728759,LRG,0.27422058,1.0000,false
V4T001705,353.158582,-16.443148,ELG,0.77416906,1.0000,false
V4T001706,27.943997,-50.798952,LRG,0.18185860,1.0000,false
V4T001707,348.631048,-17.799195,BGS,2.05518867,0.4500,false
V4T001708,349.981507,-18.481274,ELG,0.51331394,1.0000,false
V4T001709,345.996403,-34.558900,LRG,0.46805385,1.0000,false
V4T001710,44.115018,-54.549946,ELG,0.75282259,1.0000,true
V4T001711,339.636052,-30.971343,Star,2.66566187,0.3000,false
V4T001712,38.367614,-35.552907,ELG,0.42362616,1.0000,false
V4T001713,342.621328,-32.831364,LRG,0.44827804,1.0000,false
V4T001714,333.846656,-26.266583,BGS,1.99807115,0.4500,false
V4T001715,28.445740,-52.776059,QSO,0.13034170,1.7000,false
V4T001716,41.177106,-59.230135,QSO,0.19373639,1.7000,false
V4T001717,20.898779,-50.351752,ELG,0.39580952,1.0000,false
V4T001718,22.620801,-52.543683,LRG,0.64232328,1.0000,false
V4T001719,349.107521,-14.153758,BGS,1.58956923,0.4500,true
V4T001720,346.610968,-34.602274,LRG,0.23552061,1.0000,false
V4T001721,343.592134,-30.656576,ELG,0.75144330,1.0000,false
V4T001722,35.382973,-56.268174,LRG,0.32614063,1.0000,false
V4T001723,48.505440,-41.919012,ELG,0.86532758,1.0000,false
V4T001724,30.836921,-45.808956,LRG,0.45436459,1.0000,false
V4T001725,346.132749,-34.762550,LRG,0.29205438,1.0000,false
V4T001726,42.047740,-50.458058,ELG,1.10918085,1.0000,false
V4T001727,46.829365,-39.890903,LRG,0.43804696,1.0000,false
V4T001728,346.927339,-34.302429,QSO,0.22615624,1.7000,false
V4T001729,43.280110,-41.607801,LRG,0.54685826,1.0000,false
V4T001730,30.172371,-50.185220,ELG,0.51946239,1.0000,false
V4T001731,347.381592,-34.824073,ELG,0.33085327,1.0000,false
V4T001732,354.241635,-35.771247,BGS,1.03201981,0.4500,false
V4T001733,346.486958,-24.868223,QSO,0.27963806,1.7000,false
V4T001734,48.058391,-41.364980,BGS,1.00088141,0.4500,false
V4T001735,353.923606,-35.832769,BGS,1.23375246,0.4500,false
V4T001736,48.169134,-42.133244,BGS,1.52861807,0.4500,false
V4T001737,344.741746,-27.136948,LRG,0.63447819,1.0000,false
V4T001738,346.399496,-34.733666,ELG,0.95617597,1.0000,false
V4T001739,333.985382,-26.946604,ELG,0.27328554,1.0000,true
V4T001740,37.995357,-47.399044,QSO,0.11077366,1.7000,false
V4T001741,345.910711,-37.074881,ELG,0.34952354,1.0000,false
V4T001742,30.991954,-46.329143,LRG,0.42917764,1.0000,false
V4T001743,344.873514,-17.055384,ELG,0.77970945,1.0000,false
V4T001744,49.942517,-43.542141,BGS,1.32140607,0.4500,false
V4T001745,26.790351,-50.197255,BGS,1.47163239,0.4500,false
V4T001746,351.740343,-19.619191,ELG,0.58823038,1.0000,false
V4T001747,49.551726,-42.425957,ELG,0.71209382,1.0000,false
V4T001748,42.469047,-44.071455,QSO,0.34359615,1.7000,false
V4T001749,18.574731,-46.956276,QSO,0.25885184,1.7000,false
V4T001750,354.451459,-24.793090,BGS,2.17648242,0.4500,false
V4T001751,346.476108,-34.553937,LRG,0.38791508,1.0000,false
V4T001752,344.632697,-26.764784,ELG,0.43880042,1.0000,false
V4T001753,14.978376,-47.795562,BGS,0.97070146,0.4500,false
V4T001754,49.646825,-42.745990,ELG,0.27624623,1.0000,false
V4T001755,40.284094,-50.606762,LRG,0.29681005,1.0000,false
V4T001756,344.467936,-21.116776,BGS,0.86388232,0.4500,false
V4T001757,348.124808,-30.473474,ELG,0.84058703,1.0000,false
V4T001758,48.020372,-56.205865,ELG,0.63355469,1.0000,false
V4T001759,32.818867,-47.930872,BGS,1.81846775,0.4500,false
V4T001760,353.452879,-16.680792,Star,3.99699564,0.3000,false
V4T001761,341.329493,-16.788113,BGS,0.81892527,0.4500,false
V4T001762,18.090827,-51.987947,QSO,0.07280105,1.7000,false
V4T001763,349.051044,-27.949045,ELG,0.71618705,1.0000,false
V4T001764,349.947722,-20.677645,QSO,0.79253104,1.7000,false
V4T001765,26.346726,-50.594200,ELG,1.42211210,1.0000,false
V4T001766,49.475569,-56.295368,BGS,1.05233519,0.4500,true
V4T001767,342.939481,-30.285270,LRG,0.56601768,1.0000,false
V4T001768,36.358354,-40.034155,ELG,0.43996776,1.0000,false
V4T001769,33.245496,-49.461231,LRG,0.38895681,1.0000,false
V4T001770,344.031684,-28.207159,BGS,1.15721733,0.4500,false
V4T001771,25.324302,-58.139097,ELG,0.58904234,1.0000,false
V4T001772,346.277333,-24.213114,ELG,0.47468076,1.0000,true
V4T001773,0.562297,-30.441563,BGS,1.36350796,0.4500,false
V4T001774,48.628571,-42.632207,QSO,0.37485030,1.7000,false
V4T001775,35.272119,-52.480212,ELG,0.49659876,1.0000,false
V4T001776,341.112730,-25.636437,LRG,0.25620474,1.0000,false
V4T001777,16.745738,-53.849828,Star,5.29854058,0.3000,false
V4T001778,51.104849,-47.049791,BGS,1.03452208,0.4500,false
V4T001779,351.010631,-30.050479,LRG,0.24416880,1.0000,false
V4T001780,344.834760,-27.418308,BGS,1.00650202,0.4500,false
V4T001781,354.534809,-29.494777,LRG,0.35558789,1.0000,false
V4T001782,346.500191,-27.869780,QSO,0.21624486,1.7000,false
V4T001783,19.640083,-55.571561,BGS,1.10104324,0.4500,false
V4T001784,344.173716,-29.559851,BGS,2.09878762,0.4500,false
V4T001785,41.561469,-50.753331,QSO,0.20175718,1.7000,false
V4T001786,36.654169,-54.599624,LRG,0.34578354,1.0000,false
V4T001787,347.862275,-18.453084,BGS,1.03689805,0.4500,false
V4T001788,351.146456,-24.947874,LRG,0.37804036,1.0000,false
V4T001789,354.701832,-35.830140,LRG,0.47136890,1.0000,false
V4T001790,47.115463,-41.878688,ELG,0.77338531,1.0000,false
V4T001791,48.292563,-47.883610,BGS,1.47094532,0.4500,false
V4T001792,33.126205,-57.404170,QSO,0.31200124,1.7000,false
V4T001793,344.910061,-26.269335,ELG,0.50650606,1.0000,false
V4T001794,344.434345,-20.532199,BGS,1.04487892,0.4500,false
V4T001795,33.236637,-49.195450,Star,3.80794776,0.3000,false
V4T001796,351.572754,-24.969447,ELG,0.93658462,1.0000,false
V4T001797,353.903198,-34.907820,Star,4.55945905,0.3000,false
V4T001798,1.431726,-29.111178,BGS,1.23302777,0.4500,false
V4T001799,41.265209,-50.843039,LRG,0.50009486,1.0000,false
V4T001800,339.051357,-30.687326,LRG,0.49694034,1.0000,false
V4T001801,353.775107,-30.899848,LRG,0.45633806,1.0000,false
V4T001802,34.667702,-46.906610,ELG,1.36942023,1.0000,true
V4T001803,346.176371,-35.787757,ELG,0.30170835,1.0000,false
V4T001804,351.486664,-24.570024,Star,3.02021028,0.3000,false
V4T001805,344.200182,-17.426309,LRG,0.27579021,1.0000,false
V4T001806,43.538116,-44.789113,ELG,0.63195392,1.0000,false
V4T001807,41.214722,-40.218451,ELG,0.38623543,1.0000,true
V4T001808,40.291872,-51.695147,Star,4.50485727,0.3000,false
V4T001809,32.273511,-48.554659,BGS,1.00179235,0.4500,false
V4T001810,351.649644,-23.747914,LRG,0.34036210,1.0000,false
V4T001811,354.317962,-37.430657,BGS,1.43950882,0.4500,false
V4T001812,355.032086,-18.260090,LRG,0.23880346,1.0000,false
V4T001813,35.877659,-49.770543,LRG,0.59732914,1.0000,true
V4T001814,20.198009,-55.282554,ELG,0.75497452,1.0000,false
V4T001815,342.405562,-15.263705,ELG,0.84744151,1.0000,false
V4T001816,343.369348,-16.460284,BGS,1.06630684,0.4500,false
V4T001817,344.387388,-34.189259,QSO,0.20114319,1.7000,false
V4T001818,351.201514,-25.305462,BGS,1.04724541,0.4500,false
V4T001819,342.987901,-30.196515,ELG,0.90592960,1.0000,false
V4T001820,351.885475,-17.786753,ELG,0.23972062,1.0000,false
V4T001821,348.497247,-41.432057,ELG,0.36529715,1.0000,false
V4T001822,40.654013,-46.880823,BGS,0.93965795,0.4500,false
V4T001823,355.280078,-21.053497,BGS,1.29921440,0.4500,false
V4T001824,344.159838,-27.055096,LRG,0.33392300,1.0000,false
V4T001825,41.715623,-38.654805,BGS,1.12444539,0.4500,false
V4T001826,345.084606,-26.777554,BGS,1.21626902,0.4500,false
V4T001827,41.953977,-50.075848,LRG,0.37403215,1.0000,false
V4T001828,359.567005,-18.902213,BGS,1.22449768,0.4500,false
V4T001829,32.764073,-48.434019,Star,1.88951928,0.3000,true
V4T001830,34.649852,-38.846813,BGS,2.61875747,0.4500,false
V4T001831,19.418382,-43.608470,ELG,0.42894138,1.0000,false
V4T001832,31.501527,-56.402908,ELG,0.48848105,1.0000,false
V4T001833,341.660123,-30.740936,BGS,0.83968168,0.4500,false
V4T001834,350.600720,-24.649249,ELG,0.69037176,1.0000,true
V4T001835,26.216262,-53.989158,LRG,0.22901745,1.0000,false
V4T001836,334.180042,-27.854600,LRG,0.23712290,1.0000,false
V4T001837,338.644477,-32.509170,Star,5.82956970,0.3000,false
V4T001838,41.956065,-52.153920,QSO,0.31945162,1.7000,false
V4T001839,347.468577,-35.077612,ELG,0.41807059,1.0000,false
V4T001840,345.508613,-33.017601,BGS,1.56250222,0.4500,false
V4T001841,33.143485,-49.215049,BGS,1.43734030,0.4500,false
V4T001842,337.087770,-31.070731,LRG,0.40722750,1.0000,false
V4T001843,356.323449,-26.167414,ELG,0.42645009,1.0000,false
V4T001844,335.897170,-38.662369,LRG,0.20289364,1.0000,false
V4T001845,353.548277,-26.623836,LRG,0.40555000,1.0000,false
V4T001846,24.713558,-51.268569,ELG,0.48380700,1.0000,false
V4T001847,24.499527,-50.085560,ELG,0.55631514,1.0000,false
V4T001848,19.559334,-55.605757,QSO,0.27123178,1.7000,false
V4T001849,353.067812,-16.405901,QSO,0.25791859,1.7000,false
V4T001850,348.696064,-13.182678,ELG,0.64024296,1.0000,false
V4T001851,345.539196,-18.510290,BGS,2.36012848,0.4500,false
V4T001852,337.982137,-32.149844,LRG,0.25718692,1.0000,false
V4T001853,359.628297,-32.170902,Star,3.86020885,0.3000,false
V4T001854,357.906850,-21.880948,ELG,0.38919596,1.0000,false
V4T001855,34.400050,-56.195748,BGS,1.62659710,0.4500,false
V4T001856,351.857212,-25.382165,ELG,0.34953987,1.0000,false
V4T001857,350.700889,-33.433444,BGS,1.10638188,0.4500,false
V4T001858,344.582111,-27.489546,BGS,1.64172949,0.4500,false
V4T001859,47.592979,-54.714531,QSO,0.28002382,1.7000,false
V4T001860,26.264486,-46.688709,BGS,1.18175697,0.4500,false
V4T001861,26.144407,-58.238049,Star,3.39798802,0.3000,true
V4T001862,20.630076,-50.042574,ELG,1.51360892,1.0000,false
V4T001863,342.751369,-30.095342,ELG,0.57446418,1.0000,false
V4T001864,22.719447,-57.252810,BGS,1.23996811,0.4500,false
V4T001865,334.764496,-24.403915,BGS,0.98781647,0.4500,true
V4T001866,40.473658,-55.603619,QSO,0.05667547,1.7000,false
V4T001867,41.918899,-58.529968,ELG,0.24800273,1.0000,false
V4T001868,344.899356,-41.514334,QSO,0.16056868,1.7000,false
V4T001869,344.512674,-27.691104,BGS,1.05771920,0.4500,false
V4T001870,345.665765,-34.879189,Star,5.77485226,0.3000,false
V4T001871,28.561467,-41.585155,QSO,0.25154915,1.7000,false
V4T001872,339.501023,-18.054429,ELG,0.56624538,1.0000,false
V4T001873,349.213219,-22.834187,ELG,0.71974926,1.0000,false
V4T001874,358.310855,-36.618175,QSO,0.09089373,1.7000,false
V4T001875,342.061693,-24.415231,BGS,1.66300627,0.4500,false
V4T001876,353.181136,-35.904068,QSO,0.37628058,1.7000,false
V4T001877,348.389549,-16.833902,QSO,0.14190401,1.7000,false
V4T001878,346.849968,-33.765315,ELG,0.57602576,1.0000,false
V4T001879,359.919518,-24.500340,QSO,0.07965939,1.7000,false
V4T001880,48.993667,-42.012429,QSO,0.09899903,1.7000,false
V4T001881,350.665556,-39.400857,LRG,0.30241397,1.0000,true
V4T001882,355.125211,-38.696509,BGS,0.44038394,0.4500,false
V4T001883,348.553612,-22.093367,BGS,0.88679746,0.4500,false
V4T001884,32.565386,-47.828921,LRG,0.60355292,1.0000,false
V4T001885,334.673633,-27.305526,BGS,1.02173192,0.4500,false
V4T001886,342.731290,-25.644603,BGS,1.56447529,0.4500,false
V4T001887,350.153222,-24.801668,ELG,0.67060779,1.0000,false
V4T001888,352.989640,-41.339104,ELG,1.09563453,1.0000,false
V4T001889,345.282319,-27.305871,QSO,0.12944070,1.7000,false
V4T001890,344.375563,-27.083526,ELG,0.82667326,1.0000,false
V4T001891,32.332671,-48.490586,Star,3.12818112,0.3000,false
V4T001892,32.929623,-48.113678,LRG,0.26885149,1.0000,false
V4T001893,45.614949,-40.941773,ELG,0.41846468,1.0000,false
V4T001894,336.612470,-26.260538,LRG,0.45716004,1.0000,false
V4T001895,51.125660,-51.552443,BGS,1.07881803,0.4500,false
V4T001896,351.529992,-34.243192,Star,4.06699257,0.3000,false
V4T001897,48.621313,-42.200518,ELG,0.94712581,1.0000,false
V4T001898,30.374018,-43.492903,ELG,0.64487059,1.0000,false
V4T001899,346.672308,-35.610209,LRG,0.34857212,1.0000,false
V4T001900,335.998614,-34.721612,ELG,0.40793907,1.0000,false
V4T001901,39.666743,-43.749243,BGS,1.76553551,0.4500,true
V4T001902,30.088269,-56.523997,QSO,0.08522713,1.7000,false
V4T001903,27.640353,-44.325339,QSO,0.32263631,1.7000,false
V4T001904,354.893669,-17.419747,LRG,0.35051476,1.0000,false
V4T001905,23.977675,-56.105241,BGS,1.43684544,0.4500,false
V4T001906,32.105316,-50.765617,BGS,0.92837312,0.4500,false
V4T001907,45.728131,-56.884569,BGS,1.47862283,0.4500,true
V4T001908,345.207122,-16.348660,BGS,1.14387098,0.4500,false
V4T001909,37.314092,-34.523183,QSO,0.22658719,1.7000,false
V4T001910,340.978969,-16.952710,ELG,0.74509858,1.0000,false
V4T001911,351.496219,-15.014955,BGS,1.13484324,0.4500,false
V4T001912,43.675345,-51.605073,BGS,1.10835008,0.4500,false
V4T001913,48.884305,-42.971730,LRG,0.26872642,1.0000,false
V4T001914,23.194861,-41.290387,ELG,0.98217718,1.0000,false
V4T001915,345.388761,-24.304338,LRG,0.32147527,1.0000,false
V4T001916,45.972743,-47.883607,LRG,0.46144834,1.0000,false
V4T001917,43.948832,-53.778588,LRG,0.23434298,1.0000,false
V4T001918,351.049176,-30.384423,ELG,0.59233986,1.0000,true
V4T001919,353.649770,-34.789228,LRG,0.33500651,1.0000,false
V4T001920,27.409517,-44.915988,BGS,1.30089519,0.4500,false
V4T001921,25.242604,-55.230995,ELG,0.81375254,1.0000,false
V4T001922,46.415528,-52.294157,ELG,0.39927140,1.0000,false
V4T001923,340.770677,-37.048738,LRG,0.26553052,1.0000,false
V4T001924,21.409174,-54.316124,ELG,0.54118680,1.0000,false
V4T001925,344.869831,-27.467572,ELG,0.49178162,1.0000,false
V4T001926,27.712905,-37.044788,QSO,0.10794121,1.7000,false
V4T001927,39.466016,-36.278725,Star,2.38107163,0.3000,false
V4T001928,20.637416,-43.643163,LRG,0.55417280,1.0000,false
V4T001929,349.056046,-19.774534,LRG,0.46797322,1.0000,false
V4T001930,354.954491,-36.215738,BGS,1.29553268,0.4500,false
V4T001931,41.686921,-55.084454,ELG,1.01592298,1.0000,false
V4T001932,355.215282,-33.752791,QSO,0.34108757,1.7000,false
V4T001933,48.615964,-42.404009,BGS,0.98838802,0.4500,false
V4T001934,44.912042,-44.040040,BGS,2.09614811,0.4500,false
V4T001935,351.838767,-40.730352,LRG,0.36494017,1.0000,false
V4T001936,342.922018,-29.665278,LRG,0.39311788,1.0000,false
V4T001937,337.364368,-19.100133,ELG,0.53629337,1.0000,false
V4T001938,344.420877,-17.452429,ELG,0.70625779,1.0000,false
V4T001939,344.245728,-26.542319,Star,3.50501664,0.3000,false
V4T001940,355.512801,-26.961512,LRG,0.25699334,1.0000,false
V4T001941,1.904880,-31.712361,ELG,0.97707409,1.0000,false
V4T001942,345.860816,-35.347206,LRG,0.30325745,1.0000,false
V4T001943,28.523536,-38.889930,LRG,0.31756383,1.0000,false
V4T001944,333.265523,-34.358719,QSO,0.18708512,1.7000,false
V4T001945,351.443850,-33.295939,ELG,0.55548152,1.0000,false
V4T001946,359.889537,-30.488781,LRG,0.36289193,1.0000,false
V4T001947,346.209838,-34.518965,QSO,0.17748676,1.7000,false
V4T001948,349.212925,-40.840957,QSO,0.06038205,1.7000,false
V4T001949,36.231064,-56.846794,Star,4.73449022,0.3000,false
V4T001950,351.335289,-40.224333,ELG,0.61564446,1.0000,false
V4T001951,355.790363,-24.712735,BGS,0.63467130,0.4500,false
V4T001952,346.697677,-33.837982,Star,5.30121922,0.3000,false
V4T001953,352.069556,-23.580290,QSO,0.38829772,1.7000,false
V4T001954,40.133010,-42.062709,LRG,0.21259508,1.0000,false
V4T001955,349.517444,-24.791311,BGS,1.94710867,0.4500,false
V4T001956,23.603154,-40.061100,ELG,0.92541780,1.0000,false
V4T001957,334.939223,-30.578220,LRG,0.55320183,1.0000,false
V4T001958,352.905959,-14.360309,QSO,0.13388273,1.7000,false
V4T001959,32.320207,-48.333729,LRG,0.37389486,1.0000,false
V4T001960,40.280087,-35.020794,BGS,1.18471696,0.4500,false
V4T001961,343.873142,-41.539481,BGS,1.57757801,0.4500,true
V4T001962,343.224887,-15.716178,ELG,0.57221452,1.0000,false
V4T001963,335.746293,-37.642047,ELG,0.43675866,1.0000,false
V4T001964,339.396084,-33.737123,ELG,0.86937456,1.0000,true
V4T001965,40.479286,-57.744138,QSO,0.18785724,1.7000,false
V4T001966,46.627229,-41.969006,LRG,0.34435741,1.0000,false
V4T001967,358.175703,-37.172740,LRG,0.34973271,1.0000,false
V4T001968,42.259592,-44.022344,ELG,0.72993381,1.0000,false
V4T001969,28.073462,-40.460865,LRG,0.33313719,1.0000,false
V4T001970,45.343289,-48.938815,LRG,0.55264486,1.0000,false
V4T001971,41.477851,-50.156635,BGS,1.01930050,0.4500,false
V4T001972,357.781867,-34.984150,ELG,0.78516403,1.0000,false
V4T001973,35.157641,-42.666655,ELG,0.57931424,1.0000,false
V4T001974,1.882841,-28.056004,ELG,0.62333253,1.0000,false
V4T001975,346.981575,-34.845344,ELG,0.49264765,1.0000,false
V4T001976,18.953564,-45.298794,ELG,0.49739299,1.0000,false
V4T001977,32.036872,-47.739564,BGS,2.01126440,0.4500,true
V4T001978,2.236530,-27.135430,LRG,0.27031104,1.0000,false
V4T001979,339.745983,-21.784574,LRG,0.52131963,1.0000,false
V4T001980,355.744927,-26.144298,ELG,1.36897853,1.0000,false
V4T001981,341.066108,-25.351110,BGS,0.84810109,0.4500,false
V4T001982,349.290117,-18.420284,Star,3.76402493,0.3000,false
V4T001983,344.176972,-22.270511,BGS,1.07117940,0.4500,false
V4T001984,351.782112,-24.270297,LRG,0.33518289,1.0000,false
V4T001985,359.223578,-20.875531,LRG,0.21561794,1.0000,false
V4T001986,357.813299,-36.362894,LRG,0.22922328,1.0000,false
V4T001987,345.045221,-40.437309,LRG,0.27570672,1.0000,false
V4T001988,49.139615,-40.957934,Star,3.52295638,0.3000,false
V4T001989,40.232653,-50.757053,LRG,0.40988210,1.0000,false
V4T001990,353.123618,-40.882826,QSO,0.17772748,1.7000,false
V4T001991,345.139180,-18.001967,QSO,0.18441330,1.7000,false
V4T001992,354.136976,-34.197291,ELG,0.57415257,1.0000,true
V4T001993,46.719815,-42.344065,Star,4.87193245,0.3000,false
V4T001994,333.611665,-29.947374,LRG,0.30117193,1.0000,false
V4T001995,22.337959,-55.644884,BGS,0.98744764,0.4500,false
V4T001996,48.191577,-42.468529,QSO,0.14723605,1.7000,false
V4T001997,339.895005,-24.490207,QSO,0.32721299,1.7000,false
V4T001998,359.185968,-32.206500,ELG,0.43337356,1.0000,false
V4T001999,48.720426,-42.821742,BGS,1.83042400,0.4500,true
V4T002000,352.551079,-18.553363,LRG,0.45579729,1.0000,false
V4T002001,18.453239,-45.656840,LRG,0.24604432,1.0000,false
V4T002002,38.594189,-37.103782,ELG,0.37852172,1.0000,false
V4T002003,344.980895,-36.156988,ELG,0.46364485,1.0000,false
V4T002004,339.860302,-17.127976,LRG,0.34637234,1.0000,false
V4T002005,34.340045,-57.323697,LRG,0.43388370,1.0000,false
V4T002006,37.621768,-52.720850,ELG,0.37533217,1.0000,false
V4T002007,346.317584,-24.227439,LRG,0.33029197,1.0000,false
V4T002008,340.351058,-41.444454,QSO,0.07421346,1.7000,false
V4T002009,21.350311,-44.432460,QSO,0.10417371,1.7000,false
V4T002010,49.491273,-49.102962,ELG,0.28585411,1.0000,false
V4T002011,352.969659,-17.149528,ELG,0.32006447,1.0000,false
V4T002012,343.708715,-22.774609,ELG,0.63026210,1.0000,false
V4T002013,343.313309,-29.951226,LRG,0.43542162,1.0000,false
V4T002014,341.682999,-16.327686,LRG,0.30208026,1.0000,false
V4T002015,37.533339,-48.593146,ELG,1.06968505,1.0000,false
V4T002016,339.795860,-16.263158,BGS,1.81673865,0.4500,false
V4T002017,40.444247,-46.845282,BGS,1.36094321,0.4500,false
V4T002018,345.597734,-35.199740,BGS,1.96627042,0.4500,false
V4T002019,345.156087,-26.987151,QSO,0.09868246,1.7000,false
V4T002020,356.704895,-35.940550,QSO,0.12094270,1.7000,false
V4T002021,344.964816,-26.811999,Star,3.83668542,0.3000,false
V4T002022,23.202593,-55.330981,ELG,0.68232042,1.0000,false
V4T002023,344.673873,-17.667201,LRG,0.48390829,1.0000,true
V4T002024,333.897604,-30.924306,BGS,1.34903476,0.4500,true
V4T002025,47.034534,-52.319366,ELG,0.68657281,1.0000,false
V4T002026,40.733324,-50.297149,LRG,0.35378867,1.0000,false
V4T002027,26.983904,-49.784899,ELG,0.83757333,1.0000,false
V4T002028,359.150002,-19.455976,LRG,0.39195578,1.0000,false
V4T002029,28.618795,-53.719925,BGS,1.99975928,0.4500,false
V4T002030,354.594488,-21.857422,ELG,0.64297988,1.0000,false
V4T002031,33.361737,-47.549730,BGS,1.19976503,0.4500,false
V4T002032,342.694165,-22.343750,ELG,0.35281760,1.0000,false
V4T002033,344.933198,-39.347413,BGS,1.25516013,0.4500,false
V4T002034,21.699736,-51.953534,Star,3.78981299,0.3000,false
V4T002035,45.635507,-38.840136,ELG,0.75610864,1.0000,false
V4T002036,342.377929,-23.328759,BGS,1.72078589,0.4500,false
V4T002037,342.200893,-29.868531,BGS,1.56204658,0.4500,false
V4T002038,354.829203,-35.635958,LRG,0.37278686,1.0000,false
V4T002039,352.528321,-36.300012,BGS,1.19582300,0.4500,true
V4T002040,2.324069,-29.788106,ELG,0.48201158,1.0000,false
V4T002041,342.918390,-22.045410,ELG,0.79027477,1.0000,false
V4T002042,348.209153,-24.346283,BGS,0.92486040,0.4500,false
V4T002043,344.076364,-27.754520,LRG,0.41668860,1.0000,false
V4T002044,48.623513,-40.791629,ELG,0.75766929,1.0000,false
V4T002045,30.151459,-43.332653,BGS,1.75852854,0.4500,false
V4T002046,46.296974,-40.638518,LRG,0.56118602,1.0000,false
V4T002047,19.557289,-41.699851,LRG,0.20979862,1.0000,false
V4T002048,44.884066,-50.737477,ELG,0.41342524,1.0000,true
V4T002049,30.444871,-40.117811,BGS,1.18909148,0.4500,false
V4T002050,343.862466,-26.582905,ELG,0.68937142,1.0000,false
V4T002051,40.784452,-50.601672,QSO,0.10451653,1.7000,false
V4T002052,46.268603,-38.381298,BGS,1.18116110,0.4500,false
V4T002053,344.058369,-42.281686,BGS,1.56138423,0.4500,false
V4T002054,48.051320,-50.910081,ELG,0.59173030,1.0000,false
V4T002055,46.855344,-38.469576,BGS,1.05684610,0.4500,false
V4T002056,344.056835,-26.506464,BGS,1.61123258,0.4500,false
V4T002057,35.062779,-39.076341,ELG,0.88022491,1.0000,true
V4T002058,31.508215,-48.281841,LRG,0.24587926,1.0000,false
V4T002059,37.599999,-49.658089,Star,4.40374911,0.3000,false
V4T002060,348.642343,-25.538828,ELG,0.79000949,1.0000,false
V4T002061,336.518089,-20.233933,LRG,0.45595081,1.0000,false
V4T002062,0.529519,-27.036189,QSO,0.22499980,1.7000,false
V4T002063,24.712302,-56.365508,ELG,0.46637822,1.0000,false
V4T002064,37.453220,-38.801642,LRG,0.59305873,1.0000,false
V4T002065,25.575311,-41.680811,ELG,0.24756396,1.0000,false
V4T002066,338.757610,-32.181265,LRG,0.35167088,1.0000,false
V4T002067,348.652234,-29.190832,BGS,1.40022818,0.4500,false
V4T002068,20.848759,-48.132635,ELG,0.73466690,1.0000,false
V4T002069,348.986539,-15.521777,BGS,1.28609722,0.4500,false
V4T002070,342.834493,-30.654031,BGS,1.84784474,0.4500,false
V4T002071,341.310577,-25.242517,LRG,0.48773036,1.0000,false
V4T002072,341.066595,-24.205767,Star,6.08197431,0.3000,false
V4T002073,353.843141,-14.880145,LRG,0.48381261,1.0000,false
V4T002074,46.235839,-53.934702,QSO,0.12694745,1.7000,false
V4T002075,20.689431,-44.720744,BGS,1.10315030,0.4500,false
V4T002076,353.176667,-19.066653,LRG,0.39565533,1.0000,false
V4T002077,31.906834,-45.020971,BGS,1.20465529,0.4500,true
V4T002078,346.833540,-35.924104,ELG,0.59412200,1.0000,false
V4T002079,1.337825,-23.035979,Star,2.97311587,0.3000,false
V4T002080,345.194013,-28.415717,QSO,0.23014957,1.7000,false
V4T002081,344.874102,-17.820242,LRG,0.29156160,1.0000,false
V4T002082,351.147000,-25.527907,LRG,0.25245799,1.0000,false
V4T002083,32.426596,-48.431078,ELG,1.49585490,1.0000,false
V4T002084,34.963099,-42.031095,LRG,0.21820460,1.0000,false
V4T002085,350.922555,-16.128989,BGS,1.84565326,0.4500,false
V4T002086,345.756099,-36.277542,LRG,0.30881239,1.0000,false
V4T002087,32.453331,-55.593955,ELG,0.80253879,1.0000,false
V4T002088,24.323775,-47.088893,ELG,0.39741837,1.0000,false
V4T002089,347.511973,-20.405693,ELG,0.74148869,1.0000,false
V4T002090,35.848368,-54.371602,BGS,1.61861300,0.4500,false
V4T002091,345.676391,-16.056500,LRG,0.30696321,1.0000,false
V4T002092,46.491222,-54.913044,QSO,0.25014561,1.7000,false
V4T002093,356.371000,-15.578154,LRG,0.18212008,1.0000,false
V4T002094,45.103603,-41.737808,Star,4.91146673,0.3000,false
V4T002095,21.758235,-54.706214,ELG,0.43543620,1.0000,false
V4T002096,20.724106,-51.909422,Star,4.39824043,0.3000,false
V4T002097,47.910789,-47.465951,ELG,0.28563762,1.0000,false
V4T002098,337.051309,-38.850022,QSO,0.07946542,1.7000,false
V4T002099,350.494163,-34.032458,LRG,0.34705907,1.0000,false
V4T002100,347.373480,-21.931294,Star,6.14402499,0.3000,false
V4T002101,335.825853,-25.707387,BGS,2.14545589,0.4500,false
V4T002102,358.341815,-22.441784,ELG,0.56639944,1.0000,false
V4T002103,0.411148,-22.330241,BGS,1.26993674,0.4500,false
V4T002104,45.595137,-52.386350,BGS,1.03354814,0.4500,false
V4T002105,354.245428,-21.927653,QSO,0.22535325,1.7000,false
V4T002106,340.588567,-16.022897,LRG,0.46923162,1.0000,false
V4T002107,34.645096,-48.079496,LRG,0.33143659,1.0000,false
V4T002108,343.142314,-30.720198,ELG,0.82538750,1.0000,false
V4T002109,345.573919,-18.128106,ELG,0.48015953,1.0000,false
V4T002110,28.256344,-36.749114,LRG,0.45532226,1.0000,false
V4T002111,345.953628,-34.549550,ELG,0.58595845,1.0000,true
V4T002112,22.420916,-41.819566,BGS,1.20895910,0.4500,true
V4T002113,46.667681,-51.212243,ELG,0.50173907,1.0000,false
V4T002114,44.126861,-49.169708,ELG,0.50392815,1.0000,false
V4T002115,24.615173,-45.068005,LRG,0.56853007,1.0000,false
V4T002116,21.481444,-56.432972,BGS,1.00664825,0.4500,false
V4T002117,47.654974,-46.405538,ELG,0.69847011,1.0000,false
V4T002118,354.218553,-36.034375,ELG,0.61734727,1.0000,false
V4T002119,355.319157,-36.338540,LRG,0.33290347,1.0000,false
V4T002120,347.322252,-34.186625,BGS,2.40241947,0.4500,false
V4T002121,35.924507,-39.851022,BGS,1.09854094,0.4500,false
V4T002122,344.515633,-16.946802,BGS,1.83896233,0.4500,true
V4T002123,344.366958,-27.659554,BGS,1.17324434,0.4500,false
V4T002124,353.113894,-35.897561,LRG,0.41011847,1.0000,false
V4T002125,46.664045,-48.973452,BGS,2.27725437,0.4500,false
V4T002126,342.329146,-19.142873,BGS,0.97183748,0.4500,false
V4T002127,350.779508,-36.727413,Star,3.46320623,0.3000,false
V4T002128,332.501369,-29.274495,LRG,0.29945139,1.0000,false
V4T002129,350.961060,-33.490515,ELG,1.16353806,1.0000,false
V4T002130,52.242736,-53.935626,Star,4.08334619,0.3000,false
V4T002131,23.927121,-47.326449,ELG,0.70130358,1.0000,false
V4T002132,358.117746,-17.012457,Star,3.41314332,0.3000,false
V4T002133,354.224051,-36.252948,ELG,0.70934087,1.0000,false
V4T002134,355.310235,-25.422269,LRG,0.34233960,1.0000,false
V4T002135,352.494681,-24.191243,BGS,1.11683981,0.4500,false
V4T002136,19.267833,-43.702193,Star,2.64490620,0.3000,false
V4T002137,45.586836,-45.935370,ELG,0.40738050,1.0000,false
V4T002138,334.229663,-36.487205,QSO,0.44193887,1.7000,false
V4T002139,27.533817,-37.864422,BGS,1.86475377,0.4500,false
V4T002140,23.909432,-43.914677,LRG,0.38506142,1.0000,false
V4T002141,357.568201,-24.762610,BGS,1.53141079,0.4500,false
V4T002142,26.103105,-42.350025,Star,3.98123490,0.3000,false
V4T002143,21.823169,-49.249071,ELG,0.49421924,1.0000,false
V4T002144,47.326531,-41.449369,LRG,0.34528650,1.0000,false
V4T002145,22.235387,-48.194460,Star,4.56782901,0.3000,true
V4T002146,40.761053,-50.265041,BGS,1.38204194,0.4500,false
V4T002147,339.835423,-41.133305,LRG,0.39698465,1.0000,true
V4T002148,44.740518,-49.044815,LRG,0.26392054,1.0000,false
V4T002149,345.771054,-36.090185,ELG,0.62445769,1.0000,false
V4T002150,351.064257,-25.111110,ELG,0.55326179,1.0000,false
V4T002151,35.467716,-40.896784,ELG,1.13892887,1.0000,false
V4T002152,335.225671,-31.245214,BGS,1.34964030,0.4500,false
V4T002153,46.099345,-41.014408,LRG,0.28010016,1.0000,false
V4T002154,344.902269,-17.253438,BGS,1.39108746,0.4500,false
V4T002155,354.832110,-38.344387,QSO,0.16805227,1.7000,false
V4T002156,346.977846,-35.446150,BGS,0.89829729,0.4500,false
V4T002157,26.846772,-43.687466,QSO,0.33591054,1.7000,false
V4T002158,34.031332,-43.327847,LRG,0.33021619,1.0000,false
V4T002159,33.280962,-48.445177,LRG,0.44148849,1.0000,false
V4T002160,345.418387,-42.665844,ELG,0.36516539,1.0000,false
V4T002161,32.975410,-46.436076,LRG,0.28533999,1.0000,false
V4T002162,39.919294,-40.002107,ELG,0.64819990,1.0000,false
V4T002163,352.378440,-17.817640,ELG,0.43595700,1.0000,false
V4T002164,345.149861,-25.152619,BGS,0.84489117,0.4500,false
V4T002165,41.218855,-41.292197,ELG,0.64819459,1.0000,false
V4T002166,46.723633,-42.583295,ELG,0.50637690,1.0000,false
V4T002167,27.426135,-42.252243,BGS,1.41820480,0.4500,false
V4T002168,34.939204,-48.865390,Star,3.65880923,0.3000,false
V4T002169,38.011547,-46.913498,LRG,0.58410646,1.0000,false
V4T002170,343.790070,-39.551916,BGS,0.51763364,0.4500,false
V4T002171,339.116017,-17.186955,BGS,0.63695486,0.4500,false
V4T002172,40.650788,-39.926400,BGS,1.08931209,0.4500,false
V4T002173,332.878495,-28.022850,ELG,0.49981310,1.0000,false
V4T002174,40.501904,-49.955281,LRG,0.36569505,1.0000,false
V4T002175,349.018846,-19.211646,QSO,0.16024423,1.7000,false
V4T002176,39.977884,-43.256344,ELG,0.35510074,1.0000,false
V4T002177,336.751931,-29.580294,ELG,0.92269054,1.0000,false
V4T002178,355.187497,-31.058034,LRG,0.36854781,1.0000,false
V4T002179,40.126292,-46.590460,ELG,0.92083166,1.0000,false
V4T002180,30.931834,-57.872038,QSO,0.06888716,1.7000,false
V4T002181,351.115053,-24.456623,ELG,0.87705268,1.0000,false
V4T002182,337.672211,-19.129071,ELG,0.51578947,1.0000,false
V4T002183,346.523870,-34.822829,ELG,0.53942945,1.0000,false
V4T002184,343.534154,-29.837538,LRG,0.27547786,1.0000,false
V4T002185,39.928301,-45.526790,ELG,0.30328574,1.0000,false
V4T002186,19.764156,-53.420299,ELG,0.58460101,1.0000,false
V4T002187,45.140150,-48.469440,ELG,0.61999964,1.0000,false
V4T002188,36.390833,-47.236207,ELG,0.78046057,1.0000,false
V4T002189,350.226624,-26.765759,ELG,0.47100642,1.0000,false
V4T002190,332.489877,-30.769502,LRG,0.39426237,1.0000,false
V4T002191,334.790118,-35.730464,ELG,0.51420763,1.0000,false
V4T002192,350.175770,-24.248710,QSO,0.24021409,1.7000,false
V4T002193,44.760814,-58.188041,ELG,0.47014172,1.0000,false
V4T002194,338.016130,-32.560061,Star,4.33115977,0.3000,false
V4T002195,333.217711,-26.803105,LRG,0.28356260,1.0000,false
V4T002196,347.413740,-36.312692,ELG,0.93708506,1.0000,false
V4T002197,37.172475,-50.470048,BGS,1.46174833,0.4500,false
V4T002198,345.170047,-17.317283,ELG,0.60722027,1.0000,false
V4T002199,351.775546,-23.589672,QSO,0.16300747,1.7000,false
V4T002200,40.965037,-50.041253,LRG,0.27879755,1.0000,false
V4T002201,39.860595,-51.458605,ELG,0.64597819,1.0000,false
V4T002202,341.126863,-32.180183,QSO,0.09762456,1.7000,false
V4T002203,344.243215,-16.940457,BGS,1.75196845,0.4500,false
V4T002204,30.455096,-54.276744,QSO,0.27087935,1.7000,false
V4T002205,39.530077,-43.978125,LRG,0.30011056,1.0000,false
V4T002206,24.090248,-38.052501,LRG,0.43710014,1.0000,false
V4T002207,32.258463,-48.181563,ELG,0.25590541,1.0000,false
V4T002208,346.806357,-35.224051,BGS,0.97700279,0.4500,false
V4T002209,333.444758,-33.118657,ELG,0.56867143,1.0000,false
V4T002210,33.274951,-35.084047,BGS,1.05182295,0.4500,false
V4T002211,18.723262,-44.803342,LRG,0.74591619,1.0000,false
V4T002212,17.998155,-47.720392,ELG,0.41706012,1.0000,false
V4T002213,345.932808,-18.802703,ELG,0.33071013,1.0000,false
V4T002214,347.367853,-16.103199,BGS,0.93469998,0.4500,false
V4T002215,33.556670,-57.549418,LRG,0.43565621,1.0000,false
V4T002216,38.044865,-48.494244,BGS,1.67971923,0.4500,false
V4T002217,50.080303,-47.015897,BGS,1.02085306,0.4500,false
V4T002218,332.674840,-28.425065,ELG,1.10572595,1.0000,false
V4T002219,340.549944,-32.873857,BGS,1.79535196,0.4500,false
V4T002220,344.526853,-38.970983,Star,2.39618489,0.3000,false
V4T002221,332.699432,-27.238322,Star,3.83562929,0.3000,false
V4T002222,343.876647,-17.372273,BGS,1.08647584,0.4500,false
V4T002223,353.490483,-14.567590,Star,7.32550608,0.3000,false
V4T002224,41.355499,-58.684941,LRG,0.41375826,1.0000,true
V4T002225,31.483274,-47.829558,ELG,0.45422728,1.0000,false
V4T002226,354.219092,-37.061102,ELG,0.99317980,1.0000,false
V4T002227,357.577815,-19.439592,ELG,0.82750060,1.0000,false
V4T002228,346.965678,-15.471735,Star,3.65994100,0.3000,false
V4T002229,342.014443,-25.040153,Star,3.56833845,0.3000,false
V4T002230,28.499915,-56.766256,Star,6.37439110,0.3000,false
V4T002231,41.237229,-47.494001,BGS,0.92633944,0.4500,true
V4T002232,352.309798,-19.010939,ELG,0.38679052,1.0000,false
V4T002233,40.741937,-59.041481,ELG,0.59607014,1.0000,false
V4T002234,334.217546,-35.963304,QSO,0.07500067,1.7000,false
V4T002235,347.279980,-33.275834,ELG,0.50377389,1.0000,false
V4T002236,30.657603,-49.884861,BGS,1.46503757,0.4500,false
V4T002237,47.573264,-45.242253,ELG,0.62376835,1.0000,false
V4T002238,36.360163,-35.236109,BGS,1.53209139,0.4500,false
V4T002239,342.931545,-31.328896,QSO,0.17111057,1.7000,false
V4T002240,34.186894,-36.397510,BGS,2.08616441,0.4500,false
V4T002241,39.154270,-52.410079,ELG,0.65370010,1.0000,false
V4T002242,350.540707,-34.429999,QSO,0.16925950,1.7000,false
V4T002243,30.305539,-44.413452,LRG,0.44929608,1.0000,false
V4T002244,345.307436,-18.116643,ELG,0.45164467,1.0000,false
V4T002245,359.621148,-33.504121,LRG,0.30222517,1.0000,false
V4T002246,40.553878,-49.972753,QSO,0.13008978,1.7000,false
V4T002247,350.586929,-24.890245,Star,3.87387970,0.3000,false
V4T002248,346.826610,-33.094200,BGS,1.85671361,0.4500,false
V4T002249,344.555270,-17.720877,QSO,0.29589004,1.7000,false
V4T002250,358.184320,-17.554233,BGS,1.84103618,0.4500,false
V4T002251,344.548596,-26.987833,BGS,0.93164081,0.4500,false
V4T002252,32.663600,-43.715707,LRG,0.39608843,1.0000,false
V4T002253,45.461046,-39.531514,Star,7.08029132,0.3000,false
V4T002254,49.272776,-42.686943,QSO,0.28357460,1.7000,false
V4T002255,347.362239,-36.767588,Star,2.50187213,0.3000,false
V4T002256,345.423436,-32.792345,QSO,0.42868124,1.7000,false
V4T002257,353.650183,-36.042345,Star,3.36448982,0.3000,false
V4T002258,15.954573,-46.928245,BGS,1.22708580,0.4500,false
V4T002259,16.278481,-48.019716,ELG,0.80043571,1.0000,false
V4T002260,35.239888,-34.576456,BGS,1.52230390,0.4500,false
V4T002261,351.149769,-30.722009,BGS,1.14180160,0.4500,false
V4T002262,345.918629,-32.078651,BGS,0.88162076,0.4500,false
V4T002263,31.240120,-48.876712,ELG,0.98564623,1.0000,false
V4T002264,41.039241,-58.805341,ELG,0.72816848,1.0000,false
V4T002265,35.851631,-46.648200,LRG,0.56322811,1.0000,false
V4T002266,29.854839,-43.756014,BGS,1.05455131,0.4500,false
V4T002267,344.015928,-26.052171,Star,4.44573658,0.3000,false
V4T002268,353.629783,-35.603818,BGS,0.98756277,0.4500,false
V4T002269,32.876379,-47.387151,ELG,0.50003740,1.0000,false
V4T002270,48.062495,-42.017460,BGS,1.58231855,0.4500,false
V4T002271,16.887764,-50.689984,BGS,1.36759370,0.4500,false
V4T002272,338.854128,-39.570773,Star,2.54377410,0.3000,false
V4T002273,351.287346,-25.002016,ELG,0.39531565,1.0000,false
V4T002274,345.278910,-29.157679,ELG,0.51319334,1.0000,false
V4T002275,339.336625,-34.183915,QSO,0.17769735,1.7000,true
V4T002276,342.577030,-29.976626,QSO,0.06852019,1.7000,false
V4T002277,354.444491,-37.273878,BGS,1.07150801,0.4500,false
V4T002278,341.892534,-16.419262,ELG,0.54895737,1.0000,false
V4T002279,354.390740,-30.127133,ELG,0.36333330,1.0000,false
V4T002280,349.844208,-41.913526,ELG,0.37292443,1.0000,false
V4T002281,47.935141,-53.037328,QSO,0.12740408,1.7000,false
V4T002282,32.411911,-42.406482,BGS,1.08508994,0.4500,false
V4T002283,348.131805,-15.016443,LRG,0.49453721,1.0000,false
V4T002284,346.606791,-33.935313,ELG,0.69197964,1.0000,false
V4T002285,0.758011,-32.661517,LRG,0.46683496,1.0000,false
V4T002286,22.884680,-46.711830,ELG,0.47956812,1.0000,false
V4T002287,353.478657,-14.161236,BGS,1.21572999,0.4500,false
V4T002288,343.492814,-41.859147,ELG,1.21743291,1.0000,false
V4T002289,345.936563,-35.284642,BGS,1.82900597,0.4500,false
V4T002290,351.131785,-25.212519,BGS,2.14670305,0.4500,false
V4T002291,358.059888,-22.936285,QSO,0.09775927,1.7000,false
V4T002292,342.606729,-14.841956,ELG,0.35191161,1.0000,false
V4T002293,24.583047,-55.518033,LRG,0.51273602,1.0000,false
V4T002294,345.449521,-16.433792,ELG,0.26438460,1.0000,true
V4T002295,33.174030,-47.635968,BGS,1.46031592,0.4500,false
V4T002296,339.264785,-20.648108,LRG,0.34391755,1.0000,false
V4T002297,46.000586,-42.964742,ELG,0.71896207,1.0000,false
V4T002298,333.836000,-26.428118,LRG,0.43708994,1.0000,false
V4T002299,49.401022,-42.518027,ELG,0.66406812,1.0000,false
V4T002300,28.056801,-48.925980,LRG,0.78196620,1.0000,false
V4T002301,353.791050,-27.155633,LRG,0.44673732,1.0000,false
V4T002302,351.744950,-24.238373,BGS,1.39659939,0.4500,false
V4T002303,345.609629,-36.512325,BGS,1.60071093,0.4500,false
V4T002304,345.436884,-24.070807,BGS,1.97325863,0.4500,false
V4T002305,36.890373,-45.239701,BGS,1.54315410,0.4500,false
V4T002306,344.173389,-29.674621,LRG,0.31598129,1.0000,false
V4T002307,340.282284,-40.681831,BGS,1.05921871,0.4500,false
V4T002308,15.626346,-49.531436,Star,4.12877277,0.3000,false
V4T002309,357.436845,-21.711766,ELG,1.02272058,1.0000,false
V4T002310,340.087292,-29.007299,BGS,1.38941236,0.4500,false
V4T002311,30.680686,-51.851974,ELG,0.32318403,1.0000,false
V4T002312,43.449062,-43.479210,QSO,0.10183134,1.7000,false
V4T002313,43.268903,-42.115344,QSO,0.25818908,1.7000,false
V4T002314,47.653412,-48.620352,Star,3.49219733,0.3000,false
V4T002315,32.605839,-48.237125,Star,3.55986399,0.3000,false
V4T002316,347.714221,-34.847769,BGS,0.73198038,0.4500,false
V4T002317,49.034695,-41.325520,ELG,0.62555747,1.0000,false
V4T002318,20.614170,-49.215815,ELG,0.45660276,1.0000,false
V4T002319,356.468345,-33.281935,LRG,0.37848274,1.0000,false
V4T002320,38.384022,-44.922598,ELG,0.52294923,1.0000,false
V4T002321,346.946397,-34.129756,ELG,1.29812897,1.0000,false
V4T002322,343.842421,-14.798022,ELG,0.47719971,1.0000,false
V4T002323,353.706440,-15.114484,BGS,1.25516108,0.4500,false
V4T002324,42.013068,-50.356847,QSO,0.32863150,1.7000,false
V4T002325,351.667572,-25.076495,Star,4.94486497,0.3000,false
V4T002326,48.217570,-44.494801,BGS,1.16291746,0.4500,false
V4T002327,40.842123,-58.381397,ELG,0.35439036,1.0000,false
V4T002328,344.874250,-28.186212,ELG,0.48375717,1.0000,false
V4T002329,332.717904,-31.184255,LRG,0.20121377,1.0000,false
V4T002330,37.759302,-53.462505,ELG,0.61961981,1.0000,false
V4T002331,344.359254,-18.044665,Star,3.09739113,0.3000,false
V4T002332,336.233999,-23.519903,LRG,0.23993617,1.0000,false
V4T002333,26.817657,-42.306036,LRG,0.50890815,1.0000,false
V4T002334,347.839630,-14.651270,BGS,2.42457618,0.4500,true
V4T002335,344.274563,-30.060609,LRG,0.29545643,1.0000,false
V4T002336,350.797248,-30.834041,Star,4.32854652,0.3000,false
V4T002337,37.554744,-41.989424,QSO,0.22803741,1.7000,false
V4T002338,31.680548,-48.160781,ELG,0.41614442,1.0000,false
V4T002339,359.926292,-22.717281,LRG,0.26846450,1.0000,false
V4T002340,358.034340,-36.677003,QSO,0.18547350,1.7000,false
V4T002341,34.399892,-56.136716,LRG,0.62952124,1.0000,false
V4T002342,341.642555,-40.247645,LRG,0.46136535,1.0000,false
V4T002343,344.720796,-18.197627,BGS,1.17039185,0.4500,false
V4T002344,21.886379,-55.084489,BGS,1.31845469,0.4500,false
V4T002345,35.217261,-38.502701,ELG,0.41275312,1.0000,false
V4T002346,349.998296,-27.928006,QSO,0.05773092,1.7000,false
V4T002347,346.608231,-35.996099,BGS,1.03167244,0.4500,false
V4T002348,334.309012,-25.589948,BGS,1.40431591,0.4500,false
V4T002349,345.439063,-35.637968,ELG,0.71482950,1.0000,false
V4T002350,38.498334,-59.473604,BGS,1.38667060,0.4500,false
V4T002351,336.139008,-27.393437,LRG,0.44933324,1.0000,false
V4T002352,350.189636,-39.194065,BGS,1.03187782,0.4500,false
V4T002353,45.357744,-40.895105,ELG,0.89664025,1.0000,false
V4T002354,17.991453,-54.212229,LRG,0.68183232,1.0000,false
V4T002355,343.778092,-17.930303,BGS,1.16997196,0.4500,false
V4T002356,45.922083,-53.983302,BGS,1.74324877,0.4500,false
V4T002357,357.290893,-29.530095,BGS,1.70535459,0.4500,false
V4T002358,349.089440,-19.287726,QSO,0.18899775,1.7000,false
V4T002359,336.366750,-37.357249,BGS,1.70278679,0.4500,false
V4T002360,339.153845,-32.313467,LRG,0.34974807,1.0000,false
V4T002361,353.278488,-15.420542,Star,2.99991401,0.3000,false
V4T002362,47.636832,-45.677545,LRG,0.55738528,1.0000,false
V4T002363,29.307345,-46.568163,BGS,1.31555533,0.4500,false
V4T002364,351.287033,-23.687010,ELG,0.38884864,1.0000,false
V4T002365,345.033149,-22.839002,Star,2.92460534,0.3000,false
V4T002366,344.957426,-27.998646,LRG,0.30127284,1.0000,false
V4T002367,346.258214,-34.934744,BGS,0.81966885,0.4500,false
V4T002368,359.273910,-24.592558,ELG,0.53231056,1.0000,false
V4T002369,32.021408,-50.033799,QSO,0.19733670,1.7000,false
V4T002370,336.312786,-28.290675,LRG,0.43119842,1.0000,false
V4T002371,28.247696,-50.343891,QSO,0.42021615,1.7000,false
V4T002372,354.757507,-17.719077,BGS,1.63142995,0.4500,false
V4T002373,39.409786,-50.561491,ELG,0.37758896,1.0000,false
V4T002374,0.763649,-26.036708,QSO,0.12491078,1.7000,false
V4T002375,48.554140,-53.166155,ELG,0.47062140,1.0000,false
V4T002376,339.311879,-16.671369,LRG,0.50916120,1.0000,false
V4T002377,342.728336,-36.867492,ELG,0.36539440,1.0000,false
V4T002378,343.709898,-14.687282,ELG,0.46453560,1.0000,false
V4T002379,344.137284,-17.327434,LRG,0.35143530,1.0000,false
V4T002380,351.381170,-24.123989,LRG,0.38837596,1.0000,false
V4T002381,23.905999,-39.913238,QSO,0.45818652,1.7000,false
V4T002382,50.406390,-45.449534,QSO,0.15974833,1.7000,false
V4T002383,33.645555,-47.886589,LRG,0.40945548,1.0000,false
V4T002384,354.860660,-35.892084,Star,4.63520273,0.3000,false
V4T002385,47.908185,-41.539182,BGS,1.87148776,0.4500,false
V4T002386,33.558165,-56.613835,QSO,0.15938855,1.7000,false
V4T002387,352.916108,-35.774142,BGS,0.74733033,0.4500,false
V4T002388,346.614687,-18.516373,ELG,0.53887984,1.0000,false
V4T002389,36.871875,-54.964185,LRG,0.24959779,1.0000,false
V4T002390,346.807428,-34.606648,ELG,0.60879770,1.0000,false
V4T002391,43.445117,-40.263670,LRG,0.35735801,1.0000,false
V4T002392,340.493364,-21.275123,ELG,0.95481711,1.0000,false
V4T002393,42.968452,-56.396799,ELG,0.28932973,1.0000,false
V4T002394,43.252187,-36.556402,BGS,1.85429740,0.4500,false
V4T002395,53.258162,-50.471207,ELG,0.37262707,1.0000,false
V4T002396,347.282908,-32.303645,LRG,0.33133711,1.0000,false
V4T002397,334.707779,-33.722110,QSO,0.35323534,1.7000,false
V4T002398,347.917226,-21.665070,BGS,0.93205848,0.4500,false
V4T002399,49.055750,-41.740138,LRG,0.18281502,1.0000,false
V4T002400,353.563406,-22.499212,LRG,0.39349380,1.0000,false
V4T002401,351.509669,-30.404923,BGS,0.98408672,0.4500,false
V4T002402,33.495833,-49.920920,ELG,0.64350767,1.0000,false
V4T002403,345.836274,-17.586003,Star,3.51310732,0.3000,false
V4T002404,342.085449,-25.521736,Star,3.41993522,0.3000,false
V4T002405,339.707060,-38.967814,LRG,0.29395864,1.0000,false
V4T002406,342.957358,-27.964366,ELG,0.52573774,1.0000,false
V4T002407,44.346244,-48.907840,ELG,0.64990217,1.0000,true
V4T002408,334.552988,-31.899452,ELG,0.69033461,1.0000,false
V4T002409,345.168370,-35.675519,BGS,1.88149501,0.4500,false
V4T002410,36.838134,-57.488732,ELG,0.64440415,1.0000,false
V4T002411,355.232590,-22.869946,BGS,2.23070234,0.4500,false
V4T002412,33.537178,-48.942747,Star,3.33775283,0.3000,false
V4T002413,22.394857,-42.852207,Star,4.46581921,0.3000,false
V4T002414,35.096396,-35.575061,ELG,0.59120002,1.0000,false
V4T002415,31.269517,-48.278726,ELG,0.57124974,1.0000,false
V4T002416,35.479790,-37.435327,BGS,1.15736709,0.4500,false
V4T002417,40.801535,-38.799358,BGS,1.53777372,0.4500,false
V4T002418,33.178947,-48.167218,QSO,0.08769471,1.7000,false
V4T002419,343.897863,-15.198159,LRG,0.38945968,1.0000,false
V4T002420,47.920377,-41.793905,ELG,0.51310154,1.0000,true
V4T002421,341.857787,-21.531244,QSO,0.49650609,1.7000,false
V4T002422,343.900983,-29.423877,LRG,0.16600566,1.0000,false
V4T002423,339.603278,-18.280148,QSO,0.19470679,1.7000,false
V4T002424,37.087418,-40.951690,Star,2.44244084,0.3000,false
V4T002425,341.454520,-40.878167,QSO,0.57291562,1.7000,false
V4T002426,340.888666,-40.534943,BGS,1.55446595,0.4500,false
V4T002427,343.576642,-26.582184,BGS,1.52097714,0.4500,false
V4T002428,344.565581,-18.067549,ELG,0.51515911,1.0000,false
V4T002429,353.505752,-25.304620,QSO,0.07198031,1.7000,true
V4T002430,34.484766,-58.716261,QSO,0.20195186,1.7000,false
V4T002431,353.146232,-19.355651,LRG,0.59922158,1.0000,false
V4T002432,20.755774,-44.545397,LRG,0.43393940,1.0000,false
V4T002433,21.448323,-54.569943,BGS,2.38657299,0.4500,false
V4T002434,52.021925,-48.504154,ELG,0.77169661,1.0000,false
V4T002435,31.693895,-48.616809,ELG,0.49489346,1.0000,false
V4T002436,47.269659,-43.530675,ELG,0.75167012,1.0000,false
V4T002437,40.931691,-50.113782,Star,2.69654240,0.3000,false
V4T002438,29.253244,-51.433518,ELG,0.54098423,1.0000,false
V4T002439,342.204932,-32.346602,ELG,0.74083384,1.0000,false
V4T002440,352.230786,-22.189974,ELG,0.51952853,1.0000,false
V4T002441,334.391566,-26.441171,BGS,2.05200221,0.4500,false
V4T002442,342.887667,-23.355338,Star,4.96354256,0.3000,false
V4T002443,41.735882,-56.985344,QSO,0.35121375,1.7000,false
V4T002444,32.756763,-45.797385,ELG,0.34013012,1.0000,false
V4T002445,341.048515,-17.281984,Star,2.59950772,0.3000,false
V4T002446,40.244084,-46.028564,ELG,0.36192713,1.0000,false
V4T002447,34.604847,-48.766804,QSO,0.29894994,1.7000,false
V4T002448,48.552229,-42.541072,BGS,1.13257220,0.4500,false
V4T002449,49.436970,-42.250553,ELG,0.48477572,1.0000,false
V4T002450,338.650201,-32.888848,BGS,0.84808091,0.4500,false
V4T002451,25.320031,-55.856948,QSO,0.23560035,1.7000,false
V4T002452,28.398503,-42.705656,ELG,0.58187349,1.0000,false
V4T002453,24.549896,-45.602653,BGS,1.06259668,0.4500,false
V4T002454,345.694970,-35.318223,QSO,0.27202195,1.7000,false
V4T002455,340.023501,-24.892368,ELG,0.84848122,1.0000,false
V4T002456,22.710926,-43.494284,Star,3.27030896,0.3000,false
V4T002457,353.651413,-35.661386,ELG,0.64541370,1.0000,false
V4T002458,356.858815,-31.949488,ELG,0.34012210,1.0000,false
V4T002459,30.024202,-35.693895,QSO,0.15307407,1.7000,false
V4T002460,358.703328,-19.353944,BGS,1.45508008,0.4500,false
V4T002461,344.633755,-35.942787,ELG,0.47900060,1.0000,false
V4T002462,344.663355,-26.850642,ELG,0.83831086,1.0000,false
V4T002463,41.353133,-49.897897,BGS,1.17879415,0.4500,false
V4T002464,47.255470,-46.902456,ELG,0.54303147,1.0000,false
V4T002465,356.756726,-38.937492,QSO,0.12305918,1.7000,false
V4T002466,340.772964,-36.296791,Star,3.06941321,0.3000,false
V4T002467,343.802629,-16.271597,ELG,0.38078576,1.0000,false
V4T002468,347.506308,-26.751902,BGS,2.00461706,0.4500,false
V4T002469,341.343349,-38.502778,ELG,0.40840128,1.0000,false
V4T002470,348.580939,-13.950637,Star,5.34824541,0.3000,false
V4T002471,342.403714,-29.572274,BGS,1.09158942,0.4500,false
V4T002472,337.398473,-25.953060,BGS,2.52000609,0.4500,false
V4T002473,24.058109,-39.297776,BGS,0.82476437,0.4500,false
V4T002474,353.710784,-35.724240,ELG,0.66944427,1.0000,false
V4T002475,41.063440,-50.012414,Star,3.77556226,0.3000,false
V4T002476,353.221956,-40.861768,LRG,0.37021834,1.0000,false
V4T002477,21.497714,-50.216074,QSO,0.21660124,1.7000,false
V4T002478,40.373710,-39.312287,ELG,1.58032073,1.0000,false
V4T002479,40.664462,-50.119797,LRG,0.36346821,1.0000,false
V4T002480,344.395061,-30.928663,LRG,0.32274498,1.0000,false
V4T002481,29.520889,-52.572336,LRG,0.27032076,1.0000,false
V4T002482,345.468002,-36.047864,ELG,0.22120849,1.0000,false
V4T002483,346.309287,-24.024729,QSO,0.15944929,1.7000,false
V4T002484,348.275835,-39.823675,ELG,1.21088751,1.0000,false
V4T002485,334.264286,-23.795405,ELG,0.64579491,1.0000,false
V4T002486,353.801065,-34.235748,LRG,0.37674272,1.0000,false
V4T002487,24.316317,-46.754785,LRG,0.30949779,1.0000,false
V4T002488,346.784745,-28.611606,LRG,0.34483692,1.0000,false
V4T002489,358.799505,-28.297125,ELG,0.53743706,1.0000,false
V4T002490,41.837485,-50.001464,QSO,0.23021579,1.7000,false
V4T002491,338.327019,-21.703080,BGS,2.12788159,0.4500,false
V4T002492,347.790723,-18.924732,Star,2.68372967,0.3000,false
V4T002493,44.364956,-42.172407,BGS,1.38791103,0.4500,false
V4T002494,342.154840,-36.058602,BGS,1.31875667,0.4500,false
V4T002495,27.151418,-51.025638,BGS,1.61121038,0.4500,false
V4T002496,357.938527,-23.460982,BGS,1.43346203,0.4500,false
V4T002497,349.938996,-24.634327,LRG,0.30152466,1.0000,false
V4T002498,29.878820,-47.989071,ELG,0.60561754,1.0000,false
V4T002499,47.647658,-41.674075,ELG,0.40022715,1.0000,false
V4T002500,346.539298,-34.570774,ELG,0.73998510,1.0000,false
V4T002501,18.645087,-48.651849,ELG,0.71256926,1.0000,false
V4T002502,343.750809,-30.459330,ELG,0.41480196,1.0000,false
V4T002503,45.856387,-44.890084,BGS,1.71309714,0.4500,false
V4T002504,353.628028,-36.092313,QSO,0.52060505,1.7000,false
V4T002505,353.947060,-36.018657,LRG,0.47635429,1.0000,false
V4T002506,340.373738,-25.514955,ELG,0.93166657,1.0000,false
V4T002507,350.185904,-18.450325,ELG,0.26514262,1.0000,false
V4T002508,18.725979,-48.303075,ELG,0.54824940,1.0000,false
V4T002509,32.260027,-49.343774,BGS,1.06626249,0.4500,false
V4T002510,47.580908,-42.448131,QSO,0.07883422,1.7000,false
V4T002511,18.387858,-50.991980,Star,5.42482629,0.3000,true
V4T002512,344.983416,-17.491817,ELG,0.85546117,1.0000,false
V4T002513,22.607723,-40.316392,ELG,0.30246155,1.0000,false
V4T002514,354.674066,-24.863869,ELG,0.34777694,1.0000,false
V4T002515,345.947071,-38.673326,ELG,0.43156733,1.0000,false
V4T002516,345.662856,-35.852646,QSO,0.10480227,1.7000,false
V4T002517,28.808758,-46.321362,ELG,0.49653305,1.0000,false
V4T002518,344.131685,-33.770308,BGS,1.78551540,0.4500,false
V4T002519,19.092363,-51.267881,Star,3.08974916,0.3000,false
V4T002520,26.236467,-47.805491,QSO,0.12303775,1.7000,false
V4T002521,356.168527,-31.380406,BGS,1.27161724,0.4500,false
V4T002522,24.980745,-52.477689,ELG,0.53350718,1.0000,false
V4T002523,344.111129,-30.041624,ELG,1.13630540,1.0000,false
V4T002524,344.621869,-16.876167,LRG,0.26655308,1.0000,false
V4T002525,46.367676,-53.499090,ELG,0.43561399,1.0000,false
V4T002526,35.127428,-36.837553,BGS,1.16247702,0.4500,false
V4T002527,24.988749,-41.363526,QSO,0.12779752,1.7000,false
V4T002528,2.250724,-27.387927,LRG,0.41522133,1.0000,false
V4T002529,21.176171,-56.261790,BGS,1.27842173,0.4500,false
V4T002530,345.627220,-34.843145,LRG,0.43414990,1.0000,false
V4T002531,28.254372,-56.398298,BGS,0.94645427,0.4500,false
V4T002532,340.348752,-19.448964,BGS,0.90884401,0.4500,false
V4T002533,47.271095,-46.147803,ELG,0.51298739,1.0000,false
V4T002534,39.144235,-58.521144,ELG,0.91189110,1.0000,false
V4T002535,29.219565,-57.308306,LRG,0.41626058,1.0000,false
V4T002536,352.862900,-39.103643,BGS,1.52403756,0.4500,false
V4T002537,33.096816,-54.774963,BGS,0.84623730,0.4500,false
V4T002538,39.008838,-35.506142,ELG,0.56734875,1.0000,false
V4T002539,28.290034,-50.899750,LRG,0.55387448,1.0000,false
V4T002540,339.921454,-29.182079,QSO,0.23897140,1.7000,false
V4T002541,33.220146,-39.747118,ELG,0.30496102,1.0000,false
V4T002542,346.830759,-19.773256,LRG,0.34080418,1.0000,false
V4T002543,45.049308,-37.807036,QSO,0.15063625,1.7000,false
V4T002544,0.203351,-28.853293,LRG,0.29268680,1.0000,false
V4T002545,31.995899,-46.537430,ELG,0.41437817,1.0000,false
V4T002546,17.351926,-43.748967,ELG,0.87544010,1.0000,false
V4T002547,347.359752,-22.758878,BGS,1.49465780,0.4500,false
V4T002548,42.082653,-44.382287,BGS,1.10826275,0.4500,false
V4T002549,340.045068,-40.946957,BGS,1.51677360,0.4500,false
V4T002550,343.957757,-17.989496,ELG,0.46090033,1.0000,false
V4T002551,350.905773,-31.091459,ELG,0.45030562,1.0000,false
V4T002552,47.194750,-47.957459,BGS,0.60669433,0.4500,false
V4T002553,335.431127,-25.682716,ELG,0.55468993,1.0000,false
V4T002554,355.417944,-30.664186,QSO,0.26094824,1.7000,false
V4T002555,17.167448,-48.956858,ELG,0.47065026,1.0000,false
V4T002556,47.151608,-52.428274,Star,3.52140779,0.3000,false
V4T002557,24.663197,-55.885354,LRG,0.40832787,1.0000,false
V4T002558,40.717552,-50.088085,ELG,0.74146726,1.0000,false
V4T002559,349.576790,-16.671742,ELG,0.35279499,1.0000,false
V4T002560,344.710903,-17.620047,LRG,0.24481675,1.0000,false
V4T002561,342.660375,-27.893924,ELG,0.38736269,1.0000,false
V4T002562,22.369508,-40.003002,ELG,0.42461382,1.0000,false
V4T002563,335.552907,-23.432522,ELG,0.48397104,1.0000,false
V4T002564,351.748591,-27.102133,QSO,0.15326317,1.7000,false
V4T002565,338.792146,-22.824601,LRG,0.38658351,1.0000,true
V4T002566,336.400786,-26.122923,Star,3.75520577,0.3000,false
V4T002567,356.626102,-19.502522,BGS,2.10531596,0.4500,false
V4T002568,339.348195,-34.488876,LRG,0.31856348,1.0000,false
V4T002569,49.416447,-43.630483,ELG,0.28464678,1.0000,false
V4T002570,346.051559,-35.476801,ELG,0.28226754,1.0000,false
V4T002571,50.252059,-55.242790,BGS,1.39692269,0.4500,false
V4T002572,337.963170,-22.242400,BGS,0.93898470,0.4500,false
V4T002573,355.392384,-20.219197,LRG,0.52039539,1.0000,false
V4T002574,45.839873,-45.238225,ELG,1.13862629,1.0000,false
V4T002575,36.657943,-42.565532,Star,4.25220463,0.3000,false
V4T002576,33.136287,-48.044031,BGS,2.24630352,0.4500,false
V4T002577,356.514896,-21.735891,LRG,0.65365537,1.0000,false
V4T002578,44.351509,-53.759865,ELG,0.28852616,1.0000,false
V4T002579,345.219841,-16.437120,ELG,0.53203154,1.0000,false
V4T002580,2.166365,-25.676549,QSO,0.09827712,1.7000,false
V4T002581,350.699972,-24.244024,ELG,0.52157395,1.0000,false
V4T002582,33.419338,-35.511793,ELG,0.45861305,1.0000,false
V4T002583,40.821566,-49.669016,ELG,0.58011596,1.0000,true
V4T002584,346.123642,-39.124942,ELG,0.77464819,1.0000,false
V4T002585,341.038736,-40.422282,LRG,0.21295573,1.0000,false
V4T002586,348.972496,-33.829354,Star,4.72733782,0.3000,false
V4T002587,343.596544,-41.709248,ELG,0.30116428,1.0000,false
V4T002588,346.649866,-32.024485,BGS,1.27869250,0.4500,false
V4T002589,340.374720,-41.189999,LRG,0.48631109,1.0000,false
V4T002590,46.805264,-41.453016,ELG,0.43776415,1.0000,false
V4T002591,343.702830,-31.969869,BGS,1.16827306,0.4500,false
V4T002592,355.265721,-24.865553,BGS,1.91344578,0.4500,false
V4T002593,41.219971,-54.433905,BGS,1.26649681,0.4500,false
V4T002594,342.443495,-37.922953,ELG,0.68394319,1.0000,false
V4T002595,344.084002,-27.750496,Star,3.03505114,0.3000,true
V4T002596,38.733212,-49.933261,ELG,0.48035411,1.0000,false
V4T002597,47.716230,-49.075865,ELG,0.42706890,1.0000,false
V4T002598,332.814004,-33.315329,ELG,0.48984009,1.0000,false
V4T002599,352.165097,-24.350023,ELG,0.44796873,1.0000,false
V4T002600,347.173466,-29.581231,ELG,0.35254611,1.0000,false
V4T002601,41.147857,-50.418617,LRG,0.34863799,1.0000,false
V4T002602,2.059387,-26.684803,LRG,0.27732332,1.0000,false
V4T002603,343.087527,-34.828505,ELG,1.00486468,1.0000,false
V4T002604,348.999676,-31.602974,BGS,1.57196616,0.4500,false
V4T002605,18.818306,-43.191201,QSO,0.13862074,1.7000,false
V4T002606,353.802050,-15.814055,ELG,0.53187177,1.0000,false
V4T002607,47.263438,-40.616451,Star,2.93471643,0.3000,false
V4T002608,352.718269,-31.786556,ELG,0.58121260,1.0000,false
V4T002609,344.134392,-20.653536,ELG,0.32448218,1.0000,false
V4T002610,345.476228,-35.235457,BGS,1.44474322,0.4500,false
V4T002611,22.530417,-56.599030,LRG,0.19495538,1.0000,false
V4T002612,24.904242,-39.331267,ELG,0.54265122,1.0000,false
V4T002613,346.481268,-36.143111,QSO,0.14771955,1.7000,false
V4T002614,41.831091,-46.305978,ELG,0.58264478,1.0000,true
V4T002615,333.732944,-31.278512,ELG,0.47135848,1.0000,false
V4T002616,342.803433,-30.263192,BGS,1.25342090,0.4500,false
V4T002617,350.063033,-22.143407,ELG,0.47458830,1.0000,false
V4T002618,33.033160,-47.659758,BGS,1.01072043,0.4500,false
V4T002619,353.391826,-35.267340,LRG,0.34545602,1.0000,false
V4T002620,49.225995,-46.759782,QSO,0.15866534,1.7000,false
V4T002621,40.805045,-59.252529,LRG,0.53624530,1.0000,false
V4T002622,345.602623,-35.160446,QSO,0.26822597,1.7000,false
V4T002623,341.720443,-21.423834,BGS,1.10649155,0.4500,false
V4T002624,342.976869,-29.993825,ELG,0.53052510,1.0000,false
V4T002625,31.431331,-38.030254,QSO,0.24275075,1.7000,false
V4T002626,346.013977,-17.714913,ELG,0.54808386,1.0000,false
V4T002627,332.987177,-33.634331,LRG,0.22100571,1.0000,false
V4T002628,39.876309,-51.237242,ELG,0.42595967,1.0000,false
V4T002629,342.102552,-29.990942,LRG,0.24818788,1.0000,false
V4T002630,33.884937,-48.638678,LRG,0.35569870,1.0000,false
V4T002631,352.685048,-24.785209,BGS,1.05227542,0.4500,false
V4T002632,344.234805,-27.659570,LRG,0.31721861,1.0000,false
V4T002633,46.926073,-44.958968,QSO,0.22096758,1.7000,false
V4T002634,340.775491,-19.739116,BGS,1.14497537,0.4500,false
V4T002635,354.936175,-15.197857,ELG,0.51944638,1.0000,false
V4T002636,336.307138,-26.440672,ELG,0.63231283,1.0000,false
V4T002637,346.365141,-19.495148,ELG,0.64430866,1.0000,false
V4T002638,346.686120,-41.779734,ELG,0.57735671,1.0000,false
V4T002639,351.665155,-27.566151,ELG,0.61018018,1.0000,false
V4T002640,349.191727,-41.152116,QSO,0.22864288,1.7000,false
V4T002641,334.075856,-28.869008,ELG,0.85110879,1.0000,false
V4T002642,40.672302,-58.255342,QSO,0.11654351,1.7000,false
V4T002643,28.050653,-46.136870,LRG,0.29252564,1.0000,false
V4T002644,353.278152,-35.923220,LRG,0.26724646,1.0000,false
V4T002645,47.373425,-39.775157,ELG,0.76814395,1.0000,false
V4T002646,48.888342,-41.630365,Star,3.52732158,0.3000,false
V4T002647,351.636525,-35.227519,LRG,0.43916466,1.0000,false
V4T002648,352.452296,-30.391670,BGS,0.93847844,0.4500,false
V4T002649,352.565721,-32.944895,LRG,0.19811557,1.0000,false
V4T002650,332.381218,-29.777811,ELG,0.89629691,1.0000,false
V4T002651,29.018088,-48.056540,BGS,0.97766855,0.4500,false
V4T002652,348.388485,-41.010072,ELG,0.35353717,1.0000,false
V4T002653,23.411974,-46.296897,ELG,0.74752293,1.0000,false
V4T002654,0.090512,-27.477606,QSO,0.52922195,1.7000,false
V4T002655,351.914814,-24.860680,BGS,1.43819236,0.4500,false
V4T002656,28.748525,-54.730697,QSO,0.37580174,1.7000,false
V4T002657,357.111387,-19.100003,BGS,1.54618795,0.4500,false
V4T002658,51.296889,-45.751786,LRG,0.34202789,1.0000,false
V4T002659,352.464482,-21.883041,ELG,0.55309497,1.0000,false
V4T002660,350.970472,-35.094401,ELG,0.67646980,1.0000,false
V4T002661,50.974296,-46.488646,ELG,1.22470384,1.0000,false
V4T002662,36.621892,-47.118957,BGS,1.73727212,0.4500,false
V4T002663,338.720221,-20.605813,LRG,0.39603133,1.0000,false
V4T002664,353.352671,-27.222688,Star,3.72561134,0.3000,false
V4T002665,47.127401,-45.713770,ELG,0.86089765,1.0000,false
V4T002666,343.827866,-34.871346,BGS,1.03800621,0.4500,false
V4T002667,344.555284,-27.713500,Star,3.85403064,0.3000,false
V4T002668,27.843714,-38.388454,ELG,0.59302211,1.0000,false
V4T002669,16.222301,-48.935880,ELG,0.55620904,1.0000,false
V4T002670,31.729681,-58.405054,BGS,0.62146883,0.4500,false
V4T002671,336.780114,-33.097175,Star,3.44836076,0.3000,false
V4T002672,32.374205,-48.762793,LRG,0.59131938,1.0000,false
V4T002673,43.039896,-49.816955,ELG,0.83844516,1.0000,false
V4T002674,354.051858,-20.248057,BGS,0.69834681,0.4500,false
V4T002675,26.091406,-52.475371,ELG,0.27673785,1.0000,true
V4T002676,0.773700,-20.836491,Star,3.85397687,0.3000,false
V4T002677,341.038718,-41.015987,ELG,0.66184878,1.0000,false
V4T002678,26.029116,-41.209903,BGS,1.68908239,0.4500,false
V4T002679,344.830626,-17.681266,ELG,0.45257208,1.0000,false
V4T002680,349.270309,-39.896998,LRG,0.17270263,1.0000,false
V4T002681,342.102401,-38.909969,BGS,1.70657425,0.4500,false
V4T002682,40.532398,-50.126291,ELG,0.47713819,1.0000,false
V4T002683,339.459450,-40.663586,ELG,0.55801329,1.0000,false
V4T002684,52.835142,-51.242365,QSO,0.17217959,1.7000,false
V4T002685,340.004001,-17.326162,ELG,0.70977441,1.0000,false
V4T002686,19.178470,-49.046162,LRG,0.24063392,1.0000,false
V4T002687,47.118854,-44.694523,ELG,0.27275241,1.0000,false
V4T002688,30.935969,-58.266620,BGS,1.23256681,0.4500,false
V4T002689,43.166843,-54.966057,QSO,0.13636403,1.7000,false
V4T002690,354.113355,-29.054318,LRG,0.82360947,1.0000,false
V4T002691,345.809354,-16.561358,LRG,0.39220329,1.0000,false
V4T002692,37.325822,-57.851909,QSO,0.13207486,1.7000,true
V4T002693,47.399877,-40.022568,BGS,1.37904113,0.4500,false
V4T002694,334.874150,-36.822611,QSO,0.16602092,1.7000,false
V4T002695,354.045797,-35.231531,ELG,0.32515725,1.0000,false
V4T002696,45.108639,-47.175989,QSO,0.20055048,1.7000,false
V4T002697,41.913167,-42.247277,LRG,0.21693441,1.0000,false
V4T002698,339.604434,-26.847363,LRG,0.57496808,1.0000,false
V4T002699,334.449064,-35.114420,LRG,0.33419902,1.0000,false
V4T002700,344.094748,-29.767454,ELG,0.70448840,1.0000,false
V4T002701,346.310946,-33.283748,LRG,0.38044831,1.0000,false
V4T002702,35.179144,-51.280602,ELG,0.96864007,1.0000,false
V4T002703,356.989686,-31.334221,ELG,0.54231630,1.0000,false
V4T002704,334.279825,-27.211787,BGS,0.98391523,0.4500,false
V4T002705,344.893996,-16.833560,LRG,0.20696421,1.0000,false
V4T002706,48.611999,-42.338996,QSO,0.18180314,1.7000,false
V4T002707,32.127932,-52.030088,LRG,0.19326676,1.0000,false
V4T002708,349.929520,-23.311195,LRG,0.43037700,1.0000,false
V4T002709,351.248535,-24.851839,QSO,0.23630937,1.7000,false
V4T002710,48.891445,-42.085658,ELG,0.38074456,1.0000,false
V4T002711,1.819728,-23.391328,BGS,1.54829492,0.4500,false
V4T002712,350.504016,-37.750164,Star,3.19564607,0.3000,false
V4T002713,29.768134,-37.482509,ELG,0.54430904,1.0000,false
V4T002714,27.097975,-43.889730,LRG,0.33467306,1.0000,false
V4T002715,37.249614,-49.625434,LRG,0.32978877,1.0000,false
V4T002716,358.653225,-22.487925,ELG,0.55097542,1.0000,false
V4T002717,20.230893,-42.498764,Star,5.63720296,0.3000,false
V4T002718,354.109093,-36.443883,BGS,1.27209631,0.4500,false
V4T002719,36.693541,-59.443846,LRG,0.26711848,1.0000,false
V4T002720,340.824682,-26.243069,ELG,0.35211907,1.0000,false
V4T002721,41.169064,-58.124481,BGS,1.73818432,0.4500,false
V4T002722,345.607389,-17.035360,QSO,0.21620205,1.7000,true
V4T002723,33.261406,-38.538328,ELG,0.44281134,1.0000,true
V4T002724,341.309132,-27.020039,Star,4.22282885,0.3000,false
V4T002725,48.831964,-41.765068,Star,2.75029500,0.3000,false
V4T002726,345.706584,-36.384052,LRG,0.29940186,1.0000,false
V4T002727,34.877407,-50.540263,QSO,0.51759155,1.7000,false
V4T002728,44.370591,-57.853591,QSO,0.17303710,1.7000,false
V4T002729,349.195834,-28.716630,QSO,0.06969013,1.7000,false
V4T002730,51.674551,-49.513928,ELG,0.62841995,1.0000,false
V4T002731,350.349335,-29.020884,LRG,0.39413083,1.0000,false
V4T002732,337.168505,-35.157433,QSO,0.15311244,1.7000,false
V4T002733,49.712410,-42.272341,LRG,0.61054659,1.0000,false
V4T002734,41.039384,-58.942196,Star,3.99417080,0.3000,false
V4T002735,27.596741,-52.222590,QSO,0.16211867,1.7000,true
V4T002736,32.931689,-37.065560,BGS,1.35666504,0.4500,false
V4T002737,340.681020,-40.874872,LRG,0.32225974,1.0000,false
V4T002738,344.631008,-36.976179,ELG,0.58218129,1.0000,false
V4T002739,43.480197,-49.636520,LRG,0.40296240,1.0000,false
V4T002740,23.255717,-43.004432,LRG,0.29814333,1.0000,false
V4T002741,347.831078,-18.256698,ELG,0.57493180,1.0000,false
V4T002742,347.043568,-16.017724,ELG,0.46354848,1.0000,false
V4T002743,41.071665,-50.482032,LRG,0.32155617,1.0000,false
V4T002744,345.450094,-16.045650,LRG,0.32081002,1.0000,false
V4T002745,347.501972,-16.393064,BGS,1.24171235,0.4500,false
V4T002746,44.751258,-48.429371,LRG,0.45171112,1.0000,true
V4T002747,48.493346,-47.317183,LRG,0.32133769,1.0000,false
V4T002748,46.637923,-41.554055,Star,4.22355865,0.3000,false
V4T002749,42.182877,-50.253715,ELG,0.39475481,1.0000,false
V4T002750,357.072600,-20.296755,ELG,0.64940515,1.0000,true
V4T002751,346.475650,-35.855142,QSO,0.08341175,1.7000,false
V4T002752,334.334814,-31.040625,ELG,0.58872937,1.0000,false
V4T002753,31.630757,-38.778880,ELG,0.27741965,1.0000,false
V4T002754,39.496485,-45.165904,ELG,0.55439194,1.0000,false
V4T002755,349.669673,-15.068663,LRG,0.26778835,1.0000,false
V4T002756,28.877504,-49.972070,LRG,0.32487362,1.0000,false
V4T002757,350.663447,-35.348559,BGS,1.31519067,0.4500,false
V4T002758,47.653322,-55.385283,QSO,0.37951089,1.7000,false
V4T002759,345.047376,-17.370286,ELG,0.29284977,1.0000,false
V4T002760,341.244950,-40.685027,ELG,0.59237811,1.0000,false
V4T002761,345.229611,-18.318741,ELG,0.80476985,1.0000,false
V4T002762,355.420102,-22.890612,BGS,1.22036539,0.4500,false
V4T002763,352.013509,-25.581764,LRG,0.34561164,1.0000,false
V4T002764,40.251322,-58.821859,ELG,0.53915218,1.0000,false
V4T002765,345.810665,-27.879848,Star,4.68450189,0.3000,false
V4T002766,29.300808,-56.537015,ELG,0.30221958,1.0000,false
V4T002767,51.934831,-49.643715,BGS,1.14794811,0.4500,false
V4T002768,29.180706,-37.559740,ELG,0.30699945,1.0000,false
V4T002769,346.206502,-33.549249,BGS,0.96955971,0.4500,false
V4T002770,354.374219,-26.146334,BGS,1.35914880,0.4500,false
V4T002771,44.615878,-37.861658,ELG,0.75850971,1.0000,false
V4T002772,345.644469,-37.094719,BGS,0.93901413,0.4500,false
V4T002773,35.997833,-45.664899,ELG,0.54408558,1.0000,false
V4T002774,34.868089,-49.572471,BGS,1.14612064,0.4500,false
V4T002775,333.774015,-32.536260,ELG,1.11529826,1.0000,false
V4T002776,345.663724,-17.485151,QSO,0.10072735,1.7000,false
V4T002777,340.673949,-22.626432,BGS,1.10538792,0.4500,false
V4T002778,39.606611,-59.259562,ELG,1.07111960,1.0000,false
V4T002779,357.819334,-23.742690,BGS,1.52512311,0.4500,false
V4T002780,346.157047,-20.766243,ELG,0.60896757,1.0000,false
V4T002781,344.411418,-26.148878,ELG,0.94798351,1.0000,false
V4T002782,18.112719,-48.351354,LRG,0.18745148,1.0000,false
V4T002783,40.695039,-37.455974,ELG,0.58852152,1.0000,true
V4T002784,44.825887,-54.850056,BGS,2.58310919,0.4500,false
V4T002785,343.072995,-37.153255,BGS,0.97593493,0.4500,true
V4T002786,345.076268,-35.759697,BGS,1.16245944,0.4500,false
V4T002787,359.286765,-31.203572,LRG,0.66120149,1.0000,false
V4T002788,41.924941,-50.113362,QSO,0.05290080,1.7000,false
V4T002789,350.211553,-32.705952,LRG,0.38985442,1.0000,false
V4T002790,29.524303,-54.224388,BGS,1.22994408,0.4500,false
V4T002791,343.860994,-27.418154,ELG,0.38979227,1.0000,false
V4T002792,341.622054,-16.162499,BGS,1.34916654,0.4500,false
V4T002793,343.044358,-37.076228,Star,3.36448673,0.3000,true
V4T002794,336.127318,-36.026686,ELG,0.38945541,1.0000,false
V4T002795,342.152441,-27.340242,QSO,0.42366794,1.7000,false
V4T002796,358.055912,-23.816169,BGS,1.40110568,0.4500,false
V4T002797,353.571908,-35.633134,ELG,0.50539509,1.0000,false
V4T002798,24.087841,-53.609759,LRG,0.35351691,1.0000,false
V4T002799,349.537439,-28.676674,ELG,0.33451274,1.0000,false
V4T002800,48.595492,-44.760313,LRG,0.25098021,1.0000,false
V4T002801,19.086110,-48.798364,ELG,0.63755752,1.0000,false
V4T002802,41.483059,-50.487901,LRG,0.42721396,1.0000,false
V4T002803,346.715653,-36.092805,QSO,0.13501390,1.7000,false
V4T002804,348.575141,-40.733717,QSO,0.12921074,1.7000,false
V4T002805,40.223365,-40.858693,BGS,1.08996434,0.4500,false
V4T002806,36.229068,-55.733728,ELG,0.89762688,1.0000,false
V4T002807,340.351600,-41.278930,ELG,0.66144914,1.0000,false
V4T002808,40.614383,-50.291539,BGS,1.83482141,0.4500,false
V4T002809,49.351193,-49.305672,QSO,0.18012331,1.7000,false
V4T002810,352.123726,-24.560778,BGS,1.60465703,0.4500,false
V4T002811,346.726455,-34.333267,BGS,0.99185098,0.4500,false
V4T002812,49.141153,-44.100476,LRG,0.31730983,1.0000,false
V4T002813,45.845143,-48.971510,BGS,1.54478524,0.4500,false
V4T002814,335.863274,-32.987196,ELG,0.94906355,1.0000,false
V4T002815,349.792659,-30.073801,ELG,0.68362072,1.0000,false
V4T002816,353.089075,-35.445809,LRG,0.28988327,1.0000,false
V4T002817,349.010667,-26.027618,Star,2.95061214,0.3000,false
V4T002818,350.993573,-23.829789,ELG,0.78588169,1.0000,false
V4T002819,351.428042,-27.461505,ELG,0.28552863,1.0000,false
V4T002820,27.677728,-39.637845,ELG,0.70791830,1.0000,false
V4T002821,354.773094,-35.353839,ELG,0.76927372,1.0000,true
V4T002822,42.759189,-44.786540,LRG,0.40838152,1.0000,false
V4T002823,34.835250,-50.145269,BGS,1.11354874,0.4500,false
V4T002824,46.895362,-44.909422,BGS,0.75718240,0.4500,true
V4T002825,25.728347,-48.805376,QSO,0.05561224,1.7000,false
V4T002826,337.948138,-36.555253,BGS,0.87260128,0.4500,false
V4T002827,31.810171,-36.226030,LRG,0.33865520,1.0000,false
V4T002828,38.630466,-43.958201,ELG,0.45015531,1.0000,false
V4T002829,354.332242,-40.084390,ELG,0.59900844,1.0000,false
V4T002830,355.680740,-28.818978,ELG,0.59325256,1.0000,false
V4T002831,0.866640,-30.739076,ELG,0.61103869,1.0000,false
V4T002832,46.687814,-57.139366,Star,4.82452481,0.3000,false
V4T002833,351.191803,-18.729771,ELG,0.55724453,1.0000,false
V4T002834,357.485414,-33.745581,ELG,0.88635316,1.0000,false
V4T002835,338.893299,-35.041193,Star,3.91175723,0.3000,false
V4T002836,346.284238,-33.880396,BGS,1.25421267,0.4500,false
V4T002837,34.722120,-39.161537,LRG,0.64968124,1.0000,false
V4T002838,343.678409,-26.787812,QSO,0.17395719,1.7000,false
V4T002839,22.185753,-50.572410,BGS,1.45429604,0.4500,false
V4T002840,31.208758,-48.006716,QSO,0.12084403,1.7000,false
V4T002841,29.554691,-50.598182,QSO,0.16601757,1.7000,false
V4T002842,36.431897,-38.656119,BGS,1.31916087,0.4500,false
V4T002843,342.597886,-24.416609,Star,4.27357891,0.3000,false
V4T002844,351.242882,-25.652762,BGS,2.01757281,0.4500,false
V4T002845,354.555867,-36.265158,BGS,1.36344296,0.4500,false
V4T002846,354.308366,-35.399269,BGS,1.54693052,0.4500,false
V4T002847,348.139484,-27.742649,BGS,2.92168172,0.4500,false
V4T002848,346.001041,-37.433876,ELG,0.57748021,1.0000,false
V4T002849,48.274903,-41.747773,ELG,0.50716300,1.0000,false
V4T002850,14.886366,-47.802671,LRG,0.27133013,1.0000,false
V4T002851,23.096494,-54.990166,Star,4.21369506,0.3000,false
V4T002852,352.049523,-29.589266,BGS,1.09644600,0.4500,false
V4T002853,343.744207,-22.193529,LRG,0.37884995,1.0000,false
V4T002854,351.566432,-25.064506,LRG,0.28200020,1.0000,false
V4T002855,24.284562,-53.295406,BGS,1.58504163,0.4500,false
V4T002856,336.768204,-34.148246,ELG,0.62829047,1.0000,false
V4T002857,21.823465,-48.714359,QSO,0.22646908,1.7000,false
V4T002858,349.006515,-15.153031,LRG,0.53422553,1.0000,false
V4T002859,52.561943,-50.180411,QSO,0.32869406,1.7000,false
V4T002860,345.188216,-29.539337,BGS,1.57383618,0.4500,true
V4T002861,49.034684,-42.296852,ELG,0.33500702,1.0000,false
V4T002862,341.358213,-20.396651,ELG,0.71856136,1.0000,false
V4T002863,350.464954,-24.122788,LRG,0.59969115,1.0000,false
V4T002864,29.847949,-35.987972,LRG,0.63741785,1.0000,false
V4T002865,349.274178,-18.205477,ELG,0.45656339,1.0000,false
V4T002866,354.943836,-32.060837,ELG,0.76762729,1.0000,false
V4T002867,344.055775,-17.765042,ELG,0.30936363,1.0000,false
V4T002868,42.189501,-54.566960,LRG,0.24176596,1.0000,false
V4T002869,341.993714,-22.794844,BGS,1.27918454,0.4500,false
V4T002870,42.900761,-53.328361,LRG,0.32403000,1.0000,false
V4T002871,340.766258,-15.904428,ELG,0.40108607,1.0000,false
V4T002872,48.252198,-41.940623,LRG,0.34426914,1.0000,false
V4T002873,28.288820,-42.585572,Star,3.79538928,0.3000,false
V4T002874,339.916228,-41.296733,BGS,1.20739382,0.4500,false
V4T002875,346.776334,-35.739746,ELG,0.55741856,1.0000,false
V4T002876,352.738050,-35.701201,ELG,0.43707756,1.0000,false
V4T002877,344.362701,-29.840465,ELG,0.41842794,1.0000,false
V4T002878,31.941727,-46.402721,Star,4.85735984,0.3000,false
V4T002879,28.620907,-38.997045,BGS,0.86798602,0.4500,false
V4T002880,32.844816,-48.664284,LRG,0.28769761,1.0000,false
V4T002881,341.782996,-41.081097,Star,2.01681689,0.3000,false
V4T002882,345.998008,-27.578711,QSO,0.26724178,1.7000,false
V4T002883,353.227932,-35.885084,Star,4.25161775,0.3000,false
V4T002884,48.799074,-49.990368,BGS,0.71484696,0.4500,false
V4T002885,44.000645,-48.056782,LRG,0.31925225,1.0000,false
V4T002886,46.723274,-49.611793,Star,2.18556889,0.3000,false
V4T002887,345.839293,-17.802458,ELG,0.27331659,1.0000,false
V4T002888,336.185721,-38.491800,ELG,0.56898957,1.0000,false
V4T002889,339.467417,-27.172641,QSO,0.12945443,1.7000,false
V4T002890,345.374216,-35.078683,QSO,0.13235562,1.7000,false
V4T002891,345.546009,-34.197455,LRG,0.42101119,1.0000,false
V4T002892,358.708883,-27.045035,ELG,0.95904864,1.0000,false
V4T002893,343.063801,-27.529994,LRG,0.38887025,1.0000,false
V4T002894,345.511086,-31.256866,QSO,0.12792598,1.7000,false
V4T002895,40.142926,-53.947372,BGS,1.42332503,0.4500,false
V4T002896,340.096939,-38.725432,QSO,0.19294798,1.7000,false
V4T002897,341.329176,-33.940410,LRG,0.30721848,1.0000,false
V4T002898,354.243318,-20.798359,QSO,0.23581592,1.7000,false
V4T002899,356.714362,-24.265476,LRG,0.30379754,1.0000,false
V4T002900,36.340984,-43.910378,BGS,1.52640967,0.4500,false
V4T002901,337.708505,-18.632740,BGS,2.51889159,0.4500,false
V4T002902,48.875522,-52.394001,Star,5.94298927,0.3000,false
V4T002903,359.603904,-26.371477,BGS,1.37161352,0.4500,false
V4T002904,34.555170,-55.861062,ELG,0.49770955,1.0000,false
V4T002905,30.948184,-47.099475,BGS,2.03502629,0.4500,false
V4T002906,25.607386,-39.593399,LRG,0.41846377,1.0000,false
V4T002907,46.969141,-54.266646,QSO,0.11840258,1.7000,false
V4T002908,357.542102,-23.390704,ELG,0.37471968,1.0000,false
V4T002909,43.410462,-52.422843,LRG,0.30665169,1.0000,false
V4T002910,45.206419,-42.400173,ELG,0.65968004,1.0000,false
V4T002911,44.032165,-56.229877,ELG,0.60470285,1.0000,false
V4T002912,344.938150,-23.607932,LRG,0.19211953,1.0000,false
V4T002913,36.341499,-41.889543,ELG,0.35821993,1.0000,false
V4T002914,41.516754,-48.931595,LRG,0.46590002,1.0000,false
V4T002915,353.795682,-27.941557,Star,2.92361013,0.3000,false
V4T002916,345.751872,-27.078083,LRG,0.39089587,1.0000,false
V4T002917,40.939486,-57.843938,Star,3.61768616,0.3000,false
V4T002918,341.086505,-36.755749,QSO,0.16639776,1.7000,false
V4T002919,33.955394,-48.955506,Star,6.07349636,0.3000,false
V4T002920,39.091425,-58.381969,BGS,1.80196483,0.4500,false
V4T002921,352.936540,-39.137084,QSO,0.25844930,1.7000,false
V4T002922,338.774102,-25.771677,LRG,0.26871604,1.0000,false
V4T002923,30.824790,-36.045322,ELG,0.51633361,1.0000,false
V4T002924,340.625780,-29.369265,BGS,1.03080135,0.4500,false
V4T002925,347.751559,-22.306646,ELG,0.31713954,1.0000,false
V4T002926,32.080903,-46.650279,BGS,1.57303036,0.4500,false
V4T002927,352.593168,-35.257986,QSO,0.08302824,1.7000,false
V4T002928,33.915890,-48.653598,ELG,0.92182240,1.0000,false
V4T002929,344.347692,-26.287543,ELG,0.35773542,1.0000,false
V4T002930,35.443121,-52.207592,ELG,0.78539276,1.0000,false
V4T002931,356.693445,-32.601250,LRG,0.40545477,1.0000,false
V4T002932,354.634818,-37.865542,QSO,0.20919614,1.7000,false
V4T002933,34.059662,-40.479127,ELG,0.76281478,1.0000,false
V4T002934,32.348269,-48.286363,ELG,0.72115139,1.0000,false
V4T002935,49.193190,-42.198982,QSO,0.21008048,1.7000,false
V4T002936,27.840618,-51.989496,BGS,1.13909739,0.4500,false
V4T002937,48.403230,-43.562852,QSO,0.15292009,1.7000,false
V4T002938,342.327006,-29.687761,QSO,0.37139353,1.7000,false
V4T002939,42.560478,-58.396545,BGS,1.29534726,0.4500,false
V4T002940,39.483643,-43.890849,ELG,0.35288552,1.0000,false
V4T002941,40.352372,-56.071613,ELG,1.04212536,1.0000,true
V4T002942,345.008268,-36.455385,QSO,0.11819899,1.7000,false
V4T002943,344.855541,-18.164579,LRG,0.43780127,1.0000,false
V4T002944,45.139352,-45.739199,ELG,0.62171249,1.0000,false
V4T002945,338.332871,-27.917447,BGS,1.47457723,0.4500,false
V4T002946,340.487103,-40.788365,ELG,0.57397839,1.0000,false
V4T002947,16.801867,-46.083218,LRG,0.32456659,1.0000,false
V4T002948,345.177156,-23.591791,ELG,0.62942743,1.0000,false
V4T002949,46.568029,-46.549639,LRG,0.22201084,1.0000,false
V4T002950,346.977678,-34.846415,ELG,0.91554258,1.0000,false
V4T002951,342.274558,-28.955430,ELG,0.25753911,1.0000,false
V4T002952,41.108814,-50.398044,Star,3.83182411,0.3000,false
V4T002953,354.302675,-35.270531,ELG,0.47179776,1.0000,false
V4T002954,344.363681,-27.473008,QSO,0.10874910,1.7000,false
V4T002955,35.794325,-55.367028,BGS,1.22905364,0.4500,false
V4T002956,28.906572,-42.785150,ELG,0.49729982,1.0000,false
V4T002957,1.859471,-23.214991,ELG,0.38377460,1.0000,false
V4T002958,354.353142,-34.463094,BGS,1.33607040,0.4500,false
V4T002959,356.824883,-29.331935,ELG,0.35970938,1.0000,false
V4T002960,42.477716,-55.669298,BGS,1.03784906,0.4500,false
V4T002961,26.872827,-53.359032,LRG,0.22842289,1.0000,false
V4T002962,351.037368,-24.379566,ELG,0.74056519,1.0000,false
V4T002963,353.468034,-35.890448,ELG,0.70055141,1.0000,false
V4T002964,21.838485,-53.904284,LRG,0.34018543,1.0000,false
V4T002965,41.091722,-50.379718,LRG,0.29074146,1.0000,false
V4T002966,351.078332,-22.926431,ELG,0.33934857,1.0000,false
V4T002967,345.261956,-39.511419,LRG,0.36081817,1.0000,false
V4T002968,42.556942,-52.050597,ELG,0.85584505,1.0000,false
V4T002969,344.547340,-30.697341,Star,2.49022953,0.3000,false
V4T002970,343.641932,-30.050438,ELG,0.27008391,1.0000,false
V4T002971,342.935249,-30.088594,QSO,0.19360659,1.7000,false
V4T002972,338.538547,-37.922023,LRG,0.34038724,1.0000,true
V4T002973,47.102758,-44.754425,ELG,0.35805424,1.0000,false
V4T002974,32.180618,-43.684817,ELG,0.51789295,1.0000,false
V4T002975,350.781007,-42.112977,QSO,0.27669658,1.7000,false
V4T002976,22.452217,-39.058018,LRG,0.32912452,1.0000,true
V4T002977,346.833940,-14.679729,Star,3.60449061,0.3000,false
V4T002978,337.340725,-26.806116,QSO,0.41857780,1.7000,false
V4T002979,343.645998,-29.128439,ELG,1.03996899,1.0000,false
V4T002980,347.176961,-34.685055,BGS,1.37398618,0.4500,false
V4T002981,24.485243,-55.410567,BGS,0.93853629,0.4500,false
V4T002982,31.705956,-56.666950,LRG,0.42129700,1.0000,false
V4T002983,339.304611,-39.947900,BGS,1.04263129,0.4500,false
V4T002984,32.721027,-48.510913,ELG,0.69706779,1.0000,false
V4T002985,342.148301,-16.548073,BGS,1.43731208,0.4500,false
V4T002986,349.464356,-13.880299,ELG,0.26660527,1.0000,false
V4T002987,335.145058,-34.874726,ELG,0.94050725,1.0000,true
V4T002988,26.095597,-50.562894,ELG,0.44348371,1.0000,false
V4T002989,337.834710,-32.956349,BGS,1.46000111,0.4500,false
V4T002990,35.636698,-39.170840,LRG,0.62040750,1.0000,false
V4T002991,344.711770,-17.757163,LRG,0.36373428,1.0000,false
V4T002992,24.079993,-48.619696,BGS,1.43327180,0.4500,false
V4T002993,340.709728,-35.757554,Star,4.49940308,0.3000,false
V4T002994,346.234418,-35.600568,QSO,0.20591895,1.7000,false
V4T002995,51.578989,-49.044028,ELG,0.40959924,1.0000,false
V4T002996,354.474797,-27.741094,ELG,0.27348931,1.0000,false
V4T002997,36.132020,-42.902363,LRG,0.58654683,1.0000,false
V4T002998,335.306044,-36.697829,LRG,0.32553674,1.0000,false
V4T002999,356.967573,-36.674429,QSO,0.43616589,1.7000,false
V4T003000,355.905044,-22.440681,LRG,0.51199349,1.0000,false
V4T003001,340.115705,-25.284130,BGS,0.93531916,0.4500,false
V4T003002,355.616845,-38.042278,ELG,0.32955962,1.0000,false
V4T003003,336.462831,-21.203803,ELG,0.81026599,1.0000,false
V4T003004,28.927795,-36.971206,ELG,0.59755150,1.0000,false
V4T003005,352.198930,-25.216361,BGS,1.84143351,0.4500,false
V4T003006,354.721962,-36.674975,LRG,0.58471848,1.0000,false
V4T003007,345.394660,-26.547054,BGS,1.62760391,0.4500,false
V4T003008,349.510868,-30.908137,QSO,0.27256877,1.7000,true
V4T003009,352.949002,-17.670635,ELG,0.34724082,1.0000,false
V4T003010,345.863552,-36.083974,BGS,0.96561252,0.4500,false
V4T003011,49.216386,-42.158878,ELG,0.32264239,1.0000,false
V4T003012,353.706864,-22.100117,BGS,1.40454172,0.4500,false
V4T003013,353.404515,-23.504476,BGS,1.78898430,0.4500,true
V4T003014,18.653710,-55.420782,BGS,0.72006950,0.4500,false
V4T003015,2.069115,-31.482704,ELG,1.02103912,1.0000,false
V4T003016,340.363153,-41.404538,LRG,0.32536503,1.0000,false
V4T003017,41.484550,-43.605249,BGS,1.60152575,0.4500,false
V4T003018,48.503917,-42.548991,Star,3.70742446,0.3000,false
V4T003019,344.861861,-19.589448,Star,3.00570123,0.3000,false
V4T003020,354.121506,-36.685633,BGS,0.84549815,0.4500,false
V4T003021,349.955995,-16.511000,BGS,1.04635892,0.4500,false
V4T003022,30.092799,-45.694730,ELG,0.66361825,1.0000,false
V4T003023,21.721965,-42.268438,ELG,0.63216647,1.0000,false
V4T003024,35.940178,-44.647613,BGS,1.20447893,0.4500,false
V4T003025,42.117794,-54.160764,ELG,0.77826715,1.0000,false
V4T003026,352.436349,-25.134780,ELG,0.75152850,1.0000,false
V4T003027,341.823309,-15.845301,ELG,0.82384220,1.0000,false
V4T003028,32.684750,-36.774249,ELG,0.46656672,1.0000,false
V4T003029,359.279292,-34.225100,BGS,1.16158580,0.4500,false
V4T003030,34.992110,-37.485224,BGS,1.45096484,0.4500,false
V4T003031,348.133919,-16.214650,Star,2.74914458,0.3000,false
V4T003032,345.524303,-34.604619,Star,5.82707833,0.3000,false
V4T003033,337.653482,-37.272772,ELG,1.21471794,1.0000,false
V4T003034,346.200832,-41.684000,BGS,0.90149189,0.4500,false
V4T003035,350.484711,-25.180206,Star,3.91803967,0.3000,false
V4T003036,44.141220,-57.272832,ELG,0.39124637,1.0000,true
V4T003037,352.041815,-25.157786,LRG,0.48627803,1.0000,false
V4T003038,39.000517,-37.909071,LRG,0.46539675,1.0000,false
V4T003039,43.305490,-49.948343,ELG,0.54578952,1.0000,false
V4T003040,343.542623,-29.936768,LRG,0.42863917,1.0000,false
V4T003041,19.266384,-41.731167,LRG,0.55527497,1.0000,false
V4T003042,338.670147,-28.343952,LRG,0.23130177,1.0000,false
V4T003043,48.294052,-41.800411,QSO,0.83152025,1.7000,false
V4T003044,343.186963,-29.556906,BGS,1.08257292,0.4500,false
V4T003045,47.159617,-52.681524,LRG,0.38935686,1.0000,false
V4T003046,354.185400,-15.754552,QSO,0.10033249,1.7000,false
V4T003047,38.575605,-40.618951,ELG,0.51706719,1.0000,false
V4T003048,22.704150,-45.184769,LRG,0.56866078,1.0000,false
V4T003049,31.114128,-38.534515,ELG,0.44626887,1.0000,false
V4T003050,345.847971,-27.657823,ELG,0.48820674,1.0000,false
V4T003051,348.918352,-39.401530,Star,3.09627257,0.3000,false
V4T003052,352.656832,-15.500063,LRG,0.54153335,1.0000,false
V4T003053,333.916660,-35.129792,ELG,0.51870652,1.0000,false
V4T003054,346.569774,-18.546740,ELG,0.66600687,1.0000,false
V4T003055,359.131498,-31.985038,LRG,0.33199253,1.0000,false
V4T003056,36.078860,-41.673513,ELG,0.50508079,1.0000,false
V4T003057,36.437131,-58.635046,QSO,0.23631585,1.7000,false
V4T003058,48.647667,-41.718165,BGS,1.51020859,0.4500,false
V4T003059,339.655621,-22.854449,QSO,0.17413230,1.7000,false
V4T003060,347.632553,-34.019244,LRG,0.34786837,1.0000,false
V4T003061,351.691230,-38.127784,Star,3.91817135,0.3000,false
V4T003062,352.601634,-25.047752,BGS,1.17246456,0.4500,false
V4T003063,346.325228,-29.987398,ELG,0.57348917,1.0000,false
V4T003064,31.980157,-58.187585,LRG,0.43482516,1.0000,false
V4T003065,352.127647,-31.842691,LRG,0.30872745,1.0000,false
V4T003066,357.271363,-38.547288,ELG,0.59471526,1.0000,false
V4T003067,32.051657,-47.344325,ELG,0.61357457,1.0000,false
V4T003068,355.366833,-22.027245,ELG,0.58276726,1.0000,false
V4T003069,48.169681,-41.335758,QSO,0.21250546,1.7000,false
V4T003070,0.407713,-25.791284,LRG,0.37429216,1.0000,false
V4T003071,26.974881,-49.165182,ELG,0.43081662,1.0000,false
V4T003072,49.180082,-52.027165,LRG,0.36196512,1.0000,false
V4T003073,339.649906,-40.298598,LRG,0.57156491,1.0000,true
V4T003074,28.612224,-50.979447,Star,3.21434757,0.3000,false
V4T003075,355.304240,-18.679976,Star,6.00253198,0.3000,false
V4T003076,349.649951,-40.669683,Star,3.61120419,0.3000,false
V4T003077,338.912741,-29.329573,ELG,0.66407253,1.0000,false
V4T003078,24.989429,-49.646785,BGS,1.26776996,0.4500,false
V4T003079,334.840805,-26.522553,ELG,0.46663967,1.0000,false
V4T003080,343.484113,-29.871167,BGS,2.20345917,0.4500,false
V4T003081,345.817006,-39.149505,BGS,0.93062952,0.4500,false
V4T003082,357.286666,-17.890723,QSO,0.18202611,1.7000,false
V4T003083,338.539865,-31.322421,Star,3.81294699,0.3000,false
V4T003084,351.279795,-31.066646,BGS,0.89403697,0.4500,false
V4T003085,342.632925,-19.553623,LRG,0.26602291,1.0000,false
V4T003086,352.653725,-23.516600,LRG,0.38248242,1.0000,false
V4T003087,348.577022,-33.806716,QSO,0.13150062,1.7000,false
V4T003088,345.539179,-18.345277,QSO,0.15985487,1.7000,false
V4T003089,345.790445,-35.560989,LRG,0.32501847,1.0000,true
V4T003090,41.470104,-45.586869,QSO,0.12391482,1.7000,false
V4T003091,346.383549,-35.431400,Star,3.70440385,0.3000,false
V4T003092,344.944054,-17.965891,ELG,0.51693079,1.0000,true
V4T003093,41.737315,-58.521513,LRG,0.32929774,1.0000,false
V4T003094,45.137507,-48.100373,BGS,1.64815367,0.4500,false
V4T003095,337.767345,-22.740614,BGS,1.35857744,0.4500,false
V4T003096,51.750227,-52.902211,BGS,1.02806928,0.4500,false
V4T003097,347.204829,-38.153564,BGS,1.33013187,0.4500,false
V4T003098,25.920206,-39.990338,Star,5.54600500,0.3000,false
V4T003099,351.886583,-40.671107,BGS,1.55908213,0.4500,false
V4T003100,49.225530,-47.140634,Star,5.03700777,0.3000,false
V4T003101,346.666024,-25.704534,Star,3.84499480,0.3000,false
V4T003102,344.418305,-18.725771,Star,2.70555234,0.3000,false
V4T003103,343.755285,-26.673700,BGS,1.92105503,0.4500,false
V4T003104,47.245730,-41.605992,ELG,0.62330720,1.0000,false
V4T003105,41.536636,-50.200983,BGS,0.99785711,0.4500,false
V4T003106,350.847333,-24.884729,ELG,0.55679805,1.0000,true
V4T003107,46.398890,-52.926670,ELG,0.43747574,1.0000,false
V4T003108,21.860851,-46.170732,BGS,0.96460198,0.4500,true
V4T003109,32.549546,-59.088966,ELG,0.64787203,1.0000,false
V4T003110,35.841675,-34.730643,LRG,0.32601007,1.0000,false
V4T003111,31.466579,-48.888405,QSO,0.34967229,1.7000,false
V4T003112,48.100509,-41.399214,Star,5.85192535,0.3000,false
V4T003113,51.677942,-46.607710,BGS,1.11900636,0.4500,false
V4T003114,351.603363,-24.868451,LRG,0.30372454,1.0000,false
V4T003115,39.170819,-45.577455,QSO,0.28867116,1.7000,false
V4T003116,348.918291,-37.085674,ELG,0.47751118,1.0000,false
V4T003117,348.105913,-26.992891,ELG,0.49836305,1.0000,false
V4T003118,33.377151,-48.203704,QSO,0.15301509,1.7000,false
V4T003119,345.268241,-17.860757,ELG,0.54724247,1.0000,false
V4T003120,345.546258,-32.617635,QSO,0.38673140,1.7000,true
V4T003121,351.358304,-24.360527,LRG,0.28776579,1.0000,false
V4T003122,33.570466,-48.362873,BGS,1.70740138,0.4500,false
V4T003123,50.920446,-55.274654,LRG,0.49272651,1.0000,false
V4T003124,349.071915,-18.509770,ELG,0.49221797,1.0000,false
V4T003125,42.910841,-45.215155,Star,4.33710083,0.3000,false
V4T003126,344.043898,-26.621112,ELG,0.38287454,1.0000,false
V4T003127,345.402126,-13.615128,ELG,0.57205084,1.0000,false
V4T003128,24.410307,-57.689279,Star,3.58472423,0.3000,false
V4T003129,0.405718,-30.168233,QSO,0.10851832,1.7000,false
V4T003130,334.507821,-24.220816,QSO,0.14565034,1.7000,false
V4T003131,340.694833,-41.498243,LRG,0.24848237,1.0000,false
V4T003132,25.424484,-45.123438,QSO,0.13372069,1.7000,false
V4T003133,359.158148,-26.027505,BGS,1.09258900,0.4500,true
V4T003134,45.169653,-40.865821,BGS,1.52018313,0.4500,false
V4T003135,49.872133,-50.823823,ELG,0.48742628,1.0000,false
V4T003136,25.780084,-41.887943,ELG,0.89810133,1.0000,false
V4T003137,42.565087,-58.211655,ELG,0.28037575,1.0000,false
V4T003138,358.497606,-20.640618,LRG,0.40282679,1.0000,false
V4T003139,344.354426,-27.470878,Star,5.26609914,0.3000,false
V4T003140,349.046977,-39.910742,Star,5.86489113,0.3000,false
V4T003141,34.421813,-44.306662,ELG,0.73517133,1.0000,false
V4T003142,30.780315,-51.140743,BGS,1.09075451,0.4500,false
V4T003143,346.496050,-20.457584,ELG,0.55415328,1.0000,false
V4T003144,48.576574,-42.148803,ELG,0.29042868,1.0000,false
V4T003145,350.772212,-24.124991,LRG,0.29772166,1.0000,false
V4T003146,45.008080,-47.190249,ELG,0.97375131,1.0000,false
V4T003147,32.183760,-47.775610,BGS,1.24228441,0.4500,false
V4T003148,1.352236,-25.501127,ELG,0.73543771,1.0000,false
V4T003149,356.067911,-18.912467,QSO,0.25984854,1.7000,false
V4T003150,40.358449,-49.807378,LRG,0.26963762,1.0000,false
V4T003151,353.049708,-36.111550,ELG,0.68479075,1.0000,false
V4T003152,357.831202,-38.741648,BGS,1.55592920,0.4500,false
V4T003153,29.843193,-39.694537,ELG,0.79377890,1.0000,false
V4T003154,33.235324,-45.989736,QSO,0.14864294,1.7000,false
V4T003155,344.812542,-18.195537,LRG,0.50890305,1.0000,false
V4T003156,359.832472,-32.597977,BGS,1.98169297,0.4500,false
V4T003157,346.504432,-35.536208,BGS,1.23281902,0.4500,false
V4T003158,27.576484,-37.852142,ELG,0.66744445,1.0000,false
V4T003159,338.887356,-40.483087,BGS,1.32175857,0.4500,false
V4T003160,347.395331,-33.910871,Star,3.99597371,0.3000,false
V4T003161,47.784025,-40.660746,BGS,0.96918775,0.4500,false
V4T003162,352.489328,-37.065580,LRG,0.44652649,1.0000,false
V4T003163,341.060027,-25.989969,LRG,0.50746454,1.0000,false
V4T003164,20.549146,-49.243635,BGS,1.04889041,0.4500,true
V4T003165,351.738099,-24.815040,LRG,0.57904110,1.0000,false
V4T003166,31.200622,-52.368966,LRG,0.47201124,1.0000,true
V4T003167,21.305720,-53.817899,BGS,1.91149217,0.4500,false
V4T003168,34.395760,-55.290608,ELG,0.82256636,1.0000,false
V4T003169,28.227596,-55.480192,BGS,1.38997393,0.4500,false
V4T003170,49.451316,-50.827858,ELG,1.04414655,1.0000,false
V4T003171,358.079482,-21.327217,BGS,1.29964531,0.4500,false
V4T003172,40.623875,-51.213236,BGS,1.29037243,0.4500,false
V4T003173,41.230944,-51.509782,Star,3.56840731,0.3000,false
V4T003174,43.240851,-42.714529,BGS,0.93668112,0.4500,false
V4T003175,345.750818,-17.421679,ELG,0.50227953,1.0000,true
V4T003176,41.615143,-50.574018,BGS,1.09258903,0.4500,false
V4T003177,358.278844,-34.183306,QSO,0.24571306,1.7000,false
V4T003178,347.774361,-35.212025,LRG,0.46069807,1.0000,false
V4T003179,40.239660,-39.588678,Star,5.72786209,0.3000,false
V4T003180,49.407461,-41.847600,ELG,1.01377474,1.0000,false
V4T003181,17.493782,-44.406685,ELG,0.71307168,1.0000,false
V4T003182,352.245648,-18.566883,BGS,0.97936435,0.4500,false
V4T003183,31.946331,-56.457650,BGS,1.42585000,0.4500,false
V4T003184,346.157416,-17.483251,BGS,0.87091209,0.4500,false
V4T003185,357.294457,-20.521350,BGS,1.77849613,0.4500,false
V4T003186,32.596841,-39.701965,ELG,0.21412575,1.0000,false
V4T003187,41.102935,-50.504443,ELG,1.08330194,1.0000,false
V4T003188,45.563221,-42.105010,LRG,0.67655330,1.0000,false
V4T003189,346.840314,-28.329146,BGS,0.69235794,0.4500,false
V4T003190,18.198228,-47.113161,ELG,0.55560029,1.0000,false
V4T003191,47.717377,-44.432713,ELG,0.59916489,1.0000,false
V4T003192,351.244342,-22.185661,BGS,1.09243749,0.4500,false
V4T003193,348.686541,-41.767711,QSO,0.18986343,1.7000,false
V4T003194,48.031535,-41.857376,ELG,0.62703413,1.0000,false
V4T003195,346.742971,-34.066712,LRG,0.23743503,1.0000,false
V4T003196,346.984948,-35.729656,ELG,0.33090033,1.0000,false
V4T003197,335.050353,-32.731826,ELG,0.36365276,1.0000,false
V4T003198,342.762606,-28.185748,BGS,1.43348566,0.4500,false
V4T003199,338.764725,-20.727868,BGS,1.06073253,0.4500,false
V4T003200,345.076208,-17.499758,ELG,0.78787907,1.0000,false
V4T003201,341.655745,-41.709028,ELG,0.66731016,1.0000,false
V4T003202,353.139211,-19.867354,LRG,0.41573784,1.0000,false
V4T003203,336.098514,-25.076752,Star,3.46670143,0.3000,false
V4T003204,42.440458,-55.474865,BGS,0.67350417,0.4500,false
V4T003205,351.910022,-32.858536,Star,4.65523803,0.3000,false
V4T003206,347.384471,-21.882014,BGS,1.28861078,0.4500,false
V4T003207,340.127854,-24.573213,QSO,0.17491163,1.7000,false
V4T003208,356.505825,-25.421169,LRG,0.25241535,1.0000,false
V4T003209,342.983142,-29.891864,QSO,0.12582456,1.7000,false
V4T003210,31.602938,-39.690766,ELG,0.70589898,1.0000,false
V4T003211,344.504583,-27.407574,ELG,0.42304782,1.0000,false
V4T003212,359.813652,-24.786863,QSO,0.07709618,1.7000,false
V4T003213,28.768375,-53.887794,ELG,0.31477686,1.0000,false
V4T003214,345.779404,-19.136835,ELG,0.37349408,1.0000,false
V4T003215,346.529166,-15.396815,Star,3.21079832,0.3000,false
V4T003216,37.297077,-51.408594,LRG,0.39192016,1.0000,false
V4T003217,352.325578,-22.392947,BGS,1.18875367,0.4500,false
V4T003218,32.808686,-55.147097,ELG,0.28357449,1.0000,false
V4T003219,350.564198,-30.148150,BGS,1.21087536,0.4500,false
V4T003220,37.597981,-48.361105,ELG,0.60469484,1.0000,false
V4T003221,48.271617,-41.827883,ELG,0.65014338,1.0000,false
V4T003222,334.635259,-35.310825,ELG,1.14362112,1.0000,false
V4T003223,346.386729,-34.007925,BGS,0.93820594,0.4500,false
V4T003224,34.373213,-49.069492,BGS,1.10781224,0.4500,false
V4T003225,343.496453,-30.231239,LRG,0.21979728,1.0000,false
V4T003226,19.837927,-54.078586,ELG,0.78070113,1.0000,true
V4T003227,339.828334,-16.990923,BGS,1.16548122,0.4500,false
V4T003228,342.835558,-30.203872,ELG,0.49759265,1.0000,false
V4T003229,345.168726,-28.388309,ELG,0.36417468,1.0000,false
V4T003230,26.889727,-37.347067,QSO,0.23621759,1.7000,false
V4T003231,39.983390,-39.320108,LRG,0.29492138,1.0000,false
V4T003232,344.833889,-41.036281,ELG,0.40774338,1.0000,false
V4T003233,351.750111,-41.760365,QSO,0.17541064,1.7000,false
V4T003234,343.165703,-30.406936,BGS,0.66973394,0.4500,false
V4T003235,35.694326,-56.780252,QSO,0.10797961,1.7000,true
V4T003236,44.241536,-42.038939,LRG,0.48982658,1.0000,false
V4T003237,346.505669,-34.520119,ELG,0.75555180,1.0000,false
V4T003238,37.830377,-57.536853,BGS,0.85411707,0.4500,false
V4T003239,28.156536,-44.739863,LRG,0.48716516,1.0000,false
V4T003240,343.916784,-29.993075,LRG,0.53640594,1.0000,false
V4T003241,340.606479,-40.990685,ELG,0.96341619,1.0000,false
V4T003242,340.831271,-30.282698,ELG,0.41334561,1.0000,false
V4T003243,38.388954,-42.924265,ELG,0.82731185,1.0000,false
V4T003244,39.521529,-43.070549,BGS,1.10909776,0.4500,false
V4T003245,347.665626,-37.022559,ELG,0.54633087,1.0000,false
V4T003246,35.626962,-54.781406,QSO,0.12214996,1.7000,false
V4T003247,346.638639,-34.038203,QSO,0.14734396,1.7000,false
V4T003248,348.546652,-24.827344,BGS,0.87174028,0.4500,false
V4T003249,341.815882,-41.392426,ELG,0.72892366,1.0000,false
V4T003250,343.180702,-15.584104,ELG,0.30585257,1.0000,false
V4T003251,28.061846,-49.683339,ELG,0.67733848,1.0000,false
V4T003252,354.683621,-14.508626,ELG,0.86736323,1.0000,false
V4T003253,41.194118,-50.285218,ELG,0.57850430,1.0000,false
V4T003254,334.538782,-28.982810,LRG,0.32665952,1.0000,false
V4T003255,354.434395,-17.175370,BGS,0.71056991,0.4500,false
V4T003256,33.471549,-47.999620,ELG,0.74299837,1.0000,false
V4T003257,35.053186,-52.260614,BGS,0.94181688,0.4500,false
V4T003258,47.577166,-42.643335,BGS,1.91790915,0.4500,false
V4T003259,346.239292,-13.402157,ELG,0.97493718,1.0000,false
V4T003260,351.801274,-13.784117,LRG,0.32628549,1.0000,false
V4T003261,42.096888,-35.465853,BGS,1.04972499,0.4500,false
V4T003262,20.618143,-51.313652,QSO,0.19760289,1.7000,false
V4T003263,340.572915,-29.668109,LRG,0.34088414,1.0000,false
V4T003264,40.739702,-40.431176,LRG,0.42674119,1.0000,false
V4T003265,347.329623,-42.706541,QSO,0.13262845,1.7000,false
V4T003266,340.593199,-26.690985,LRG,0.45653723,1.0000,false
V4T003267,358.152785,-21.669099,LRG,0.41538442,1.0000,false
V4T003268,356.303198,-33.322416,ELG,0.75122208,1.0000,false
V4T003269,356.777463,-23.353054,BGS,1.27825586,0.4500,false
V4T003270,33.411588,-42.735731,QSO,0.10408635,1.7000,false
V4T003271,19.427472,-44.580587,ELG,0.56269743,1.0000,false
V4T003272,16.935546,-50.175898,ELG,0.66012219,1.0000,false
V4T003273,354.510624,-21.538183,ELG,0.74750109,1.0000,false
V4T003274,40.122074,-54.362366,BGS,1.61201217,0.4500,true
V4T003275,341.295528,-40.812220,ELG,0.73127366,1.0000,false
V4T003276,335.198939,-32.609114,ELG,0.82840784,1.0000,false
V4T003277,353.367522,-36.505168,ELG,0.68331259,1.0000,false
V4T003278,40.212927,-58.915979,BGS,1.17288646,0.4500,false
V4T003279,353.425371,-36.009368,LRG,0.45071854,1.0000,false
V4T003280,17.867394,-53.816805,BGS,1.34950602,0.4500,false
V4T003281,34.812553,-52.727897,LRG,0.49530521,1.0000,false
V4T003282,25.239100,-45.888147,BGS,1.21914200,0.4500,false
V4T003283,36.423405,-52.508926,LRG,0.24693715,1.0000,false
V4T003284,24.872411,-47.554421,LRG,0.50874563,1.0000,false
V4T003285,35.046592,-57.543908,Star,3.92175463,0.3000,false
V4T003286,38.948944,-51.220730,Star,2.08716264,0.3000,false
V4T003287,352.354106,-40.077407,BGS,1.30858526,0.4500,true
V4T003288,26.264614,-53.580893,ELG,0.51127442,1.0000,false
V4T003289,42.591211,-39.508777,ELG,0.92007994,1.0000,false
V4T003290,22.383765,-51.950813,LRG,0.62033076,1.0000,false
V4T003291,31.859181,-36.881728,LRG,0.29217759,1.0000,true
V4T003292,49.457426,-47.783749,ELG,0.64788406,1.0000,false
V4T003293,345.502090,-19.754383,LRG,0.22995579,1.0000,false
V4T003294,21.995533,-48.066135,BGS,1.34209481,0.4500,false
V4T003295,349.539291,-15.152604,ELG,0.59629256,1.0000,false
V4T003296,343.197024,-40.121516,QSO,0.14878624,1.7000,false
V4T003297,345.668855,-17.722211,LRG,0.32367507,1.0000,false
V4T003298,37.212435,-54.989552,LRG,0.38351280,1.0000,true
V4T003299,336.883496,-29.158430,ELG,0.77769767,1.0000,false
V4T003300,50.667477,-45.948988,BGS,1.18738046,0.4500,false
V4T003301,28.276589,-36.348369,BGS,2.46083635,0.4500,false
V4T003302,344.989432,-36.598565,BGS,0.79321520,0.4500,false
V4T003303,43.057279,-38.175900,ELG,0.44941573,1.0000,false
V4T003304,338.039994,-31.942896,BGS,0.94892759,0.4500,false
V4T003305,20.899747,-45.599210,Star,3.77208143,0.3000,false
V4T003306,347.340410,-27.763275,ELG,1.26890952,1.0000,false
V4T003307,346.007745,-36.089582,Star,4.37373042,0.3000,false
V4T003308,29.434995,-46.777015,QSO,0.12579129,1.7000,false
V4T003309,40.197755,-42.052670,QSO,0.17925244,1.7000,false
V4T003310,39.986324,-58.835610,BGS,1.53002945,0.4500,false
V4T003311,43.349791,-51.813795,BGS,1.21825016,0.4500,false
V4T003312,352.081090,-24.603304,Star,4.72806117,0.3000,false
V4T003313,35.973536,-41.128882,QSO,0.17855465,1.7000,false
V4T003314,354.407130,-30.633106,ELG,0.36435724,1.0000,true
V4T003315,52.557485,-50.485848,BGS,1.22214134,0.4500,false
V4T003316,344.246909,-27.374013,Star,6.35883994,0.3000,false
V4T003317,347.198996,-15.179477,LRG,0.39595728,1.0000,true
V4T003318,34.282099,-53.820257,QSO,0.12289246,1.7000,false
V4T003319,336.487374,-37.619471,LRG,0.30341306,1.0000,false
V4T003320,16.597776,-53.950453,ELG,0.74171902,1.0000,false
V4T003321,344.223589,-16.982632,ELG,0.49521108,1.0000,false
V4T003322,40.725003,-46.731005,QSO,0.26724070,1.7000,false
V4T003323,344.341814,-24.972330,ELG,0.55575708,1.0000,false
V4T003324,22.774716,-45.111341,BGS,1.19605894,0.4500,false
V4T003325,354.741017,-16.077417,ELG,0.95718385,1.0000,false
V4T003326,349.903490,-42.057900,LRG,0.92769943,1.0000,false
V4T003327,349.190977,-14.085308,ELG,0.29872665,1.0000,false
V4T003328,43.839634,-37.727192,QSO,0.15022295,1.7000,false
V4T003329,355.164353,-40.294923,ELG,0.98006557,1.0000,false
V4T003330,34.510499,-38.669875,ELG,1.04099887,1.0000,false
V4T003331,38.676048,-46.113742,LRG,0.41561177,1.0000,false
V4T003332,349.007489,-19.700247,ELG,0.43569679,1.0000,false
V4T003333,344.429477,-17.625563,Star,3.25247579,0.3000,false
V4T003334,349.913812,-20.299575,LRG,0.15552732,1.0000,false
V4T003335,53.051105,-51.211438,ELG,1.31842947,1.0000,true
V4T003336,359.222085,-35.958132,LRG,0.49361973,1.0000,false
V4T003337,346.731923,-34.890751,QSO,0.09817648,1.7000,false
V4T003338,36.257357,-47.505054,BGS,1.12232431,0.4500,false
V4T003339,354.868845,-29.014176,ELG,0.57602804,1.0000,false
V4T003340,346.663773,-14.806074,QSO,0.25141764,1.7000,false
V4T003341,40.308254,-50.671048,Star,4.38528373,0.3000,false
V4T003342,340.777875,-40.519964,ELG,0.44990815,1.0000,false
V4T003343,40.759926,-50.024880,LRG,0.44917099,1.0000,false
V4T003344,340.959718,-40.750166,QSO,0.24803210,1.7000,false
V4T003345,356.405131,-21.170376,QSO,0.24338427,1.7000,false
V4T003346,359.558644,-33.240150,BGS,0.98004053,0.4500,false
V4T003347,31.449489,-48.709541,QSO,0.17243507,1.7000,false
V4T003348,35.335299,-37.063662,ELG,0.70798738,1.0000,false
V4T003349,341.229071,-29.090789,Star,2.81464091,0.3000,false
V4T003350,346.021756,-35.142633,BGS,1.87299186,0.4500,false
V4T003351,344.875623,-26.932090,LRG,0.27476297,1.0000,false
V4T003352,345.311822,-29.844544,BGS,1.39715762,0.4500,false
V4T003353,349.448367,-21.271042,QSO,0.21816176,1.7000,false
V4T003354,341.080108,-18.031090,BGS,2.01001290,0.4500,false
V4T003355,17.257859,-49.696938,LRG,0.50982283,1.0000,false
V4T003356,31.323797,-44.467338,BGS,1.11407750,0.4500,false
V4T003357,42.568663,-38.673386,LRG,0.62833211,1.0000,false
V4T003358,41.779664,-44.402765,BGS,1.88078626,0.4500,false
V4T003359,358.114770,-37.789975,BGS,0.75872359,0.4500,false
V4T003360,48.750728,-49.852928,BGS,1.06509335,0.4500,false
V4T003361,35.646860,-52.510014,ELG,0.39828243,1.0000,true
V4T003362,48.101211,-41.314610,LRG,0.30353300,1.0000,false
V4T003363,40.544700,-49.184310,QSO,0.11052239,1.7000,false
V4T003364,346.563095,-32.966161,QSO,0.28525473,1.7000,false
V4T003365,42.647272,-51.964884,ELG,0.40472042,1.0000,false
V4T003366,354.634264,-38.837477,BGS,1.79674264,0.4500,false
V4T003367,349.271588,-19.641770,Star,2.89521642,0.3000,false
V4T003368,355.767335,-40.483921,ELG,0.28380164,1.0000,false
V4T003369,355.082188,-35.064265,ELG,1.06993508,1.0000,false
V4T003370,26.486700,-37.420887,Star,2.92104704,0.3000,false
V4T003371,41.816404,-50.337892,LRG,0.38597412,1.0000,false
V4T003372,32.267955,-47.918130,LRG,0.19815855,1.0000,false
V4T003373,21.279591,-40.544426,LRG,0.48823211,1.0000,false
V4T003374,342.709041,-24.621517,LRG,0.25865472,1.0000,false
V4T003375,359.483791,-34.158954,LRG,0.35507356,1.0000,false
V4T003376,0.206898,-28.451548,ELG,0.52426072,1.0000,false
V4T003377,352.122401,-17.085215,ELG,0.39897184,1.0000,false
V4T003378,40.249780,-42.550854,ELG,0.38786337,1.0000,false
V4T003379,346.601179,-33.762438,LRG,0.33348967,1.0000,false
V4T003380,351.773319,-24.193871,ELG,0.58218145,1.0000,false
V4T003381,358.010095,-24.941020,QSO,0.18725673,1.7000,false
V4T003382,0.648060,-27.636258,ELG,0.49629135,1.0000,true
V4T003383,40.110547,-47.286206,LRG,0.17875433,1.0000,false
V4T003384,26.316469,-54.883656,ELG,0.36314937,1.0000,false
V4T003385,345.247763,-35.978572,ELG,0.47334851,1.0000,false
V4T003386,343.744901,-22.981307,QSO,0.10874710,1.7000,false
V4T003387,16.922448,-52.224736,BGS,0.74060291,0.4500,false
V4T003388,358.287617,-19.433988,QSO,0.05658691,1.7000,false
V4T003389,25.229811,-43.488204,ELG,0.42501144,1.0000,false
V4T003390,34.397928,-46.948258,BGS,0.97978255,0.4500,false
V4T003391,352.713464,-34.980400,QSO,0.16806526,1.7000,false
V4T003392,353.850693,-34.405230,Star,5.95537175,0.3000,false
V4T003393,339.008975,-28.240606,BGS,1.29221159,0.4500,false
V4T003394,342.631350,-26.644049,ELG,0.59614361,1.0000,true
V4T003395,47.867303,-42.424291,LRG,0.21767500,1.0000,false
V4T003396,17.368932,-47.808397,ELG,0.42848040,1.0000,false
V4T003397,46.083555,-45.420014,BGS,0.74742099,0.4500,false
V4T003398,343.413472,-30.583060,ELG,0.90333428,1.0000,false
V4T003399,2.073701,-27.021349,Star,5.64586925,0.3000,false
V4T003400,40.329600,-50.497262,QSO,0.11211090,1.7000,false
V4T003401,342.582396,-32.049009,ELG,0.40251476,1.0000,false
V4T003402,341.390779,-19.231468,ELG,0.48522517,1.0000,false
V4T003403,26.013175,-52.134546,QSO,0.13344489,1.7000,false
V4T003404,40.996740,-59.054365,Star,4.05096228,0.3000,false
V4T003405,344.689834,-27.309748,BGS,1.74046835,0.4500,true
V4T003406,338.123097,-25.149403,Star,3.20287374,0.3000,false
V4T003407,354.768280,-38.444500,ELG,0.32069224,1.0000,false
V4T003408,31.372475,-55.621252,LRG,0.15221592,1.0000,false
V4T003409,348.689321,-22.724220,QSO,0.26075787,1.7000,false
V4T003410,341.879145,-33.168563,Star,4.55468891,0.3000,false
V4T003411,30.957340,-36.863041,ELG,0.61256889,1.0000,false
V4T003412,349.036168,-20.234374,QSO,0.09977628,1.7000,false
V4T003413,18.935071,-52.630455,ELG,0.47853221,1.0000,false
V4T003414,36.347009,-35.709841,QSO,0.19644455,1.7000,false
V4T003415,1.808676,-31.999094,QSO,0.11190151,1.7000,false
V4T003416,44.568717,-36.755513,LRG,0.54108777,1.0000,false
V4T003417,40.598560,-54.369204,ELG,0.44751862,1.0000,false
V4T003418,32.645578,-40.405933,ELG,0.68464880,1.0000,false
V4T003419,347.317114,-37.870062,Star,2.74240851,0.3000,false
V4T003420,41.512680,-49.637741,LRG,0.37057773,1.0000,true
V4T003421,358.128316,-17.052102,ELG,0.56951957,1.0000,false
V4T003422,44.054357,-44.244868,LRG,0.54672644,1.0000,false
V4T003423,346.928117,-19.509009,LRG,0.24370960,1.0000,false
V4T003424,352.617693,-26.387255,ELG,0.36246143,1.0000,false
V4T003425,38.584935,-37.399320,ELG,0.80191748,1.0000,false
V4T003426,24.577979,-55.449101,ELG,0.36861301,1.0000,false
V4T003427,24.241611,-48.455461,ELG,0.37366586,1.0000,false
V4T003428,25.199769,-51.061033,QSO,0.11134311,1.7000,false
V4T003429,43.002086,-39.779436,ELG,0.36243143,1.0000,false
V4T003430,32.216576,-48.326632,Star,4.00676563,0.3000,false
V4T003431,20.335266,-44.481894,LRG,0.25029130,1.0000,false
V4T003432,352.513656,-25.770243,ELG,0.85615274,1.0000,false
V4T003433,35.151004,-40.805040,ELG,0.72171077,1.0000,false
V4T003434,40.574409,-50.753309,QSO,0.17448031,1.7000,false
V4T003435,338.353336,-33.868213,LRG,0.30167802,1.0000,false
V4T003436,27.309106,-41.460033,Star,3.82844743,0.3000,false
V4T003437,44.906495,-58.318562,BGS,0.85302067,0.4500,false
V4T003438,337.952801,-19.544704,LRG,0.22305810,1.0000,false
V4T003439,342.907800,-33.855005,Star,3.76779080,0.3000,false
V4T003440,40.282595,-57.951726,ELG,0.89813314,1.0000,false
V4T003441,40.819127,-49.904579,QSO,0.14649609,1.7000,false
V4T003442,350.395418,-24.701812,BGS,1.59978503,0.4500,false
V4T003443,29.585971,-43.353600,BGS,0.84881761,0.4500,false
V4T003444,359.740649,-29.717435,BGS,0.70243812,0.4500,false
V4T003445,342.441365,-18.327850,ELG,0.42233413,1.0000,false
V4T003446,344.360666,-20.137199,Star,4.08513973,0.3000,false
V4T003447,49.088078,-53.040508,LRG,0.24716439,1.0000,false
V4T003448,41.770840,-49.534407,ELG,0.60068268,1.0000,false
V4T003449,347.207274,-34.230646,LRG,0.45749166,1.0000,false
V4T003450,23.375082,-44.267936,BGS,0.99545926,0.4500,false
V4T003451,344.666859,-21.688364,ELG,0.37373164,1.0000,false
V4T003452,31.922309,-53.061154,ELG,0.65879785,1.0000,true
V4T003453,344.769743,-19.401487,LRG,0.46862885,1.0000,false
V4T003454,40.058114,-49.359817,LRG,0.69605617,1.0000,false
V4T003455,354.213005,-35.128914,ELG,0.32730844,1.0000,false
V4T003456,342.800291,-22.339860,ELG,1.22839899,1.0000,false
V4T003457,351.960099,-24.610186,BGS,2.18175088,0.4500,false
V4T003458,46.465710,-51.892557,LRG,0.26533508,1.0000,false
V4T003459,344.745347,-36.717974,LRG,0.21791879,1.0000,false
V4T003460,41.583262,-58.645331,Star,3.35317666,0.3000,false
V4T003461,356.551629,-37.275562,BGS,1.11071973,0.4500,false
V4T003462,37.203780,-40.888658,ELG,0.41893503,1.0000,false
V4T003463,28.812066,-41.202367,Star,3.86295508,0.3000,true
V4T003464,28.368922,-37.294221,BGS,1.65665705,0.4500,false
V4T003465,15.324386,-52.164533,BGS,1.51835516,0.4500,false
V4T003466,35.996251,-41.194583,QSO,0.25734972,1.7000,false
V4T003467,23.711176,-40.253748,BGS,1.33662979,0.4500,false
V4T003468,336.743276,-30.479415,QSO,0.19657704,1.7000,false
V4T003469,346.307406,-23.554333,BGS,1.87171358,0.4500,false
V4T003470,346.880009,-19.002796,BGS,1.31197687,0.4500,false
V4T003471,349.217342,-35.063506,Star,3.95281337,0.3000,false
V4T003472,48.455216,-42.178515,ELG,0.26272742,1.0000,false
V4T003473,25.352951,-50.559017,BGS,1.43464538,0.4500,false
V4T003474,345.879644,-35.344476,BGS,2.17220373,0.4500,false
V4T003475,341.281236,-41.366090,QSO,0.14914218,1.7000,false
V4T003476,347.536990,-34.064111,ELG,0.58430098,1.0000,false
V4T003477,348.147074,-36.076151,ELG,0.45174684,1.0000,false
V4T003478,351.013901,-25.123035,QSO,0.25099198,1.7000,false
V4T003479,334.919208,-24.769663,BGS,1.11594960,0.4500,false
V4T003480,23.103429,-40.484582,QSO,0.26405663,1.7000,true
V4T003481,356.049543,-21.819177,BGS,1.91973243,0.4500,false
V4T003482,356.415224,-20.619788,QSO,0.10069198,1.7000,false
V4T003483,34.738904,-35.295262,ELG,0.68157680,1.0000,false
V4T003484,39.555954,-37.670792,LRG,0.26270833,1.0000,false
V4T003485,40.015030,-50.009012,BGS,1.15261953,0.4500,true
V4T003486,346.931386,-34.387341,Star,4.06118684,0.3000,false
V4T003487,332.872679,-28.323773,LRG,0.61428092,1.0000,false
V4T003488,38.892170,-52.886420,Star,5.52734125,0.3000,false
V4T003489,50.350875,-42.583887,BGS,1.60941102,0.4500,false
V4T003490,41.316748,-50.580539,LRG,0.38022626,1.0000,false
V4T003491,335.651594,-28.774854,ELG,0.71910436,1.0000,false
V4T003492,345.271843,-17.444211,QSO,0.17067483,1.7000,false
V4T003493,354.133040,-36.398341,ELG,0.86629302,1.0000,false
V4T003494,348.613232,-36.886373,ELG,1.18531401,1.0000,false
V4T003495,338.784357,-28.783435,LRG,0.43182114,1.0000,false
V4T003496,351.820318,-31.728736,ELG,0.38595978,1.0000,false
V4T003497,37.849618,-54.958307,LRG,0.24129687,1.0000,false
V4T003498,43.249133,-51.809143,Star,5.26338886,0.3000,false
V4T003499,354.343482,-35.444338,QSO,0.17013404,1.7000,false
V4T003500,352.478335,-24.748277,LRG,0.35018861,1.0000,false
V4T003501,33.175061,-43.494027,ELG,0.51893973,1.0000,false
V4T003502,32.384985,-47.620599,ELG,0.37285383,1.0000,false
V4T003503,346.313232,-40.712492,BGS,0.82423106,0.4500,true
V4T003504,33.664013,-56.509519,BGS,1.70554537,0.4500,false
V4T003505,345.627966,-16.729334,BGS,2.08283616,0.4500,false
V4T003506,40.685718,-51.173850,ELG,0.69871593,1.0000,false
V4T003507,354.503328,-35.616457,QSO,0.22427300,1.7000,false
V4T003508,345.901333,-36.671098,ELG,0.61701097,1.0000,false
V4T003509,354.470947,-35.508641,QSO,0.21017514,1.7000,false
V4T003510,30.623553,-45.726608,ELG,0.45602944,1.0000,false
V4T003511,352.562820,-25.179144,LRG,0.41783197,1.0000,false
V4T003512,346.308047,-33.824777,ELG,0.58735306,1.0000,false
V4T003513,345.030823,-17.623944,LRG,0.37846875,1.0000,false
V4T003514,32.457318,-51.286704,ELG,0.59924938,1.0000,false
V4T003515,345.489939,-29.551183,BGS,1.06328398,0.4500,false
V4T003516,38.185241,-54.100184,ELG,0.72739286,1.0000,false
V4T003517,18.955608,-49.535986,ELG,0.48013956,1.0000,false
V4T003518,348.194408,-40.015060,ELG,0.32570835,1.0000,false
V4T003519,339.369415,-24.564645,ELG,0.64048684,1.0000,false
V4T003520,342.154863,-38.342688,ELG,1.18162115,1.0000,false
V4T003521,353.135115,-34.063330,ELG,0.63315845,1.0000,false
V4T003522,335.533467,-28.533878,ELG,0.37448635,1.0000,false
V4T003523,339.458797,-30.253393,ELG,0.51761427,1.0000,false
V4T003524,336.225794,-29.811318,QSO,0.19245954,1.7000,false
V4T003525,338.139763,-28.878132,ELG,0.50993798,1.0000,false
V4T003526,19.247885,-52.452597,QSO,0.17129341,1.7000,false
V4T003527,29.542694,-51.838566,ELG,0.63181886,1.0000,false
V4T003528,22.681098,-49.478635,BGS,1.97587158,0.4500,false
V4T003529,340.106885,-36.394161,LRG,0.26500855,1.0000,false
V4T003530,46.658075,-38.637698,BGS,0.93063866,0.4500,false
V4T003531,40.842019,-43.662735,BGS,0.60196585,0.4500,false
V4T003532,340.634651,-40.874384,ELG,0.48001566,1.0000,false
V4T003533,343.274799,-33.873221,LRG,0.34435040,1.0000,false
V4T003534,350.966304,-13.914526,BGS,1.25011211,0.4500,false
V4T003535,354.848037,-23.852280,LRG,0.37788873,1.0000,false
V4T003536,27.582730,-43.144310,BGS,2.21342007,0.4500,false
V4T003537,353.541483,-34.069258,QSO,0.18518608,1.7000,false
V4T003538,40.781509,-50.126084,BGS,0.77121603,0.4500,false
V4T003539,31.845344,-37.527227,BGS,1.88653042,0.4500,false
V4T003540,33.721682,-48.387243,Star,6.77340870,0.3000,false
V4T003541,344.500295,-27.684699,LRG,0.38030701,1.0000,false
V4T003542,22.423987,-44.544414,BGS,1.03701978,0.4500,false
V4T003543,346.147571,-34.053459,QSO,0.04990025,1.7000,false
V4T003544,345.498722,-42.061734,Star,3.57943650,0.3000,false
V4T003545,16.354801,-52.992280,LRG,0.23694052,1.0000,false
V4T003546,335.234147,-24.150347,QSO,0.05123107,1.7000,false
V4T003547,343.604376,-17.994773,BGS,1.78543083,0.4500,false
V4T003548,345.003251,-17.011526,LRG,0.34832037,1.0000,false
V4T003549,48.354220,-42.735028,BGS,1.07295223,0.4500,false
V4T003550,34.643109,-53.119408,LRG,0.59567293,1.0000,false
V4T003551,336.261409,-23.245386,LRG,0.56117407,1.0000,false
V4T003552,357.349049,-21.021045,LRG,0.26212330,1.0000,false
V4T003553,342.269233,-26.817616,ELG,0.60559901,1.0000,false
V4T003554,19.807169,-46.269726,LRG,0.41332246,1.0000,true
V4T003555,39.180856,-37.718127,LRG,0.22382032,1.0000,false
V4T003556,346.115678,-34.176907,BGS,1.03095363,0.4500,false
V4T003557,44.375046,-42.525274,QSO,0.22733307,1.7000,false
V4T003558,36.135456,-50.654817,Star,4.64351977,0.3000,false
V4T003559,342.972972,-29.605084,BGS,0.92315596,0.4500,false
V4T003560,332.261589,-30.676584,ELG,0.52208453,1.0000,false
V4T003561,47.023878,-53.089853,QSO,0.27289010,1.7000,false
V4T003562,19.290641,-44.932796,LRG,0.22242198,1.0000,false
V4T003563,32.242231,-41.872856,LRG,0.48189008,1.0000,false
V4T003564,358.151884,-24.335574,LRG,0.66567558,1.0000,false
V4T003565,40.659368,-48.967977,QSO,0.17928200,1.7000,false
V4T003566,28.964680,-40.483871,ELG,0.60592510,1.0000,false
V4T003567,343.340272,-22.202769,LRG,0.30261384,1.0000,false
V4T003568,40.684084,-40.690552,Star,4.77747887,0.3000,false
V4T003569,343.606204,-16.801817,QSO,0.10888815,1.7000,false
V4T003570,27.684529,-37.066627,ELG,0.34595071,1.0000,false
V4T003571,349.008979,-13.519063,QSO,0.19309157,1.7000,false
V4T003572,352.050823,-25.371211,LRG,0.51043375,1.0000,false
V4T003573,353.780541,-35.924864,QSO,0.11801880,1.7000,false
V4T003574,346.299155,-19.950441,ELG,0.57877413,1.0000,false
V4T003575,355.664129,-27.041529,Star,2.88654186,0.3000,true
V4T003576,16.534268,-53.097442,ELG,0.56844746,1.0000,false
V4T003577,336.708109,-27.376918,ELG,0.61769612,1.0000,false
V4T003578,353.730349,-35.218901,ELG,0.54027917,1.0000,false
V4T003579,341.843144,-15.617663,ELG,0.33925199,1.0000,false
V4T003580,35.556864,-42.592567,ELG,0.47311057,1.0000,false
V4T003581,24.068645,-53.150925,BGS,1.62974163,0.4500,false
V4T003582,30.643526,-37.494551,ELG,0.63505738,1.0000,false
V4T003583,338.208731,-24.742473,BGS,0.79756601,0.4500,false
V4T003584,28.082901,-41.144557,ELG,0.31963003,1.0000,false
V4T003585,342.210316,-27.932441,LRG,0.25192283,1.0000,false
V4T003586,344.522871,-26.814518,BGS,1.08829886,0.4500,false
V4T003587,343.468274,-18.619978,BGS,0.96537900,0.4500,false
V4T003588,23.789358,-51.475285,LRG,0.63218299,1.0000,false
V4T003589,39.501730,-38.776405,ELG,0.85406863,1.0000,false
V4T003590,344.794212,-18.292166,BGS,1.01061830,0.4500,false
V4T003591,28.397463,-51.275202,ELG,0.48900756,1.0000,false
V4T003592,344.438700,-27.788562,ELG,0.21612404,1.0000,false
V4T003593,348.398718,-29.940148,BGS,1.81046940,0.4500,false
V4T003594,24.813861,-42.905710,ELG,1.59697551,1.0000,false
V4T003595,341.186322,-35.134965,QSO,0.11225852,1.7000,false
V4T003596,39.279366,-58.256546,ELG,0.86747381,1.0000,false
V4T003597,32.314247,-37.748889,ELG,0.92145790,1.0000,false
V4T003598,342.916406,-30.179414,BGS,1.62970197,0.4500,false
V4T003599,354.374189,-39.953002,Star,3.82096530,0.3000,false
V4T003600,346.285435,-35.762538,LRG,0.20213025,1.0000,false
V4T003601,357.980232,-27.669343,QSO,0.18026277,1.7000,false
V4T003602,346.172364,-42.404645,BGS,1.23281348,0.4500,false
V4T003603,48.009253,-42.061344,ELG,0.59124747,1.0000,false
V4T003604,348.526335,-41.147094,ELG,0.32037872,1.0000,false
V4T003605,345.118795,-17.817194,QSO,0.12015760,1.7000,false
V4T003606,342.634646,-22.431782,LRG,0.46038182,1.0000,false
V4T003607,353.803726,-31.691575,QSO,0.05098551,1.7000,false
V4T003608,351.408076,-25.748771,ELG,0.86459286,1.0000,false
V4T003609,355.805529,-20.398052,LRG,0.21539005,1.0000,false
V4T003610,349.811289,-18.248534,LRG,0.54514427,1.0000,false
V4T003611,350.188901,-15.558822,QSO,0.28143662,1.7000,false
V4T003612,334.388681,-23.204330,Star,4.76212113,0.3000,false
V4T003613,338.717526,-20.298160,ELG,0.90330112,1.0000,false
V4T003614,344.826810,-27.234606,LRG,0.17885351,1.0000,false
V4T003615,342.321505,-29.448811,ELG,0.55286125,1.0000,false
V4T003616,348.117676,-14.813921,ELG,0.55151937,1.0000,false
V4T003617,30.112984,-46.527250,QSO,0.59854604,1.7000,false
V4T003618,51.933040,-51.492633,BGS,1.55920640,0.4500,false
V4T003619,339.884481,-30.721617,BGS,1.33652263,0.4500,false
V4T003620,355.954887,-34.161917,LRG,0.40294077,1.0000,false
V4T003621,348.460161,-29.450200,LRG,0.34863078,1.0000,false
V4T003622,33.746425,-48.459173,QSO,0.32543560,1.7000,false
V4T003623,344.707322,-34.769091,BGS,1.52539485,0.4500,false
V4T003624,31.280352,-58.386114,ELG,0.42460111,1.0000,false
V4T003625,40.357318,-46.131236,ELG,0.90562044,1.0000,false
V4T003626,15.629093,-46.365957,ELG,0.47446828,1.0000,false
V4T003627,30.508814,-48.176359,BGS,1.18700970,0.4500,false
V4T003628,352.699145,-36.601297,ELG,0.69022484,1.0000,false
V4T003629,358.651544,-20.532733,ELG,0.85581839,1.0000,false
V4T003630,44.691191,-53.336690,QSO,0.11679192,1.7000,false
V4T003631,33.297205,-51.400141,BGS,1.86803433,0.4500,false
V4T003632,346.202089,-14.889541,BGS,1.42795664,0.4500,false
V4T003633,345.548846,-28.156019,ELG,0.55043618,1.0000,false
V4T003634,41.445043,-51.321610,BGS,0.74923165,0.4500,false
V4T003635,28.568710,-51.374907,QSO,0.20696995,1.7000,false
V4T003636,345.924913,-31.430317,Star,4.27605317,0.3000,false
V4T003637,338.690238,-23.797357,BGS,1.41339075,0.4500,false
V4T003638,339.857857,-41.232391,Star,4.39305838,0.3000,false
V4T003639,338.598945,-23.401507,LRG,0.35122295,1.0000,false
V4T003640,341.490704,-20.375751,QSO,0.61538850,1.7000,false
V4T003641,352.551534,-36.681370,ELG,0.60472339,1.0000,false
V4T003642,341.550659,-30.863702,ELG,1.12965820,1.0000,true
V4T003643,356.895111,-34.561511,ELG,0.51603833,1.0000,false
V4T003644,17.537215,-43.572266,ELG,0.29831103,1.0000,false
V4T003645,346.262198,-36.385633,LRG,0.48569398,1.0000,false
V4T003646,32.007436,-48.648091,Star,3.91231808,0.3000,false
V4T003647,41.156812,-49.906143,LRG,0.26904554,1.0000,false
V4T003648,336.747716,-31.519156,QSO,0.12278783,1.7000,false
V4T003649,42.540123,-52.483396,ELG,0.39854101,1.0000,true
V4T003650,48.915741,-56.856677,QSO,0.34365813,1.7000,false
V4T003651,48.912995,-56.149996,ELG,0.33492915,1.0000,false
V4T003652,26.459230,-44.380489,QSO,0.14099286,1.7000,false
V4T003653,340.996174,-31.093583,QSO,0.13903116,1.7000,false
V4T003654,344.975563,-28.104235,BGS,1.61516663,0.4500,false
V4T003655,335.129945,-30.690197,BGS,0.67782550,0.4500,false
V4T003656,40.737472,-59.020546,QSO,0.52482228,1.7000,true
V4T003657,357.104469,-30.933635,BGS,1.24118811,0.4500,false
V4T003658,339.195423,-26.340934,ELG,0.50208827,1.0000,false
V4T003659,0.989639,-32.890190,LRG,0.31998813,1.0000,false
V4T003660,353.827310,-38.376297,BGS,0.95344972,0.4500,false
V4T003661,345.910965,-34.108862,QSO,0.21186451,1.7000,false
V4T003662,336.725339,-32.059842,ELG,0.38047495,1.0000,false
V4T003663,342.208815,-36.595035,ELG,0.66117439,1.0000,false
V4T003664,354.064709,-27.510793,QSO,0.10785953,1.7000,false
V4T003665,31.275649,-56.898228,ELG,0.70495477,1.0000,false
V4T003666,355.217395,-19.018579,ELG,0.45387469,1.0000,false
V4T003667,44.804684,-50.063285,BGS,1.24384441,0.4500,false
V4T003668,342.494225,-30.553385,QSO,0.22977968,1.7000,false
V4T003669,343.447778,-30.696154,LRG,0.32926100,1.0000,false
V4T003670,30.405028,-38.850594,BGS,0.91341289,0.4500,false
V4T003671,27.728570,-46.897263,ELG,0.50133462,1.0000,false
V4T003672,344.043211,-18.160079,ELG,0.28819845,1.0000,true
V4T003673,43.679043,-48.910259,BGS,1.25404357,0.4500,false
V4T003674,338.948395,-29.329915,Star,7.73425973,0.3000,false
V4T003675,42.289502,-50.048868,BGS,1.95488325,0.4500,false
V4T003676,29.945176,-51.857371,BGS,1.58531358,0.4500,false
V4T003677,22.666882,-54.513518,ELG,0.40474767,1.0000,false
V4T003678,339.823966,-17.224532,QSO,0.11178058,1.7000,false
V4T003679,344.597539,-27.432111,LRG,0.37623474,1.0000,false
V4T003680,47.067901,-50.181628,BGS,1.04489148,0.4500,false
V4T003681,353.409951,-24.828012,BGS,1.23912129,0.4500,false
V4T003682,348.930307,-35.745104,BGS,2.33712414,0.4500,false
V4T003683,47.759771,-41.508330,BGS,1.44132300,0.4500,false
V4T003684,354.268116,-27.556700,QSO,0.19935733,1.7000,false
V4T003685,49.866911,-41.702215,ELG,1.12133773,1.0000,false
V4T003686,23.370118,-45.714462,LRG,0.24438945,1.0000,false
V4T003687,21.483275,-43.700706,Star,5.82231477,0.3000,false
V4T003688,347.297049,-29.957577,QSO,0.23079382,1.7000,false
V4T003689,21.003165,-43.951332,BGS,1.04721767,0.4500,false
V4T003690,43.424484,-56.607217,BGS,1.67216935,0.4500,false
V4T003691,351.939627,-31.651736,LRG,0.30975309,1.0000,false
V4T003692,40.175028,-58.874461,BGS,0.82545912,0.4500,false
V4T003693,0.048153,-21.196252,BGS,1.07048847,0.4500,false
V4T003694,355.528850,-20.505285,BGS,1.24646112,0.4500,false
V4T003695,30.237776,-38.366833,LRG,0.37475965,1.0000,false
V4T003696,52.376966,-45.856868,ELG,0.59046896,1.0000,false
V4T003697,355.266615,-25.082304,ELG,0.70218808,1.0000,false
V4T003698,23.914748,-49.562449,ELG,0.74294887,1.0000,false
V4T003699,347.122736,-33.736190,BGS,1.52452100,0.4500,false
V4T003700,47.740421,-42.938975,LRG,0.29701733,1.0000,false
V4T003701,33.262516,-48.516958,BGS,0.85036294,0.4500,false
V4T003702,35.542672,-51.456307,ELG,0.96546329,1.0000,false
V4T003703,343.909838,-26.102384,LRG,0.47327443,1.0000,false
V4T003704,1.353466,-29.125799,ELG,0.79871976,1.0000,false
V4T003705,345.991195,-36.162999,LRG,0.39652344,1.0000,true
V4T003706,344.614066,-31.710354,ELG,0.44969275,1.0000,false
V4T003707,355.667342,-15.425718,BGS,1.31251297,0.4500,false
V4T003708,354.286100,-21.956615,ELG,0.60526483,1.0000,false
V4T003709,48.029827,-46.432111,Star,2.99864267,0.3000,false
V4T003710,41.307866,-59.210551,BGS,1.31865830,0.4500,false
V4T003711,45.209208,-39.873497,ELG,0.30933492,1.0000,false
V4T003712,33.133500,-53.247224,ELG,0.66059161,1.0000,false
V4T003713,345.123366,-17.243547,ELG,0.33485980,1.0000,false
V4T003714,339.693581,-25.494252,LRG,0.26138966,1.0000,false
V4T003715,351.476856,-23.947023,Star,4.45722943,0.3000,false
V4T003716,341.601266,-33.046463,ELG,0.53764967,1.0000,false
V4T003717,27.953950,-56.595531,BGS,2.07417551,0.4500,false
V4T003718,34.678086,-46.063463,ELG,0.48834095,1.0000,false
V4T003719,355.066793,-39.158874,BGS,0.94513594,0.4500,false
V4T003720,353.530646,-38.374938,ELG,1.02494234,1.0000,false
V4T003721,39.074943,-43.518505,BGS,1.43721708,0.4500,false
V4T003722,32.295763,-47.487124,ELG,0.43644163,1.0000,false
V4T003723,32.432939,-41.164982,BGS,1.54527162,0.4500,false
V4T003724,345.237294,-35.468521,ELG,0.50255588,1.0000,false
V4T003725,48.234968,-41.830359,ELG,0.51004209,1.0000,false
V4T003726,48.783774,-42.135272,BGS,0.95973587,0.4500,false
V4T003727,346.154870,-16.120479,ELG,0.32666329,1.0000,false
V4T003728,31.740141,-47.301381,BGS,1.16010238,0.4500,false
V4T003729,43.917804,-37.868751,ELG,0.85746972,1.0000,false
V4T003730,20.173045,-44.977173,BGS,2.01404687,0.4500,false
V4T003731,346.912660,-34.415044,LRG,0.26767819,1.0000,false
V4T003732,51.042721,-43.508743,LRG,0.38104934,1.0000,false
V4T003733,48.439778,-41.623135,QSO,0.12298490,1.7000,false
V4T003734,354.013079,-35.902869,ELG,0.53978358,1.0000,false
V4T003735,343.682115,-28.007981,LRG,0.43769921,1.0000,false
V4T003736,335.750576,-23.186361,LRG,0.22094427,1.0000,false
V4T003737,20.305409,-42.481936,BGS,0.76516776,0.4500,false
V4T003738,343.532268,-27.570033,ELG,0.44167104,1.0000,false
V4T003739,348.325117,-22.108262,BGS,1.17176493,0.4500,false
V4T003740,33.690768,-49.221528,LRG,0.54407502,1.0000,false
V4T003741,42.808305,-55.505039,ELG,0.62390565,1.0000,false
V4T003742,357.219511,-38.926653,BGS,0.79395143,0.4500,false
V4T003743,344.413653,-17.594969,BGS,0.90151815,0.4500,false
V4T003744,35.024910,-40.220235,QSO,0.26042788,1.7000,false
V4T003745,30.791480,-55.713325,BGS,0.90243683,0.4500,false
V4T003746,20.524117,-56.577232,ELG,0.29231288,1.0000,false
V4T003747,339.670179,-36.477138,LRG,0.23567365,1.0000,false
V4T003748,353.612929,-35.849930,ELG,0.98159017,1.0000,false
V4T003749,354.309083,-37.688016,LRG,0.31628568,1.0000,false
V4T003750,44.622290,-42.101107,BGS,1.13864536,0.4500,false
V4T003751,30.613486,-46.799373,ELG,0.62833504,1.0000,false
V4T003752,18.396023,-44.572457,QSO,0.04576923,1.7000,false
V4T003753,46.003326,-57.326967,BGS,1.19487708,0.4500,false
V4T003754,353.379924,-32.829484,LRG,0.29466903,1.0000,false
V4T003755,28.279026,-38.601683,BGS,1.95544677,0.4500,false
V4T003756,345.695706,-14.984018,BGS,1.04085753,0.4500,false
V4T003757,35.406429,-38.842178,ELG,0.66987366,1.0000,false
V4T003758,49.174924,-45.128294,ELG,0.26639826,1.0000,false
V4T003759,39.706926,-58.958323,LRG,0.39996672,1.0000,false
V4T003760,26.010229,-52.296458,LRG,0.41138774,1.0000,false
V4T003761,345.574941,-26.893918,LRG,0.21376868,1.0000,false
V4T003762,22.075867,-40.293328,BGS,2.01729348,0.4500,false
V4T003763,48.055057,-41.795958,BGS,0.98949849,0.4500,false
V4T003764,43.156338,-38.313997,ELG,0.59389450,1.0000,false
V4T003765,345.469695,-17.275880,LRG,0.27140449,1.0000,false
V4T003766,356.618243,-21.869982,LRG,0.36264405,1.0000,false
V4T003767,345.126622,-27.255661,ELG,0.38302564,1.0000,false
V4T003768,332.570835,-28.645766,ELG,0.75078320,1.0000,false
V4T003769,347.864223,-22.461837,QSO,0.13541920,1.7000,false
V4T003770,350.025815,-37.364831,ELG,0.38669152,1.0000,false
V4T003771,41.015983,-58.782966,ELG,0.84480071,1.0000,false
V4T003772,50.214362,-44.518050,ELG,0.42685508,1.0000,false
V4T003773,30.721424,-41.403868,ELG,0.91793041,1.0000,false
V4T003774,344.552218,-17.739214,QSO,0.13912211,1.7000,false
V4T003775,337.792699,-27.909223,ELG,0.52085922,1.0000,false
V4T003776,355.177574,-29.036072,BGS,1.71783613,0.4500,false
V4T003777,33.303099,-48.439088,ELG,0.77278198,1.0000,false
V4T003778,338.032588,-26.734598,ELG,0.35317595,1.0000,false
V4T003779,353.338729,-36.119064,ELG,0.55888310,1.0000,false
V4T003780,340.482203,-41.148310,LRG,0.31312292,1.0000,false
V4T003781,347.401536,-35.706834,QSO,0.14131113,1.7000,false
V4T003782,347.949290,-21.904910,BGS,1.20763820,0.4500,false
V4T003783,341.466436,-18.280797,BGS,1.18919792,0.4500,false
V4T003784,15.174194,-47.839938,BGS,1.41224372,0.4500,false
V4T003785,341.207998,-33.294669,Star,4.27117935,0.3000,false
V4T003786,342.577020,-28.280613,QSO,0.17041561,1.7000,false
V4T003787,44.288638,-58.572230,ELG,0.33686451,1.0000,false
V4T003788,345.458398,-31.601493,BGS,1.15596645,0.4500,false
V4T003789,342.997329,-39.284341,BGS,1.67346097,0.4500,false
V4T003790,27.519101,-46.841034,ELG,0.62673472,1.0000,false
V4T003791,344.511112,-17.725685,LRG,0.36911073,1.0000,false
V4T003792,15.100965,-47.829052,ELG,0.42849480,1.0000,false
V4T003793,345.108335,-31.921927,BGS,1.00157733,0.4500,false
V4T003794,40.470436,-50.021585,LRG,0.35434334,1.0000,false
V4T003795,353.116971,-28.932536,QSO,0.26066377,1.7000,false
V4T003796,51.505585,-49.739358,LRG,0.41528554,1.0000,false
V4T003797,34.134403,-37.326478,ELG,0.87505841,1.0000,false
V4T003798,357.098579,-17.176859,ELG,0.67056163,1.0000,false
V4T003799,343.203211,-29.957630,BGS,1.16926100,0.4500,false
V4T003800,339.070902,-40.517882,BGS,0.86079430,0.4500,false
V4T003801,27.945374,-40.142878,BGS,0.91996769,0.4500,false
V4T003802,348.875926,-16.998055,ELG,0.76812845,1.0000,false
V4T003803,46.174446,-43.790909,QSO,0.10949363,1.7000,false
V4T003804,336.164423,-33.980787,QSO,0.15177375,1.7000,false
V4T003805,344.179986,-27.348156,LRG,0.38808465,1.0000,false
V4T003806,15.046083,-50.517815,Star,2.91809176,0.3000,false
V4T003807,359.027256,-26.938321,BGS,1.08419610,0.4500,false
V4T003808,0.714476,-20.636635,ELG,0.36485302,1.0000,false
V4T003809,26.602453,-54.156126,BGS,0.75067293,0.4500,true
V4T003810,49.029315,-41.898574,BGS,1.23864411,0.4500,false
V4T003811,348.846311,-35.416351,LRG,0.35121552,1.0000,false
V4T003812,16.480925,-53.465860,LRG,0.51148775,1.0000,false
V4T003813,29.247629,-38.466693,ELG,0.36012508,1.0000,false
V4T003814,339.367589,-39.187211,LRG,0.56409547,1.0000,false
V4T003815,31.389505,-47.685641,QSO,0.25678376,1.7000,false
V4T003816,338.346872,-27.322677,LRG,0.47485323,1.0000,false
V4T003817,1.997465,-23.583242,LRG,0.17794049,1.0000,false
V4T003818,357.965798,-20.194685,QSO,0.06858342,1.7000,false
V4T003819,39.438633,-54.555914,BGS,1.72570055,0.4500,false
V4T003820,345.695285,-26.951518,LRG,0.37156833,1.0000,false
V4T003821,32.594104,-54.319938,LRG,0.82633201,1.0000,false
V4T003822,41.282038,-51.111727,ELG,0.28893616,1.0000,false
V4T003823,347.866902,-34.529153,Star,3.62387742,0.3000,false
V4T003824,346.374685,-30.188886,ELG,0.31438504,1.0000,false
V4T003825,32.505506,-48.164310,ELG,0.69951127,1.0000,false
V4T003826,27.489083,-37.366751,BGS,1.67217706,0.4500,false
V4T003827,343.631573,-29.221468,BGS,0.85561477,0.4500,false
V4T003828,357.685584,-38.160932,QSO,0.38664152,1.7000,false
V4T003829,351.406756,-25.985520,BGS,1.14892769,0.4500,false
V4T003830,358.575804,-32.335782,ELG,0.67081742,1.0000,false
V4T003831,335.070707,-31.144377,LRG,0.51498756,1.0000,false
V4T003832,347.283759,-34.390845,BGS,0.78594377,0.4500,false
V4T003833,41.940772,-59.015147,ELG,0.94783649,1.0000,false
V4T003834,37.357160,-37.447140,ELG,0.42359500,1.0000,false
V4T003835,31.803613,-48.695840,ELG,0.61531445,1.0000,false
V4T003836,47.235224,-49.638174,ELG,0.52162717,1.0000,false
V4T003837,21.522921,-46.928722,LRG,0.48732049,1.0000,false
V4T003838,352.953131,-36.242438,Star,4.62178516,0.3000,false
V4T003839,344.607041,-34.402196,LRG,0.30868114,1.0000,false
V4T003840,48.724090,-40.734641,ELG,0.60135903,1.0000,false
V4T003841,42.783757,-58.207814,ELG,0.90814661,1.0000,false
V4T003842,43.485900,-43.605600,ELG,0.66507187,1.0000,false
V4T003843,36.091242,-56.210334,LRG,0.51392211,1.0000,false
V4T003844,47.382254,-42.665880,ELG,0.42818121,1.0000,false
V4T003845,45.173415,-45.705410,QSO,0.17419101,1.7000,false
V4T003846,49.905405,-44.380335,ELG,0.58820536,1.0000,false
V4T003847,351.655978,-24.566572,Star,6.54617349,0.3000,false
V4T003848,353.263234,-13.940052,ELG,0.93102928,1.0000,false
V4T003849,354.478348,-14.518833,ELG,0.74930429,1.0000,true
V4T003850,46.290209,-41.699194,BGS,1.05127757,0.4500,false
V4T003851,351.267055,-35.469664,LRG,0.53808941,1.0000,false
V4T003852,30.225956,-49.865314,ELG,0.70083841,1.0000,false
V4T003853,333.648344,-32.193303,BGS,1.25630356,0.4500,false
V4T003854,22.977788,-47.527451,ELG,0.79434275,1.0000,false
V4T003855,341.325879,-24.614452,ELG,0.88103214,1.0000,false
V4T003856,49.129049,-41.913994,ELG,0.56368036,1.0000,false
V4T003857,41.562228,-37.303176,QSO,0.13652512,1.7000,false
V4T003858,48.891151,-42.100186,QSO,0.24793490,1.7000,false
V4T003859,346.582422,-34.363985,QSO,0.17007107,1.7000,false
V4T003860,43.189469,-47.098465,LRG,0.27750278,1.0000,false
V4T003861,344.945757,-17.635493,ELG,0.38995805,1.0000,false
V4T003862,346.128239,-27.303276,ELG,0.59909630,1.0000,false
V4T003863,31.837142,-55.667836,LRG,0.36046535,1.0000,false
V4T003864,32.256687,-48.274105,QSO,0.12838822,1.7000,false
V4T003865,339.288350,-32.864988,ELG,0.55396840,1.0000,false
V4T003866,39.533641,-56.173464,ELG,0.39136639,1.0000,false
V4T003867,15.931637,-46.612950,ELG,0.39271766,1.0000,false
V4T003868,347.159847,-41.054522,LRG,0.40883041,1.0000,false
V4T003869,357.282456,-28.216552,ELG,0.95805983,1.0000,false
V4T003870,348.530837,-14.763891,LRG,0.40514540,1.0000,false
V4T003871,351.940831,-25.369839,BGS,1.80510845,0.4500,false
V4T003872,345.163503,-27.726735,BGS,0.72523662,0.4500,false
V4T003873,22.481357,-47.641476,BGS,1.35390575,0.4500,false
V4T003874,335.682281,-32.544562,BGS,1.11629046,0.4500,false
V4T003875,354.448695,-35.544510,ELG,0.84164650,1.0000,false
V4T003876,358.073952,-34.060327,BGS,1.80101291,0.4500,false
V4T003877,353.844798,-21.114598,BGS,1.12317881,0.4500,false
V4T003878,353.751675,-29.646635,BGS,1.44636713,0.4500,false
V4T003879,345.612319,-35.570913,BGS,1.10834454,0.4500,false
V4T003880,353.776742,-17.135413,BGS,2.07259369,0.4500,false
V4T003881,350.448298,-39.694775,LRG,0.27419510,1.0000,false
V4T003882,31.289771,-58.714063,ELG,0.58829911,1.0000,false
V4T003883,49.817928,-44.078558,Star,4.16378344,0.3000,false
V4T003884,36.171900,-39.495658,Star,3.11862320,0.3000,false
V4T003885,33.133373,-43.594774,BGS,1.32646173,0.4500,false
V4T003886,43.409235,-49.933491,LRG,0.40364042,1.0000,false
V4T003887,351.043922,-24.975312,Star,6.17533014,0.3000,false
V4T003888,346.369615,-29.371537,LRG,0.25462270,1.0000,false
V4T003889,36.775510,-47.421450,BGS,1.33892837,0.4500,false
V4T003890,354.035640,-25.443439,ELG,0.33973590,1.0000,false
V4T003891,344.406264,-17.896256,LRG,0.50456125,1.0000,false
V4T003892,339.516988,-16.494996,BGS,0.79323796,0.4500,false
V4T003893,42.365434,-48.405123,Star,2.79371063,0.3000,true
V4T003894,31.244010,-39.495997,ELG,0.24371989,1.0000,false
V4T003895,41.211738,-43.921094,BGS,1.73341185,0.4500,false
V4T003896,359.398895,-32.595921,ELG,0.88000052,1.0000,true
V4T003897,356.976859,-39.196157,ELG,0.33713382,1.0000,true
V4T003898,356.003165,-39.716004,QSO,0.22679551,1.7000,false
V4T003899,342.462297,-30.251660,BGS,1.18071493,0.4500,true
V4T003900,31.764314,-40.008915,QSO,0.13032407,1.7000,false
V4T003901,351.527395,-25.384720,QSO,0.34270529,1.7000,false
V4T003902,31.797439,-48.325540,LRG,0.14036952,1.0000,false
V4T003903,349.456245,-41.213739,ELG,0.86608292,1.0000,false
V4T003904,355.803527,-38.530471,BGS,1.18580496,0.4500,true
V4T003905,27.735715,-55.673231,ELG,0.71916316,1.0000,false
V4T003906,350.441668,-37.143602,ELG,0.90808036,1.0000,false
V4T003907,41.452910,-50.637062,ELG,0.58905776,1.0000,false
V4T003908,30.468000,-57.211930,BGS,1.52532318,0.4500,true
V4T003909,38.410347,-54.066807,ELG,0.30186919,1.0000,false
V4T003910,0.058154,-26.989531,BGS,2.36387305,0.4500,false
V4T003911,33.262205,-48.386682,QSO,0.29165681,1.7000,false
V4T003912,29.308880,-53.470444,LRG,0.40575359,1.0000,false
V4T003913,46.576053,-56.273097,BGS,1.41378688,0.4500,false
V4T003914,338.041733,-21.954184,ELG,0.57529491,1.0000,false
V4T003915,46.001644,-52.542619,Star,4.66579041,0.3000,false
V4T003916,338.237354,-24.696797,LRG,0.25146238,1.0000,false
V4T003917,20.806402,-50.069210,LRG,0.40811610,1.0000,false
V4T003918,356.404943,-38.555006,ELG,0.53279553,1.0000,false
V4T003919,343.487741,-28.776644,BGS,1.07561982,0.4500,false
V4T003920,51.131863,-52.929394,LRG,0.35401379,1.0000,false
V4T003921,18.622441,-49.538261,BGS,1.33369606,0.4500,false
V4T003922,335.163949,-27.525923,LRG,0.23486217,1.0000,false
V4T003923,340.652903,-40.683341,QSO,0.27582438,1.7000,false
V4T003924,354.130193,-35.706985,BGS,0.95402539,0.4500,false
V4T003925,26.720856,-48.616969,BGS,1.92620076,0.4500,false
V4T003926,341.603545,-18.341545,ELG,0.98759976,1.0000,false
V4T003927,350.480090,-24.925427,ELG,0.35268517,1.0000,true
V4T003928,38.887017,-58.775551,ELG,0.82725730,1.0000,false
V4T003929,18.999356,-44.896706,QSO,0.22821041,1.7000,false
V4T003930,0.411684,-21.077428,LRG,0.21177849,1.0000,false
V4T003931,345.396163,-35.542886,BGS,1.39354643,0.4500,false
V4T003932,44.140664,-57.949902,LRG,0.43326693,1.0000,false
V4T003933,337.823533,-23.952147,LRG,0.29289625,1.0000,false
V4T003934,22.920237,-56.567889,BGS,1.67811469,0.4500,false
V4T003935,49.571585,-43.732403,Star,3.42102186,0.3000,false
V4T003936,358.615161,-27.499285,BGS,1.24034616,0.4500,false
V4T003937,19.167529,-45.451177,BGS,1.42503582,0.4500,false
V4T003938,343.043830,-26.193188,ELG,0.46977773,1.0000,false
V4T003939,350.024825,-35.415128,BGS,0.88306733,0.4500,false
V4T003940,29.664524,-56.100956,ELG,0.58918164,1.0000,false
V4T003941,36.383619,-54.312963,ELG,0.38678028,1.0000,false
V4T003942,354.629255,-14.839363,Star,4.20117647,0.3000,false
V4T003943,46.902597,-49.270956,LRG,0.66246869,1.0000,true
V4T003944,344.380220,-27.105008,Star,4.32635435,0.3000,false
V4T003945,34.213435,-49.272262,LRG,0.48266309,1.0000,false
V4T003946,45.380765,-47.933581,LRG,0.23023746,1.0000,false
V4T003947,358.475935,-19.746610,BGS,1.87821308,0.4500,false
V4T003948,356.616382,-33.866368,LRG,0.23975389,1.0000,false
V4T003949,355.220185,-16.465557,LRG,0.94556713,1.0000,false
V4T003950,27.382778,-41.794567,ELG,0.72324331,1.0000,false
V4T003951,342.550454,-39.349861,BGS,1.61657663,0.4500,false
V4T003952,353.810350,-37.240366,LRG,0.35705927,1.0000,false
V4T003953,344.610953,-26.872633,ELG,0.49679561,1.0000,false
V4T003954,357.095148,-36.955633,BGS,1.47819743,0.4500,false
V4T003955,35.162886,-42.341160,BGS,2.31457783,0.4500,false
V4T003956,21.809835,-48.629598,Star,4.19924721,0.3000,false
V4T003957,352.325094,-33.204455,BGS,1.05565283,0.4500,false
V4T003958,48.118315,-42.029808,ELG,0.29788477,1.0000,false
V4T003959,20.962450,-48.202237,ELG,0.33987728,1.0000,false
V4T003960,358.834021,-19.793719,BGS,0.93173355,0.4500,false
V4T003961,50.777364,-42.986173,BGS,2.15119355,0.4500,false
V4T003962,356.928391,-39.670757,ELG,0.76724395,1.0000,false
V4T003963,334.216093,-23.848900,Star,4.16379893,0.3000,false
V4T003964,347.304088,-34.193898,BGS,1.59249992,0.4500,false
V4T003965,31.003464,-44.590677,QSO,0.13325965,1.7000,false
V4T003966,344.798682,-31.969847,ELG,0.73665395,1.0000,false
V4T003967,50.192993,-42.882180,BGS,1.29243032,0.4500,false
V4T003968,47.211929,-55.420896,ELG,1.20074930,1.0000,false
V4T003969,345.366232,-18.179577,BGS,1.10860176,0.4500,false
V4T003970,39.864424,-38.933209,QSO,0.18956661,1.7000,false
V4T003971,344.287022,-16.767406,ELG,0.73091460,1.0000,false
V4T003972,29.840333,-51.159570,ELG,0.36624456,1.0000,false
V4T003973,18.654437,-54.976386,Star,3.56337774,0.3000,false
V4T003974,340.112496,-26.564190,BGS,1.21496469,0.4500,false
V4T003975,43.456331,-53.251607,BGS,1.59731275,0.4500,false
V4T003976,39.505544,-48.643497,ELG,0.30789636,1.0000,false
V4T003977,27.810471,-53.640718,ELG,0.67381885,1.0000,false
V4T003978,344.619599,-26.114100,QSO,0.16623655,1.7000,false
V4T003979,348.520449,-21.207729,QSO,0.12097417,1.7000,false
V4T003980,346.884380,-36.664141,ELG,1.00605247,1.0000,false
V4T003981,345.841509,-34.749491,ELG,1.04502217,1.0000,false
V4T003982,18.490617,-52.785996,LRG,0.25431254,1.0000,false
V4T003983,341.978435,-37.661653,ELG,0.86974233,1.0000,false
V4T003984,345.416582,-35.670674,ELG,1.38942757,1.0000,false
V4T003985,354.951472,-29.547515,BGS,1.21931029,0.4500,false
V4T003986,41.297389,-51.963267,LRG,0.20576723,1.0000,false
V4T003987,29.462379,-54.404806,ELG,0.59291541,1.0000,false
V4T003988,345.781276,-36.610080,BGS,0.86482853,0.4500,false
V4T003989,37.921505,-43.741001,BGS,1.31910653,0.4500,false
V4T003990,355.747727,-39.467406,ELG,1.36055108,1.0000,false
V4T003991,35.102173,-51.443640,ELG,0.83722666,1.0000,false
V4T003992,354.174959,-32.484582,ELG,0.36047380,1.0000,false
V4T003993,347.052275,-15.181910,BGS,1.59945331,0.4500,false
V4T003994,350.780815,-26.413162,LRG,0.32845437,1.0000,false
V4T003995,347.404509,-35.692020,LRG,0.38881135,1.0000,false
V4T003996,343.294210,-42.032826,BGS,0.77224676,0.4500,false
V4T003997,0.429515,-21.557915,LRG,0.19721553,1.0000,false
V4T003998,342.279538,-38.740324,ELG,0.41471707,1.0000,false
V4T003999,345.469487,-27.063730,QSO,0.07637933,1.7000,false
V4T004000,49.277021,-47.318385,LRG,0.20384702,1.0000,false
V4T004001,344.466700,-27.714482,LRG,0.34396947,1.0000,false
V4T004002,22.047797,-55.854606,ELG,0.42288301,1.0000,true
V4T004003,32.281841,-48.962624,ELG,0.60968963,1.0000,false
V4T004004,39.683749,-58.574556,LRG,0.22176649,1.0000,false
V4T004005,344.091405,-24.143586,ELG,1.00036753,1.0000,false
V4T004006,343.090061,-16.852348,ELG,0.58450934,1.0000,false
V4T004007,346.901920,-37.660726,ELG,0.78905890,1.0000,false
V4T004008,351.385046,-36.766796,LRG,0.35291139,1.0000,false
V4T004009,35.986460,-59.401209,LRG,0.79226900,1.0000,false
V4T004010,345.016176,-18.495581,ELG,0.39041417,1.0000,false
V4T004011,344.602365,-26.658666,LRG,0.32754296,1.0000,false
V4T004012,21.723467,-51.474608,LRG,0.20632055,1.0000,false
V4T004013,350.179387,-26.150601,BGS,1.14276917,0.4500,false
V4T004014,333.359139,-28.598099,LRG,0.35710014,1.0000,false
V4T004015,345.242171,-35.756597,ELG,0.36939870,1.0000,false
V4T004016,46.607215,-40.102938,ELG,0.49452520,1.0000,false
V4T004017,354.552307,-37.054057,QSO,0.13935325,1.7000,false
V4T004018,50.123317,-55.987748,ELG,0.50067150,1.0000,true
V4T004019,351.933411,-31.910312,ELG,0.38764754,1.0000,false
V4T004020,30.085748,-35.550456,ELG,0.56179594,1.0000,false
V4T004021,352.007018,-26.473388,BGS,1.17668788,0.4500,false
V4T004022,31.107722,-48.139835,ELG,0.65209893,1.0000,false
V4T004023,346.543472,-35.814709,LRG,0.43572889,1.0000,false
V4T004024,17.729874,-47.498327,BGS,0.87137679,0.4500,false
V4T004025,343.783168,-30.573191,LRG,0.45676480,1.0000,false
V4T004026,349.009053,-27.709418,BGS,1.04414831,0.4500,false
V4T004027,350.003980,-20.033772,QSO,0.16936866,1.7000,false
V4T004028,341.722494,-41.490542,ELG,0.70438136,1.0000,false
V4T004029,357.934783,-17.640930,LRG,0.16545694,1.0000,false
V4T004030,353.137672,-27.770885,ELG,0.42945625,1.0000,false
V4T004031,28.980025,-38.054143,BGS,1.50346566,0.4500,false
V4T004032,16.062720,-49.928736,ELG,0.51653709,1.0000,false
V4T004033,47.681991,-42.270174,ELG,0.78077501,1.0000,false
V4T004034,39.917678,-44.276346,BGS,0.82171015,0.4500,false
V4T004035,32.569555,-48.239639,ELG,0.47756788,1.0000,false
V4T004036,22.229296,-52.399498,BGS,2.48092888,0.4500,false
V4T004037,0.099584,-19.652069,ELG,1.38199408,1.0000,false
V4T004038,25.422395,-39.206028,BGS,2.24708843,0.4500,false
V4T004039,48.851059,-41.756437,ELG,0.57367792,1.0000,false
V4T004040,332.783388,-32.493339,LRG,0.39339836,1.0000,false
V4T004041,353.904895,-16.340996,ELG,0.72526212,1.0000,false
V4T004042,38.168113,-48.792111,QSO,0.13204605,1.7000,false
V4T004043,44.653639,-55.768880,BGS,2.77699780,0.4500,false
V4T004044,345.625419,-35.966391,Star,2.46537301,0.3000,false
V4T004045,32.821795,-39.243038,ELG,0.78094579,1.0000,false
V4T004046,38.202164,-43.482928,LRG,0.56280673,1.0000,false
V4T004047,348.220769,-13.607178,ELG,0.69835316,1.0000,false
V4T004048,346.219623,-34.060495,LRG,0.34443862,1.0000,false
V4T004049,22.165236,-41.446156,ELG,0.61158619,1.0000,false
V4T004050,0.406941,-22.619831,ELG,0.25219783,1.0000,false
V4T004051,342.862511,-29.881962,ELG,0.46014935,1.0000,false
V4T004052,354.057964,-35.313093,ELG,0.28227895,1.0000,false
V4T004053,19.098356,-51.759419,ELG,0.75578845,1.0000,false
V4T004054,32.351158,-48.174957,Star,3.74263103,0.3000,false
V4T004055,347.039437,-34.143490,ELG,0.27882590,1.0000,false
V4T004056,40.916792,-50.516660,BGS,1.18999225,0.4500,false
V4T004057,36.038886,-46.574882,BGS,1.22064002,0.4500,false
V4T004058,348.642709,-30.466500,BGS,0.80271834,0.4500,false
V4T004059,41.742230,-50.803751,BGS,1.56995550,0.4500,false
V4T004060,25.467994,-51.160013,ELG,0.74801697,1.0000,false
V4T004061,48.601098,-49.199293,ELG,0.44408530,1.0000,false
V4T004062,354.044387,-35.152581,BGS,1.19907945,0.4500,false
V4T004063,20.760426,-56.052777,ELG,0.60734880,1.0000,false
V4T004064,18.755275,-44.332743,ELG,1.11784673,1.0000,false
V4T004065,35.374290,-55.458005,ELG,0.84743961,1.0000,false
V4T004066,341.829582,-42.052353,LRG,0.81167287,1.0000,false
V4T004067,30.927336,-55.838963,LRG,0.51694318,1.0000,false
V4T004068,354.880452,-25.679848,ELG,0.93920778,1.0000,false
V4T004069,40.263434,-59.249564,BGS,1.16892967,0.4500,false
V4T004070,44.965705,-45.663696,Star,3.41787259,0.3000,false
V4T004071,344.827523,-38.860426,Star,3.00030641,0.3000,false
V4T004072,341.209637,-41.405241,ELG,0.66309606,1.0000,false
V4T004073,359.096802,-28.861142,ELG,0.82497577,1.0000,true
V4T004074,345.847080,-29.987203,LRG,0.31833892,1.0000,false
V4T004075,344.868944,-26.136023,Star,5.01968924,0.3000,false
V4T004076,344.080511,-33.687267,BGS,1.45106031,0.4500,false
V4T004077,345.523086,-35.246483,ELG,0.43103594,1.0000,false
V4T004078,50.069103,-48.140757,BGS,1.16799612,0.4500,false
V4T004079,353.433931,-27.614076,ELG,0.87965106,1.0000,false
V4T004080,345.006766,-34.877267,ELG,0.38214116,1.0000,false
V4T004081,25.902900,-54.108140,ELG,0.50371245,1.0000,true
V4T004082,340.386387,-32.758291,Star,3.26014294,0.3000,true
V4T004083,336.657449,-22.104047,ELG,0.41212249,1.0000,false
V4T004084,346.472464,-33.466465,ELG,0.42591097,1.0000,false
V4T004085,33.202465,-49.003339,BGS,1.49467572,0.4500,false
V4T004086,340.997522,-25.913296,ELG,1.04965633,1.0000,false
V4T004087,38.773038,-53.897973,LRG,0.31900340,1.0000,false
V4T004088,350.117843,-13.484963,ELG,0.61117533,1.0000,false
V4T004089,338.416577,-27.590972,LRG,0.46676900,1.0000,false
V4T004090,343.977543,-17.149746,ELG,0.35250736,1.0000,false
V4T004091,351.310536,-24.957364,ELG,0.62115641,1.0000,false
V4T004092,336.476248,-21.912449,LRG,0.18502464,1.0000,false
V4T004093,34.061033,-42.864324,ELG,0.36677995,1.0000,false
V4T004094,32.354912,-50.562800,ELG,0.33961855,1.0000,false
V4T004095,38.016270,-36.454458,Star,3.04390056,0.3000,false
V4T004096,31.032731,-53.660303,BGS,1.31905013,0.4500,false
V4T004097,350.872312,-26.793304,ELG,0.44793984,1.0000,false
V4T004098,337.882996,-29.450470,ELG,1.35265139,1.0000,false
V4T004099,37.410970,-35.480972,QSO,0.08350365,1.7000,false
V4T004100,344.656139,-16.337190,LRG,0.33402595,1.0000,false
V4T004101,344.464297,-17.364822,LRG,0.34781532,1.0000,false
V4T004102,335.134013,-23.103932,BGS,1.28375242,0.4500,false
V4T004103,356.555179,-21.303945,BGS,1.14126385,0.4500,false
V4T004104,353.076410,-35.196724,ELG,0.77867330,1.0000,false
V4T004105,341.434675,-35.484312,LRG,0.86314439,1.0000,false
V4T004106,18.801943,-53.643261,ELG,0.25872816,1.0000,false
V4T004107,344.434338,-27.405075,Star,5.01633728,0.3000,false
V4T004108,0.833066,-27.876185,QSO,0.10751200,1.7000,false
V4T004109,340.788078,-25.749383,ELG,0.44670695,1.0000,false
V4T004110,358.153689,-37.114156,BGS,1.74247408,0.4500,false
V4T004111,23.249780,-45.275745,BGS,1.66858348,0.4500,false
V4T004112,353.241438,-28.677141,LRG,0.27476690,1.0000,false
V4T004113,356.984850,-26.125431,ELG,0.51283689,1.0000,false
V4T004114,342.499233,-26.371445,Star,2.87767464,0.3000,false
V4T004115,333.478731,-32.092362,LRG,0.34523756,1.0000,false
V4T004116,21.448531,-54.018763,ELG,0.84836693,1.0000,false
V4T004117,32.836222,-47.416874,LRG,0.30090351,1.0000,false
V4T004118,47.678001,-42.072902,BGS,1.47177287,0.4500,false
V4T004119,50.402264,-52.773749,BGS,0.77720927,0.4500,true
V4T004120,355.673873,-23.243847,ELG,1.08314638,1.0000,false
V4T004121,36.735318,-48.423647,BGS,1.31697854,0.4500,false
V4T004122,32.235598,-44.954115,QSO,0.32384943,1.7000,false
V4T004123,40.976050,-50.910190,BGS,1.15889328,0.4500,false
V4T004124,42.360954,-52.642917,ELG,0.53685336,1.0000,false
V4T004125,23.511508,-46.847389,ELG,0.96395389,1.0000,false
V4T004126,352.657039,-18.524796,BGS,0.85718978,0.4500,false
V4T004127,42.378369,-58.805799,LRG,0.27170582,1.0000,false
V4T004128,17.085072,-46.168062,Star,5.00640294,0.3000,false
V4T004129,21.217392,-45.100821,LRG,0.36856928,1.0000,false
V4T004130,333.721599,-27.871557,LRG,0.46720906,1.0000,false
V4T004131,339.677007,-16.390034,ELG,0.59609606,1.0000,false
V4T004132,355.044317,-35.049299,ELG,0.28722762,1.0000,false
V4T004133,29.397867,-47.037448,LRG,0.53434956,1.0000,false
V4T004134,335.832738,-23.330895,QSO,0.28699820,1.7000,false
V4T004135,351.222551,-39.381585,LRG,0.41631723,1.0000,false
V4T004136,31.838772,-35.401434,ELG,0.58164826,1.0000,false
V4T004137,340.511714,-34.735059,LRG,0.55362073,1.0000,false
V4T004138,344.307705,-27.220871,Star,2.44967873,0.3000,false
V4T004139,39.191301,-46.866419,QSO,0.24638581,1.7000,false
V4T004140,21.148283,-47.894380,BGS,1.51084670,0.4500,false
V4T004141,348.331145,-18.031658,LRG,0.39197262,1.0000,false
V4T004142,352.465702,-32.385610,ELG,0.87826324,1.0000,false
V4T004143,349.439029,-22.043719,ELG,0.70904417,1.0000,false
V4T004144,22.806181,-55.026982,QSO,0.12269533,1.7000,false
V4T004145,26.908819,-40.904241,ELG,0.41027069,1.0000,false
V4T004146,47.173871,-40.143046,Star,3.52748767,0.3000,false
V4T004147,342.706793,-31.144797,BGS,1.44469675,0.4500,false
V4T004148,51.628332,-48.335837,ELG,0.96387244,1.0000,false
V4T004149,353.013978,-19.966126,ELG,0.74641196,1.0000,false
V4T004150,28.705643,-41.511769,ELG,0.27579984,1.0000,true
V4T004151,37.704899,-51.665074,LRG,0.30263191,1.0000,false
V4T004152,43.835383,-40.783555,ELG,0.20989107,1.0000,false
V4T004153,343.088337,-19.941723,ELG,0.54558519,1.0000,false
V4T004154,28.306990,-43.629912,QSO,0.25878787,1.7000,false
V4T004155,41.100669,-50.192399,ELG,0.35143064,1.0000,false
V4T004156,343.584789,-30.176417,BGS,1.51201489,0.4500,false
V4T004157,338.108016,-37.850620,ELG,0.64681484,1.0000,false
V4T004158,32.829617,-48.303210,BGS,1.80221783,0.4500,false
V4T004159,48.203365,-42.057496,QSO,0.20355643,1.7000,false
V4T004160,359.833231,-33.685368,ELG,0.49959230,1.0000,false
V4T004161,46.715563,-40.900518,QSO,0.14618567,1.7000,false
V4T004162,341.036866,-41.295932,BGS,1.32600633,0.4500,true
V4T004163,350.290451,-18.050418,ELG,0.17717396,1.0000,false
V4T004164,19.407267,-41.500085,BGS,1.77017576,0.4500,false
V4T004165,346.393259,-36.130403,Star,5.13618095,0.3000,false
V4T004166,42.709670,-38.614900,BGS,1.12603962,0.4500,false
V4T004167,349.651631,-24.441156,ELG,0.34939409,1.0000,false
V4T004168,343.290192,-29.437338,ELG,0.40581563,1.0000,false
V4T004169,355.439663,-35.252705,LRG,0.82737424,1.0000,false
V4T004170,356.263652,-19.075751,ELG,0.33582690,1.0000,true
V4T004171,45.731922,-51.081147,BGS,1.52512437,0.4500,false
V4T004172,33.812028,-37.722569,QSO,0.30957358,1.7000,false
V4T004173,356.703748,-23.326197,ELG,0.95104610,1.0000,false
V4T004174,50.093624,-55.960035,ELG,0.53333746,1.0000,false
V4T004175,346.659661,-36.256483,QSO,0.15653441,1.7000,false
V4T004176,342.765481,-34.814464,BGS,1.24598058,0.4500,false
V4T004177,0.404373,-22.695183,BGS,1.26675748,0.4500,false
V4T004178,351.123531,-32.330914,ELG,0.64729029,1.0000,false
V4T004179,342.262027,-35.922754,QSO,0.20646002,1.7000,false
V4T004180,342.032031,-40.619076,ELG,0.41131186,1.0000,false
V4T004181,344.516969,-16.974124,LRG,0.22374195,1.0000,false
V4T004182,31.716127,-51.899715,ELG,0.48846289,1.0000,false
V4T004183,42.571633,-58.091299,ELG,0.46771043,1.0000,false
V4T004184,34.894035,-44.121708,LRG,0.15314859,1.0000,false
V4T004185,356.586930,-31.140192,BGS,2.32212332,0.4500,false
V4T004186,333.893122,-25.775401,LRG,0.30742948,1.0000,false
V4T004187,32.097937,-47.501343,Star,4.53519240,0.3000,false
V4T004188,16.466734,-45.173909,LRG,0.39398253,1.0000,false
V4T004189,2.096274,-31.442268,LRG,0.36260801,1.0000,false
V4T004190,351.487485,-16.260645,BGS,1.19653546,0.4500,false
V4T004191,335.551562,-31.421544,LRG,0.27723843,1.0000,false
V4T004192,42.946039,-46.006351,LRG,0.26484660,1.0000,false
V4T004193,38.534457,-36.386075,BGS,0.64670557,0.4500,false
V4T004194,28.751313,-43.185673,ELG,0.50917081,1.0000,true
V4T004195,39.651305,-49.593431,BGS,1.96234514,0.4500,false
V4T004196,351.283816,-25.192627,LRG,0.21552340,1.0000,false
V4T004197,345.286027,-27.154401,BGS,1.04227218,0.4500,false
V4T004198,353.649518,-36.771359,ELG,0.34358575,1.0000,false
V4T004199,32.550402,-36.869254,BGS,0.79765099,0.4500,false
V4T004200,41.126087,-50.453656,BGS,2.22625945,0.4500,false
V4T004201,343.242507,-33.361247,Star,4.63604706,0.3000,false
V4T004202,356.400222,-28.636183,LRG,0.49880989,1.0000,false
V4T004203,353.616325,-35.760192,QSO,0.09068385,1.7000,false
V4T004204,40.700674,-39.501451,QSO,0.11235276,1.7000,false
V4T004205,355.654564,-35.356888,QSO,0.12159451,1.7000,false
V4T004206,335.541526,-36.294111,BGS,1.23921456,0.4500,false
V4T004207,42.433216,-38.341656,BGS,2.37329819,0.4500,false
V4T004208,40.282171,-49.207111,ELG,0.32366650,1.0000,false
V4T004209,38.948177,-58.845348,Star,3.40994251,0.3000,false
V4T004210,340.829087,-41.493358,ELG,1.08049839,1.0000,false
V4T004211,23.128038,-44.140961,LRG,0.38326126,1.0000,false
V4T004212,21.700575,-42.718488,BGS,0.71715105,0.4500,false
V4T004213,38.584217,-55.054580,QSO,0.17186045,1.7000,false
V4T004214,37.457597,-46.644004,ELG,0.60183125,1.0000,false
V4T004215,344.817385,-33.352059,QSO,0.12368936,1.7000,false
V4T004216,339.666385,-38.507916,ELG,0.98270572,1.0000,false
V4T004217,346.386801,-31.859234,QSO,0.31375497,1.7000,false
V4T004218,343.702243,-20.642908,QSO,0.19128857,1.7000,false
V4T004219,353.419124,-36.053173,QSO,0.22830502,1.7000,false
V4T004220,351.239266,-24.798468,BGS,0.83215236,0.4500,true
V4T004221,346.282055,-42.289828,BGS,1.65238750,0.4500,false
V4T004222,344.853769,-27.716196,ELG,0.44140605,1.0000,false
V4T004223,352.105884,-24.877429,QSO,0.38871703,1.7000,false
V4T004224,30.300541,-37.618210,BGS,1.07399885,0.4500,false
V4T004225,351.585334,-38.736543,BGS,2.12355345,0.4500,false
V4T004226,345.005406,-24.234120,ELG,0.45984876,1.0000,false
V4T004227,36.501806,-48.546485,BGS,1.13946100,0.4500,false
V4T004228,344.466389,-17.811016,ELG,0.53841922,1.0000,false
V4T004229,346.753381,-35.259082,LRG,0.32484359,1.0000,false
V4T004230,353.702185,-35.659780,ELG,0.62846282,1.0000,false
V4T004231,24.921254,-47.107276,BGS,0.88923180,0.4500,false
V4T004232,354.315786,-28.255695,LRG,0.48805404,1.0000,false
V4T004233,342.824519,-15.464699,ELG,0.66256346,1.0000,false
V4T004234,341.095800,-20.524364,QSO,0.09675713,1.7000,false
V4T004235,347.528496,-33.726759,BGS,1.14051215,0.4500,false
V4T004236,50.614976,-45.834547,LRG,0.44333537,1.0000,false
V4T004237,355.539239,-32.457359,BGS,1.19076645,0.4500,false
V4T004238,356.249620,-33.739109,BGS,1.44727217,0.4500,false
V4T004239,31.086090,-40.426127,QSO,0.12915572,1.7000,false
V4T004240,341.566601,-16.239294,QSO,0.40397433,1.7000,false
V4T004241,345.589756,-17.456556,Star,4.12414548,0.3000,false
V4T004242,18.583542,-47.302357,LRG,0.30491321,1.0000,false
V4T004243,333.305357,-31.479519,LRG,0.30823463,1.0000,false
V4T004244,358.061474,-21.933423,BGS,1.22159212,0.4500,false
V4T004245,15.955058,-46.551260,LRG,0.31559452,1.0000,false
V4T004246,337.823231,-25.421924,BGS,1.36163696,0.4500,false
V4T004247,23.505462,-49.116612,BGS,1.11685019,0.4500,false
V4T004248,347.808578,-33.728578,Star,3.67816911,0.3000,false
V4T004249,18.443520,-42.570817,QSO,0.07826530,1.7000,false
V4T004250,337.029124,-32.569428,ELG,0.71263008,1.0000,false
V4T004251,40.236693,-58.333205,LRG,0.77249260,1.0000,false
V4T004252,350.217028,-29.367960,ELG,1.67200405,1.0000,false
V4T004253,340.454450,-41.431984,ELG,0.50615986,1.0000,false
V4T004254,43.132699,-44.958846,ELG,0.22164199,1.0000,false
V4T004255,341.847919,-41.235451,Star,4.75795948,0.3000,false
V4T004256,31.700795,-39.172328,QSO,0.33119146,1.7000,false
V4T004257,36.453544,-39.203045,ELG,0.60998111,1.0000,false
V4T004258,343.413446,-30.611091,LRG,0.76791447,1.0000,false
V4T004259,334.256741,-34.276839,ELG,0.91091607,1.0000,false
V4T004260,16.508799,-49.052174,ELG,0.76410397,1.0000,false
V4T004261,339.927954,-40.940709,ELG,0.73428797,1.0000,false
V4T004262,22.044699,-42.932997,ELG,0.51227190,1.0000,false
V4T004263,345.851979,-35.482725,LRG,0.21331427,1.0000,false
V4T004264,42.050331,-41.655592,LRG,0.49210185,1.0000,false
V4T004265,27.630940,-55.999092,BGS,1.62998703,0.4500,false
V4T004266,29.069759,-45.710673,ELG,0.43658066,1.0000,false
V4T004267,347.340189,-34.088784,ELG,0.54061872,1.0000,false
V4T004268,344.999799,-33.254406,ELG,0.66660551,1.0000,false
V4T004269,39.468674,-47.800342,ELG,0.79473935,1.0000,false
V4T004270,48.102717,-48.989141,QSO,0.23411053,1.7000,false
V4T004271,341.392456,-41.025121,LRG,0.57554291,1.0000,false
V4T004272,349.462465,-33.153652,QSO,0.09356142,1.7000,false
V4T004273,351.126177,-18.173900,LRG,0.55441714,1.0000,false
V4T004274,344.519779,-17.785127,LRG,0.56865902,1.0000,true
V4T004275,354.876812,-35.305715,ELG,0.38777738,1.0000,true
V4T004276,351.844533,-34.298801,Star,3.59395051,0.3000,false
V4T004277,340.624923,-16.307285,Star,3.17754168,0.3000,false
V4T004278,16.674321,-45.214750,BGS,1.73431750,0.4500,false
V4T004279,32.758574,-36.513519,ELG,0.76074200,1.0000,false
V4T004280,354.826964,-17.040275,ELG,0.82535025,1.0000,false
V4T004281,30.383284,-36.118615,Star,3.46566801,0.3000,false
V4T004282,345.178204,-35.440968,ELG,0.37559420,1.0000,false
V4T004283,350.888639,-14.467973,BGS,1.85872369,0.4500,false
V4T004284,345.223759,-36.083267,LRG,0.41006475,1.0000,false
V4T004285,28.847742,-50.774215,ELG,0.54232176,1.0000,false
V4T004286,344.726731,-18.816972,ELG,0.81252400,1.0000,false
V4T004287,339.775167,-20.235862,LRG,0.26144869,1.0000,false
V4T004288,26.394411,-57.451267,BGS,2.16358216,0.4500,false
V4T004289,335.695170,-20.988719,ELG,0.56727010,1.0000,false
V4T004290,42.062021,-40.800234,Star,4.08954116,0.3000,false
V4T004291,345.290224,-26.505625,BGS,1.34843748,0.4500,false
V4T004292,354.476328,-35.674699,BGS,1.41789743,0.4500,false
V4T004293,355.141898,-36.337059,QSO,0.20225640,1.7000,false
V4T004294,352.731136,-17.029429,BGS,1.18542061,0.4500,false
V4T004295,48.783782,-43.969877,LRG,0.21882747,1.0000,false
V4T004296,336.316439,-30.955501,ELG,0.82842674,1.0000,false
V4T004297,337.140065,-20.104934,ELG,1.10582332,1.0000,false
V4T004298,30.515813,-54.983795,ELG,0.66262196,1.0000,false
V4T004299,349.403854,-22.937328,ELG,0.34651744,1.0000,false
V4T004300,43.915184,-44.393053,QSO,0.10317468,1.7000,false
V4T004301,23.175966,-56.969255,QSO,0.66329965,1.7000,false
V4T004302,351.081330,-24.431038,BGS,1.45794478,0.4500,false
V4T004303,358.066124,-34.647005,BGS,1.55128568,0.4500,false
V4T004304,33.992429,-48.746278,Star,4.29019335,0.3000,false
V4T004305,344.418535,-21.515258,QSO,0.32035477,1.7000,false
V4T004306,36.680232,-35.148984,LRG,0.24791654,1.0000,false
V4T004307,339.862942,-25.279027,BGS,1.23099725,0.4500,false
V4T004308,35.121594,-45.409714,ELG,0.48574283,1.0000,false
V4T004309,50.612435,-53.504295,QSO,0.10118655,1.7000,false
V4T004310,345.073521,-26.883559,QSO,0.17508324,1.7000,true
V4T004311,343.319977,-29.093159,ELG,0.34645226,1.0000,false
V4T004312,351.306586,-24.762465,BGS,1.07667414,0.4500,false
V4T004313,22.792044,-47.232649,ELG,0.78690679,1.0000,false
V4T004314,350.834031,-33.278693,ELG,0.32471945,1.0000,false
V4T004315,24.357767,-45.751639,ELG,0.82212514,1.0000,false
V4T004316,345.400776,-26.791972,QSO,0.13547318,1.7000,false
V4T004317,349.387776,-34.920829,ELG,0.40451788,1.0000,false
V4T004318,47.621641,-42.362434,ELG,0.33705375,1.0000,false
V4T004319,26.926555,-40.791395,LRG,0.27150873,1.0000,false
V4T004320,342.345062,-28.179059,ELG,0.55780819,1.0000,false
V4T004321,350.456358,-25.535438,Star,3.84181128,0.3000,false
V4T004322,341.828021,-15.523922,Star,2.24280215,0.3000,false
V4T004323,348.975103,-35.657757,BGS,1.31986574,0.4500,false
V4T004324,42.665538,-50.334598,BGS,1.61406301,0.4500,false
V4T004325,340.500945,-31.201873,LRG,0.50327934,1.0000,false
V4T004326,339.289375,-31.962003,BGS,0.95225590,0.4500,false
V4T004327,24.817729,-44.407136,QSO,0.07137969,1.7000,false
V4T004328,340.770394,-24.156912,ELG,0.33057289,1.0000,false
V4T004329,33.152254,-38.748668,LRG,0.26109645,1.0000,false
V4T004330,343.388831,-30.425087,LRG,0.39547982,1.0000,false
V4T004331,34.962885,-46.184214,QSO,0.12299700,1.7000,false
V4T004332,24.796655,-47.665308,BGS,1.47382429,0.4500,false
V4T004333,342.362542,-37.201277,Star,3.87705587,0.3000,true
V4T004334,21.575733,-45.837276,ELG,0.92879928,1.0000,false
V4T004335,355.415716,-16.222104,BGS,1.48769467,0.4500,false
V4T004336,353.702775,-16.767577,BGS,1.20356897,0.4500,false
V4T004337,334.472093,-31.098385,QSO,0.28440623,1.7000,false
V4T004338,32.402635,-43.787849,ELG,0.55225686,1.0000,false
V4T004339,1.136517,-24.294135,ELG,0.78063597,1.0000,false
V4T004340,48.285684,-47.391183,LRG,0.43824262,1.0000,false
V4T004341,340.817829,-36.570375,ELG,0.52086335,1.0000,false
V4T004342,42.692667,-55.300145,QSO,0.08358222,1.7000,false
V4T004343,36.198258,-55.072229,QSO,0.08255463,1.7000,false
V4T004344,348.848785,-35.277030,BGS,1.11337652,0.4500,false
V4T004345,341.683828,-22.084137,QSO,0.33076795,1.7000,false
V4T004346,353.217036,-35.893140,LRG,0.28718106,1.0000,false
V4T004347,347.118643,-33.577145,ELG,0.52404193,1.0000,false
V4T004348,28.165440,-39.662954,ELG,0.78784116,1.0000,false
V4T004349,349.487639,-27.683547,ELG,0.51406222,1.0000,false
V4T004350,35.640132,-39.295702,ELG,0.67886685,1.0000,false
V4T004351,39.662391,-50.561972,ELG,0.49930888,1.0000,false
V4T004352,33.634698,-55.174734,BGS,1.22101089,0.4500,false
V4T004353,353.709433,-28.240142,LRG,0.32383638,1.0000,false
V4T004354,18.365928,-45.355243,LRG,0.55532521,1.0000,false
V4T004355,343.375706,-29.565461,QSO,0.23906329,1.7000,false
V4T004356,359.256360,-31.843514,ELG,0.57616833,1.0000,false
V4T004357,353.529268,-36.172413,QSO,0.11471642,1.7000,false
V4T004358,344.477506,-27.556543,Star,4.73530519,0.3000,false
V4T004359,48.204739,-41.970783,BGS,1.38712270,0.4500,false
V4T004360,357.960706,-17.049584,ELG,0.35349337,1.0000,false
V4T004361,356.802573,-32.373962,LRG,0.33581641,1.0000,false
V4T004362,334.592904,-31.303064,LRG,0.18471034,1.0000,false
V4T004363,37.074494,-40.015673,ELG,0.40703334,1.0000,false
V4T004364,44.587313,-38.146485,ELG,0.60975380,1.0000,false
V4T004365,345.096690,-15.052049,BGS,1.73633831,0.4500,false
V4T004366,43.977406,-45.453041,LRG,0.19427241,1.0000,false
V4T004367,41.153099,-50.024900,ELG,0.44470014,1.0000,false
V4T004368,337.110451,-35.149461,Star,5.16098910,0.3000,false
V4T004369,341.679346,-24.556937,LRG,0.26545230,1.0000,false
V4T004370,337.138422,-38.630207,ELG,0.48916708,1.0000,false
V4T004371,49.046874,-42.266917,LRG,0.29643692,1.0000,false
V4T004372,345.378949,-26.742993,BGS,1.69758559,0.4500,false
V4T004373,344.587296,-26.381998,ELG,0.96891053,1.0000,false
V4T004374,0.420162,-22.530966,Star,4.70985027,0.3000,false
V4T004375,356.072736,-32.527326,ELG,0.81633458,1.0000,false
V4T004376,344.290686,-26.933726,Star,4.98526156,0.3000,false
V4T004377,342.929828,-23.191673,ELG,1.71521501,1.0000,false
V4T004378,334.203682,-33.604711,ELG,0.50742593,1.0000,false
V4T004379,32.274522,-48.010365,QSO,0.17659107,1.7000,false
V4T004380,345.579310,-35.127979,Star,3.35211425,0.3000,false
V4T004381,359.884240,-33.352821,LRG,0.17569964,1.0000,true
V4T004382,335.440438,-30.177129,BGS,0.93855952,0.4500,false
V4T004383,35.470138,-35.061394,LRG,0.50588351,1.0000,false
V4T004384,356.806698,-32.733700,LRG,0.45434757,1.0000,false
V4T004385,32.537418,-55.102070,ELG,0.52420234,1.0000,false
V4T004386,350.203359,-13.966419,BGS,1.12421884,0.4500,true
V4T004387,40.027830,-44.229627,QSO,0.10572832,1.7000,false
V4T004388,355.537080,-35.473640,LRG,0.54968247,1.0000,false
V4T004389,43.116892,-50.399470,BGS,1.22285223,0.4500,false
V4T004390,34.201886,-37.060009,QSO,0.12134095,1.7000,false
V4T004391,349.427699,-41.519434,ELG,0.56439508,1.0000,false
V4T004392,43.069655,-39.663625,LRG,0.21847699,1.0000,true
V4T004393,339.708924,-30.911295,ELG,0.43503815,1.0000,false
V4T004394,34.137972,-47.970135,ELG,0.58448453,1.0000,false
V4T004395,51.540822,-55.037860,LRG,0.28020572,1.0000,false
V4T004396,20.454940,-52.570412,BGS,1.86679101,0.4500,false
V4T004397,345.843863,-16.864776,QSO,0.19757757,1.7000,false
V4T004398,43.993984,-51.111604,LRG,0.28384221,1.0000,false
V4T004399,344.365470,-18.347056,ELG,0.46031570,1.0000,false
V4T004400,351.349548,-17.195007,LRG,0.28175311,1.0000,true
V4T004401,343.445256,-30.323204,QSO,0.17682756,1.7000,false
V4T004402,359.908863,-31.869424,BGS,0.97474293,0.4500,false
V4T004403,342.229070,-15.114846,ELG,0.37920262,1.0000,false
V4T004404,344.901598,-27.667186,BGS,1.06204553,0.4500,false
V4T004405,32.441975,-47.947236,ELG,0.59470392,1.0000,false
V4T004406,44.821260,-38.795303,Star,3.93394439,0.3000,true
V4T004407,357.349370,-33.998246,QSO,0.16628065,1.7000,false
V4T004408,37.998994,-47.900637,QSO,0.16047823,1.7000,false
V4T004409,17.615488,-50.109617,BGS,1.20544349,0.4500,false
V4T004410,352.465664,-35.367937,ELG,0.83135812,1.0000,false
V4T004411,46.638708,-55.738613,BGS,0.95938963,0.4500,false
V4T004412,348.492662,-21.949680,QSO,0.15585431,1.7000,false
V4T004413,20.802353,-46.240589,LRG,0.36576122,1.0000,false
V4T004414,356.960339,-39.092608,ELG,0.31483245,1.0000,false
V4T004415,338.701486,-18.657230,LRG,0.27638354,1.0000,false
V4T004416,16.851174,-46.547393,QSO,0.21482611,1.7000,false
V4T004417,37.791052,-47.237125,ELG,0.47399265,1.0000,false
V4T004418,41.145425,-50.761240,LRG,0.18022087,1.0000,false
V4T004419,336.304115,-33.058093,ELG,0.68221242,1.0000,false
V4T004420,357.390369,-32.306510,ELG,0.67191781,1.0000,false
V4T004421,42.013173,-53.377682,ELG,0.56964324,1.0000,true
V4T004422,355.565209,-21.523666,LRG,0.29543793,1.0000,false
V4T004423,359.800872,-35.969924,LRG,0.38076714,1.0000,false
V4T004424,31.510426,-48.761586,ELG,0.54027418,1.0000,false
V4T004425,1.297343,-24.914414,ELG,0.49229152,1.0000,false
V4T004426,355.227118,-18.171309,QSO,0.15234427,1.7000,false
V4T004427,346.351708,-34.420008,BGS,1.42655706,0.4500,false
V4T004428,345.866922,-17.209793,LRG,0.35747740,1.0000,false
V4T004429,333.935805,-32.305424,QSO,0.30966401,1.7000,false
V4T004430,333.079432,-27.277531,ELG,1.01566250,1.0000,false
V4T004431,45.583275,-44.192105,BGS,1.17031980,0.4500,false
V4T004432,42.268903,-58.876594,BGS,2.03052101,0.4500,true
V4T004433,43.671830,-52.982194,LRG,0.57981153,1.0000,false
V4T004434,358.027563,-17.043906,LRG,0.30839536,1.0000,false
V4T004435,358.440738,-17.488791,LRG,0.32719834,1.0000,false
V4T004436,39.810446,-53.162616,BGS,0.76630814,0.4500,true
V4T004437,351.207729,-25.187265,QSO,0.09033658,1.7000,false
V4T004438,345.748224,-34.856925,BGS,0.92701108,0.4500,false
V4T004439,347.989250,-27.800766,ELG,0.84720273,1.0000,false
V4T004440,341.874224,-28.843028,ELG,1.13581902,1.0000,false
V4T004441,47.307468,-44.984507,ELG,0.49098713,1.0000,false
V4T004442,25.722632,-40.371533,BGS,1.08580566,0.4500,false
V4T004443,32.697663,-36.952961,LRG,0.30225414,1.0000,false
V4T004444,345.574022,-36.011047,ELG,0.73528617,1.0000,false
V4T004445,346.373231,-36.106500,ELG,0.22604934,1.0000,false
V4T004446,21.104693,-55.605384,ELG,0.84570363,1.0000,false
V4T004447,342.822221,-29.374616,ELG,0.51312953,1.0000,false
V4T004448,40.486374,-41.078134,BGS,1.16994584,0.4500,false
V4T004449,341.285722,-40.707389,ELG,0.51862876,1.0000,false
V4T004450,25.853624,-58.101838,ELG,0.58301042,1.0000,false
V4T004451,49.977720,-54.954621,Star,5.23572979,0.3000,false
V4T004452,357.873707,-21.687183,LRG,0.43397485,1.0000,false
V4T004453,35.840482,-36.625975,Star,4.02042585,0.3000,false
V4T004454,22.898967,-39.586050,BGS,1.00272863,0.4500,false
V4T004455,358.714425,-29.301072,QSO,0.09576558,1.7000,false
V4T004456,48.727124,-53.411741,LRG,0.64251650,1.0000,false
V4T004457,354.505773,-22.413740,Star,5.14369706,0.3000,false
V4T004458,351.967676,-36.889643,BGS,1.62415831,0.4500,false
V4T004459,355.929173,-18.312630,LRG,0.42110101,1.0000,false
V4T004460,338.264271,-27.919537,LRG,0.38347009,1.0000,false
V4T004461,35.046038,-50.854808,QSO,0.06796209,1.7000,false
V4T004462,41.182391,-50.390913,BGS,0.63018374,0.4500,false
V4T004463,26.158204,-45.372080,QSO,0.53684128,1.7000,true
V4T004464,339.372866,-16.648349,BGS,1.13349168,0.4500,false
V4T004465,40.938520,-52.342022,QSO,0.33258701,1.7000,false
V4T004466,347.558084,-20.892435,ELG,0.46457582,1.0000,false
V4T004467,31.470674,-41.340582,QSO,0.22018988,1.7000,false
V4T004468,38.003230,-38.053917,LRG,0.15676294,1.0000,false
V4T004469,33.301074,-48.068662,ELG,0.56163286,1.0000,false
V4T004470,336.970297,-28.827346,QSO,0.11633664,1.7000,false
V4T004471,44.330764,-38.676604,ELG,0.32583453,1.0000,false
V4T004472,341.944992,-41.023837,ELG,0.69536929,1.0000,false
V4T004473,32.711252,-49.531543,ELG,0.36772938,1.0000,false
V4T004474,334.709122,-28.902699,ELG,0.56734530,1.0000,false
V4T004475,29.619061,-54.247952,QSO,0.13888628,1.7000,false
V4T004476,47.870839,-43.532063,QSO,0.22361283,1.7000,false
V4T004477,349.140170,-19.328494,QSO,0.21744920,1.7000,false
V4T004478,29.834877,-48.923664,ELG,0.59170987,1.0000,false
V4T004479,29.445728,-56.241040,LRG,0.23344103,1.0000,false
V4T004480,341.209387,-24.464060,BGS,1.62102568,0.4500,false
V4T004481,41.994122,-58.859721,BGS,0.84580785,0.4500,false
V4T004482,50.844818,-47.042725,BGS,1.30890145,0.4500,false
V4T004483,342.260684,-37.468309,LRG,0.24931208,1.0000,false
V4T004484,344.845242,-27.359996,ELG,0.45034192,1.0000,false
V4T004485,50.237633,-42.136935,BGS,0.95646979,0.4500,false
V4T004486,342.502001,-38.988777,QSO,0.22875021,1.7000,false
V4T004487,353.259989,-36.156240,ELG,0.70459303,1.0000,false
V4T004488,351.499707,-23.018660,LRG,0.43382280,1.0000,false
V4T004489,344.958809,-36.361089,ELG,0.34984333,1.0000,false
V4T004490,345.081543,-33.948422,LRG,0.76291580,1.0000,true
V4T004491,49.026616,-43.256436,QSO,0.21440155,1.7000,false
V4T004492,50.391547,-42.306982,QSO,0.10283664,1.7000,false
V4T004493,40.900581,-50.495525,ELG,0.48037991,1.0000,false
V4T004494,40.614741,-58.543879,ELG,0.86149704,1.0000,false
V4T004495,340.824908,-33.914704,LRG,0.41883182,1.0000,false
V4T004496,352.458773,-16.683877,ELG,0.41074912,1.0000,false
V4T004497,40.040057,-45.357694,QSO,0.19905755,1.7000,false
V4T004498,343.846611,-29.778663,BGS,0.96655782,0.4500,false
V4T004499,39.876363,-48.633218,BGS,1.23645502,0.4500,false
V4T004500,338.333005,-35.401025,ELG,0.48096336,1.0000,false
V4T004501,42.228389,-58.124109,ELG,1.39066127,1.0000,false
V4T004502,353.700498,-39.956662,ELG,0.37220510,1.0000,false
V4T004503,345.171329,-16.727954,ELG,0.37586018,1.0000,false
V4T004504,46.700829,-39.034637,BGS,0.85079504,0.4500,false
V4T004505,344.418394,-26.879297,QSO,0.07061749,1.7000,false
V4T004506,37.485824,-50.907907,LRG,0.37312997,1.0000,false
V4T004507,352.380039,-16.404245,LRG,0.43911216,1.0000,false
V4T004508,47.925798,-42.221099,Star,5.95191787,0.3000,false
V4T004509,356.956899,-29.041990,LRG,0.50156620,1.0000,false
V4T004510,39.507072,-52.918391,LRG,0.50852981,1.0000,false
V4T004511,353.584323,-35.601345,ELG,0.44041468,1.0000,false
V4T004512,351.362271,-24.210387,ELG,0.77820642,1.0000,false
V4T004513,343.766847,-39.478172,LRG,0.39633234,1.0000,false
V4T004514,345.490327,-27.122020,Star,3.33783781,0.3000,false
V4T004515,348.000424,-17.385162,BGS,1.54624640,0.4500,false
V4T004516,343.835332,-29.917314,LRG,0.18459606,1.0000,false
V4T004517,346.478753,-33.823643,LRG,0.24982887,1.0000,false
V4T004518,343.515868,-29.861958,BGS,0.76252851,0.4500,false
V4T004519,353.969705,-34.208568,BGS,0.94666270,0.4500,false
V4T004520,338.017326,-26.588259,Star,4.27254221,0.3000,false
V4T004521,340.010237,-40.893658,ELG,0.66004008,1.0000,false
V4T004522,40.666322,-50.795058,LRG,0.30044985,1.0000,false
V4T004523,345.864067,-18.230156,QSO,0.07163932,1.7000,false
V4T004524,39.961195,-39.608443,BGS,1.58996517,0.4500,false
V4T004525,344.026322,-18.381190,BGS,2.93071629,0.4500,false
V4T004526,346.999453,-36.014689,ELG,0.44967453,1.0000,false
V4T004527,349.266685,-24.111456,ELG,0.90299085,1.0000,false
V4T004528,355.505379,-17.009978,ELG,0.94604955,1.0000,false
V4T004529,48.747286,-44.088773,LRG,0.57041413,1.0000,false
V4T004530,1.421304,-33.501333,QSO,0.15375742,1.7000,true
V4T004531,356.718166,-32.281612,BGS,3.27237901,0.4500,false
V4T004532,359.075597,-36.376392,BGS,1.32688321,0.4500,false
V4T004533,2.432937,-27.108148,ELG,0.78968361,1.0000,false
V4T004534,22.233776,-44.681939,LRG,0.46444388,1.0000,true
V4T004535,350.972572,-19.410895,ELG,0.54425119,1.0000,false
V4T004536,353.852311,-36.389309,ELG,0.47193363,1.0000,false
V4T004537,42.928081,-58.894585,ELG,0.69308053,1.0000,false
V4T004538,41.990623,-39.058677,QSO,0.21522909,1.7000,false
V4T004539,46.536548,-43.773059,LRG,0.25061253,1.0000,false
V4T004540,47.353722,-55.966098,ELG,0.73006377,1.0000,false
V4T004541,20.677233,-44.904751,ELG,0.65811595,1.0000,true
V4T004542,346.373527,-39.583324,BGS,1.30403625,0.4500,false
V4T004543,344.284864,-29.269969,BGS,1.62446222,0.4500,false
V4T004544,18.400538,-52.041305,ELG,0.48488977,1.0000,false
V4T004545,333.084450,-28.305406,BGS,0.83557521,0.4500,false
V4T004546,34.731680,-56.404535,LRG,0.24929166,1.0000,false
V4T004547,2.262818,-28.940029,BGS,0.65730790,0.4500,false
V4T004548,353.999488,-34.969925,ELG,0.31791378,1.0000,false
V4T004549,49.208597,-54.467431,ELG,0.61452466,1.0000,false
V4T004550,45.079898,-57.269394,LRG,0.34098713,1.0000,false
V4T004551,49.918182,-42.145149,Star,4.62281570,0.3000,false
V4T004552,346.458057,-35.578790,Star,4.45810174,0.3000,false
V4T004553,349.295964,-26.076889,ELG,0.36216888,1.0000,false
V4T004554,16.856419,-45.752982,ELG,0.92209729,1.0000,false
V4T004555,51.738670,-46.992138,LRG,0.34796264,1.0000,false
V4T004556,334.837380,-24.202069,ELG,0.30999510,1.0000,false
V4T004557,38.732534,-57.977324,ELG,0.82121103,1.0000,false
V4T004558,28.825257,-37.907208,ELG,0.44841191,1.0000,false
V4T004559,45.363792,-54.804059,ELG,0.55462350,1.0000,false
V4T004560,351.374322,-41.594601,LRG,0.72865200,1.0000,false
V4T004561,341.505925,-28.356453,ELG,0.28859192,1.0000,false
V4T004562,345.224874,-26.969128,BGS,1.39071245,0.4500,false
V4T004563,21.281888,-53.800707,ELG,0.17157639,1.0000,false
V4T004564,359.864696,-27.023596,LRG,0.18573766,1.0000,false
V4T004565,353.055687,-15.174169,ELG,1.26847480,1.0000,false
V4T004566,340.865915,-40.891279,LRG,0.29751019,1.0000,false
V4T004567,347.522706,-22.709699,QSO,0.16610386,1.7000,false
V4T004568,355.330304,-24.086947,ELG,0.47232584,1.0000,false
V4T004569,341.047018,-33.526509,LRG,0.22932873,1.0000,false
V4T004570,38.417266,-36.343399,LRG,0.33870962,1.0000,false
V4T004571,338.847027,-37.959907,LRG,0.54697517,1.0000,false
V4T004572,18.793245,-55.334388,BGS,1.88406730,0.4500,false
V4T004573,343.543391,-17.795539,LRG,0.67565228,1.0000,false
V4T004574,31.124733,-39.096773,ELG,0.77287969,1.0000,false
V4T004575,357.744282,-17.921740,LRG,0.35893816,1.0000,false
V4T004576,20.909749,-46.915337,QSO,0.10725291,1.7000,false
V4T004577,50.399941,-42.658262,ELG,0.57769260,1.0000,false
V4T004578,337.184680,-29.209828,Star,2.58661706,0.3000,false
V4T004579,20.696009,-44.316870,LRG,0.26063304,1.0000,false
V4T004580,343.999921,-39.689436,BGS,1.77494024,0.4500,false
V4T004581,344.475797,-26.740111,ELG,0.45399020,1.0000,false
V4T004582,52.417767,-52.757711,ELG,0.26716723,1.0000,false
V4T004583,17.266865,-43.347611,QSO,0.44427834,1.7000,false
V4T004584,48.610222,-42.325226,BGS,2.55484169,0.4500,false
V4T004585,348.408635,-20.192282,BGS,1.14086614,0.4500,false
V4T004586,16.813122,-49.207028,BGS,1.06060595,0.4500,false
V4T004587,32.964582,-49.036075,ELG,0.51532761,1.0000,false
V4T004588,341.089682,-25.768555,ELG,0.24175591,1.0000,false
V4T004589,40.428816,-48.733073,QSO,0.19676520,1.7000,false
V4T004590,39.241677,-59.251995,QSO,0.39876489,1.7000,false
V4T004591,344.860726,-17.759117,LRG,0.28867543,1.0000,false
V4T004592,33.289622,-57.012193,LRG,0.28697763,1.0000,false
V4T004593,34.789648,-41.295796,ELG,1.09545268,1.0000,false
V4T004594,0.137069,-35.022569,ELG,0.40072195,1.0000,false
V4T004595,352.367708,-38.385762,LRG,0.37132081,1.0000,false
V4T004596,343.545397,-29.411050,LRG,0.21033904,1.0000,false
V4T004597,41.423368,-50.144188,QSO,0.15905497,1.7000,false
V4T004598,1.736234,-31.472096,LRG,0.52141356,1.0000,false
V4T004599,346.379806,-34.219053,LRG,0.44988593,1.0000,false
V4T004600,351.277727,-37.113564,QSO,0.29057182,1.7000,false
V4T004601,15.699930,-46.422237,QSO,0.15791329,1.7000,false
V4T004602,38.621454,-44.176538,BGS,1.01887280,0.4500,false
V4T004603,22.895472,-53.786628,ELG,0.63013983,1.0000,false
V4T004604,341.259633,-21.396841,ELG,0.34951356,1.0000,false
V4T004605,46.204941,-52.482856,Star,2.35135322,0.3000,false
V4T004606,33.378740,-52.165849,QSO,0.16394677,1.7000,true
V4T004607,39.977182,-59.259607,LRG,0.35363483,1.0000,false
V4T004608,340.441795,-16.710712,LRG,0.26897818,1.0000,false
V4T004609,346.924613,-33.938908,ELG,0.37771694,1.0000,false
V4T004610,344.747875,-27.172964,ELG,0.60208245,1.0000,false
V4T004611,341.036178,-20.456063,LRG,0.34485579,1.0000,false
V4T004612,48.495104,-41.759513,LRG,0.43218399,1.0000,false
V4T004613,28.616548,-47.059056,BGS,1.12106958,0.4500,false
V4T004614,345.182550,-16.909318,ELG,0.79321234,1.0000,false
V4T004615,18.398482,-43.522403,ELG,0.36592858,1.0000,true
V4T004616,27.502916,-36.397440,LRG,0.27766499,1.0000,false
V4T004617,345.108950,-28.003140,BGS,1.83419345,0.4500,false
V4T004618,342.256734,-29.509783,QSO,0.27429409,1.7000,false
V4T004619,23.623862,-47.164888,LRG,0.48941281,1.0000,false
V4T004620,342.386863,-29.699379,LRG,0.38446413,1.0000,false
V4T004621,355.565187,-28.457795,ELG,0.53207962,1.0000,false
V4T004622,34.080745,-48.398698,QSO,0.08259233,1.7000,false
V4T004623,34.327677,-59.543740,BGS,1.10603951,0.4500,false
V4T004624,350.158511,-32.722491,ELG,0.37425790,1.0000,false
V4T004625,350.465876,-18.659720,ELG,0.30560919,1.0000,false
V4T004626,40.930645,-43.830321,QSO,0.18947389,1.7000,false
V4T004627,336.176484,-37.104091,QSO,0.21578000,1.7000,false
V4T004628,40.148393,-50.859508,ELG,0.48141076,1.0000,false
V4T004629,352.541642,-23.988800,BGS,1.46507129,0.4500,false
V4T004630,46.547682,-46.450646,ELG,0.57513780,1.0000,true
V4T004631,356.247903,-26.895804,LRG,0.64649974,1.0000,false
V4T004632,335.329361,-29.287644,BGS,1.70446188,0.4500,false
V4T004633,40.145897,-58.475109,ELG,1.11826904,1.0000,false
V4T004634,352.169888,-28.429188,ELG,0.54096354,1.0000,false
V4T004635,340.207463,-32.091788,ELG,0.43106307,1.0000,false
V4T004636,35.725644,-41.447670,QSO,0.29898309,1.7000,false
V4T004637,343.340694,-29.762434,BGS,0.61619873,0.4500,false
V4T004638,39.303436,-40.384250,ELG,0.91298947,1.0000,false
V4T004639,346.667659,-35.664467,LRG,0.49081799,1.0000,false
V4T004640,39.389952,-35.655316,LRG,0.53479785,1.0000,false
V4T004641,338.683370,-35.959645,LRG,0.51180751,1.0000,false
V4T004642,23.338644,-40.977332,QSO,0.12880590,1.7000,false
V4T004643,351.481879,-25.157955,LRG,0.29835138,1.0000,false
V4T004644,40.975646,-50.554730,LRG,0.40882923,1.0000,true
V4T004645,343.924633,-26.641391,ELG,0.53064779,1.0000,false
V4T004646,21.694494,-40.236977,QSO,0.27352839,1.7000,false
V4T004647,343.079762,-20.451205,BGS,1.29683402,0.4500,false
V4T004648,43.921070,-50.294322,QSO,0.13942802,1.7000,false
V4T004649,341.082228,-40.677640,LRG,0.33825368,1.0000,false
V4T004650,356.867457,-24.536356,BGS,1.22624902,0.4500,false
V4T004651,354.530156,-35.848531,LRG,0.29218226,1.0000,false
V4T004652,351.034767,-24.359012,LRG,0.49591430,1.0000,false
V4T004653,335.293879,-36.616772,QSO,0.11541312,1.7000,false
V4T004654,26.953262,-44.268153,QSO,0.43059686,1.7000,false
V4T004655,351.303253,-25.191756,LRG,0.48361377,1.0000,false
V4T004656,346.695248,-34.385176,ELG,0.33004019,1.0000,false
V4T004657,355.054971,-37.706855,LRG,0.38609387,1.0000,false
V4T004658,357.961547,-24.287164,LRG,0.32319637,1.0000,false
V4T004659,348.080462,-36.205406,Star,3.41848192,0.3000,false
V4T004660,31.957508,-48.166837,ELG,0.35490705,1.0000,false
V4T004661,40.719758,-45.812844,LRG,0.34616136,1.0000,false
V4T004662,344.029405,-15.518732,LRG,0.36626182,1.0000,false
V4T004663,36.175092,-43.379686,BGS,1.22512486,0.4500,false
V4T004664,343.196809,-29.875516,QSO,0.28784281,1.7000,false
V4T004665,345.018148,-24.882634,BGS,1.26304126,0.4500,false
V4T004666,354.038099,-35.569938,QSO,0.11144247,1.7000,false
V4T004667,45.832654,-55.055709,ELG,0.69352468,1.0000,false
V4T004668,48.520729,-41.491561,BGS,1.00989796,0.4500,false
V4T004669,16.698168,-53.501845,ELG,0.65137129,1.0000,false
V4T004670,43.447966,-44.342185,ELG,0.59086031,1.0000,false
V4T004671,42.048162,-58.982460,LRG,0.26196109,1.0000,false
V4T004672,38.534102,-35.148551,BGS,0.66874398,0.4500,false
V4T004673,36.615525,-43.775771,Star,5.23260241,0.3000,false
V4T004674,356.229469,-30.194043,BGS,2.81992914,0.4500,false
V4T004675,349.886657,-28.980986,QSO,0.08582175,1.7000,false
V4T004676,351.572542,-25.041185,BGS,1.39261431,0.4500,false
V4T004677,32.768770,-42.041996,QSO,0.18768899,1.7000,false
V4T004678,24.981996,-41.438430,ELG,0.43140988,1.0000,false
V4T004679,44.767196,-49.354350,ELG,0.73884628,1.0000,false
V4T004680,28.929926,-58.341047,Star,3.96172674,0.3000,false
V4T004681,28.221900,-54.515660,Star,5.79490544,0.3000,false
V4T004682,39.905367,-43.109616,ELG,0.33544781,1.0000,false
V4T004683,341.057763,-21.097726,ELG,0.33205084,1.0000,false
V4T004684,344.155920,-17.007333,BGS,1.26744457,0.4500,false
V4T004685,22.232120,-40.286458,QSO,0.15035752,1.7000,true
V4T004686,344.071688,-39.609745,BGS,1.02421105,0.4500,false
V4T004687,43.627857,-57.793559,ELG,0.30358584,1.0000,false
V4T004688,339.483891,-41.082061,BGS,1.29799287,0.4500,true
V4T004689,48.843320,-45.368315,Star,4.06968469,0.3000,false
V4T004690,358.195939,-31.310108,LRG,0.33264274,1.0000,false
V4T004691,28.417259,-52.067719,LRG,0.18070220,1.0000,false
V4T004692,35.866394,-42.157424,QSO,0.12447625,1.7000,false
V4T004693,41.014523,-55.882801,ELG,0.83608326,1.0000,false
V4T004694,42.314030,-49.309095,LRG,0.20051249,1.0000,false
V4T004695,20.983250,-42.847538,ELG,0.85732341,1.0000,false
V4T004696,30.641369,-38.063197,LRG,0.63326427,1.0000,false
V4T004697,17.776926,-50.829886,LRG,0.27653234,1.0000,false
V4T004698,342.851844,-25.910385,ELG,0.77138906,1.0000,false
V4T004699,343.075698,-29.718976,LRG,0.48729468,1.0000,false
V4T004700,333.767243,-28.553050,BGS,1.05721992,0.4500,false
V4T004701,37.825553,-44.627410,ELG,0.62813503,1.0000,false
V4T004702,357.332593,-33.019640,ELG,0.37710934,1.0000,false
V4T004703,353.172378,-14.560515,BGS,1.49442156,0.4500,true
V4T004704,47.874089,-41.748161,ELG,0.35421428,1.0000,false
V4T004705,29.538140,-45.434352,ELG,0.84731826,1.0000,false
V4T004706,346.782862,-35.302213,LRG,0.38729237,1.0000,false
V4T004707,346.766144,-17.732564,QSO,0.22445434,1.7000,false
V4T004708,27.303996,-42.986810,ELG,0.70394091,1.0000,false
V4T004709,358.089034,-35.665287,ELG,0.41085756,1.0000,false
V4T004710,0.742499,-31.961880,LRG,0.33040705,1.0000,false
V4T004711,353.565299,-35.678674,ELG,0.29431182,1.0000,false
V4T004712,17.335403,-46.939273,ELG,0.47837123,1.0000,false
V4T004713,358.746304,-29.859243,Star,4.26107456,0.3000,false
V4T004714,48.252853,-41.796090,ELG,0.73747825,1.0000,false
V4T004715,345.134254,-16.340443,ELG,0.36618046,1.0000,false
V4T004716,353.693042,-35.150441,LRG,0.29843121,1.0000,false
V4T004717,345.368303,-22.036046,ELG,0.79362624,1.0000,false
V4T004718,340.408005,-38.253225,LRG,0.30438627,1.0000,false
V4T004719,41.193431,-50.359218,QSO,0.18288528,1.7000,false
V4T004720,26.676985,-56.085391,BGS,1.28083051,0.4500,false
V4T004721,346.385048,-34.536002,QSO,0.17829467,1.7000,false
V4T004722,342.885656,-30.353942,ELG,0.40950204,1.0000,false
V4T004723,344.008286,-29.711042,ELG,0.42619327,1.0000,false
V4T004724,29.104026,-44.543655,LRG,0.38639207,1.0000,false
V4T004725,340.758824,-40.526815,QSO,0.23963008,1.7000,false
V4T004726,340.417870,-39.215121,BGS,1.51673748,0.4500,false
V4T004727,339.786431,-36.609566,ELG,0.73365360,1.0000,false
V4T004728,39.079348,-57.064558,QSO,0.12989967,1.7000,false
V4T004729,45.350747,-47.804094,QSO,0.12875318,1.7000,false
V4T004730,358.277556,-25.479387,QSO,0.15340127,1.7000,false
V4T004731,339.100160,-28.315318,ELG,0.93288772,1.0000,false
V4T004732,40.182527,-36.007194,ELG,0.50685198,1.0000,false
V4T004733,43.713196,-53.896378,ELG,0.95790274,1.0000,false
V4T004734,20.197554,-42.583292,LRG,0.48684223,1.0000,false
V4T004735,357.162760,-18.039687,LRG,0.29221773,1.0000,false
V4T004736,40.671763,-58.459627,ELG,0.56411987,1.0000,false
V4T004737,350.937360,-23.410400,LRG,0.36411688,1.0000,false
V4T004738,20.413759,-41.290639,ELG,0.51363919,1.0000,false
V4T004739,35.640045,-39.234379,LRG,0.47977100,1.0000,false
V4T004740,40.326622,-43.482269,ELG,0.50486433,1.0000,false
V4T004741,350.508067,-17.995168,LRG,0.39941197,1.0000,true
V4T004742,341.167194,-40.971890,BGS,1.15714774,0.4500,false
V4T004743,344.601976,-27.331446,ELG,0.49278630,1.0000,false
V4T004744,20.841517,-56.499099,BGS,1.69891764,0.4500,false
V4T004745,34.076342,-41.106939,LRG,0.39515713,1.0000,false
V4T004746,351.178182,-18.427109,LRG,0.44153228,1.0000,false
V4T004747,36.594226,-58.137582,ELG,0.52041224,1.0000,false
V4T004748,44.127068,-42.174233,BGS,0.99979418,0.4500,false
V4T004749,356.386432,-33.299556,ELG,0.42093913,1.0000,false
V4T004750,345.563476,-36.144364,BGS,1.12467085,0.4500,true
V4T004751,350.665561,-20.804758,LRG,0.33923763,1.0000,true
V4T004752,32.299299,-48.399115,ELG,0.76134546,1.0000,false
V4T004753,350.197575,-40.972014,Star,4.41372653,0.3000,false
V4T004754,23.473310,-53.866969,BGS,1.33579316,0.4500,false
V4T004755,24.245799,-49.053901,BGS,1.02338515,0.4500,false
V4T004756,43.896575,-36.650042,Star,3.48526325,0.3000,false
V4T004757,39.559968,-47.159728,BGS,1.38472027,0.4500,false
V4T004758,43.674129,-53.053663,Star,4.40621991,0.3000,false
V4T004759,37.958369,-40.302133,ELG,0.93622827,1.0000,false
V4T004760,35.855982,-44.046375,QSO,0.14211583,1.7000,false
V4T004761,346.952115,-34.257247,BGS,1.98658786,0.4500,false
V4T004762,338.242251,-34.119690,LRG,0.30377327,1.0000,false
V4T004763,49.951345,-46.596073,LRG,0.39335850,1.0000,false
V4T004764,37.358526,-48.382617,BGS,1.42973510,0.4500,false
V4T004765,346.404005,-16.607809,BGS,1.30010243,0.4500,false
V4T004766,344.826796,-23.778356,BGS,1.15354047,0.4500,false
V4T004767,26.126417,-44.644849,LRG,0.30374093,1.0000,false
V4T004768,27.440814,-45.834042,ELG,0.45286121,1.0000,false
V4T004769,345.313347,-28.477677,QSO,0.19507172,1.7000,false
V4T004770,1.945355,-32.079994,BGS,1.49285809,0.4500,true
V4T004771,16.604898,-54.070152,BGS,1.14210099,0.4500,false
V4T004772,348.827045,-18.570803,ELG,0.36988627,1.0000,false
V4T004773,337.657251,-37.068243,LRG,0.36904702,1.0000,false
V4T004774,23.804497,-53.914189,ELG,0.33706489,1.0000,false
V4T004775,350.576212,-25.526548,BGS,0.89216017,0.4500,false
V4T004776,338.264634,-20.130814,BGS,0.81466614,0.4500,false
V4T004777,35.626580,-56.081388,BGS,0.97487830,0.4500,false
V4T004778,24.302039,-51.531614,ELG,0.45677933,1.0000,false
V4T004779,338.880879,-24.711515,ELG,0.71650787,1.0000,false
V4T004780,351.475356,-25.141797,ELG,0.66101988,1.0000,false
V4T004781,339.486686,-37.139297,BGS,1.18973108,0.4500,false
V4T004782,345.277010,-32.938035,ELG,0.33502844,1.0000,false
V4T004783,52.965762,-48.392438,LRG,0.24833985,1.0000,false
V4T004784,344.219846,-31.207243,BGS,1.32704550,0.4500,false
V4T004785,31.431806,-52.934213,BGS,1.71603576,0.4500,false
V4T004786,347.603429,-34.142343,BGS,1.05991414,0.4500,false
V4T004787,37.290364,-52.265414,BGS,1.07803480,0.4500,false
V4T004788,350.326218,-23.397198,Star,4.19068383,0.3000,false
V4T004789,343.640384,-40.098394,BGS,1.46169483,0.4500,false
V4T004790,341.736872,-32.979970,LRG,0.35242251,1.0000,false
V4T004791,25.179240,-39.247094,BGS,1.70528441,0.4500,false
V4T004792,24.549711,-41.667780,ELG,0.51237467,1.0000,false
V4T004793,350.187114,-27.626931,BGS,1.37665240,0.4500,false
V4T004794,337.353812,-19.671738,QSO,0.25197157,1.7000,false
V4T004795,347.070869,-20.212134,ELG,0.33423358,1.0000,false
V4T004796,28.206640,-57.526616,ELG,0.70319338,1.0000,false
V4T004797,346.133120,-34.051380,LRG,0.42180073,1.0000,false
V4T004798,347.170894,-25.350857,BGS,1.46502600,0.4500,false
V4T004799,340.624536,-41.327643,ELG,0.61358311,1.0000,false
V4T004800,29.848076,-48.255397,ELG,0.75720342,1.0000,false
V4T004801,349.307283,-39.943587,Star,3.71108988,0.3000,false
V4T004802,351.742996,-23.949536,QSO,0.33810745,1.7000,false
V4T004803,346.423220,-19.442963,Star,5.15757311,0.3000,false
V4T004804,345.685541,-13.855262,ELG,0.35027955,1.0000,false
V4T004805,43.650156,-46.142050,BGS,1.95045032,0.4500,false
V4T004806,349.241672,-15.341764,BGS,0.84035803,0.4500,false
V4T004807,353.125303,-29.681931,QSO,0.36068240,1.7000,false
V4T004808,46.742717,-51.492886,LRG,0.62631843,1.0000,false
V4T004809,345.951801,-36.221200,BGS,1.27886630,0.4500,false
V4T004810,27.340777,-58.066395,ELG,0.25582436,1.0000,true
V4T004811,339.925549,-18.487043,BGS,1.30508971,0.4500,false
V4T004812,40.397674,-50.294739,ELG,0.53006721,1.0000,false
V4T004813,345.573884,-30.978273,ELG,0.44937673,1.0000,false
V4T004814,46.512812,-52.275749,LRG,0.53860316,1.0000,false
V4T004815,347.840210,-19.932409,Star,4.09015995,0.3000,false
V4T004816,350.227651,-21.868147,ELG,0.61842631,1.0000,false
V4T004817,345.171726,-30.030257,ELG,0.68862090,1.0000,false
V4T004818,346.475426,-36.015321,ELG,0.76395313,1.0000,false
V4T004819,23.875669,-42.672582,BGS,0.89400757,0.4500,false
V4T004820,16.935500,-44.733705,ELG,0.87642383,1.0000,false
V4T004821,344.729214,-17.590013,ELG,0.40580094,1.0000,false
V4T004822,344.491490,-41.676006,ELG,0.33753374,1.0000,false
V4T004823,337.651379,-33.528550,LRG,0.13891790,1.0000,false
V4T004824,354.520870,-36.434942,QSO,0.12364177,1.7000,false
V4T004825,343.256045,-29.332107,ELG,0.44138504,1.0000,false
V4T004826,346.981040,-18.540910,LRG,0.29920179,1.0000,false
V4T004827,354.373530,-20.333789,ELG,0.31761992,1.0000,false
V4T004828,46.266096,-54.742335,BGS,0.94481754,0.4500,false
V4T004829,342.662902,-31.256781,ELG,0.72889912,1.0000,false
V4T004830,347.600952,-28.948733,BGS,1.25913518,0.4500,false
V4T004831,30.192310,-50.510770,BGS,1.48803474,0.4500,true
V4T004832,37.976364,-56.477202,BGS,1.20016838,0.4500,false
V4T004833,344.733665,-20.754044,ELG,0.42234135,1.0000,false
V4T004834,343.669070,-23.149814,ELG,0.37506831,1.0000,false
V4T004835,47.983314,-42.596893,LRG,0.18141914,1.0000,false
V4T004836,356.375332,-18.708272,ELG,0.74618146,1.0000,false
V4T004837,344.267823,-39.159333,LRG,0.25723107,1.0000,false
V4T004838,31.385312,-39.120624,BGS,2.04747951,0.4500,false
V4T004839,1.255155,-31.415183,ELG,0.59496292,1.0000,false
V4T004840,41.566763,-50.529594,ELG,0.51447804,1.0000,false
V4T004841,355.251673,-24.318465,BGS,1.53029651,0.4500,false
V4T004842,354.599946,-37.782274,LRG,0.26066775,1.0000,false
V4T004843,1.087970,-27.506663,ELG,0.43637202,1.0000,false
V4T004844,342.863713,-29.887996,BGS,1.60153897,0.4500,false
V4T004845,49.177728,-45.818057,QSO,0.18077747,1.7000,false
V4T004846,341.664200,-31.127497,ELG,1.06023450,1.0000,false
V4T004847,343.132142,-30.134916,BGS,0.92395413,0.4500,false
V4T004848,356.060893,-18.060162,ELG,0.37250581,1.0000,false
V4T004849,31.023659,-36.377798,BGS,1.44885635,0.4500,false
V4T004850,344.752839,-29.194325,BGS,1.02300825,0.4500,true
V4T004851,349.642573,-25.985640,ELG,0.72059718,1.0000,true
V4T004852,344.686131,-31.314935,BGS,0.92118883,0.4500,false
V4T004853,46.244297,-57.348744,Star,3.66575100,0.3000,false
V4T004854,344.499305,-27.371558,ELG,0.63221935,1.0000,true
V4T004855,42.503186,-51.122368,LRG,0.46572382,1.0000,false
V4T004856,18.670450,-44.078034,ELG,0.55196395,1.0000,false
V4T004857,341.551353,-41.406512,ELG,0.61855432,1.0000,false
V4T004858,345.980845,-33.942505,Star,3.53186690,0.3000,false
V4T004859,346.154619,-33.471777,BGS,1.30934223,0.4500,false
V4T004860,351.815238,-26.344140,LRG,0.18584044,1.0000,false
V4T004861,336.667941,-24.669169,BGS,2.24665612,0.4500,false
V4T004862,26.333064,-51.152420,BGS,1.41293259,0.4500,false
V4T004863,43.874628,-57.849063,LRG,0.36642983,1.0000,false
V4T004864,42.723085,-50.099497,QSO,0.14687877,1.7000,false
V4T004865,351.821871,-17.482552,LRG,0.22299021,1.0000,false
V4T004866,32.455102,-47.891997,QSO,0.12571337,1.7000,false
V4T004867,49.934697,-47.542502,Star,3.44666559,0.3000,false
V4T004868,41.760447,-39.847349,LRG,0.32303191,1.0000,false
V4T004869,20.299734,-42.098215,ELG,0.56851258,1.0000,false
V4T004870,356.645520,-35.583418,ELG,0.29937857,1.0000,false
V4T004871,335.457754,-29.627424,ELG,0.48646954,1.0000,false
V4T004872,23.843232,-50.474207,BGS,1.39047773,0.4500,false
V4T004873,342.508045,-29.820627,LRG,0.38349069,1.0000,false
V4T004874,344.922299,-17.960622,ELG,1.27084823,1.0000,false
V4T004875,345.372970,-26.859786,Star,4.26166426,0.3000,false
V4T004876,40.357930,-50.758920,BGS,1.55260525,0.4500,false
V4T004877,350.614525,-28.805683,QSO,0.12261302,1.7000,false
V4T004878,341.722692,-38.356053,QSO,0.35330087,1.7000,false
V4T004879,24.987959,-49.331958,BGS,0.72856815,0.4500,false
V4T004880,342.439376,-21.456910,ELG,0.43847572,1.0000,false
V4T004881,344.294306,-17.630386,LRG,0.42209571,1.0000,false
V4T004882,346.698679,-35.313467,LRG,0.30992448,1.0000,false
V4T004883,38.548769,-52.061632,BGS,1.49628969,0.4500,false
V4T004884,344.203287,-31.522366,LRG,0.34973962,1.0000,false
V4T004885,1.177066,-21.315134,ELG,0.87143428,1.0000,false
V4T004886,347.471307,-16.599250,ELG,0.93901171,1.0000,false
V4T004887,350.685834,-41.625239,QSO,0.14663906,1.7000,false
V4T004888,345.377079,-27.448974,ELG,0.57067866,1.0000,false
V4T004889,30.564065,-40.742569,LRG,0.46850193,1.0000,false
V4T004890,341.012068,-21.663840,ELG,1.16742419,1.0000,false
V4T004891,335.872841,-23.954736,ELG,0.41745441,1.0000,false
V4T004892,346.505291,-34.350504,BGS,1.87227930,0.4500,false
V4T004893,340.893896,-38.762258,QSO,0.27114721,1.7000,false
V4T004894,334.775598,-31.470643,LRG,0.34802087,1.0000,false
V4T004895,20.322131,-51.376002,LRG,0.45740722,1.0000,false
V4T004896,346.486017,-35.738712,QSO,0.17962221,1.7000,false
V4T004897,43.774708,-38.347910,BGS,1.30329138,0.4500,false
V4T004898,341.607359,-37.612067,BGS,1.27969951,0.4500,false
V4T004899,28.034148,-41.327136,ELG,0.21730857,1.0000,false
V4T004900,20.637984,-44.570688,BGS,1.25651357,0.4500,false
V4T004901,343.012377,-21.457637,LRG,0.42218108,1.0000,false
V4T004902,47.509239,-55.577738,LRG,0.19171918,1.0000,false
V4T004903,348.624013,-34.838639,ELG,0.89938619,1.0000,false
V4T004904,341.603776,-19.820289,QSO,0.30937784,1.7000,false
V4T004905,350.368386,-39.567325,ELG,0.61128361,1.0000,false
V4T004906,37.948481,-42.672934,Star,3.55310665,0.3000,false
V4T004907,44.502499,-47.552741,BGS,1.73028719,0.4500,false
V4T004908,353.674363,-14.871476,LRG,0.40378972,1.0000,false
V4T004909,359.175766,-31.933663,ELG,0.48917011,1.0000,false
V4T004910,350.507014,-39.421439,LRG,0.42735289,1.0000,false
V4T004911,351.468441,-41.282949,LRG,0.36105351,1.0000,false
V4T004912,354.528205,-28.213852,QSO,0.15090778,1.7000,false
V4T004913,344.720800,-24.859698,BGS,1.56680217,0.4500,false
V4T004914,31.849873,-54.125203,LRG,0.36009971,1.0000,false
V4T004915,343.038288,-41.595079,ELG,0.17182109,1.0000,false
V4T004916,25.895960,-47.833067,LRG,0.33943320,1.0000,false
V4T004917,354.450127,-30.005601,QSO,0.32173310,1.7000,false
V4T004918,358.362577,-28.785646,QSO,0.25328320,1.7000,false
V4T004919,357.686418,-31.030727,BGS,1.40361180,0.4500,false
V4T004920,33.469703,-47.651491,QSO,0.18830818,1.7000,false
V4T004921,342.034655,-36.733865,BGS,0.91208840,0.4500,false
V4T004922,358.965085,-25.833182,QSO,0.17847013,1.7000,false
V4T004923,42.855620,-39.298497,LRG,0.47146659,1.0000,false
V4T004924,336.691265,-26.484647,LRG,0.59621144,1.0000,false
V4T004925,341.052104,-30.651722,BGS,1.23887156,0.4500,false
V4T004926,340.160471,-27.962540,LRG,0.52500930,1.0000,false
V4T004927,343.131335,-29.605838,QSO,0.26309776,1.7000,true
V4T004928,28.772888,-49.987061,ELG,0.27973031,1.0000,true
V4T004929,344.560331,-17.130010,ELG,0.51088270,1.0000,false
V4T004930,343.902812,-34.050108,LRG,0.29784249,1.0000,false
V4T004931,32.075518,-41.913363,BGS,0.95636476,0.4500,false
V4T004932,338.550666,-38.949987,Star,4.99423034,0.3000,false
V4T004933,346.363424,-36.328168,BGS,1.71547226,0.4500,false
V4T004934,28.197672,-47.862134,Star,5.52761669,0.3000,false
V4T004935,33.236042,-49.006631,BGS,0.79094124,0.4500,false
V4T004936,39.565930,-54.893118,LRG,0.53318311,1.0000,false
V4T004937,49.772616,-42.932013,QSO,0.14953464,1.7000,false
V4T004938,342.302832,-28.747868,QSO,0.14901407,1.7000,false
V4T004939,346.248353,-23.762138,BGS,1.10931794,0.4500,false
V4T004940,345.905676,-27.171751,ELG,1.41766933,1.0000,false
V4T004941,41.006935,-58.227884,ELG,0.43217589,1.0000,false
V4T004942,354.983378,-19.062723,LRG,0.26410048,1.0000,false
V4T004943,40.293273,-35.695018,QSO,0.18573765,1.7000,false
V4T004944,342.902649,-18.401895,ELG,0.41028008,1.0000,false
V4T004945,1.284190,-23.261484,ELG,0.75653453,1.0000,false
V4T004946,352.057487,-27.045594,BGS,1.21610847,0.4500,false
V4T004947,346.600132,-34.353671,ELG,0.56251865,1.0000,false
V4T004948,353.233602,-22.293050,Star,6.67644967,0.3000,false
V4T004949,351.226055,-19.325246,LRG,0.23040585,1.0000,false
V4T004950,350.989279,-36.216813,ELG,0.63480865,1.0000,false
V4T004951,18.316812,-52.446519,Star,4.66246358,0.3000,false
V4T004952,340.463794,-40.984704,BGS,1.95535897,0.4500,false
V4T004953,40.577009,-46.161701,BGS,1.63160977,0.4500,false
V4T004954,343.926750,-29.629408,ELG,0.38262196,1.0000,false
V4T004955,351.040252,-30.715995,ELG,0.32936884,1.0000,false
V4T004956,21.672158,-44.504565,BGS,2.34549815,0.4500,false
V4T004957,343.650575,-28.952699,BGS,0.82683779,0.4500,false
V4T004958,345.169344,-18.309669,BGS,1.40984872,0.4500,false
V4T004959,335.447752,-22.375487,ELG,0.43077620,1.0000,false
V4T004960,38.535531,-45.140708,LRG,0.26083967,1.0000,false
V4T004961,336.710100,-19.642780,ELG,0.48874687,1.0000,false
V4T004962,352.046660,-25.395777,BGS,1.43343833,0.4500,false
V4T004963,347.260772,-25.494919,ELG,0.29926683,1.0000,false
V4T004964,342.588887,-30.130550,BGS,1.59336400,0.4500,false
V4T004965,352.391545,-35.944872,BGS,1.59487709,0.4500,false
V4T004966,351.274927,-20.408475,QSO,0.14078872,1.7000,false
V4T004967,351.571788,-24.898294,ELG,0.60367594,1.0000,false
V4T004968,34.264199,-48.446080,ELG,0.61082622,1.0000,false
V4T004969,0.873742,-27.141675,Star,4.33355305,0.3000,false
V4T004970,25.212778,-50.070889,BGS,1.03761741,0.4500,false
V4T004971,31.854948,-47.707036,ELG,0.67552761,1.0000,false
V4T004972,336.702406,-19.464234,LRG,0.57636168,1.0000,false
V4T004973,25.041601,-53.967250,QSO,0.35363409,1.7000,false
V4T004974,23.194457,-54.208658,LRG,0.45095891,1.0000,false
V4T004975,344.284900,-17.778043,ELG,0.56527060,1.0000,false
V4T004976,34.840179,-40.691484,ELG,1.12677897,1.0000,false
V4T004977,359.259599,-28.964669,QSO,0.14041108,1.7000,false
V4T004978,25.268557,-54.106438,ELG,0.47119986,1.0000,false
V4T004979,334.622001,-24.281529,QSO,0.49128297,1.7000,false
V4T004980,42.365958,-44.190664,ELG,0.62046295,1.0000,false
V4T004981,32.908258,-43.382465,ELG,0.42116561,1.0000,false
V4T004982,1.322315,-25.047106,QSO,0.28534838,1.7000,false
V4T004983,42.952024,-50.252068,LRG,0.18943343,1.0000,false
V4T004984,345.676934,-35.943553,BGS,1.12468731,0.4500,false
V4T004985,347.417012,-37.054389,BGS,1.87938813,0.4500,false
V4T004986,353.048602,-30.744376,ELG,0.48675072,1.0000,false
V4T004987,27.190888,-43.770337,LRG,0.21147790,1.0000,false
V4T004988,349.048758,-39.924312,Star,3.40937651,0.3000,false
V4T004989,21.500770,-50.944478,ELG,0.41343221,1.0000,false
V4T004990,356.474450,-26.808316,LRG,0.29052009,1.0000,false
V4T004991,33.091595,-35.840187,ELG,0.41932492,1.0000,false
V4T004992,338.771344,-25.644854,ELG,0.60168842,1.0000,false
V4T004993,348.013902,-20.732944,ELG,0.58689271,1.0000,false
V4T004994,339.067301,-32.236529,BGS,0.99950199,0.4500,false
V4T004995,48.110578,-41.736181,LRG,0.31385001,1.0000,false
V4T004996,38.198032,-51.656128,ELG,0.82103227,1.0000,false
V4T004997,20.871311,-41.685311,QSO,0.10372584,1.7000,false
V4T004998,347.047079,-36.139862,ELG,0.79396178,1.0000,false
V4T004999,28.843198,-50.992921,BGS,1.03768325,0.4500,false
V4T005000,345.524433,-34.887603,BGS,1.15989718,0.4500,false
V4T005001,38.933568,-53.187243,QSO,0.70297084,1.7000,false
V4T005002,341.193896,-41.162298,QSO,0.39836260,1.7000,false
V4T005003,345.825628,-28.030614,BGS,1.48174687,0.4500,false
V4T005004,41.327025,-37.564174,LRG,0.23195049,1.0000,true
V4T005005,31.598791,-37.148844,BGS,1.44080956,0.4500,false
V4T005006,40.539306,-50.315974,LRG,0.32322251,1.0000,false
V4T005007,41.679730,-41.358902,LRG,0.28319350,1.0000,true
V4T005008,351.288374,-38.583960,LRG,0.41097786,1.0000,false
V4T005009,342.872461,-31.550670,BGS,1.55675303,0.4500,false
V4T005010,346.772727,-35.077579,BGS,1.10008952,0.4500,false
V4T005011,338.963793,-25.235936,QSO,0.24069180,1.7000,false
V4T005012,32.564010,-49.225789,BGS,0.94645506,0.4500,false
V4T005013,35.242878,-50.505378,BGS,1.15912939,0.4500,false
V4T005014,349.385193,-39.916111,QSO,0.21472739,1.7000,false
V4T005015,345.403836,-27.503095,BGS,1.59614934,0.4500,false
V4T005016,344.829279,-20.582529,QSO,0.19941746,1.7000,false
V4T005017,351.631624,-24.926516,QSO,0.33520608,1.7000,false
V4T005018,18.096330,-53.938659,ELG,0.40322438,1.0000,false
V4T005019,48.566909,-41.474096,ELG,0.42605666,1.0000,false
V4T005020,16.516187,-47.923089,Star,3.38827744,0.3000,false
V4T005021,50.919865,-53.493311,ELG,0.57681223,1.0000,false
V4T005022,335.505163,-20.974868,QSO,0.41642417,1.7000,false
V4T005023,19.495824,-52.057589,ELG,0.45494260,1.0000,false
V4T005024,352.573795,-35.191574,LRG,0.26223481,1.0000,false
V4T005025,351.730781,-37.028245,ELG,0.27521612,1.0000,false
V4T005026,46.965127,-42.554889,ELG,1.43862537,1.0000,false
V4T005027,351.115153,-25.111119,BGS,1.49482576,0.4500,false
V4T005028,50.185852,-48.483854,ELG,0.71172332,1.0000,false
V4T005029,50.154005,-47.671229,QSO,0.08858441,1.7000,false
V4T005030,341.738664,-32.175520,LRG,0.49342153,1.0000,false
V4T005031,349.715341,-41.770811,BGS,2.49075272,0.4500,false
V4T005032,0.603349,-20.203424,LRG,0.41961029,1.0000,false
V4T005033,344.882371,-17.658474,ELG,0.40870853,1.0000,false
V4T005034,48.434067,-41.922605,QSO,0.26574346,1.7000,false
V4T005035,30.494876,-45.235676,LRG,0.19533573,1.0000,false
V4T005036,43.472347,-48.794070,ELG,0.40158467,1.0000,false
V4T005037,341.034152,-40.888017,QSO,0.49082816,1.7000,false
V4T005038,343.784115,-18.117227,ELG,0.34357355,1.0000,true
V4T005039,1.504405,-23.895396,LRG,0.40373564,1.0000,false
V4T005040,345.086528,-26.580095,Star,4.09748096,0.3000,false
V4T005041,356.499679,-33.555882,ELG,0.67615103,1.0000,false
V4T005042,19.937303,-50.575457,QSO,0.40499102,1.7000,false
V4T005043,33.069582,-48.465893,ELG,0.35455690,1.0000,false
V4T005044,353.929464,-37.062064,Star,3.65632414,0.3000,false
V4T005045,45.164820,-58.350565,ELG,0.64712264,1.0000,false
V4T005046,339.777728,-39.218163,LRG,0.65214918,1.0000,false
V4T005047,26.816785,-51.347248,LRG,0.22442587,1.0000,false
V4T005048,352.495040,-19.065947,Star,3.19931771,0.3000,false
V4T005049,1.403722,-29.376154,BGS,2.43355622,0.4500,false
V4T005050,353.885799,-34.646277,QSO,0.17771024,1.7000,false
V4T005051,25.190919,-38.200098,Star,5.79698068,0.3000,false
V4T005052,344.716785,-28.178660,BGS,0.63704445,0.4500,false
V4T005053,355.249931,-17.982682,ELG,0.79033541,1.0000,false
V4T005054,355.518928,-34.138604,LRG,0.34123692,1.0000,false
V4T005055,350.351525,-23.224476,QSO,0.09569648,1.7000,false
V4T005056,29.119410,-55.243057,BGS,1.51801395,0.4500,false
V4T005057,343.981120,-13.930782,ELG,0.30966315,1.0000,false
V4T005058,350.939085,-34.090618,ELG,0.41500613,1.0000,false
V4T005059,349.695068,-29.233343,BGS,0.83441987,0.4500,false
V4T005060,344.408557,-23.541409,LRG,0.37920994,1.0000,false
V4T005061,343.017029,-30.082657,BGS,1.64046561,0.4500,false
V4T005062,348.010480,-23.111196,ELG,0.36897322,1.0000,false
V4T005063,355.629457,-35.098155,QSO,0.12576067,1.7000,false
V4T005064,15.301670,-48.230496,BGS,1.18390299,0.4500,false
V4T005065,345.303620,-27.405000,LRG,0.51712542,1.0000,false
V4T005066,354.276963,-35.601791,BGS,1.69799920,0.4500,false
V4T005067,47.903064,-53.090452,LRG,0.43917594,1.0000,false
V4T005068,334.572080,-24.892119,ELG,0.74266202,1.0000,false
V4T005069,354.008612,-37.096157,ELG,0.59536258,1.0000,false
V4T005070,355.098061,-27.373973,BGS,1.72028917,0.4500,false
V4T005071,342.593656,-23.986221,QSO,0.16352553,1.7000,false
V4T005072,339.182650,-23.188416,ELG,0.83896159,1.0000,false
V4T005073,45.929080,-54.834833,QSO,0.25952476,1.7000,false
V4T005074,345.127830,-17.713941,ELG,0.39651033,1.0000,false
V4T005075,356.179602,-36.878938,ELG,0.48121263,1.0000,false
V4T005076,335.106729,-22.274765,BGS,1.83937657,0.4500,false
V4T005077,349.200696,-19.548489,ELG,0.42426806,1.0000,false
V4T005078,359.002986,-21.361921,BGS,1.18349910,0.4500,false
V4T005079,350.274055,-36.206544,Star,3.93797903,0.3000,true
V4T005080,32.653815,-48.443004,BGS,0.94851854,0.4500,false
V4T005081,352.303653,-35.672813,LRG,0.31432283,1.0000,false
V4T005082,47.717290,-48.884379,QSO,0.16830662,1.7000,false
V4T005083,1.008712,-26.638141,QSO,0.16081206,1.7000,false
V4T005084,40.409363,-44.878127,ELG,0.56103602,1.0000,false
V4T005085,352.976666,-32.037130,ELG,0.78983810,1.0000,false
V4T005086,344.642896,-27.362870,BGS,0.81558211,0.4500,false
V4T005087,31.898106,-43.046074,LRG,0.42228504,1.0000,false
V4T005088,345.217171,-41.004131,Star,3.14698574,0.3000,false
V4T005089,335.168585,-31.374622,QSO,0.25585606,1.7000,false
V4T005090,27.129737,-49.447919,BGS,1.37239007,0.4500,false
V4T005091,36.059011,-35.964087,ELG,0.59929071,1.0000,false
V4T005092,337.584898,-22.175433,BGS,1.49961272,0.4500,true
V4T005093,50.665202,-45.066543,ELG,0.30129026,1.0000,false
V4T005094,48.711793,-52.460109,ELG,0.32089167,1.0000,false
V4T005095,24.897056,-39.912619,BGS,0.94497109,0.4500,false
V4T005096,45.499706,-43.841823,LRG,0.36451113,1.0000,false
V4T005097,38.063411,-59.292543,ELG,0.42608948,1.0000,false
V4T005098,40.209021,-49.404027,ELG,0.63554306,1.0000,false
V4T005099,353.348700,-23.365402,ELG,0.56503979,1.0000,false
V4T005100,348.424074,-37.396725,LRG,0.17695903,1.0000,true
V4T005101,47.719079,-43.127109,QSO,0.08003065,1.7000,false
V4T005102,37.508705,-55.780040,QSO,0.14835184,1.7000,false
V4T005103,46.625297,-46.569698,LRG,0.24095516,1.0000,false
V4T005104,24.451888,-49.407828,QSO,0.05789173,1.7000,false
V4T005105,347.324018,-17.471516,BGS,0.84962301,0.4500,false
V4T005106,347.380322,-37.806420,BGS,1.33425576,0.4500,false
V4T005107,340.297670,-22.703712,ELG,0.56743342,1.0000,false
V4T005108,346.776586,-34.458273,ELG,0.61142511,1.0000,false
V4T005109,342.877845,-22.487694,ELG,0.33516823,1.0000,false
V4T005110,355.390872,-20.136593,BGS,1.68042216,0.4500,true
V4T005111,351.894767,-25.541500,BGS,2.08548638,0.4500,false
V4T005112,335.779440,-23.407807,QSO,0.18931345,1.7000,false
V4T005113,28.863601,-51.656591,ELG,0.38976364,1.0000,false
V4T005114,355.157183,-21.140569,Star,4.74766245,0.3000,false
V4T005115,48.961596,-42.524114,LRG,0.90193663,1.0000,false
V4T005116,29.353579,-40.838263,BGS,0.70772096,0.4500,false
V4T005117,27.201343,-36.981852,ELG,0.36835984,1.0000,false
V4T005118,356.158860,-15.240451,BGS,1.45200378,0.4500,false
V4T005119,41.216624,-57.833008,ELG,0.38442303,1.0000,false
V4T005120,343.511436,-30.428091,LRG,0.34608077,1.0000,false
V4T005121,49.480496,-44.906172,ELG,0.55974384,1.0000,false
V4T005122,351.759944,-21.519590,BGS,0.87406103,0.4500,false
V4T005123,334.062573,-27.340705,ELG,0.90980712,1.0000,false
V4T005124,345.874085,-19.418480,ELG,0.53375518,1.0000,false
V4T005125,345.822739,-35.329350,BGS,1.84243344,0.4500,false
V4T005126,339.361635,-17.677590,QSO,0.12509253,1.7000,false
V4T005127,334.339485,-31.494399,LRG,0.33159674,1.0000,false
V4T005128,21.436055,-54.656560,LRG,0.27173355,1.0000,false
V4T005129,346.335371,-34.636287,ELG,0.65375037,1.0000,false
V4T005130,342.013116,-30.007354,ELG,0.44809546,1.0000,true
V4T005131,344.540984,-15.424636,QSO,0.16821286,1.7000,false
V4T005132,352.784786,-13.684570,ELG,0.52243658,1.0000,false
V4T005133,340.598177,-20.037539,BGS,1.74736120,0.4500,false
V4T005134,43.174613,-37.137708,BGS,1.76768337,0.4500,false
V4T005135,46.899615,-56.778530,ELG,0.27158361,1.0000,false
V4T005136,344.125733,-35.422902,ELG,0.87140958,1.0000,false
V4T005137,345.420512,-16.619206,Star,5.27210187,0.3000,false
V4T005138,356.525088,-35.416381,ELG,0.71681401,1.0000,true
V4T005139,339.909458,-28.320159,BGS,0.75053466,0.4500,false
V4T005140,47.923634,-41.280760,BGS,1.78472709,0.4500,false
V4T005141,340.878890,-33.170360,ELG,0.72305471,1.0000,false
V4T005142,31.567203,-48.725597,LRG,0.53067845,1.0000,false
V4T005143,348.334278,-13.579813,BGS,1.09309167,0.4500,false
V4T005144,32.460603,-35.685568,ELG,0.28634681,1.0000,false
V4T005145,334.195113,-23.799041,Star,5.02635501,0.3000,false
V4T005146,34.558422,-59.572808,BGS,1.33674984,0.4500,false
V4T005147,343.857622,-39.701742,BGS,1.89707373,0.4500,false
V4T005148,340.642070,-21.961142,BGS,1.10890046,0.4500,false
V4T005149,346.340258,-15.740222,ELG,0.84515609,1.0000,false
V4T005150,19.476664,-50.285364,LRG,0.22783043,1.0000,false
V4T005151,39.982559,-50.259417,QSO,0.24865226,1.7000,false
V4T005152,32.251396,-37.803866,BGS,1.14731780,0.4500,false
V4T005153,343.252682,-37.107392,ELG,0.57442574,1.0000,false
V4T005154,354.003121,-20.965413,QSO,0.40167378,1.7000,false
V4T005155,354.004807,-35.960321,BGS,1.48248083,0.4500,false
V4T005156,40.035330,-36.490736,QSO,0.21303471,1.7000,false
V4T005157,355.753909,-26.470505,QSO,0.24271189,1.7000,false
V4T005158,350.691858,-25.029748,ELG,1.10708533,1.0000,false
V4T005159,353.331847,-36.784301,LRG,0.23798986,1.0000,false
V4T005160,347.987177,-34.922079,LRG,0.13104936,1.0000,false
V4T005161,341.412053,-30.674310,QSO,0.36526712,1.7000,false
V4T005162,32.556712,-57.323968,ELG,0.72607018,1.0000,false
V4T005163,39.654285,-51.517838,ELG,0.34204942,1.0000,false
V4T005164,346.835244,-37.181419,ELG,0.39276407,1.0000,false
V4T005165,333.092217,-28.842097,QSO,0.12507479,1.7000,false
V4T005166,34.887235,-39.195869,ELG,1.27916189,1.0000,false
V4T005167,40.625181,-58.273061,Star,5.39238646,0.3000,false
V4T005168,334.387907,-27.190361,LRG,0.25405167,1.0000,false
V4T005169,41.775126,-47.369623,ELG,0.28177200,1.0000,false
V4T005170,351.361166,-24.353200,LRG,0.52235652,1.0000,false
V4T005171,30.625417,-43.885314,QSO,0.32557953,1.7000,false
V4T005172,41.079704,-50.590668,BGS,1.45456895,0.4500,false
V4T005173,346.009553,-36.144336,LRG,0.48180151,1.0000,false
V4T005174,350.244314,-35.420854,LRG,0.45672051,1.0000,false
V4T005175,343.076885,-20.384326,QSO,0.21661183,1.7000,false
V4T005176,43.379335,-41.462058,BGS,0.70128057,0.4500,false
V4T005177,45.276570,-37.563030,BGS,1.80352802,0.4500,false
V4T005178,338.280743,-38.041511,BGS,1.37590457,0.4500,false
V4T005179,31.225112,-50.344443,BGS,0.68634970,0.4500,false
V4T005180,353.374544,-30.244689,LRG,0.35434589,1.0000,false
V4T005181,42.233113,-37.297579,QSO,0.12205286,1.7000,false
V4T005182,354.556965,-35.632211,QSO,0.17712830,1.7000,false
V4T005183,348.200676,-14.200699,Star,3.16473935,0.3000,false
V4T005184,21.837240,-41.958799,LRG,0.40405397,1.0000,false
V4T005185,340.592782,-26.323720,ELG,0.56804201,1.0000,false
V4T005186,347.121345,-36.046920,LRG,0.17717874,1.0000,false
V4T005187,22.636516,-56.270149,BGS,1.67707028,0.4500,false
V4T005188,339.755566,-25.740713,ELG,0.52226195,1.0000,false
V4T005189,39.662741,-50.750853,LRG,0.51263727,1.0000,false
V4T005190,345.447606,-32.647379,ELG,0.29434237,1.0000,true
V4T005191,18.863320,-45.639215,ELG,0.41850901,1.0000,false
V4T005192,348.586735,-42.464579,LRG,0.21461671,1.0000,false
V4T005193,343.505409,-30.910967,BGS,1.15291668,0.4500,false
V4T005194,48.387476,-42.470922,BGS,1.26265639,0.4500,false
V4T005195,343.411204,-30.706897,LRG,0.30860680,1.0000,false
V4T005196,30.473940,-40.994750,BGS,1.21643155,0.4500,true
V4T005197,42.629850,-41.876500,ELG,1.01660190,1.0000,false
V4T005198,359.035236,-18.787650,BGS,1.74898274,0.4500,false
V4T005199,40.467384,-58.925050,ELG,0.43683384,1.0000,false
V4T005200,15.005293,-47.133408,BGS,1.57770849,0.4500,false
V4T005201,334.651923,-26.843837,LRG,0.27721097,1.0000,false
V4T005202,31.782761,-45.768250,ELG,0.56752349,1.0000,false
V4T005203,345.567728,-35.924315,LRG,0.33367246,1.0000,false
V4T005204,350.328651,-20.485985,ELG,0.68872894,1.0000,false
V4T005205,41.375173,-50.734809,LRG,0.55295336,1.0000,false
V4T005206,17.402666,-54.058821,LRG,0.34164821,1.0000,false
V4T005207,345.681589,-35.872352,QSO,0.22137260,1.7000,false
V4T005208,357.041621,-21.909512,LRG,0.35384898,1.0000,false
V4T005209,343.797589,-30.396738,ELG,0.40458490,1.0000,false
V4T005210,32.729524,-48.628686,ELG,1.08022918,1.0000,false
V4T005211,32.127526,-39.163440,ELG,0.43914523,1.0000,false
V4T005212,352.660522,-14.969490,LRG,0.27957054,1.0000,false
V4T005213,345.577486,-36.652288,BGS,3.57372729,0.4500,false
V4T005214,39.880947,-52.903938,BGS,2.25436018,0.4500,false
V4T005215,349.313172,-28.079794,ELG,0.54094375,1.0000,false
V4T005216,31.572579,-39.665380,BGS,2.02226216,0.4500,false
V4T005217,334.275978,-26.950880,LRG,0.36836087,1.0000,false
V4T005218,355.374847,-36.133044,BGS,1.08777368,0.4500,false
V4T005219,351.614958,-24.572367,QSO,0.16134210,1.7000,false
V4T005220,346.265745,-33.799047,BGS,0.85213403,0.4500,false
V4T005221,358.530095,-19.421533,ELG,0.67234988,1.0000,false
V4T005222,41.041772,-51.363777,ELG,0.45348468,1.0000,false
V4T005223,340.123439,-16.450843,Star,4.68726296,0.3000,false
V4T005224,36.398815,-56.672369,ELG,0.44187079,1.0000,false
V4T005225,344.321346,-27.454319,QSO,0.26681261,1.7000,false
V4T005226,354.328882,-36.004949,QSO,0.20417769,1.7000,false
V4T005227,345.069105,-16.905359,LRG,0.22849818,1.0000,true
V4T005228,0.090198,-21.074796,BGS,1.14843009,0.4500,false
V4T005229,350.895940,-32.904895,QSO,0.06292638,1.7000,true
V4T005230,351.787386,-24.321871,ELG,0.69098711,1.0000,false
V4T005231,358.352160,-20.788184,LRG,0.34227654,1.0000,false
V4T005232,32.361631,-48.261950,ELG,0.52685553,1.0000,false
V4T005233,349.023310,-23.978363,LRG,0.43654108,1.0000,false
V4T005234,30.304708,-56.761454,BGS,1.47598242,0.4500,false
V4T005235,346.127494,-35.230461,ELG,0.80658502,1.0000,false
V4T005236,341.761375,-33.445410,Star,3.23634231,0.3000,false
V4T005237,356.477375,-20.835745,ELG,0.49168762,1.0000,false
V4T005238,41.210090,-44.611154,ELG,0.48692018,1.0000,false
V4T005239,33.353007,-59.112044,BGS,1.82962040,0.4500,false
V4T005240,29.051817,-52.641874,BGS,1.44869474,0.4500,false
V4T005241,343.055895,-29.804225,BGS,1.06429650,0.4500,false
V4T005242,348.020724,-27.322917,QSO,0.13534397,1.7000,false
V4T005243,353.017289,-35.503981,ELG,0.57886734,1.0000,false
V4T005244,346.392374,-36.844394,ELG,0.98317745,1.0000,false
V4T005245,37.550175,-37.525553,LRG,0.57641381,1.0000,false
V4T005246,48.618388,-41.802517,LRG,0.24731750,1.0000,false
V4T005247,348.954500,-34.711055,ELG,1.17641531,1.0000,false
V4T005248,35.729967,-37.311123,ELG,0.80180359,1.0000,false
V4T005249,41.645280,-59.176445,LRG,0.33591865,1.0000,true
V4T005250,32.728384,-48.667888,BGS,1.01355146,0.4500,false
V4T005251,344.227310,-30.274099,LRG,0.24189459,1.0000,true
V4T005252,335.205955,-31.892159,Star,3.67447149,0.3000,false
V4T005253,335.846588,-26.099496,ELG,0.56158224,1.0000,false
V4T005254,337.179644,-31.262313,BGS,1.67311614,0.4500,false
V4T005255,36.844171,-43.983476,BGS,1.50417223,0.4500,false
V4T005256,32.569543,-56.815675,ELG,0.64291947,1.0000,false
V4T005257,353.877927,-35.775422,ELG,0.44743008,1.0000,false
V4T005258,27.563190,-38.419722,ELG,0.53820814,1.0000,false
V4T005259,347.112468,-40.626360,BGS,1.13724199,0.4500,false
V4T005260,27.869433,-57.591719,ELG,0.26774110,1.0000,false
V4T005261,43.352453,-43.155364,ELG,0.85202216,1.0000,false
V4T005262,37.444655,-56.594684,ELG,0.65742114,1.0000,false
V4T005263,344.252664,-30.423927,ELG,0.47342974,1.0000,false
V4T005264,33.352241,-49.187453,BGS,0.78685026,0.4500,true
V4T005265,354.173291,-34.006945,LRG,0.21037982,1.0000,false
V4T005266,31.245778,-49.292573,Star,3.88399995,0.3000,false
V4T005267,38.267649,-44.286851,Star,4.59614805,0.3000,false
V4T005268,343.979825,-26.927333,QSO,0.25667142,1.7000,false
V4T005269,341.726047,-23.202294,BGS,0.60591303,0.4500,false
V4T005270,335.135530,-27.249478,ELG,0.49396262,1.0000,false
V4T005271,357.635773,-32.844854,LRG,0.32331031,1.0000,false
V4T005272,345.130358,-34.998954,QSO,0.12302654,1.7000,false
V4T005273,45.200537,-41.129434,ELG,0.40493546,1.0000,false
V4T005274,49.256539,-46.849680,ELG,0.58208094,1.0000,false
V4T005275,40.186189,-55.938364,BGS,1.43590485,0.4500,false
V4T005276,343.045590,-25.505847,ELG,0.80594135,1.0000,false
V4T005277,41.268416,-49.761081,ELG,0.79874028,1.0000,false
V4T005278,21.903248,-47.186304,LRG,0.63961617,1.0000,false
V4T005279,350.379583,-20.162205,QSO,0.23206202,1.7000,true
V4T005280,357.908789,-38.545932,LRG,0.19474400,1.0000,false
V4T005281,349.564176,-19.680909,QSO,0.22754986,1.7000,false
V4T005282,40.680641,-50.080928,BGS,0.93647373,0.4500,false
V4T005283,339.724969,-22.480920,LRG,0.64762698,1.0000,false
V4T005284,341.526365,-16.206964,LRG,0.25509985,1.0000,true
V4T005285,344.712985,-17.780868,ELG,0.63884037,1.0000,true
V4T005286,346.511262,-34.528071,BGS,1.49772372,0.4500,false
V4T005287,356.832304,-20.373644,QSO,0.10424782,1.7000,false
V4T005288,343.454009,-30.271333,BGS,0.96646155,0.4500,false
V4T005289,47.579436,-44.698311,LRG,0.24688990,1.0000,false
V4T005290,40.507465,-38.490548,Star,4.54517235,0.3000,false
V4T005291,346.947935,-40.519381,ELG,0.63048327,1.0000,false
V4T005292,348.522025,-25.278720,BGS,1.41453202,0.4500,false
V4T005293,40.636515,-46.475916,BGS,1.07511058,0.4500,false
V4T005294,32.113402,-35.621392,BGS,1.38116488,0.4500,false
V4T005295,350.497748,-31.529410,LRG,0.33235834,1.0000,false
V4T005296,359.737695,-23.185933,Star,3.70754032,0.3000,false
V4T005297,352.914693,-40.380009,ELG,0.37061476,1.0000,false
V4T005298,341.435094,-23.447956,QSO,0.14252706,1.7000,false
V4T005299,348.938949,-25.725870,LRG,0.27303265,1.0000,false
V4T005300,355.927172,-25.585687,ELG,0.41250760,1.0000,false
V4T005301,31.289084,-48.468320,LRG,0.13153901,1.0000,false
V4T005302,48.122780,-41.684692,ELG,0.65521253,1.0000,false
V4T005303,38.169941,-45.464271,ELG,0.31696505,1.0000,false
V4T005304,342.729013,-21.538881,BGS,1.34156167,0.4500,false
V4T005305,344.643792,-28.008261,QSO,0.11345274,1.7000,false
V4T005306,28.401162,-56.800364,ELG,1.18583225,1.0000,false
V4T005307,345.537383,-39.769122,ELG,0.80854386,1.0000,false
V4T005308,31.556429,-49.486496,LRG,0.18410442,1.0000,false
V4T005309,358.763176,-18.918483,ELG,1.68413236,1.0000,false
V4T005310,40.975091,-47.973056,LRG,0.33478270,1.0000,false
V4T005311,26.265747,-56.538727,BGS,1.45007185,0.4500,false
V4T005312,353.639262,-35.914129,ELG,0.43590985,1.0000,false
V4T005313,347.760246,-32.377626,LRG,0.50154929,1.0000,false
V4T005314,43.640482,-56.664108,QSO,0.09071204,1.7000,false
V4T005315,48.009502,-42.527573,BGS,1.35344364,0.4500,false
V4T005316,356.149810,-23.975921,BGS,1.29634219,0.4500,false
V4T005317,37.333142,-59.181670,ELG,0.74474348,1.0000,false
V4T005318,336.127088,-24.200117,Star,2.43332932,0.3000,false
V4T005319,343.444198,-30.936752,ELG,1.15648286,1.0000,false
V4T005320,345.082342,-17.561983,LRG,0.45535331,1.0000,false
V4T005321,344.942966,-26.896387,BGS,1.25566408,0.4500,false
V4T005322,34.022657,-34.775763,LRG,0.22645747,1.0000,false
V4T005323,47.653577,-45.590628,LRG,0.45007620,1.0000,false
V4T005324,25.112454,-44.269072,BGS,0.90791028,0.4500,false
V4T005325,36.891498,-50.096416,Star,3.01015089,0.3000,false
V4T005326,33.200767,-41.062116,Star,4.60417543,0.3000,false
V4T005327,29.416297,-55.109997,ELG,0.64720887,1.0000,false
V4T005328,50.845088,-47.239308,BGS,1.32315478,0.4500,false
V4T005329,48.795181,-43.158364,BGS,1.51259740,0.4500,false
V4T005330,344.853831,-26.342168,BGS,1.43166598,0.4500,false
V4T005331,24.820862,-44.960114,QSO,0.25308680,1.7000,false
V4T005332,336.021104,-21.568695,QSO,0.15345667,1.7000,false
V4T005333,338.225828,-35.548773,BGS,1.14990749,0.4500,false
V4T005334,42.341021,-52.798685,BGS,0.57919659,0.4500,false
V4T005335,40.880413,-46.069993,ELG,0.67337221,1.0000,false
V4T005336,33.432923,-43.711794,ELG,0.78485937,1.0000,false
V4T005337,336.590384,-27.601224,ELG,1.12199193,1.0000,false
V4T005338,36.897579,-56.921588,LRG,0.31421829,1.0000,false
V4T005339,346.617368,-41.041671,ELG,0.95979888,1.0000,false
V4T005340,346.374844,-35.598394,ELG,0.53476550,1.0000,false
V4T005341,339.186145,-31.177762,Star,3.22265265,0.3000,false
V4T005342,342.374299,-22.852390,BGS,1.35717031,0.4500,false
V4T005343,345.462767,-33.433190,QSO,0.33286995,1.7000,false
V4T005344,45.057828,-45.684550,ELG,0.77154427,1.0000,false
V4T005345,16.383923,-45.000797,Star,4.19238169,0.3000,false
V4T005346,345.570738,-31.765918,ELG,0.54575237,1.0000,false
V4T005347,0.427455,-21.538988,LRG,0.27537684,1.0000,false
V4T005348,41.846720,-50.427483,QSO,0.35554001,1.7000,false
V4T005349,52.540769,-51.518404,ELG,0.44374483,1.0000,false
V4T005350,359.675790,-27.999569,BGS,1.35419156,0.4500,false
V4T005351,32.319833,-47.665749,QSO,0.10953216,1.7000,false
V4T005352,353.352519,-29.219727,Star,5.66399078,0.3000,false
V4T005353,0.243448,-29.069002,ELG,0.77781345,1.0000,false
V4T005354,343.101173,-30.499177,ELG,0.77745334,1.0000,false
V4T005355,344.815409,-14.292094,ELG,0.54961587,1.0000,true
V4T005356,26.564769,-49.702427,ELG,0.98965205,1.0000,false
V4T005357,350.650145,-15.999379,ELG,0.53859866,1.0000,false
V4T005358,345.367121,-27.113560,BGS,0.73641105,0.4500,false
V4T005359,29.411729,-58.753352,LRG,0.20298026,1.0000,false
V4T005360,348.171121,-20.072727,LRG,0.57972035,1.0000,true
V4T005361,15.447973,-46.421548,ELG,0.54226259,1.0000,false
V4T005362,39.979599,-41.386321,LRG,0.44296095,1.0000,false
V4T005363,358.202221,-38.219534,LRG,0.37490690,1.0000,true
V4T005364,351.738543,-32.914023,ELG,0.27084098,1.0000,false
V4T005365,357.949225,-31.911397,ELG,1.14972503,1.0000,false
V4T005366,337.461783,-23.804181,QSO,0.20352236,1.7000,false
V4T005367,31.862722,-48.116761,ELG,0.93783719,1.0000,false
V4T005368,45.844984,-47.912559,Star,2.41483563,0.3000,false
V4T005369,352.747007,-25.260208,ELG,0.49639474,1.0000,false
V4T005370,42.350737,-49.478776,ELG,0.66652835,1.0000,false
V4T005371,31.856592,-48.622518,BGS,1.30096906,0.4500,false
V4T005372,36.387477,-38.942228,ELG,0.67491212,1.0000,false
V4T005373,355.956464,-30.220480,BGS,0.95219674,0.4500,false
V4T005374,27.752451,-40.891707,LRG,0.34135470,1.0000,false
V4T005375,357.551100,-19.638098,ELG,0.99145978,1.0000,false
V4T005376,345.847556,-15.377701,BGS,1.15623690,0.4500,false
V4T005377,343.074412,-37.261343,LRG,0.29224839,1.0000,false
V4T005378,26.405083,-51.539472,LRG,0.29662436,1.0000,false
V4T005379,353.297017,-16.162064,ELG,0.36978383,1.0000,false
V4T005380,18.889250,-45.901650,LRG,0.46691722,1.0000,false
V4T005381,351.625815,-24.312013,ELG,0.75285036,1.0000,false
V4T005382,30.220416,-51.518979,LRG,0.26321420,1.0000,false
V4T005383,35.056646,-38.969085,QSO,0.26697185,1.7000,false
V4T005384,20.808591,-47.906224,BGS,2.30928616,0.4500,false
V4T005385,42.170039,-35.820101,ELG,0.75301727,1.0000,false
V4T005386,342.864228,-29.563929,QSO,0.12547611,1.7000,false
V4T005387,346.179370,-35.878799,LRG,0.25663862,1.0000,false
V4T005388,34.060687,-43.150626,ELG,0.59153837,1.0000,false
V4T005389,48.085169,-40.997672,ELG,0.42548591,1.0000,false
V4T005390,346.911649,-34.203810,Star,4.46897042,0.3000,false
V4T005391,48.774409,-41.703909,QSO,0.24891842,1.7000,false
V4T005392,45.188422,-50.273034,BGS,0.70959670,0.4500,false
V4T005393,47.720005,-41.905838,ELG,0.99651962,1.0000,false
V4T005394,343.292032,-29.797343,LRG,0.24345752,1.0000,false
V4T005395,355.073598,-33.838617,Star,4.49298037,0.3000,false
V4T005396,355.531915,-21.907038,ELG,0.60215166,1.0000,true
V4T005397,23.584437,-50.034636,QSO,0.16137473,1.7000,false
V4T005398,353.845786,-17.547533,QSO,0.20838959,1.7000,false
V4T005399,39.851922,-50.049338,BGS,2.02621520,0.4500,false
V4T005400,356.805407,-30.098683,QSO,0.13971517,1.7000,false
V4T005401,33.970828,-50.208982,BGS,1.30315011,0.4500,false
V4T005402,359.666017,-33.971150,BGS,1.56210510,0.4500,false
V4T005403,345.673963,-35.688518,QSO,0.11743616,1.7000,false
V4T005404,41.162985,-49.830277,QSO,0.34711724,1.7000,false
V4T005405,33.952091,-48.435526,ELG,0.88163898,1.0000,false
V4T005406,41.821439,-50.302939,BGS,0.51060138,0.4500,false
V4T005407,343.385186,-22.767865,BGS,0.78982908,0.4500,false
V4T005408,337.180866,-37.262373,ELG,0.57559735,1.0000,false
V4T005409,51.861703,-53.160881,BGS,2.37030332,0.4500,false
V4T005410,344.653343,-26.604282,BGS,1.79876519,0.4500,false
V4T005411,20.076790,-43.931923,QSO,0.11477049,1.7000,false
V4T005412,32.397257,-52.402862,ELG,0.69972731,1.0000,false
V4T005413,354.685304,-35.535065,LRG,0.47165843,1.0000,false
V4T005414,352.076886,-20.978875,BGS,1.19264525,0.4500,false
V4T005415,0.174219,-25.773100,BGS,2.21108136,0.4500,false
V4T005416,345.242955,-29.529703,ELG,0.43725470,1.0000,false
V4T005417,43.166592,-39.031455,BGS,1.02805429,0.4500,false
V4T005418,345.848503,-17.624371,LRG,0.24492512,1.0000,false
V4T005419,41.213361,-50.461139,LRG,0.29587011,1.0000,false
V4T005420,349.099262,-37.162410,BGS,1.24655446,0.4500,false
V4T005421,32.536531,-41.164700,QSO,0.34515441,1.7000,false
V4T005422,28.502619,-51.125215,LRG,0.35474482,1.0000,false
V4T005423,17.822742,-54.501242,BGS,1.83629090,0.4500,true
V4T005424,32.592546,-39.304110,BGS,1.32737094,0.4500,false
V4T005425,349.154011,-17.717399,LRG,0.44478699,1.0000,false
V4T005426,344.646370,-20.958150,ELG,0.64017199,1.0000,false
V4T005427,353.327064,-40.528211,BGS,1.13115804,0.4500,false
V4T005428,353.579554,-32.366117,LRG,0.23117050,1.0000,true
V4T005429,353.565550,-35.580992,Star,4.09497398,0.3000,false
V4T005430,41.226003,-48.498929,BGS,1.29092310,0.4500,false
V4T005431,38.945738,-40.504561,ELG,0.60703150,1.0000,false
V4T005432,353.389467,-35.569153,LRG,0.14741891,1.0000,false
V4T005433,334.936082,-31.980948,ELG,0.79481550,1.0000,false
V4T005434,354.279016,-15.289630,Star,3.49823267,0.3000,false
V4T005435,344.378172,-27.122655,ELG,0.34578509,1.0000,false
V4T005436,344.177374,-29.888046,QSO,0.09440826,1.7000,false
V4T005437,31.920487,-48.373121,QSO,0.13254526,1.7000,false
V4T005438,339.563823,-24.786976,QSO,0.22664316,1.7000,false
V4T005439,40.106655,-48.168859,BGS,0.92062937,0.4500,false
V4T005440,41.243128,-58.406694,ELG,1.16833644,1.0000,false
V4T005441,353.828443,-36.026431,LRG,0.27928074,1.0000,false
V4T005442,350.968038,-24.461259,BGS,1.44211254,0.4500,false
V4T005443,343.722293,-22.073133,Star,4.39356972,0.3000,false
V4T005444,344.354707,-34.538825,ELG,0.87859475,1.0000,false
V4T005445,340.577049,-26.823034,ELG,0.55054271,1.0000,false
V4T005446,353.851950,-36.581512,BGS,1.20563615,0.4500,false
V4T005447,42.416937,-56.809328,LRG,0.35677894,1.0000,false
V4T005448,345.154394,-35.309394,QSO,0.29370056,1.7000,false
V4T005449,25.749558,-51.035489,Star,3.89949671,0.3000,false
V4T005450,353.554051,-19.563442,LRG,0.31192835,1.0000,false
V4T005451,39.460626,-43.423414,ELG,0.81991041,1.0000,false
V4T005452,338.945788,-26.224910,LRG,0.24637886,1.0000,false
V4T005453,349.195680,-25.146976,QSO,0.17230911,1.7000,false
V4T005454,341.891354,-36.288452,ELG,0.99556074,1.0000,false
V4T005455,18.162153,-44.674996,QSO,0.18982491,1.7000,false
V4T005456,26.610269,-45.518122,BGS,1.33622824,0.4500,false
V4T005457,35.544211,-41.844122,Star,4.47367275,0.3000,false
V4T005458,52.301076,-49.915860,ELG,0.30141642,1.0000,false
V4T005459,346.442925,-34.509652,Star,4.48921250,0.3000,false
V4T005460,20.372417,-53.895205,ELG,0.43503322,1.0000,false
V4T005461,29.024247,-40.832425,Star,3.10909137,0.3000,false
V4T005462,355.330153,-37.082903,BGS,1.28111736,0.4500,false
V4T005463,40.059974,-56.479904,QSO,0.32957414,1.7000,false
V4T005464,347.243582,-34.757515,LRG,0.27920851,1.0000,false
V4T005465,28.647122,-48.978059,Star,4.24639905,0.3000,true
V4T005466,40.395440,-59.064474,ELG,0.85176847,1.0000,false
V4T005467,355.458967,-38.032280,BGS,1.20492909,0.4500,false
V4T005468,345.700598,-34.527376,BGS,1.62812819,0.4500,false
V4T005469,353.752344,-30.746431,ELG,0.67651005,1.0000,false
V4T005470,338.973990,-29.866262,ELG,0.65783798,1.0000,false
V4T005471,49.502521,-54.881526,BGS,1.42428158,0.4500,false
V4T005472,45.181402,-37.075810,LRG,0.19782941,1.0000,false
V4T005473,343.400211,-19.583859,BGS,0.80503129,0.4500,false
V4T005474,334.583051,-34.945270,Star,3.68475968,0.3000,false
V4T005475,43.351702,-58.076385,QSO,0.20650926,1.7000,false
V4T005476,337.331965,-21.314312,ELG,0.62112885,1.0000,false
V4T005477,344.898870,-17.337962,BGS,1.11239509,0.4500,false
V4T005478,348.483164,-35.928619,ELG,0.95987911,1.0000,false
V4T005479,349.876000,-20.892429,BGS,1.45375795,0.4500,false
V4T005480,48.262811,-42.649294,ELG,0.37189062,1.0000,false
V4T005481,47.536354,-53.767328,ELG,0.37405336,1.0000,false
V4T005482,344.570398,-17.342809,ELG,0.42901826,1.0000,false
V4T005483,34.632964,-58.197414,LRG,0.42732378,1.0000,false
V4T005484,341.354229,-38.019224,ELG,0.82626973,1.0000,false
V4T005485,355.062645,-30.067866,LRG,0.27596534,1.0000,false
V4T005486,355.893359,-24.671443,ELG,0.70648298,1.0000,false
V4T005487,350.531443,-18.332636,QSO,0.29559557,1.7000,false
V4T005488,357.001772,-32.543212,ELG,0.74576748,1.0000,false
V4T005489,348.806948,-38.405300,ELG,1.02631639,1.0000,false
V4T005490,342.445104,-38.917396,LRG,0.24009707,1.0000,false
V4T005491,351.716753,-37.682945,BGS,0.96264317,0.4500,false
V4T005492,44.747976,-56.335863,QSO,0.26293448,1.7000,false
V4T005493,348.920610,-18.355097,ELG,0.43609716,1.0000,false
V4T005494,353.388440,-16.413470,BGS,1.32854894,0.4500,false
V4T005495,33.818321,-37.799286,LRG,0.35775882,1.0000,false
V4T005496,48.100461,-41.284113,Star,3.41965673,0.3000,false
V4T005497,22.557441,-45.611738,BGS,1.67235361,0.4500,false
V4T005498,335.359234,-30.683211,LRG,0.77424069,1.0000,false
V4T005499,47.656083,-47.180097,LRG,0.25018606,1.0000,false
V4T005500,344.045648,-27.400116,QSO,0.22709019,1.7000,false
V4T005501,19.885102,-46.938038,QSO,0.19125156,1.7000,false
V4T005502,344.887374,-31.086674,ELG,0.28354630,1.0000,false
V4T005503,29.143461,-52.005376,Star,4.21315255,0.3000,false
V4T005504,346.670502,-34.218923,LRG,0.26203893,1.0000,false
V4T005505,354.569780,-36.017916,BGS,1.34292344,0.4500,false
V4T005506,345.869709,-34.001439,BGS,1.28646976,0.4500,true
V4T005507,24.046456,-55.922289,Star,3.16053061,0.3000,false
V4T005508,29.371978,-54.537188,QSO,0.10248716,1.7000,false
V4T005509,343.125840,-30.077073,BGS,1.04023819,0.4500,false
V4T005510,352.673660,-38.817785,ELG,0.44785767,1.0000,true
V4T005511,32.635079,-49.024805,ELG,0.77474533,1.0000,false
V4T005512,357.553483,-37.132266,ELG,0.32666714,1.0000,false
V4T005513,32.640434,-38.269443,LRG,0.21979151,1.0000,false
V4T005514,27.088019,-52.514827,BGS,1.66082067,0.4500,false
V4T005515,34.445788,-50.156584,BGS,1.42065253,0.4500,false
V4T005516,40.228130,-38.503803,BGS,1.41912802,0.4500,false
V4T005517,345.730578,-35.386946,LRG,0.63299267,1.0000,false
V4T005518,33.427733,-49.648596,BGS,0.80957126,0.4500,false
V4T005519,34.573910,-42.730057,BGS,0.78179943,0.4500,false
V4T005520,34.822510,-48.419054,ELG,0.30332851,1.0000,false
V4T005521,353.944354,-36.390232,BGS,0.93205341,0.4500,false
V4T005522,21.374051,-55.327516,Star,4.29992368,0.3000,false
V4T005523,36.702354,-43.462159,BGS,0.90677096,0.4500,false
V4T005524,47.267382,-40.012621,ELG,0.42944747,1.0000,false
V4T005525,352.338346,-14.686856,ELG,0.34227926,1.0000,false
V4T005526,48.371526,-55.557162,ELG,0.59890381,1.0000,false
V4T005527,38.387953,-41.467217,BGS,1.12611493,0.4500,false
V4T005528,353.958405,-26.838076,ELG,0.77987573,1.0000,false
V4T005529,27.560290,-53.291081,ELG,0.44578543,1.0000,false
V4T005530,41.108374,-51.031307,QSO,0.12105542,1.7000,true
V4T005531,346.173591,-30.658919,QSO,0.19359076,1.7000,false
V4T005532,355.012448,-18.688706,LRG,0.50584726,1.0000,false
V4T005533,343.713974,-31.656438,QSO,0.35732942,1.7000,false
V4T005534,41.737166,-50.490056,BGS,1.27847084,0.4500,false
V4T005535,41.221445,-59.158473,QSO,0.20345228,1.7000,false
V4T005536,43.047729,-43.979463,QSO,0.17164982,1.7000,true
V4T005537,354.064639,-15.649777,ELG,0.42785516,1.0000,false
V4T005538,336.179774,-30.579123,BGS,0.78334105,0.4500,false
V4T005539,41.887300,-53.160030,ELG,1.00527154,1.0000,false
V4T005540,347.103633,-34.127777,BGS,1.38076493,0.4500,false
V4T005541,352.991799,-20.023733,ELG,1.01912609,1.0000,false
V4T005542,343.102353,-30.581752,QSO,0.15089595,1.7000,false
V4T005543,41.768075,-42.621267,Star,3.27059150,0.3000,false
V4T005544,354.111878,-17.893304,ELG,0.56222876,1.0000,false
V4T005545,35.417868,-47.861103,BGS,0.69485131,0.4500,false
V4T005546,47.633317,-42.346675,Star,5.15545571,0.3000,false
V4T005547,354.139979,-36.416411,Star,4.80339254,0.3000,false
V4T005548,19.006418,-51.728973,Star,4.32903203,0.3000,false
V4T005549,343.499832,-29.293615,BGS,1.35260963,0.4500,false
V4T005550,28.609347,-49.921880,ELG,1.20137391,1.0000,false
V4T005551,345.749878,-27.785802,LRG,0.47393990,1.0000,false
V4T005552,347.314229,-34.353486,LRG,0.33419665,1.0000,false
V4T005553,344.679607,-27.752963,ELG,0.46934152,1.0000,false
V4T005554,336.783320,-31.117770,ELG,0.61756005,1.0000,false
V4T005555,344.547404,-29.395026,QSO,0.15827477,1.7000,false
V4T005556,15.575845,-45.720975,ELG,0.84994352,1.0000,false
V4T005557,44.329283,-37.271011,LRG,0.25721496,1.0000,false
V4T005558,356.044575,-33.057875,BGS,1.36448463,0.4500,false
V4T005559,337.682258,-18.147809,LRG,0.46936159,1.0000,false
V4T005560,39.551118,-38.563769,BGS,1.26147230,0.4500,false
V4T005561,40.335803,-43.996005,BGS,1.66737691,0.4500,false
V4T005562,358.722749,-19.994105,BGS,0.87862154,0.4500,false
V4T005563,343.881436,-27.610166,Star,4.79967555,0.3000,true
V4T005564,350.160419,-28.387742,LRG,0.42786322,1.0000,false
V4T005565,35.534015,-56.498370,BGS,1.54618195,0.4500,false
V4T005566,32.947687,-49.249206,BGS,1.00185297,0.4500,false
V4T005567,343.787599,-35.754115,Star,3.09524598,0.3000,false
V4T005568,346.077555,-36.755314,ELG,0.51539951,1.0000,false
V4T005569,348.913653,-29.915106,ELG,0.97435512,1.0000,false
V4T005570,37.205058,-59.338321,ELG,0.94365069,1.0000,false
V4T005571,338.321713,-21.514597,BGS,1.28253757,0.4500,false
V4T005572,23.945945,-51.722044,BGS,0.89387708,0.4500,false
V4T005573,32.890053,-48.378685,BGS,1.18675596,0.4500,false
V4T005574,48.488119,-40.305239,LRG,0.20969487,1.0000,false
V4T005575,345.511318,-17.657022,LRG,0.31941070,1.0000,false
V4T005576,40.518076,-50.328014,ELG,0.96332129,1.0000,false
V4T005577,23.067142,-52.695652,Star,5.47582078,0.3000,false
V4T005578,344.211877,-27.773641,LRG,0.36292614,1.0000,false
V4T005579,31.855099,-49.837021,LRG,0.31851747,1.0000,false
V4T005580,349.613123,-20.384921,ELG,1.02776842,1.0000,false
V4T005581,40.684763,-50.248709,QSO,0.11163933,1.7000,false
V4T005582,339.161016,-21.302412,ELG,0.71100634,1.0000,false
V4T005583,342.089357,-15.478786,ELG,0.54516080,1.0000,false
V4T005584,332.264647,-30.628712,ELG,0.37178214,1.0000,false
V4T005585,31.176506,-47.791009,BGS,1.67951280,0.4500,true
V4T005586,345.776355,-35.575776,ELG,0.59930100,1.0000,false
V4T005587,350.727052,-24.635832,QSO,0.08123831,1.7000,false
V4T005588,339.902542,-24.442191,ELG,0.38463706,1.0000,false
V4T005589,343.979082,-30.827284,BGS,1.51574668,0.4500,false
V4T005590,339.632914,-17.422975,ELG,1.31260822,1.0000,false
V4T005591,341.941559,-19.918855,ELG,0.26054768,1.0000,false
V4T005592,346.137404,-34.538123,ELG,0.57743304,1.0000,false
V4T005593,342.352039,-39.995699,LRG,0.26114112,1.0000,false
V4T005594,41.711957,-58.826130,QSO,0.34866239,1.7000,false
V4T005595,19.289717,-46.297657,LRG,0.56047529,1.0000,false
V4T005596,41.235975,-49.956339,ELG,0.23988783,1.0000,false
V4T005597,26.315929,-52.061384,BGS,1.25698196,0.4500,false
V4T005598,29.223269,-51.501763,BGS,1.30797002,0.4500,false
V4T005599,349.653350,-27.926718,ELG,0.53383152,1.0000,false
V4T005600,27.032708,-43.902186,BGS,0.94121000,0.4500,false
V4T005601,41.463622,-51.513407,Star,2.90870651,0.3000,false
V4T005602,40.942769,-58.721831,LRG,0.42509587,1.0000,false
V4T005603,341.770024,-24.014478,BGS,1.89884007,0.4500,false
V4T005604,19.821571,-43.271487,ELG,0.57597592,1.0000,false
V4T005605,31.690608,-48.738262,LRG,0.30566373,1.0000,false
V4T005606,23.513956,-43.990016,LRG,0.49965851,1.0000,false
V4T005607,41.300863,-58.638939,BGS,0.82905148,0.4500,false
V4T005608,347.105586,-14.687004,BGS,1.20760624,0.4500,false
V4T005609,348.208153,-30.304318,Star,4.65386731,0.3000,false
V4T005610,344.850145,-27.281315,ELG,0.57844006,1.0000,false
V4T005611,48.312409,-41.742659,QSO,0.16559567,1.7000,false
V4T005612,346.883017,-25.128274,BGS,0.92860909,0.4500,false
V4T005613,340.366635,-27.090625,Star,4.30062754,0.3000,false
V4T005614,353.941863,-35.401819,ELG,0.56932240,1.0000,false
V4T005615,39.656332,-58.414993,ELG,0.99318454,1.0000,false
V4T005616,41.397456,-51.206956,ELG,0.60710181,1.0000,false
V4T005617,343.842776,-18.274938,ELG,0.63070933,1.0000,false
V4T005618,23.607641,-47.224900,Star,4.65202589,0.3000,false
V4T005619,51.308664,-51.570929,BGS,1.56474854,0.4500,false
V4T005620,42.168301,-41.607977,BGS,1.42148870,0.4500,false
V4T005621,341.167330,-25.737925,Star,5.65274774,0.3000,false
V4T005622,23.260015,-50.668422,ELG,0.40259807,1.0000,false
V4T005623,352.541760,-25.897459,BGS,1.29475814,0.4500,false
V4T005624,33.031641,-48.595888,BGS,1.77225937,0.4500,false
V4T005625,47.740134,-41.452142,QSO,0.10422706,1.7000,false
V4T005626,22.705713,-45.915227,Star,4.37948855,0.3000,false
V4T005627,42.650494,-40.031647,LRG,0.56035442,1.0000,true
V4T005628,25.941202,-56.007835,ELG,0.27834257,1.0000,false
V4T005629,48.836816,-41.779009,QSO,0.19340204,1.7000,false
V4T005630,344.742841,-17.664021,BGS,3.11632002,0.4500,false
V4T005631,37.277271,-51.209065,LRG,0.34698365,1.0000,false
V4T005632,26.639276,-47.907356,LRG,0.57500284,1.0000,false
V4T005633,26.486821,-57.418499,BGS,1.73022528,0.4500,false
V4T005634,359.153656,-26.038709,ELG,0.65953253,1.0000,false
V4T005635,354.121673,-35.966634,ELG,0.55052675,1.0000,false
V4T005636,346.210561,-34.089767,BGS,0.86538745,0.4500,false
V4T005637,27.426613,-40.881682,Star,4.33058368,0.3000,false
V4T005638,341.983098,-41.044495,BGS,1.11378037,0.4500,false
V4T005639,357.795056,-31.212127,BGS,1.19874238,0.4500,false
V4T005640,36.262651,-46.930526,BGS,0.87034365,0.4500,false
V4T005641,22.895751,-53.124452,ELG,0.51672749,1.0000,false
V4T005642,354.454557,-38.958450,QSO,0.11210926,1.7000,false
V4T005643,17.431898,-51.974145,LRG,0.29192552,1.0000,false
V4T005644,41.814293,-46.864928,QSO,0.08610881,1.7000,false
V4T005645,351.329135,-24.411142,QSO,0.29505988,1.7000,true
V4T005646,359.013100,-25.624749,BGS,1.17097962,0.4500,false
V4T005647,351.385916,-24.454598,Star,3.05173949,0.3000,false
V4T005648,353.606393,-21.217749,LRG,0.32937882,1.0000,false
V4T005649,349.800427,-21.768805,LRG,0.35967453,1.0000,false
V4T005650,347.506480,-34.593452,ELG,0.88699492,1.0000,false
V4T005651,347.544240,-40.927979,BGS,1.30862413,0.4500,false
V4T005652,41.068640,-55.565503,LRG,0.42001961,1.0000,false
V4T005653,39.411054,-38.125804,LRG,0.24765851,1.0000,false
V4T005654,353.495134,-35.995309,ELG,0.62010843,1.0000,true
V4T005655,344.180219,-29.580781,LRG,0.43240786,1.0000,false
V4T005656,344.474605,-18.287331,Star,6.40184716,0.3000,false
V4T005657,350.499688,-16.324424,ELG,0.31554052,1.0000,false
V4T005658,352.964800,-36.372339,Star,3.75139948,0.3000,false
V4T005659,45.705413,-39.008111,BGS,0.70732908,0.4500,false
V4T005660,334.819729,-36.342815,ELG,0.60850927,1.0000,false
V4T005661,352.374206,-41.169135,ELG,0.44549209,1.0000,false
V4T005662,41.366220,-50.867130,BGS,2.08995391,0.4500,false
V4T005663,32.856403,-48.798578,LRG,0.20600950,1.0000,false
V4T005664,41.670480,-58.505846,LRG,0.56952021,1.0000,false
V4T005665,35.031196,-39.490621,Star,4.87752102,0.3000,false
V4T005666,345.500269,-18.211871,BGS,2.08438957,0.4500,false
V4T005667,350.975836,-23.168865,BGS,1.26466259,0.4500,false
V4T005668,355.274687,-31.337023,BGS,1.10347249,0.4500,false
V4T005669,348.877416,-23.387969,ELG,0.52371118,1.0000,false
V4T005670,346.521952,-31.375090,Star,4.91288906,0.3000,false
V4T005671,355.163549,-37.360724,LRG,0.63509375,1.0000,false
V4T005672,359.430130,-26.337820,ELG,0.28659805,1.0000,false
V4T005673,40.000728,-41.062439,LRG,0.36442288,1.0000,false
V4T005674,345.342570,-28.663776,QSO,0.15155697,1.7000,false
V4T005675,31.082099,-53.457168,BGS,1.97523097,0.4500,false
V4T005676,357.251953,-20.876647,BGS,1.20187294,0.4500,true
V4T005677,334.319706,-25.515016,BGS,1.88271754,0.4500,false
V4T005678,21.130755,-55.526987,BGS,1.26383126,0.4500,false
V4T005679,40.468797,-36.238990,BGS,0.90574557,0.4500,false
V4T005680,22.183060,-40.779912,BGS,1.16258488,0.4500,false
V4T005681,348.564186,-18.460236,LRG,0.43447952,1.0000,false
V4T005682,33.225394,-45.304913,LRG,0.20961425,1.0000,false
V4T005683,24.298544,-38.506897,BGS,1.23687376,0.4500,false
V4T005684,338.800125,-24.574369,ELG,0.49963320,1.0000,false
V4T005685,342.259254,-15.330161,LRG,0.60050476,1.0000,false
V4T005686,28.720687,-53.829472,LRG,0.25479647,1.0000,false
V4T005687,359.261010,-29.549743,ELG,0.42554284,1.0000,false
V4T005688,347.863164,-22.328027,LRG,0.54365007,1.0000,false
V4T005689,19.983851,-48.412831,ELG,0.42002373,1.0000,true
V4T005690,341.673606,-41.026668,Star,3.88163044,0.3000,false
V4T005691,357.059547,-20.881477,ELG,0.53148220,1.0000,false
V4T005692,350.027539,-27.270288,BGS,1.32204423,0.4500,false
V4T005693,43.340950,-43.863045,LRG,0.30238474,1.0000,false
V4T005694,47.846431,-40.408598,Star,4.28644233,0.3000,false
V4T005695,39.832429,-59.149835,QSO,0.20854431,1.7000,false
V4T005696,344.723506,-20.331486,ELG,0.32474062,1.0000,true
V4T005697,353.555275,-29.848180,ELG,0.76304643,1.0000,false
V4T005698,340.914513,-41.542535,BGS,1.49989066,0.4500,false
V4T005699,21.879186,-41.955359,Star,3.72482718,0.3000,false
V4T005700,28.776128,-35.842875,BGS,0.81684000,0.4500,false
V4T005701,350.347442,-22.237019,ELG,0.45175833,1.0000,false
V4T005702,355.333561,-31.633265,BGS,0.71872748,0.4500,false
V4T005703,343.067639,-33.554820,BGS,1.42138809,0.4500,false
V4T005704,345.908045,-36.134420,LRG,0.95318441,1.0000,false
V4T005705,43.007973,-39.635561,ELG,0.42718530,1.0000,false
V4T005706,339.096024,-25.120994,LRG,0.40691636,1.0000,false
V4T005707,23.359975,-43.918007,ELG,0.61777089,1.0000,false
V4T005708,34.263668,-48.798149,BGS,1.38712223,0.4500,false
V4T005709,33.035979,-42.808740,ELG,0.50642092,1.0000,false
V4T005710,38.196299,-50.122318,QSO,0.15573336,1.7000,false
V4T005711,344.163057,-26.439822,BGS,1.07527277,0.4500,false
V4T005712,346.773479,-32.014411,Star,5.59631650,0.3000,false
V4T005713,337.598972,-31.609976,BGS,1.48738054,0.4500,false
V4T005714,38.000810,-38.555230,BGS,1.36161843,0.4500,false
V4T005715,28.248049,-45.312653,QSO,0.10793990,1.7000,false
V4T005716,35.679348,-58.529227,LRG,0.64109908,1.0000,false
V4T005717,51.012556,-45.087617,BGS,1.48303769,0.4500,true
V4T005718,51.356481,-52.140576,ELG,0.60420033,1.0000,false
V4T005719,354.677985,-39.930603,BGS,1.10826304,0.4500,false
V4T005720,339.516136,-33.819044,QSO,0.09775268,1.7000,false
V4T005721,346.544989,-15.437461,Star,5.90787404,0.3000,false
V4T005722,38.732186,-34.831932,Star,6.26156243,0.3000,false
V4T005723,34.382978,-56.426243,ELG,0.60798536,1.0000,false
V4T005724,351.353147,-24.892917,BGS,0.53255760,0.4500,false
V4T005725,348.200422,-30.327697,ELG,0.79412943,1.0000,false
V4T005726,31.188178,-50.120808,BGS,0.90127079,0.4500,false
V4T005727,346.609219,-33.724918,LRG,0.40225230,1.0000,false
V4T005728,28.889491,-54.071642,Star,2.43046208,0.3000,false
V4T005729,349.782600,-27.134687,LRG,0.42174391,1.0000,false
V4T005730,17.448146,-54.629312,LRG,0.38761327,1.0000,false
V4T005731,346.831053,-35.147738,QSO,0.05253436,1.7000,false
V4T005732,351.799999,-25.135287,QSO,0.15804595,1.7000,false
V4T005733,335.473435,-28.479097,BGS,1.47663946,0.4500,false
V4T005734,40.054096,-47.220435,ELG,0.22962709,1.0000,false
V4T005735,345.290694,-31.251752,Star,3.54501566,0.3000,true
V4T005736,347.762032,-26.494089,Star,5.04723841,0.3000,false
V4T005737,345.016075,-27.439208,BGS,1.22859476,0.4500,false
V4T005738,40.878353,-51.613123,ELG,0.49924161,1.0000,false
V4T005739,32.096145,-56.446230,ELG,0.55339912,1.0000,true
V4T005740,41.997632,-50.051973,BGS,1.94183695,0.4500,false
V4T005741,359.197016,-19.307556,Star,4.70038494,0.3000,false
V4T005742,351.316334,-24.839840,ELG,0.42510656,1.0000,false
V4T005743,51.257688,-46.039951,LRG,0.45488083,1.0000,false
V4T005744,26.330269,-48.017102,Star,2.78057555,0.3000,false
V4T005745,340.295499,-18.298416,QSO,0.18386301,1.7000,false
V4T005746,344.759746,-19.030165,Star,4.45575337,0.3000,false
V4T005747,32.871627,-48.082752,ELG,0.30637429,1.0000,false
V4T005748,1.105868,-32.889088,BGS,1.05908561,0.4500,false
V4T005749,337.331940,-22.939286,Star,3.06113051,0.3000,false
V4T005750,335.093637,-36.819120,LRG,0.29678534,1.0000,false
V4T005751,28.066342,-47.106848,BGS,1.58302378,0.4500,false
V4T005752,340.496745,-25.682929,LRG,0.33839434,1.0000,false
V4T005753,35.101447,-48.116748,LRG,0.51081965,1.0000,false
V4T005754,23.053759,-44.559568,QSO,0.46090484,1.7000,false
V4T005755,26.326622,-51.080516,ELG,0.73154641,1.0000,false
V4T005756,333.631247,-26.910852,ELG,0.79860019,1.0000,false
V4T005757,346.493901,-36.796166,LRG,0.26032048,1.0000,false
V4T005758,29.040774,-50.224952,ELG,0.87318017,1.0000,false
V4T005759,40.546699,-50.628361,Star,4.26044411,0.3000,false
V4T005760,357.995687,-23.718103,BGS,0.84474853,0.4500,false
V4T005761,0.873206,-27.862653,BGS,1.45388358,0.4500,false
V4T005762,28.383167,-38.271186,ELG,0.38164202,1.0000,false
V4T005763,351.883516,-36.224632,QSO,0.11144336,1.7000,false
V4T005764,23.028600,-45.357640,ELG,0.34981452,1.0000,false
V4T005765,48.072225,-43.062840,ELG,0.41341286,1.0000,false
V4T005766,355.314538,-20.946808,Star,4.07054440,0.3000,false
V4T005767,336.481098,-31.389059,Star,2.78345331,0.3000,false
V4T005768,41.837589,-35.517278,QSO,0.09037140,1.7000,false
V4T005769,346.271762,-34.365589,BGS,1.07252239,0.4500,false
V4T005770,345.544224,-34.380921,LRG,0.20909063,1.0000,false
V4T005771,26.333763,-50.598968,BGS,1.05800397,0.4500,false
V4T005772,341.098801,-30.687356,ELG,0.68575831,1.0000,false
V4T005773,33.650048,-42.860601,ELG,0.53452507,1.0000,false
V4T005774,357.908284,-37.123455,LRG,0.44426345,1.0000,false
V4T005775,46.113433,-43.509459,ELG,0.55280436,1.0000,false
V4T005776,22.308920,-48.754653,BGS,1.25096913,0.4500,false
V4T005777,356.493567,-38.438715,ELG,0.50248891,1.0000,false
V4T005778,18.449861,-54.449750,ELG,0.34075717,1.0000,false
V4T005779,22.533901,-54.956962,ELG,0.38797273,1.0000,false
V4T005780,37.627652,-58.739312,ELG,0.58429036,1.0000,false
V4T005781,350.060338,-17.282017,ELG,0.50056448,1.0000,false
V4T005782,345.673936,-17.638425,Star,3.17589845,0.3000,false
V4T005783,34.077664,-56.068479,LRG,0.26518709,1.0000,false
V4T005784,346.677528,-36.793351,BGS,1.23269450,0.4500,false
V4T005785,350.456390,-25.474092,QSO,0.21580630,1.7000,false
V4T005786,344.961286,-41.086038,ELG,1.02052307,1.0000,false
V4T005787,354.353746,-30.728944,ELG,0.45310390,1.0000,false
V4T005788,353.671242,-22.805267,ELG,0.42650802,1.0000,false
V4T005789,345.668838,-36.231050,LRG,0.38530076,1.0000,true
V4T005790,46.343209,-46.047397,LRG,0.33551778,1.0000,false
V4T005791,344.882079,-35.805898,LRG,0.33362370,1.0000,false
V4T005792,344.174312,-30.229383,ELG,0.48701338,1.0000,false
V4T005793,350.770966,-31.312357,ELG,1.00526562,1.0000,false
V4T005794,346.664469,-35.742352,BGS,0.89699411,0.4500,false
V4T005795,353.709813,-35.502690,LRG,0.59184679,1.0000,false
V4T005796,43.174675,-40.301418,ELG,0.33720061,1.0000,false
V4T005797,29.808449,-46.632944,ELG,0.92253806,1.0000,false
V4T005798,37.151284,-49.244707,LRG,0.46363397,1.0000,false
V4T005799,348.418327,-32.610286,LRG,0.28209426,1.0000,false
V4T005800,340.921905,-19.067320,ELG,0.92727632,1.0000,false
V4T005801,347.261340,-31.962355,BGS,1.69702289,0.4500,false
V4T005802,357.379104,-17.433514,Star,5.97213719,0.3000,false
V4T005803,19.687608,-51.856930,ELG,0.50847993,1.0000,false
V4T005804,334.374347,-34.022305,QSO,0.19831002,1.7000,false
V4T005805,36.354317,-35.026951,ELG,0.96888096,1.0000,false
V4T005806,41.550770,-58.939978,ELG,0.52518907,1.0000,false
V4T005807,350.654038,-27.832132,LRG,0.31116619,1.0000,false
V4T005808,39.684354,-59.398737,Star,4.32683604,0.3000,false
V4T005809,345.537144,-35.192398,BGS,0.77041827,0.4500,false
V4T005810,47.799444,-42.754681,BGS,1.36168890,0.4500,false
V4T005811,345.558692,-25.702553,LRG,0.52985069,1.0000,false
V4T005812,354.643726,-30.677139,QSO,0.30404221,1.7000,false
V4T005813,26.063409,-48.996775,LRG,0.44079881,1.0000,false
V4T005814,340.673356,-33.876557,ELG,0.88702274,1.0000,false
V4T005815,36.689820,-54.019895,LRG,0.26968873,1.0000,false
V4T005816,351.594422,-24.580631,ELG,0.86064501,1.0000,false
V4T005817,336.108202,-24.475325,BGS,0.82619860,0.4500,false
V4T005818,343.666738,-35.588149,ELG,0.38941451,1.0000,false
V4T005819,337.681859,-38.452778,BGS,0.92209581,0.4500,false
V4T005820,48.103807,-56.988242,ELG,0.62061486,1.0000,false
V4T005821,30.785767,-57.733917,BGS,0.77942220,0.4500,false
V4T005822,33.843748,-47.310834,QSO,0.16962555,1.7000,false
V4T005823,29.161511,-53.111369,ELG,0.28067037,1.0000,false
V4T005824,346.506739,-34.203968,BGS,1.62841549,0.4500,false
V4T005825,344.471123,-17.930577,ELG,0.37615660,1.0000,false
V4T005826,1.177874,-29.510231,Star,3.04057996,0.3000,false
V4T005827,0.408442,-19.906831,Star,2.81891637,0.3000,false
V4T005828,345.027980,-27.910406,QSO,0.12795823,1.7000,false
V4T005829,352.935340,-35.312568,LRG,0.41044957,1.0000,false
V4T005830,49.416660,-42.290404,QSO,0.09933461,1.7000,false
V4T005831,45.681081,-47.485779,ELG,0.40387548,1.0000,false
V4T005832,34.851198,-52.542764,ELG,0.24588471,1.0000,false
V4T005833,338.842004,-18.989935,BGS,1.69419924,0.4500,false
V4T005834,341.523254,-15.116773,QSO,0.22577148,1.7000,false
V4T005835,337.037078,-38.385733,ELG,0.59507566,1.0000,false
V4T005836,35.996900,-39.549607,ELG,0.51845072,1.0000,false
V4T005837,340.007951,-40.774839,LRG,0.27202851,1.0000,false
V4T005838,345.126349,-17.492214,BGS,0.86397912,0.4500,false
V4T005839,358.868998,-27.926336,LRG,0.19848932,1.0000,false
V4T005840,343.674290,-35.818863,LRG,0.31385398,1.0000,false
V4T005841,353.867622,-35.211622,Star,3.59597434,0.3000,false
V4T005842,359.166185,-18.245759,Star,3.50037235,0.3000,false
V4T005843,36.091444,-48.450208,Star,3.24641896,0.3000,false
V4T005844,352.814842,-18.734417,BGS,1.46419888,0.4500,false
V4T005845,40.855969,-50.679638,ELG,0.46605903,1.0000,false
V4T005846,352.600909,-16.791865,LRG,0.30942744,1.0000,false
V4T005847,338.553773,-34.280689,LRG,0.47952218,1.0000,false
V4T005848,342.527001,-27.609712,BGS,0.92857879,0.4500,false
V4T005849,336.631530,-36.780829,BGS,1.22369447,0.4500,false
V4T005850,354.645382,-27.505956,LRG,0.60632516,1.0000,false
V4T005851,348.365491,-25.804610,LRG,0.26072046,1.0000,false
V4T005852,342.864797,-14.704492,ELG,1.09206755,1.0000,false
V4T005853,358.290324,-31.440907,BGS,1.20577526,0.4500,false
V4T005854,343.465054,-29.418491,ELG,0.36950895,1.0000,false
V4T005855,46.995684,-40.730816,ELG,0.28079039,1.0000,false
V4T005856,32.101194,-46.746352,BGS,0.80700832,0.4500,false
V4T005857,39.617617,-57.800547,QSO,0.25018821,1.7000,false
V4T005858,342.693579,-30.178162,ELG,0.32481580,1.0000,false
V4T005859,24.571380,-56.333523,LRG,0.43823091,1.0000,false
V4T005860,343.897981,-35.038895,ELG,0.35981452,1.0000,true
V4T005861,0.142556,-24.622927,ELG,0.86293318,1.0000,false
V4T005862,44.949252,-45.702499,QSO,0.15816360,1.7000,false
V4T005863,42.888480,-40.241733,QSO,0.20390492,1.7000,false
V4T005864,344.281573,-17.761501,LRG,0.67695945,1.0000,false
V4T005865,348.431693,-14.598084,ELG,1.15998035,1.0000,false
V4T005866,336.076821,-25.910958,BGS,1.20269383,0.4500,false
V4T005867,46.125953,-52.563150,ELG,0.77963214,1.0000,false
V4T005868,350.930790,-25.108408,ELG,0.26270661,1.0000,false
V4T005869,352.676288,-35.956296,BGS,1.15115198,0.4500,false
V4T005870,338.676243,-21.334290,BGS,1.76747479,0.4500,false
V4T005871,34.112556,-38.270743,LRG,0.37920137,1.0000,false
V4T005872,39.129175,-47.177047,QSO,0.80746392,1.7000,false
V4T005873,337.433438,-38.196979,LRG,0.30975302,1.0000,false
V4T005874,53.359918,-50.846040,QSO,0.24847046,1.7000,false
V4T005875,44.171965,-42.157944,Star,4.96920911,0.3000,false
V4T005876,27.974583,-50.852892,ELG,0.37306766,1.0000,false
V4T005877,351.000065,-24.179731,ELG,0.72959272,1.0000,false
V4T005878,347.751526,-13.244549,ELG,0.76847301,1.0000,false
V4T005879,41.212263,-46.715956,ELG,0.32837853,1.0000,false
V4T005880,27.128567,-39.229637,ELG,0.71192158,1.0000,false
V4T005881,19.751232,-46.208031,ELG,1.03812564,1.0000,false
V4T005882,336.208829,-25.480993,BGS,1.83046158,0.4500,false
V4T005883,358.869616,-20.374455,BGS,1.56777018,0.4500,false
V4T005884,346.336817,-30.765994,BGS,1.84628312,0.4500,false
V4T005885,350.270421,-16.026987,ELG,0.95572311,1.0000,false
V4T005886,347.384765,-26.353373,ELG,0.52144776,1.0000,false
V4T005887,355.711084,-17.911494,ELG,0.47877374,1.0000,false
V4T005888,339.165767,-40.972591,LRG,0.30782768,1.0000,false
V4T005889,346.312428,-34.759120,ELG,0.55971540,1.0000,false
V4T005890,19.107507,-47.624836,ELG,0.94422547,1.0000,false
V4T005891,45.854254,-48.308316,BGS,1.43197784,0.4500,false
V4T005892,39.115119,-50.663482,QSO,1.08923879,1.7000,false
V4T005893,351.526745,-25.005121,Star,3.49153283,0.3000,false
V4T005894,25.708981,-50.851173,ELG,0.52980596,1.0000,false
V4T005895,359.061878,-32.950036,BGS,0.90862401,0.4500,false
V4T005896,42.624741,-58.053690,ELG,0.69636983,1.0000,false
V4T005897,36.845875,-38.464899,BGS,1.85642359,0.4500,false
V4T005898,26.946487,-52.919017,LRG,0.36652960,1.0000,false
V4T005899,48.091787,-39.659242,ELG,0.32959816,1.0000,false
V4T005900,20.513769,-46.716601,LRG,0.49089150,1.0000,false
V4T005901,345.679111,-17.657102,ELG,0.33792904,1.0000,true
V4T005902,351.631142,-24.825715,Star,4.66103869,0.3000,false
V4T005903,350.959993,-31.456059,QSO,0.36910872,1.7000,false
V4T005904,346.565614,-33.389137,ELG,0.63226777,1.0000,false
V4T005905,34.744026,-48.977326,ELG,0.48859262,1.0000,false
V4T005906,351.907896,-24.888582,BGS,1.48337145,0.4500,false
V4T005907,354.708705,-24.309825,LRG,0.23488547,1.0000,false
V4T005908,28.439229,-43.843623,BGS,2.49130432,0.4500,true
V4T005909,354.487572,-25.647009,BGS,1.42829333,0.4500,false
V4T005910,40.806820,-50.913842,LRG,0.59218774,1.0000,false
V4T005911,33.371523,-49.031755,ELG,0.62563017,1.0000,false
V4T005912,354.321671,-22.772800,QSO,0.46244888,1.7000,false
V4T005913,346.741949,-32.743154,BGS,0.82962611,0.4500,false
V4T005914,37.992520,-44.316027,ELG,0.74073214,1.0000,false
V4T005915,351.512630,-13.437621,ELG,0.81156967,1.0000,true
V4T005916,343.413549,-14.941016,Star,2.61275343,0.3000,false
V4T005917,335.169887,-30.582595,BGS,1.74353158,0.4500,false
V4T005918,28.327597,-41.122492,BGS,2.14417892,0.4500,false
V4T005919,349.522145,-21.017762,LRG,0.26912523,1.0000,false
V4T005920,39.040750,-43.042332,Star,4.14618805,0.3000,false
V4T005921,48.802063,-42.140812,ELG,0.87055701,1.0000,false
V4T005922,43.467562,-49.969277,BGS,1.18128673,0.4500,true
V4T005923,43.894858,-40.017435,QSO,0.20187978,1.7000,false
V4T005924,345.337591,-39.741919,LRG,0.27984625,1.0000,false
V4T005925,358.165451,-24.391370,BGS,1.39087311,0.4500,false
V4T005926,345.263591,-26.123459,ELG,0.72327515,1.0000,false
V4T005927,38.139346,-44.965962,ELG,0.74461985,1.0000,false
V4T005928,26.853550,-49.057542,ELG,0.66887086,1.0000,false
V4T005929,31.516552,-51.407526,LRG,0.21144813,1.0000,false
V4T005930,353.548634,-34.906642,ELG,0.97059437,1.0000,false
V4T005931,352.414582,-37.568495,Star,3.74225954,0.3000,false
V4T005932,52.607592,-50.495185,QSO,0.12146124,1.7000,false
V4T005933,29.918773,-38.213116,ELG,0.76767042,1.0000,false
V4T005934,345.658276,-17.359188,LRG,0.46344582,1.0000,false
V4T005935,48.468156,-44.009828,BGS,1.70456449,0.4500,false
V4T005936,346.914697,-35.516091,Star,3.58090447,0.3000,false
V4T005937,30.017655,-35.582417,ELG,0.57648890,1.0000,false
V4T005938,355.549144,-35.962768,QSO,0.10492433,1.7000,false
V4T005939,342.687043,-15.957542,BGS,0.77930394,0.4500,false
V4T005940,20.794181,-55.725778,BGS,0.88767015,0.4500,true
V4T005941,358.754126,-22.866380,BGS,0.93594220,0.4500,false
V4T005942,34.511911,-38.040466,LRG,0.55072745,1.0000,false
V4T005943,34.607324,-48.931661,BGS,1.03986250,0.4500,false
V4T005944,346.878052,-20.993902,LRG,0.57733862,1.0000,false
V4T005945,24.555776,-48.284120,QSO,0.15701811,1.7000,false
V4T005946,44.346062,-48.332629,ELG,0.63351781,1.0000,false
V4T005947,355.402592,-34.724463,Star,3.99244183,0.3000,false
V4T005948,345.044065,-18.646087,QSO,0.16071361,1.7000,false
V4T005949,346.685041,-33.816814,BGS,1.18479502,0.4500,false
V4T005950,33.614433,-56.914299,ELG,0.95344411,1.0000,false
V4T005951,351.307402,-25.060270,ELG,0.61606844,1.0000,false
V4T005952,351.313448,-23.625950,LRG,0.16201422,1.0000,false
V4T005953,336.824692,-31.716929,Star,4.24872903,0.3000,false
V4T005954,344.937444,-23.053467,LRG,0.34154807,1.0000,false
V4T005955,46.998014,-41.086303,BGS,1.42142044,0.4500,false
V4T005956,349.748195,-41.851325,LRG,0.51608817,1.0000,false
V4T005957,343.867029,-30.450375,BGS,1.34820088,0.4500,false
V4T005958,345.737998,-36.120407,LRG,0.28603741,1.0000,false
V4T005959,37.633449,-42.668282,ELG,0.70912673,1.0000,false
V4T005960,345.277260,-34.878995,QSO,0.19203651,1.7000,false
V4T005961,342.722133,-20.066782,Star,4.00246720,0.3000,false
V4T005962,345.419605,-18.579326,ELG,0.53424494,1.0000,false
V4T005963,29.899369,-57.288706,ELG,0.30081521,1.0000,false
V4T005964,347.875804,-21.952034,BGS,2.51993621,0.4500,false
V4T005965,354.130831,-35.529253,BGS,0.94190263,0.4500,false
V4T005966,335.013815,-31.829894,ELG,0.42647616,1.0000,false
V4T005967,31.582806,-56.216876,LRG,0.24575986,1.0000,false
V4T005968,335.616721,-25.648140,QSO,0.17743269,1.7000,false
V4T005969,42.031702,-51.689121,ELG,0.63264756,1.0000,true
V4T005970,352.925120,-36.149905,ELG,0.39303313,1.0000,false
V4T005971,42.356793,-57.256389,LRG,0.11973446,1.0000,false
V4T005972,351.700020,-24.868297,QSO,0.19339523,1.7000,false
V4T005973,352.030926,-25.937961,BGS,1.06246538,0.4500,false
V4T005974,38.291918,-36.781917,BGS,2.17351139,0.4500,false
V4T005975,357.100527,-27.585588,ELG,1.23798444,1.0000,false
V4T005976,20.362169,-45.610944,ELG,0.62301322,1.0000,false
V4T005977,334.535744,-28.274914,LRG,0.35316312,1.0000,false
V4T005978,41.547701,-36.981818,Star,3.64832813,0.3000,false
V4T005979,351.287325,-24.746099,BGS,2.43589813,0.4500,false
V4T005980,337.289261,-23.353273,ELG,1.25966138,1.0000,false
V4T005981,339.543037,-21.201017,BGS,1.16624228,0.4500,false
V4T005982,346.423994,-16.466360,QSO,0.08776257,1.7000,false
V4T005983,336.523777,-37.868515,BGS,1.24287087,0.4500,false
V4T005984,22.405010,-50.005842,BGS,0.92239853,0.4500,false
V4T005985,336.342126,-20.075175,Star,2.73374703,0.3000,false
V4T005986,352.153066,-36.686126,QSO,0.23472876,1.7000,false
V4T005987,48.498776,-41.976495,QSO,0.14727485,1.7000,false
V4T005988,338.792845,-33.866131,QSO,0.31429721,1.7000,false
V4T005989,18.259998,-44.466912,LRG,0.39005431,1.0000,false
V4T005990,40.416605,-50.194885,LRG,0.36952076,1.0000,false
V4T005991,44.708298,-38.802452,LRG,0.14444586,1.0000,false
V4T005992,333.287265,-26.242754,BGS,1.62690597,0.4500,false
V4T005993,27.227415,-55.207452,ELG,0.33865700,1.0000,false
V4T005994,341.876332,-41.456547,ELG,1.03585346,1.0000,false
V4T005995,39.855886,-50.464900,ELG,0.33437543,1.0000,false
V4T005996,342.936423,-39.113714,BGS,0.97808199,0.4500,false
V4T005997,28.421102,-39.570322,LRG,0.48099778,1.0000,false
V4T005998,354.002262,-27.831288,ELG,0.51205275,1.0000,false
V4T005999,24.593233,-57.314993,QSO,0.31199070,1.7000,false
V4T006000,346.251909,-21.936393,ELG,0.39585508,1.0000,false
V4T006001,21.067031,-44.397327,BGS,1.21905204,0.4500,false
V4T006002,44.913495,-55.946659,ELG,0.48897017,1.0000,false
V4T006003,353.497328,-28.107375,BGS,1.27984399,0.4500,false
V4T006004,344.401605,-27.725633,BGS,3.02130666,0.4500,false
V4T006005,35.074286,-52.647165,ELG,0.61071320,1.0000,false
V4T006006,29.644948,-40.703592,BGS,1.19175616,0.4500,false
V4T006007,339.179044,-23.273861,LRG,0.24413535,1.0000,false
V4T006008,46.478639,-49.507953,QSO,0.17173649,1.7000,false
V4T006009,336.339386,-29.804402,BGS,0.74278894,0.4500,false
V4T006010,41.663411,-36.399735,ELG,0.48905709,1.0000,false
V4T006011,43.475704,-58.831551,LRG,0.39924232,1.0000,false
V4T006012,351.585311,-24.604628,QSO,0.23863969,1.7000,false
V4T006013,346.905147,-40.197071,ELG,0.37595928,1.0000,false
V4T006014,351.185510,-30.402631,ELG,0.32074536,1.0000,false
V4T006015,20.982859,-47.903212,LRG,0.36875576,1.0000,false
V4T006016,344.645272,-31.279904,QSO,0.09227101,1.7000,false
V4T006017,41.178514,-50.188170,QSO,0.19142375,1.7000,false
V4T006018,30.373309,-54.248769,Star,3.25690339,0.3000,false
V4T006019,334.540524,-33.282759,BGS,1.64687569,0.4500,false
V4T006020,353.752107,-35.800502,BGS,1.46280889,0.4500,false
V4T006021,25.348465,-44.874637,BGS,0.92908615,0.4500,false
V4T006022,357.078038,-22.217453,ELG,0.41242088,1.0000,false
V4T006023,38.828708,-58.903901,BGS,1.50121530,0.4500,false
V4T006024,50.365972,-49.659419,LRG,0.40231784,1.0000,false
V4T006025,353.738025,-35.754524,LRG,0.47839703,1.0000,false
V4T006026,38.625978,-35.184456,LRG,0.25355110,1.0000,false
V4T006027,47.076845,-46.969916,BGS,1.08710432,0.4500,false
V4T006028,32.183494,-48.581161,BGS,0.71510286,0.4500,false
V4T006029,44.206859,-38.738995,Star,4.61705796,0.3000,false
V4T006030,354.493032,-36.336853,ELG,1.03668842,1.0000,false
V4T006031,340.420208,-25.348999,LRG,0.26130249,1.0000,false
V4T006032,48.430135,-41.719427,QSO,0.22316620,1.7000,false
V4T006033,343.899919,-23.775514,BGS,0.96572264,0.4500,false
V4T006034,354.935928,-32.867748,BGS,1.95956385,0.4500,false
V4T006035,344.511211,-28.036741,ELG,0.60664317,1.0000,false
V4T006036,47.101385,-52.247902,LRG,0.23288709,1.0000,false
V4T006037,32.156658,-48.262947,Star,2.81251415,0.3000,false
V4T006038,351.085132,-29.464981,ELG,0.65182245,1.0000,false
V4T006039,35.456115,-49.448374,LRG,0.24153224,1.0000,false
V4T006040,23.914815,-48.552162,BGS,0.83483162,0.4500,false
V4T006041,40.390798,-50.703359,LRG,0.52204572,1.0000,false
V4T006042,351.759201,-29.240114,ELG,0.70491938,1.0000,false
V4T006043,39.715911,-54.361630,BGS,0.81156580,0.4500,false
V4T006044,344.400647,-27.666281,Star,4.88810375,0.3000,false
V4T006045,38.725657,-40.703028,ELG,0.65959838,1.0000,false
V4T006046,1.333106,-31.792896,LRG,0.68237222,1.0000,false
V4T006047,342.861134,-16.313345,BGS,0.85319609,0.4500,false
V4T006048,337.644750,-22.790685,ELG,0.44893606,1.0000,false
V4T006049,1.080359,-32.082950,LRG,0.35500693,1.0000,false
V4T006050,41.001484,-48.160389,Star,3.47054106,0.3000,false
V4T006051,344.542396,-35.952236,QSO,0.09493681,1.7000,true
V4T006052,16.718594,-52.747072,QSO,0.23911395,1.7000,false
V4T006053,47.867141,-52.203739,LRG,0.22549500,1.0000,false
V4T006054,32.035310,-48.601284,ELG,0.58070772,1.0000,false
V4T006055,27.408192,-50.335934,BGS,1.29859172,0.4500,false
V4T006056,1.025452,-20.972653,ELG,0.67695329,1.0000,false
V4T006057,353.607170,-29.333884,BGS,1.02715256,0.4500,false
V4T006058,31.466028,-56.219603,ELG,0.77415190,1.0000,false
V4T006059,337.313928,-36.526598,LRG,0.46324240,1.0000,false
V4T006060,344.864593,-17.511596,BGS,0.70405306,0.4500,false
V4T006061,356.628358,-31.997395,QSO,0.29047939,1.7000,false
V4T006062,345.060351,-14.878465,BGS,1.51917274,0.4500,false
V4T006063,335.746231,-21.551171,QSO,0.20583889,1.7000,false
V4T006064,21.839889,-51.548126,ELG,0.44267191,1.0000,false
V4T006065,352.131762,-18.358979,LRG,0.30441951,1.0000,false
V4T006066,341.438003,-24.811353,ELG,0.45216747,1.0000,false
V4T006067,357.329329,-32.539884,LRG,0.51252435,1.0000,false
V4T006068,350.372910,-29.016356,ELG,1.04123156,1.0000,true
V4T006069,359.410123,-31.996256,LRG,0.26115068,1.0000,false
V4T006070,47.931203,-42.281693,Star,4.38599746,0.3000,false
V4T006071,41.960973,-49.418894,Star,2.55406037,0.3000,false
V4T006072,28.923567,-48.615387,ELG,0.36262833,1.0000,false
V4T006073,40.931227,-50.338437,BGS,0.95409599,0.4500,true
V4T006074,41.825707,-51.214053,LRG,0.14530851,1.0000,false
V4T006075,40.665794,-50.332955,ELG,0.38775657,1.0000,false
V4T006076,356.371543,-38.626650,ELG,0.54875327,1.0000,false
V4T006077,341.048467,-41.166993,QSO,0.18992043,1.7000,false
V4T006078,40.934151,-50.998561,ELG,0.45451316,1.0000,false
V4T006079,39.049228,-53.601554,BGS,1.49587863,0.4500,false
V4T006080,45.618671,-41.221679,LRG,0.16812350,1.0000,false
V4T006081,52.362365,-51.209761,BGS,1.69172511,0.4500,false
V4T006082,42.268856,-46.431581,ELG,0.45885442,1.0000,false
V4T006083,34.953747,-53.778013,ELG,0.63916406,1.0000,false
V4T006084,33.186692,-48.720489,ELG,0.35864721,1.0000,false
V4T006085,348.547061,-29.223779,BGS,1.62791731,0.4500,false
V4T006086,40.653500,-58.748490,QSO,0.16977625,1.7000,false
V4T006087,40.633243,-49.786345,QSO,0.15970846,1.7000,false
V4T006088,334.413405,-28.046294,LRG,0.29315878,1.0000,false
V4T006089,348.836189,-27.068752,BGS,0.96106695,0.4500,false
V4T006090,32.180127,-48.287262,ELG,0.74439921,1.0000,false
V4T006091,344.554357,-27.284012,LRG,0.30430332,1.0000,false
V4T006092,339.968557,-18.767661,LRG,0.19208299,1.0000,false
V4T006093,19.193723,-44.711466,ELG,0.46739547,1.0000,true
V4T006094,353.576487,-35.446918,Star,3.05495202,0.3000,false
V4T006095,43.432210,-55.778277,Star,2.84986411,0.3000,false
V4T006096,39.572894,-36.925289,ELG,0.74941101,1.0000,false
V4T006097,51.118069,-45.343786,BGS,1.35621359,0.4500,false
V4T006098,353.841698,-33.254551,QSO,0.06810174,1.7000,false
V4T006099,34.662122,-56.483948,ELG,0.73243089,1.0000,false
V4T006100,40.551652,-50.284739,ELG,1.06001465,1.0000,false
V4T006101,344.110523,-17.375653,BGS,1.25639177,0.4500,false
V4T006102,350.336001,-41.521546,LRG,0.60121067,1.0000,false
V4T006103,36.708427,-42.959564,ELG,0.66591631,1.0000,false
V4T006104,350.005633,-35.545346,ELG,0.28038632,1.0000,false
V4T006105,353.726388,-15.798147,ELG,0.68438340,1.0000,true
V4T006106,346.789530,-33.957106,QSO,0.19613345,1.7000,false
V4T006107,40.857651,-50.238104,BGS,1.30656526,0.4500,false
V4T006108,346.078748,-34.172580,BGS,0.71739440,0.4500,false
V4T006109,47.653603,-51.575179,BGS,2.03858039,0.4500,false
V4T006110,33.890537,-36.800418,ELG,0.41185868,1.0000,true
V4T006111,353.084013,-35.073510,BGS,0.98831457,0.4500,false
V4T006112,17.997792,-52.824986,LRG,0.51235591,1.0000,false
V4T006113,344.742417,-17.529570,BGS,1.13887691,0.4500,false
V4T006114,345.633420,-35.293423,BGS,0.99952643,0.4500,false
V4T006115,37.852918,-44.882271,QSO,0.07443663,1.7000,false
V4T006116,24.580441,-42.868910,ELG,0.49741706,1.0000,false
V4T006117,19.325038,-49.428135,LRG,0.12881099,1.0000,false
V4T006118,346.492384,-35.824670,BGS,0.77769546,0.4500,false
V4T006119,346.911451,-23.479496,ELG,0.85179489,1.0000,false
V4T006120,338.127490,-25.778009,ELG,0.70049692,1.0000,false
V4T006121,28.649723,-46.073086,LRG,0.29650034,1.0000,false
V4T006122,34.477034,-42.199876,LRG,0.42808764,1.0000,false
V4T006123,343.386789,-37.923111,ELG,0.22763010,1.0000,false
V4T006124,348.436202,-15.291719,QSO,0.36011803,1.7000,false
V4T006125,20.124064,-44.715864,QSO,0.29950384,1.7000,false
V4T006126,348.110121,-15.674639,BGS,1.98519867,0.4500,false
V4T006127,335.835233,-25.829431,ELG,1.00013985,1.0000,false
V4T006128,40.063401,-59.099660,LRG,0.39293599,1.0000,false
V4T006129,347.044462,-13.205746,Star,3.50613995,0.3000,false
V4T006130,340.345876,-17.390007,LRG,0.37888359,1.0000,false
V4T006131,345.458852,-23.476698,Star,2.78435214,0.3000,false
V4T006132,354.960430,-36.626809,LRG,0.51262754,1.0000,false
V4T006133,343.112750,-35.678738,BGS,0.95247142,0.4500,false
V4T006134,48.279280,-42.249437,LRG,0.38942749,1.0000,false
V4T006135,51.170590,-49.307781,BGS,1.27955220,0.4500,false
V4T006136,346.209846,-33.142235,BGS,1.23430010,0.4500,false
V4T006137,20.175943,-41.481409,ELG,0.37413922,1.0000,false
V4T006138,27.802208,-39.178471,ELG,0.56699768,1.0000,false
V4T006139,337.821389,-37.728945,Star,3.48945812,0.3000,false
V4T006140,348.579906,-23.847667,ELG,0.46692858,1.0000,false
V4T006141,342.218739,-30.647041,LRG,0.24776536,1.0000,false
V4T006142,357.039483,-18.739458,BGS,1.32406716,0.4500,false
V4T006143,32.141621,-40.335697,LRG,0.33900271,1.0000,false
V4T006144,336.477846,-31.222601,QSO,0.24987808,1.7000,false
V4T006145,23.560044,-40.218137,ELG,0.86045945,1.0000,false
V4T006146,336.831020,-20.340777,Star,3.13022616,0.3000,false
V4T006147,347.920044,-39.607813,LRG,0.43637736,1.0000,false
V4T006148,28.989090,-46.643795,Star,4.28573807,0.3000,false
V4T006149,32.443862,-48.408906,BGS,0.89203325,0.4500,false
V4T006150,340.183516,-40.516645,BGS,1.35664778,0.4500,false
V4T006151,32.716999,-49.051601,LRG,0.46845563,1.0000,false
V4T006152,39.166195,-43.905183,LRG,0.32812574,1.0000,false
V4T006153,345.456867,-21.035832,ELG,0.70411253,1.0000,false
V4T006154,45.867201,-53.619685,LRG,0.31019722,1.0000,false
V4T006155,29.916462,-49.114789,ELG,0.89352323,1.0000,false
V4T006156,353.770708,-34.058355,LRG,0.39457399,1.0000,false
V4T006157,347.073172,-37.604647,ELG,0.80956863,1.0000,false
V4T006158,343.734436,-27.147174,BGS,1.50756895,0.4500,false
V4T006159,348.424723,-26.669941,LRG,0.42865495,1.0000,false
V4T006160,18.503363,-50.156936,LRG,0.37239299,1.0000,false
V4T006161,39.154269,-52.938569,QSO,0.21041215,1.7000,false
V4T006162,334.961238,-23.015577,ELG,0.59578739,1.0000,false
V4T006163,37.066738,-58.502222,LRG,0.79475516,1.0000,false
V4T006164,46.334127,-48.111695,QSO,0.13367660,1.7000,false
V4T006165,45.577684,-54.049215,QSO,0.23354058,1.7000,false
V4T006166,335.106566,-26.597333,BGS,1.25765120,0.4500,false
V4T006167,42.069746,-50.146096,LRG,0.31888028,1.0000,false
V4T006168,347.197074,-35.642670,BGS,1.15254914,0.4500,false
V4T006169,50.835220,-43.567261,ELG,0.23809241,1.0000,false
V4T006170,354.047122,-37.186491,LRG,0.26910791,1.0000,false
V4T006171,344.651705,-17.747848,LRG,0.69090108,1.0000,false
V4T006172,52.175365,-53.353238,LRG,0.32064338,1.0000,false
V4T006173,38.877295,-56.529193,BGS,0.94109686,0.4500,true
V4T006174,346.275831,-34.643624,BGS,1.00804482,0.4500,false
V4T006175,40.427720,-50.451532,BGS,1.30193480,0.4500,false
V4T006176,337.746997,-21.259492,ELG,0.86176609,1.0000,false
V4T006177,348.623862,-25.025837,BGS,1.52729131,0.4500,false
V4T006178,346.849000,-34.623122,Star,2.96361502,0.3000,false
V4T006179,356.232220,-28.591618,QSO,0.32569780,1.7000,false
V4T006180,41.582405,-48.724684,QSO,0.19714694,1.7000,false
V4T006181,43.215485,-50.647061,BGS,0.85804600,0.4500,false
V4T006182,339.654824,-40.990909,QSO,0.19775408,1.7000,true
V4T006183,28.584537,-54.138530,ELG,0.69428889,1.0000,false
V4T006184,341.244355,-40.389318,BGS,1.61400095,0.4500,false
V4T006185,48.868741,-42.350617,BGS,1.32425262,0.4500,false
V4T006186,38.130370,-36.341188,LRG,0.49182668,1.0000,false
V4T006187,45.166591,-55.586146,LRG,0.23930688,1.0000,false
V4T006188,349.808525,-15.083327,ELG,0.53320655,1.0000,false
V4T006189,335.398198,-25.689635,BGS,0.79660450,0.4500,false
V4T006190,345.445356,-17.879543,ELG,0.29351150,1.0000,false
V4T006191,339.992247,-28.012315,ELG,0.42488018,1.0000,false
V4T006192,353.442526,-37.927415,Star,4.41725292,0.3000,false
V4T006193,30.372863,-57.460702,LRG,0.21962581,1.0000,false
V4T006194,36.221404,-55.135177,BGS,1.71276544,0.4500,false
V4T006195,346.826790,-14.110365,ELG,0.45891877,1.0000,false
V4T006196,344.942642,-35.287645,BGS,1.10669216,0.4500,false
V4T006197,359.924420,-32.703682,LRG,0.17929184,1.0000,false
V4T006198,351.333036,-23.448645,ELG,0.52035468,1.0000,true
V4T006199,350.280485,-24.518680,BGS,1.22838454,0.4500,false
V4T006200,42.872604,-36.140617,Star,3.73224330,0.3000,false
V4T006201,353.964348,-26.270067,ELG,1.03246958,1.0000,false
V4T006202,1.244203,-27.598774,ELG,0.27131681,1.0000,false
V4T006203,22.346883,-53.100891,QSO,0.15119586,1.7000,false
V4T006204,18.422034,-43.398566,ELG,0.85694754,1.0000,false
V4T006205,0.617133,-28.967926,ELG,0.75304403,1.0000,false
V4T006206,340.555126,-41.009988,LRG,0.39328130,1.0000,false
V4T006207,351.264338,-21.994881,QSO,0.18966979,1.7000,false
V4T006208,344.183800,-27.586976,ELG,0.51427703,1.0000,false
V4T006209,341.692115,-35.819499,LRG,0.82661163,1.0000,false
V4T006210,334.719310,-24.791533,BGS,1.16705921,0.4500,false
V4T006211,357.602061,-32.169075,LRG,0.39176278,1.0000,false
V4T006212,352.597443,-40.012701,BGS,1.25510598,0.4500,false
V4T006213,336.140123,-25.551464,BGS,1.81770500,0.4500,false
V4T006214,40.055913,-45.742109,QSO,0.18430244,1.7000,false
V4T006215,41.684045,-59.048451,LRG,0.28372155,1.0000,false
V4T006216,49.340289,-41.075386,ELG,0.49277968,1.0000,false
V4T006217,332.939672,-33.390056,ELG,0.77416864,1.0000,false
V4T006218,20.344553,-46.726607,ELG,0.44918146,1.0000,false
V4T006219,355.252380,-29.206474,BGS,1.00392995,0.4500,false
V4T006220,348.641933,-21.640933,BGS,1.92638566,0.4500,false
V4T006221,353.440746,-35.389072,ELG,0.45926603,1.0000,false
V4T006222,342.987694,-28.978403,ELG,0.32614972,1.0000,false
V4T006223,349.730632,-20.262691,ELG,0.77609480,1.0000,false
V4T006224,19.264539,-49.216896,ELG,0.60749215,1.0000,false
V4T006225,351.827500,-30.775367,BGS,1.45511720,0.4500,false
V4T006226,343.033645,-31.331143,QSO,0.35706833,1.7000,false
V4T006227,346.260666,-22.929940,Star,2.77908890,0.3000,false
V4T006228,345.642065,-34.678151,ELG,0.61309029,1.0000,false
V4T006229,19.945321,-41.187172,ELG,0.63913181,1.0000,false
V4T006230,345.231284,-35.183871,BGS,1.86643853,0.4500,false
V4T006231,343.777539,-27.742271,Star,3.17832422,0.3000,false
V4T006232,24.523245,-39.123731,BGS,1.17813029,0.4500,false
V4T006233,340.667391,-36.303906,ELG,0.33554951,1.0000,false
V4T006234,36.449387,-43.497067,QSO,0.20200570,1.7000,false
V4T006235,40.436971,-58.950165,BGS,1.77108157,0.4500,true
V4T006236,343.469120,-28.714018,QSO,0.20589524,1.7000,false
V4T006237,340.106077,-31.696280,BGS,1.51768357,0.4500,false
V4T006238,334.168223,-31.735373,Star,3.50083029,0.3000,false
V4T006239,339.088153,-29.232785,ELG,0.50095539,1.0000,false
V4T006240,50.358285,-43.776718,Star,5.59639191,0.3000,false
V4T006241,34.549092,-49.463826,Star,4.60578992,0.3000,false
V4T006242,349.013965,-25.432886,LRG,0.26572304,1.0000,true
V4T006243,346.143399,-35.176851,ELG,0.53349066,1.0000,true
V4T006244,357.564481,-25.351991,BGS,1.29174039,0.4500,false
V4T006245,347.105022,-34.534342,LRG,0.19185261,1.0000,false
V4T006246,345.899947,-18.570326,BGS,1.08740231,0.4500,false
V4T006247,337.803074,-35.561540,BGS,0.69529240,0.4500,false
V4T006248,21.262493,-45.041082,QSO,0.11558790,1.7000,false
V4T006249,347.231766,-13.731091,ELG,0.28748315,1.0000,false
V4T006250,344.605562,-17.545848,Star,4.63399195,0.3000,false
V4T006251,346.386600,-34.988205,BGS,1.66403309,0.4500,false
V4T006252,343.678195,-30.003649,BGS,1.52056079,0.4500,false
V4T006253,343.282166,-30.759587,ELG,1.46918603,1.0000,false
V4T006254,40.656302,-49.973259,QSO,0.17950399,1.7000,false
V4T006255,34.513169,-38.585238,LRG,0.34628256,1.0000,false
V4T006256,354.326674,-35.274113,LRG,0.41213032,1.0000,true
V4T006257,337.764495,-36.449839,Star,3.23571340,0.3000,false
V4T006258,29.870768,-49.421162,ELG,0.36791234,1.0000,false
V4T006259,352.504466,-24.467443,BGS,1.05129076,0.4500,false
V4T006260,335.985565,-34.910313,ELG,0.50584142,1.0000,false
V4T006261,27.467734,-56.642412,ELG,0.61630520,1.0000,false
V4T006262,346.982394,-36.162467,ELG,0.78972751,1.0000,false
V4T006263,336.622182,-29.673979,QSO,0.21942576,1.7000,false
V4T006264,351.561089,-24.559258,ELG,0.31690953,1.0000,false
V4T006265,41.771421,-51.681834,BGS,1.30958132,0.4500,false
V4T006266,16.887633,-44.710795,ELG,0.51742366,1.0000,false
V4T006267,344.729968,-31.687592,BGS,1.21306949,0.4500,false
V4T006268,339.281508,-33.577402,BGS,1.04876038,0.4500,false
V4T006269,33.362893,-48.391066,BGS,1.95828922,0.4500,false
V4T006270,41.334828,-50.293904,BGS,2.10029457,0.4500,false
V4T006271,43.890071,-45.532416,ELG,0.63211221,1.0000,false
V4T006272,41.194950,-50.176262,BGS,1.18760030,0.4500,false
V4T006273,39.143012,-38.945452,ELG,0.81088188,1.0000,false
V4T006274,44.439807,-45.930896,ELG,0.39299482,1.0000,false
V4T006275,30.419319,-51.102985,ELG,0.82839231,1.0000,false
V4T006276,346.927927,-33.124163,ELG,0.54811413,1.0000,false
V4T006277,349.316116,-38.574305,QSO,0.05807656,1.7000,false
V4T006278,46.789060,-38.631207,BGS,2.23798498,0.4500,false
V4T006279,29.906155,-39.223126,ELG,0.46455008,1.0000,false
V4T006280,336.643076,-39.215419,BGS,2.40444109,0.4500,false
V4T006281,345.495307,-34.704978,BGS,1.68400470,0.4500,false
V4T006282,47.778117,-42.155812,BGS,1.06275554,0.4500,false
V4T006283,337.905182,-30.995674,LRG,0.24663050,1.0000,false
V4T006284,345.404798,-26.596317,LRG,0.26777162,1.0000,false
V4T006285,339.454025,-29.493432,ELG,0.56327610,1.0000,false
V4T006286,35.656334,-50.362081,BGS,1.20215101,0.4500,false
V4T006287,340.202407,-41.080617,ELG,0.47235044,1.0000,false
V4T006288,344.166181,-26.820034,LRG,0.28794750,1.0000,false
V4T006289,40.477762,-58.856173,ELG,0.89201334,1.0000,false
V4T006290,51.984269,-47.161175,ELG,0.48726086,1.0000,false
V4T006291,47.531784,-41.252227,BGS,1.00390183,0.4500,false
V4T006292,48.150637,-48.593372,BGS,1.11126197,0.4500,false
V4T006293,346.763885,-19.172315,ELG,0.46642188,1.0000,false
V4T006294,357.564837,-19.649906,BGS,1.05996602,0.4500,false
V4T006295,341.931325,-36.770481,ELG,0.53379816,1.0000,false
V4T006296,345.762416,-26.491419,LRG,0.37091366,1.0000,false
V4T006297,349.611285,-24.256744,BGS,1.36320610,0.4500,false
V4T006298,0.715898,-23.246350,QSO,0.14572926,1.7000,false
V4T006299,356.258732,-35.756062,BGS,1.66710586,0.4500,false
V4T006300,353.640186,-39.774480,BGS,1.31544008,0.4500,false
V4T006301,344.766354,-41.156532,LRG,0.50896500,1.0000,false
V4T006302,48.440370,-42.290193,BGS,0.98246430,0.4500,false
V4T006303,50.971991,-55.588349,BGS,2.00502007,0.4500,true
V4T006304,1.742663,-27.617228,QSO,0.16480223,1.7000,false
V4T006305,350.486315,-37.784377,ELG,0.72421794,1.0000,false
V4T006306,353.328932,-15.544834,BGS,1.96249699,0.4500,false
V4T006307,33.226957,-51.703949,LRG,0.45099587,1.0000,false
V4T006308,32.718025,-49.837732,ELG,1.00940002,1.0000,false
V4T006309,352.002985,-38.346426,ELG,0.53784914,1.0000,false
V4T006310,30.897507,-36.063958,ELG,0.53772580,1.0000,false
V4T006311,339.819621,-29.104930,ELG,0.43389314,1.0000,false
V4T006312,48.052390,-54.041985,BGS,1.79739457,0.4500,false
V4T006313,351.675621,-20.838722,ELG,0.40126398,1.0000,true
V4T006314,346.602858,-27.821228,ELG,0.29601785,1.0000,false
V4T006315,346.414079,-16.604234,BGS,1.49553346,0.4500,false
V4T006316,16.018607,-50.747462,ELG,1.09189690,1.0000,false
V4T006317,355.441406,-22.112541,ELG,0.59761092,1.0000,false
V4T006318,21.167365,-51.151523,ELG,0.64479405,1.0000,false
V4T006319,333.522699,-35.635488,ELG,0.51666731,1.0000,false
V4T006320,44.392196,-40.431244,BGS,1.05822422,0.4500,false
V4T006321,345.900868,-26.412560,BGS,1.69952323,0.4500,true
V4T006322,344.125452,-29.671657,BGS,1.13226947,0.4500,true
V4T006323,354.222212,-36.183114,BGS,1.09319103,0.4500,false
V4T006324,346.742827,-35.042918,ELG,0.44116398,1.0000,true
V4T006325,353.320280,-33.371086,ELG,0.42720959,1.0000,false
V4T006326,340.192375,-41.025709,QSO,0.15285502,1.7000,false
V4T006327,337.732720,-29.110472,LRG,0.63101277,1.0000,false
V4T006328,346.521634,-15.594699,ELG,0.46474900,1.0000,false
V4T006329,347.337263,-22.300393,ELG,1.02684830,1.0000,false
V4T006330,351.989866,-24.882601,Star,3.70504842,0.3000,false
V4T006331,345.444504,-27.794296,ELG,0.55734704,1.0000,false
V4T006332,350.022167,-33.114538,BGS,2.00307436,0.4500,false
V4T006333,343.935730,-31.108588,BGS,0.90731511,0.4500,false
V4T006334,351.556455,-15.863394,LRG,0.62802973,1.0000,false
V4T006335,337.902975,-27.669628,LRG,0.38639462,1.0000,false
V4T006336,28.644572,-41.406942,LRG,0.23300613,1.0000,false
V4T006337,49.695239,-42.634381,BGS,0.84118675,0.4500,false
V4T006338,359.500469,-33.281851,ELG,0.60303385,1.0000,false
V4T006339,23.397014,-44.688858,LRG,0.44990897,1.0000,false
V4T006340,28.432422,-42.953152,ELG,0.47442682,1.0000,false
V4T006341,347.592994,-34.147401,ELG,0.67358102,1.0000,false
V4T006342,355.492120,-26.083695,BGS,1.07115592,0.4500,false
V4T006343,42.658150,-58.620563,ELG,0.74349600,1.0000,false
V4T006344,51.594592,-45.727757,Star,5.66399992,0.3000,false
V4T006345,33.729866,-48.924549,ELG,0.28495531,1.0000,false
V4T006346,340.702134,-31.712606,ELG,0.66738818,1.0000,false
V4T006347,345.476683,-16.117743,QSO,0.09365414,1.7000,false
V4T006348,349.507763,-28.529352,Star,2.78486263,0.3000,false
V4T006349,342.438118,-29.689197,LRG,0.26809169,1.0000,false
V4T006350,27.057411,-45.819035,QSO,0.08486735,1.7000,false
V4T006351,26.820621,-39.177836,BGS,1.41107241,0.4500,false
V4T006352,348.533834,-28.964258,ELG,0.90001979,1.0000,false
V4T006353,356.838445,-17.439435,QSO,0.14539991,1.7000,false
V4T006354,344.295797,-18.027256,ELG,0.49450570,1.0000,false
V4T006355,348.978920,-39.774613,QSO,0.15493606,1.7000,false
V4T006356,42.910411,-43.006943,QSO,0.06743145,1.7000,false
V4T006357,346.823578,-34.894861,LRG,0.18729850,1.0000,false
V4T006358,42.042746,-37.163472,QSO,0.14401878,1.7000,true
V4T006359,22.195554,-53.075170,Star,3.69254908,0.3000,false
V4T006360,341.311344,-28.409231,Star,2.76440296,0.3000,false
V4T006361,37.608027,-49.374777,LRG,0.80915085,1.0000,false
V4T006362,343.687532,-29.384687,ELG,0.69938817,1.0000,true
V4T006363,348.878717,-29.855073,LRG,0.28210985,1.0000,false
V4T006364,340.499213,-38.990655,ELG,0.40344778,1.0000,false
V4T006365,48.206389,-42.447535,BGS,1.12706044,0.4500,false
V4T006366,29.135735,-36.677155,ELG,0.35684875,1.0000,false
V4T006367,0.233933,-31.917880,Star,4.50840810,0.3000,false
V4T006368,344.043497,-33.550589,BGS,1.54534778,0.4500,false
V4T006369,353.486527,-15.427009,Star,4.70761236,0.3000,false
V4T006370,33.100345,-49.630943,ELG,0.75337501,1.0000,false
V4T006371,28.114867,-46.949439,Star,4.44326216,0.3000,false
V4T006372,48.952638,-40.663448,LRG,0.27974634,1.0000,false
V4T006373,2.384087,-28.725386,LRG,0.50218431,1.0000,false
V4T006374,341.874941,-23.723077,ELG,0.46035565,1.0000,false
V4T006375,41.220127,-40.480108,ELG,0.61677736,1.0000,false
V4T006376,17.786679,-48.612624,LRG,0.33399123,1.0000,true
V4T006377,342.914710,-29.598374,BGS,1.05909496,0.4500,false
V4T006378,31.038113,-46.971525,LRG,0.31507607,1.0000,false
V4T006379,28.014158,-44.524538,ELG,1.07510290,1.0000,true
V4T006380,40.133258,-56.011631,BGS,1.35230825,0.4500,false
V4T006381,347.654793,-15.703948,Star,2.66869249,0.3000,false
V4T006382,23.386015,-41.430823,BGS,0.91154011,0.4500,false
V4T006383,0.366515,-34.989988,ELG,0.40987156,1.0000,false
V4T006384,349.434255,-33.427229,LRG,0.58899882,1.0000,false
V4T006385,37.248822,-44.683999,LRG,0.55963490,1.0000,false
V4T006386,33.476770,-55.871219,ELG,0.17561538,1.0000,false
V4T006387,344.048107,-29.256395,LRG,0.51459516,1.0000,false
V4T006388,344.309774,-38.993066,BGS,1.74189003,0.4500,false
V4T006389,42.881644,-38.197129,BGS,0.81811392,0.4500,false
V4T006390,355.045762,-36.435426,ELG,0.36139158,1.0000,false
V4T006391,340.143478,-34.065723,ELG,0.75143370,1.0000,false
V4T006392,53.097299,-51.729396,LRG,0.24941184,1.0000,false
V4T006393,349.779780,-35.873617,BGS,1.70342717,0.4500,false
V4T006394,356.284004,-25.576695,ELG,0.66089949,1.0000,false
V4T006395,35.868522,-58.078300,QSO,0.10886812,1.7000,false
V4T006396,340.884767,-35.583939,LRG,0.16967265,1.0000,false
V4T006397,357.172744,-31.767688,QSO,0.14275984,1.7000,false
V4T006398,47.984975,-48.661786,ELG,0.63553905,1.0000,false
V4T006399,341.883190,-19.591272,BGS,0.80520367,0.4500,true
V4T006400,45.996418,-48.756554,LRG,0.53424444,1.0000,false
V4T006401,346.529510,-33.362413,Star,4.25562151,0.3000,true
V4T006402,344.273136,-29.720437,QSO,0.25853493,1.7000,false
V4T006403,341.469995,-40.197479,LRG,0.48171080,1.0000,false
V4T006404,35.617625,-57.107689,ELG,0.44496052,1.0000,false
V4T006405,36.527933,-54.079148,ELG,0.46822743,1.0000,false
V4T006406,347.737757,-27.153527,BGS,1.13149021,0.4500,false
V4T006407,41.208059,-50.584329,QSO,0.14377095,1.7000,false
V4T006408,334.682689,-37.224476,ELG,0.34707963,1.0000,false
V4T006409,351.581540,-24.807030,BGS,0.85436527,0.4500,false
V4T006410,344.083070,-33.462515,Star,4.44767645,0.3000,false
V4T006411,350.765432,-36.796544,ELG,0.37349504,1.0000,false
V4T006412,359.509123,-26.388320,ELG,0.72265053,1.0000,false
V4T006413,20.881851,-47.063025,QSO,0.18001250,1.7000,false
V4T006414,19.278914,-41.896774,ELG,0.27252504,1.0000,false
V4T006415,345.415807,-35.590891,LRG,0.67073387,1.0000,false
V4T006416,46.096564,-38.044682,ELG,0.43106740,1.0000,false
V4T006417,340.682799,-25.556182,ELG,0.33049417,1.0000,false
V4T006418,46.880631,-41.849034,BGS,1.16774102,0.4500,true
V4T006419,349.944985,-18.796570,ELG,0.39152708,1.0000,true
V4T006420,46.697446,-53.446262,QSO,0.07337452,1.7000,false
V4T006421,350.996324,-19.774511,Star,2.47411394,0.3000,false
V4T006422,47.844757,-41.749451,QSO,0.11866867,1.7000,true
V4T006423,33.921296,-48.539242,QSO,0.13631758,1.7000,false
V4T006424,39.977577,-59.157138,ELG,0.30713389,1.0000,false
V4T006425,354.108920,-36.426218,ELG,0.28857098,1.0000,true
V4T006426,52.513583,-47.255079,LRG,0.35224270,1.0000,false
V4T006427,35.818111,-45.441931,LRG,0.22813255,1.0000,false
V4T006428,25.881585,-43.895459,LRG,0.30072579,1.0000,true
V4T006429,351.271830,-24.873719,ELG,1.00719919,1.0000,false
V4T006430,339.379628,-26.306587,QSO,0.29064312,1.7000,false
V4T006431,40.385538,-57.994917,LRG,0.37852152,1.0000,false
V4T006432,340.926019,-35.073785,LRG,0.37246956,1.0000,false
V4T006433,36.294169,-50.946437,BGS,1.43534047,0.4500,false
V4T006434,17.803155,-49.530392,BGS,1.84433192,0.4500,false
V4T006435,332.656228,-29.320314,ELG,0.41096444,1.0000,false
V4T006436,344.848092,-21.158537,BGS,1.68941245,0.4500,false
V4T006437,37.029526,-42.511580,LRG,0.54907615,1.0000,false
V4T006438,346.479375,-31.328228,ELG,0.39321264,1.0000,false
V4T006439,41.650707,-43.968305,LRG,0.42025471,1.0000,false
V4T006440,352.141024,-13.616037,ELG,0.21997746,1.0000,false
V4T006441,345.733287,-21.221536,ELG,0.63133465,1.0000,false
V4T006442,338.849174,-38.643909,LRG,0.30942836,1.0000,false
V4T006443,48.713502,-42.565438,QSO,0.16548418,1.7000,false
V4T006444,343.188945,-28.189805,BGS,1.55368379,0.4500,false
V4T006445,31.880957,-47.947180,LRG,0.34588936,1.0000,false
V4T006446,31.484483,-44.979405,BGS,1.36970739,0.4500,false
V4T006447,344.502665,-17.377348,ELG,0.42728772,1.0000,false
V4T006448,41.625924,-49.951751,Star,3.04974937,0.3000,false
V4T006449,17.745245,-48.621249,QSO,0.10535720,1.7000,false
V4T006450,39.566693,-50.519633,Star,2.52556395,0.3000,false
V4T006451,347.268075,-36.166280,QSO,0.13444447,1.7000,false
V4T006452,31.189008,-36.626487,Star,5.31116892,0.3000,false
V4T006453,33.645983,-48.099330,ELG,0.55608541,1.0000,false
V4T006454,355.101568,-35.979623,BGS,1.45144836,0.4500,false
V4T006455,357.659353,-18.245193,LRG,0.29069758,1.0000,false
V4T006456,357.892998,-38.931856,QSO,0.13169611,1.7000,false
V4T006457,40.369139,-49.679957,QSO,0.29648064,1.7000,false
V4T006458,37.526440,-35.000734,ELG,0.91169385,1.0000,false
V4T006459,344.009287,-27.082512,ELG,0.40467840,1.0000,false
V4T006460,35.943194,-47.152493,LRG,0.41603345,1.0000,false
V4T006461,335.905025,-35.166673,BGS,1.39959438,0.4500,false
V4T006462,40.623019,-49.724436,BGS,1.20584130,0.4500,false
V4T006463,344.823413,-28.706997,LRG,0.38875302,1.0000,false
V4T006464,345.633021,-36.202383,ELG,0.44918777,1.0000,false
V4T006465,340.901640,-40.917871,ELG,0.63410587,1.0000,false
V4T006466,23.168068,-46.023189,QSO,0.11127033,1.7000,false
V4T006467,33.969280,-58.762593,QSO,0.26852256,1.7000,false
V4T006468,353.987021,-21.145769,ELG,0.34684705,1.0000,false
V4T006469,345.698788,-31.965278,ELG,0.61037849,1.0000,false
V4T006470,38.333499,-40.052500,BGS,1.91388931,0.4500,false
V4T006471,38.264654,-59.357783,BGS,1.22503200,0.4500,true
V4T006472,344.498083,-27.990652,LRG,0.33556421,1.0000,false
V4T006473,32.199862,-49.938737,QSO,0.19513977,1.7000,false
V4T006474,49.689232,-43.560500,ELG,0.52079321,1.0000,false
V4T006475,339.063087,-18.001599,BGS,1.24099699,0.4500,false
V4T006476,30.538168,-58.718493,LRG,0.47369490,1.0000,false
V4T006477,346.712798,-22.616335,ELG,0.37844318,1.0000,false
V4T006478,350.733047,-29.262790,ELG,2.38576573,1.0000,false
V4T006479,43.013865,-53.765025,ELG,0.28362505,1.0000,false
V4T006480,24.167546,-47.135532,LRG,0.78910519,1.0000,false
V4T006481,345.354917,-26.523582,ELG,0.78596180,1.0000,true
V4T006482,23.496282,-43.751230,ELG,0.36871654,1.0000,false
V4T006483,344.104079,-18.146978,ELG,0.83800230,1.0000,false
V4T006484,30.146355,-49.110653,BGS,1.67116045,0.4500,false
V4T006485,348.144224,-26.984373,LRG,0.34489524,1.0000,false
V4T006486,47.677756,-41.433211,QSO,0.28090080,1.7000,false
V4T006487,333.722045,-31.911046,BGS,1.28756009,0.4500,false
V4T006488,352.172063,-40.957025,ELG,0.91951042,1.0000,false
V4T006489,332.563798,-29.340559,QSO,0.19493994,1.7000,false
V4T006490,26.580066,-55.227893,ELG,0.39225848,1.0000,false
V4T006491,349.708835,-36.982399,ELG,0.48366032,1.0000,false
V4T006492,337.083329,-32.500023,LRG,0.56248814,1.0000,false
V4T006493,345.441971,-35.023515,ELG,0.83103775,1.0000,false
V4T006494,347.874599,-24.525926,LRG,0.40191095,1.0000,false
V4T006495,348.544428,-22.463244,ELG,0.33307345,1.0000,false
V4T006496,352.158830,-37.992258,ELG,0.39061244,1.0000,false
V4T006497,351.631527,-33.539763,LRG,0.74161254,1.0000,false
V4T006498,27.862199,-50.264037,ELG,0.63556726,1.0000,false
V4T006499,338.808051,-17.711347,LRG,0.53563259,1.0000,false
V4T006500,354.707727,-25.501809,BGS,1.19885550,0.4500,true
V4T006501,354.989797,-23.650673,BGS,0.97055273,0.4500,false
V4T006502,39.564049,-36.759059,QSO,0.12343974,1.7000,false
V4T006503,48.690909,-49.207073,QSO,0.33776738,1.7000,false
V4T006504,41.662626,-55.351516,LRG,0.37537252,1.0000,false
V4T006505,355.276712,-18.916400,BGS,1.14750240,0.4500,false
V4T006506,353.320752,-35.602440,LRG,0.20783115,1.0000,false
V4T006507,354.156432,-19.201640,BGS,0.76099451,0.4500,false
V4T006508,358.450839,-21.754111,ELG,0.26591021,1.0000,false
V4T006509,343.484272,-32.440740,LRG,0.24808336,1.0000,false
V4T006510,22.255238,-50.845773,LRG,0.45917243,1.0000,false
V4T006511,340.252487,-41.272018,ELG,0.45475087,1.0000,false
V4T006512,349.313721,-35.472415,ELG,1.68081726,1.0000,false
V4T006513,336.405780,-33.746394,Star,3.38708150,0.3000,false
V4T006514,49.315227,-56.029118,Star,3.10792423,0.3000,false
V4T006515,339.507600,-27.602067,QSO,0.29016794,1.7000,false
V4T006516,51.956500,-51.029811,ELG,0.76178571,1.0000,false
V4T006517,48.215207,-42.479262,ELG,0.42471733,1.0000,false
V4T006518,41.102255,-50.909673,ELG,0.46194919,1.0000,false
V4T006519,41.823285,-49.420379,BGS,0.91016423,0.4500,false
V4T006520,344.100926,-22.299329,ELG,0.69746633,1.0000,false
V4T006521,40.496472,-49.936839,Star,6.19072941,0.3000,false
V4T006522,333.261219,-27.165699,LRG,0.32907054,1.0000,false
V4T006523,345.120223,-26.071109,QSO,0.42633583,1.7000,false
V4T006524,343.404364,-28.430858,LRG,0.35966359,1.0000,false
V4T006525,340.601387,-41.243301,ELG,0.56802022,1.0000,false
V4T006526,25.302159,-40.751501,ELG,0.62772865,1.0000,false
V4T006527,22.904766,-45.275069,ELG,0.75572941,1.0000,false
V4T006528,340.082243,-41.010091,ELG,0.37401174,1.0000,false
V4T006529,344.081482,-30.164599,LRG,0.23827274,1.0000,false
V4T006530,344.554980,-16.776154,ELG,0.84881345,1.0000,false
V4T006531,346.437401,-36.337988,Star,2.46928544,0.3000,false
V4T006532,342.808269,-29.735275,ELG,0.48260829,1.0000,false
V4T006533,349.926099,-25.258422,BGS,1.33488212,0.4500,false
V4T006534,354.273955,-36.882360,ELG,0.29823092,1.0000,false
V4T006535,339.337779,-18.245364,QSO,0.15693155,1.7000,false
V4T006536,49.917620,-43.320240,LRG,0.45624623,1.0000,false
V4T006537,39.112242,-38.372707,LRG,0.42636504,1.0000,false
V4T006538,47.792076,-41.289930,ELG,0.23462665,1.0000,false
V4T006539,337.570770,-18.638043,QSO,0.63684182,1.7000,false
V4T006540,44.257803,-58.557058,BGS,1.65975690,0.4500,false
V4T006541,24.914700,-56.158365,BGS,0.62628250,0.4500,false
V4T006542,352.834508,-24.791540,ELG,0.49956318,1.0000,false
V4T006543,347.452182,-28.242972,ELG,0.58846893,1.0000,false
V4T006544,354.188226,-26.190911,BGS,0.89860927,0.4500,false
V4T006545,346.441778,-33.854480,QSO,0.09833989,1.7000,false
V4T006546,356.036303,-17.179905,ELG,0.50128307,1.0000,true
V4T006547,36.376577,-50.301753,LRG,0.25566742,1.0000,false
V4T006548,43.342568,-37.776228,ELG,0.34107256,1.0000,false
V4T006549,42.471981,-55.462015,ELG,0.41260613,1.0000,false
V4T006550,35.137928,-48.033829,LRG,0.25434321,1.0000,false
V4T006551,341.989753,-37.719422,BGS,0.94266375,0.4500,false
V4T006552,48.069934,-41.651507,ELG,0.66769483,1.0000,false
V4T006553,349.038258,-15.847854,Star,3.37403912,0.3000,false
V4T006554,343.234407,-24.866988,BGS,1.35129606,0.4500,false
V4T006555,343.308063,-29.726675,LRG,0.15939169,1.0000,false
V4T006556,17.287957,-44.137409,ELG,0.72254304,1.0000,false
V4T006557,351.635436,-25.029395,Star,4.81873444,0.3000,false
V4T006558,1.302950,-30.157160,Star,4.00229890,0.3000,true
V4T006559,37.646815,-37.406229,BGS,0.94156469,0.4500,false
V4T006560,349.289918,-15.533934,QSO,0.11988061,1.7000,false
V4T006561,354.782306,-36.322451,QSO,0.16075559,1.7000,false
V4T006562,39.796647,-45.869758,ELG,0.59724214,1.0000,false
V4T006563,351.270731,-24.157592,ELG,0.40584678,1.0000,false
V4T006564,32.745539,-35.255228,BGS,1.88151205,0.4500,false
V4T006565,344.573778,-27.495678,ELG,0.43849227,1.0000,false
V4T006566,354.725220,-34.423075,ELG,0.75904101,1.0000,false
V4T006567,346.128029,-26.907989,BGS,1.52020228,0.4500,false
V4T006568,35.414141,-35.538077,QSO,0.20003197,1.7000,false
V4T006569,29.822897,-56.294642,ELG,1.09569042,1.0000,false
V4T006570,342.918618,-28.979247,QSO,0.14509828,1.7000,false
V4T006571,36.605785,-44.539026,ELG,0.51480886,1.0000,true
V4T006572,33.099656,-48.426917,BGS,0.91026467,0.4500,false
V4T006573,31.823138,-47.872419,LRG,0.29196610,1.0000,false
V4T006574,342.132855,-32.123409,BGS,1.55912489,0.4500,false
V4T006575,40.881466,-50.421437,ELG,0.37302568,1.0000,false
V4T006576,344.232098,-18.544575,QSO,0.23512233,1.7000,false
V4T006577,346.619584,-28.173037,LRG,0.31431158,1.0000,false
V4T006578,355.993716,-39.674767,QSO,0.15918784,1.7000,false
V4T006579,359.019409,-20.848676,Star,4.79365989,0.3000,false
V4T006580,358.750854,-32.591241,LRG,0.24445251,1.0000,false
V4T006581,35.758833,-40.016685,BGS,1.14863838,0.4500,false
V4T006582,46.522701,-56.815965,LRG,0.28585134,1.0000,false
V4T006583,347.530381,-14.496170,ELG,0.63869408,1.0000,false
V4T006584,351.280530,-25.314656,Star,3.05374370,0.3000,false
V4T006585,344.513920,-27.791669,BGS,1.30516147,0.4500,false
V4T006586,45.291725,-58.365804,BGS,2.12197954,0.4500,false
V4T006587,351.964074,-36.845794,Star,4.67692763,0.3000,false
V4T006588,30.284746,-48.029372,ELG,0.66589674,1.0000,false
V4T006589,341.906298,-28.698483,LRG,0.43176497,1.0000,false
V4T006590,339.109433,-29.525660,LRG,0.27419590,1.0000,false
V4T006591,341.809949,-21.330674,BGS,1.24534555,0.4500,false
V4T006592,49.707186,-50.508855,ELG,0.70199459,1.0000,false
V4T006593,351.216470,-14.739682,ELG,0.67973061,1.0000,false
V4T006594,351.100053,-25.023023,QSO,0.36301474,1.7000,false
V4T006595,346.754122,-34.224259,Star,3.68048121,0.3000,false
V4T006596,51.254394,-46.200431,ELG,0.62867975,1.0000,false
V4T006597,20.308670,-47.895488,LRG,0.53316371,1.0000,false
V4T006598,44.028092,-37.330125,QSO,0.32029228,1.7000,true
V4T006599,27.768313,-44.114753,LRG,0.19303538,1.0000,false
V4T006600,343.111124,-18.477381,BGS,0.96754270,0.4500,false
V4T006601,354.511549,-37.960439,ELG,0.40068535,1.0000,false
V4T006602,354.343911,-36.180971,ELG,0.52536158,1.0000,false
V4T006603,341.038379,-27.770516,BGS,1.44183390,0.4500,false
V4T006604,351.093357,-24.474151,BGS,1.01054008,0.4500,true
V4T006605,40.370527,-45.478441,BGS,1.65388774,0.4500,false
V4T006606,350.266468,-23.889824,ELG,0.47267244,1.0000,false
V4T006607,347.734738,-24.411327,BGS,2.07240273,0.4500,false
V4T006608,343.563745,-29.925280,BGS,0.57958531,0.4500,false
V4T006609,33.781896,-48.515942,BGS,1.07277659,0.4500,false
V4T006610,351.957516,-23.832706,BGS,1.02312106,0.4500,false
V4T006611,30.364112,-36.584644,BGS,1.24161409,0.4500,false
V4T006612,347.516309,-35.884919,ELG,0.65442809,1.0000,false
V4T006613,49.613842,-45.721544,Star,4.51623767,0.3000,false
V4T006614,350.508505,-15.065412,LRG,0.35078403,1.0000,false
V4T006615,345.845287,-34.444130,ELG,0.69141709,1.0000,false
V4T006616,344.590858,-17.879833,QSO,0.13072885,1.7000,false
V4T006617,345.209005,-36.419099,BGS,1.66150392,0.4500,false
V4T006618,52.274307,-51.650618,Star,4.61769851,0.3000,false
V4T006619,346.245940,-17.669000,BGS,1.13597437,0.4500,false
V4T006620,345.725588,-41.489252,ELG,0.39273063,1.0000,false
V4T006621,344.992885,-18.408496,ELG,0.69084425,1.0000,false
V4T006622,356.453146,-33.686501,BGS,0.87806406,0.4500,false
V4T006623,21.104714,-40.831804,ELG,0.44670938,1.0000,false
V4T006624,42.141048,-45.606114,BGS,0.59777344,0.4500,false
V4T006625,348.552451,-19.065790,BGS,1.43495533,0.4500,false
V4T006626,358.997819,-20.397744,QSO,0.21830485,1.7000,false
V4T006627,345.574196,-23.167279,QSO,0.15780454,1.7000,true
V4T006628,341.428189,-32.361185,ELG,0.57998921,1.0000,false
V4T006629,345.403405,-27.529530,LRG,0.20679021,1.0000,false
V4T006630,45.202162,-44.009296,BGS,0.98295250,0.4500,false
V4T006631,343.563005,-17.331533,QSO,0.26000531,1.7000,false
V4T006632,34.325191,-34.772226,BGS,1.24154806,0.4500,false
V4T006633,348.860504,-14.240076,LRG,0.84438181,1.0000,false
V4T006634,42.875750,-44.853707,ELG,0.34138064,1.0000,false
V4T006635,347.033008,-35.175314,ELG,0.48344885,1.0000,false
V4T006636,30.008003,-42.364897,ELG,0.37040113,1.0000,false
V4T006637,350.520319,-13.317579,ELG,0.42587231,1.0000,false
V4T006638,49.105422,-41.863803,Star,4.40030599,0.3000,false
V4T006639,356.553449,-16.074980,QSO,0.22670380,1.7000,false
V4T006640,341.030003,-37.055536,BGS,1.35888136,0.4500,false
V4T006641,0.008023,-19.571079,QSO,0.37670711,1.7000,false
V4T006642,337.917915,-25.627390,QSO,0.14701720,1.7000,false
V4T006643,355.839767,-32.664645,LRG,0.73294720,1.0000,false
V4T006644,344.211276,-13.897024,ELG,0.59552653,1.0000,false
V4T006645,353.196434,-38.098061,ELG,0.27173056,1.0000,false
V4T006646,20.136402,-48.001174,ELG,0.66391925,1.0000,true
V4T006647,337.974149,-37.705004,ELG,0.52682423,1.0000,true
V4T006648,353.130889,-35.732091,LRG,0.27507828,1.0000,false
V4T006649,338.855782,-32.916460,LRG,0.30400542,1.0000,false
V4T006650,50.537656,-42.766602,ELG,1.08792764,1.0000,true
V4T006651,334.918079,-28.724328,BGS,1.12582880,0.4500,false
V4T006652,32.632649,-41.680536,QSO,0.21925180,1.7000,false
V4T006653,37.215822,-42.126549,ELG,0.80211475,1.0000,true
V4T006654,342.889910,-42.097489,Star,3.43648950,0.3000,false
V4T006655,27.252847,-50.995128,LRG,0.26475123,1.0000,false
V4T006656,347.080423,-24.404518,ELG,0.45243436,1.0000,false
V4T006657,351.300757,-24.775855,ELG,0.95075033,1.0000,false
V4T006658,49.656980,-41.910778,LRG,0.23322720,1.0000,false
V4T006659,40.436732,-58.863260,Star,4.05901478,0.3000,false
V4T006660,46.008116,-50.841995,ELG,0.70771185,1.0000,false
V4T006661,45.393269,-55.330707,ELG,0.97755989,1.0000,false
V4T006662,24.706458,-44.256025,BGS,1.81266185,0.4500,false
V4T006663,40.410908,-48.671663,ELG,0.50167869,1.0000,false
V4T006664,26.914434,-37.658494,ELG,0.29349269,1.0000,false
V4T006665,353.754899,-23.285163,BGS,1.21186070,0.4500,true
V4T006666,27.615739,-43.246178,LRG,0.40814520,1.0000,false
V4T006667,344.611041,-29.633946,LRG,0.45794289,1.0000,false
V4T006668,20.249536,-41.975420,ELG,0.46629365,1.0000,false
V4T006669,38.799534,-50.469513,BGS,1.06839362,0.4500,false
V4T006670,24.092858,-48.182073,LRG,0.41204314,1.0000,false
V4T006671,36.002698,-56.551250,LRG,0.33066461,1.0000,false
V4T006672,18.852737,-54.766658,LRG,0.28622698,1.0000,false
V4T006673,48.555574,-42.619608,QSO,0.30513172,1.7000,true
V4T006674,343.791523,-29.384054,BGS,1.11302649,0.4500,false
V4T006675,356.675408,-37.983783,BGS,1.27329897,0.4500,false
V4T006676,40.387156,-49.877372,QSO,0.08263344,1.7000,false
V4T006677,38.495258,-41.898398,Star,6.23028592,0.3000,false
V4T006678,39.830182,-48.892539,ELG,0.33252069,1.0000,false
V4T006679,25.852454,-47.043285,LRG,0.24062274,1.0000,false
V4T006680,353.865059,-35.940286,ELG,0.78863162,1.0000,false
V4T006681,337.961959,-20.701797,BGS,1.24621395,0.4500,false
V4T006682,355.352370,-26.678559,BGS,1.19015125,0.4500,false
V4T006683,347.089550,-20.472520,LRG,0.58920795,1.0000,false
V4T006684,40.118754,-50.433544,BGS,0.87039541,0.4500,false
V4T006685,41.281757,-50.289794,LRG,0.33642741,1.0000,false
V4T006686,36.414403,-55.559284,Star,4.83492346,0.3000,true
V4T006687,357.138805,-19.234645,QSO,0.32755509,1.7000,false
V4T006688,46.955434,-43.167861,ELG,0.33093402,1.0000,false
V4T006689,30.894926,-36.024189,ELG,0.54380107,1.0000,false
V4T006690,341.340757,-41.749195,BGS,2.00538628,0.4500,false
V4T006691,343.198541,-17.372673,LRG,0.14866129,1.0000,false
V4T006692,354.364435,-17.456657,LRG,0.32959607,1.0000,false
V4T006693,335.577014,-31.147277,QSO,0.10304095,1.7000,false
V4T006694,343.857969,-17.854743,BGS,1.07175763,0.4500,false
V4T006695,17.027555,-50.976735,QSO,0.07383390,1.7000,false
V4T006696,46.525293,-54.262391,LRG,0.25303713,1.0000,false
V4T006697,28.688149,-39.202219,QSO,0.20176872,1.7000,true
V4T006698,350.100434,-37.607648,QSO,0.18942660,1.7000,false
V4T006699,343.733936,-29.613634,BGS,2.68238228,0.4500,false
V4T006700,23.675513,-49.506026,BGS,1.56504984,0.4500,false
V4T006701,344.408881,-17.645991,Star,4.50888564,0.3000,false
V4T006702,356.316208,-33.963243,BGS,1.04188919,0.4500,false
V4T006703,343.532352,-30.474217,BGS,0.63110412,0.4500,false
V4T006704,344.945568,-26.891226,BGS,0.69258167,0.4500,false
V4T006705,346.249987,-15.375506,BGS,0.98873561,0.4500,false
V4T006706,34.509481,-42.104945,BGS,1.74736968,0.4500,false
V4T006707,344.729586,-27.406837,LRG,0.62850035,1.0000,false
V4T006708,344.952641,-17.647675,ELG,1.03398981,1.0000,false
V4T006709,345.361641,-35.277095,ELG,0.52054651,1.0000,false
V4T006710,347.151064,-34.801557,ELG,0.52925483,1.0000,false
V4T006711,31.212807,-42.171654,LRG,0.25711880,1.0000,false
V4T006712,346.658834,-41.097205,BGS,1.09748400,0.4500,false
V4T006713,343.963715,-18.617587,LRG,0.36196353,1.0000,false
V4T006714,38.929264,-36.067753,QSO,0.19110610,1.7000,false
V4T006715,342.375971,-37.437988,ELG,0.32760828,1.0000,false
V4T006716,37.381324,-41.927371,QSO,0.22884027,1.7000,false
V4T006717,35.957701,-42.361951,QSO,0.09352520,1.7000,false
V4T006718,38.519173,-42.555147,BGS,1.30223451,0.4500,false
V4T006719,43.746275,-54.642569,ELG,0.96547992,1.0000,false
V4T006720,21.435184,-50.467356,Star,3.78659352,0.3000,false
V4T006721,340.481814,-36.881782,Star,5.46556149,0.3000,false
V4T006722,335.225491,-29.945405,QSO,0.40158364,1.7000,false
V4T006723,343.448230,-31.727686,LRG,0.43253365,1.0000,false
V4T006724,341.751805,-27.270706,ELG,0.40130229,1.0000,false
V4T006725,40.975428,-51.530826,QSO,0.23515689,1.7000,false
V4T006726,44.410481,-55.589894,LRG,0.51752406,1.0000,false
V4T006727,30.200179,-51.576670,Star,3.96469724,0.3000,false
V4T006728,350.594675,-18.913576,BGS,0.88601661,0.4500,false
V4T006729,352.367257,-28.367435,ELG,0.31749802,1.0000,false
V4T006730,339.349932,-37.012934,QSO,0.16425410,1.7000,false
V4T006731,28.320885,-44.404311,BGS,1.34521883,0.4500,false
V4T006732,27.908981,-41.716743,QSO,0.27513451,1.7000,false
V4T006733,351.910772,-36.957904,BGS,1.66199912,0.4500,true
V4T006734,48.084894,-42.730913,ELG,0.70107908,1.0000,false
V4T006735,39.125977,-42.874667,LRG,0.30971674,1.0000,false
V4T006736,352.445565,-17.791333,QSO,0.35922487,1.7000,false
V4T006737,339.685753,-20.566388,LRG,0.23460384,1.0000,false
V4T006738,351.430175,-25.848505,ELG,0.56954822,1.0000,false
V4T006739,351.380641,-24.382322,QSO,0.23645470,1.7000,false
V4T006740,31.763884,-49.065157,ELG,0.93615218,1.0000,false
V4T006741,41.521861,-59.165912,LRG,0.34074815,1.0000,true
V4T006742,345.203990,-27.698294,ELG,0.68901657,1.0000,false
V4T006743,49.010886,-48.828363,ELG,0.44363841,1.0000,false
V4T006744,34.002045,-52.823921,ELG,0.42085299,1.0000,false
V4T006745,26.882483,-50.120372,QSO,0.10133966,1.7000,false
V4T006746,339.549283,-29.159917,ELG,0.67171217,1.0000,false
V4T006747,339.825053,-41.237035,Star,4.83689758,0.3000,false
V4T006748,53.037654,-47.726134,LRG,0.33253155,1.0000,false
V4T006749,27.158371,-43.838911,BGS,1.11657858,0.4500,false
V4T006750,345.844053,-15.685790,ELG,0.50165529,1.0000,false
V4T006751,345.818439,-28.630848,ELG,0.89898344,1.0000,true
V4T006752,0.980073,-26.760410,Star,3.30104162,0.3000,false
V4T006753,354.369388,-29.471826,QSO,0.27938847,1.7000,false
V4T006754,358.169808,-20.000552,ELG,0.61761438,1.0000,false
V4T006755,22.074088,-51.119038,LRG,0.31296590,1.0000,false
V4T006756,40.365455,-49.682240,ELG,0.44652755,1.0000,false
V4T006757,47.465768,-42.109064,LRG,0.34852030,1.0000,false
V4T006758,346.065629,-34.179204,ELG,0.58034381,1.0000,false
V4T006759,343.857214,-29.699530,BGS,1.19130518,0.4500,false
V4T006760,345.032895,-34.766751,BGS,1.09607114,0.4500,false
V4T006761,36.145366,-47.950286,QSO,0.45118046,1.7000,false
V4T006762,346.744599,-28.719509,BGS,1.86086181,0.4500,false
V4T006763,345.074683,-17.654596,BGS,1.13921210,0.4500,false
V4T006764,23.688448,-54.121572,ELG,0.57719748,1.0000,false
V4T006765,31.759876,-48.224661,BGS,1.40582529,0.4500,false
V4T006766,357.545390,-24.488738,BGS,1.11128815,0.4500,false
V4T006767,40.096442,-50.483603,BGS,0.96779666,0.4500,false
V4T006768,34.660979,-40.288276,ELG,0.77840733,1.0000,false
V4T006769,345.918822,-35.963025,ELG,0.81447177,1.0000,false
V4T006770,34.981642,-43.997855,LRG,0.36888944,1.0000,false
V4T006771,357.721442,-34.004185,BGS,1.39077718,0.4500,false
V4T006772,26.769327,-42.353845,LRG,0.31972085,1.0000,false
V4T006773,346.321323,-35.181488,BGS,1.13383594,0.4500,false
V4T006774,338.822945,-24.797138,ELG,1.01034345,1.0000,false
V4T006775,348.624756,-20.585061,Star,4.62656830,0.3000,false
V4T006776,344.971547,-16.771735,QSO,0.23369037,1.7000,false
V4T006777,29.307881,-49.309360,BGS,1.16260209,0.4500,false
V4T006778,46.031740,-52.546714,BGS,1.14179225,0.4500,false
V4T006779,41.714604,-40.782993,QSO,0.08908893,1.7000,false
V4T006780,49.442691,-52.568639,BGS,1.71534677,0.4500,false
V4T006781,41.347174,-46.527067,ELG,0.42518543,1.0000,true
V4T006782,52.502765,-47.661054,Star,3.55464112,0.3000,false
V4T006783,351.279931,-28.737008,QSO,0.19288835,1.7000,false
V4T006784,343.322161,-21.199029,LRG,0.27933864,1.0000,false
V4T006785,354.503068,-26.707903,ELG,0.39571992,1.0000,true
V4T006786,342.089897,-23.522353,BGS,1.13758303,0.4500,false
V4T006787,337.514025,-28.185544,BGS,1.00776492,0.4500,false
V4T006788,342.619127,-18.394284,ELG,0.47871956,1.0000,false
V4T006789,343.059554,-30.150754,QSO,0.11526299,1.7000,false
V4T006790,339.413558,-25.545704,QSO,0.21608248,1.7000,false
V4T006791,37.047654,-52.726494,BGS,1.04739928,0.4500,false
V4T006792,19.198063,-50.142884,BGS,1.11885685,0.4500,false
V4T006793,40.633263,-50.979251,LRG,0.15984018,1.0000,false
V4T006794,356.176151,-24.308352,LRG,0.55377550,1.0000,false
V4T006795,39.582921,-47.252024,BGS,1.17671476,0.4500,false
V4T006796,347.112356,-25.147801,ELG,0.53166417,1.0000,false
V4T006797,36.743619,-40.456941,BGS,0.94343150,0.4500,false
V4T006798,23.171331,-53.437603,ELG,1.57978192,1.0000,false
V4T006799,36.675073,-51.166747,ELG,0.44995151,1.0000,false
V4T006800,337.121352,-20.397894,BGS,3.64677015,0.4500,true
V4T006801,351.874344,-24.532799,LRG,0.53079401,1.0000,true
V4T006802,18.685370,-45.967889,BGS,1.02431030,0.4500,false
V4T006803,344.141239,-30.210425,LRG,0.44445910,1.0000,false
V4T006804,28.248857,-51.007240,ELG,0.50665008,1.0000,false
V4T006805,355.571905,-21.287913,LRG,0.38599528,1.0000,false
V4T006806,43.599047,-38.346926,QSO,0.27802047,1.7000,false
V4T006807,31.523636,-53.164745,ELG,0.61057459,1.0000,true
V4T006808,45.774325,-53.218921,BGS,1.06179321,0.4500,false
V4T006809,345.551725,-33.612754,ELG,0.22204405,1.0000,false
V4T006810,336.363681,-33.095657,ELG,0.93481847,1.0000,false
V4T006811,48.222693,-41.851774,BGS,1.21062579,0.4500,false
V4T006812,40.407566,-50.748980,BGS,1.14682624,0.4500,false
V4T006813,41.588840,-50.510715,ELG,0.45302846,1.0000,false
V4T006814,33.530322,-54.270360,Star,7.72804536,0.3000,false
V4T006815,352.000448,-39.437559,ELG,1.20018721,1.0000,false
V4T006816,42.064672,-52.396868,Star,7.26771299,0.3000,false
V4T006817,352.663612,-31.386635,ELG,0.49719337,1.0000,true
V4T006818,30.311646,-49.321351,ELG,0.50005971,1.0000,false
V4T006819,338.183178,-30.683716,BGS,0.62477364,0.4500,false
V4T006820,356.269932,-22.278732,QSO,0.17917162,1.7000,false
V4T006821,339.927195,-41.030648,ELG,0.57347805,1.0000,false
V4T006822,40.272407,-58.466785,BGS,1.39810663,0.4500,false
V4T006823,344.461193,-40.028445,QSO,0.12858230,1.7000,false
V4T006824,37.328082,-44.725897,BGS,0.76126083,0.4500,false
V4T006825,348.304947,-19.950621,BGS,1.36190916,0.4500,false
V4T006826,347.125571,-37.666277,QSO,0.17229958,1.7000,true
V4T006827,355.434987,-19.540990,LRG,0.24049903,1.0000,false
V4T006828,1.004263,-28.050907,BGS,1.30436195,0.4500,false
V4T006829,41.259022,-51.255560,QSO,0.29256411,1.7000,false
V4T006830,351.069518,-24.995283,BGS,1.01155190,0.4500,false
V4T006831,33.028491,-48.029213,ELG,0.85716423,1.0000,false
V4T006832,337.289458,-24.370388,ELG,0.71409514,1.0000,false
V4T006833,30.087506,-36.754759,LRG,0.39548684,1.0000,false
V4T006834,348.789902,-18.517329,Star,4.66725680,0.3000,false
V4T006835,47.649098,-48.481839,ELG,0.59918741,1.0000,false
V4T006836,43.851902,-41.999121,BGS,1.24647775,0.4500,false
V4T006837,352.138428,-25.288998,ELG,0.62904993,1.0000,false
V4T006838,347.350357,-33.845749,LRG,0.37010649,1.0000,false
V4T006839,47.428633,-42.548634,QSO,0.12669676,1.7000,false
V4T006840,40.084168,-59.060481,Star,4.92805004,0.3000,false
V4T006841,347.164542,-36.356385,QSO,0.07598614,1.7000,false
V4T006842,38.322995,-39.235268,ELG,0.33411474,1.0000,false
V4T006843,33.518651,-48.765483,BGS,1.62704165,0.4500,false
V4T006844,343.727780,-14.316786,QSO,0.05896567,1.7000,false
V4T006845,343.936411,-41.960793,BGS,1.27931556,0.4500,false
V4T006846,356.039546,-16.168842,QSO,0.07884279,1.7000,false
V4T006847,22.138726,-47.366554,Star,3.78300319,0.3000,false
V4T006848,48.167430,-42.894834,LRG,0.49368579,1.0000,false
V4T006849,356.533895,-22.314342,Star,3.72185973,0.3000,false
V4T006850,347.521653,-35.481432,QSO,0.11407549,1.7000,false
V4T006851,26.773161,-45.229944,QSO,0.21644581,1.7000,false
V4T006852,349.085733,-39.178107,QSO,0.11519498,1.7000,false
V4T006853,33.299767,-48.417453,LRG,0.47477593,1.0000,false
V4T006854,33.895405,-57.475706,ELG,0.49127005,1.0000,false
V4T006855,356.078146,-33.267063,LRG,0.33289495,1.0000,false
V4T006856,16.095979,-49.792723,ELG,0.95580436,1.0000,false
V4T006857,351.560496,-25.679404,ELG,0.38914252,1.0000,false
V4T006858,349.129806,-31.428474,ELG,0.71028469,1.0000,false
V4T006859,341.382501,-41.452772,LRG,0.46231714,1.0000,false
V4T006860,27.012679,-42.672483,ELG,0.42114064,1.0000,false
V4T006861,45.445337,-38.562815,ELG,1.02032360,1.0000,true
V4T006862,28.642725,-45.877833,QSO,0.23378260,1.7000,false
V4T006863,354.730311,-22.379070,BGS,1.31655928,0.4500,false
V4T006864,343.992365,-27.966199,QSO,0.09158859,1.7000,false
V4T006865,26.521512,-42.909515,Star,4.04763600,0.3000,false
V4T006866,37.170881,-47.472864,QSO,0.09572936,1.7000,false
V4T006867,33.547599,-37.617250,ELG,0.42018569,1.0000,false
V4T006868,353.899693,-28.230415,ELG,0.53544464,1.0000,false
V4T006869,343.535067,-25.526093,BGS,1.40212232,0.4500,false
V4T006870,340.331055,-38.584222,BGS,1.48541179,0.4500,false
V4T006871,40.787156,-50.004005,LRG,0.31167584,1.0000,false
V4T006872,29.120061,-44.346222,ELG,0.85522956,1.0000,false
V4T006873,351.802351,-24.635879,BGS,1.63153154,0.4500,false
V4T006874,27.931169,-44.675124,ELG,0.46946979,1.0000,false
V4T006875,354.889346,-25.067857,BGS,0.96915712,0.4500,false
V4T006876,20.996361,-54.413624,BGS,1.13779618,0.4500,false
V4T006877,353.254124,-18.593010,QSO,0.16289827,1.7000,false
V4T006878,20.512576,-51.241335,LRG,0.23003546,1.0000,false
V4T006879,48.081635,-43.720233,LRG,0.19690796,1.0000,false
V4T006880,351.917267,-17.694724,ELG,0.34044364,1.0000,false
V4T006881,26.062194,-45.518738,QSO,0.29038249,1.7000,false
V4T006882,48.786588,-44.024743,BGS,1.13834778,0.4500,false
V4T006883,39.369164,-58.550151,ELG,0.57914167,1.0000,false
V4T006884,346.680178,-35.700086,LRG,0.27368555,1.0000,false
V4T006885,343.539014,-25.722366,LRG,0.25019703,1.0000,false
V4T006886,345.434230,-33.054707,BGS,1.68295507,0.4500,false
V4T006887,356.880082,-33.820201,ELG,0.78643813,1.0000,false
V4T006888,0.192509,-34.355793,BGS,0.58574364,0.4500,false
V4T006889,356.793859,-17.532500,LRG,0.36305502,1.0000,false
V4T006890,42.560201,-50.702779,ELG,0.69271525,1.0000,false
V4T006891,345.072262,-17.307648,ELG,0.37747110,1.0000,false
V4T006892,44.183546,-44.568883,ELG,0.68772095,1.0000,false
V4T006893,353.825099,-33.277136,BGS,1.00192575,0.4500,false
V4T006894,43.125657,-44.379785,Star,3.62455558,0.3000,false
V4T006895,334.328701,-35.429278,LRG,0.60952010,1.0000,false
V4T006896,350.594538,-24.632689,ELG,0.42977180,1.0000,false
V4T006897,354.239055,-34.937997,LRG,0.28283371,1.0000,false
V4T006898,39.619619,-58.805477,ELG,0.68546447,1.0000,false
V4T006899,344.992298,-41.067374,Star,3.78908481,0.3000,false
V4T006900,352.962405,-21.456373,BGS,1.55869222,0.4500,false
V4T006901,358.448856,-18.691842,LRG,0.31811261,1.0000,false
V4T006902,338.106790,-34.362601,Star,4.91704509,0.3000,false
V4T006903,346.167231,-42.323689,QSO,0.58403907,1.7000,false
V4T006904,34.802781,-43.098581,ELG,0.36540908,1.0000,false
V4T006905,352.944110,-17.358937,LRG,0.24644327,1.0000,false
V4T006906,44.098759,-49.592710,BGS,1.29545068,0.4500,false
V4T006907,45.327976,-43.632436,Star,5.90386769,0.3000,false
V4T006908,354.611637,-40.179282,BGS,1.71573746,0.4500,false
V4T006909,23.024214,-44.416992,LRG,0.33724114,1.0000,false
V4T006910,36.108810,-47.675256,ELG,0.67680018,1.0000,false
V4T006911,341.999017,-16.535855,LRG,0.40088308,1.0000,false
V4T006912,337.356825,-29.254605,ELG,0.53239305,1.0000,false
V4T006913,359.961413,-23.105549,Star,5.46022096,0.3000,false
V4T006914,337.958126,-31.312705,BGS,1.26163251,0.4500,false
V4T006915,32.957593,-47.880481,ELG,0.33070583,1.0000,false
V4T006916,341.759943,-16.904529,ELG,0.30361595,1.0000,false
V4T006917,348.988487,-28.372496,BGS,0.82648608,0.4500,false
V4T006918,351.229293,-35.798783,LRG,0.48859728,1.0000,false
V4T006919,39.170985,-59.333124,BGS,1.67374636,0.4500,false
V4T006920,340.516826,-29.672862,LRG,0.55847438,1.0000,false
V4T006921,356.718096,-21.340337,ELG,0.48024999,1.0000,false
V4T006922,34.008770,-37.075499,ELG,0.44458138,1.0000,false
V4T006923,48.039540,-46.501342,QSO,0.26194345,1.7000,false
V4T006924,343.122379,-22.627787,ELG,0.33861899,1.0000,false
V4T006925,31.061680,-44.911879,ELG,0.20839658,1.0000,false
V4T006926,350.552288,-31.673390,ELG,0.83357296,1.0000,false
V4T006927,339.547127,-20.252552,BGS,0.89843235,0.4500,false
V4T006928,343.513736,-15.946290,LRG,0.34143778,1.0000,false
V4T006929,47.781583,-53.461923,BGS,0.87589571,0.4500,false
V4T006930,344.716119,-27.792412,BGS,1.61791286,0.4500,false
V4T006931,353.717529,-40.225109,Star,5.18247877,0.3000,false
V4T006932,358.839432,-31.297121,ELG,0.39554232,1.0000,false
V4T006933,357.218154,-35.991818,BGS,1.61185882,0.4500,false
V4T006934,357.118601,-15.893811,BGS,1.52770588,0.4500,false
V4T006935,341.435650,-39.726257,ELG,0.49892325,1.0000,false
V4T006936,343.457332,-41.036600,BGS,1.19991371,0.4500,false
V4T006937,346.709493,-28.925039,LRG,0.29221572,1.0000,false
V4T006938,350.547595,-36.075346,QSO,0.69460277,1.7000,false
V4T006939,35.892956,-36.038846,ELG,0.38864349,1.0000,false
V4T006940,356.823969,-16.403952,ELG,0.72209513,1.0000,false
V4T006941,25.387925,-43.838358,ELG,0.56669111,1.0000,false
V4T006942,48.267452,-42.623177,QSO,0.38919396,1.7000,false
V4T006943,21.598748,-56.681539,BGS,1.07692368,0.4500,false
V4T006944,43.883210,-44.334213,LRG,0.21131510,1.0000,false
V4T006945,28.396431,-49.532166,LRG,0.51241214,1.0000,false
V4T006946,42.415109,-50.141993,BGS,0.94900231,0.4500,false
V4T006947,49.635918,-46.515765,ELG,0.49456872,1.0000,false
V4T006948,340.373725,-41.371660,BGS,1.16823338,0.4500,false
V4T006949,0.438554,-22.972301,Star,4.36709855,0.3000,false
V4T006950,353.919436,-35.394707,ELG,0.37456884,1.0000,true
V4T006951,47.481857,-51.372424,ELG,0.22676370,1.0000,false
V4T006952,347.508701,-35.102875,BGS,1.02569705,0.4500,false
V4T006953,33.695678,-48.807147,LRG,0.29809324,1.0000,false
V4T006954,31.217027,-43.693411,ELG,0.49096444,1.0000,false
V4T006955,20.250763,-50.333846,ELG,0.45321797,1.0000,false
V4T006956,344.834700,-27.041101,QSO,0.10276056,1.7000,false
V4T006957,42.331466,-53.691316,QSO,0.33313963,1.7000,false
V4T006958,33.586875,-59.458118,LRG,0.35718943,1.0000,false
V4T006959,347.340575,-34.590714,BGS,1.14871618,0.4500,false
V4T006960,351.696572,-24.391618,LRG,0.28927263,1.0000,false
V4T006961,41.072561,-50.164173,QSO,0.22303773,1.7000,false
V4T006962,344.870562,-40.966513,QSO,0.13116633,1.7000,false
V4T006963,341.509526,-37.454425,BGS,1.35976584,0.4500,false
V4T006964,354.588285,-20.454765,LRG,0.21634492,1.0000,false
V4T006965,352.414534,-39.665028,QSO,0.23787847,1.7000,false
V4T006966,345.473107,-26.868771,ELG,0.44897632,1.0000,false
V4T006967,359.742282,-18.668473,ELG,0.72430832,1.0000,false
V4T006968,353.164315,-19.628537,ELG,0.53528233,1.0000,false
V4T006969,356.425269,-38.408645,ELG,0.45047985,1.0000,false
V4T006970,340.615258,-38.049633,QSO,0.15157499,1.7000,false
V4T006971,349.620584,-26.215906,LRG,0.68207893,1.0000,false
V4T006972,335.607971,-32.876207,LRG,0.25950693,1.0000,false
V4T006973,354.846378,-33.577587,ELG,0.36594468,1.0000,false
V4T006974,357.028624,-33.544473,ELG,0.75011886,1.0000,false
V4T006975,32.814110,-48.537272,BGS,2.33910032,0.4500,false
V4T006976,353.631535,-36.261717,ELG,0.57461422,1.0000,false
V4T006977,347.009220,-34.606632,ELG,0.51820410,1.0000,false
V4T006978,353.151447,-16.554249,ELG,0.24088062,1.0000,false
V4T006979,358.150486,-35.738896,ELG,0.84685175,1.0000,false
V4T006980,38.325137,-39.442828,ELG,0.27709469,1.0000,false
V4T006981,350.260342,-20.408300,LRG,0.58695459,1.0000,false
V4T006982,17.158140,-45.868872,ELG,1.12306093,1.0000,false
V4T006983,30.561608,-55.032147,QSO,0.18419284,1.7000,false
V4T006984,37.597911,-58.025323,ELG,0.48985411,1.0000,false
V4T006985,35.422871,-42.248549,QSO,0.13468512,1.7000,false
V4T006986,349.119398,-33.148483,Star,4.81823108,0.3000,false
V4T006987,344.552246,-17.915605,LRG,0.36515892,1.0000,false
V4T006988,37.191153,-57.475936,BGS,1.10365081,0.4500,false
V4T006989,28.712029,-42.174977,QSO,0.08698905,1.7000,false
V4T006990,26.481810,-45.398754,ELG,0.96881971,1.0000,false
V4T006991,338.858301,-36.520392,BGS,1.66317739,0.4500,false
V4T006992,46.582088,-38.057055,BGS,1.16964142,0.4500,false
V4T006993,350.277725,-28.510773,ELG,0.67936737,1.0000,false
V4T006994,41.640931,-47.402022,ELG,0.63028758,1.0000,false
V4T006995,344.932056,-17.821438,Star,3.54093273,0.3000,false
V4T006996,45.560222,-55.649841,ELG,0.56597984,1.0000,false
V4T006997,348.276055,-15.530415,ELG,0.37828441,1.0000,false
V4T006998,342.677144,-39.802729,ELG,0.57653556,1.0000,false
V4T006999,342.114694,-25.584458,BGS,0.82575728,0.4500,false
V4T007000,344.193365,-25.977176,BGS,1.55526754,0.4500,false
V4T007001,353.263552,-34.695722,Star,3.52310914,0.3000,false
V4T007002,41.964810,-50.368708,BGS,1.67782958,0.4500,false
V4T007003,355.654278,-36.383272,ELG,0.48389630,1.0000,false
V4T007004,29.262377,-54.886190,ELG,0.36875491,1.0000,false
V4T007005,39.431439,-46.947150,ELG,0.94510959,1.0000,false
V4T007006,32.476195,-48.798414,LRG,0.24362106,1.0000,false
V4T007007,357.066019,-36.537078,ELG,0.25159219,1.0000,false
V4T007008,32.138205,-45.820586,Star,3.32341787,0.3000,false
V4T007009,343.707952,-14.330445,ELG,1.24321985,1.0000,false
V4T007010,48.835790,-44.656937,ELG,0.23300072,1.0000,false
V4T007011,41.850501,-59.079991,ELG,0.37483723,1.0000,false
V4T007012,353.833791,-35.469196,BGS,1.20620637,0.4500,false
V4T007013,23.074129,-47.918625,QSO,0.09045322,1.7000,false
V4T007014,33.026992,-53.630148,LRG,0.26157780,1.0000,false
V4T007015,49.522194,-47.677951,BGS,2.12948313,0.4500,false
V4T007016,350.963954,-24.744297,LRG,0.38572821,1.0000,false
V4T007017,350.854315,-25.388052,LRG,0.21212224,1.0000,false
V4T007018,344.437159,-27.518224,BGS,0.81423673,0.4500,false
V4T007019,41.127398,-58.533755,LRG,0.39622186,1.0000,false
V4T007020,345.778130,-36.038544,BGS,1.31457199,0.4500,false
V4T007021,348.998593,-20.850369,ELG,0.92045714,1.0000,false
V4T007022,2.392989,-29.028563,LRG,0.43298452,1.0000,false
V4T007023,346.054725,-34.430236,BGS,1.91643077,0.4500,false
V4T007024,340.480435,-40.686861,LRG,0.31592336,1.0000,false
V4T007025,335.406413,-32.097590,Star,4.13041158,0.3000,false
V4T007026,48.398913,-42.073708,ELG,0.48104102,1.0000,false
V4T007027,30.175845,-42.956655,BGS,0.93742753,0.4500,false
V4T007028,29.472685,-46.990281,Star,4.63976270,0.3000,false
V4T007029,354.971220,-35.748951,LRG,0.88047298,1.0000,false
V4T007030,44.721795,-40.479985,Star,4.38765156,0.3000,false
V4T007031,344.875043,-17.950651,Star,3.28542883,0.3000,false
V4T007032,345.379115,-26.962479,LRG,0.28775188,1.0000,false
V4T007033,22.970689,-55.039201,BGS,1.18155711,0.4500,false
V4T007034,344.995887,-23.812495,ELG,0.48301582,1.0000,false
V4T007035,351.507186,-39.488445,BGS,1.22990780,0.4500,false
V4T007036,340.165534,-23.334380,ELG,0.61883224,1.0000,false
V4T007037,37.532640,-34.906337,Star,3.15344127,0.3000,false
V4T007038,348.254006,-37.314994,LRG,0.51762762,1.0000,false
V4T007039,345.777326,-14.373718,Star,2.92102026,0.3000,false
V4T007040,354.558253,-40.140530,BGS,1.12101768,0.4500,false
V4T007041,358.585145,-26.107297,ELG,0.42884939,1.0000,false
V4T007042,25.967270,-40.975128,Star,4.16798239,0.3000,false
V4T007043,344.253859,-26.371037,LRG,0.35085876,1.0000,false
V4T007044,40.522782,-58.685868,QSO,0.06564517,1.7000,false
V4T007045,1.884464,-32.731462,ELG,0.33745329,1.0000,false
V4T007046,351.104640,-24.483886,LRG,0.38943519,1.0000,false
V4T007047,36.696728,-36.384650,BGS,1.20441596,0.4500,false
V4T007048,345.299560,-35.201221,ELG,0.89709205,1.0000,false
V4T007049,359.974165,-31.257810,BGS,0.86310139,0.4500,false
V4T007050,359.896147,-26.725099,BGS,2.78408625,0.4500,false
V4T007051,352.034330,-20.360726,QSO,0.14718489,1.7000,false
V4T007052,28.688073,-57.325635,BGS,1.09957580,0.4500,false
V4T007053,26.239239,-53.713569,LRG,0.53966465,1.0000,false
V4T007054,1.576198,-26.513465,BGS,1.03620442,0.4500,false
V4T007055,32.648409,-36.383996,ELG,0.37646304,1.0000,false
V4T007056,339.346111,-24.050285,LRG,0.37533533,1.0000,false
V4T007057,355.495975,-38.109605,LRG,0.32895392,1.0000,false
V4T007058,39.410841,-54.903882,QSO,0.29067735,1.7000,false
V4T007059,347.092755,-35.503975,QSO,0.24892693,1.7000,false
V4T007060,345.041150,-20.513399,ELG,0.29143450,1.0000,false
V4T007061,345.615116,-35.647033,LRG,0.36976785,1.0000,false
V4T007062,22.438726,-39.721816,ELG,0.61636877,1.0000,false
V4T007063,351.363686,-35.488332,ELG,0.47789815,1.0000,false
V4T007064,35.415370,-44.100418,Star,3.17786722,0.3000,false
V4T007065,32.896889,-49.046980,ELG,0.36527806,1.0000,true
V4T007066,26.702960,-54.992996,BGS,1.77679439,0.4500,false
V4T007067,20.811517,-52.504148,ELG,0.32256459,1.0000,false
V4T007068,341.103837,-18.198850,QSO,0.17265181,1.7000,false
V4T007069,348.700187,-31.657450,QSO,0.16589892,1.7000,false
V4T007070,338.491940,-24.814312,LRG,0.21243373,1.0000,false
V4T007071,344.114722,-27.660332,LRG,0.18423716,1.0000,false
V4T007072,342.305375,-29.773289,ELG,1.18675516,1.0000,false
V4T007073,355.430655,-31.030925,ELG,0.47195954,1.0000,false
V4T007074,353.507259,-35.347518,ELG,0.87127671,1.0000,false
V4T007075,16.458455,-47.536170,Star,4.21343821,0.3000,false
V4T007076,33.011834,-47.894154,ELG,1.36723260,1.0000,false
V4T007077,352.756715,-36.800487,ELG,0.76396996,1.0000,false
V4T007078,34.539135,-37.098708,ELG,0.21103695,1.0000,false
V4T007079,36.980079,-52.525021,LRG,0.25022424,1.0000,false
V4T007080,346.306519,-21.958060,LRG,0.30192471,1.0000,false
V4T007081,50.015057,-55.515351,LRG,0.30145724,1.0000,false
V4T007082,344.483119,-27.439871,BGS,1.03767554,0.4500,false
V4T007083,342.633664,-30.276839,LRG,0.29868078,1.0000,false
V4T007084,353.980655,-35.976660,ELG,0.48279809,1.0000,false
V4T007085,47.342994,-41.186694,ELG,0.54211499,1.0000,false
V4T007086,353.522053,-20.114745,LRG,0.33449828,1.0000,false
V4T007087,355.163198,-18.560367,ELG,0.72201674,1.0000,false
V4T007088,353.704582,-29.531046,LRG,0.35973739,1.0000,false
V4T007089,40.534231,-51.762051,LRG,0.28413410,1.0000,false
V4T007090,355.383673,-38.710871,QSO,0.75568053,1.7000,false
V4T007091,354.937175,-16.174288,ELG,0.54993906,1.0000,false
V4T007092,0.387166,-26.329468,ELG,0.33944256,1.0000,false
V4T007093,48.102713,-41.787760,LRG,0.42778542,1.0000,true
V4T007094,29.239971,-54.270245,BGS,0.76801310,0.4500,false
V4T007095,357.518995,-17.413803,BGS,0.84388721,0.4500,false
V4T007096,339.524796,-40.921683,BGS,1.29587841,0.4500,false
V4T007097,31.590770,-56.658179,LRG,0.32168288,1.0000,false
V4T007098,26.858294,-40.113032,Star,3.56799741,0.3000,false
V4T007099,41.860190,-51.327480,ELG,0.58659569,1.0000,false
V4T007100,45.113428,-47.400206,ELG,0.93131250,1.0000,false
V4T007101,333.785671,-28.866334,QSO,0.18639859,1.7000,false
V4T007102,25.301287,-45.101227,LRG,0.47585559,1.0000,false
V4T007103,345.026527,-27.080400,ELG,0.45551357,1.0000,false
V4T007104,337.095243,-19.902948,LRG,0.52323391,1.0000,false
V4T007105,25.520228,-47.803080,Star,4.95477196,0.3000,false
V4T007106,33.637925,-47.367693,Star,4.03984377,0.3000,false
V4T007107,33.630852,-39.375253,LRG,0.53682677,1.0000,true
V4T007108,350.740279,-23.472260,ELG,0.65112469,1.0000,false
V4T007109,343.521731,-29.970571,ELG,0.30780757,1.0000,false
V4T007110,39.522935,-38.741389,BGS,1.40900155,0.4500,false
V4T007111,40.714598,-48.632614,ELG,0.52112074,1.0000,false
V4T007112,341.125044,-33.613250,BGS,0.79026198,0.4500,true
V4T007113,346.178362,-36.435016,ELG,0.74520592,1.0000,false
V4T007114,352.262262,-34.016853,ELG,0.45181654,1.0000,false
V4T007115,21.177755,-43.772431,LRG,0.38251620,1.0000,false
V4T007116,35.551713,-41.949112,QSO,0.07121228,1.7000,false
V4T007117,350.122768,-35.850892,ELG,0.80588551,1.0000,false
V4T007118,344.744686,-36.605856,LRG,0.24529263,1.0000,false
V4T007119,338.849981,-27.051279,ELG,0.47986356,1.0000,false
V4T007120,41.964689,-52.431508,BGS,2.01434205,0.4500,false
V4T007121,348.147916,-17.821524,ELG,0.79061670,1.0000,false
V4T007122,340.483414,-17.519194,ELG,0.46605806,1.0000,false
V4T007123,33.617409,-49.241668,ELG,0.97523122,1.0000,false
V4T007124,41.018335,-51.216824,Star,3.34112362,0.3000,false
V4T007125,41.636113,-59.175432,Star,4.17232124,0.3000,true
V4T007126,41.151504,-58.904390,LRG,0.26169996,1.0000,false
V4T007127,21.257203,-53.744260,Star,4.18148559,0.3000,false
V4T007128,44.250193,-54.073271,BGS,0.77236442,0.4500,false
V4T007129,353.815718,-16.583720,QSO,0.18887071,1.7000,false
V4T007130,344.505653,-27.257773,BGS,0.94614144,0.4500,false
V4T007131,351.490362,-18.019465,ELG,0.48433269,1.0000,false
V4T007132,28.804438,-52.400611,ELG,0.74887626,1.0000,false
V4T007133,344.941470,-18.454921,BGS,1.31962998,0.4500,false
V4T007134,30.662016,-55.231285,BGS,1.32628302,0.4500,false
V4T007135,344.603122,-17.489509,QSO,0.07926600,1.7000,false
V4T007136,347.920123,-34.972759,BGS,1.35791638,0.4500,false
V4T007137,344.825264,-29.058748,LRG,0.62361464,1.0000,false
V4T007138,35.675549,-51.448483,ELG,0.71304961,1.0000,false
V4T007139,350.238139,-38.746187,LRG,0.30057545,1.0000,false
V4T007140,39.111130,-57.626797,LRG,0.64226689,1.0000,false
V4T007141,27.281933,-45.620697,BGS,0.94949447,0.4500,true
V4T007142,342.815422,-29.983687,Star,3.20759780,0.3000,false
V4T007143,34.264415,-53.120855,QSO,0.17585391,1.7000,false
V4T007144,350.658252,-23.741796,ELG,0.63609910,1.0000,false
V4T007145,30.292106,-48.936375,LRG,0.34586323,1.0000,false
V4T007146,343.051617,-27.994441,BGS,0.94556556,0.4500,false
V4T007147,346.078516,-36.353444,LRG,0.14538880,1.0000,false
V4T007148,37.885618,-40.970775,BGS,0.61264673,0.4500,false
V4T007149,348.231881,-39.769355,Star,3.28718460,0.3000,false
V4T007150,341.805142,-35.313731,Star,3.52077457,0.3000,false
V4T007151,353.888875,-36.384658,BGS,1.08259953,0.4500,false
V4T007152,28.472239,-35.875914,ELG,0.94336826,1.0000,false
V4T007153,346.220413,-40.267817,BGS,1.36608981,0.4500,false
V4T007154,23.945501,-46.237457,ELG,0.93670862,1.0000,false
V4T007155,351.212278,-13.522619,LRG,0.37667390,1.0000,false
V4T007156,343.171553,-23.118781,QSO,0.08995640,1.7000,false
V4T007157,344.253544,-27.672068,ELG,0.36435018,1.0000,false
V4T007158,32.439791,-48.655079,ELG,0.44917471,1.0000,false
V4T007159,37.671836,-40.518209,LRG,0.26354268,1.0000,false
V4T007160,33.137557,-47.710808,QSO,0.08818624,1.7000,false
V4T007161,18.658916,-54.988007,ELG,0.69163488,1.0000,false
V4T007162,30.410625,-58.096755,BGS,1.88172407,0.4500,false
V4T007163,344.421907,-17.852176,BGS,1.44201574,0.4500,false
V4T007164,31.288350,-53.591554,QSO,0.20184788,1.7000,false
V4T007165,28.567250,-56.731810,BGS,1.47134260,0.4500,false
V4T007166,353.938770,-36.178088,ELG,0.92038926,1.0000,false
V4T007167,346.301631,-23.553933,ELG,1.04074531,1.0000,false
V4T007168,340.795418,-41.068712,ELG,0.87951160,1.0000,false
V4T007169,358.119368,-37.135842,QSO,0.41011024,1.7000,false
V4T007170,49.336475,-49.064076,LRG,0.28829014,1.0000,false
V4T007171,344.128809,-26.785510,LRG,0.26947936,1.0000,false
V4T007172,41.798429,-52.362912,ELG,0.88161474,1.0000,false
V4T007173,26.063699,-54.457485,LRG,0.25573883,1.0000,false
V4T007174,344.716055,-17.717269,BGS,2.10883958,0.4500,false
V4T007175,25.599917,-47.687928,LRG,0.51241873,1.0000,false
V4T007176,43.134872,-51.202441,QSO,0.10098092,1.7000,false
V4T007177,37.596050,-58.820337,ELG,0.49315261,1.0000,false
V4T007178,26.531069,-39.737731,BGS,1.25671898,0.4500,false
V4T007179,355.849696,-24.227629,Star,6.04519385,0.3000,false
V4T007180,345.482346,-35.994784,LRG,0.33440979,1.0000,false
V4T007181,348.606701,-26.670929,QSO,0.12072653,1.7000,false
V4T007182,353.124468,-23.541346,BGS,0.96432635,0.4500,false
V4T007183,45.402826,-53.448993,LRG,0.26006968,1.0000,false
V4T007184,350.792242,-24.691450,BGS,0.88522721,0.4500,true
V4T007185,340.831452,-36.294518,QSO,0.18063384,1.7000,false
V4T007186,356.153794,-15.813426,BGS,0.97789745,0.4500,false
V4T007187,37.610297,-41.692269,QSO,0.09187694,1.7000,false
V4T007188,351.348210,-42.032535,BGS,1.69896215,0.4500,false
V4T007189,26.471672,-41.797183,Star,3.78636590,0.3000,false
V4T007190,48.810353,-54.013063,LRG,0.30327525,1.0000,false
V4T007191,49.279370,-42.065149,ELG,0.62247480,1.0000,false
V4T007192,341.124616,-16.838252,LRG,0.29213664,1.0000,false
V4T007193,33.066646,-48.239074,LRG,0.41767495,1.0000,false
V4T007194,353.774515,-14.107704,BGS,1.08360584,0.4500,false
V4T007195,18.899175,-52.642121,LRG,0.30508630,1.0000,false
V4T007196,40.552345,-41.594231,Star,2.27683531,0.3000,false
V4T007197,46.170632,-44.135805,BGS,1.05625417,0.4500,false
V4T007198,355.296214,-24.994286,BGS,0.73249446,0.4500,false
V4T007199,350.726856,-23.804433,ELG,0.36082066,1.0000,false
V4T007200,36.242579,-53.587097,ELG,0.60936538,1.0000,false
V4T007201,49.749310,-52.188801,QSO,0.10997522,1.7000,false
V4T007202,34.423962,-38.905621,ELG,0.27705574,1.0000,true
V4T007203,340.325652,-41.111143,BGS,1.04886681,0.4500,false
V4T007204,350.847358,-26.218423,LRG,0.39239478,1.0000,false
V4T007205,49.051424,-41.855054,QSO,0.18126067,1.7000,false
V4T007206,37.658128,-35.272966,ELG,0.61127323,1.0000,false
V4T007207,342.970228,-29.143783,BGS,1.04060012,0.4500,false
V4T007208,51.807670,-45.499990,QSO,0.26403191,1.7000,false
V4T007209,346.031749,-36.034173,ELG,0.28431049,1.0000,false
V4T007210,28.510033,-50.222434,LRG,0.43736930,1.0000,false
V4T007211,27.951961,-37.521287,BGS,1.57421497,0.4500,false
V4T007212,40.082772,-50.427712,QSO,0.22435021,1.7000,false
V4T007213,339.745741,-18.631998,BGS,1.40824369,0.4500,false
V4T007214,344.227343,-18.025049,QSO,0.14181078,1.7000,false
V4T007215,46.515155,-43.469389,Star,3.41642480,0.3000,false
V4T007216,41.043126,-42.807019,BGS,0.77185545,0.4500,false
V4T007217,354.716161,-23.460259,ELG,0.42224526,1.0000,false
V4T007218,39.713986,-38.610113,BGS,1.53132062,0.4500,false
V4T007219,17.941170,-42.936421,Star,4.13662091,0.3000,false
V4T007220,43.006256,-53.663084,ELG,0.57189464,1.0000,false
V4T007221,37.903751,-45.912240,LRG,0.49855425,1.0000,false
V4T007222,22.758454,-57.450054,ELG,0.81823829,1.0000,false
V4T007223,49.490839,-44.362117,BGS,1.11763583,0.4500,true
V4T007224,353.622412,-36.589610,ELG,0.27980755,1.0000,false
V4T007225,353.226540,-36.133141,ELG,0.39167398,1.0000,true
V4T007226,339.227999,-30.635296,BGS,1.07463848,0.4500,false
V4T007227,39.366355,-53.720919,QSO,0.10747397,1.7000,false
V4T007228,47.474035,-43.313538,ELG,1.16036306,1.0000,false
V4T007229,342.919735,-38.112254,ELG,0.80068330,1.0000,false
V4T007230,351.045778,-25.059238,BGS,0.50765862,0.4500,false
V4T007231,358.285035,-28.828328,ELG,0.42236887,1.0000,false
V4T007232,32.775405,-47.270372,LRG,0.44678197,1.0000,false
V4T007233,338.363581,-18.660732,LRG,0.76691956,1.0000,false
V4T007234,354.051297,-34.156036,LRG,0.55668746,1.0000,false
V4T007235,340.268412,-29.428614,QSO,0.13267571,1.7000,false
V4T007236,352.046999,-25.317804,ELG,0.87018357,1.0000,false
V4T007237,41.235797,-51.507052,ELG,0.41087405,1.0000,false
V4T007238,42.610522,-52.793801,BGS,0.91501562,0.4500,false
V4T007239,39.252190,-41.765081,BGS,1.18202234,0.4500,false
V4T007240,343.586745,-29.684863,LRG,0.42802930,1.0000,false
V4T007241,22.362832,-50.309649,QSO,0.10658857,1.7000,false
V4T007242,0.984654,-20.847260,BGS,1.03687269,0.4500,false
V4T007243,353.384830,-35.863454,LRG,0.66872746,1.0000,false
V4T007244,29.772406,-39.061737,BGS,1.48415722,0.4500,true
V4T007245,352.336465,-23.711068,ELG,0.65183405,1.0000,false
V4T007246,357.793028,-24.651019,LRG,0.33095444,1.0000,false
V4T007247,354.543757,-35.655460,QSO,0.29401589,1.7000,false
V4T007248,353.739852,-35.940472,LRG,0.27829355,1.0000,false
V4T007249,24.580336,-56.292084,ELG,0.55130426,1.0000,false
V4T007250,343.372884,-29.024573,BGS,2.23874871,0.4500,false
V4T007251,345.055199,-27.959793,ELG,0.50342264,1.0000,false
V4T007252,35.206986,-59.253592,ELG,0.60873638,1.0000,false
V4T007253,37.153215,-45.024907,LRG,0.40487250,1.0000,false
V4T007254,343.385529,-16.386483,ELG,0.89358275,1.0000,false
V4T007255,30.032583,-42.643047,ELG,0.30990978,1.0000,true
V4T007256,43.694064,-55.604527,LRG,0.41233289,1.0000,false
V4T007257,33.504777,-35.956881,LRG,0.36161213,1.0000,false
V4T007258,47.334546,-52.578019,LRG,0.33322386,1.0000,true
V4T007259,39.414465,-38.495517,Star,4.13203931,0.3000,false
V4T007260,39.791677,-52.421959,QSO,0.20003632,1.7000,false
V4T007261,347.614154,-41.943296,ELG,1.15496341,1.0000,false
V4T007262,346.338376,-34.732976,ELG,0.81999157,1.0000,false
V4T007263,346.258163,-39.254862,QSO,0.13040150,1.7000,false
V4T007264,346.914413,-36.000311,ELG,0.27430585,1.0000,false
V4T007265,22.819114,-56.177566,QSO,0.12594735,1.7000,false
V4T007266,338.872750,-30.173365,ELG,0.37557176,1.0000,false
V4T007267,337.052626,-35.372386,ELG,0.49408619,1.0000,false
V4T007268,41.061660,-50.073274,ELG,0.74278084,1.0000,true
V4T007269,33.253027,-55.763038,LRG,0.58457060,1.0000,false
V4T007270,35.090303,-41.709506,LRG,0.27200751,1.0000,false
V4T007271,30.108987,-53.288289,LRG,0.38217106,1.0000,false
V4T007272,355.189959,-35.319048,QSO,0.16260349,1.7000,false
V4T007273,343.756954,-26.650795,BGS,1.78191040,0.4500,false
V4T007274,48.595937,-56.347825,BGS,1.06986669,0.4500,false
V4T007275,340.620868,-40.888059,BGS,2.03425531,0.4500,false
V4T007276,19.900064,-53.502910,LRG,0.31735664,1.0000,false
V4T007277,345.847359,-34.986831,BGS,2.09203771,0.4500,false
V4T007278,352.079921,-22.355372,ELG,0.54344294,1.0000,false
V4T007279,343.541242,-27.112574,ELG,0.68720427,1.0000,false
V4T007280,338.804099,-40.224207,BGS,1.00336917,0.4500,false
V4T007281,17.105696,-52.559671,ELG,0.33483552,1.0000,false
V4T007282,45.196554,-38.483729,Star,6.59843063,0.3000,false
V4T007283,18.330792,-51.599606,QSO,0.10853027,1.7000,false
V4T007284,344.512288,-40.913165,LRG,0.35498920,1.0000,false
V4T007285,343.438335,-31.143986,LRG,0.28710785,1.0000,false
V4T007286,26.125405,-56.188085,BGS,2.15532146,0.4500,false
V4T007287,37.312545,-40.054437,BGS,1.39664947,0.4500,false
V4T007288,345.402485,-35.852894,QSO,0.19014730,1.7000,false
V4T007289,38.240097,-52.394311,BGS,0.75372156,0.4500,false
V4T007290,351.565600,-39.013422,QSO,0.19873837,1.7000,false
V4T007291,45.716652,-42.284496,ELG,0.41426541,1.0000,false
V4T007292,353.655135,-36.106476,QSO,0.17336627,1.7000,false
V4T007293,358.150951,-35.873515,LRG,0.32173906,1.0000,false
V4T007294,352.415050,-31.336537,BGS,1.29823489,0.4500,false
V4T007295,19.565426,-41.991213,ELG,0.33238498,1.0000,false
V4T007296,39.864386,-50.483896,LRG,0.31635631,1.0000,false
V4T007297,345.640302,-36.897251,BGS,0.94043594,0.4500,false
V4T007298,46.726047,-45.076922,LRG,0.33837643,1.0000,false
V4T007299,357.875939,-22.688026,BGS,1.51987108,0.4500,false
V4T007300,355.813272,-24.510126,ELG,0.68166977,1.0000,false
V4T007301,33.147314,-48.004887,ELG,0.32620877,1.0000,false
V4T007302,29.204284,-39.604614,ELG,0.86621288,1.0000,false
V4T007303,342.594128,-21.187043,ELG,0.53554620,1.0000,false
V4T007304,40.303459,-48.076532,ELG,0.48576865,1.0000,false
V4T007305,336.179400,-32.156054,LRG,0.24298427,1.0000,false
V4T007306,344.965747,-27.621288,LRG,0.20106808,1.0000,false
V4T007307,333.703409,-34.472089,ELG,1.16202195,1.0000,false
V4T007308,24.552390,-51.951012,ELG,0.69783480,1.0000,false
V4T007309,22.734903,-50.396271,BGS,1.26569582,0.4500,false
V4T007310,27.417016,-51.368668,BGS,1.17008312,0.4500,false
V4T007311,335.397882,-29.553543,ELG,0.62046394,1.0000,false
V4T007312,1.650745,-27.247535,LRG,0.34297320,1.0000,false
V4T007313,1.664767,-22.729295,LRG,0.44093518,1.0000,false
V4T007314,39.243081,-50.148133,ELG,0.59753359,1.0000,false
V4T007315,48.849097,-42.000030,BGS,0.79009882,0.4500,false
V4T007316,340.756905,-31.314710,LRG,0.31753642,1.0000,false
V4T007317,351.981220,-24.531129,ELG,0.67057571,1.0000,false
V4T007318,44.001873,-55.143070,LRG,0.48145166,1.0000,false
V4T007319,1.531476,-28.571615,ELG,0.44572566,1.0000,false
V4T007320,43.730715,-47.114510,ELG,1.02283132,1.0000,true
V4T007321,21.569272,-44.244065,Star,4.94399174,0.3000,false
V4T007322,32.281815,-47.777740,BGS,1.23097496,0.4500,false
V4T007323,45.708577,-50.370651,Star,2.88922909,0.3000,false
V4T007324,353.636042,-35.030450,ELG,0.55298454,1.0000,false
V4T007325,336.243852,-34.625280,ELG,0.61450518,1.0000,false
V4T007326,354.374511,-35.907871,BGS,1.10644653,0.4500,false
V4T007327,19.878501,-49.725664,LRG,0.45740513,1.0000,false
V4T007328,356.473748,-22.467888,ELG,0.34677140,1.0000,false
V4T007329,345.502435,-39.086524,QSO,0.16970985,1.7000,false
V4T007330,28.673860,-36.061635,BGS,0.94276756,0.4500,true
V4T007331,353.869032,-22.190457,QSO,0.18652198,1.7000,false
V4T007332,343.867228,-29.977056,BGS,1.25513135,0.4500,false
V4T007333,355.986070,-29.967234,Star,4.41233256,0.3000,false
V4T007334,335.881111,-23.756845,BGS,1.86566097,0.4500,false
V4T007335,357.553940,-38.591205,ELG,0.30228872,1.0000,false
V4T007336,42.445981,-50.175882,BGS,1.16278859,0.4500,false
V4T007337,342.697065,-28.939531,BGS,1.07262185,0.4500,false
V4T007338,31.429786,-48.841046,LRG,0.37649120,1.0000,false
V4T007339,49.001106,-46.669633,BGS,1.18605370,0.4500,false
V4T007340,345.574753,-33.961705,LRG,0.29679493,1.0000,false
V4T007341,30.501136,-44.497946,Star,5.76526228,0.3000,false
V4T007342,359.420125,-18.786215,LRG,0.39186849,1.0000,false
V4T007343,353.904449,-35.344982,ELG,0.58192881,1.0000,false
V4T007344,25.889207,-50.337449,LRG,0.43031861,1.0000,false
V4T007345,2.119941,-27.800773,LRG,0.34696160,1.0000,false
V4T007346,359.633377,-36.183510,QSO,0.19756025,1.7000,false
V4T007347,34.473885,-54.501710,ELG,0.70169388,1.0000,false
V4T007348,347.453507,-20.131944,LRG,0.44969831,1.0000,false
V4T007349,40.438122,-58.244041,BGS,1.08117773,0.4500,false
V4T007350,343.671319,-30.046423,ELG,0.24073124,1.0000,false
V4T007351,37.849660,-39.173618,ELG,0.50705345,1.0000,false
V4T007352,358.605564,-23.194228,BGS,1.53233130,0.4500,false
V4T007353,345.455514,-37.321989,QSO,0.20378139,1.7000,true
V4T007354,352.245300,-25.314652,BGS,1.90843986,0.4500,false
V4T007355,348.423532,-20.770082,BGS,1.41904732,0.4500,false
V4T007356,23.847199,-40.408915,ELG,0.54698592,1.0000,false
V4T007357,0.928073,-23.671165,ELG,0.53509270,1.0000,false
V4T007358,346.961077,-17.049820,ELG,2.08541965,1.0000,false
V4T007359,349.177940,-39.619633,ELG,0.26388326,1.0000,false
V4T007360,41.981619,-38.529549,BGS,1.66785275,0.4500,false
V4T007361,344.702713,-17.717943,QSO,0.63838859,1.7000,true
V4T007362,19.776469,-47.494912,BGS,1.59820041,0.4500,false
V4T007363,33.396537,-48.477760,BGS,1.72255050,0.4500,true
V4T007364,25.487503,-46.066742,QSO,0.25065396,1.7000,false
V4T007365,40.945121,-49.943570,QSO,0.08064513,1.7000,false
V4T007366,345.875393,-27.875913,LRG,0.43235907,1.0000,false
V4T007367,344.630582,-24.629536,BGS,1.18374523,0.4500,false
V4T007368,40.777793,-49.878953,BGS,0.83843684,0.4500,false
V4T007369,32.533607,-47.588082,ELG,0.37244789,1.0000,false
V4T007370,40.208111,-39.692543,ELG,0.69069159,1.0000,false
V4T007371,44.943777,-38.732836,Star,3.48292634,0.3000,false
V4T007372,37.703546,-36.745883,LRG,0.16635006,1.0000,false
V4T007373,346.535077,-36.133688,LRG,0.37662789,1.0000,false
V4T007374,347.993477,-16.869018,ELG,0.50955880,1.0000,false
V4T007375,348.369206,-41.863152,LRG,0.20186780,1.0000,false
V4T007376,359.992194,-26.956812,ELG,0.53730523,1.0000,false
V4T007377,350.882067,-36.751628,LRG,0.25400600,1.0000,false
V4T007378,344.994119,-17.259245,ELG,0.31734949,1.0000,false
V4T007379,39.958621,-58.978013,QSO,0.13255940,1.7000,false
V4T007380,346.440565,-34.333445,BGS,1.21771334,0.4500,false
V4T007381,38.129481,-44.268509,BGS,1.48772212,0.4500,false
V4T007382,45.808697,-41.701092,QSO,0.21217888,1.7000,false
V4T007383,346.431993,-33.478434,LRG,0.23593778,1.0000,false
V4T007384,32.315677,-47.354358,BGS,1.58958061,0.4500,false
V4T007385,349.542824,-37.633421,Star,3.97851678,0.3000,true
V4T007386,352.610383,-37.886250,BGS,0.70512120,0.4500,false
V4T007387,347.184837,-15.896612,Star,3.76987893,0.3000,false
V4T007388,49.291209,-47.129556,BGS,1.79619901,0.4500,false
V4T007389,23.983805,-38.691692,ELG,0.58292213,1.0000,false
V4T007390,40.687585,-37.005105,BGS,1.54722385,0.4500,false
V4T007391,351.488293,-25.349932,Star,3.24589810,0.3000,false
V4T007392,30.372809,-47.906541,BGS,1.19147157,0.4500,false
V4T007393,39.096760,-52.743591,LRG,0.47879241,1.0000,false
V4T007394,41.477236,-50.113918,BGS,1.91978027,0.4500,true
V4T007395,26.531618,-58.579029,ELG,1.61424524,1.0000,false
V4T007396,23.772906,-39.369530,ELG,0.78094160,1.0000,false
V4T007397,18.004570,-42.576725,LRG,0.23806351,1.0000,false
V4T007398,31.114370,-47.788604,QSO,0.25631735,1.7000,false
V4T007399,37.326548,-57.322423,ELG,1.09579043,1.0000,false
V4T007400,355.748593,-36.802345,ELG,1.21651909,1.0000,false
V4T007401,354.118034,-14.551633,QSO,0.33771962,1.7000,false
V4T007402,42.261496,-43.839909,ELG,0.97619507,1.0000,false
V4T007403,37.370444,-37.065833,QSO,0.22034945,1.7000,false
V4T007404,343.017147,-32.050346,Star,4.65021970,0.3000,false
V4T007405,358.657552,-24.229131,QSO,0.17772984,1.7000,false
V4T007406,21.229824,-45.915498,ELG,0.39816738,1.0000,false
V4T007407,35.576296,-42.364022,ELG,0.94852659,1.0000,false
V4T007408,38.620398,-56.555332,Star,3.79402976,0.3000,false
V4T007409,350.568367,-24.249322,BGS,2.37030220,0.4500,false
V4T007410,340.385629,-41.060820,BGS,1.00135467,0.4500,false
V4T007411,335.015968,-31.086119,Star,4.73868951,0.3000,false
V4T007412,352.511775,-35.919028,BGS,1.68763517,0.4500,false
V4T007413,340.895193,-26.233271,ELG,0.31690258,1.0000,false
V4T007414,51.931775,-45.428660,BGS,1.81420925,0.4500,false
V4T007415,350.366078,-23.518638,ELG,0.42992736,1.0000,false
V4T007416,41.796402,-50.323425,ELG,0.75531866,1.0000,false
V4T007417,339.375217,-28.394275,ELG,0.32997067,1.0000,false
V4T007418,48.493013,-42.762503,LRG,0.65546131,1.0000,false
V4T007419,35.717830,-50.114675,LRG,0.32667779,1.0000,false
V4T007420,32.506947,-39.850966,LRG,0.55472907,1.0000,false
V4T007421,48.475461,-42.381759,Star,4.37735213,0.3000,false
V4T007422,42.041300,-49.563693,ELG,0.70831325,1.0000,false
V4T007423,28.848691,-42.266311,LRG,0.27110112,1.0000,true
V4T007424,346.663123,-36.024758,BGS,0.97892081,0.4500,false
V4T007425,346.886213,-20.963657,ELG,0.25785298,1.0000,false
V4T007426,348.892243,-35.872029,QSO,0.18761607,1.7000,false
V4T007427,352.745527,-34.024765,BGS,1.96220417,0.4500,true
V4T007428,46.842889,-46.950921,ELG,0.34131836,1.0000,false
V4T007429,342.902313,-38.992854,ELG,0.67791009,1.0000,false
V4T007430,26.055509,-39.048341,ELG,0.28891076,1.0000,false
V4T007431,26.930162,-47.613720,Star,3.37852893,0.3000,false
V4T007432,35.437901,-43.854589,BGS,0.91260982,0.4500,false
V4T007433,353.745860,-14.556980,BGS,1.91236686,0.4500,true
V4T007434,337.931140,-23.375527,ELG,0.28226168,1.0000,false
V4T007435,26.182201,-42.944714,Star,4.59618696,0.3000,false
V4T007436,338.673735,-34.323590,LRG,0.25268673,1.0000,false
V4T007437,29.849870,-47.377865,ELG,0.76375170,1.0000,false
V4T007438,36.652055,-36.562059,ELG,0.37776143,1.0000,false
V4T007439,42.786340,-50.538088,BGS,1.57605645,0.4500,false
V4T007440,342.846859,-29.410158,ELG,1.05358359,1.0000,false
V4T007441,24.659584,-44.042000,BGS,0.97958932,0.4500,true
V4T007442,347.323097,-21.043648,QSO,0.17859109,1.7000,false
V4T007443,27.444736,-54.448776,ELG,0.59207941,1.0000,false
V4T007444,48.242276,-53.243302,ELG,0.68326179,1.0000,false
V4T007445,1.101901,-30.771783,BGS,0.85309539,0.4500,false
V4T007446,44.629496,-52.115701,ELG,1.02229728,1.0000,false
V4T007447,351.404382,-24.786664,QSO,0.11582506,1.7000,false
V4T007448,43.405512,-36.311411,ELG,0.63139213,1.0000,false
V4T007449,350.637159,-32.759293,QSO,0.35284057,1.7000,false
V4T007450,344.641947,-26.955132,LRG,0.49801059,1.0000,false
V4T007451,39.640713,-41.936781,ELG,0.63342042,1.0000,false
V4T007452,50.164349,-45.321687,LRG,0.38253568,1.0000,false
V4T007453,339.374399,-28.908873,ELG,1.16112976,1.0000,false
V4T007454,344.734718,-27.092251,ELG,0.47019580,1.0000,false
V4T007455,347.452191,-37.842856,LRG,0.49410501,1.0000,false
V4T007456,31.820236,-35.070917,Star,4.64199674,0.3000,false
V4T007457,42.358234,-51.046804,LRG,0.48380328,1.0000,false
V4T007458,349.475731,-23.767111,QSO,0.25471148,1.7000,false
V4T007459,32.779494,-47.354995,LRG,0.45080667,1.0000,false
V4T007460,345.175320,-17.070101,BGS,1.71551536,0.4500,false
V4T007461,349.198266,-15.771532,LRG,0.19071407,1.0000,false
V4T007462,27.780443,-38.830734,LRG,0.30010529,1.0000,false
V4T007463,352.411369,-14.930917,ELG,0.76077439,1.0000,false
V4T007464,26.178468,-41.647025,Star,3.59861247,0.3000,false
V4T007465,48.455059,-43.335474,ELG,0.68180708,1.0000,false
V4T007466,344.918276,-28.127125,Star,4.44015995,0.3000,false
V4T007467,42.728444,-58.890255,LRG,0.28637957,1.0000,false
V4T007468,345.415228,-27.763895,BGS,0.96366076,0.4500,false
V4T007469,350.701767,-34.238823,QSO,0.11851898,1.7000,false
V4T007470,340.351060,-41.107460,ELG,0.27535186,1.0000,false
V4T007471,338.032545,-39.697798,QSO,0.17047907,1.7000,true
V4T007472,342.888942,-23.860487,BGS,1.82502682,0.4500,false
V4T007473,344.700312,-27.772617,BGS,1.50364121,0.4500,false
V4T007474,359.667231,-22.437190,QSO,0.58775314,1.7000,false
V4T007475,343.220980,-24.244018,BGS,1.60731823,0.4500,false
V4T007476,347.340034,-30.283282,Star,2.92762370,0.3000,false
V4T007477,41.588131,-50.259763,ELG,0.71317212,1.0000,false
V4T007478,341.772325,-30.892311,Star,4.75364685,0.3000,false
V4T007479,43.342784,-42.209191,ELG,0.37061567,1.0000,false
V4T007480,335.786517,-26.383880,LRG,0.31761046,1.0000,false
V4T007481,21.994693,-44.200924,ELG,0.95543174,1.0000,false
V4T007482,27.359907,-58.584690,QSO,0.28264188,1.7000,false
V4T007483,45.123370,-53.772528,ELG,0.44705079,1.0000,false
V4T007484,38.917857,-57.187463,LRG,0.41478092,1.0000,false
V4T007485,351.355236,-33.961854,ELG,0.94029089,1.0000,false
V4T007486,40.912136,-51.888438,QSO,0.08372257,1.7000,false
V4T007487,347.807398,-19.386382,Star,5.46598034,0.3000,false
V4T007488,342.852513,-30.350639,BGS,0.88226582,0.4500,false
V4T007489,352.540205,-38.799073,LRG,0.37953121,1.0000,false
V4T007490,353.463025,-36.896349,ELG,0.52484929,1.0000,false
V4T007491,347.174463,-24.134563,QSO,0.27210581,1.7000,false
V4T007492,336.753494,-25.236427,BGS,1.20174365,0.4500,true
V4T007493,352.628200,-25.102972,Star,3.96909629,0.3000,false
V4T007494,335.041767,-33.582565,Star,4.21667507,0.3000,false
V4T007495,344.996655,-18.320469,LRG,0.34538587,1.0000,false
V4T007496,43.231449,-54.155775,LRG,0.22381452,1.0000,false
V4T007497,29.695545,-55.844038,ELG,0.51406673,1.0000,false
V4T007498,345.467204,-34.038319,ELG,0.53405690,1.0000,false
V4T007499,359.163600,-33.933693,BGS,1.19458328,0.4500,false
V4T007500,30.887893,-34.993517,LRG,0.32919781,1.0000,false
V4T007501,339.086022,-33.673702,ELG,0.47800035,1.0000,false
V4T007502,336.427977,-32.410149,BGS,1.93876583,0.4500,false
V4T007503,31.018461,-55.786171,ELG,0.54900428,1.0000,false
V4T007504,33.454028,-38.753059,ELG,1.53322715,1.0000,false
V4T007505,357.104523,-21.444202,ELG,0.36518803,1.0000,false
V4T007506,40.914855,-49.798620,BGS,1.03453668,0.4500,false
V4T007507,333.060368,-32.016793,BGS,1.04108827,0.4500,false
V4T007508,339.540679,-36.179745,LRG,0.43371332,1.0000,false
V4T007509,345.439410,-17.736336,LRG,0.46032660,1.0000,false
V4T007510,29.382761,-45.411476,QSO,0.07581990,1.7000,false
V4T007511,21.190371,-41.497541,BGS,1.20020255,0.4500,false
V4T007512,35.258253,-34.802071,LRG,0.40001399,1.0000,false
V4T007513,344.723398,-27.127389,BGS,1.17475772,0.4500,false
V4T007514,345.296227,-18.218064,Star,5.32615260,0.3000,false
V4T007515,49.019826,-44.186858,ELG,0.42731035,1.0000,false
V4T007516,342.411542,-17.309168,LRG,0.70485178,1.0000,false
V4T007517,346.380029,-33.697921,LRG,0.44028143,1.0000,false
V4T007518,353.982064,-39.347618,QSO,0.12871916,1.7000,false
V4T007519,30.358490,-40.902671,ELG,0.82903508,1.0000,false
V4T007520,345.496763,-36.670136,ELG,0.41879122,1.0000,false
V4T007521,29.441867,-36.648968,QSO,0.08796269,1.7000,false
V4T007522,34.871567,-39.893823,QSO,0.72136149,1.7000,false
V4T007523,344.186533,-27.181414,BGS,1.04518609,0.4500,false
V4T007524,51.324222,-52.576270,ELG,0.36274043,1.0000,true
V4T007525,350.478997,-29.949617,ELG,0.65423542,1.0000,false
V4T007526,345.608997,-35.504677,LRG,0.31498913,1.0000,false
V4T007527,24.760310,-44.996626,Star,2.62991417,0.3000,false
V4T007528,41.071470,-53.642693,BGS,1.49862008,0.4500,false
V4T007529,355.496680,-32.040639,QSO,0.10985240,1.7000,false
V4T007530,41.403649,-50.291132,Star,4.79892147,0.3000,false
V4T007531,44.450063,-48.530481,BGS,1.53130255,0.4500,false
V4T007532,348.647274,-26.507398,ELG,0.35632964,1.0000,false
V4T007533,33.620129,-47.953408,ELG,0.50722647,1.0000,false
V4T007534,348.301554,-24.256393,ELG,0.68088749,1.0000,false
V4T007535,355.754320,-22.246222,QSO,0.14472644,1.7000,false
V4T007536,353.998523,-36.146310,ELG,0.53476000,1.0000,false
V4T007537,342.038616,-21.509384,QSO,0.47938011,1.7000,false
V4T007538,47.437928,-42.534273,LRG,0.51563091,1.0000,false
V4T007539,355.994982,-32.324257,ELG,0.34363793,1.0000,false
V4T007540,0.866661,-31.344912,Star,4.60632182,0.3000,false
V4T007541,333.573396,-33.899305,QSO,0.21322833,1.7000,false
V4T007542,342.568445,-33.816810,QSO,0.25960848,1.7000,false
V4T007543,348.772708,-33.490513,ELG,0.62608982,1.0000,false
V4T007544,334.510259,-28.734155,Star,2.98016149,0.3000,false
V4T007545,354.046244,-35.907131,LRG,0.44062745,1.0000,false
V4T007546,21.006215,-56.251930,BGS,1.18472915,0.4500,false
V4T007547,346.012067,-33.736780,LRG,0.35712850,1.0000,false
V4T007548,30.375524,-42.633310,ELG,0.50812382,1.0000,false
V4T007549,41.661798,-49.854239,QSO,0.17605039,1.7000,true
V4T007550,41.786261,-49.196945,LRG,0.30613801,1.0000,false
V4T007551,16.880167,-44.041165,ELG,1.06451327,1.0000,false
V4T007552,342.800580,-32.074923,ELG,0.81701239,1.0000,false
V4T007553,348.735895,-16.395158,BGS,1.15530768,0.4500,false
V4T007554,20.330559,-48.691473,ELG,0.28505551,1.0000,true
V4T007555,0.577181,-30.340737,ELG,0.54188339,1.0000,false
V4T007556,344.258947,-30.717080,Star,3.32506330,0.3000,false
V4T007557,346.332038,-36.005521,LRG,0.25081292,1.0000,true
V4T007558,352.438508,-21.435966,BGS,1.66047227,0.4500,false
V4T007559,41.530684,-51.682950,QSO,0.09036601,1.7000,false
V4T007560,343.676363,-29.222634,QSO,0.19491849,1.7000,false
V4T007561,346.470261,-34.443408,Star,8.14878143,0.3000,false
V4T007562,335.803285,-26.387617,ELG,0.47467220,1.0000,true
V4T007563,26.811336,-44.233760,ELG,1.20594469,1.0000,false
V4T007564,345.790677,-36.302493,LRG,0.54027382,1.0000,false
V4T007565,37.548566,-47.789551,ELG,1.15959723,1.0000,false
V4T007566,356.364434,-18.670948,ELG,0.48494199,1.0000,false
V4T007567,345.159936,-38.803161,ELG,0.85191110,1.0000,false
V4T007568,32.635509,-44.905475,ELG,1.38103715,1.0000,false
V4T007569,341.096344,-41.146069,Star,4.57985146,0.3000,false
V4T007570,336.484744,-36.119558,QSO,0.17488610,1.7000,false
V4T007571,23.715502,-55.943862,ELG,1.35236353,1.0000,false
V4T007572,336.204823,-35.164775,ELG,0.56144765,1.0000,false
V4T007573,338.917659,-17.162323,ELG,0.72000507,1.0000,false
V4T007574,347.352280,-38.631068,LRG,0.38435436,1.0000,false
V4T007575,334.469470,-27.761124,BGS,1.46927694,0.4500,false
V4T007576,344.732040,-15.475328,BGS,1.77480257,0.4500,false
V4T007577,346.371302,-34.245178,BGS,1.38778609,0.4500,false
V4T007578,352.247919,-40.735044,ELG,0.71489185,1.0000,false
V4T007579,51.727420,-53.702364,LRG,0.27522737,1.0000,false
V4T007580,353.571101,-35.528903,ELG,0.57121719,1.0000,false
V4T007581,346.414770,-34.465394,BGS,1.58014408,0.4500,false
V4T007582,343.121401,-37.051347,ELG,0.41083349,1.0000,false
V4T007583,352.209810,-20.041021,QSO,0.32007976,1.7000,false
V4T007584,345.107678,-18.954498,LRG,0.29172443,1.0000,false
V4T007585,343.638386,-29.763706,BGS,1.21366101,0.4500,false
V4T007586,356.989351,-22.973642,QSO,0.16245443,1.7000,false
V4T007587,18.823040,-46.195379,BGS,1.51332307,0.4500,false
V4T007588,342.054198,-30.536753,ELG,0.74246065,1.0000,true
V4T007589,348.579544,-19.052091,ELG,0.51362163,1.0000,false
V4T007590,338.763979,-27.829656,Star,3.86529992,0.3000,false
V4T007591,34.188766,-43.885482,QSO,0.06486641,1.7000,true
V4T007592,346.773772,-38.725237,ELG,0.36321073,1.0000,false
V4T007593,350.811835,-24.506388,BGS,1.96892651,0.4500,false
V4T007594,41.576965,-45.256813,BGS,1.36212391,0.4500,false
V4T007595,18.066642,-46.078070,LRG,0.28418088,1.0000,false
V4T007596,34.873358,-42.490543,ELG,0.36889154,1.0000,false
V4T007597,23.031238,-53.472834,ELG,0.32614040,1.0000,false
V4T007598,352.688165,-15.093352,QSO,0.13616511,1.7000,false
V4T007599,356.476048,-28.037689,BGS,1.54498504,0.4500,false
V4T007600,353.963605,-35.634652,LRG,0.32710917,1.0000,true
V4T007601,349.977758,-24.112621,QSO,0.13909889,1.7000,false
V4T007602,48.284301,-42.050798,BGS,0.87484354,0.4500,false
V4T007603,41.059615,-46.545762,ELG,0.75040538,1.0000,false
V4T007604,356.837157,-23.709057,BGS,0.97322967,0.4500,false
V4T007605,339.570305,-23.178886,ELG,0.79462140,1.0000,false
V4T007606,339.221144,-25.811896,BGS,1.34117115,0.4500,false
V4T007607,352.081335,-25.112723,ELG,0.60671758,1.0000,false
V4T007608,344.479808,-17.202478,ELG,0.33679384,1.0000,false
V4T007609,338.258514,-31.342901,QSO,0.18222783,1.7000,false
V4T007610,338.761359,-36.361858,QSO,0.15604048,1.7000,false
V4T007611,342.609087,-29.943960,LRG,0.27480458,1.0000,true
V4T007612,345.644130,-17.259515,QSO,0.06537603,1.7000,false
V4T007613,336.985970,-26.996755,BGS,0.86083296,0.4500,false
V4T007614,343.922510,-17.681412,BGS,1.70484874,0.4500,false
V4T007615,348.995143,-20.744794,QSO,0.09687349,1.7000,false
V4T007616,35.030605,-36.904267,Star,3.85569506,0.3000,false
V4T007617,31.744913,-48.066195,Star,2.69106437,0.3000,false
V4T007618,350.782239,-34.978555,ELG,0.47750073,1.0000,true
V4T007619,335.799602,-34.801284,ELG,0.56489076,1.0000,false
V4T007620,356.549088,-15.722122,Star,5.00760030,0.3000,false
V4T007621,338.106759,-24.650893,ELG,0.44197927,1.0000,false
V4T007622,2.371943,-26.508205,ELG,0.35808292,1.0000,false
V4T007623,2.004962,-24.770925,BGS,0.84412588,0.4500,false
V4T007624,31.617084,-48.415568,BGS,1.35658275,0.4500,false
V4T007625,350.129664,-15.754370,BGS,1.15260112,0.4500,false
V4T007626,340.168843,-22.987792,BGS,2.37151827,0.4500,false
V4T007627,38.377522,-56.307151,QSO,0.27169413,1.7000,false
V4T007628,19.891658,-41.928842,ELG,0.69667898,1.0000,false
V4T007629,34.552620,-42.018766,ELG,0.88588215,1.0000,false
V4T007630,355.127813,-30.731199,BGS,1.05088367,0.4500,false
V4T007631,42.827579,-50.191179,QSO,0.18323695,1.7000,false
V4T007632,48.321808,-42.078950,LRG,0.30315419,1.0000,false
V4T007633,31.328074,-38.402847,ELG,1.13368770,1.0000,false
V4T007634,46.893353,-53.998030,QSO,0.43527900,1.7000,false
V4T007635,350.156165,-13.665387,BGS,1.00763084,0.4500,false
V4T007636,359.557971,-26.525545,Star,3.31698098,0.3000,false
V4T007637,20.721533,-52.369654,ELG,0.58864539,1.0000,false
V4T007638,32.139790,-40.496482,ELG,0.46555661,1.0000,false
V4T007639,352.282809,-16.352889,Star,2.53632758,0.3000,false
V4T007640,28.710196,-43.391999,ELG,0.91714323,1.0000,false
V4T007641,32.757986,-48.278677,ELG,0.43884704,1.0000,false
V4T007642,346.695466,-35.010256,BGS,0.99521211,0.4500,false
V4T007643,35.452438,-56.632312,ELG,0.61632280,1.0000,false
V4T007644,30.371098,-57.964315,BGS,1.18994599,0.4500,false
V4T007645,23.770746,-43.291931,ELG,0.51134391,1.0000,false
V4T007646,345.326480,-17.605463,LRG,0.21538942,1.0000,false
V4T007647,41.446629,-53.681273,LRG,0.45956682,1.0000,false
V4T007648,50.113716,-42.414010,Star,3.84979351,0.3000,false
V4T007649,21.929644,-56.769695,LRG,0.42864221,1.0000,false
V4T007650,343.755068,-35.857518,LRG,0.34101427,1.0000,false
V4T007651,350.155284,-13.627270,ELG,0.36575134,1.0000,false
V4T007652,343.798518,-29.913855,LRG,0.37774777,1.0000,false
V4T007653,343.040876,-25.180740,LRG,0.46852978,1.0000,false
V4T007654,357.354414,-26.190127,Star,3.39707396,0.3000,false
V4T007655,46.395299,-41.296772,ELG,0.46996559,1.0000,false
V4T007656,0.441184,-26.311741,Star,2.96706748,0.3000,false
V4T007657,342.323039,-23.665024,BGS,1.07624626,0.4500,false
V4T007658,352.921468,-14.862883,QSO,0.13244981,1.7000,false
V4T007659,42.446873,-48.390600,LRG,0.37168053,1.0000,false
V4T007660,343.794872,-29.670824,QSO,0.34587344,1.7000,true
V4T007661,341.131930,-15.661846,ELG,0.49565996,1.0000,false
V4T007662,347.116504,-16.743334,LRG,0.19576040,1.0000,false
V4T007663,41.745686,-36.329988,ELG,0.64187230,1.0000,false
V4T007664,40.646622,-49.740720,BGS,0.76510737,0.4500,true
V4T007665,341.186031,-26.256845,LRG,0.30249604,1.0000,false
V4T007666,348.422049,-34.080610,ELG,0.39188599,1.0000,false
V4T007667,340.366087,-40.316439,QSO,0.35643362,1.7000,false
V4T007668,334.692085,-24.565674,ELG,0.32717940,1.0000,false
V4T007669,42.150209,-55.586135,ELG,0.41694046,1.0000,false
V4T007670,333.889305,-28.991809,ELG,0.51714439,1.0000,false
V4T007671,344.522732,-15.963560,LRG,0.26274766,1.0000,true
V4T007672,355.381244,-35.364106,ELG,0.64927843,1.0000,false
V4T007673,51.415700,-47.111947,ELG,0.94080715,1.0000,false
V4T007674,353.477376,-31.290216,BGS,1.01803632,0.4500,false
V4T007675,345.128958,-27.076088,LRG,0.56405699,1.0000,false
V4T007676,31.326394,-58.391925,QSO,0.13118438,1.7000,false
V4T007677,351.256026,-24.544408,LRG,0.44819006,1.0000,false
V4T007678,17.345963,-49.174788,ELG,0.80627192,1.0000,false
V4T007679,346.713581,-33.520824,LRG,0.70767653,1.0000,false
V4T007680,351.702076,-25.351198,LRG,0.20806331,1.0000,false
V4T007681,28.270711,-39.065264,LRG,0.32262046,1.0000,false
V4T007682,343.577932,-21.766539,QSO,0.31500774,1.7000,false
V4T007683,355.973660,-40.247645,QSO,0.12297988,1.7000,false
V4T007684,31.469024,-41.127831,Star,4.15999999,0.3000,false
V4T007685,342.758589,-30.490848,ELG,0.67536724,1.0000,false
V4T007686,41.053856,-44.367427,LRG,0.26975604,1.0000,false
V4T007687,353.961956,-36.928302,ELG,0.67964247,1.0000,false
V4T007688,32.516635,-37.991302,BGS,1.81579928,0.4500,false
V4T007689,44.692182,-37.235454,BGS,1.72466853,0.4500,false
V4T007690,342.007864,-24.685152,ELG,0.38533424,1.0000,false
V4T007691,350.628012,-19.012697,BGS,1.86961248,0.4500,false
V4T007692,41.504507,-58.782847,LRG,0.33310776,1.0000,false
V4T007693,352.468641,-23.230905,ELG,0.68231273,1.0000,false
V4T007694,39.095505,-39.888646,ELG,0.40730255,1.0000,false
V4T007695,341.193010,-25.381276,BGS,1.26307235,0.4500,false
V4T007696,345.679902,-29.891373,BGS,1.45412011,0.4500,false
V4T007697,343.380770,-29.067237,Star,3.31526230,0.3000,false
V4T007698,353.751505,-27.564443,ELG,0.46083902,1.0000,false
V4T007699,27.395625,-50.124422,BGS,1.23867561,0.4500,false
V4T007700,41.849984,-50.245620,ELG,0.61056990,1.0000,false
V4T007701,356.337699,-24.581307,QSO,0.04101311,1.7000,false
V4T007702,334.832250,-26.161127,LRG,0.41529240,1.0000,false
V4T007703,37.753396,-41.994397,LRG,0.26532410,1.0000,false
V4T007704,354.628508,-26.334845,ELG,0.60523532,1.0000,false
V4T007705,35.541079,-45.020709,ELG,0.73514151,1.0000,false
V4T007706,354.668210,-32.051688,LRG,0.37561360,1.0000,false
V4T007707,344.073548,-17.854758,BGS,1.24382932,0.4500,false
V4T007708,343.473338,-29.911706,ELG,0.47062802,1.0000,false
V4T007709,347.640403,-16.528309,ELG,0.40720378,1.0000,false
V4T007710,338.637853,-18.618274,LRG,0.26727343,1.0000,false
V4T007711,38.822700,-51.662030,Star,3.50401065,0.3000,false
V4T007712,343.077349,-28.280835,ELG,0.35811882,1.0000,false
V4T007713,40.226005,-47.212117,LRG,0.45947211,1.0000,false
V4T007714,24.579374,-42.676792,BGS,2.32997382,0.4500,false
V4T007715,44.957503,-55.437544,BGS,0.83219455,0.4500,false
V4T007716,33.091064,-48.351783,QSO,0.19672682,1.7000,false
V4T007717,40.134562,-44.533629,QSO,0.12565699,1.7000,false
V4T007718,51.925431,-48.221008,ELG,0.49045309,1.0000,false
V4T007719,356.116717,-26.171011,ELG,0.37086880,1.0000,false
V4T007720,353.709924,-35.686168,ELG,0.99117395,1.0000,false
V4T007721,23.961165,-56.066372,BGS,1.64689444,0.4500,false
V4T007722,335.833363,-28.245656,ELG,0.47001010,1.0000,false
V4T007723,32.505588,-48.300980,QSO,0.35554689,1.7000,false
V4T007724,343.123162,-32.616759,LRG,0.44663737,1.0000,false
V4T007725,343.792447,-24.359412,QSO,0.15671226,1.7000,false
V4T007726,45.057187,-54.823468,BGS,0.97415942,0.4500,false
V4T007727,350.597668,-39.423247,QSO,0.07227830,1.7000,false
V4T007728,343.189508,-16.906965,ELG,0.68706719,1.0000,false
V4T007729,358.724438,-34.364252,LRG,0.39005173,1.0000,false
V4T007730,357.120334,-32.486047,QSO,0.23364666,1.7000,false
V4T007731,32.421644,-48.166357,ELG,0.52293569,1.0000,false
V4T007732,342.952858,-16.490908,LRG,0.40297375,1.0000,false
V4T007733,343.367095,-29.483140,QSO,0.22577072,1.7000,false
V4T007734,29.715355,-45.887137,BGS,1.00155072,0.4500,false
V4T007735,18.493252,-46.290354,Star,2.84195377,0.3000,false
V4T007736,30.458182,-44.108472,BGS,2.01179505,0.4500,false
V4T007737,345.611297,-33.714589,LRG,0.31785273,1.0000,false
V4T007738,44.388305,-37.257948,LRG,0.33095523,1.0000,false
V4T007739,39.211096,-59.068134,BGS,1.05534854,0.4500,false
V4T007740,339.972251,-18.709323,LRG,0.30975215,1.0000,false
V4T007741,358.462487,-25.743974,BGS,1.14560772,0.4500,false
V4T007742,32.336530,-48.469470,LRG,0.49792855,1.0000,false
V4T007743,29.974844,-58.895902,LRG,0.23568134,1.0000,false
V4T007744,35.702139,-53.590903,LRG,0.23684240,1.0000,false
V4T007745,30.558927,-53.154404,QSO,0.09834530,1.7000,false
V4T007746,349.453867,-39.247001,Star,5.14747432,0.3000,false
V4T007747,37.926434,-38.597805,QSO,0.06935069,1.7000,false
V4T007748,38.124175,-41.484902,BGS,1.38440725,0.4500,false
V4T007749,351.582642,-39.211573,ELG,0.70041145,1.0000,false
V4T007750,23.910070,-38.423557,ELG,0.36380368,1.0000,false
V4T007751,32.111737,-48.521307,ELG,0.54152859,1.0000,false
V4T007752,359.988346,-30.230580,Star,4.11916970,0.3000,false
V4T007753,357.721421,-25.059115,LRG,0.20224000,1.0000,false
V4T007754,349.688687,-24.945498,BGS,1.16435679,0.4500,false
V4T007755,345.922697,-42.752406,LRG,0.23856533,1.0000,false
V4T007756,349.767443,-24.895893,ELG,0.59048380,1.0000,false
V4T007757,335.167234,-37.091765,ELG,0.66031804,1.0000,false
V4T007758,345.088677,-17.764430,BGS,1.86485233,0.4500,false
V4T007759,349.589405,-16.254083,BGS,1.34436800,0.4500,false
V4T007760,341.893404,-37.850298,QSO,0.21526019,1.7000,false
V4T007761,344.501518,-17.741629,QSO,0.40468148,1.7000,false
V4T007762,343.361809,-30.199138,ELG,0.64862973,1.0000,false
V4T007763,358.592743,-29.721930,ELG,0.62719411,1.0000,false
V4T007764,24.937274,-56.230249,ELG,0.65142906,1.0000,false
V4T007765,343.319677,-29.906841,ELG,0.35050811,1.0000,false
V4T007766,346.435332,-33.997685,BGS,0.87151640,0.4500,false
V4T007767,351.116410,-35.277259,ELG,0.47676976,1.0000,false
V4T007768,350.647292,-25.610338,BGS,1.11738444,0.4500,false
V4T007769,344.430667,-27.696168,QSO,0.21560862,1.7000,true
V4T007770,41.048650,-37.383630,LRG,0.41979045,1.0000,false
V4T007771,31.582834,-47.625950,LRG,0.47672326,1.0000,false
V4T007772,49.281046,-42.095565,Star,4.03185455,0.3000,false
V4T007773,345.829938,-26.858483,QSO,0.08483954,1.7000,false
V4T007774,1.541080,-25.911580,LRG,0.48226193,1.0000,false
V4T007775,46.737442,-44.529109,BGS,1.44413188,0.4500,false
V4T007776,354.722407,-34.807382,LRG,0.27143401,1.0000,false
V4T007777,341.051550,-40.341360,ELG,0.61203580,1.0000,false
V4T007778,344.504072,-27.589602,BGS,1.58587039,0.4500,false
V4T007779,351.722319,-24.446553,BGS,1.08802995,0.4500,false
V4T007780,26.654216,-39.494873,QSO,0.21873887,1.7000,false
V4T007781,47.571762,-42.858247,ELG,0.25024502,1.0000,false
V4T007782,341.350141,-40.821771,QSO,0.13986184,1.7000,false
V4T007783,49.215833,-50.085013,BGS,1.29528281,0.4500,false
V4T007784,344.811675,-17.567553,ELG,0.60615068,1.0000,true
V4T007785,345.243009,-25.233199,QSO,0.18939544,1.7000,false
V4T007786,31.838947,-47.767825,BGS,1.09707077,0.4500,false
V4T007787,0.860696,-32.130860,LRG,0.21764866,1.0000,false
V4T007788,41.150227,-58.851673,LRG,0.20213339,1.0000,false
V4T007789,37.357496,-41.686142,ELG,0.94331755,1.0000,false
V4T007790,354.383868,-34.995740,QSO,0.11368824,1.7000,false
V4T007791,25.116107,-37.549526,LRG,0.33348787,1.0000,false
V4T007792,353.843956,-17.877969,ELG,0.36371444,1.0000,false
V4T007793,355.783286,-27.831054,BGS,1.34080186,0.4500,false
V4T007794,340.112654,-31.622472,LRG,0.22944999,1.0000,true
V4T007795,52.537909,-49.313611,ELG,0.61303271,1.0000,false
V4T007796,41.394369,-49.539188,BGS,0.98727966,0.4500,false
V4T007797,41.246112,-55.587728,ELG,0.42931529,1.0000,false
V4T007798,23.868641,-44.968832,QSO,0.29961849,1.7000,false
V4T007799,346.562786,-36.675656,BGS,1.65887245,0.4500,false
V4T007800,354.225304,-35.470757,ELG,0.51866752,1.0000,false
V4T007801,46.098075,-38.512453,ELG,0.36277233,1.0000,false
V4T007802,1.588463,-22.428783,ELG,0.65163135,1.0000,false
V4T007803,34.315405,-40.742202,BGS,0.97609185,0.4500,false
V4T007804,335.913262,-27.189982,LRG,0.30882489,1.0000,false
V4T007805,351.705916,-23.700249,ELG,0.27857887,1.0000,false
V4T007806,39.441015,-51.502408,ELG,0.87465347,1.0000,false
V4T007807,29.924441,-50.189125,QSO,0.11727689,1.7000,false
V4T007808,22.204886,-56.602331,ELG,1.00585522,1.0000,false
V4T007809,34.610029,-52.908553,LRG,0.37224372,1.0000,false
V4T007810,32.093291,-47.023713,BGS,1.86407293,0.4500,false
V4T007811,345.532984,-27.898215,ELG,0.60596195,1.0000,false
V4T007812,39.504306,-34.690738,ELG,0.26939306,1.0000,false
V4T007813,344.446868,-20.321364,QSO,0.07936660,1.7000,false
V4T007814,26.797183,-57.039435,ELG,0.69902350,1.0000,false
V4T007815,357.899306,-24.065715,ELG,0.44969852,1.0000,false
V4T007816,354.398645,-37.159201,LRG,0.27338704,1.0000,false
V4T007817,32.203263,-36.187716,BGS,1.13527982,0.4500,false
V4T007818,343.965060,-29.313514,ELG,0.56537500,1.0000,false
V4T007819,21.699748,-54.290045,ELG,0.91036489,1.0000,false
V4T007820,15.567952,-48.436011,ELG,0.55143972,1.0000,false
V4T007821,339.107647,-19.948652,LRG,0.35143641,1.0000,false
V4T007822,41.761202,-50.494170,QSO,0.32300115,1.7000,false
V4T007823,42.758536,-52.726863,QSO,0.10687218,1.7000,true
V4T007824,29.067869,-41.177768,ELG,0.51731052,1.0000,false
V4T007825,344.497156,-23.241956,ELG,0.59685429,1.0000,false
V4T007826,350.737832,-24.445311,ELG,0.81766746,1.0000,false
V4T007827,336.666534,-32.650941,BGS,1.11050190,0.4500,false
V4T007828,26.343188,-37.412282,LRG,0.38043291,1.0000,false
V4T007829,334.870818,-28.709079,BGS,1.45644556,0.4500,false
V4T007830,342.458042,-34.568061,QSO,0.24180151,1.7000,false
V4T007831,348.884307,-18.094509,ELG,0.74125062,1.0000,false
V4T007832,359.017715,-19.273111,Star,3.35314212,0.3000,false
V4T007833,33.883227,-51.602525,BGS,1.08444148,0.4500,false
V4T007834,25.975245,-42.326079,BGS,1.33910298,0.4500,false
V4T007835,354.582547,-35.311625,LRG,0.32717356,1.0000,false
V4T007836,348.003425,-28.298587,Star,4.50267461,0.3000,false
V4T007837,357.469696,-33.087682,QSO,0.21914136,1.7000,false
V4T007838,356.672711,-32.772780,LRG,0.23324041,1.0000,false
V4T007839,340.852927,-40.964192,BGS,1.12944905,0.4500,false
V4T007840,27.698737,-45.968097,LRG,0.57209155,1.0000,false
V4T007841,343.601186,-25.249781,ELG,0.55295140,1.0000,false
V4T007842,23.687191,-52.425490,LRG,0.40038123,1.0000,true
V4T007843,352.082566,-20.576976,QSO,0.44129954,1.7000,false
V4T007844,52.604543,-50.761774,QSO,0.15662161,1.7000,false
V4T007845,344.569162,-36.453849,QSO,0.12692148,1.7000,false
V4T007846,337.862583,-21.449904,QSO,0.13183289,1.7000,false
V4T007847,347.131485,-30.237372,LRG,0.17661910,1.0000,false
V4T007848,19.013906,-53.629763,QSO,0.12635009,1.7000,false
V4T007849,0.475879,-24.252046,QSO,0.12027741,1.7000,false
V4T007850,354.747669,-17.081755,ELG,0.47230341,1.0000,false
V4T007851,359.916322,-35.867637,ELG,0.77488129,1.0000,false
V4T007852,19.796835,-46.586212,BGS,1.64563876,0.4500,false
V4T007853,47.354328,-42.208724,ELG,0.51085081,1.0000,false
V4T007854,333.162660,-28.129704,LRG,0.28423900,1.0000,false
V4T007855,345.981803,-37.340773,LRG,0.63321561,1.0000,false
V4T007856,25.688976,-40.311973,QSO,0.29734563,1.7000,false
V4T007857,353.163056,-22.233526,BGS,1.66547325,0.4500,false
V4T007858,18.837656,-50.048435,ELG,0.61835481,1.0000,false
V4T007859,32.874012,-48.388228,BGS,1.86931170,0.4500,false
V4T007860,39.396317,-45.624935,ELG,0.47484997,1.0000,false
V4T007861,349.463753,-25.760174,ELG,0.75859238,1.0000,false
V4T007862,340.566935,-38.306320,Star,3.73613833,0.3000,true
V4T007863,31.789040,-59.250117,ELG,0.86845566,1.0000,false
V4T007864,24.170098,-41.424830,ELG,0.49459976,1.0000,false
V4T007865,22.201580,-42.061143,QSO,0.16283298,1.7000,false
V4T007866,1.241348,-22.378191,LRG,0.34647681,1.0000,false
V4T007867,353.621283,-35.860932,BGS,0.76226318,0.4500,false
V4T007868,348.315414,-28.264173,BGS,0.99446612,0.4500,false
V4T007869,344.517968,-40.579613,BGS,1.29334875,0.4500,false
V4T007870,344.063072,-27.046979,Star,4.28884187,0.3000,false
V4T007871,341.390751,-41.859336,BGS,1.04352240,0.4500,false
V4T007872,53.389172,-51.498606,LRG,0.21009165,1.0000,false
V4T007873,20.323236,-52.799277,Star,3.95466367,0.3000,false
V4T007874,339.261202,-29.959998,LRG,0.20368132,1.0000,false
V4T007875,356.193117,-32.419827,BGS,1.00098031,0.4500,false
V4T007876,341.401082,-20.847715,QSO,0.32151945,1.7000,false
V4T007877,19.274514,-49.289639,BGS,1.19096054,0.4500,false
V4T007878,27.399247,-44.033502,QSO,0.22234385,1.7000,false
V4T007879,32.201035,-47.797607,Star,2.58872747,0.3000,false
V4T007880,39.396861,-47.763939,QSO,0.27186488,1.7000,false
V4T007881,45.528129,-38.842024,ELG,0.50277222,1.0000,true
V4T007882,338.601612,-18.676780,QSO,0.12629677,1.7000,false
V4T007883,343.044043,-29.785476,LRG,0.43380091,1.0000,false
V4T007884,354.472548,-16.320225,Star,2.97008643,0.3000,false
V4T007885,48.625507,-44.606670,ELG,1.18409479,1.0000,true
V4T007886,344.146418,-40.935823,QSO,0.47655226,1.7000,false
V4T007887,352.760821,-26.926215,ELG,0.64045385,1.0000,false
V4T007888,348.062799,-41.010178,QSO,0.09654067,1.7000,false
V4T007889,39.962853,-50.133940,QSO,0.12990581,1.7000,true
V4T007890,347.187096,-34.116943,ELG,0.38996606,1.0000,false
V4T007891,30.395061,-58.526483,Star,4.64074338,0.3000,false
V4T007892,347.734773,-40.284000,QSO,0.16720186,1.7000,false
V4T007893,25.006473,-43.931039,LRG,0.48904878,1.0000,false
V4T007894,339.445698,-22.614159,LRG,0.22623252,1.0000,false
V4T007895,351.338278,-24.887796,BGS,1.64338940,0.4500,false
V4T007896,333.094828,-32.940841,ELG,0.57341137,1.0000,false
V4T007897,343.693032,-39.087281,BGS,1.25606915,0.4500,false
V4T007898,31.201049,-49.389111,BGS,1.30454190,0.4500,false
V4T007899,49.085771,-54.155393,ELG,0.74615558,1.0000,false
V4T007900,338.095525,-24.068240,BGS,1.48503451,0.4500,false
V4T007901,42.076836,-53.097398,BGS,1.06736664,0.4500,false
V4T007902,345.709459,-38.726770,ELG,0.64773425,1.0000,false
V4T007903,52.360872,-46.581184,ELG,0.63916421,1.0000,false
V4T007904,338.177839,-23.699462,ELG,0.50904090,1.0000,false
V4T007905,36.879992,-57.172843,BGS,2.24707720,0.4500,false
V4T007906,38.882965,-49.041350,ELG,0.91370196,1.0000,false
V4T007907,30.264031,-49.026191,QSO,0.11990161,1.7000,false
V4T007908,32.144474,-58.014429,QSO,0.18629611,1.7000,false
V4T007909,354.571410,-16.189903,BGS,0.88276746,0.4500,false
V4T007910,28.503460,-46.743367,Star,2.52200625,0.3000,false
V4T007911,343.193551,-30.094804,QSO,0.14298593,1.7000,false
V4T007912,340.116284,-37.618126,ELG,0.41505805,1.0000,false
V4T007913,343.785301,-17.554992,LRG,0.24487776,1.0000,false
V4T007914,333.055810,-27.747201,Star,4.60998346,0.3000,false
V4T007915,30.050391,-35.328842,BGS,1.00629549,0.4500,false
V4T007916,37.292968,-52.015173,ELG,0.46234213,1.0000,false
V4T007917,348.373289,-41.057281,ELG,0.94165291,1.0000,false
V4T007918,340.655679,-21.837718,ELG,0.61639771,1.0000,false
V4T007919,350.722530,-32.759697,ELG,0.44757783,1.0000,false
V4T007920,344.717667,-41.291450,LRG,0.43085437,1.0000,false
V4T007921,356.334240,-33.157896,QSO,0.09680890,1.7000,false
V4T007922,351.757416,-25.515852,ELG,0.49508308,1.0000,false
V4T007923,355.271295,-32.965281,ELG,0.70427672,1.0000,false
V4T007924,346.635516,-37.383475,BGS,1.26529697,0.4500,false
V4T007925,343.530391,-23.246851,ELG,0.51824815,1.0000,false
V4T007926,352.065086,-14.349187,LRG,0.32788949,1.0000,false
V4T007927,352.023691,-40.902039,QSO,0.16154380,1.7000,false
V4T007928,353.597204,-14.484185,ELG,0.54993033,1.0000,false
V4T007929,36.327652,-48.608202,LRG,0.46870353,1.0000,false
V4T007930,344.827839,-27.356150,QSO,0.16041466,1.7000,false
V4T007931,19.341099,-55.757703,BGS,0.81561526,0.4500,false
V4T007932,359.304132,-34.660228,ELG,0.62325718,1.0000,false
V4T007933,359.971846,-33.859981,ELG,0.30057585,1.0000,false
V4T007934,51.455680,-49.433687,ELG,0.77910041,1.0000,false
V4T007935,32.722170,-48.952179,ELG,0.38242090,1.0000,false
V4T007936,21.845459,-53.131933,ELG,0.65280241,1.0000,false
V4T007937,29.735556,-35.432820,Star,2.35417718,0.3000,true
V4T007938,32.718398,-39.353707,ELG,0.50863645,1.0000,false
V4T007939,27.818460,-50.447965,BGS,1.91591178,0.4500,true
V4T007940,28.994600,-50.892652,Star,3.39863056,0.3000,false
V4T007941,347.777140,-16.674173,QSO,0.20963339,1.7000,false
V4T007942,25.591965,-56.625080,ELG,0.84646197,1.0000,false
V4T007943,346.163771,-35.733625,ELG,0.35537377,1.0000,false
V4T007944,25.423882,-42.560689,BGS,0.83442292,0.4500,false
V4T007945,344.926275,-27.328972,ELG,0.82029968,1.0000,false
V4T007946,26.721420,-41.422066,LRG,0.51552705,1.0000,false
V4T007947,356.450053,-19.205494,BGS,1.43024207,0.4500,false
V4T007948,34.512874,-45.888947,ELG,0.26983947,1.0000,false
V4T007949,350.506732,-24.632303,LRG,0.20286900,1.0000,false
V4T007950,350.938833,-19.183129,Star,3.58377952,0.3000,false
V4T007951,16.883032,-44.492865,BGS,1.34354874,0.4500,false
V4T007952,358.422194,-31.409587,Star,2.80437449,0.3000,false
V4T007953,343.400879,-35.134136,BGS,1.10399351,0.4500,false
V4T007954,355.138803,-25.685162,BGS,1.06586104,0.4500,false
V4T007955,340.555779,-41.301844,ELG,0.39650057,1.0000,false
V4T007956,343.362655,-30.727023,LRG,0.34835820,1.0000,false
V4T007957,353.432713,-35.575196,LRG,0.44169591,1.0000,false
V4T007958,345.799586,-31.170882,LRG,0.39659108,1.0000,false
V4T007959,347.924637,-21.639091,LRG,0.48570955,1.0000,false
V4T007960,42.530365,-40.797017,ELG,0.76863465,1.0000,false
V4T007961,351.250268,-24.581959,QSO,0.13099705,1.7000,false
V4T007962,355.700573,-31.181849,LRG,0.36678024,1.0000,false
V4T007963,353.390275,-37.252478,ELG,0.81602656,1.0000,false
V4T007964,344.978319,-37.419095,ELG,0.45291150,1.0000,false
V4T007965,342.125141,-14.921237,QSO,0.21241609,1.7000,false
V4T007966,354.985504,-16.762812,LRG,0.38092670,1.0000,false
V4T007967,44.700006,-53.900285,QSO,0.17139737,1.7000,false
V4T007968,0.994623,-27.701734,ELG,0.48758712,1.0000,true
V4T007969,347.111349,-34.430176,ELG,0.53121452,1.0000,false
V4T007970,353.261122,-14.424218,BGS,1.08166201,0.4500,false
V4T007971,21.017512,-50.929205,LRG,0.27935560,1.0000,false
V4T007972,345.158353,-28.519056,BGS,0.75794060,0.4500,false
V4T007973,353.402385,-18.968249,QSO,0.09941544,1.7000,false
V4T007974,34.248087,-41.199365,BGS,1.44548924,0.4500,false
V4T007975,39.640216,-40.804116,BGS,1.00565206,0.4500,false
V4T007976,1.639159,-29.814737,BGS,1.76051887,0.4500,false
V4T007977,31.453509,-43.023645,Star,2.63535537,0.3000,false
V4T007978,19.930691,-42.866916,LRG,0.44792514,1.0000,false
V4T007979,25.947024,-51.778926,ELG,0.58914590,1.0000,false
V4T007980,41.591321,-59.017483,LRG,0.24602747,1.0000,false
V4T007981,34.467205,-51.475759,LRG,0.41981030,1.0000,false
V4T007982,342.102123,-15.670849,ELG,0.42261717,1.0000,false
V4T007983,335.485072,-27.009319,BGS,0.91179430,0.4500,false
V4T007984,352.113787,-24.035279,BGS,1.48076971,0.4500,true
V4T007985,347.680645,-30.734117,ELG,0.49537885,1.0000,false
V4T007986,345.091630,-34.401547,LRG,0.34058001,1.0000,false
V4T007987,342.577357,-24.023970,BGS,0.79802349,0.4500,false
V4T007988,338.192900,-26.425676,QSO,0.22528283,1.7000,false
V4T007989,345.550732,-19.130796,BGS,1.36218409,0.4500,false
V4T007990,32.284145,-51.674569,LRG,0.50264805,1.0000,false
V4T007991,351.825180,-23.886718,ELG,0.45895149,1.0000,false
V4T007992,18.093728,-45.086647,QSO,0.50408144,1.7000,false
V4T007993,31.220472,-53.798823,LRG,0.20412564,1.0000,false
V4T007994,32.293777,-48.144366,LRG,0.18940825,1.0000,false
V4T007995,345.365857,-28.840723,QSO,0.19552892,1.7000,false
V4T007996,30.862315,-52.727261,ELG,0.73980040,1.0000,false
V4T007997,38.148703,-54.038840,ELG,0.59528787,1.0000,false
V4T007998,23.104350,-45.366188,LRG,0.36688275,1.0000,false
V4T007999,29.181333,-35.788928,BGS,1.55624765,0.4500,false
V4T008000,344.531558,-29.762737,ELG,0.31918131,1.0000,false
V4T008001,344.332572,-18.820763,Star,4.02492197,0.3000,false
V4T008002,345.331119,-30.607371,LRG,0.42499012,1.0000,false
V4T008003,342.914251,-29.329571,ELG,0.57873571,1.0000,false
V4T008004,46.412002,-50.486508,BGS,0.87363988,0.4500,false
V4T008005,33.408932,-48.450438,Star,4.00285036,0.3000,false
V4T008006,344.189522,-41.827917,LRG,0.41216899,1.0000,false
V4T008007,345.577157,-14.306100,LRG,0.50144377,1.0000,false
V4T008008,24.075645,-43.556885,BGS,1.34595622,0.4500,false
V4T008009,338.803847,-32.961066,LRG,0.36769717,1.0000,false
V4T008010,340.421000,-40.656615,QSO,0.18607443,1.7000,false
V4T008011,333.739365,-32.205874,ELG,0.58469525,1.0000,false
V4T008012,349.377795,-14.888088,LRG,0.46114924,1.0000,false
V4T008013,42.236357,-49.705684,ELG,0.18243134,1.0000,false
V4T008014,36.747650,-41.369493,ELG,0.47012392,1.0000,false
V4T008015,340.764642,-18.339863,BGS,1.18871332,0.4500,false
V4T008016,351.057575,-24.131223,ELG,0.43980421,1.0000,false
V4T008017,22.752400,-45.451989,ELG,1.14165228,1.0000,false
V4T008018,358.940520,-25.630832,ELG,0.47553491,1.0000,false
V4T008019,335.925019,-29.954451,LRG,0.26181648,1.0000,false
V4T008020,36.172246,-58.190816,BGS,1.05092085,0.4500,false
V4T008021,350.659393,-24.670995,LRG,0.35161395,1.0000,false
V4T008022,342.830828,-14.621063,LRG,0.29298871,1.0000,false
V4T008023,339.801004,-40.662222,Star,3.73550877,0.3000,false
V4T008024,346.265796,-35.747555,LRG,0.39890971,1.0000,false
V4T008025,33.123404,-48.549145,ELG,1.11399338,1.0000,false
V4T008026,29.253177,-38.070435,ELG,0.39167915,1.0000,false
V4T008027,33.640973,-53.915070,Star,3.52519993,0.3000,false
V4T008028,22.861146,-38.997256,QSO,0.22391313,1.7000,false
V4T008029,332.906251,-28.381730,LRG,0.38770113,1.0000,true
V4T008030,345.493543,-27.647412,QSO,0.10860876,1.7000,false
V4T008031,337.064850,-37.732309,BGS,1.66632953,0.4500,false
V4T008032,35.559034,-50.287591,LRG,0.42406318,1.0000,false
V4T008033,353.136642,-33.768250,BGS,1.40967670,0.4500,false
V4T008034,337.397632,-21.819412,ELG,0.99736606,1.0000,false
V4T008035,332.601418,-33.309460,ELG,0.29838120,1.0000,false
V4T008036,337.912055,-27.728508,ELG,0.41373346,1.0000,false
V4T008037,42.792222,-58.115428,ELG,1.10765625,1.0000,false
V4T008038,41.562387,-46.269902,ELG,0.21615730,1.0000,false
V4T008039,31.160076,-45.745289,ELG,0.67754486,1.0000,false
V4T008040,22.386513,-54.098283,QSO,0.15430614,1.7000,false
V4T008041,43.701944,-46.784731,QSO,0.08538350,1.7000,false
V4T008042,353.217619,-23.079575,ELG,0.68604995,1.0000,false
V4T008043,42.833113,-38.915776,Star,4.08958907,0.3000,false
V4T008044,343.569044,-15.310353,ELG,0.86608655,1.0000,false
V4T008045,37.197017,-37.723583,ELG,0.34515916,1.0000,false
V4T008046,40.356327,-37.404464,BGS,1.25927769,0.4500,false
V4T008047,338.639826,-19.880034,QSO,0.21776114,1.7000,false
V4T008048,346.518549,-34.985251,QSO,0.16530786,1.7000,false
V4T008049,19.341951,-47.685240,ELG,0.33921722,1.0000,false
V4T008050,40.806277,-46.781931,QSO,0.13408448,1.7000,false
V4T008051,33.448497,-46.501611,LRG,0.31572914,1.0000,false
V4T008052,38.809541,-50.315861,ELG,0.46596920,1.0000,false
V4T008053,31.723142,-47.741521,ELG,0.47166356,1.0000,false
V4T008054,337.331858,-23.980984,LRG,0.45969127,1.0000,false
V4T008055,345.561183,-28.093339,BGS,0.80834760,0.4500,false
V4T008056,29.438791,-54.940895,BGS,0.86308276,0.4500,false
V4T008057,48.422593,-41.629055,BGS,1.25990255,0.4500,false
V4T008058,21.924274,-55.761642,ELG,0.49551475,1.0000,false
V4T008059,48.419245,-41.917085,BGS,0.70947775,0.4500,false
V4T008060,354.750375,-39.532983,LRG,0.32594648,1.0000,false
V4T008061,44.130262,-46.368929,BGS,1.26288665,0.4500,false
V4T008062,342.329270,-29.266522,ELG,0.34869111,1.0000,false
V4T008063,343.660199,-30.643928,ELG,0.33294691,1.0000,false
V4T008064,45.290976,-49.173363,ELG,1.45852571,1.0000,false
V4T008065,47.116550,-40.979522,QSO,0.15291359,1.7000,false
V4T008066,40.647064,-50.422359,LRG,0.48578129,1.0000,false
V4T008067,29.642542,-37.852410,ELG,0.66037969,1.0000,false
V4T008068,34.749592,-51.516041,BGS,1.26205265,0.4500,false
V4T008069,346.140059,-27.036833,QSO,0.18615073,1.7000,false
V4T008070,40.500729,-51.052082,BGS,1.10146892,0.4500,false
V4T008071,1.982462,-27.415420,BGS,1.12242651,0.4500,false
V4T008072,344.506601,-21.022209,BGS,0.83201264,0.4500,false
V4T008073,344.809785,-27.504638,ELG,0.74099540,1.0000,false
V4T008074,351.563398,-24.916655,ELG,0.53309331,1.0000,false
V4T008075,27.694981,-44.568949,BGS,1.65049102,0.4500,false
V4T008076,345.649025,-35.826222,LRG,0.52466291,1.0000,false
V4T008077,31.856278,-39.800942,LRG,0.65091148,1.0000,false
V4T008078,342.879700,-30.052122,BGS,1.81232396,0.4500,false
V4T008079,41.612362,-59.179078,ELG,0.34774261,1.0000,false
V4T008080,0.962364,-34.762193,ELG,0.64602551,1.0000,false
V4T008081,41.001099,-49.784221,QSO,0.17958862,1.7000,false
V4T008082,15.026404,-50.577228,BGS,2.02876120,0.4500,false
V4T008083,39.402103,-46.003284,BGS,1.12157968,0.4500,false
V4T008084,352.166532,-24.285442,BGS,1.10705395,0.4500,false
V4T008085,15.715991,-48.678013,ELG,0.80164129,1.0000,false
V4T008086,33.532317,-48.236767,ELG,0.39516218,1.0000,false
V4T008087,40.386120,-59.185246,QSO,0.03484574,1.7000,false
V4T008088,342.973148,-26.193357,ELG,0.62973078,1.0000,false
V4T008089,42.952175,-46.519725,QSO,0.23681271,1.7000,false
V4T008090,33.390542,-49.661249,BGS,1.78417457,0.4500,false
V4T008091,18.943960,-50.723924,ELG,0.48812269,1.0000,false
V4T008092,17.713013,-44.411516,LRG,0.44298227,1.0000,false
V4T008093,22.490593,-51.291331,LRG,0.21842354,1.0000,false
V4T008094,31.047068,-52.755802,ELG,0.39214775,1.0000,false
V4T008095,354.436603,-33.885524,ELG,0.90904431,1.0000,false
V4T008096,15.935029,-45.469342,QSO,0.37497937,1.7000,false
V4T008097,348.412973,-28.578614,LRG,0.26055010,1.0000,false
V4T008098,346.241548,-34.597362,ELG,0.50513480,1.0000,false
V4T008099,346.316842,-34.216821,QSO,0.22956406,1.7000,false
V4T008100,0.441331,-23.621861,ELG,0.53611278,1.0000,true
V4T008101,32.384989,-48.064519,QSO,0.40325681,1.7000,false
V4T008102,42.151836,-46.456052,QSO,0.20900449,1.7000,false
V4T008103,348.533968,-29.763836,BGS,1.23476148,0.4500,false
V4T008104,346.722816,-35.205368,Star,3.69757356,0.3000,false
V4T008105,334.707023,-29.432019,ELG,0.48368614,1.0000,false
V4T008106,341.263941,-34.642442,ELG,0.65554334,1.0000,false
V4T008107,20.533251,-48.124802,BGS,1.53088463,0.4500,false
V4T008108,344.314484,-27.209372,BGS,0.84827708,0.4500,false
V4T008109,34.236457,-53.585084,ELG,0.96463540,1.0000,false
V4T008110,22.645026,-45.770219,QSO,0.25817593,1.7000,false
V4T008111,358.687046,-35.780546,LRG,0.29323000,1.0000,false
V4T008112,346.258061,-34.023500,Star,2.78402786,0.3000,false
V4T008113,28.365967,-58.393459,QSO,0.18783977,1.7000,false
V4T008114,359.987944,-22.439391,QSO,0.17912740,1.7000,false
V4T008115,354.499573,-38.577162,Star,3.61459190,0.3000,false
V4T008116,345.588517,-15.254574,Star,3.13119237,0.3000,false
V4T008117,2.181827,-24.454146,LRG,0.20502432,1.0000,true
V4T008118,350.435415,-32.716990,ELG,0.39963875,1.0000,false
V4T008119,352.910433,-21.243184,LRG,0.46769178,1.0000,false
V4T008120,344.914096,-27.860060,LRG,0.53639498,1.0000,false
V4T008121,32.799000,-54.763789,ELG,0.43446364,1.0000,false
V4T008122,349.079074,-28.642884,ELG,0.38339234,1.0000,false
V4T008123,49.784051,-45.609067,LRG,0.45318440,1.0000,false
V4T008124,52.155645,-54.122721,ELG,0.65835359,1.0000,false
V4T008125,339.114597,-20.457204,ELG,0.52242431,1.0000,false
V4T008126,33.335679,-47.466795,QSO,0.10034518,1.7000,false
V4T008127,40.007532,-43.459499,QSO,0.33434721,1.7000,false
V4T008128,28.586724,-42.041525,Star,3.65900881,0.3000,false
V4T008129,352.497349,-34.326846,LRG,0.22308721,1.0000,false
V4T008130,343.778867,-20.924316,QSO,0.24452591,1.7000,false
V4T008131,346.280266,-34.323045,Star,3.65660667,0.3000,false
V4T008132,341.532231,-15.129538,ELG,0.34715214,1.0000,false
V4T008133,43.148932,-56.126632,ELG,0.77993233,1.0000,false
V4T008134,341.224454,-19.134722,BGS,1.26205052,0.4500,false
V4T008135,355.526060,-22.589716,ELG,0.53460456,1.0000,false
V4T008136,48.137636,-42.751073,QSO,0.56188101,1.7000,false
V4T008137,347.101841,-33.140913,LRG,0.36753679,1.0000,false
V4T008138,343.594333,-28.828532,ELG,0.64532879,1.0000,false
V4T008139,19.638381,-42.672880,BGS,0.99432186,0.4500,false
V4T008140,45.858186,-52.174154,BGS,1.18906765,0.4500,false
V4T008141,17.396530,-44.874399,ELG,0.60545452,1.0000,false
V4T008142,340.059271,-24.659820,QSO,0.22173869,1.7000,false
V4T008143,346.297761,-35.317021,ELG,0.66191461,1.0000,false
V4T008144,345.367748,-35.966192,ELG,0.30065070,1.0000,false
V4T008145,0.433945,-32.217370,Star,4.34262498,0.3000,false
V4T008146,346.157885,-34.146332,LRG,0.35395041,1.0000,false
V4T008147,32.954274,-48.485662,BGS,0.84066497,0.4500,false
V4T008148,25.454454,-39.545784,QSO,0.16924043,1.7000,false
V4T008149,342.283275,-15.665104,ELG,0.34664978,1.0000,true
V4T008150,39.128233,-51.236226,ELG,0.40725289,1.0000,false
V4T008151,343.311311,-29.344699,ELG,0.64979627,1.0000,false
V4T008152,348.157331,-14.703095,BGS,1.63563340,0.4500,false
V4T008153,29.545868,-51.069112,LRG,0.22030780,1.0000,false
V4T008154,32.946734,-52.482357,BGS,1.30809538,0.4500,false
V4T008155,339.000798,-36.469416,ELG,0.64245101,1.0000,true
V4T008156,27.186817,-45.496352,Star,3.98069348,0.3000,false
V4T008157,349.641918,-34.299749,LRG,0.41508582,1.0000,false
V4T008158,34.977657,-50.580753,Star,5.94970979,0.3000,false
V4T008159,34.944404,-42.991495,ELG,0.62656949,1.0000,false
V4T008160,344.270613,-14.078650,ELG,0.43066667,1.0000,true
V4T008161,359.496339,-31.336577,BGS,1.04107682,0.4500,false
V4T008162,354.443314,-25.533310,LRG,0.42019865,1.0000,false
V4T008163,341.605119,-39.625477,ELG,0.32018335,1.0000,false
V4T008164,346.241832,-34.393977,ELG,0.36698861,1.0000,false
V4T008165,355.438602,-21.081172,BGS,0.91496731,0.4500,false
V4T008166,351.509458,-36.144676,Star,3.42089919,0.3000,false
V4T008167,346.903794,-34.156283,ELG,1.03395424,1.0000,false
V4T008168,37.533053,-51.972677,BGS,2.44466434,0.4500,false
V4T008169,35.322996,-57.504989,ELG,0.27538532,1.0000,false
V4T008170,47.883932,-42.284001,BGS,1.28407256,0.4500,false
V4T008171,346.143252,-22.008046,QSO,0.11548905,1.7000,false
V4T008172,17.116725,-46.022846,Star,3.96701584,0.3000,false
V4T008173,340.161558,-25.618305,BGS,1.02000007,0.4500,false
V4T008174,32.758783,-38.998409,ELG,0.20035897,1.0000,false
V4T008175,344.804303,-17.984900,QSO,0.21419763,1.7000,false
V4T008176,349.536221,-17.893241,BGS,1.95696723,0.4500,false
V4T008177,350.854906,-42.235236,BGS,1.63052346,0.4500,false
V4T008178,347.443696,-35.266569,LRG,0.37335155,1.0000,false
V4T008179,40.705692,-49.446116,QSO,0.42259469,1.7000,false
V4T008180,337.463588,-19.038239,QSO,0.19720235,1.7000,false
V4T008181,2.087851,-31.538412,BGS,1.50300315,0.4500,false
V4T008182,355.667012,-22.374055,QSO,0.07395122,1.7000,false
V4T008183,40.625107,-58.908116,BGS,1.25862913,0.4500,false
V4T008184,347.191400,-15.399356,Star,5.33008743,0.3000,false
V4T008185,33.523967,-48.837817,BGS,1.07722556,0.4500,false
V4T008186,27.643992,-48.879706,ELG,0.49749983,1.0000,false
V4T008187,344.652566,-14.760631,ELG,1.15192826,1.0000,true
V4T008188,354.246791,-20.305628,ELG,0.56745517,1.0000,false
V4T008189,355.614288,-20.266930,Star,4.05244480,0.3000,false
V4T008190,30.272699,-48.849926,ELG,0.89998973,1.0000,false
V4T008191,354.159020,-28.378803,QSO,0.11874021,1.7000,false
V4T008192,348.159886,-18.004020,LRG,0.62014015,1.0000,false
V4T008193,350.747114,-25.162068,BGS,2.40565654,0.4500,false
V4T008194,342.761488,-29.748308,LRG,0.55500633,1.0000,false
V4T008195,21.668875,-40.081856,Star,2.94081984,0.3000,false
V4T008196,351.182307,-40.663184,ELG,0.43906012,1.0000,false
V4T008197,345.861284,-17.646878,Star,3.99942243,0.3000,true
V4T008198,40.892154,-35.521806,LRG,0.46359468,1.0000,false
V4T008199,338.291640,-36.774713,QSO,0.23977064,1.7000,false
V4T008200,48.286587,-42.413978,LRG,0.29056774,1.0000,false
V4T008201,23.129566,-51.484435,BGS,1.84359041,0.4500,false
V4T008202,343.081977,-24.438697,ELG,0.95954661,1.0000,false
V4T008203,343.639968,-22.050583,ELG,0.68796348,1.0000,false
V4T008204,337.012157,-29.213205,Star,3.92306867,0.3000,false
V4T008205,40.094280,-50.475645,LRG,0.60688879,1.0000,false
V4T008206,346.724433,-13.342790,Star,2.42590183,0.3000,false
V4T008207,42.242033,-53.739467,ELG,0.58917741,1.0000,false
V4T008208,19.346400,-51.781328,ELG,0.53485197,1.0000,false
V4T008209,344.029944,-15.677757,QSO,0.18450058,1.7000,false
V4T008210,342.920475,-30.231843,Star,5.42182349,0.3000,false
V4T008211,349.616472,-23.162440,BGS,1.23671657,0.4500,false
V4T008212,346.490981,-34.748730,BGS,0.97693202,0.4500,false
V4T008213,32.763492,-38.369954,LRG,0.34808925,1.0000,true
V4T008214,40.673663,-58.080909,LRG,0.31711464,1.0000,false
V4T008215,38.545526,-58.463526,ELG,0.57402583,1.0000,true
V4T008216,344.851401,-20.379140,ELG,0.32046638,1.0000,false
V4T008217,357.209851,-16.054872,ELG,0.68510531,1.0000,false
V4T008218,33.047620,-48.172544,ELG,0.33492473,1.0000,false
V4T008219,32.740446,-48.758711,ELG,0.36005263,1.0000,false
V4T008220,334.513500,-30.701232,LRG,0.31175289,1.0000,false
V4T008221,0.584180,-27.608178,ELG,0.66853062,1.0000,false
V4T008222,39.701531,-58.228441,ELG,0.56685084,1.0000,false
V4T008223,28.275990,-54.873762,LRG,0.43697191,1.0000,false
V4T008224,350.954745,-24.749914,ELG,0.32229794,1.0000,false
V4T008225,349.925499,-39.457461,BGS,1.53722197,0.4500,false
V4T008226,29.873378,-42.121249,LRG,0.28107821,1.0000,false
V4T008227,353.543833,-15.574369,LRG,0.56027294,1.0000,false
V4T008228,27.569656,-39.467603,BGS,1.03391423,0.4500,false
V4T008229,349.276269,-18.076926,Star,2.52292692,0.3000,false
V4T008230,353.592770,-33.790900,BGS,1.27208112,0.4500,false
V4T008231,40.906370,-58.826075,ELG,0.36205358,1.0000,false
V4T008232,352.125799,-25.351865,BGS,1.15418550,0.4500,false
V4T008233,353.173875,-36.446719,LRG,0.41408238,1.0000,false
V4T008234,358.160086,-24.674307,BGS,1.29571527,0.4500,false
V4T008235,343.779235,-22.371920,ELG,0.37228830,1.0000,false
V4T008236,41.034283,-57.682622,BGS,0.94145869,0.4500,false
V4T008237,357.081037,-18.887662,LRG,0.27479783,1.0000,false
V4T008238,346.304471,-33.867372,QSO,0.32051831,1.7000,false
V4T008239,354.028191,-17.318178,ELG,0.37728637,1.0000,false
V4T008240,49.183768,-43.547325,ELG,0.62062042,1.0000,false
V4T008241,344.904901,-17.882605,ELG,0.84539495,1.0000,false
V4T008242,347.920700,-40.219200,BGS,1.73872486,0.4500,false
V4T008243,350.021916,-14.845601,ELG,0.62893932,1.0000,false
V4T008244,48.356737,-41.070788,ELG,0.39020219,1.0000,false
V4T008245,352.217094,-19.676309,QSO,0.28557001,1.7000,false
V4T008246,356.386665,-21.030240,ELG,0.54813578,1.0000,false
V4T008247,32.173029,-56.387966,ELG,0.74613751,1.0000,false
V4T008248,24.188025,-55.882481,ELG,0.54291112,1.0000,false
V4T008249,351.888324,-41.049286,ELG,0.41941142,1.0000,false
V4T008250,25.930940,-42.868733,ELG,0.49708050,1.0000,false
V4T008251,337.896192,-26.952778,BGS,1.11468838,0.4500,false
V4T008252,23.669099,-44.570597,QSO,0.10550109,1.7000,false
V4T008253,48.315311,-42.079704,LRG,0.31918375,1.0000,false
V4T008254,346.599543,-35.607139,LRG,0.25806312,1.0000,false
V4T008255,36.501958,-39.025731,ELG,0.35211643,1.0000,false
V4T008256,344.006628,-30.283537,QSO,0.07389657,1.7000,false
V4T008257,29.111723,-38.048213,LRG,0.24551246,1.0000,false
V4T008258,342.181172,-33.072684,ELG,0.86961930,1.0000,false
V4T008259,30.558981,-56.314805,ELG,1.10446608,1.0000,false
V4T008260,356.249765,-35.857310,QSO,0.17809732,1.7000,false
V4T008261,42.041987,-38.167112,LRG,0.39968994,1.0000,false
V4T008262,46.275717,-41.398890,QSO,0.19305560,1.7000,false
V4T008263,343.307633,-30.805259,ELG,0.69615143,1.0000,false
V4T008264,26.621261,-36.981871,QSO,0.10321491,1.7000,false
V4T008265,21.458842,-47.262061,BGS,1.21723015,0.4500,false
V4T008266,343.177876,-30.256384,LRG,0.35673988,1.0000,true
V4T008267,342.734565,-29.896386,BGS,1.07286874,0.4500,false
V4T008268,24.576543,-42.252760,BGS,1.27736473,0.4500,false
V4T008269,351.608708,-34.823901,Star,3.17882419,0.3000,false
V4T008270,33.774636,-49.225865,QSO,0.18352701,1.7000,true
V4T008271,350.718199,-41.908289,LRG,0.32960730,1.0000,false
V4T008272,333.699639,-32.353975,QSO,0.20158418,1.7000,false
V4T008273,40.904384,-50.033387,BGS,0.78460666,0.4500,false
V4T008274,25.628840,-50.649118,ELG,0.54078501,1.0000,false
V4T008275,346.285062,-34.119297,QSO,0.34766151,1.7000,false
V4T008276,48.305290,-41.055813,LRG,0.59221793,1.0000,true
V4T008277,354.181902,-19.975249,ELG,1.45071933,1.0000,false
V4T008278,351.326554,-13.934194,ELG,0.41828831,1.0000,false
V4T008279,351.409798,-24.516684,BGS,1.31107264,0.4500,false
V4T008280,35.422826,-39.331372,QSO,0.51324006,1.7000,false
V4T008281,341.737857,-16.302672,ELG,0.42513410,1.0000,false
V4T008282,348.927900,-14.677238,ELG,0.54910890,1.0000,false
V4T008283,344.924416,-17.831562,ELG,0.54769050,1.0000,false
V4T008284,351.519705,-24.271582,QSO,0.14545182,1.7000,false
V4T008285,334.977298,-28.776117,ELG,0.69085346,1.0000,false
V4T008286,24.081607,-44.320087,ELG,0.84526735,1.0000,true
V4T008287,17.987223,-45.467040,ELG,0.62070747,1.0000,false
V4T008288,33.023693,-49.021507,BGS,2.57000347,0.4500,false
V4T008289,39.750186,-39.333845,Star,5.75967126,0.3000,false
V4T008290,36.524490,-39.409381,LRG,0.27175038,1.0000,false
V4T008291,29.399587,-50.074949,QSO,0.66120979,1.7000,false
V4T008292,36.462123,-37.727877,QSO,0.15241654,1.7000,false
V4T008293,349.466675,-27.905679,ELG,0.63906385,1.0000,false
V4T008294,27.382592,-56.166155,LRG,0.29677171,1.0000,false
V4T008295,29.919005,-50.475532,ELG,0.36215913,1.0000,false
V4T008296,349.099648,-34.562384,Star,3.49119440,0.3000,false
V4T008297,351.136093,-36.919015,BGS,2.08034198,0.4500,false
V4T008298,342.279213,-20.612904,BGS,1.84729689,0.4500,false
V4T008299,345.066249,-16.544821,LRG,0.69533733,1.0000,false
V4T008300,344.651096,-17.956367,ELG,0.50020371,1.0000,false
V4T008301,31.677921,-53.619859,QSO,0.09990140,1.7000,true
V4T008302,1.051931,-21.761919,ELG,0.89548172,1.0000,false
V4T008303,355.544534,-16.346993,Star,3.91851461,0.3000,false
V4T008304,18.989560,-44.226693,BGS,1.27743279,0.4500,false
V4T008305,356.043187,-29.246022,BGS,1.09211790,0.4500,false
V4T008306,338.382541,-37.748118,ELG,0.24951409,1.0000,false
V4T008307,345.355569,-16.700713,LRG,0.28707950,1.0000,false
V4T008308,23.915202,-51.628560,ELG,0.43717781,1.0000,false
V4T008309,48.022648,-42.429206,BGS,1.53548520,0.4500,false
V4T008310,334.367028,-32.606388,QSO,0.34617420,1.7000,false
V4T008311,29.151482,-41.932267,ELG,0.91875894,1.0000,false
V4T008312,345.805889,-38.840270,Star,7.17594217,0.3000,false
V4T008313,338.077953,-23.591927,BGS,1.53255602,0.4500,false
V4T008314,41.379932,-49.914537,BGS,1.35773601,0.4500,false
V4T008315,351.001392,-23.872283,BGS,1.24688616,0.4500,false
V4T008316,41.132328,-50.218314,ELG,0.29892263,1.0000,false
V4T008317,40.263104,-58.477003,ELG,0.85585021,1.0000,false
V4T008318,48.639627,-42.504848,BGS,1.63436862,0.4500,false
V4T008319,25.410969,-41.092088,LRG,0.45094852,1.0000,false
V4T008320,357.628289,-35.332933,ELG,0.32467665,1.0000,false
V4T008321,31.784368,-54.930084,ELG,0.39943046,1.0000,false
V4T008322,28.214727,-43.072107,ELG,0.69415294,1.0000,false
V4T008323,350.150922,-25.623321,QSO,0.11971180,1.7000,false
V4T008324,32.785571,-49.041259,LRG,0.38285200,1.0000,false
V4T008325,342.638549,-30.038726,ELG,0.70054929,1.0000,false
V4T008326,0.946677,-26.604625,ELG,1.33244050,1.0000,false
V4T008327,355.243995,-30.682552,BGS,1.20027628,0.4500,false
V4T008328,41.598009,-49.833656,Star,4.32682432,0.3000,false
V4T008329,15.775519,-49.489975,ELG,0.49354931,1.0000,false
V4T008330,351.075488,-25.362598,BGS,1.80808327,0.4500,false
V4T008331,342.872861,-30.283813,LRG,0.33314030,1.0000,false
V4T008332,352.509674,-35.490823,QSO,0.23023827,1.7000,false
V4T008333,46.447226,-53.263731,LRG,0.21692230,1.0000,false
V4T008334,42.422071,-58.960665,BGS,0.93606024,0.4500,false
V4T008335,19.765852,-46.247735,Star,5.61647066,0.3000,false
V4T008336,353.006588,-26.251176,LRG,0.44162546,1.0000,false
V4T008337,41.884941,-46.866075,QSO,0.23396331,1.7000,false
V4T008338,357.073868,-32.966313,ELG,0.77803919,1.0000,false
V4T008339,343.841453,-27.584751,BGS,1.25938076,0.4500,false
V4T008340,40.729855,-54.531287,QSO,0.41196382,1.7000,false
V4T008341,353.818101,-36.280299,ELG,1.20374348,1.0000,false
V4T008342,356.295325,-19.169170,ELG,0.90756830,1.0000,false
V4T008343,353.510533,-35.560690,ELG,0.38629104,1.0000,false
V4T008344,347.020179,-34.207130,QSO,0.07383376,1.7000,false
V4T008345,350.750317,-39.272945,ELG,0.86050492,1.0000,false
V4T008346,0.407142,-24.291239,LRG,0.32374570,1.0000,false
V4T008347,346.523370,-22.074600,LRG,0.57291398,1.0000,false
V4T008348,334.381653,-28.262477,QSO,0.25501454,1.7000,false
V4T008349,354.471271,-37.320897,ELG,0.49629936,1.0000,false
V4T008350,351.483645,-14.195949,LRG,0.43143545,1.0000,false
V4T008351,351.070848,-24.562222,BGS,1.99666905,0.4500,false
V4T008352,340.215530,-39.916474,LRG,0.24621908,1.0000,false
V4T008353,34.337082,-57.049338,BGS,1.44844811,0.4500,false
V4T008354,16.722248,-49.774079,ELG,0.96855581,1.0000,false
V4T008355,42.678384,-38.038298,LRG,0.30310423,1.0000,false
V4T008356,354.237141,-36.745810,BGS,1.12506388,0.4500,false
V4T008357,344.251445,-25.018016,LRG,0.78579721,1.0000,false
V4T008358,51.282634,-45.375715,LRG,0.24967156,1.0000,false
V4T008359,358.155852,-34.904626,ELG,0.37757761,1.0000,false
V4T008360,39.695404,-46.636099,BGS,0.97560574,0.4500,true
V4T008361,352.943735,-18.441689,LRG,0.37324275,1.0000,false
V4T008362,348.919832,-34.437784,LRG,0.20154513,1.0000,false
V4T008363,343.759367,-30.296120,ELG,0.48568650,1.0000,false
V4T008364,43.439335,-43.966367,LRG,0.42311336,1.0000,false
V4T008365,51.796926,-48.048144,QSO,0.13591053,1.7000,false
V4T008366,343.965215,-17.369157,ELG,0.71098506,1.0000,false
V4T008367,45.867653,-45.079625,QSO,0.12117199,1.7000,false
V4T008368,17.193767,-44.908753,QSO,0.15609735,1.7000,false
V4T008369,345.131796,-17.927218,ELG,0.61145038,1.0000,false
V4T008370,0.364660,-26.950038,BGS,1.27727662,0.4500,false
V4T008371,344.992705,-41.776501,ELG,0.43214533,1.0000,false
V4T008372,350.380398,-23.054823,ELG,1.25171666,1.0000,false
V4T008373,344.690497,-27.217020,ELG,1.14573277,1.0000,false
V4T008374,353.364616,-36.071314,BGS,1.17297989,0.4500,false
V4T008375,19.250985,-44.737429,ELG,0.75213956,1.0000,false
V4T008376,31.993218,-40.298427,LRG,0.31591304,1.0000,false
V4T008377,359.903151,-25.876951,ELG,0.88622288,1.0000,false
V4T008378,343.970626,-16.709448,QSO,0.28215142,1.7000,false
V4T008379,0.599661,-23.293870,LRG,0.21521481,1.0000,false
V4T008380,30.019516,-39.994327,ELG,0.76940705,1.0000,false
V4T008381,32.825465,-48.720827,BGS,0.78550055,0.4500,false
V4T008382,351.993969,-23.658281,LRG,0.33456930,1.0000,false
V4T008383,41.023527,-58.668287,ELG,0.90424835,1.0000,false
V4T008384,337.995879,-20.951826,ELG,0.77411874,1.0000,false
V4T008385,352.748583,-36.363312,BGS,1.56167305,0.4500,false
V4T008386,338.791855,-30.908440,BGS,1.91656014,0.4500,false
V4T008387,21.934182,-43.772819,QSO,0.08327042,1.7000,false
V4T008388,49.527891,-41.989632,BGS,1.21689167,0.4500,true
V4T008389,346.101936,-35.494128,BGS,1.33530577,0.4500,false
V4T008390,342.229622,-33.861913,ELG,0.45910354,1.0000,false
V4T008391,346.807105,-17.687888,BGS,1.52821172,0.4500,false
V4T008392,26.966957,-56.838760,QSO,0.33421112,1.7000,false
V4T008393,39.982554,-51.286781,BGS,1.61419815,0.4500,false
V4T008394,352.879437,-35.137056,BGS,1.47122923,0.4500,false
V4T008395,22.100114,-48.316345,LRG,0.45442315,1.0000,false
V4T008396,350.726582,-13.844532,BGS,1.11538580,0.4500,false
V4T008397,31.419872,-57.588614,LRG,0.54182695,1.0000,true
V4T008398,333.948420,-35.184866,ELG,0.47471883,1.0000,false
V4T008399,41.948274,-49.647689,ELG,0.56452764,1.0000,false
V4T008400,35.634895,-36.475616,BGS,1.72854445,0.4500,false
V4T008401,353.511420,-34.293322,BGS,1.14935014,0.4500,false
V4T008402,49.284690,-55.790968,QSO,0.12627960,1.7000,false
V4T008403,337.619155,-36.671083,LRG,0.53323349,1.0000,true
V4T008404,353.164349,-14.020518,QSO,0.21026046,1.7000,false
V4T008405,28.423522,-46.377964,QSO,0.22073141,1.7000,false
V4T008406,26.707950,-49.978939,ELG,0.42386299,1.0000,true
V4T008407,48.435675,-42.700911,ELG,0.63185091,1.0000,false
V4T008408,347.221747,-34.168800,Star,5.45530523,0.3000,false
V4T008409,343.501944,-30.333204,ELG,0.48086322,1.0000,false
V4T008410,342.911242,-30.023730,BGS,0.69405254,0.4500,false
V4T008411,31.568324,-40.859151,BGS,1.88460465,0.4500,false
V4T008412,39.198940,-46.903382,BGS,0.86754179,0.4500,false
V4T008413,344.367063,-29.705893,LRG,0.13893027,1.0000,false
V4T008414,50.286980,-47.306969,ELG,0.58564164,1.0000,false
V4T008415,341.472989,-37.609181,Star,2.92771515,0.3000,false
V4T008416,16.992269,-49.872020,LRG,0.23988601,1.0000,false
V4T008417,41.445682,-46.135044,Star,5.40885819,0.3000,false
V4T008418,345.194112,-27.805639,BGS,1.91268725,0.4500,false
V4T008419,16.539047,-52.607769,BGS,1.42127982,0.4500,false
V4T008420,41.570577,-49.854252,QSO,0.20767776,1.7000,false
V4T008421,342.749253,-40.568566,ELG,0.45307687,1.0000,false
V4T008422,43.381914,-44.977800,LRG,0.26409422,1.0000,false
V4T008423,24.709273,-44.359050,ELG,0.48306152,1.0000,false
V4T008424,21.355959,-47.104065,Star,2.90318393,0.3000,false
V4T008425,340.926746,-41.046873,ELG,0.59222042,1.0000,false
V4T008426,351.653296,-25.148821,BGS,0.87092298,0.4500,false
V4T008427,357.857778,-30.849656,ELG,1.08950675,1.0000,false
V4T008428,342.938495,-34.815907,BGS,0.87146102,0.4500,false
V4T008429,338.813635,-18.843613,ELG,0.75706427,1.0000,false
V4T008430,349.665559,-39.827401,BGS,1.34691248,0.4500,false
V4T008431,347.849259,-34.438483,ELG,0.35762292,1.0000,false
V4T008432,32.850273,-49.100201,QSO,0.13780184,1.7000,false
V4T008433,49.152443,-44.685558,BGS,0.99308638,0.4500,false
V4T008434,34.709384,-44.629854,ELG,0.35572663,1.0000,false
V4T008435,351.943964,-24.163282,LRG,0.42716123,1.0000,false
V4T008436,342.230796,-20.648795,QSO,0.18372856,1.7000,false
V4T008437,355.606729,-25.610851,ELG,0.36667060,1.0000,false
V4T008438,30.952897,-36.654260,LRG,0.17920869,1.0000,false
V4T008439,335.093860,-22.138603,ELG,0.54098200,1.0000,false
V4T008440,344.175444,-18.003119,QSO,0.23635222,1.7000,false
V4T008441,343.528563,-29.446686,LRG,0.23996047,1.0000,false
V4T008442,40.894079,-49.316117,QSO,0.35698692,1.7000,false
V4T008443,351.703100,-24.576787,Star,3.38147052,0.3000,false
V4T008444,47.567546,-52.914355,QSO,0.23732365,1.7000,false
V4T008445,47.521239,-46.059053,BGS,0.71325635,0.4500,false
V4T008446,345.140892,-35.964339,BGS,1.07842847,0.4500,false
V4T008447,40.217533,-50.435991,BGS,0.87207899,0.4500,false
V4T008448,21.934017,-51.229283,BGS,2.00054778,0.4500,false
V4T008449,25.922781,-50.343543,ELG,0.75321776,1.0000,false
V4T008450,21.151847,-40.749754,QSO,0.16384327,1.7000,false
V4T008451,40.150610,-59.097115,ELG,0.45614433,1.0000,true
V4T008452,354.031417,-35.809690,ELG,0.21975523,1.0000,false
V4T008453,346.198682,-35.875562,BGS,1.23931836,0.4500,false
V4T008454,39.358896,-50.670127,ELG,1.03100132,1.0000,false
V4T008455,19.745052,-45.310704,BGS,1.03808169,0.4500,true
V4T008456,352.336980,-30.950998,ELG,0.89502841,1.0000,false
V4T008457,337.596809,-38.352204,QSO,0.20674007,1.7000,false
V4T008458,358.355180,-22.499646,ELG,0.43422623,1.0000,false
V4T008459,350.759212,-25.474505,QSO,0.23591019,1.7000,false
V4T008460,31.583267,-40.717155,QSO,0.38018582,1.7000,false
V4T008461,350.658565,-18.223639,LRG,0.25181300,1.0000,false
V4T008462,31.834854,-48.070846,BGS,1.69567642,0.4500,false
V4T008463,341.541750,-24.185638,Star,6.05547225,0.3000,false
V4T008464,343.140096,-30.048421,ELG,1.43598789,1.0000,false
V4T008465,341.199838,-41.145049,BGS,1.71940118,0.4500,false
V4T008466,342.132131,-30.664164,ELG,0.59997422,1.0000,false
V4T008467,337.273492,-34.056473,LRG,0.41640413,1.0000,false
V4T008468,48.743690,-42.102100,ELG,0.43202332,1.0000,false
V4T008469,29.772327,-54.471687,BGS,1.44888842,0.4500,false
V4T008470,30.067554,-39.317843,ELG,0.36968026,1.0000,true
V4T008471,343.400306,-15.128472,ELG,0.52747612,1.0000,false
V4T008472,340.165124,-19.629434,ELG,0.79301290,1.0000,false
V4T008473,353.633866,-38.248718,LRG,0.51232558,1.0000,false
V4T008474,344.295316,-19.161860,QSO,0.09785993,1.7000,false
V4T008475,33.579054,-40.279878,Star,3.48994449,0.3000,false
V4T008476,341.549911,-29.607879,ELG,0.40982672,1.0000,false
V4T008477,28.749466,-43.796943,QSO,0.19275738,1.7000,false
V4T008478,343.530845,-29.725683,QSO,0.19631575,1.7000,false
V4T008479,35.648044,-34.899092,LRG,0.45547655,1.0000,false
V4T008480,29.796141,-38.181480,ELG,1.03551386,1.0000,false
V4T008481,345.256863,-35.154104,ELG,0.64589891,1.0000,false
V4T008482,348.667809,-13.904292,ELG,0.45327447,1.0000,false
V4T008483,39.648495,-38.714156,LRG,0.43680331,1.0000,false
V4T008484,340.370630,-41.158927,LRG,0.27363343,1.0000,true
V4T008485,47.132368,-41.202576,BGS,0.79559185,0.4500,false
V4T008486,42.051252,-58.704517,ELG,1.18737312,1.0000,false
V4T008487,352.731247,-25.069174,LRG,0.30704637,1.0000,false
V4T008488,349.856726,-28.900388,Star,3.99465894,0.3000,false
V4T008489,352.995631,-29.195491,BGS,1.60293725,0.4500,false
V4T008490,340.991877,-41.610170,LRG,0.44135079,1.0000,false
V4T008491,40.612609,-50.491520,ELG,0.53800551,1.0000,false
V4T008492,338.354995,-37.096321,LRG,0.31291996,1.0000,false
V4T008493,42.079645,-58.870207,BGS,1.12794984,0.4500,false
V4T008494,51.327743,-46.030532,BGS,0.76805511,0.4500,false
V4T008495,38.497134,-55.033985,BGS,0.93967631,0.4500,false
V4T008496,23.885082,-47.848632,BGS,0.97783121,0.4500,false
V4T008497,23.540695,-53.943534,ELG,0.77475079,1.0000,false
V4T008498,38.931008,-45.453825,QSO,0.27214578,1.7000,false
V4T008499,352.413245,-37.936498,BGS,0.77814183,0.4500,false
V4T008500,31.475539,-48.517393,BGS,1.34070468,0.4500,false
V4T008501,26.211301,-47.494519,LRG,0.45485551,1.0000,false
V4T008502,346.160557,-26.643933,QSO,0.09796794,1.7000,false
V4T008503,342.479135,-23.133367,LRG,0.30137031,1.0000,true
V4T008504,0.274662,-27.236612,ELG,1.21322242,1.0000,false
V4T008505,42.537680,-58.875618,ELG,0.63073173,1.0000,false
V4T008506,38.614081,-39.931649,Star,3.98033980,0.3000,false
V4T008507,345.320711,-17.680522,BGS,1.34593645,0.4500,false
V4T008508,345.842876,-36.037592,BGS,1.20237640,0.4500,false
V4T008509,352.470219,-13.754593,BGS,1.51228862,0.4500,false
V4T008510,40.512204,-49.413135,ELG,0.70795196,1.0000,false
V4T008511,34.589025,-42.330026,BGS,1.48295836,0.4500,false
V4T008512,42.131093,-50.924498,BGS,2.47774293,0.4500,false
V4T008513,335.189044,-32.831869,QSO,0.10468929,1.7000,false
V4T008514,32.414826,-45.870572,QSO,0.18542466,1.7000,false
V4T008515,353.359722,-36.269553,BGS,1.31944212,0.4500,false
V4T008516,42.910517,-36.733735,LRG,0.28372815,1.0000,false
V4T008517,344.806764,-17.908349,LRG,0.47614990,1.0000,false
V4T008518,34.994281,-49.016983,BGS,1.43252512,0.4500,false
V4T008519,29.532506,-42.447461,ELG,0.23339250,1.0000,false
V4T008520,1.338253,-27.055896,ELG,0.43805986,1.0000,false
V4T008521,41.578803,-50.539529,Star,5.23894457,0.3000,false
V4T008522,336.627344,-33.639172,Star,5.38697950,0.3000,false
V4T008523,355.553785,-28.295038,Star,4.83087628,0.3000,false
V4T008524,16.561636,-51.005275,LRG,0.33496615,1.0000,false
V4T008525,31.184888,-37.802310,LRG,0.47481314,1.0000,false
V4T008526,43.710782,-48.942358,ELG,0.47952576,1.0000,false
V4T008527,349.007054,-13.102078,ELG,0.33253988,1.0000,false
V4T008528,358.402957,-22.279017,QSO,0.16078600,1.7000,false
V4T008529,352.756022,-33.259446,ELG,0.78255092,1.0000,false
V4T008530,334.343379,-28.462298,ELG,0.59838019,1.0000,false
V4T008531,343.380234,-29.525734,ELG,0.38044622,1.0000,false
V4T008532,346.238804,-31.787923,BGS,0.80002342,0.4500,false
V4T008533,358.530541,-23.410339,BGS,0.65270562,0.4500,false
V4T008534,21.033941,-40.217349,QSO,0.35463332,1.7000,false
V4T008535,340.651339,-24.613865,LRG,0.46565426,1.0000,false
V4T008536,39.339285,-48.955908,QSO,0.27090008,1.7000,true
V4T008537,359.674973,-18.887286,BGS,1.95656202,0.4500,false
V4T008538,47.534398,-39.388284,BGS,0.72577260,0.4500,false
V4T008539,32.211214,-48.837522,ELG,0.48295493,1.0000,false
V4T008540,30.168220,-56.431949,QSO,0.16739823,1.7000,false
V4T008541,40.838308,-43.091880,ELG,0.48740912,1.0000,false
V4T008542,38.312662,-43.981435,BGS,1.30221813,0.4500,false
V4T008543,350.816472,-28.235874,BGS,1.22497928,0.4500,false
V4T008544,344.907371,-27.885139,ELG,0.17776068,1.0000,false
V4T008545,21.511751,-44.740251,BGS,0.85807891,0.4500,false
V4T008546,340.153824,-33.436545,BGS,1.01609906,0.4500,false
V4T008547,344.876603,-20.936140,ELG,0.60397560,1.0000,false
V4T008548,18.168758,-45.643606,ELG,0.37616694,1.0000,false
V4T008549,41.772038,-49.748827,BGS,0.90999039,0.4500,false
V4T008550,340.407645,-21.326674,LRG,0.44044342,1.0000,false
V4T008551,50.846359,-47.046921,Star,4.55537805,0.3000,false
V4T008552,23.976203,-53.009682,LRG,0.28076938,1.0000,false
V4T008553,41.717941,-51.946210,BGS,2.08332388,0.4500,false
V4T008554,350.924941,-16.507709,QSO,0.14544343,1.7000,false
V4T008555,22.124781,-53.023942,ELG,0.57800337,1.0000,false
V4T008556,344.793170,-18.195260,LRG,0.44684012,1.0000,false
V4T008557,35.916749,-36.673409,Star,4.51848760,0.3000,false
V4T008558,40.426379,-40.765591,QSO,0.20228273,1.7000,false
V4T008559,337.748646,-33.849864,ELG,0.57189245,1.0000,false
V4T008560,48.356998,-41.663254,BGS,1.22337014,0.4500,true
V4T008561,38.362151,-34.423291,ELG,1.56974104,1.0000,false
V4T008562,37.546230,-50.559015,ELG,1.09879656,1.0000,false
V4T008563,41.035638,-50.470064,ELG,1.08693807,1.0000,false
V4T008564,346.074028,-20.860042,LRG,0.13773442,1.0000,false
V4T008565,346.329736,-35.502973,ELG,1.08162376,1.0000,false
V4T008566,345.063075,-38.372017,QSO,0.07390668,1.7000,false
V4T008567,341.745051,-36.859813,QSO,0.12009155,1.7000,false
V4T008568,346.249267,-33.779403,QSO,0.10768528,1.7000,false
V4T008569,340.121072,-26.119924,LRG,0.54334434,1.0000,true
V4T008570,41.473441,-58.311709,Star,2.59294708,0.3000,false
V4T008571,349.970065,-40.361064,BGS,1.74696738,0.4500,true
V4T008572,42.206894,-36.544617,LRG,0.31686315,1.0000,false
V4T008573,40.616289,-49.186926,LRG,0.23392862,1.0000,false
V4T008574,346.778084,-15.883891,LRG,0.79522298,1.0000,true
V4T008575,26.427036,-42.023820,BGS,0.98187773,0.4500,false
V4T008576,346.059055,-34.145787,ELG,0.66214658,1.0000,false
V4T008577,40.009442,-49.964983,BGS,1.02581235,0.4500,false
V4T008578,352.255308,-18.698152,ELG,0.71003071,1.0000,false
V4T008579,350.932926,-24.029329,QSO,0.24420264,1.7000,false
V4T008580,358.447977,-36.517666,ELG,1.38564656,1.0000,false
V4T008581,24.368824,-41.390785,ELG,0.33069496,1.0000,false
V4T008582,346.071652,-18.448836,BGS,1.51168411,0.4500,false
V4T008583,342.868274,-30.121994,ELG,0.52620703,1.0000,false
V4T008584,43.290868,-46.872650,BGS,1.60905619,0.4500,false
V4T008585,33.269997,-49.115934,LRG,0.18555513,1.0000,false
V4T008586,351.629913,-14.510019,LRG,0.45742525,1.0000,false
V4T008587,347.181166,-35.053443,LRG,0.32900102,1.0000,false
V4T008588,348.399548,-29.590145,ELG,0.42133202,1.0000,false
V4T008589,355.477261,-27.368150,BGS,1.28086653,0.4500,false
V4T008590,343.814193,-17.605287,Star,4.92199263,0.3000,false
V4T008591,358.075247,-24.370197,LRG,0.29491656,1.0000,false
V4T008592,345.239225,-27.394726,BGS,0.81335964,0.4500,false
V4T008593,355.739880,-24.511615,BGS,1.63023875,0.4500,false
V4T008594,25.804965,-37.992926,LRG,0.32749999,1.0000,false
V4T008595,348.031393,-15.617802,LRG,0.20640851,1.0000,false
V4T008596,336.285034,-24.103553,LRG,0.24278119,1.0000,false
V4T008597,344.586919,-16.225213,LRG,0.44591015,1.0000,false
V4T008598,341.861683,-19.678340,ELG,0.49833040,1.0000,false
V4T008599,340.267423,-31.999134,QSO,0.07319376,1.7000,false
V4T008600,34.794229,-46.261381,ELG,0.51966603,1.0000,false
V4T008601,15.029268,-48.266896,BGS,1.13379933,0.4500,false
V4T008602,338.864381,-32.262273,BGS,1.89293956,0.4500,false
V4T008603,29.411378,-45.456547,ELG,0.86262503,1.0000,false
V4T008604,33.997792,-58.399209,ELG,0.35935882,1.0000,false
V4T008605,22.650627,-55.640434,ELG,0.36284113,1.0000,false
V4T008606,356.118357,-26.094079,ELG,0.57911598,1.0000,false
V4T008607,31.079257,-40.915976,ELG,0.50917994,1.0000,false
V4T008608,37.118265,-37.120653,BGS,1.10804258,0.4500,false
V4T008609,354.483881,-17.235579,BGS,0.80115816,0.4500,false
V4T008610,34.107664,-35.921597,BGS,1.10719433,0.4500,false
V4T008611,30.473642,-45.948300,BGS,1.23747280,0.4500,false
V4T008612,0.246447,-25.115347,Star,3.25991752,0.3000,false
V4T008613,358.054267,-36.085842,Star,4.13917708,0.3000,false
V4T008614,22.474039,-41.854988,LRG,0.37495067,1.0000,false
V4T008615,352.513702,-15.651204,Star,3.76926635,0.3000,false
V4T008616,18.350123,-49.181336,BGS,1.31200860,0.4500,false
V4T008617,32.174808,-46.801814,ELG,0.61673900,1.0000,false
V4T008618,348.247971,-22.252989,LRG,0.22137275,1.0000,false
V4T008619,32.653639,-50.908020,Star,2.85007621,0.3000,true
V4T008620,35.052203,-34.684524,LRG,0.29391410,1.0000,false
V4T008621,354.726100,-35.794848,QSO,0.23306869,1.7000,false
V4T008622,30.809776,-37.666492,QSO,0.34191996,1.7000,false
V4T008623,30.863528,-44.300101,ELG,0.33533192,1.0000,false
V4T008624,44.191576,-53.209336,BGS,1.87800819,0.4500,false
V4T008625,41.724915,-39.745800,QSO,0.33366924,1.7000,false
V4T008626,41.087865,-54.229160,ELG,0.60163851,1.0000,false
V4T008627,336.970194,-25.289147,BGS,1.65735217,0.4500,false
V4T008628,345.246302,-18.136255,ELG,0.54666476,1.0000,false
V4T008629,349.389637,-14.165371,ELG,0.31585877,1.0000,false
V4T008630,49.393998,-41.849500,LRG,0.28727934,1.0000,false
V4T008631,355.047674,-39.007158,LRG,0.31299768,1.0000,false
V4T008632,2.236943,-26.670185,QSO,0.09897566,1.7000,false
V4T008633,351.317276,-25.649652,LRG,0.27126767,1.0000,false
V4T008634,358.790714,-23.630981,Star,3.74136231,0.3000,false
V4T008635,349.240338,-15.091214,ELG,0.41158715,1.0000,false
V4T008636,335.789920,-27.880385,QSO,0.11288606,1.7000,false
V4T008637,32.776039,-48.523681,ELG,0.30958106,1.0000,false
V4T008638,18.422070,-45.376115,BGS,1.05433280,0.4500,false
V4T008639,18.518494,-51.641495,ELG,0.59958290,1.0000,false
V4T008640,40.642226,-50.217502,LRG,0.20097801,1.0000,false
V4T008641,35.176516,-44.664727,QSO,0.20935946,1.7000,false
V4T008642,26.000683,-36.854707,LRG,0.32301581,1.0000,false
V4T008643,20.473423,-52.860063,ELG,0.76204756,1.0000,true
V4T008644,37.002994,-36.083135,BGS,1.47177070,0.4500,false
V4T008645,30.642024,-41.596827,BGS,1.34913769,0.4500,false
V4T008646,355.946648,-20.575821,Star,3.32135076,0.3000,false
V4T008647,356.384777,-32.315761,ELG,1.35066847,1.0000,false
V4T008648,345.484418,-27.100469,BGS,1.08992869,0.4500,false
V4T008649,352.971592,-16.122924,LRG,0.50077391,1.0000,false
V4T008650,23.952323,-43.346284,BGS,1.16142743,0.4500,false
V4T008651,345.808064,-35.586462,BGS,1.53026434,0.4500,false
V4T008652,338.994290,-31.711663,BGS,1.13255955,0.4500,false
V4T008653,21.988686,-53.273499,LRG,1.18947674,1.0000,false
V4T008654,355.818676,-26.465110,BGS,0.95165549,0.4500,false
V4T008655,19.698318,-53.921116,ELG,0.76556889,1.0000,false
V4T008656,346.682461,-36.202569,LRG,0.37662636,1.0000,false
V4T008657,29.334901,-58.938461,LRG,0.35808049,1.0000,false
V4T008658,38.538492,-59.233454,QSO,0.24621380,1.7000,false
V4T008659,348.678561,-20.527515,ELG,0.54461261,1.0000,false
V4T008660,338.819256,-40.731882,ELG,0.51646304,1.0000,false
V4T008661,28.386816,-46.255775,BGS,2.31840431,0.4500,false
V4T008662,345.757102,-17.459083,BGS,2.19046683,0.4500,false
V4T008663,48.683033,-42.648859,ELG,0.42377234,1.0000,false
V4T008664,23.943487,-52.163408,BGS,2.53142005,0.4500,false
V4T008665,31.262449,-35.109963,ELG,0.47397840,1.0000,false
V4T008666,347.546214,-37.175068,QSO,0.36026713,1.7000,false
V4T008667,30.474076,-42.882132,ELG,0.36205202,1.0000,false
V4T008668,26.060623,-40.713133,ELG,0.98610576,1.0000,false
V4T008669,348.479077,-31.079019,ELG,1.26666789,1.0000,false
V4T008670,41.611227,-58.871115,ELG,0.46294437,1.0000,false
V4T008671,342.552392,-29.679361,ELG,0.19699877,1.0000,false
V4T008672,47.472965,-47.540105,BGS,1.51910051,0.4500,false
V4T008673,44.746434,-37.366822,LRG,0.25509425,1.0000,false
V4T008674,35.109223,-43.043541,ELG,0.46114688,1.0000,false
V4T008675,34.774433,-56.929469,BGS,1.50672335,0.4500,false
V4T008676,342.148744,-41.053463,BGS,1.34053031,0.4500,false
V4T008677,28.582969,-39.161572,ELG,0.29263535,1.0000,false
V4T008678,47.355150,-41.569963,LRG,0.30018088,1.0000,false
V4T008679,333.469235,-29.313035,LRG,0.33503963,1.0000,false
V4T008680,352.259936,-32.675457,ELG,0.79905863,1.0000,false
V4T008681,49.045406,-43.331125,BGS,1.28743478,0.4500,false
V4T008682,339.860081,-31.070969,Star,2.27237103,0.3000,false
V4T008683,351.180018,-24.482315,ELG,0.55512973,1.0000,false
V4T008684,39.673916,-50.186648,BGS,0.97717033,0.4500,false
V4T008685,26.387601,-45.387273,ELG,0.44128172,1.0000,false
V4T008686,344.781425,-20.405335,BGS,1.43053368,0.4500,false
V4T008687,336.790914,-29.039628,BGS,1.48215839,0.4500,false
V4T008688,352.263816,-37.624258,LRG,0.23128443,1.0000,false
V4T008689,352.801998,-39.639873,BGS,1.38742371,0.4500,false
V4T008690,349.406075,-17.456014,ELG,0.43284192,1.0000,false
V4T008691,1.341131,-31.873224,LRG,0.40141755,1.0000,false
V4T008692,336.374259,-38.023074,LRG,0.31403429,1.0000,false
V4T008693,339.288935,-20.419382,BGS,0.77464756,0.4500,false
V4T008694,31.396065,-37.315643,Star,5.19030127,0.3000,false
V4T008695,48.249744,-42.082358,QSO,0.16018746,1.7000,false
V4T008696,336.612061,-26.692760,BGS,1.01816860,0.4500,false
V4T008697,351.908189,-24.482361,LRG,0.49257792,1.0000,true
V4T008698,342.976503,-29.431716,LRG,0.20238409,1.0000,false
V4T008699,23.508037,-54.719992,ELG,0.75360111,1.0000,false
V4T008700,16.441195,-53.330829,ELG,0.74465436,1.0000,false
V4T008701,36.807418,-53.732517,LRG,0.28287285,1.0000,false
V4T008702,342.804676,-31.071341,ELG,0.91496591,1.0000,false
V4T008703,44.083215,-41.817871,ELG,0.68524864,1.0000,false
V4T008704,44.124446,-44.397780,ELG,0.74782196,1.0000,false
V4T008705,40.171220,-50.273698,Star,4.76173139,0.3000,false
V4T008706,24.305027,-50.970851,LRG,0.27908851,1.0000,false
V4T008707,24.420666,-48.688697,LRG,0.20846794,1.0000,false
V4T008708,334.960781,-35.136602,BGS,1.02377488,0.4500,false
V4T008709,340.650654,-41.205952,BGS,1.36816014,0.4500,false
V4T008710,37.556318,-40.979253,QSO,0.06288219,1.7000,false
V4T008711,20.202046,-48.961612,BGS,1.14036942,0.4500,false
V4T008712,349.094338,-40.126788,BGS,0.95624969,0.4500,false
V4T008713,338.330043,-29.008435,QSO,0.25362918,1.7000,false
V4T008714,354.322633,-36.142834,ELG,0.67479233,1.0000,false
V4T008715,17.743494,-45.970561,LRG,0.28776596,1.0000,false
V4T008716,29.815369,-52.002472,ELG,0.45858717,1.0000,false
V4T008717,25.276100,-47.732222,QSO,0.07389328,1.7000,false
V4T008718,355.761350,-34.429785,LRG,0.28406426,1.0000,false
V4T008719,40.455258,-56.783314,Star,4.27667344,0.3000,false
V4T008720,30.024663,-36.620558,ELG,0.87422104,1.0000,false
V4T008721,340.295179,-27.084427,ELG,0.50775098,1.0000,false
V4T008722,39.013801,-59.145513,Star,3.85043107,0.3000,false
V4T008723,345.848910,-35.790528,BGS,1.40805972,0.4500,false
V4T008724,359.022040,-36.837614,BGS,1.50504970,0.4500,false
V4T008725,346.865866,-42.590167,BGS,1.05501420,0.4500,true
V4T008726,31.976322,-43.999143,ELG,1.22645725,1.0000,false
V4T008727,353.465500,-33.374842,LRG,0.38454350,1.0000,false
V4T008728,21.012364,-50.031884,ELG,0.42781208,1.0000,false
V4T008729,351.044457,-24.598885,QSO,0.08801958,1.7000,false
V4T008730,343.183823,-30.661487,LRG,0.67894484,1.0000,false
V4T008731,27.447834,-48.524847,ELG,0.46452146,1.0000,false
V4T008732,337.141667,-23.573438,BGS,1.38726674,0.4500,false
V4T008733,346.970937,-34.000983,ELG,0.68332900,1.0000,false
V4T008734,45.562542,-54.827170,BGS,1.01029517,0.4500,false
V4T008735,342.599959,-35.331408,ELG,0.47836502,1.0000,false
V4T008736,343.947436,-27.246547,ELG,0.61359351,1.0000,false
V4T008737,345.021893,-17.648048,QSO,0.15775126,1.7000,false
V4T008738,346.875945,-36.996278,ELG,0.52708297,1.0000,false
V4T008739,344.843168,-16.894108,BGS,1.21869084,0.4500,false
V4T008740,333.965735,-27.043414,ELG,0.92101071,1.0000,false
V4T008741,32.516470,-56.962357,QSO,0.15872085,1.7000,false
V4T008742,16.660470,-51.628204,BGS,1.09996868,0.4500,false
V4T008743,344.056995,-34.363625,BGS,2.26788799,0.4500,false
V4T008744,346.325806,-33.097149,LRG,0.30560580,1.0000,true
V4T008745,21.711452,-56.803492,LRG,0.35123202,1.0000,false
V4T008746,35.030313,-35.273046,BGS,1.82301834,0.4500,false
V4T008747,347.023582,-28.311792,BGS,2.59092610,0.4500,false
V4T008748,32.879072,-48.646657,ELG,0.64127311,1.0000,false
V4T008749,51.287826,-47.875552,ELG,0.68894599,1.0000,false
V4T008750,36.514928,-41.457303,ELG,0.53509248,1.0000,false
V4T008751,34.009260,-49.238232,LRG,0.51743956,1.0000,false
V4T008752,353.701285,-36.483606,LRG,0.24897485,1.0000,false
V4T008753,26.770740,-50.933967,ELG,0.74734775,1.0000,false
V4T008754,343.760575,-38.958998,QSO,0.20563913,1.7000,false
V4T008755,345.987385,-33.898088,QSO,0.11801207,1.7000,false
V4T008756,358.013645,-16.865474,ELG,0.66173953,1.0000,false
V4T008757,344.333712,-22.288921,ELG,1.00777113,1.0000,false
V4T008758,345.860256,-16.755676,BGS,1.47062672,0.4500,false
V4T008759,26.355326,-54.883818,LRG,0.33332450,1.0000,false
V4T008760,340.143958,-26.604235,BGS,1.24899415,0.4500,false
V4T008761,0.016395,-29.194787,ELG,0.44594036,1.0000,false
V4T008762,50.941508,-54.569890,ELG,0.57491585,1.0000,false
V4T008763,20.982031,-42.579176,LRG,0.24847272,1.0000,false
V4T008764,354.301426,-35.666696,BGS,1.18934694,0.4500,false
V4T008765,38.539663,-42.419897,ELG,1.08944423,1.0000,false
V4T008766,35.755991,-46.549451,ELG,0.47771843,1.0000,false
V4T008767,349.296133,-38.999986,ELG,0.47116975,1.0000,false
V4T008768,356.984138,-38.629990,QSO,0.18715107,1.7000,false
V4T008769,28.230663,-56.926753,LRG,0.19979529,1.0000,false
V4T008770,344.796848,-28.136997,ELG,0.57273939,1.0000,false
V4T008771,354.476776,-35.797970,BGS,0.85426702,0.4500,false
V4T008772,345.619940,-24.534733,BGS,0.78651951,0.4500,false
V4T008773,340.460587,-19.085559,ELG,0.52120020,1.0000,false
V4T008774,348.042561,-39.469683,LRG,0.50296886,1.0000,false
V4T008775,348.630500,-16.637129,LRG,0.47725669,1.0000,false
V4T008776,341.793938,-23.641137,LRG,0.29705955,1.0000,false
V4T008777,346.930974,-39.642610,BGS,2.24831671,0.4500,false
V4T008778,41.127303,-50.517802,ELG,0.84481686,1.0000,false
V4T008779,40.942928,-42.482490,ELG,1.10309480,1.0000,false
V4T008780,48.214897,-42.733936,LRG,0.49486953,1.0000,false
V4T008781,349.361418,-29.586159,BGS,0.86107375,0.4500,false
V4T008782,23.101293,-51.059226,LRG,0.49220790,1.0000,false
V4T008783,342.989940,-36.906380,ELG,0.39143260,1.0000,false
V4T008784,19.963531,-44.953225,LRG,0.26030110,1.0000,false
V4T008785,0.795287,-25.205243,QSO,0.15143871,1.7000,false
V4T008786,0.741893,-24.326006,LRG,0.45939488,1.0000,false
V4T008787,336.917642,-25.076207,QSO,0.13086058,1.7000,false
V4T008788,343.057699,-29.695526,LRG,0.31395278,1.0000,false
V4T008789,356.307033,-29.252216,LRG,0.65540449,1.0000,false
V4T008790,22.628282,-47.252524,BGS,1.66337514,0.4500,false
V4T008791,30.434150,-53.026263,QSO,0.10891043,1.7000,false
V4T008792,37.632570,-52.556135,ELG,0.38069111,1.0000,false
V4T008793,40.531637,-58.442024,QSO,0.26961808,1.7000,false
V4T008794,354.987795,-28.301399,ELG,0.56988766,1.0000,false
V4T008795,0.507597,-23.921495,ELG,0.72186072,1.0000,false
V4T008796,46.941854,-49.656258,ELG,0.61070592,1.0000,false
V4T008797,32.420386,-45.609572,ELG,0.86521846,1.0000,false
V4T008798,23.405583,-48.077180,Star,5.58018640,0.3000,false
V4T008799,347.832022,-32.526167,BGS,1.19041922,0.4500,false
V4T008800,19.255972,-46.345642,BGS,1.09925801,0.4500,false
V4T008801,338.256102,-26.535946,Star,4.47827910,0.3000,true
V4T008802,357.714008,-31.724904,ELG,0.31792664,1.0000,false
V4T008803,48.200881,-42.655240,QSO,0.22344800,1.7000,false
V4T008804,36.014776,-44.617793,ELG,0.67430488,1.0000,false
V4T008805,45.198542,-54.677790,ELG,0.49168653,1.0000,true
V4T008806,51.636075,-51.391344,ELG,1.12104132,1.0000,false
V4T008807,40.872972,-50.081719,ELG,0.44804137,1.0000,false
V4T008808,335.697922,-31.360964,ELG,0.68685986,1.0000,false
V4T008809,27.804337,-56.886306,LRG,0.32142351,1.0000,false
V4T008810,28.721854,-48.464247,BGS,1.58791200,0.4500,false
V4T008811,340.265109,-33.345929,ELG,0.97180901,1.0000,false
V4T008812,45.631903,-56.987101,ELG,0.51081865,1.0000,false
V4T008813,345.724234,-30.157167,BGS,1.91236395,0.4500,false
V4T008814,345.752572,-17.944941,LRG,0.28732017,1.0000,false
V4T008815,32.550132,-48.640827,QSO,0.09537665,1.7000,false
V4T008816,342.848323,-29.612613,BGS,1.11586438,0.4500,false
V4T008817,339.688777,-34.105927,BGS,0.80456110,0.4500,false
V4T008818,42.852703,-40.251269,LRG,0.32192492,1.0000,false
V4T008819,34.697609,-54.185138,BGS,0.74088420,0.4500,true
V4T008820,354.398787,-36.856459,LRG,0.35309637,1.0000,false
V4T008821,40.634055,-49.814741,ELG,0.45946194,1.0000,false
V4T008822,341.255060,-21.500999,ELG,0.50930148,1.0000,false
V4T008823,40.091992,-51.430159,LRG,0.35610052,1.0000,false
V4T008824,342.408166,-27.818149,BGS,1.23807677,0.4500,false
V4T008825,345.031569,-18.189584,BGS,0.97353469,0.4500,false
V4T008826,344.938868,-26.949629,ELG,0.79648854,1.0000,false
V4T008827,339.133905,-19.403979,LRG,0.54438050,1.0000,false
V4T008828,344.080373,-17.893658,ELG,0.76952433,1.0000,false
V4T008829,348.422775,-24.047031,BGS,1.49274409,0.4500,false
V4T008830,42.325898,-48.993130,ELG,0.45041894,1.0000,false
V4T008831,24.754564,-56.523010,BGS,1.28036624,0.4500,false
V4T008832,28.335824,-41.156561,BGS,1.56301259,0.4500,false
V4T008833,46.424978,-44.594967,Star,2.77394526,0.3000,false
V4T008834,340.740312,-40.930000,ELG,0.49078450,1.0000,false
V4T008835,344.966810,-33.476279,QSO,0.15309169,1.7000,false
V4T008836,341.532233,-25.568482,ELG,0.94114345,1.0000,false
V4T008837,347.948898,-38.096136,LRG,0.26668424,1.0000,false
V4T008838,340.792150,-27.209608,ELG,0.77305780,1.0000,false
V4T008839,26.651741,-45.367481,LRG,0.42936023,1.0000,false
V4T008840,356.459501,-35.053581,ELG,0.33013662,1.0000,false
V4T008841,40.616543,-50.468024,ELG,0.72392877,1.0000,false
V4T008842,351.242221,-24.845753,ELG,0.70981954,1.0000,false
V4T008843,351.497005,-24.777511,BGS,1.05127277,0.4500,false
V4T008844,41.073267,-39.761943,ELG,0.50394134,1.0000,false
V4T008845,351.856256,-25.257024,LRG,0.56063383,1.0000,false
V4T008846,40.327981,-59.042257,LRG,0.34717447,1.0000,false
V4T008847,36.341234,-38.029842,BGS,1.21839543,0.4500,false
V4T008848,345.524484,-28.756000,BGS,1.05699001,0.4500,false
V4T008849,30.833093,-49.515073,ELG,0.30068925,1.0000,false
V4T008850,39.762388,-51.425950,BGS,1.03854453,0.4500,false
V4T008851,35.565541,-38.455599,ELG,0.48040434,1.0000,false
V4T008852,343.973391,-17.882394,BGS,1.32999436,0.4500,true
V4T008853,25.541582,-37.816249,ELG,0.69707113,1.0000,false
V4T008854,21.207930,-46.237754,BGS,0.98276592,0.4500,false
V4T008855,35.494107,-49.429309,LRG,0.39404793,1.0000,false
V4T008856,23.322146,-56.930454,ELG,0.65467467,1.0000,false
V4T008857,24.844438,-49.039172,BGS,1.82017066,0.4500,false
V4T008858,45.869206,-39.776081,BGS,1.15359028,0.4500,false
V4T008859,16.694101,-49.493243,QSO,0.26172212,1.7000,false
V4T008860,334.774694,-26.290486,QSO,0.11207594,1.7000,false
V4T008861,39.641085,-58.565110,ELG,0.45484897,1.0000,false
V4T008862,346.357821,-34.929215,BGS,0.92005329,0.4500,false
V4T008863,359.648509,-24.420161,BGS,0.98419953,0.4500,false
V4T008864,349.664030,-20.650998,BGS,1.06914583,0.4500,false
V4T008865,346.064121,-31.675557,LRG,0.53398140,1.0000,false
V4T008866,37.990615,-54.463074,BGS,1.83136757,0.4500,false
V4T008867,346.697027,-34.405472,QSO,0.48004843,1.7000,false
V4T008868,358.409494,-22.138829,QSO,0.37049765,1.7000,false
V4T008869,343.279308,-29.993990,QSO,0.19908217,1.7000,false
V4T008870,342.303271,-18.502434,QSO,0.07470771,1.7000,false
V4T008871,350.597896,-19.698101,ELG,0.74040267,1.0000,false
V4T008872,359.085492,-28.549725,QSO,0.13918475,1.7000,false
V4T008873,35.285035,-49.002101,Star,4.67026052,0.3000,false
V4T008874,42.102245,-58.965248,LRG,0.54650950,1.0000,false
V4T008875,40.667401,-35.846508,ELG,0.20981855,1.0000,false
V4T008876,42.490959,-58.939671,ELG,0.39091260,1.0000,false
V4T008877,346.477235,-35.666653,BGS,1.06747716,0.4500,false
V4T008878,350.502603,-25.422426,ELG,0.50346903,1.0000,false
V4T008879,340.801497,-38.481953,ELG,0.68015401,1.0000,false
V4T008880,336.764671,-21.009702,ELG,0.23856880,1.0000,false
V4T008881,354.822961,-40.856296,ELG,0.94159338,1.0000,false
V4T008882,355.008783,-16.412799,BGS,2.29507599,0.4500,false
V4T008883,348.998197,-33.350130,QSO,0.12721687,1.7000,false
V4T008884,27.316455,-41.007993,ELG,0.79878202,1.0000,false
V4T008885,340.697536,-25.168715,QSO,0.18030188,1.7000,false
V4T008886,34.609012,-48.452539,QSO,0.08877288,1.7000,true
V4T008887,345.918795,-35.898248,LRG,0.31512514,1.0000,true
V4T008888,53.159703,-51.294441,Star,3.34600692,0.3000,false
V4T008889,40.145954,-49.826020,LRG,0.36472477,1.0000,false
V4T008890,343.287415,-30.076732,BGS,1.36341865,0.4500,false
V4T008891,359.324901,-36.992634,Star,5.07803034,0.3000,false
V4T008892,40.928716,-37.737289,Star,3.51528379,0.3000,false
V4T008893,344.940269,-27.066293,ELG,0.27687497,1.0000,false
V4T008894,335.164508,-35.312762,QSO,0.36332340,1.7000,false
V4T008895,38.823726,-39.510524,ELG,0.86727655,1.0000,false
V4T008896,353.827299,-35.674640,BGS,1.17296020,0.4500,false
V4T008897,343.961901,-17.581314,ELG,0.43847542,1.0000,false
V4T008898,349.357318,-22.878765,BGS,1.87053883,0.4500,false
V4T008899,33.887674,-47.247322,BGS,1.28967436,0.4500,false
V4T008900,343.817685,-16.722505,ELG,0.35659687,1.0000,false
V4T008901,44.928931,-48.241223,Star,5.82789162,0.3000,false
V4T008902,35.775286,-46.243267,ELG,0.32838083,1.0000,false
V4T008903,36.153021,-57.166530,LRG,0.45152793,1.0000,false
V4T008904,48.800441,-41.681915,ELG,0.87624023,1.0000,false
V4T008905,340.504748,-41.475314,ELG,0.74204069,1.0000,false
V4T008906,340.665219,-34.785135,Star,4.08178660,0.3000,false
V4T008907,45.541443,-43.958371,ELG,0.56020026,1.0000,false
V4T008908,349.078824,-24.902432,QSO,0.15504778,1.7000,false
V4T008909,347.407945,-29.633079,ELG,1.05718904,1.0000,false
V4T008910,335.988763,-20.709833,ELG,1.11216732,1.0000,false
V4T008911,0.703486,-29.201179,BGS,1.19906158,0.4500,false
V4T008912,32.417749,-47.162802,BGS,1.50208828,0.4500,false
V4T008913,357.654840,-24.138736,ELG,0.83005510,1.0000,false
V4T008914,33.572692,-41.427478,QSO,0.13679258,1.7000,false
V4T008915,39.959572,-50.595888,BGS,1.17410330,0.4500,false
V4T008916,30.751260,-56.312082,ELG,0.45856021,1.0000,false
V4T008917,336.420626,-26.062502,LRG,0.36130203,1.0000,false
V4T008918,337.297269,-24.017439,LRG,0.38468007,1.0000,false
V4T008919,27.947309,-57.990088,ELG,0.52819505,1.0000,true
V4T008920,48.212839,-41.909171,LRG,0.36418768,1.0000,false
V4T008921,344.299606,-18.657448,QSO,0.30356225,1.7000,false
V4T008922,49.205115,-55.328446,Star,5.10410627,0.3000,false
V4T008923,43.824593,-44.923521,QSO,0.26360813,1.7000,false
V4T008924,20.228748,-42.235309,Star,4.42785164,0.3000,false
V4T008925,48.367955,-41.816963,BGS,1.44079632,0.4500,false
V4T008926,345.792042,-24.104672,BGS,1.26541831,0.4500,true
V4T008927,50.381578,-48.006173,Star,3.19824542,0.3000,false
V4T008928,21.494076,-54.622637,BGS,1.62963833,0.4500,false
V4T008929,351.909555,-24.843348,LRG,0.27559611,1.0000,false
V4T008930,339.727060,-16.297102,LRG,0.43350067,1.0000,false
V4T008931,21.957885,-46.029882,ELG,0.55764913,1.0000,false
V4T008932,344.223371,-32.639917,ELG,0.26387433,1.0000,false
V4T008933,33.696475,-36.571462,BGS,0.96269716,0.4500,false
V4T008934,48.217867,-41.810649,BGS,0.61284713,0.4500,false
V4T008935,27.156105,-49.026339,ELG,0.47282757,1.0000,true
V4T008936,354.039687,-35.624881,BGS,1.06906339,0.4500,false
V4T008937,335.203418,-25.484734,QSO,0.28299941,1.7000,false
V4T008938,349.322376,-17.981167,LRG,0.42263472,1.0000,false
V4T008939,344.116503,-29.993416,BGS,1.00216849,0.4500,false
V4T008940,32.268612,-36.819708,ELG,0.51278708,1.0000,false
V4T008941,32.332502,-58.021476,BGS,1.23836142,0.4500,false
V4T008942,344.694338,-27.619737,BGS,2.01470666,0.4500,false
V4T008943,27.098260,-57.023721,LRG,0.27423991,1.0000,false
V4T008944,42.394451,-48.332511,QSO,0.24897302,1.7000,false
V4T008945,48.006445,-45.367547,ELG,1.40542855,1.0000,false
V4T008946,0.510759,-29.465591,BGS,1.20488272,0.4500,false
V4T008947,338.437537,-25.712386,Star,4.18692524,0.3000,false
V4T008948,340.868533,-27.349107,BGS,1.58603902,0.4500,false
V4T008949,34.969365,-56.365284,ELG,0.69811928,1.0000,true
V4T008950,48.083897,-52.241552,LRG,0.28171641,1.0000,false
V4T008951,349.910321,-26.259016,BGS,0.91104887,0.4500,false
V4T008952,351.764129,-24.382084,QSO,0.14217281,1.7000,false
V4T008953,334.754205,-24.225303,ELG,0.39566793,1.0000,false
V4T008954,342.912717,-21.412032,LRG,0.44521882,1.0000,false
V4T008955,51.672944,-44.334170,ELG,0.60529950,1.0000,false
V4T008956,339.047530,-32.753156,QSO,0.37322125,1.7000,false
V4T008957,28.726246,-46.050510,BGS,1.21219197,0.4500,false
V4T008958,335.383373,-27.997154,ELG,0.35747838,1.0000,true
V4T008959,341.825369,-29.202986,BGS,1.13271576,0.4500,false
V4T008960,1.026443,-22.311278,QSO,0.20609415,1.7000,true
V4T008961,48.791817,-47.014811,ELG,0.53245866,1.0000,false
V4T008962,337.705891,-19.519230,Star,6.71363348,0.3000,false
V4T008963,341.928217,-26.126043,ELG,0.56111221,1.0000,true
V4T008964,52.270852,-52.828722,QSO,0.26999847,1.7000,false
V4T008965,343.891215,-27.643216,BGS,1.31884719,0.4500,false
V4T008966,47.992141,-46.875276,BGS,1.05162207,0.4500,false
V4T008967,31.961021,-46.701401,BGS,1.38437554,0.4500,true
V4T008968,46.465305,-42.971262,ELG,0.91706672,1.0000,false
V4T008969,355.105223,-27.043251,ELG,0.38427115,1.0000,false
V4T008970,17.834220,-50.933743,LRG,0.71066871,1.0000,false
V4T008971,1.394914,-33.196420,ELG,0.36411302,1.0000,false
V4T008972,351.467576,-26.798805,BGS,1.32971639,0.4500,false
V4T008973,18.690117,-45.024727,QSO,0.33662137,1.7000,true
V4T008974,345.513366,-36.096398,Star,3.04678550,0.3000,false
V4T008975,344.293136,-30.240431,ELG,0.57029720,1.0000,false
V4T008976,43.145280,-52.522365,ELG,0.50140618,1.0000,false
V4T008977,343.874861,-31.728176,ELG,0.44821038,1.0000,false
V4T008978,39.929249,-41.904007,ELG,0.62746819,1.0000,false
V4T008979,35.759531,-46.586472,BGS,0.74317038,0.4500,false
V4T008980,338.088430,-34.742605,LRG,0.21204098,1.0000,false
V4T008981,37.802292,-58.980333,Star,5.15088550,0.3000,false
V4T008982,20.952739,-42.928788,ELG,0.50548475,1.0000,false
V4T008983,355.187760,-25.682701,ELG,0.28199312,1.0000,false
V4T008984,345.470511,-18.498120,BGS,2.38824848,0.4500,false
V4T008985,345.349520,-17.343468,Star,4.02932253,0.3000,false
V4T008986,337.057007,-33.769554,ELG,0.54317559,1.0000,false
V4T008987,348.926675,-40.294181,LRG,0.32337070,1.0000,true
V4T008988,337.207180,-26.704515,ELG,0.69115949,1.0000,false
V4T008989,48.577438,-40.224144,ELG,0.46975109,1.0000,false
V4T008990,344.117811,-27.062643,ELG,0.55681453,1.0000,false
V4T008991,344.380109,-27.808285,BGS,0.89468056,0.4500,false
V4T008992,26.967527,-46.567522,LRG,0.72060905,1.0000,false
V4T008993,20.442014,-56.074781,BGS,1.27885457,0.4500,false
V4T008994,32.422850,-37.227730,BGS,1.36080247,0.4500,false
V4T008995,347.226696,-33.188873,ELG,0.88072631,1.0000,false
V4T008996,14.737299,-50.121893,ELG,0.75060470,1.0000,false
V4T008997,20.104498,-44.302707,ELG,0.61544936,1.0000,false
V4T008998,49.358669,-43.861660,ELG,0.43956315,1.0000,false
V4T008999,351.296860,-24.891023,BGS,1.02423224,0.4500,false
V4T009000,0.498015,-21.391469,BGS,1.27901735,0.4500,false
V4T009001,44.066161,-55.270717,QSO,0.14045242,1.7000,false
V4T009002,348.392964,-37.665286,ELG,0.35084463,1.0000,false
V4T009003,43.420997,-51.155772,BGS,1.74113504,0.4500,false
V4T009004,41.256717,-57.860638,ELG,0.31116391,1.0000,false
V4T009005,344.374502,-17.105521,ELG,0.70417857,1.0000,false
V4T009006,17.133394,-52.836359,Star,3.45018640,0.3000,false
V4T009007,334.139253,-29.441876,LRG,0.28926956,1.0000,false
V4T009008,39.391422,-58.596345,ELG,0.39169733,1.0000,false
V4T009009,350.867114,-27.282304,LRG,0.24495730,1.0000,false
V4T009010,16.347642,-49.202241,BGS,1.21231568,0.4500,false
V4T009011,345.866109,-34.249874,BGS,1.18393292,0.4500,false
V4T009012,20.077739,-53.895823,BGS,1.52583674,0.4500,false
V4T009013,333.248817,-29.972825,BGS,0.87898195,0.4500,false
V4T009014,23.072285,-39.413598,QSO,0.30987140,1.7000,false
V4T009015,351.299006,-24.623222,ELG,0.38782708,1.0000,false
V4T009016,28.393635,-37.639455,LRG,0.22456570,1.0000,false
V4T009017,345.428732,-18.464569,BGS,1.57738873,0.4500,false
V4T009018,23.130516,-46.943821,BGS,1.52371677,0.4500,false
V4T009019,41.159956,-50.962835,Star,4.49989734,0.3000,false
V4T009020,354.423651,-22.719086,Star,3.38300504,0.3000,false
V4T009021,17.973348,-54.911933,ELG,0.52487599,1.0000,false
V4T009022,345.593528,-35.374240,BGS,1.90513393,0.4500,true
V4T009023,32.658269,-53.191815,BGS,1.22505900,0.4500,false
V4T009024,342.969637,-17.811916,QSO,0.19947110,1.7000,false
V4T009025,47.879296,-42.915073,ELG,0.19215363,1.0000,false
V4T009026,19.980202,-47.073345,LRG,0.25649762,1.0000,false
V4T009027,347.794698,-35.203351,ELG,0.67241500,1.0000,false
V4T009028,38.318797,-41.750705,ELG,0.38439038,1.0000,false
V4T009029,349.286884,-39.115438,QSO,0.55254702,1.7000,false
V4T009030,39.232902,-58.999871,QSO,0.24724797,1.7000,false
V4T009031,28.038521,-40.013850,ELG,0.41764322,1.0000,false
V4T009032,34.166083,-36.398969,LRG,0.43047232,1.0000,false
V4T009033,35.021901,-59.072795,BGS,1.34808106,0.4500,false
V4T009034,354.004876,-36.069698,QSO,0.10120700,1.7000,false
V4T009035,347.231749,-35.121412,BGS,1.73751592,0.4500,false
V4T009036,341.065792,-16.186322,BGS,1.25915112,0.4500,false
V4T009037,25.021606,-44.567481,BGS,1.22399475,0.4500,false
V4T009038,29.676303,-57.163359,BGS,0.54458560,0.4500,false
V4T009039,24.440630,-38.088577,ELG,0.42340717,1.0000,false
V4T009040,25.238178,-38.442145,QSO,0.06219295,1.7000,false
V4T009041,40.672529,-54.061871,BGS,1.14919571,0.4500,false
V4T009042,339.121221,-20.856149,BGS,1.09413210,0.4500,false
V4T009043,32.005006,-36.000720,ELG,0.24242744,1.0000,false
V4T009044,23.287475,-52.782432,ELG,0.73216309,1.0000,false
V4T009045,345.114627,-18.304324,ELG,0.64273152,1.0000,false
V4T009046,39.521067,-54.907741,LRG,0.23078921,1.0000,false
V4T009047,35.247736,-38.334838,QSO,0.15694554,1.7000,true
V4T009048,346.413561,-34.776174,ELG,0.36630323,1.0000,false
V4T009049,357.708790,-20.019028,BGS,1.04627922,0.4500,false
V4T009050,343.990166,-27.244319,BGS,1.10170608,0.4500,false
V4T009051,343.072656,-37.403978,QSO,0.10746807,1.7000,false
V4T009052,337.753098,-30.049532,ELG,0.51188978,1.0000,false
V4T009053,26.966450,-50.120543,BGS,1.03048417,0.4500,false
V4T009054,41.741981,-56.406481,BGS,0.89383858,0.4500,false
V4T009055,347.900333,-13.619675,LRG,0.50335246,1.0000,false
V4T009056,346.003379,-33.881061,BGS,1.39304157,0.4500,false
V4T009057,344.802788,-25.203433,ELG,0.80838375,1.0000,false
V4T009058,48.292160,-42.447035,LRG,0.39635844,1.0000,false
V4T009059,346.955212,-30.187457,LRG,0.26815068,1.0000,false
V4T009060,25.834046,-46.647101,QSO,0.26031305,1.7000,false
V4T009061,0.572225,-23.338403,BGS,0.81495255,0.4500,false
V4T009062,344.467742,-16.869720,ELG,0.73275558,1.0000,false
V4T009063,42.782852,-38.919614,LRG,0.36414394,1.0000,false
V4T009064,354.058159,-28.471054,LRG,0.50594676,1.0000,false
V4T009065,35.831001,-39.043745,BGS,2.59374385,0.4500,false
V4T009066,345.364346,-28.208883,QSO,0.08634018,1.7000,false
V4T009067,347.554681,-35.163918,LRG,0.46388324,1.0000,false
V4T009068,23.596218,-42.225759,QSO,0.17304992,1.7000,false
V4T009069,37.841806,-37.355875,BGS,1.73649009,0.4500,false
V4T009070,21.801077,-43.793404,BGS,1.50590799,0.4500,false
V4T009071,343.134869,-29.997300,LRG,0.22717650,1.0000,false
V4T009072,354.016465,-22.773816,ELG,0.31730414,1.0000,true
V4T009073,32.052932,-48.536542,BGS,0.94449757,0.4500,false
V4T009074,344.820170,-39.940855,Star,3.02473201,0.3000,false
V4T009075,343.888677,-26.648533,QSO,0.31515526,1.7000,false
V4T009076,337.940500,-23.883447,QSO,0.09548237,1.7000,false
V4T009077,357.637420,-26.144682,BGS,1.42312786,0.4500,false
V4T009078,26.358724,-36.864096,BGS,0.78148158,0.4500,false
V4T009079,354.516067,-26.724895,BGS,0.83674037,0.4500,false
V4T009080,14.970392,-50.118038,Star,1.74317192,0.3000,false
V4T009081,50.826198,-47.446956,LRG,0.31814192,1.0000,false
V4T009082,51.534259,-51.407456,LRG,0.32672297,1.0000,false
V4T009083,33.924071,-42.570529,QSO,0.33560056,1.7000,false
V4T009084,25.257725,-49.087055,ELG,0.59837970,1.0000,true
V4T009085,340.135245,-27.808857,ELG,0.98539117,1.0000,false
V4T009086,348.468279,-17.320294,ELG,0.54233314,1.0000,false
V4T009087,337.349411,-26.632402,BGS,1.54109166,0.4500,true
V4T009088,2.395573,-29.355679,ELG,0.50298310,1.0000,false
V4T009089,37.891861,-37.519599,BGS,1.16888331,0.4500,false
V4T009090,356.345681,-21.715799,ELG,0.47198023,1.0000,false
V4T009091,33.221606,-34.804939,ELG,0.54667009,1.0000,false
V4T009092,354.660732,-36.556667,BGS,1.39527740,0.4500,false
V4T009093,340.919340,-37.127913,QSO,0.27583276,1.7000,false
V4T009094,33.801979,-47.953942,QSO,0.25493151,1.7000,false
V4T009095,337.787845,-23.768036,ELG,0.54760280,1.0000,false
V4T009096,350.849898,-24.256377,QSO,0.31426502,1.7000,false
V4T009097,38.883067,-43.302555,LRG,0.34328263,1.0000,false
V4T009098,29.338932,-59.063709,ELG,0.84504298,1.0000,false
V4T009099,41.611828,-58.658260,ELG,0.36031571,1.0000,false
V4T009100,341.260102,-23.527636,QSO,0.30270920,1.7000,false
V4T009101,345.711193,-18.739695,QSO,0.12162640,1.7000,false
V4T009102,350.654284,-25.856444,ELG,0.29192750,1.0000,false
V4T009103,354.694711,-35.953182,BGS,1.44107275,0.4500,false
V4T009104,346.763564,-32.571105,ELG,0.36717247,1.0000,false
V4T009105,347.251689,-33.635020,ELG,0.50179154,1.0000,false
V4T009106,337.644869,-29.539732,QSO,0.22415937,1.7000,false
V4T009107,40.215402,-50.812339,Star,5.37359732,0.3000,false
V4T009108,26.190012,-58.297068,LRG,0.19330809,1.0000,false
V4T009109,345.016821,-26.086782,QSO,0.27551268,1.7000,false
V4T009110,343.469318,-27.165813,LRG,0.39201852,1.0000,false
V4T009111,353.720021,-36.005697,LRG,0.32208482,1.0000,false
V4T009112,354.538723,-36.558745,BGS,0.77203202,0.4500,false
V4T009113,35.554639,-54.743208,ELG,0.41719831,1.0000,false
V4T009114,355.337512,-27.593142,Star,4.16546878,0.3000,false
V4T009115,344.476658,-17.193692,ELG,0.42734986,1.0000,false
V4T009116,39.784622,-38.783264,QSO,0.28241096,1.7000,false
V4T009117,343.938119,-17.996636,QSO,0.22517798,1.7000,false
V4T009118,344.128888,-27.153901,ELG,0.58496173,1.0000,false
V4T009119,37.851132,-35.866693,LRG,0.42994577,1.0000,false
V4T009120,30.544019,-41.585222,ELG,0.66186839,1.0000,true
V4T009121,26.820879,-42.471312,LRG,0.78325379,1.0000,false
V4T009122,37.715492,-42.951470,QSO,0.26097360,1.7000,false
V4T009123,48.655349,-40.610830,Star,4.12077266,0.3000,false
V4T009124,352.289676,-24.238635,ELG,0.75519819,1.0000,false
V4T009125,42.638272,-38.898753,BGS,2.08298675,0.4500,false
V4T009126,351.641924,-31.199816,LRG,0.54295878,1.0000,false
V4T009127,345.668939,-34.573102,LRG,0.31441424,1.0000,false
V4T009128,34.972715,-52.180313,LRG,0.45736129,1.0000,false
V4T009129,345.789054,-34.523902,Star,4.13603444,0.3000,false
V4T009130,1.431692,-30.388172,ELG,0.25352556,1.0000,false
V4T009131,45.916935,-46.534689,Star,4.48267437,0.3000,false
V4T009132,356.170017,-29.185477,ELG,0.44139675,1.0000,false
V4T009133,343.965588,-22.502644,BGS,0.75199390,0.4500,false
V4T009134,343.879010,-20.715911,ELG,0.50832480,1.0000,false
V4T009135,354.392324,-35.678131,ELG,0.40033662,1.0000,false
V4T009136,336.604766,-32.892060,LRG,0.50953988,1.0000,false
V4T009137,48.967966,-49.185181,LRG,0.40549504,1.0000,false
V4T009138,346.571030,-33.868478,ELG,0.28553804,1.0000,false
V4T009139,356.067055,-38.618574,LRG,0.49361211,1.0000,false
V4T009140,352.150281,-30.005144,ELG,0.33486407,1.0000,false
V4T009141,352.947287,-28.015791,ELG,0.61762905,1.0000,false
V4T009142,347.722391,-42.313205,ELG,0.52740270,1.0000,false
V4T009143,347.295568,-18.562608,BGS,3.07155707,0.4500,false
V4T009144,31.667492,-48.422684,BGS,0.89698038,0.4500,false
V4T009145,38.026460,-44.441651,ELG,0.96162200,1.0000,false
V4T009146,339.024861,-38.622130,ELG,0.70798453,1.0000,false
V4T009147,339.058484,-39.292894,ELG,0.40949647,1.0000,false
V4T009148,359.815061,-30.310855,QSO,0.07360386,1.7000,false
V4T009149,346.592040,-24.270652,BGS,0.72384395,0.4500,false
V4T009150,342.675008,-18.572804,LRG,0.44129333,1.0000,false
V4T009151,334.877793,-35.610004,ELG,0.48642086,1.0000,false
V4T009152,343.942589,-30.655614,BGS,1.18853233,0.4500,false
V4T009153,349.438563,-21.556605,ELG,0.87138756,1.0000,false
V4T009154,345.203567,-36.213225,ELG,0.61996910,1.0000,true
V4T009155,336.571604,-38.418247,LRG,0.43576275,1.0000,false
V4T009156,31.305890,-48.987728,BGS,0.84850021,0.4500,false
V4T009157,346.589094,-34.686408,BGS,1.04368409,0.4500,false
V4T009158,344.917689,-36.296491,BGS,1.40397893,0.4500,false
V4T009159,348.268798,-30.714718,BGS,1.52330075,0.4500,false
V4T009160,343.446172,-19.608130,BGS,1.19123712,0.4500,false
V4T009161,20.247373,-43.518704,ELG,0.54133367,1.0000,false
V4T009162,355.371877,-18.120454,QSO,0.20175327,1.7000,false
V4T009163,16.901344,-47.079155,ELG,1.30525515,1.0000,false
V4T009164,48.464968,-47.358458,ELG,0.31261839,1.0000,false
V4T009165,38.562243,-57.203065,BGS,0.93575840,0.4500,false
V4T009166,42.044304,-49.852239,ELG,0.38030628,1.0000,false
V4T009167,345.846987,-36.180779,ELG,0.62223078,1.0000,false
V4T009168,30.314167,-48.184550,BGS,1.04618773,0.4500,false
V4T009169,344.884315,-27.512379,Star,3.72297085,0.3000,false
V4T009170,48.580687,-44.692331,LRG,0.30352386,1.0000,false
V4T009171,44.219611,-50.818149,BGS,1.00554650,0.4500,false
V4T009172,344.624392,-27.933442,BGS,1.35567989,0.4500,true
V4T009173,45.747231,-51.882302,Star,4.04025355,0.3000,false
V4T009174,349.635105,-41.082333,ELG,0.78989634,1.0000,false
V4T009175,45.551667,-41.364353,BGS,0.89853319,0.4500,false
V4T009176,40.240042,-38.257680,ELG,0.25039836,1.0000,false
V4T009177,352.269659,-22.860026,BGS,2.26371731,0.4500,false
V4T009178,35.411836,-35.249018,ELG,0.31453529,1.0000,false
V4T009179,339.391811,-37.398451,QSO,0.26202803,1.7000,false
V4T009180,344.719798,-35.221252,LRG,0.43996577,1.0000,false
V4T009181,352.919486,-22.990875,BGS,1.43606300,0.4500,false
V4T009182,341.284184,-41.245944,QSO,0.14684456,1.7000,false
V4T009183,26.472064,-54.417971,ELG,0.64343990,1.0000,false
V4T009184,345.201482,-16.004190,LRG,0.35341459,1.0000,true
V4T009185,342.687868,-33.879130,BGS,0.95054708,0.4500,false
V4T009186,354.569851,-33.452295,ELG,0.68952736,1.0000,false
V4T009187,31.682973,-48.554543,ELG,0.69637318,1.0000,false
V4T009188,349.600493,-30.520747,ELG,0.56732943,1.0000,false
V4T009189,347.394030,-15.601413,BGS,1.37638338,0.4500,false
V4T009190,33.067825,-56.334794,LRG,0.53158668,1.0000,false
V4T009191,344.955325,-27.075423,ELG,0.40499726,1.0000,false
V4T009192,19.580577,-52.905706,ELG,0.72898373,1.0000,false
V4T009193,338.420246,-28.683045,BGS,1.16636776,0.4500,false
V4T009194,352.643653,-17.137724,Star,6.67585971,0.3000,false
V4T009195,334.436040,-27.846243,ELG,0.62470056,1.0000,false
V4T009196,348.431737,-16.368538,LRG,0.38879108,1.0000,false
V4T009197,336.507206,-22.255944,ELG,1.12253937,1.0000,false
V4T009198,346.166207,-35.162680,ELG,1.25541723,1.0000,false
V4T009199,25.582102,-57.654897,ELG,0.81750290,1.0000,false
V4T009200,346.324110,-37.587327,ELG,0.61438378,1.0000,false
V4T009201,338.625201,-20.308548,ELG,0.50600806,1.0000,false
V4T009202,38.265346,-57.744933,LRG,0.27381453,1.0000,false
V4T009203,44.065997,-51.366677,BGS,1.34454594,0.4500,false
V4T009204,355.788510,-26.856824,Star,4.09352456,0.3000,false
V4T009205,30.104003,-48.875643,Star,4.11241393,0.3000,false
V4T009206,353.862876,-27.021815,ELG,0.60903638,1.0000,false
V4T009207,337.177788,-29.730718,BGS,1.28782505,0.4500,false
V4T009208,0.176145,-24.537064,Star,2.98176427,0.3000,false
V4T009209,341.569567,-16.964816,LRG,0.37128087,1.0000,false
V4T009210,34.463372,-58.959157,BGS,1.50158489,0.4500,false
V4T009211,353.388999,-35.931404,ELG,0.76450986,1.0000,false
V4T009212,350.207637,-20.214820,BGS,1.26931102,0.4500,false
V4T009213,35.175329,-49.030108,ELG,0.24624070,1.0000,false
V4T009214,50.852192,-46.707394,LRG,0.40993331,1.0000,true
V4T009215,24.013475,-42.467951,QSO,0.30938731,1.7000,false
V4T009216,26.853147,-49.973606,ELG,0.68962405,1.0000,false
V4T009217,343.732899,-30.860389,ELG,0.25711068,1.0000,false
V4T009218,345.313880,-27.420319,QSO,0.14224693,1.7000,false
V4T009219,31.807742,-37.074459,ELG,0.30086868,1.0000,false
V4T009220,344.862145,-27.353423,ELG,0.63179375,1.0000,false
V4T009221,19.082265,-53.061342,ELG,0.38124943,1.0000,false
V4T009222,348.608136,-41.899894,BGS,1.68596980,0.4500,false
V4T009223,34.388059,-42.445797,ELG,0.74210948,1.0000,false
V4T009224,338.528986,-26.258599,ELG,0.27536238,1.0000,false
V4T009225,344.376144,-18.072223,QSO,0.06560889,1.7000,true
V4T009226,350.969999,-24.469796,BGS,1.26632824,0.4500,false
V4T009227,41.180994,-56.474261,BGS,1.20301788,0.4500,false
V4T009228,17.925612,-54.601396,ELG,0.57298902,1.0000,false
V4T009229,343.514175,-29.796810,QSO,0.15600892,1.7000,false
V4T009230,340.793111,-19.001669,LRG,0.28252627,1.0000,false
V4T009231,346.246204,-16.352621,BGS,0.64067727,0.4500,false
V4T009232,34.292887,-56.471260,ELG,1.23529069,1.0000,false
V4T009233,20.403393,-43.066206,Star,3.74428702,0.3000,false
V4T009234,344.194494,-27.384261,QSO,0.08651993,1.7000,false
V4T009235,354.016118,-19.135413,ELG,0.61850040,1.0000,false
V4T009236,351.636813,-40.587627,ELG,0.46037682,1.0000,false
V4T009237,32.862059,-40.176994,ELG,0.80188138,1.0000,false
V4T009238,353.396866,-19.020251,QSO,0.11504813,1.7000,false
V4T009239,354.898506,-31.415168,ELG,0.64514032,1.0000,false
V4T009240,32.304944,-48.111575,BGS,1.12096558,0.4500,false
V4T009241,348.378344,-13.229701,ELG,0.68432565,1.0000,false
V4T009242,29.811802,-49.474173,QSO,0.33180441,1.7000,false
V4T009243,38.049229,-53.257152,BGS,1.49680127,0.4500,false
V4T009244,41.462862,-49.946248,ELG,0.96137179,1.0000,false
V4T009245,354.138663,-36.037180,LRG,0.24535986,1.0000,false
V4T009246,32.384868,-34.796258,Star,5.06188962,0.3000,false
V4T009247,39.670881,-39.880891,ELG,0.70025609,1.0000,false
V4T009248,348.165007,-18.436359,ELG,0.50382156,1.0000,false
V4T009249,346.343224,-18.246988,LRG,0.45294588,1.0000,true
V4T009250,24.247652,-39.647268,BGS,1.84241371,0.4500,false
V4T009251,341.630711,-33.653140,BGS,1.30518108,0.4500,false
V4T009252,44.503661,-40.324795,ELG,0.45892105,1.0000,false
V4T009253,350.041165,-26.028714,BGS,1.10485906,0.4500,false
V4T009254,38.902949,-35.095785,BGS,1.38101949,0.4500,true
V4T009255,47.263522,-57.176598,QSO,0.17254650,1.7000,false
V4T009256,350.996588,-23.209287,BGS,1.16185256,0.4500,false
V4T009257,344.137744,-21.485019,LRG,0.37815062,1.0000,true
V4T009258,26.578664,-36.812661,ELG,0.30837402,1.0000,false
V4T009259,335.102651,-26.342749,ELG,0.37287534,1.0000,false
V4T009260,342.121193,-38.357730,BGS,1.19291054,0.4500,false
V4T009261,351.498179,-25.755584,ELG,0.56695046,1.0000,false
V4T009262,343.720254,-29.972341,Star,3.37664727,0.3000,true
V4T009263,355.854631,-24.831377,BGS,1.11034342,0.4500,false
V4T009264,353.786128,-36.225017,ELG,0.38549496,1.0000,false
V4T009265,344.302184,-17.419735,ELG,0.42110673,1.0000,false
V4T009266,345.473645,-32.388412,Star,3.79983809,0.3000,false
V4T009267,335.410752,-31.178555,BGS,1.00673165,0.4500,false
V4T009268,21.817485,-43.080695,ELG,0.87025416,1.0000,false
V4T009269,346.391345,-34.467268,ELG,0.40947274,1.0000,false
V4T009270,340.567486,-28.931900,LRG,0.21476973,1.0000,false
V4T009271,346.472402,-36.259266,ELG,0.54718184,1.0000,false
V4T009272,41.709232,-58.900766,BGS,1.76634085,0.4500,false
V4T009273,350.573470,-18.806444,ELG,0.70868332,1.0000,false
V4T009274,35.003020,-42.388484,LRG,0.14855988,1.0000,false
V4T009275,342.602105,-29.636449,LRG,0.36449470,1.0000,false
V4T009276,39.856132,-55.820103,ELG,0.27123208,1.0000,false
V4T009277,354.649255,-35.867290,ELG,0.32377317,1.0000,false
V4T009278,335.234535,-27.527225,BGS,1.08168429,0.4500,false
V4T009279,49.295356,-43.481028,BGS,2.25887445,0.4500,false
V4T009280,351.263272,-24.592917,ELG,0.56286006,1.0000,false
V4T009281,42.193864,-51.216361,LRG,0.26900851,1.0000,false
V4T009282,344.675192,-28.294754,Star,4.16299318,0.3000,false
V4T009283,33.491585,-55.811312,ELG,0.73952409,1.0000,false
V4T009284,342.789579,-29.834754,Star,3.19955940,0.3000,false
V4T009285,28.407595,-43.795712,ELG,0.43017721,1.0000,false
V4T009286,44.648347,-44.084010,BGS,1.00100029,0.4500,false
V4T009287,43.659158,-54.083128,LRG,0.48883870,1.0000,false
V4T009288,352.281169,-25.173874,ELG,0.29012544,1.0000,false
V4T009289,20.242746,-41.759050,BGS,1.24082245,0.4500,false
V4T009290,333.376068,-25.290771,ELG,0.48066331,1.0000,false
V4T009291,356.498585,-26.911130,LRG,0.49357166,1.0000,false
V4T009292,345.917741,-23.261893,BGS,0.96465063,0.4500,true
V4T009293,36.124906,-58.083643,BGS,1.19247904,0.4500,false
V4T009294,347.663429,-22.778121,BGS,1.57517308,0.4500,false
V4T009295,38.337123,-35.431091,BGS,1.18261163,0.4500,false
V4T009296,345.687074,-38.411891,BGS,0.73338869,0.4500,false
V4T009297,40.789929,-50.056270,ELG,0.75584294,1.0000,false
V4T009298,342.962024,-24.527073,ELG,0.34081139,1.0000,false
V4T009299,0.789389,-26.004964,LRG,0.38237474,1.0000,false
V4T009300,40.722894,-49.995863,Star,4.69604248,0.3000,false
V4T009301,335.856961,-20.389993,Star,4.29563512,0.3000,false
V4T009302,344.458309,-16.660809,ELG,0.27957841,1.0000,false
V4T009303,345.809301,-35.134767,ELG,0.97829751,1.0000,false
V4T009304,356.243276,-22.613327,BGS,0.88580474,0.4500,false
V4T009305,354.152097,-26.032181,BGS,1.41145397,0.4500,false
V4T009306,335.807971,-31.603620,QSO,0.13815666,1.7000,false
V4T009307,30.087982,-52.583409,QSO,0.08184245,1.7000,false
V4T009308,341.244712,-25.582748,BGS,1.61298563,0.4500,true
V4T009309,354.487370,-22.481763,QSO,0.30356426,1.7000,false
V4T009310,20.526754,-42.883738,ELG,0.81288460,1.0000,false
V4T009311,346.677776,-22.255294,Star,3.13807697,0.3000,false
V4T009312,345.261208,-27.298513,ELG,0.29255786,1.0000,false
V4T009313,46.461717,-46.441925,BGS,1.11379073,0.4500,false
V4T009314,346.767181,-35.046316,BGS,1.87113470,0.4500,false
V4T009315,41.542959,-58.879784,ELG,0.60275896,1.0000,false
V4T009316,345.646888,-36.696526,BGS,1.82350546,0.4500,false
V4T009317,34.802148,-42.033117,BGS,1.47454805,0.4500,false
V4T009318,43.755482,-54.811973,ELG,0.55426867,1.0000,false
V4T009319,353.390230,-36.460659,Star,3.78598961,0.3000,false
V4T009320,48.231660,-42.156084,ELG,0.57646333,1.0000,false
V4T009321,19.349110,-52.728745,QSO,0.13974948,1.7000,false
V4T009322,359.090605,-22.764901,LRG,0.29560637,1.0000,false
V4T009323,40.726241,-43.306485,Star,5.82961620,0.3000,false
V4T009324,349.906450,-14.636721,Star,4.14802016,0.3000,false
V4T009325,43.493018,-48.438077,LRG,0.32401200,1.0000,false
V4T009326,340.798295,-33.786301,BGS,1.45120042,0.4500,false
V4T009327,351.223040,-24.522092,QSO,0.20340521,1.7000,false
V4T009328,342.943502,-24.959306,BGS,1.45482138,0.4500,false
V4T009329,341.127003,-41.138854,QSO,0.26779169,1.7000,false
V4T009330,40.841145,-58.870585,Star,2.49193749,0.3000,false
V4T009331,339.457285,-39.586693,LRG,0.51031121,1.0000,false
V4T009332,340.095637,-36.712070,ELG,0.79077179,1.0000,false
V4T009333,339.229659,-28.004086,Star,2.98674300,0.3000,false
V4T009334,41.149594,-40.596395,ELG,0.72080344,1.0000,false
V4T009335,338.489664,-36.444440,QSO,0.09668724,1.7000,false
V4T009336,351.713124,-25.011764,ELG,0.56640770,1.0000,false
V4T009337,358.089481,-35.431794,Star,4.75245431,0.3000,false
V4T009338,35.947107,-42.927295,BGS,1.13604438,0.4500,false
V4T009339,343.350529,-20.241376,LRG,0.26925208,1.0000,false
V4T009340,355.514345,-26.323139,ELG,0.42423868,1.0000,false
V4T009341,31.497241,-57.278988,LRG,0.36922042,1.0000,false
V4T009342,340.217866,-38.268774,ELG,0.50805371,1.0000,false
V4T009343,344.718996,-30.009544,QSO,0.18495990,1.7000,false
V4T009344,29.836163,-47.128440,ELG,0.60530728,1.0000,false
V4T009345,345.140545,-23.030347,QSO,0.07180625,1.7000,false
V4T009346,49.488953,-47.840881,LRG,0.45726843,1.0000,false
V4T009347,21.016812,-50.556805,QSO,0.08259519,1.7000,false
V4T009348,356.815737,-36.114608,ELG,0.91504612,1.0000,false
V4T009349,348.381895,-20.005359,BGS,0.89386266,0.4500,false
V4T009350,48.611764,-42.077765,Star,4.16243146,0.3000,false
V4T009351,32.800865,-48.512887,ELG,0.36339972,1.0000,true
V4T009352,18.833097,-46.424166,Star,3.98750760,0.3000,false
V4T009353,41.791623,-50.115632,ELG,0.50039540,1.0000,false
V4T009354,342.618337,-35.290499,LRG,0.62387137,1.0000,false
V4T009355,342.549438,-41.764969,LRG,0.29002555,1.0000,false
V4T009356,344.181852,-27.717219,ELG,0.89293909,1.0000,false
V4T009357,345.737456,-20.394528,BGS,1.25254580,0.4500,false
V4T009358,48.148168,-41.572274,BGS,1.06357919,0.4500,false
V4T009359,352.917338,-26.967969,BGS,0.80170232,0.4500,false
V4T009360,346.432442,-34.610009,QSO,0.16174678,1.7000,false
V4T009361,336.108169,-23.128452,ELG,0.56444411,1.0000,false
V4T009362,40.339799,-50.418344,BGS,1.39093090,0.4500,false
V4T009363,357.350026,-35.990201,ELG,0.68478540,1.0000,false
V4T009364,345.609940,-36.011975,LRG,0.31406597,1.0000,false
V4T009365,41.189015,-54.302216,LRG,0.28319283,1.0000,false
V4T009366,37.571618,-56.477952,QSO,0.27613792,1.7000,false
V4T009367,346.641952,-35.378043,BGS,1.48104978,0.4500,true
V4T009368,338.215511,-38.379642,BGS,0.88618663,0.4500,false
V4T009369,45.876758,-38.808012,ELG,0.47605006,1.0000,false
V4T009370,344.947941,-27.749731,ELG,0.50372299,1.0000,false
V4T009371,37.173305,-50.184719,ELG,0.74477830,1.0000,false
V4T009372,347.579745,-27.157064,QSO,0.26608050,1.7000,false
V4T009373,357.602679,-38.765084,QSO,0.14456368,1.7000,false
V4T009374,346.812961,-34.397455,BGS,1.02363341,0.4500,false
V4T009375,42.478450,-51.291528,QSO,0.21010026,1.7000,false
V4T009376,29.949367,-36.992056,ELG,0.42541971,1.0000,false
V4T009377,351.494681,-40.204393,BGS,0.84950822,0.4500,false
V4T009378,23.693785,-55.257171,BGS,1.41185028,0.4500,false
V4T009379,342.943612,-35.325922,BGS,0.76563408,0.4500,false
V4T009380,43.296724,-43.722061,LRG,0.71209794,1.0000,false
V4T009381,333.198854,-25.399246,ELG,0.74548811,1.0000,false
V4T009382,45.119876,-51.697734,QSO,0.35563380,1.7000,false
V4T009383,38.006950,-47.206881,Star,7.28302351,0.3000,true
V4T009384,27.556627,-55.341498,QSO,0.15569695,1.7000,false
V4T009385,341.698139,-28.682009,BGS,1.11471136,0.4500,true
V4T009386,345.906924,-37.999041,QSO,0.09158994,1.7000,false
V4T009387,39.617312,-58.945022,BGS,0.83556342,0.4500,false
V4T009388,21.721276,-48.697805,LRG,0.24403660,1.0000,false
V4T009389,332.819907,-26.458965,QSO,0.10910073,1.7000,true
V4T009390,39.798606,-39.459713,Star,3.42561593,0.3000,false
V4T009391,344.212712,-29.648868,BGS,0.77340418,0.4500,true
V4T009392,52.491353,-48.499955,LRG,0.42155147,1.0000,false
V4T009393,32.541548,-43.143150,LRG,0.32054830,1.0000,false
V4T009394,346.788475,-21.045063,QSO,0.17833034,1.7000,false
V4T009395,358.823247,-22.428106,ELG,0.30142999,1.0000,false
V4T009396,23.118032,-53.492212,LRG,0.42370606,1.0000,false
V4T009397,344.007885,-27.522189,ELG,0.24906720,1.0000,false
V4T009398,351.654751,-24.197151,ELG,0.76230327,1.0000,false
V4T009399,39.790154,-59.024788,ELG,0.41732970,1.0000,false
V4T009400,341.818887,-39.226911,QSO,0.10643695,1.7000,true
