target_id,ra_deg,dec_deg,target_class,feature_flux,science_weight,required
V4T000001,337.692386,-30.333491,LRG,0.22304672,1.0000,false
V4T000002,343.422107,-26.075542,BGS,1.18700361,0.4500,true
V4T000003,349.476402,-17.658711,BGS,1.76563170,0.4500,false
V4T000004,56.471287,-51.600626,Star,4.05488311,0.3000,false
V4T000005,16.482550,-49.604764,Star,5.78415236,0.3000,false
V4T000006,29.980388,-39.610883,ELG,0.63473540,1.0000,false
V4T000007,359.453534,-35.508918,LRG,0.34541198,1.0000,false
V4T000008,346.141982,-28.568845,LRG,0.46562646,1.0000,false
V4T000009,24.902307,-52.391924,QSO,0.36142609,1.7000,false
V4T000010,36.662006,-40.394575,ELG,0.68078208,1.0000,false
V4T000011,23.653849,-48.005091,ELG,0.83167909,1.0000,false
V4T000012,345.737792,-16.982164,BGS,0.82449550,0.4500,false
V4T000013,24.373968,-52.087628,QSO,0.29302906,1.7000,false
V4T000014,45.903739,-46.661090,Star,3.93537560,0.3000,false
V4T000015,346.007255,-28.353423,ELG,0.41286368,1.0000,false
V4T000016,342.426381,-23.277079,LRG,0.29844918,1.0000,true
V4T000017,339.654539,-33.256562,BGS,1.15512314,0.4500,false
V4T000018,345.746223,-30.417475,LRG,0.37171980,1.0000,false
V4T000019,343.204097,-26.342045,LRG,0.30327809,1.0000,false
V4T000020,348.134893,-31.277639,LRG,0.42341165,1.0000,false
V4T000021,34.226957,-53.898559,ELG,0.73958398,1.0000,false
V4T000022,342.898788,-26.981884,QSO,0.17877193,1.7000,false
V4T000023,343.449635,-27.318242,QSO,0.17995870,1.7000,true
V4T000024,53.320597,-40.569960,ELG,0.47606735,1.0000,false
V4T000025,347.765819,-17.030134,ELG,0.35187699,1.0000,false
V4T000026,347.409877,-18.785157,ELG,0.76408918,1.0000,false
V4T000027,338.754353,-33.877035,LRG,0.42012664,1.0000,false
V4T000028,48.464867,-33.653303,ELG,0.63386731,1.0000,false
V4T000029,346.326846,-29.074244,ELG,0.83294939,1.0000,false
V4T000030,30.542620,-54.657393,ELG,0.52209769,1.0000,true
V4T000031,23.037032,-48.788426,ELG,0.70889302,1.0000,false
V4T000032,0.390312,-19.319076,BGS,1.67877976,0.4500,false
V4T000033,47.571467,-41.060507,BGS,0.73055641,0.4500,false
V4T000034,44.236166,-42.388790,ELG,0.34410032,1.0000,false
V4T000035,338.093579,-25.111027,QSO,0.06176426,1.7000,false
V4T000036,350.622645,-16.256405,ELG,0.40718431,1.0000,false
V4T000037,34.087090,-51.967224,LRG,0.42057184,1.0000,true
V4T000038,359.498439,-26.119252,LRG,0.57501309,1.0000,false
V4T000039,54.793823,-54.733521,Star,3.89478169,0.3000,false
V4T000040,345.733566,-38.656394,QSO,0.25910392,1.7000,false
V4T000041,340.841801,-32.963920,LRG,0.50243357,1.0000,false
V4T000042,22.309382,-49.335921,ELG,0.40265899,1.0000,false
V4T000043,344.987416,-27.542318,ELG,0.25086024,1.0000,false
V4T000044,21.694623,-58.086657,ELG,0.57732069,1.0000,false
V4T000045,342.968095,-26.679123,QSO,0.16692601,1.7000,false
V4T000046,345.033352,-29.094030,LRG,0.28574048,1.0000,false
V4T000047,24.533043,-52.081930,ELG,0.94645733,1.0000,false
V4T000048,341.235004,-27.732696,ELG,0.75708678,1.0000,false
V4T000049,38.343388,-59.425284,ELG,0.57178670,1.0000,false
V4T000050,41.011255,-38.187695,QSO,0.22820237,1.7000,false
V4T000051,357.372648,-25.243776,ELG,0.41384092,1.0000,false
V4T000052,0.215439,-30.079708,BGS,1.06226243,0.4500,false
V4T000053,29.913903,-46.458320,ELG,1.01912599,1.0000,true
V4T000054,338.060898,-31.178381,LRG,0.50116218,1.0000,false
V4T000055,1.414753,-32.608766,BGS,1.70103834,0.4500,false
V4T000056,343.660382,-26.103640,BGS,1.61008528,0.4500,false
V4T000057,337.804569,-31.243182,LRG,0.38811049,1.0000,false
V4T000058,49.218914,-41.464737,QSO,0.11585034,1.7000,false
V4T000059,341.290281,-16.806990,LRG,0.57338283,1.0000,false
V4T000060,51.061460,-47.182329,BGS,1.52679595,0.4500,false
V4T000061,0.632564,-19.181534,BGS,1.18532392,0.4500,true
V4T000062,50.412407,-41.341600,BGS,1.76693382,0.4500,false
V4T000063,344.918524,-26.170078,BGS,0.82299074,0.4500,false
V4T000064,357.998094,-22.668313,BGS,1.09458550,0.4500,false
V4T000065,30.978387,-54.194662,BGS,1.34189707,0.4500,false
V4T000066,342.973110,-26.913305,BGS,0.94089763,0.4500,false
V4T000067,26.174324,-51.279431,LRG,0.49976530,1.0000,false
V4T000068,347.769740,-18.368543,LRG,0.49161999,1.0000,false
V4T000069,39.962294,-38.870573,ELG,0.39934957,1.0000,false
V4T000070,0.527130,-33.245051,LRG,0.25665554,1.0000,false
V4T000071,338.739521,-32.939690,ELG,0.33255612,1.0000,false
V4T000072,49.898857,-33.411016,Star,3.64127301,0.3000,false
V4T000073,348.380347,-33.026812,ELG,0.36783287,1.0000,false
V4T000074,345.046027,-28.840930,BGS,1.57696205,0.4500,false
V4T000075,35.803516,-42.473533,QSO,0.73360654,1.7000,false
V4T000076,37.345760,-41.053607,BGS,1.90263495,0.4500,false
V4T000077,29.031335,-52.946869,ELG,0.42809037,1.0000,true
V4T000078,338.183451,-31.807250,LRG,0.36450325,1.0000,false
V4T000079,0.717488,-19.842048,QSO,0.25770170,1.7000,false
V4T000080,338.039801,-26.185328,LRG,0.23327302,1.0000,false
V4T000081,352.480739,-30.097197,LRG,0.31915305,1.0000,false
V4T000082,26.510637,-35.294301,ELG,0.43911337,1.0000,false
V4T000083,25.150464,-52.930813,LRG,0.52273735,1.0000,false
V4T000084,52.416499,-44.954590,BGS,1.71187067,0.4500,false
V4T000085,31.132597,-42.689477,BGS,0.97605519,0.4500,false
V4T000086,347.281702,-32.814289,BGS,0.87490530,0.4500,false
V4T000087,341.955290,-34.729425,BGS,1.14275570,0.4500,false
V4T000088,3.603969,-28.964380,QSO,0.20366476,1.7000,false
V4T000089,37.241869,-57.769501,LRG,0.55507826,1.0000,false
V4T000090,45.471240,-60.884600,LRG,0.29157281,1.0000,false
V4T000091,25.917313,-51.537945,Star,4.30883633,0.3000,false
V4T000092,352.147874,-28.064183,ELG,0.32514296,1.0000,false
V4T000093,345.118262,-37.280058,BGS,1.33818260,0.4500,false
V4T000094,346.772544,-23.472890,ELG,1.03131710,1.0000,false
V4T000095,56.735851,-48.600546,QSO,0.22155761,1.7000,false
V4T000096,340.130095,-34.311690,LRG,0.32776649,1.0000,false
V4T000097,18.925914,-50.002332,QSO,0.19756751,1.7000,false
V4T000098,341.967601,-33.702244,BGS,1.29715902,0.4500,false
V4T000099,30.889612,-60.997526,Star,3.95777709,0.3000,false
V4T000100,53.233103,-47.090702,ELG,0.52466234,1.0000,false
V4T000101,49.675488,-43.307919,ELG,0.93317026,1.0000,false
V4T000102,349.504678,-18.338113,LRG,0.24660826,1.0000,false
V4T000103,50.201352,-42.248493,ELG,0.78854484,1.0000,false
V4T000104,37.920965,-58.341255,ELG,0.60928917,1.0000,false
V4T000105,53.316561,-44.720382,ELG,0.34319182,1.0000,false
V4T000106,350.652970,-16.013252,BGS,1.11413476,0.4500,false
V4T000107,343.059828,-27.272409,BGS,1.07631605,0.4500,false
V4T000108,20.665544,-55.852198,ELG,0.70362150,1.0000,false
V4T000109,30.924088,-35.789215,ELG,0.53539730,1.0000,false
V4T000110,20.504418,-41.356669,QSO,0.06812899,1.7000,false
V4T000111,357.844955,-34.546810,ELG,0.42626578,1.0000,false
V4T000112,25.717262,-38.671605,ELG,0.76951840,1.0000,false
V4T000113,356.383465,-19.439364,BGS,1.93049472,0.4500,false
V4T000114,352.186208,-28.963998,BGS,1.34832041,0.4500,false
V4T000115,50.145689,-33.320270,BGS,1.03610748,0.4500,false
V4T000116,356.511251,-32.103093,LRG,0.36571865,1.0000,true
V4T000117,22.320472,-50.451691,BGS,1.17338937,0.4500,false
V4T000118,344.239195,-28.436362,QSO,0.11339844,1.7000,false
V4T000119,0.399544,-19.941181,Star,2.69385508,0.3000,false
V4T000120,344.363078,-18.824746,LRG,0.30152215,1.0000,false
V4T000121,356.059794,-34.107432,BGS,1.06511714,0.4500,false
V4T000122,352.515064,-27.871454,BGS,0.93543678,0.4500,false
V4T000123,345.447214,-17.937021,QSO,0.23056599,1.7000,false
V4T000124,45.525001,-45.412417,BGS,1.30913395,0.4500,false
V4T000125,342.223095,-27.271554,BGS,1.12428569,0.4500,false
V4T000126,29.239996,-46.789745,BGS,1.67270752,0.4500,false
V4T000127,44.169832,-55.771367,ELG,0.24352625,1.0000,false
V4T000128,349.025443,-20.055547,BGS,1.35157637,0.4500,false
V4T000129,356.952610,-23.007646,LRG,0.42933597,1.0000,false
V4T000130,353.018974,-27.883429,Star,3.36268097,0.3000,false
V4T000131,0.973775,-19.714993,BGS,0.83101733,0.4500,false
V4T000132,36.760032,-40.720718,Star,6.03759507,0.3000,false
V4T000133,50.052525,-42.602736,LRG,0.35552982,1.0000,false
V4T000134,352.844198,-22.674223,BGS,1.24956245,0.4500,false
V4T000135,53.899218,-55.068924,BGS,1.60199572,0.4500,false
V4T000136,29.639078,-54.504834,BGS,1.29059740,0.4500,false
V4T000137,336.818641,-21.052882,BGS,1.40040590,0.4500,false
V4T000138,352.771047,-36.019897,BGS,1.71560267,0.4500,false
V4T000139,351.237904,-15.791728,BGS,1.00295020,0.4500,false
V4T000140,54.249041,-47.853675,QSO,0.37415254,1.7000,false
V4T000141,355.781570,-17.737090,ELG,0.25435226,1.0000,false
V4T000142,354.889197,-17.138508,BGS,1.14176917,0.4500,false
V4T000143,26.397063,-37.158320,QSO,0.38842283,1.7000,false
V4T000144,23.980487,-36.845835,ELG,0.65506594,1.0000,false
V4T000145,52.466774,-45.219417,ELG,0.64174294,1.0000,false
V4T000146,346.495041,-17.847561,ELG,0.50657793,1.0000,false
V4T000147,47.660274,-60.215535,LRG,0.53825993,1.0000,false
V4T000148,24.044743,-51.434878,LRG,0.23304721,1.0000,false
V4T000149,340.943771,-33.333686,ELG,0.43763488,1.0000,false
V4T000150,342.249408,-30.196807,ELG,0.94180810,1.0000,false
V4T000151,352.827661,-36.985772,BGS,1.12267606,0.4500,false
V4T000152,359.537534,-26.985140,BGS,1.45002578,0.4500,false
V4T000153,341.986652,-17.645313,LRG,0.36085553,1.0000,true
V4T000154,345.773085,-28.621473,ELG,0.58723041,1.0000,false
V4T000155,18.319803,-46.588599,ELG,0.70257742,1.0000,false
V4T000156,54.490931,-38.663636,ELG,0.58104540,1.0000,false
V4T000157,49.433869,-41.954524,BGS,0.64477171,0.4500,false
V4T000158,55.878871,-54.413512,ELG,0.32610255,1.0000,false
V4T000159,355.215036,-34.643391,ELG,0.46641547,1.0000,false
V4T000160,37.273526,-31.510991,ELG,0.68778710,1.0000,false
V4T000161,338.429723,-20.255771,ELG,0.50597606,1.0000,false
V4T000162,344.631922,-37.521115,BGS,2.23241513,0.4500,true
V4T000163,348.667041,-38.674869,BGS,1.28666170,0.4500,false
V4T000164,349.508616,-26.195086,QSO,0.19679700,1.7000,false
V4T000165,26.022962,-43.727348,QSO,0.08410555,1.7000,false
V4T000166,31.589137,-53.698750,ELG,0.31738550,1.0000,false
V4T000167,29.988674,-57.991598,LRG,0.50136543,1.0000,false
V4T000168,27.567641,-52.920894,BGS,1.96584525,0.4500,false
V4T000169,339.332690,-34.647971,BGS,0.75430355,0.4500,false
V4T000170,24.421876,-49.490357,Star,3.39235153,0.3000,false
V4T000171,45.868281,-33.023941,BGS,0.97371335,0.4500,false
V4T000172,355.501563,-19.829109,LRG,0.27337686,1.0000,false
V4T000173,0.523388,-20.427281,ELG,0.83976332,1.0000,false
V4T000174,40.712698,-45.006054,BGS,1.42232944,0.4500,false
V4T000175,28.551378,-54.264061,QSO,0.09338105,1.7000,false
V4T000176,36.038676,-41.818365,LRG,0.57875090,1.0000,false
V4T000177,32.936852,-58.096917,QSO,0.34021584,1.7000,false
V4T000178,22.192370,-55.179982,QSO,0.09907934,1.7000,false
V4T000179,345.399291,-24.319201,LRG,0.36365467,1.0000,false
V4T000180,352.465105,-28.277987,ELG,0.56268357,1.0000,false
V4T000181,40.861710,-42.429371,BGS,0.98909817,0.4500,false
V4T000182,343.863886,-26.428392,LRG,0.26807556,1.0000,false
V4T000183,30.249245,-53.773864,Star,3.12419770,0.3000,false
V4T000184,39.841410,-42.044037,LRG,0.29874934,1.0000,false
V4T000185,16.273456,-45.480542,Star,3.12896361,0.3000,false
V4T000186,343.274935,-30.137673,ELG,0.77951943,1.0000,false
V4T000187,343.001515,-26.378637,BGS,1.11751087,0.4500,false
V4T000188,354.424290,-19.159270,QSO,0.26918658,1.7000,false
V4T000189,52.695214,-47.338364,QSO,0.20962111,1.7000,false
V4T000190,357.307941,-28.380163,ELG,0.47080717,1.0000,false
V4T000191,29.954151,-53.531745,QSO,0.12958161,1.7000,false
V4T000192,0.965244,-19.293714,LRG,0.36180487,1.0000,false
V4T000193,35.036113,-38.616352,QSO,0.24027616,1.7000,false
V4T000194,342.393023,-33.825020,ELG,0.32998993,1.0000,false
V4T000195,36.290310,-32.195280,ELG,0.64015699,1.0000,false
V4T000196,29.940399,-53.854812,BGS,1.82096258,0.4500,false
V4T000197,51.666189,-41.136259,ELG,0.46074616,1.0000,false
V4T000198,348.535465,-21.758390,LRG,0.38419189,1.0000,false
V4T000199,344.600217,-26.092638,QSO,0.12409091,1.7000,false
V4T000200,50.806669,-41.843117,BGS,2.33401817,0.4500,false
V4T000201,26.631768,-52.931820,BGS,1.47219120,0.4500,false
V4T000202,345.974459,-17.843979,ELG,0.51442314,1.0000,false
V4T000203,352.560469,-29.347380,QSO,0.16339748,1.7000,false
V4T000204,23.399189,-51.616962,QSO,0.14609951,1.7000,false
V4T000205,341.520546,-34.659879,ELG,0.64804445,1.0000,false
V4T000206,32.452854,-54.075836,LRG,0.20246726,1.0000,false
V4T000207,339.422161,-35.260658,QSO,0.22544412,1.7000,false
V4T000208,344.630603,-28.937436,ELG,0.16606784,1.0000,false
V4T000209,43.802704,-36.748599,ELG,0.45874803,1.0000,false
V4T000210,45.924395,-46.492073,ELG,0.39263180,1.0000,false
V4T000211,33.371447,-36.959852,LRG,0.47512645,1.0000,false
V4T000212,24.970241,-52.485870,BGS,1.23331508,0.4500,false
V4T000213,1.064850,-31.504702,ELG,0.34388208,1.0000,false
V4T000214,28.943621,-52.805885,QSO,0.26407920,1.7000,false
V4T000215,349.527872,-21.154487,ELG,0.43202472,1.0000,false
V4T000216,26.811512,-44.366401,ELG,0.84801109,1.0000,false
V4T000217,51.878612,-53.043506,ELG,0.58237148,1.0000,false
V4T000218,339.518781,-32.351853,Star,5.61603631,0.3000,false
V4T000219,344.888090,-29.163336,QSO,0.16131317,1.7000,false
V4T000220,344.290401,-27.096429,BGS,2.45660094,0.4500,false
V4T000221,1.326005,-22.393083,LRG,0.53776012,1.0000,false
V4T000222,29.894121,-54.402149,LRG,0.87742032,1.0000,false
V4T000223,32.136694,-61.602330,ELG,0.47698038,1.0000,false
V4T000224,359.363901,-21.970093,Star,2.95617329,0.3000,false
V4T000225,41.732590,-31.320974,LRG,0.55005193,1.0000,false
V4T000226,16.489467,-51.370939,ELG,0.31343934,1.0000,true
V4T000227,30.402074,-54.611884,LRG,0.52991516,1.0000,false
V4T000228,53.691446,-49.277280,ELG,0.61296948,1.0000,false
V4T000229,54.626834,-49.656329,QSO,0.43589592,1.7000,false
V4T000230,33.053833,-48.676887,ELG,0.28037539,1.0000,false
V4T000231,30.351547,-60.788636,QSO,0.08890086,1.7000,false
V4T000232,29.849354,-53.858734,BGS,1.27567228,0.4500,false
V4T000233,349.903074,-31.780488,ELG,1.41647717,1.0000,false
V4T000234,46.881913,-42.824465,ELG,1.14520171,1.0000,false
V4T000235,353.001169,-28.976840,LRG,0.31909614,1.0000,false
V4T000236,32.577807,-59.852793,QSO,0.12869531,1.7000,false
V4T000237,22.688611,-53.221362,ELG,0.46167212,1.0000,false
V4T000238,30.372654,-53.500449,LRG,0.36255481,1.0000,false
V4T000239,354.041047,-20.531805,Star,3.31129456,0.3000,true
V4T000240,21.003963,-43.713806,BGS,0.75745622,0.4500,false
V4T000241,54.274431,-45.739632,QSO,0.17071995,1.7000,false
V4T000242,47.448991,-40.374155,ELG,1.31752032,1.0000,false
V4T000243,347.343371,-32.733628,Star,4.58165818,0.3000,false
V4T000244,52.710827,-54.578558,BGS,1.35383795,0.4500,false
V4T000245,339.902304,-33.952070,LRG,0.27925928,1.0000,false
V4T000246,344.916276,-19.110058,ELG,0.33142118,1.0000,false
V4T000247,54.725467,-52.403578,ELG,1.05032230,1.0000,false
V4T000248,50.880666,-42.489470,QSO,0.19801736,1.7000,false
V4T000249,46.636312,-35.189911,ELG,0.66759729,1.0000,false
V4T000250,0.379038,-19.443199,LRG,0.30930457,1.0000,false
V4T000251,28.691848,-53.223438,ELG,0.43505851,1.0000,false
V4T000252,51.973933,-44.039177,LRG,0.44020323,1.0000,false
V4T000253,353.917811,-23.190425,LRG,0.45713350,1.0000,false
V4T000254,24.108933,-51.963034,QSO,0.20976104,1.7000,false
V4T000255,357.197527,-27.098108,BGS,1.13968464,0.4500,false
V4T000256,37.506947,-43.054000,LRG,0.25284411,1.0000,false
V4T000257,347.554939,-34.667138,ELG,0.18981655,1.0000,false
V4T000258,42.471366,-58.615486,ELG,0.74799457,1.0000,false
V4T000259,29.180403,-36.858917,Star,5.15891360,0.3000,false
V4T000260,50.301760,-41.712374,ELG,0.53753538,1.0000,false
V4T000261,35.200563,-43.629607,LRG,0.48261983,1.0000,false
V4T000262,28.433641,-36.850341,Star,1.98275357,0.3000,false
V4T000263,342.264031,-33.171590,BGS,1.44159864,0.4500,false
V4T000264,339.775536,-33.478846,BGS,1.09828899,0.4500,false
V4T000265,351.221769,-38.042229,ELG,0.28075841,1.0000,false
V4T000266,346.462159,-25.701834,ELG,0.90087128,1.0000,false
V4T000267,353.718253,-23.176863,LRG,0.43151209,1.0000,false
V4T000268,38.789159,-35.243237,QSO,0.04541291,1.7000,false
V4T000269,49.110805,-42.544980,ELG,0.79421964,1.0000,false
V4T000270,347.453052,-37.612453,ELG,0.74272806,1.0000,false
V4T000271,25.099645,-52.335243,ELG,0.64040529,1.0000,false
V4T000272,50.824440,-41.368543,QSO,0.25860312,1.7000,false
V4T000273,20.538056,-46.613487,ELG,0.47678585,1.0000,false
V4T000274,352.496157,-27.393256,ELG,0.48332216,1.0000,false
V4T000275,23.128487,-40.947117,BGS,1.51759005,0.4500,false
V4T000276,55.871944,-54.121234,BGS,1.49142464,0.4500,false
V4T000277,347.005191,-36.430051,ELG,0.64765825,1.0000,false
V4T000278,357.445240,-18.211787,BGS,0.83041519,0.4500,false
V4T000279,3.354261,-22.439816,LRG,0.27562678,1.0000,false
V4T000280,346.168956,-32.808302,BGS,1.58124620,0.4500,false
V4T000281,56.123901,-54.704930,QSO,0.18654636,1.7000,false
V4T000282,346.406267,-17.585965,Star,2.85361483,0.3000,false
V4T000283,353.648184,-27.369723,QSO,0.18478574,1.7000,false
V4T000284,51.441358,-42.359665,LRG,0.29316124,1.0000,false
V4T000285,58.022845,-44.157515,BGS,0.70698026,0.4500,false
V4T000286,16.271318,-50.688969,ELG,0.69093284,1.0000,false
V4T000287,348.195602,-39.750779,BGS,1.27610078,0.4500,false
V4T000288,40.174180,-47.444669,ELG,1.04325243,1.0000,false
V4T000289,37.920142,-32.617721,ELG,0.35860683,1.0000,false
V4T000290,29.337469,-54.487622,LRG,0.21348921,1.0000,false
V4T000291,23.138382,-43.454532,BGS,2.56555597,0.4500,false
V4T000292,47.870864,-60.316707,ELG,0.80296852,1.0000,false
V4T000293,2.711436,-23.398321,LRG,0.50087296,1.0000,false
V4T000294,33.333636,-32.614910,LRG,0.45172301,1.0000,false
V4T000295,21.216640,-43.503797,ELG,1.02722534,1.0000,false
V4T000296,359.156227,-19.230230,LRG,0.36748640,1.0000,false
V4T000297,352.574963,-29.134054,ELG,0.88024307,1.0000,false
V4T000298,37.289875,-59.277000,BGS,1.29455108,0.4500,false
V4T000299,351.706519,-32.603220,LRG,0.30964610,1.0000,false
V4T000300,346.570972,-27.273309,LRG,0.54779597,1.0000,false
V4T000301,352.425659,-28.294549,QSO,0.08165084,1.7000,false
V4T000302,21.625678,-55.790311,ELG,0.81979401,1.0000,false
V4T000303,14.183861,-51.381239,ELG,0.59895681,1.0000,false
V4T000304,48.675492,-47.240376,BGS,0.98686925,0.4500,false
V4T000305,41.189662,-40.097908,QSO,0.33284786,1.7000,false
V4T000306,42.023943,-45.674859,QSO,0.18260136,1.7000,false
V4T000307,349.451524,-24.448013,LRG,0.28676674,1.0000,false
V4T000308,24.801679,-51.840733,QSO,0.12861425,1.7000,false
V4T000309,20.505229,-43.781724,LRG,0.50799748,1.0000,false
V4T000310,358.239176,-29.943838,Star,5.28498334,0.3000,false
V4T000311,30.119769,-53.180798,ELG,0.78463536,1.0000,false
V4T000312,23.232949,-50.352505,LRG,0.46934088,1.0000,false
V4T000313,15.091418,-53.043975,QSO,0.17693902,1.7000,false
V4T000314,28.313179,-62.100706,LRG,0.23692979,1.0000,false
V4T000315,352.211545,-18.121737,ELG,0.41078601,1.0000,false
V4T000316,21.842805,-41.351018,ELG,0.45330441,1.0000,false
V4T000317,349.186091,-29.461776,BGS,0.86486839,0.4500,false
V4T000318,36.754483,-41.562550,BGS,2.25943185,0.4500,false
V4T000319,37.040674,-41.265164,ELG,0.47542408,1.0000,true
V4T000320,35.682274,-40.379124,ELG,0.56500159,1.0000,false
V4T000321,49.482854,-49.320972,QSO,0.24665581,1.7000,false
V4T000322,37.183686,-40.635857,BGS,1.10600576,0.4500,false
V4T000323,350.937425,-24.887397,BGS,1.09946853,0.4500,false
V4T000324,45.609493,-49.393746,BGS,1.27428810,0.4500,false
V4T000325,344.873109,-28.640708,ELG,0.45571532,1.0000,true
V4T000326,55.703467,-54.414765,LRG,0.32167114,1.0000,false
V4T000327,352.841337,-27.697956,LRG,0.46265806,1.0000,false
V4T000328,33.827395,-49.430475,ELG,0.46040295,1.0000,false
V4T000329,22.553217,-45.944387,BGS,1.21573313,0.4500,false
V4T000330,341.884872,-21.384530,ELG,0.40228393,1.0000,false
V4T000331,342.693015,-25.419504,QSO,0.10173296,1.7000,false
V4T000332,343.678293,-25.752461,BGS,1.53370203,0.4500,false
V4T000333,347.999975,-26.941044,LRG,0.56637518,1.0000,false
V4T000334,338.068587,-29.335401,LRG,0.28712067,1.0000,false
V4T000335,344.896387,-29.552601,ELG,0.29749181,1.0000,false
V4T000336,49.371910,-58.969038,LRG,0.25785954,1.0000,false
V4T000337,353.582316,-28.820322,LRG,0.33580867,1.0000,false
V4T000338,345.722192,-17.916767,BGS,1.62480287,0.4500,false
V4T000339,21.473763,-52.182862,BGS,1.61590357,0.4500,false
V4T000340,23.924347,-51.006233,LRG,0.40590008,1.0000,false
V4T000341,44.902980,-49.860389,Star,5.02976850,0.3000,false
V4T000342,25.935972,-51.876799,QSO,0.20440081,1.7000,false
V4T000343,339.378938,-19.104699,LRG,0.23826456,1.0000,false
V4T000344,342.029877,-22.300427,Star,3.82411667,0.3000,false
V4T000345,37.025764,-32.132308,BGS,1.42422873,0.4500,false
V4T000346,43.745606,-34.325762,QSO,0.17075053,1.7000,false
V4T000347,346.507072,-27.005321,LRG,0.36606284,1.0000,true
V4T000348,343.227323,-33.319904,ELG,1.17288888,1.0000,false
V4T000349,21.335513,-44.478821,LRG,0.27537863,1.0000,false
V4T000350,58.842696,-45.402579,BGS,0.85115388,0.4500,false
V4T000351,28.582474,-53.589766,BGS,0.95667845,0.4500,false
V4T000352,49.977641,-42.413660,QSO,0.22975669,1.7000,false
V4T000353,34.950918,-45.861717,ELG,0.27261025,1.0000,false
V4T000354,1.421537,-22.558991,LRG,0.24503367,1.0000,false
V4T000355,28.243586,-60.046639,QSO,0.13005675,1.7000,false
V4T000356,16.109307,-45.036183,LRG,0.44391341,1.0000,false
V4T000357,343.126844,-29.533822,ELG,0.55860610,1.0000,false
V4T000358,35.679977,-56.035726,QSO,0.28465198,1.7000,false
V4T000359,32.669272,-44.922462,BGS,1.37370241,0.4500,false
V4T000360,352.268914,-22.299518,BGS,0.75727795,0.4500,false
V4T000361,348.085373,-35.329093,ELG,0.50150425,1.0000,false
V4T000362,40.143505,-50.978469,QSO,0.35713757,1.7000,false
V4T000363,28.768834,-58.827593,BGS,1.43800931,0.4500,false
V4T000364,351.416249,-33.433614,ELG,0.98998535,1.0000,false
V4T000365,35.848735,-41.697185,ELG,0.64174736,1.0000,false
V4T000366,341.250432,-32.826194,Star,4.89030035,0.3000,false
V4T000367,49.592273,-42.422863,BGS,0.94295450,0.4500,false
V4T000368,28.655527,-53.108420,QSO,0.15096602,1.7000,false
V4T000369,345.856573,-28.306266,BGS,1.68409267,0.4500,false
V4T000370,35.168580,-45.818599,QSO,0.14409694,1.7000,false
V4T000371,338.782267,-33.574319,ELG,0.89125801,1.0000,false
V4T000372,20.325113,-44.749759,LRG,0.50727113,1.0000,false
V4T000373,345.090745,-29.223375,ELG,0.26760108,1.0000,false
V4T000374,348.101634,-28.837289,ELG,0.73525097,1.0000,false
V4T000375,44.447399,-38.481441,QSO,0.21789061,1.7000,true
V4T000376,341.029248,-17.423251,BGS,1.11249233,0.4500,false
V4T000377,40.824721,-38.392882,ELG,0.36457914,1.0000,true
V4T000378,2.868706,-24.243059,ELG,0.61395931,1.0000,false
V4T000379,37.469889,-41.224445,BGS,1.10326639,0.4500,false
V4T000380,31.572494,-35.993193,LRG,0.38192463,1.0000,false
V4T000381,37.189278,-32.341577,BGS,0.71648980,0.4500,false
V4T000382,40.016689,-54.707134,ELG,0.41975060,1.0000,false
V4T000383,341.417884,-34.164995,ELG,0.73074114,1.0000,false
V4T000384,55.124715,-54.444071,LRG,0.23846467,1.0000,false
V4T000385,30.896355,-47.716489,ELG,0.29912290,1.0000,false
V4T000386,27.185926,-51.951690,QSO,0.35998772,1.7000,false
V4T000387,351.174354,-15.583896,ELG,1.18556754,1.0000,false
V4T000388,43.085046,-53.894635,ELG,0.51305543,1.0000,false
V4T000389,30.235068,-53.115351,ELG,0.53418248,1.0000,false
V4T000390,30.116959,-57.156698,Star,4.28028899,0.3000,false
V4T000391,25.642014,-54.747981,BGS,1.44634732,0.4500,false
V4T000392,44.426108,-58.372648,LRG,0.33571957,1.0000,false
V4T000393,39.299919,-56.855420,BGS,1.13554258,0.4500,false
V4T000394,27.419398,-47.684620,LRG,0.41879225,1.0000,false
V4T000395,22.485156,-39.204604,BGS,0.87249239,0.4500,false
V4T000396,342.920436,-28.984906,QSO,0.34034232,1.7000,false
V4T000397,21.637031,-41.157542,ELG,0.73401164,1.0000,false
V4T000398,338.252132,-23.904466,QSO,0.06813447,1.7000,false
V4T000399,29.418033,-53.806233,BGS,1.16262928,0.4500,false
V4T000400,16.648681,-46.393459,ELG,0.28800379,1.0000,false
V4T000401,33.034707,-49.880319,BGS,1.31863026,0.4500,false
V4T000402,347.210288,-24.543845,QSO,0.20594186,1.7000,false
V4T000403,351.561672,-15.825294,LRG,0.41417864,1.0000,false
V4T000404,341.134216,-32.924042,BGS,1.52700581,0.4500,false
V4T000405,52.294456,-34.508025,ELG,1.09393326,1.0000,false
V4T000406,0.707155,-19.386848,ELG,0.65250572,1.0000,false
V4T000407,28.548173,-53.795208,BGS,0.72905361,0.4500,true
V4T000408,343.485021,-25.993614,LRG,0.36448410,1.0000,false
V4T000409,25.946135,-52.387080,ELG,0.40097879,1.0000,false
V4T000410,57.431628,-47.910049,ELG,0.68012172,1.0000,false
V4T000411,58.761683,-43.110591,BGS,1.07124038,0.4500,false
V4T000412,337.551947,-31.564285,Star,5.53544166,0.3000,false
V4T000413,25.376936,-52.772743,BGS,0.94034453,0.4500,false
V4T000414,354.235202,-31.499985,Star,4.27980498,0.3000,false
V4T000415,15.738897,-54.669870,BGS,1.76213325,0.4500,false
V4T000416,354.481304,-17.382824,LRG,0.33795545,1.0000,false
V4T000417,24.797163,-42.752244,ELG,0.59360311,1.0000,false
V4T000418,35.993312,-39.774711,ELG,0.51859291,1.0000,false
V4T000419,56.116193,-54.467733,ELG,1.16110971,1.0000,false
V4T000420,0.783127,-19.116865,ELG,0.44881419,1.0000,false
V4T000421,30.239204,-53.363565,ELG,0.63553718,1.0000,false
V4T000422,355.506828,-28.607297,BGS,1.08639618,0.4500,false
V4T000423,3.866442,-23.406058,QSO,0.11594790,1.7000,false
V4T000424,47.389840,-59.902170,ELG,0.75795661,1.0000,false
V4T000425,341.099212,-35.354598,LRG,0.37913493,1.0000,false
V4T000426,345.808900,-28.541170,LRG,0.40165931,1.0000,false
V4T000427,356.246406,-18.229376,ELG,0.62507147,1.0000,false
V4T000428,31.456796,-45.350683,LRG,0.18262570,1.0000,false
V4T000429,47.347738,-52.251427,ELG,0.58054788,1.0000,false
V4T000430,47.194492,-37.687529,ELG,0.38221316,1.0000,false
V4T000431,23.111544,-43.680362,LRG,0.41074648,1.0000,false
V4T000432,342.673741,-29.094233,BGS,1.86854827,0.4500,false
V4T000433,55.449565,-55.126229,QSO,0.18544016,1.7000,false
V4T000434,58.390877,-51.199695,BGS,1.19933859,0.4500,true
V4T000435,1.064672,-19.619816,Star,2.54819786,0.3000,false
V4T000436,345.183975,-23.995991,Star,3.94445384,0.3000,false
V4T000437,338.451636,-26.892542,BGS,1.45071237,0.4500,false
V4T000438,344.890364,-36.771467,LRG,0.30279638,1.0000,false
V4T000439,45.146820,-44.687448,LRG,0.29571637,1.0000,false
V4T000440,345.883803,-18.052709,ELG,0.27655134,1.0000,false
V4T000441,35.274467,-40.640312,LRG,0.62375148,1.0000,false
V4T000442,0.433667,-19.415332,LRG,0.46295183,1.0000,false
V4T000443,352.151814,-29.466906,LRG,0.45291731,1.0000,true
V4T000444,32.841101,-37.337692,Star,3.15675025,0.3000,false
V4T000445,58.842343,-46.520464,BGS,2.01830272,0.4500,false
V4T000446,49.770442,-41.396105,QSO,0.16162886,1.7000,true
V4T000447,343.133317,-34.476813,QSO,0.07113125,1.7000,false
V4T000448,27.679918,-44.048085,ELG,0.37609222,1.0000,false
V4T000449,55.452376,-54.387369,ELG,0.59818076,1.0000,false
V4T000450,22.345262,-40.276044,BGS,1.01792769,0.4500,false
V4T000451,29.357731,-47.236533,LRG,0.29695577,1.0000,false
V4T000452,34.629364,-49.640531,QSO,0.50209778,1.7000,false
V4T000453,340.915979,-36.221741,BGS,1.83258526,0.4500,false
V4T000454,55.857361,-40.355046,ELG,0.44365976,1.0000,true
V4T000455,355.305701,-18.665285,ELG,0.45399008,1.0000,false
V4T000456,347.601912,-29.250000,LRG,0.23555844,1.0000,false
V4T000457,40.646105,-31.918189,ELG,0.65240146,1.0000,false
V4T000458,342.567352,-22.859789,BGS,1.00588251,0.4500,false
V4T000459,28.676067,-53.462922,QSO,0.35989427,1.7000,false
V4T000460,19.896807,-40.870057,ELG,0.66396815,1.0000,false
V4T000461,50.260645,-35.011727,ELG,0.43844089,1.0000,false
V4T000462,24.646548,-51.506717,LRG,0.30652770,1.0000,false
V4T000463,354.542266,-35.312517,BGS,1.43502545,0.4500,false
V4T000464,46.348835,-45.530818,ELG,0.62235696,1.0000,false
V4T000465,41.948012,-44.686148,LRG,0.52638074,1.0000,false
V4T000466,345.182957,-28.629905,Star,3.30580454,0.3000,false
V4T000467,46.233979,-53.333921,LRG,0.45694339,1.0000,false
V4T000468,349.161355,-24.578571,LRG,0.77822537,1.0000,false
V4T000469,352.576831,-28.653469,ELG,0.33642795,1.0000,false
V4T000470,42.827760,-45.260104,LRG,0.46778704,1.0000,false
V4T000471,26.085010,-51.682911,Star,7.01196600,0.3000,false
V4T000472,54.570365,-45.129698,ELG,0.61657843,1.0000,false
V4T000473,58.174375,-41.034080,ELG,0.76668693,1.0000,false
V4T000474,341.868076,-18.910856,ELG,0.58138763,1.0000,true
V4T000475,3.752671,-25.784239,ELG,0.50736431,1.0000,false
V4T000476,352.650233,-27.866808,LRG,0.41299785,1.0000,false
V4T000477,337.317485,-26.348360,QSO,0.15412659,1.7000,false
V4T000478,31.846937,-41.960642,ELG,0.67991345,1.0000,false
V4T000479,350.114700,-19.163001,ELG,0.64099553,1.0000,false
V4T000480,50.125513,-34.377955,BGS,1.28442122,0.4500,false
V4T000481,346.147469,-20.831863,BGS,1.96316163,0.4500,false
V4T000482,43.721923,-40.354121,BGS,1.01933912,0.4500,false
V4T000483,344.706697,-20.375267,LRG,0.43869936,1.0000,false
V4T000484,1.046261,-19.610911,BGS,1.34025989,0.4500,false
V4T000485,337.543881,-32.201054,BGS,0.80583745,0.4500,false
V4T000486,34.193477,-58.190204,LRG,0.21767425,1.0000,false
V4T000487,356.436274,-20.512050,BGS,1.92698358,0.4500,false
V4T000488,340.766634,-31.062657,ELG,0.74253382,1.0000,false
V4T000489,342.395269,-27.498361,ELG,0.59546330,1.0000,false
V4T000490,57.193482,-41.461434,LRG,0.37504722,1.0000,false
V4T000491,50.173217,-48.223552,BGS,1.34962988,0.4500,false
V4T000492,39.260584,-41.391236,ELG,0.33335811,1.0000,false
V4T000493,350.049745,-15.718722,BGS,1.76810257,0.4500,false
V4T000494,53.093120,-44.898339,BGS,1.39669859,0.4500,false
V4T000495,34.882221,-37.401923,ELG,0.54236068,1.0000,false
V4T000496,339.957333,-27.589787,LRG,0.37686627,1.0000,false
V4T000497,345.429767,-37.691559,BGS,1.36350926,0.4500,false
V4T000498,345.470935,-28.796541,BGS,1.28590980,0.4500,false
V4T000499,35.668973,-59.116165,LRG,0.33142339,1.0000,false
V4T000500,345.518294,-33.840673,ELG,0.52157216,1.0000,true
V4T000501,36.727574,-45.870119,ELG,0.20224022,1.0000,false
V4T000502,337.471497,-24.536476,ELG,0.60406966,1.0000,false
V4T000503,345.311344,-17.759965,ELG,0.46288275,1.0000,false
V4T000504,359.946901,-25.391473,ELG,0.63916589,1.0000,false
V4T000505,338.989138,-18.390480,BGS,1.03242500,0.4500,false
V4T000506,344.407363,-23.756142,QSO,0.18262322,1.7000,false
V4T000507,345.645692,-17.561371,ELG,0.35001394,1.0000,false
V4T000508,47.642696,-42.186225,BGS,0.98712046,0.4500,false
V4T000509,337.796809,-26.091196,Star,3.84720759,0.3000,false
V4T000510,345.102489,-29.230021,BGS,1.40112923,0.4500,false
V4T000511,42.542172,-48.383693,Star,5.03946710,0.3000,false
V4T000512,33.174702,-34.453109,ELG,0.37679394,1.0000,false
V4T000513,338.549303,-31.339497,ELG,0.37729515,1.0000,false
V4T000514,1.552536,-34.070434,ELG,0.83658084,1.0000,false
V4T000515,341.482758,-30.011833,BGS,1.26048587,0.4500,false
V4T000516,345.463899,-17.760177,ELG,0.55409479,1.0000,false
V4T000517,55.665421,-54.780755,ELG,1.33187553,1.0000,false
V4T000518,42.013951,-32.649767,Star,4.27147330,0.3000,false
V4T000519,347.147342,-31.479773,QSO,0.22842508,1.7000,false
V4T000520,341.926652,-33.131227,BGS,1.40312507,0.4500,false
V4T000521,2.020417,-28.778948,BGS,1.49681526,0.4500,false
V4T000522,353.424874,-26.113137,ELG,0.53206381,1.0000,false
V4T000523,352.899385,-27.863842,ELG,0.74961684,1.0000,false
V4T000524,344.259027,-15.551242,LRG,0.57987850,1.0000,false
V4T000525,338.669679,-20.160797,ELG,0.47731229,1.0000,false
V4T000526,27.698636,-52.933268,Star,3.15800930,0.3000,false
V4T000527,351.869000,-28.870517,ELG,0.78015573,1.0000,false
V4T000528,41.043902,-43.136414,Star,3.11959301,0.3000,false
V4T000529,347.085365,-37.144344,QSO,0.06747572,1.7000,false
V4T000530,354.368518,-36.111991,QSO,0.32236054,1.7000,false
V4T000531,19.401914,-39.931875,Star,3.84606493,0.3000,false
V4T000532,46.655601,-51.902688,ELG,1.22778164,1.0000,false
V4T000533,347.730692,-28.065494,LRG,0.46580701,1.0000,false
V4T000534,43.699778,-53.427317,LRG,0.20401410,1.0000,false
V4T000535,42.734087,-37.871092,Star,3.98763076,0.3000,false
V4T000536,47.902747,-40.940325,ELG,0.68128216,1.0000,false
V4T000537,56.505476,-51.400130,QSO,0.09310274,1.7000,false
V4T000538,48.618593,-47.499027,QSO,0.17647261,1.7000,false
V4T000539,25.895047,-43.335184,BGS,1.00673603,0.4500,false
V4T000540,36.988304,-41.411688,ELG,0.48176934,1.0000,false
V4T000541,0.836841,-19.533576,ELG,0.71115420,1.0000,false
V4T000542,35.336508,-44.567994,ELG,0.52273114,1.0000,false
V4T000543,337.365860,-31.482822,QSO,0.16166283,1.7000,false
V4T000544,345.710047,-21.484899,QSO,0.16483578,1.7000,true
V4T000545,0.451018,-19.085078,BGS,1.10710350,0.4500,false
V4T000546,50.867849,-41.826222,BGS,1.27695810,0.4500,false
V4T000547,341.719333,-33.543111,ELG,0.24555803,1.0000,false
V4T000548,340.897583,-25.270699,QSO,0.60560578,1.7000,false
V4T000549,36.336736,-36.428604,ELG,0.32935641,1.0000,false
V4T000550,0.526326,-19.797240,LRG,0.14680359,1.0000,false
V4T000551,42.215832,-43.685721,Star,3.56042597,0.3000,false
V4T000552,36.278101,-42.236427,BGS,1.08582852,0.4500,false
V4T000553,349.377733,-20.966368,LRG,0.25586836,1.0000,false
V4T000554,337.654688,-31.960256,QSO,0.30105111,1.7000,false
V4T000555,359.748904,-33.224996,ELG,0.46780158,1.0000,false
V4T000556,16.066568,-51.107690,ELG,0.38878925,1.0000,false
V4T000557,356.971708,-26.700502,BGS,1.53408373,0.4500,false
V4T000558,345.337655,-28.313547,LRG,0.46645706,1.0000,false
V4T000559,346.702464,-16.895867,ELG,0.55190391,1.0000,false
V4T000560,41.867155,-41.048608,LRG,0.52520658,1.0000,false
V4T000561,345.926942,-28.104808,ELG,0.88542589,1.0000,false
V4T000562,358.132926,-25.771668,ELG,0.60796309,1.0000,false
V4T000563,52.970755,-40.776634,LRG,0.33178296,1.0000,false
V4T000564,349.551923,-35.241705,QSO,0.46129544,1.7000,false
V4T000565,20.667981,-39.151416,ELG,0.51306696,1.0000,false
V4T000566,341.314876,-21.674640,LRG,0.44836824,1.0000,false
V4T000567,37.496677,-32.383134,ELG,0.58146990,1.0000,false
V4T000568,52.542623,-48.720850,ELG,0.63363690,1.0000,false
V4T000569,57.607087,-48.415609,LRG,0.47479522,1.0000,false
V4T000570,47.530767,-36.419909,ELG,0.54846097,1.0000,false
V4T000571,36.651703,-42.176744,ELG,0.38640055,1.0000,false
V4T000572,37.348594,-34.913428,BGS,1.71626163,0.4500,false
V4T000573,38.816248,-37.963758,LRG,0.64963982,1.0000,false
V4T000574,48.380737,-49.360349,LRG,0.33679194,1.0000,false
V4T000575,57.858301,-40.200269,BGS,1.31144506,0.4500,false
V4T000576,353.959315,-30.845080,Star,4.21430475,0.3000,false
V4T000577,50.240183,-42.650889,Star,5.22556729,0.3000,false
V4T000578,43.163974,-51.145855,BGS,1.19064600,0.4500,false
V4T000579,20.303714,-45.527693,ELG,0.72446877,1.0000,false
V4T000580,343.104044,-34.430335,LRG,0.39038811,1.0000,false
V4T000581,341.106618,-18.914217,ELG,0.35983185,1.0000,false
V4T000582,347.635082,-28.272585,ELG,0.60247619,1.0000,false
V4T000583,24.360405,-51.932319,ELG,0.44951878,1.0000,false
V4T000584,5.100015,-27.269456,BGS,1.90687170,0.4500,false
V4T000585,17.025014,-42.685322,ELG,0.56598690,1.0000,false
V4T000586,345.137009,-28.877041,LRG,0.47531650,1.0000,false
V4T000587,42.069439,-46.672758,LRG,0.33436944,1.0000,false
V4T000588,30.575907,-53.907323,ELG,0.48294976,1.0000,false
V4T000589,351.597960,-23.935075,BGS,0.86675260,0.4500,false
V4T000590,35.927744,-40.947604,BGS,1.66534245,0.4500,false
V4T000591,355.511644,-36.567711,LRG,0.18560818,1.0000,false
V4T000592,40.528309,-53.314830,LRG,0.20072712,1.0000,false
V4T000593,22.007359,-55.314024,BGS,1.17922538,0.4500,false
V4T000594,45.032003,-56.479347,BGS,1.75358269,0.4500,false
V4T000595,56.444529,-54.248545,LRG,0.25870387,1.0000,false
V4T000596,340.595689,-35.566427,LRG,0.20832033,1.0000,false
V4T000597,341.394632,-33.345290,Star,4.01879527,0.3000,false
V4T000598,46.104271,-41.130935,ELG,1.50345690,1.0000,false
V4T000599,21.150526,-56.405008,Star,4.33640474,0.3000,true
V4T000600,55.957776,-54.325114,LRG,0.25587789,1.0000,false
V4T000601,27.945919,-35.542184,BGS,1.36220038,0.4500,false
V4T000602,2.561964,-32.973757,ELG,0.28212615,1.0000,false
V4T000603,56.936919,-40.012073,LRG,0.26049747,1.0000,false
V4T000604,54.126693,-54.719251,ELG,0.92645245,1.0000,false
V4T000605,33.556659,-53.012348,Star,4.39131416,0.3000,false
V4T000606,345.832325,-28.129565,QSO,0.21369622,1.7000,false
V4T000607,348.281321,-37.047954,LRG,0.39546799,1.0000,false
V4T000608,338.806217,-18.804990,BGS,1.14796407,0.4500,false
V4T000609,25.336305,-40.406178,BGS,1.35358007,0.4500,false
V4T000610,353.025253,-29.863728,BGS,1.72766160,0.4500,false
V4T000611,32.457082,-53.956668,ELG,0.36354871,1.0000,false
V4T000612,357.960611,-23.324303,BGS,1.72332929,0.4500,false
V4T000613,44.389435,-50.294104,LRG,0.52334429,1.0000,false
V4T000614,341.556331,-32.716557,BGS,0.79319466,0.4500,false
V4T000615,29.642922,-48.274510,ELG,1.07581610,1.0000,false
V4T000616,342.944730,-30.801337,ELG,0.39923483,1.0000,false
V4T000617,37.073577,-40.181740,ELG,0.60413597,1.0000,false
V4T000618,3.576333,-22.603466,BGS,2.09532800,0.4500,false
V4T000619,28.418534,-53.905078,BGS,0.98587386,0.4500,false
V4T000620,28.548443,-58.913147,ELG,0.66182581,1.0000,false
V4T000621,18.314673,-48.110543,Star,3.57336769,0.3000,false
V4T000622,356.102482,-21.243852,BGS,1.34980130,0.4500,false
V4T000623,1.353157,-21.839746,ELG,0.56915515,1.0000,false
V4T000624,38.550271,-56.043120,QSO,0.39444954,1.7000,false
V4T000625,357.707011,-34.916388,LRG,0.34836295,1.0000,false
V4T000626,344.317575,-26.006027,ELG,0.50818209,1.0000,false
V4T000627,28.202264,-53.416374,BGS,0.92490587,0.4500,false
V4T000628,348.277170,-22.182584,LRG,0.19131049,1.0000,false
V4T000629,35.587216,-56.125258,ELG,0.72138414,1.0000,false
V4T000630,36.790307,-51.041010,QSO,0.36816440,1.7000,false
V4T000631,43.767775,-50.592613,LRG,0.34190812,1.0000,false
V4T000632,24.725725,-52.263389,Star,5.50026667,0.3000,false
V4T000633,33.625708,-34.671129,ELG,0.43524962,1.0000,false
V4T000634,32.269066,-39.802887,ELG,0.35927156,1.0000,false
V4T000635,52.558805,-48.391426,BGS,1.64625218,0.4500,true
V4T000636,343.219208,-26.096104,LRG,0.41330402,1.0000,false
V4T000637,40.028561,-32.191672,LRG,0.21943641,1.0000,false
V4T000638,345.971105,-17.564744,LRG,0.30648738,1.0000,false
V4T000639,344.042956,-35.711051,QSO,0.26111372,1.7000,false
V4T000640,38.963904,-34.263592,BGS,1.53495603,0.4500,false
V4T000641,38.154727,-34.638524,ELG,1.00901339,1.0000,false
V4T000642,357.404572,-27.747321,ELG,0.47871088,1.0000,false
V4T000643,31.436042,-59.851656,BGS,1.51133415,0.4500,false
V4T000644,38.350895,-31.715416,ELG,0.68532854,1.0000,false
V4T000645,37.338104,-32.815128,LRG,0.28586327,1.0000,false
V4T000646,45.224576,-39.582279,BGS,1.33345726,0.4500,false
V4T000647,348.072654,-24.507119,LRG,0.32293642,1.0000,false
V4T000648,344.113256,-32.363689,ELG,0.45626547,1.0000,false
V4T000649,353.841732,-16.898415,BGS,1.64528791,0.4500,false
V4T000650,49.534684,-59.301668,LRG,0.22157854,1.0000,false
V4T000651,30.246315,-47.701742,Star,3.83992329,0.3000,false
V4T000652,352.214128,-28.629435,LRG,0.41732312,1.0000,false
V4T000653,56.100955,-55.161836,Star,4.40736130,0.3000,true
V4T000654,23.788387,-48.774011,ELG,0.62077260,1.0000,false
V4T000655,43.471191,-55.948483,LRG,0.47810551,1.0000,false
V4T000656,341.434206,-19.307584,BGS,0.94260161,0.4500,false
V4T000657,48.138834,-47.376189,LRG,0.27180786,1.0000,false
V4T000658,345.933467,-18.523684,QSO,0.29696247,1.7000,false
V4T000659,338.132492,-31.570993,LRG,0.29960396,1.0000,false
V4T000660,37.850047,-32.113909,QSO,0.12981387,1.7000,false
V4T000661,351.486749,-33.293650,ELG,0.40544235,1.0000,false
V4T000662,45.547844,-41.306626,LRG,0.36290666,1.0000,false
V4T000663,3.138995,-26.026294,BGS,1.42624115,0.4500,false
V4T000664,39.075574,-61.489950,BGS,1.05504393,0.4500,false
V4T000665,352.802224,-23.020006,BGS,1.73021714,0.4500,false
V4T000666,53.238951,-40.898388,Star,5.20201389,0.3000,false
V4T000667,343.831676,-17.720361,LRG,0.30615350,1.0000,false
V4T000668,353.807918,-26.509118,BGS,1.34256523,0.4500,false
V4T000669,342.337214,-22.720614,ELG,0.75148042,1.0000,false
V4T000670,31.405246,-39.033740,ELG,1.25449498,1.0000,false
V4T000671,34.316575,-43.270704,QSO,0.15241031,1.7000,false
V4T000672,349.808706,-19.376900,QSO,0.15749226,1.7000,false
V4T000673,344.558144,-23.607728,ELG,0.78193153,1.0000,false
V4T000674,39.270340,-56.360785,ELG,0.75689039,1.0000,false
V4T000675,43.596234,-42.090378,ELG,0.48599458,1.0000,false
V4T000676,337.882513,-21.302208,QSO,0.19485289,1.7000,false
V4T000677,352.882779,-28.256943,Star,4.72657191,0.3000,false
V4T000678,342.877577,-30.973453,ELG,0.82244388,1.0000,false
V4T000679,346.478027,-17.209638,LRG,0.50094077,1.0000,false
V4T000680,352.065528,-33.347142,BGS,1.50058158,0.4500,false
V4T000681,355.970148,-36.767821,ELG,0.46270369,1.0000,false
V4T000682,50.643639,-58.530027,BGS,1.65301514,0.4500,false
V4T000683,20.164749,-53.488587,QSO,0.14047233,1.7000,false
V4T000684,0.938391,-21.277518,ELG,0.67698987,1.0000,false
V4T000685,19.662799,-49.767930,ELG,0.63942378,1.0000,false
V4T000686,339.448021,-19.760818,ELG,0.25460991,1.0000,false
V4T000687,345.163728,-38.870523,QSO,0.18427099,1.7000,false
V4T000688,19.873025,-58.083703,ELG,0.98634897,1.0000,false
V4T000689,56.914624,-43.155978,LRG,0.34024326,1.0000,false
V4T000690,339.469382,-31.050467,BGS,2.34534172,0.4500,false
V4T000691,46.874427,-40.489501,ELG,0.52683078,1.0000,false
V4T000692,43.069150,-32.286828,QSO,0.11500712,1.7000,false
V4T000693,28.184094,-46.966978,ELG,0.83537123,1.0000,false
V4T000694,22.854411,-41.128887,LRG,0.41465486,1.0000,false
V4T000695,352.770758,-29.937554,ELG,0.37528666,1.0000,false
V4T000696,341.848876,-32.812436,QSO,0.16700926,1.7000,false
V4T000697,53.191624,-41.667203,BGS,1.51500740,0.4500,false
V4T000698,24.626419,-51.722869,Star,4.72287866,0.3000,false
V4T000699,42.506820,-54.025585,LRG,0.25331087,1.0000,false
V4T000700,18.318310,-43.167513,ELG,0.36639887,1.0000,false
V4T000701,0.744379,-19.564281,LRG,0.51733348,1.0000,false
V4T000702,337.305602,-29.361977,ELG,0.47520841,1.0000,false
V4T000703,359.402568,-32.519925,BGS,0.99914711,0.4500,false
V4T000704,49.896181,-42.081800,Star,3.86356223,0.3000,false
V4T000705,346.153081,-25.490864,ELG,0.35686497,1.0000,true
V4T000706,48.207884,-58.602237,Star,5.22593987,0.3000,false
V4T000707,25.216884,-52.319374,LRG,0.37682976,1.0000,false
V4T000708,37.292040,-32.133486,ELG,0.42525919,1.0000,false
V4T000709,41.660151,-60.742281,ELG,0.68686853,1.0000,false
V4T000710,338.001778,-29.044402,ELG,0.50331952,1.0000,false
V4T000711,343.350880,-31.772674,QSO,0.10504754,1.7000,false
V4T000712,27.251541,-37.070463,ELG,0.89650045,1.0000,false
V4T000713,353.293199,-29.201139,ELG,1.11576537,1.0000,false
V4T000714,355.014681,-28.496562,QSO,0.19013934,1.7000,false
V4T000715,351.862974,-28.940177,LRG,0.45337244,1.0000,false
V4T000716,38.009896,-31.520842,QSO,0.19861394,1.7000,false
V4T000717,31.546692,-43.018549,BGS,1.61924959,0.4500,false
V4T000718,41.970179,-49.866229,ELG,0.60186083,1.0000,false
V4T000719,21.693218,-56.200031,ELG,0.63925257,1.0000,false
V4T000720,51.836454,-49.558552,Star,2.76832079,0.3000,false
V4T000721,352.205903,-28.338168,Star,3.96350853,0.3000,false
V4T000722,345.738859,-16.907957,BGS,0.90055044,0.4500,false
V4T000723,49.834923,-49.198179,QSO,0.15012794,1.7000,false
V4T000724,48.201637,-40.849723,ELG,0.78548797,1.0000,false
V4T000725,341.336086,-23.170288,ELG,0.36618056,1.0000,false
V4T000726,51.743526,-47.857494,BGS,1.26206988,0.4500,false
V4T000727,351.904691,-34.066613,BGS,1.26233045,0.4500,false
V4T000728,39.578520,-31.530250,BGS,1.14750143,0.4500,false
V4T000729,51.863829,-48.627452,BGS,1.47220865,0.4500,false
V4T000730,2.864344,-29.513301,LRG,0.40612165,1.0000,false
V4T000731,22.676350,-41.129213,ELG,0.49914984,1.0000,true
V4T000732,350.060971,-22.003371,QSO,0.11952616,1.7000,false
V4T000733,340.465541,-34.525824,ELG,1.00664331,1.0000,false
V4T000734,356.466478,-30.858074,BGS,0.95232760,0.4500,false
V4T000735,50.209957,-41.283180,ELG,0.46785079,1.0000,false
V4T000736,345.778760,-31.964824,BGS,0.89073173,0.4500,false
V4T000737,37.808953,-31.499499,QSO,0.16978809,1.7000,false
V4T000738,340.153840,-22.350286,ELG,0.78736772,1.0000,false
V4T000739,36.451425,-49.817539,QSO,0.16920503,1.7000,false
V4T000740,30.331636,-37.802075,LRG,0.48120097,1.0000,false
V4T000741,356.273742,-27.724327,LRG,0.39699154,1.0000,false
V4T000742,352.421636,-28.221301,LRG,0.36512113,1.0000,false
V4T000743,49.990503,-41.946754,BGS,1.44277876,0.4500,false
V4T000744,345.525308,-16.818030,BGS,0.93085193,0.4500,false
V4T000745,34.362586,-47.695421,ELG,0.56772997,1.0000,false
V4T000746,48.226874,-36.951562,LRG,0.62884461,1.0000,false
V4T000747,33.148731,-42.472392,QSO,0.42197026,1.7000,false
V4T000748,344.630278,-26.746105,QSO,0.06531364,1.7000,false
V4T000749,49.196096,-51.756088,ELG,0.53470498,1.0000,false
V4T000750,345.517316,-28.675664,Star,3.28428430,0.3000,false
V4T000751,3.593411,-30.661144,ELG,0.37862658,1.0000,false
V4T000752,350.617779,-15.666268,BGS,1.99763969,0.4500,false
V4T000753,353.292960,-17.615264,LRG,0.45506001,1.0000,false
V4T000754,352.892933,-16.465189,QSO,0.10851103,1.7000,false
V4T000755,36.305363,-45.474414,ELG,0.54908405,1.0000,false
V4T000756,0.464702,-25.192646,BGS,1.29498466,0.4500,false
V4T000757,352.806073,-36.377719,ELG,0.31779822,1.0000,false
V4T000758,353.105129,-28.469578,ELG,0.40629405,1.0000,false
V4T000759,31.119230,-61.332199,ELG,0.25293952,1.0000,false
V4T000760,339.092476,-31.303325,BGS,2.39725027,0.4500,false
V4T000761,55.195780,-54.934703,ELG,0.21991821,1.0000,false
V4T000762,345.951534,-17.374394,LRG,0.29157378,1.0000,false
V4T000763,40.775497,-55.157670,LRG,0.76603956,1.0000,false
V4T000764,0.431779,-19.134812,LRG,0.38352106,1.0000,false
V4T000765,46.390783,-36.586206,ELG,0.70121044,1.0000,false
V4T000766,53.834225,-46.383504,Star,3.36964246,0.3000,false
V4T000767,341.849271,-29.323646,BGS,1.93837313,0.4500,false
V4T000768,26.102890,-52.015091,BGS,1.22539325,0.4500,false
V4T000769,24.182318,-39.819144,LRG,0.50922393,1.0000,false
V4T000770,341.706408,-19.390315,ELG,0.29194382,1.0000,false
V4T000771,17.912504,-48.935920,Star,4.32230352,0.3000,false
V4T000772,346.642709,-17.235202,QSO,0.26985399,1.7000,false
V4T000773,45.441708,-39.193485,BGS,1.55894780,0.4500,false
V4T000774,54.010514,-41.516886,ELG,0.51148624,1.0000,false
V4T000775,341.632153,-32.183702,BGS,1.66200291,0.4500,false
V4T000776,25.770214,-51.999737,LRG,0.28328164,1.0000,false
V4T000777,339.663207,-33.410272,ELG,0.66423936,1.0000,false
V4T000778,0.166806,-26.542056,QSO,0.20985618,1.7000,false
V4T000779,346.098349,-15.850821,LRG,0.37347833,1.0000,false
V4T000780,23.795660,-37.013971,ELG,0.40465880,1.0000,false
V4T000781,341.644312,-30.433593,LRG,0.58483436,1.0000,false
V4T000782,343.663627,-25.876316,BGS,1.35864340,0.4500,false
V4T000783,358.090783,-18.157960,ELG,0.46145851,1.0000,false
V4T000784,52.886015,-36.233413,ELG,0.45806522,1.0000,false
V4T000785,56.028904,-54.836268,ELG,0.40021674,1.0000,false
V4T000786,359.142582,-18.079135,LRG,0.23342619,1.0000,false
V4T000787,51.178004,-40.780374,ELG,0.82174353,1.0000,false
V4T000788,21.031466,-38.466715,ELG,0.63440769,1.0000,false
V4T000789,350.021558,-22.666380,BGS,0.92703262,0.4500,false
V4T000790,55.000662,-55.299908,BGS,1.64263050,0.4500,false
V4T000791,42.350481,-33.347815,BGS,1.03088465,0.4500,false
V4T000792,353.367476,-28.496979,LRG,0.35732940,1.0000,false
V4T000793,20.690367,-53.780142,BGS,1.61598313,0.4500,false
V4T000794,25.699954,-35.176585,BGS,1.12428675,0.4500,false
V4T000795,17.232396,-55.161676,LRG,0.39396271,1.0000,false
V4T000796,353.572603,-38.388155,LRG,0.28042268,1.0000,false
V4T000797,358.567606,-23.355881,QSO,0.13795629,1.7000,false
V4T000798,23.212451,-55.011503,Star,4.58199811,0.3000,false
V4T000799,57.779030,-41.430896,ELG,0.44671126,1.0000,false
V4T000800,340.439958,-33.230659,QSO,0.19836347,1.7000,false
V4T000801,43.370254,-55.580898,LRG,0.22905055,1.0000,false
V4T000802,52.274704,-38.197674,LRG,0.49736844,1.0000,false
V4T000803,23.384272,-59.573217,ELG,0.72587570,1.0000,false
V4T000804,346.329047,-39.749216,LRG,0.30645631,1.0000,false
V4T000805,29.137851,-54.494169,ELG,0.39106169,1.0000,false
V4T000806,38.441207,-54.228911,ELG,0.50139080,1.0000,false
V4T000807,351.838110,-27.629670,ELG,0.54662185,1.0000,false
V4T000808,46.435671,-32.298524,BGS,1.95072877,0.4500,false
V4T000809,50.051873,-55.625256,ELG,0.45439959,1.0000,false
V4T000810,42.071425,-56.730075,Star,4.44393998,0.3000,false
V4T000811,37.658617,-32.118130,ELG,0.68127611,1.0000,false
V4T000812,47.496875,-36.417072,QSO,0.22070732,1.7000,false
V4T000813,342.751405,-26.644941,BGS,1.36646165,0.4500,false
V4T000814,43.960321,-36.182663,ELG,0.61581094,1.0000,false
V4T000815,21.896699,-58.004912,ELG,0.46318450,1.0000,true
V4T000816,41.680454,-39.888603,QSO,0.16453550,1.7000,false
V4T000817,44.102282,-36.509052,LRG,0.23485523,1.0000,false
V4T000818,347.767467,-26.014745,ELG,0.82758631,1.0000,false
V4T000819,48.713063,-35.354846,Star,5.72968774,0.3000,false
V4T000820,28.191124,-56.829017,Star,4.66092374,0.3000,false
V4T000821,344.509524,-29.395879,ELG,1.14852103,1.0000,false
V4T000822,30.950641,-39.839129,LRG,0.26887549,1.0000,false
V4T000823,53.640327,-56.465822,BGS,1.11248865,0.4500,false
V4T000824,349.483306,-17.252360,Star,4.42229444,0.3000,false
V4T000825,355.944077,-36.037040,BGS,1.58272796,0.4500,false
V4T000826,342.478821,-17.410604,ELG,0.43947699,1.0000,false
V4T000827,344.470800,-34.118002,Star,5.08821904,0.3000,true
V4T000828,56.050180,-46.492510,LRG,0.57382458,1.0000,false
V4T000829,29.400403,-54.218438,LRG,0.20964833,1.0000,false
V4T000830,358.763265,-31.753104,ELG,0.57271598,1.0000,false
V4T000831,36.597579,-51.181299,ELG,0.81022379,1.0000,false
V4T000832,357.329720,-32.797703,LRG,0.32647307,1.0000,false
V4T000833,339.663549,-23.442691,LRG,0.58803128,1.0000,false
V4T000834,30.326443,-54.934726,ELG,0.26304126,1.0000,false
V4T000835,337.412359,-23.577252,BGS,1.13274707,0.4500,false
V4T000836,15.577206,-51.458179,QSO,0.22399652,1.7000,false
V4T000837,49.910554,-50.967750,LRG,0.27229320,1.0000,false
V4T000838,20.690792,-51.254748,ELG,0.41756218,1.0000,false
V4T000839,50.262735,-38.778144,BGS,1.24352989,0.4500,false
V4T000840,51.511721,-41.934940,LRG,0.38565603,1.0000,false
V4T000841,32.029408,-46.650249,Star,5.57124818,0.3000,false
V4T000842,343.651460,-33.871261,ELG,0.24970442,1.0000,false
V4T000843,338.429758,-32.354521,QSO,0.19111657,1.7000,false
V4T000844,31.490151,-53.967661,ELG,0.33718072,1.0000,false
V4T000845,31.742860,-44.956062,LRG,0.46676010,1.0000,false
V4T000846,52.355713,-57.652788,BGS,1.40460238,0.4500,false
V4T000847,344.934914,-24.743036,ELG,0.52442713,1.0000,false
V4T000848,357.379171,-19.988262,BGS,2.05721762,0.4500,false
V4T000849,36.832762,-51.448672,BGS,0.77880406,0.4500,false
V4T000850,356.188787,-37.881918,QSO,0.09938617,1.7000,false
V4T000851,35.895208,-32.232081,BGS,1.05272365,0.4500,true
V4T000852,50.651137,-41.996193,Star,3.08150091,0.3000,false
V4T000853,51.846982,-50.030928,ELG,0.22508455,1.0000,false
V4T000854,46.218702,-59.621471,LRG,0.45814255,1.0000,false
V4T000855,353.232251,-38.409002,BGS,0.80099912,0.4500,false
V4T000856,341.221824,-32.415846,ELG,0.43030346,1.0000,true
V4T000857,346.368661,-17.018259,Star,4.58329127,0.3000,false
V4T000858,31.034849,-34.056755,QSO,0.15236588,1.7000,false
V4T000859,355.483226,-38.049053,BGS,1.18677805,0.4500,false
V4T000860,31.680310,-39.902904,BGS,0.83527963,0.4500,false
V4T000861,56.030807,-38.372831,LRG,0.39077240,1.0000,false
V4T000862,29.979987,-61.928504,Star,4.28494796,0.3000,false
V4T000863,346.385159,-17.222807,LRG,0.62749729,1.0000,false
V4T000864,24.984692,-40.155637,LRG,0.24607041,1.0000,false
V4T000865,28.170755,-43.112847,Star,2.25013175,0.3000,false
V4T000866,36.807259,-39.684079,ELG,0.28152786,1.0000,false
V4T000867,341.300068,-21.855165,BGS,1.16105916,0.4500,false
V4T000868,42.810015,-51.600440,QSO,0.34196307,1.7000,false
V4T000869,352.084867,-28.860335,ELG,0.29240713,1.0000,false
V4T000870,36.154117,-33.968712,Star,4.84909783,0.3000,false
V4T000871,346.510454,-16.033759,BGS,1.14733618,0.4500,false
V4T000872,55.795504,-55.049748,ELG,1.56916749,1.0000,false
V4T000873,26.078760,-51.881732,QSO,0.15597261,1.7000,false
V4T000874,27.336627,-39.058170,QSO,0.09543279,1.7000,false
V4T000875,33.912196,-52.923734,Star,3.56462845,0.3000,false
V4T000876,343.636091,-38.446923,BGS,1.85243070,0.4500,false
V4T000877,55.573401,-54.804979,BGS,1.68697990,0.4500,false
V4T000878,31.032700,-57.649731,BGS,0.83536150,0.4500,false
V4T000879,23.398888,-38.422518,QSO,0.18064705,1.7000,false
V4T000880,347.318334,-32.102580,BGS,1.24656568,0.4500,false
V4T000881,335.780243,-24.936696,ELG,0.51226755,1.0000,false
V4T000882,55.589731,-55.136464,ELG,0.49741988,1.0000,false
V4T000883,346.070971,-17.410439,ELG,0.50244966,1.0000,false
V4T000884,36.986679,-31.898769,QSO,0.06043785,1.7000,false
V4T000885,345.852330,-17.412947,ELG,0.52975370,1.0000,false
V4T000886,35.570202,-60.311059,QSO,0.25287824,1.7000,false
V4T000887,40.630685,-34.580861,BGS,0.95356718,0.4500,false
V4T000888,37.656012,-31.975680,QSO,0.07007390,1.7000,false
V4T000889,41.425233,-41.456596,ELG,0.59897120,1.0000,false
V4T000890,359.531163,-18.226358,ELG,0.61842713,1.0000,false
V4T000891,30.076379,-53.924905,QSO,0.11290461,1.7000,false
V4T000892,48.852822,-33.178448,LRG,0.32900613,1.0000,false
V4T000893,51.278606,-36.837639,BGS,2.34847029,0.4500,false
V4T000894,49.007262,-33.158396,ELG,0.67486273,1.0000,false
V4T000895,47.655179,-51.721200,QSO,0.26703760,1.7000,true
V4T000896,44.501527,-54.329900,BGS,1.35273551,0.4500,false
V4T000897,352.367511,-28.412678,LRG,0.53155189,1.0000,false
V4T000898,31.474487,-54.090810,Star,3.52927616,0.3000,false
V4T000899,352.278555,-28.856505,ELG,0.39327430,1.0000,false
V4T000900,345.380568,-30.078586,ELG,0.62029425,1.0000,false
V4T000901,343.857026,-26.386796,ELG,0.43814879,1.0000,false
V4T000902,48.838591,-46.888658,ELG,0.42565269,1.0000,false
V4T000903,349.663166,-24.764600,BGS,1.23837296,0.4500,false
V4T000904,345.278398,-17.659918,ELG,0.49649633,1.0000,false
V4T000905,56.487662,-54.153310,LRG,0.32114162,1.0000,false
V4T000906,55.667892,-55.291157,ELG,0.77631199,1.0000,false
V4T000907,340.673695,-33.626927,BGS,1.72415224,0.4500,false
V4T000908,348.251089,-21.473069,QSO,0.11209994,1.7000,false
V4T000909,351.749581,-18.502127,ELG,0.22752588,1.0000,false
V4T000910,44.317267,-34.520378,BGS,1.27078178,0.4500,false
V4T000911,51.334533,-41.509648,BGS,1.14879167,0.4500,false
V4T000912,30.873114,-47.737774,BGS,0.90177402,0.4500,false
V4T000913,338.479042,-30.644061,LRG,0.32869999,1.0000,false
V4T000914,43.200964,-59.718431,BGS,1.15240503,0.4500,false
V4T000915,47.166456,-46.484586,QSO,0.23792259,1.7000,false
V4T000916,15.648245,-48.824866,ELG,0.93370337,1.0000,false
V4T000917,339.087706,-33.829603,LRG,0.46462346,1.0000,false
V4T000918,356.766411,-20.988829,BGS,1.26177291,0.4500,false
V4T000919,55.649075,-54.289676,ELG,0.39204633,1.0000,false
V4T000920,49.601023,-41.899222,ELG,0.31734898,1.0000,false
V4T000921,54.013918,-56.070971,BGS,1.72164491,0.4500,false
V4T000922,56.692884,-48.218396,BGS,1.30731288,0.4500,false
V4T000923,352.032426,-37.242315,LRG,0.28480284,1.0000,false
V4T000924,32.647801,-58.296837,LRG,0.24224698,1.0000,false
V4T000925,341.616498,-32.392979,ELG,0.48982363,1.0000,false
V4T000926,45.875447,-53.477823,QSO,0.08997676,1.7000,false
V4T000927,26.280539,-52.542272,ELG,0.64713843,1.0000,false
V4T000928,356.233517,-32.609420,LRG,0.34290192,1.0000,false
V4T000929,345.588389,-17.597213,LRG,0.52171754,1.0000,false
V4T000930,45.623405,-35.375976,LRG,0.52011265,1.0000,false
V4T000931,18.211641,-54.108001,LRG,0.35551362,1.0000,false
V4T000932,352.701163,-28.784325,BGS,1.12643389,0.4500,false
V4T000933,353.461739,-20.686608,LRG,0.40182284,1.0000,false
V4T000934,40.295438,-55.152048,LRG,0.28935125,1.0000,false
V4T000935,343.567562,-27.048143,QSO,0.14139651,1.7000,false
V4T000936,356.504899,-30.133517,LRG,0.27392426,1.0000,false
V4T000937,47.711684,-59.253614,ELG,0.33640012,1.0000,false
V4T000938,359.427169,-32.590589,LRG,0.38296438,1.0000,false
V4T000939,338.870992,-31.182990,LRG,0.41125627,1.0000,false
V4T000940,351.389037,-34.793345,BGS,0.97444227,0.4500,true
V4T000941,345.373125,-28.893639,BGS,2.06379558,0.4500,false
V4T000942,343.221308,-19.249244,ELG,0.40819183,1.0000,false
V4T000943,49.951848,-41.833335,ELG,0.76279233,1.0000,false
V4T000944,346.801688,-25.412795,BGS,1.17399975,0.4500,false
V4T000945,15.636028,-45.649760,LRG,0.33524300,1.0000,false
V4T000946,357.760211,-29.658549,BGS,1.46105383,0.4500,false
V4T000947,351.166217,-28.163303,ELG,1.12714473,1.0000,false
V4T000948,352.520959,-28.445387,BGS,1.36481658,0.4500,false
V4T000949,35.973516,-41.506638,LRG,0.28300981,1.0000,false
V4T000950,24.501265,-51.757568,QSO,0.28668566,1.7000,true
V4T000951,30.700937,-53.776841,ELG,0.42810034,1.0000,false
V4T000952,343.213731,-27.724442,ELG,0.61365125,1.0000,false
V4T000953,359.977252,-32.224274,BGS,1.07924525,0.4500,true
V4T000954,352.955223,-23.094691,ELG,0.25010877,1.0000,false
V4T000955,345.637388,-28.604639,ELG,0.53371195,1.0000,false
V4T000956,30.666117,-45.958347,Star,5.55940267,0.3000,false
V4T000957,340.027147,-36.014736,BGS,1.88127280,0.4500,false
V4T000958,337.121826,-27.661583,QSO,0.19471441,1.7000,false
V4T000959,36.022008,-40.735702,BGS,1.57898871,0.4500,false
V4T000960,345.345052,-31.615293,BGS,0.66340439,0.4500,false
V4T000961,344.266716,-38.593185,QSO,0.22989261,1.7000,false
V4T000962,354.438081,-28.943111,LRG,0.63623471,1.0000,false
V4T000963,42.017588,-31.380478,ELG,0.50805847,1.0000,false
V4T000964,18.916309,-46.872779,ELG,0.56515341,1.0000,false
V4T000965,337.407052,-31.272502,ELG,0.41861422,1.0000,true
V4T000966,52.753391,-35.702978,BGS,2.23646480,0.4500,false
V4T000967,56.197158,-46.248105,ELG,0.62132259,1.0000,false
V4T000968,346.036398,-32.385197,BGS,1.84667463,0.4500,false
V4T000969,29.483006,-54.253313,BGS,1.54306999,0.4500,false
V4T000970,22.825471,-54.787607,ELG,0.61427000,1.0000,false
V4T000971,19.985656,-52.795968,BGS,1.46264369,0.4500,false
V4T000972,340.917440,-33.264046,BGS,1.00834701,0.4500,false
V4T000973,345.416106,-21.346553,QSO,0.14095888,1.7000,false
V4T000974,49.671193,-42.335348,QSO,0.29074363,1.7000,false
V4T000975,36.722800,-40.204914,LRG,0.54756444,1.0000,false
V4T000976,345.656870,-28.467240,ELG,0.41308146,1.0000,false
V4T000977,337.689954,-20.284598,ELG,0.40429830,1.0000,false
V4T000978,346.143062,-37.438361,BGS,0.92621959,0.4500,false
V4T000979,53.101727,-53.105816,QSO,0.12456275,1.7000,false
V4T000980,352.162090,-18.270094,ELG,0.80120909,1.0000,false
V4T000981,37.403472,-33.132584,QSO,0.25583078,1.7000,false
V4T000982,45.047396,-39.010712,ELG,0.75837530,1.0000,false
V4T000983,39.234982,-52.151197,BGS,1.12338787,0.4500,false
V4T000984,337.515315,-31.651938,QSO,0.23367074,1.7000,false
V4T000985,343.663896,-21.749868,BGS,1.90035140,0.4500,false
V4T000986,38.704133,-42.409505,QSO,0.15690920,1.7000,false
V4T000987,343.833903,-26.629898,QSO,0.04855203,1.7000,false
V4T000988,20.224169,-57.709552,ELG,0.61757616,1.0000,false
V4T000989,345.749471,-24.215989,BGS,1.31023577,0.4500,false
V4T000990,47.403503,-55.739316,QSO,0.10365609,1.7000,true
V4T000991,26.226910,-51.754835,ELG,0.59669674,1.0000,false
V4T000992,349.496491,-24.789709,ELG,0.85821734,1.0000,false
V4T000993,40.002902,-44.767312,LRG,0.41217354,1.0000,false
V4T000994,356.797966,-22.362476,Star,4.72626838,0.3000,false
V4T000995,55.922197,-54.009545,BGS,0.56191744,0.4500,false
V4T000996,345.885577,-28.577216,Star,3.10867233,0.3000,false
V4T000997,25.991484,-51.667369,LRG,0.63773503,1.0000,false
V4T000998,353.478948,-36.793203,ELG,0.20488826,1.0000,false
V4T000999,342.449541,-23.168263,LRG,0.67874252,1.0000,false
V4T001000,340.592317,-33.459754,LRG,0.32710535,1.0000,false
V4T001001,342.478658,-35.032965,ELG,0.40800352,1.0000,false
V4T001002,1.832736,-34.215700,ELG,0.41506379,1.0000,false
V4T001003,350.773051,-28.798691,BGS,1.53244899,0.4500,false
V4T001004,341.696771,-32.045406,LRG,0.73844496,1.0000,false
V4T001005,345.612261,-18.045989,LRG,0.20059319,1.0000,false
V4T001006,29.115697,-55.765232,ELG,0.38833851,1.0000,false
V4T001007,21.978062,-38.669908,BGS,0.62032675,0.4500,false
V4T001008,345.484630,-28.874403,ELG,1.16426743,1.0000,false
V4T001009,339.539192,-19.648279,QSO,0.17292780,1.7000,false
V4T001010,352.415544,-29.040198,BGS,1.40656978,0.4500,false
V4T001011,28.394236,-48.994832,Star,3.24855885,0.3000,false
V4T001012,4.354777,-29.590573,BGS,1.15714386,0.4500,false
V4T001013,341.440439,-34.276329,ELG,0.46812102,1.0000,false
V4T001014,343.786257,-26.110321,Star,3.46177591,0.3000,false
V4T001015,25.599587,-41.732663,ELG,0.57675995,1.0000,false
V4T001016,340.493393,-33.652116,BGS,1.75846050,0.4500,false
V4T001017,342.384933,-19.073874,LRG,0.19737426,1.0000,false
V4T001018,340.463514,-27.176666,ELG,0.60385492,1.0000,false
V4T001019,358.645667,-26.841794,LRG,0.24293292,1.0000,false
V4T001020,45.312678,-60.959263,ELG,0.30331783,1.0000,false
V4T001021,32.299356,-45.679703,Star,5.02785547,0.3000,false
V4T001022,337.582285,-32.461251,BGS,1.90351998,0.4500,false
V4T001023,53.223601,-45.091695,BGS,0.91277986,0.4500,false
V4T001024,44.360428,-42.267049,BGS,1.65162193,0.4500,false
V4T001025,26.420967,-50.765196,LRG,0.26236948,1.0000,false
V4T001026,38.076951,-33.727117,LRG,0.36954346,1.0000,false
V4T001027,45.621896,-44.778043,BGS,1.59221719,0.4500,false
V4T001028,16.592364,-50.230750,LRG,0.40500048,1.0000,false
V4T001029,50.371129,-47.170328,QSO,0.08432759,1.7000,false
V4T001030,355.438232,-28.537417,BGS,0.63659236,0.4500,false
V4T001031,355.080406,-26.611099,BGS,1.29127538,0.4500,false
V4T001032,37.210090,-50.283148,ELG,0.69045451,1.0000,false
V4T001033,56.539997,-44.789130,LRG,0.25508918,1.0000,false
V4T001034,58.558204,-44.829789,ELG,0.32551775,1.0000,false
V4T001035,34.423651,-39.960497,ELG,0.55065967,1.0000,false
V4T001036,37.774316,-48.171041,LRG,0.16647739,1.0000,false
V4T001037,34.713019,-36.161192,QSO,0.10662884,1.7000,false
V4T001038,345.263757,-28.111973,LRG,0.32562658,1.0000,false
V4T001039,354.543979,-24.117105,QSO,0.07457986,1.7000,false
V4T001040,23.687422,-58.722634,LRG,0.31266598,1.0000,false
V4T001041,40.884805,-42.696226,LRG,0.30054211,1.0000,false
V4T001042,1.125244,-21.460050,ELG,1.32472419,1.0000,false
V4T001043,345.092457,-28.939946,QSO,0.21596716,1.7000,false
V4T001044,354.541652,-20.603687,ELG,0.67628990,1.0000,false
V4T001045,340.368703,-33.283871,ELG,0.47474338,1.0000,true
V4T001046,25.962154,-52.311979,QSO,0.09814670,1.7000,false
V4T001047,36.665759,-41.087340,BGS,1.42712015,0.4500,true
V4T001048,46.655452,-54.961824,QSO,0.06465175,1.7000,false
V4T001049,33.764261,-37.749995,LRG,0.34651601,1.0000,false
V4T001050,49.235170,-42.144796,BGS,0.82912809,0.4500,false
V4T001051,50.121388,-41.285512,LRG,0.35976670,1.0000,false
V4T001052,43.083381,-40.074485,Star,3.82108686,0.3000,false
V4T001053,351.837200,-29.411647,ELG,0.36811055,1.0000,false
V4T001054,49.913144,-36.146999,LRG,0.18736073,1.0000,false
V4T001055,348.628135,-30.144230,LRG,0.81412396,1.0000,false
V4T001056,3.319838,-28.216107,QSO,0.15046811,1.7000,false
V4T001057,21.020043,-49.801271,BGS,1.14804098,0.4500,false
V4T001058,39.609576,-54.030323,ELG,0.22732381,1.0000,false
V4T001059,34.920261,-42.852582,ELG,0.69334126,1.0000,false
V4T001060,340.734617,-33.196330,LRG,0.58979231,1.0000,false
V4T001061,357.463364,-31.169806,ELG,0.37004266,1.0000,false
V4T001062,29.786295,-37.562791,BGS,0.91751577,0.4500,false
V4T001063,49.807220,-41.503135,BGS,0.81291438,0.4500,false
V4T001064,346.058582,-17.496329,ELG,0.57263457,1.0000,false
V4T001065,41.674829,-39.180027,BGS,2.07339949,0.4500,false
V4T001066,26.087679,-60.417596,LRG,0.40542855,1.0000,false
V4T001067,31.563530,-48.891329,QSO,0.28457220,1.7000,false
V4T001068,343.932629,-27.920644,LRG,0.68591938,1.0000,false
V4T001069,342.044003,-29.168466,LRG,0.32886044,1.0000,false
V4T001070,29.865118,-41.969521,Star,4.98331816,0.3000,false
V4T001071,55.435880,-55.432325,ELG,0.50770478,1.0000,false
V4T001072,24.798609,-55.131925,ELG,0.73419447,1.0000,false
V4T001073,354.262340,-29.812533,ELG,0.36128378,1.0000,false
V4T001074,55.155234,-45.313159,Star,4.07424313,0.3000,false
V4T001075,344.284532,-26.125856,QSO,0.17554528,1.7000,false
V4T001076,34.632763,-50.143944,ELG,0.70973691,1.0000,false
V4T001077,348.792521,-19.337320,BGS,1.39037769,0.4500,false
V4T001078,346.092859,-17.351805,LRG,0.39065651,1.0000,false
V4T001079,1.407029,-19.920719,BGS,0.67504966,0.4500,false
V4T001080,346.007857,-17.668237,LRG,0.31471630,1.0000,false
V4T001081,15.754667,-45.297025,QSO,0.17348112,1.7000,false
V4T001082,352.456838,-28.816192,BGS,1.64629273,0.4500,false
V4T001083,353.900521,-25.852373,QSO,0.18961846,1.7000,false
V4T001084,1.174689,-19.914261,Star,3.65820050,0.3000,false
V4T001085,50.522917,-42.468873,LRG,0.69374007,1.0000,false
V4T001086,357.644130,-23.081627,ELG,0.55374585,1.0000,false
V4T001087,33.133600,-35.829465,ELG,0.26220838,1.0000,false
V4T001088,40.477097,-54.234613,Star,4.12548313,0.3000,false
V4T001089,354.003891,-16.203910,BGS,1.02347791,0.4500,false
V4T001090,351.388961,-31.595064,LRG,0.19570823,1.0000,true
V4T001091,1.005850,-19.725010,ELG,0.24334271,1.0000,false
V4T001092,353.053603,-16.558917,LRG,0.34594726,1.0000,false
V4T001093,347.939823,-32.601850,LRG,0.39791875,1.0000,false
V4T001094,56.445174,-47.369948,BGS,1.03394400,0.4500,false
V4T001095,51.172293,-40.177132,ELG,0.19720357,1.0000,false
V4T001096,348.615095,-29.372932,LRG,0.39049512,1.0000,false
V4T001097,338.908851,-31.477028,ELG,0.94172465,1.0000,true
V4T001098,31.106881,-60.817343,ELG,1.37641678,1.0000,false
V4T001099,54.963577,-49.715093,Star,3.91256181,0.3000,false
V4T001100,344.114101,-27.385394,QSO,0.09978857,1.7000,false
V4T001101,46.257052,-32.094253,LRG,0.76984782,1.0000,true
V4T001102,25.485822,-52.189539,ELG,0.96168869,1.0000,false
V4T001103,34.343436,-50.502219,BGS,0.95798252,0.4500,false
V4T001104,44.650652,-61.058813,LRG,0.37568288,1.0000,false
V4T001105,340.046565,-18.324785,QSO,0.50085915,1.7000,false
V4T001106,40.358034,-35.929729,ELG,0.31267284,1.0000,false
V4T001107,349.848387,-23.489507,QSO,0.14480575,1.7000,false
V4T001108,46.353699,-41.422036,LRG,0.31480870,1.0000,false
V4T001109,15.133602,-46.444429,LRG,0.30699588,1.0000,false
V4T001110,351.793340,-28.483951,ELG,0.85673631,1.0000,false
V4T001111,48.483389,-40.988428,BGS,1.00820061,0.4500,false
V4T001112,41.628491,-61.806978,BGS,1.62528891,0.4500,false
V4T001113,46.339139,-42.563827,ELG,0.81329173,1.0000,false
V4T001114,49.143028,-33.720404,BGS,1.15884810,0.4500,false
V4T001115,46.264205,-32.080846,LRG,0.19817186,1.0000,false
V4T001116,47.264185,-36.119362,ELG,0.59042728,1.0000,false
V4T001117,342.618810,-27.073133,ELG,0.98935205,1.0000,false
V4T001118,32.451276,-38.128187,LRG,0.58596824,1.0000,false
V4T001119,35.950568,-34.363436,QSO,0.12765337,1.7000,false
V4T001120,338.863650,-22.645058,BGS,1.28622542,0.4500,false
V4T001121,353.803832,-28.931241,ELG,0.40594786,1.0000,false
V4T001122,41.635484,-32.037962,BGS,2.03561224,0.4500,false
V4T001123,336.565658,-25.511527,LRG,0.31942774,1.0000,false
V4T001124,24.755388,-43.955315,ELG,0.47684377,1.0000,false
V4T001125,358.126321,-25.611243,BGS,1.57368174,0.4500,false
V4T001126,45.168945,-41.014961,QSO,0.09990722,1.7000,false
V4T001127,25.133322,-38.553632,Star,4.58288774,0.3000,false
V4T001128,337.944981,-31.544299,ELG,0.34659411,1.0000,false
V4T001129,45.717080,-42.140164,LRG,0.20839416,1.0000,false
V4T001130,349.351886,-30.982535,BGS,1.24954205,0.4500,false
V4T001131,357.149657,-28.439489,Star,3.40061453,0.3000,false
V4T001132,345.766158,-28.075886,LRG,0.82137823,1.0000,false
V4T001133,35.815915,-46.108957,ELG,0.49380828,1.0000,false
V4T001134,34.830698,-32.516782,LRG,0.40832850,1.0000,false
V4T001135,46.387848,-52.300306,LRG,0.28103482,1.0000,false
V4T001136,22.446521,-39.312797,ELG,0.61909924,1.0000,false
V4T001137,52.060321,-48.883180,LRG,0.58217594,1.0000,false
V4T001138,359.355250,-34.574175,LRG,0.30113591,1.0000,false
V4T001139,40.548904,-35.015187,BGS,1.44161173,0.4500,false
V4T001140,341.212797,-30.409763,BGS,1.22874171,0.4500,false
V4T001141,357.982866,-27.868667,ELG,0.94471174,1.0000,false
V4T001142,350.679054,-21.363015,LRG,0.37380477,1.0000,false
V4T001143,38.230630,-57.700607,Star,3.82694335,0.3000,false
V4T001144,55.347532,-39.230783,LRG,0.32121994,1.0000,false
V4T001145,29.361165,-53.256272,Star,4.17032305,0.3000,false
V4T001146,359.558160,-32.669750,ELG,0.44854981,1.0000,false
V4T001147,28.819661,-53.998149,LRG,0.38890725,1.0000,false
V4T001148,2.059999,-28.832989,QSO,0.21641077,1.7000,false
V4T001149,36.377536,-56.772702,BGS,0.78056243,0.4500,false
V4T001150,341.213685,-32.652064,ELG,0.27022889,1.0000,true
V4T001151,48.290956,-32.766244,QSO,0.22720468,1.7000,false
V4T001152,54.940260,-38.823076,LRG,0.16735114,1.0000,false
V4T001153,56.274388,-53.327204,BGS,1.90208896,0.4500,false
V4T001154,49.660370,-41.603420,BGS,1.41578809,0.4500,false
V4T001155,337.421451,-31.349162,ELG,0.54729007,1.0000,false
V4T001156,348.392607,-35.972494,QSO,0.15649951,1.7000,false
V4T001157,356.564399,-23.537836,ELG,0.43426577,1.0000,false
V4T001158,49.471686,-42.369290,BGS,0.93102037,0.4500,false
V4T001159,20.140217,-57.235462,ELG,1.27244190,1.0000,true
V4T001160,338.064425,-22.092070,QSO,0.15720937,1.7000,true
V4T001161,343.930680,-26.265921,LRG,0.21819822,1.0000,true
V4T001162,30.723632,-44.318462,LRG,0.33766228,1.0000,false
V4T001163,34.511246,-49.483635,BGS,1.33419841,0.4500,false
V4T001164,41.993829,-51.500981,ELG,0.42028802,1.0000,false
V4T001165,32.156820,-51.074632,BGS,0.82475750,0.4500,true
V4T001166,50.215404,-41.110945,LRG,0.32163007,1.0000,false
V4T001167,354.788392,-31.464744,LRG,0.26078629,1.0000,false
V4T001168,350.278631,-28.780482,ELG,0.81576180,1.0000,false
V4T001169,30.350302,-46.642302,LRG,0.34889655,1.0000,false
V4T001170,50.493358,-36.488851,QSO,0.15181486,1.7000,false
V4T001171,42.318303,-45.314002,ELG,0.94524196,1.0000,false
V4T001172,25.811720,-36.427757,ELG,0.62071824,1.0000,true
V4T001173,352.858683,-27.988657,ELG,0.61419121,1.0000,false
V4T001174,338.251009,-25.554303,ELG,1.23348551,1.0000,false
V4T001175,26.730628,-41.382142,QSO,0.35876040,1.7000,false
V4T001176,22.868434,-38.382923,BGS,1.07653892,0.4500,false
V4T001177,31.446841,-60.140562,QSO,0.10789003,1.7000,false
V4T001178,357.691137,-17.988652,LRG,0.19843640,1.0000,false
V4T001179,0.362394,-19.653035,QSO,0.14654066,1.7000,true
V4T001180,351.265297,-23.273390,BGS,1.41650875,0.4500,false
V4T001181,28.722376,-58.811337,ELG,0.84274716,1.0000,false
V4T001182,341.451100,-33.306423,LRG,0.18134329,1.0000,false
V4T001183,49.702964,-42.252452,LRG,0.61844548,1.0000,false
V4T001184,343.123490,-26.894242,BGS,0.92510630,0.4500,false
V4T001185,32.924780,-33.263398,QSO,0.27494658,1.7000,false
V4T001186,349.621730,-16.491175,LRG,0.31004808,1.0000,false
V4T001187,18.867375,-40.282729,ELG,0.52808446,1.0000,false
V4T001188,38.722325,-31.835760,LRG,0.61256467,1.0000,false
V4T001189,352.544707,-24.603637,QSO,0.08752403,1.7000,false
V4T001190,348.085359,-16.379596,BGS,1.04074284,0.4500,false
V4T001191,29.451096,-53.581148,QSO,0.42334234,1.7000,false
V4T001192,42.858261,-49.941812,LRG,0.21365424,1.0000,false
V4T001193,48.854815,-42.839654,LRG,0.59924804,1.0000,false
V4T001194,38.763726,-41.659505,ELG,0.41565229,1.0000,false
V4T001195,19.121680,-54.556511,LRG,0.37942275,1.0000,true
V4T001196,28.460301,-45.605446,BGS,0.98136082,0.4500,false
V4T001197,37.534027,-31.553384,LRG,0.19147783,1.0000,false
V4T001198,339.798021,-26.170730,BGS,0.83098959,0.4500,false
V4T001199,346.526039,-18.141396,Star,4.21649014,0.3000,false
V4T001200,350.340421,-36.013334,LRG,0.44112054,1.0000,false
V4T001201,3.129202,-30.192516,BGS,1.58524287,0.4500,false
V4T001202,45.861301,-33.983779,LRG,0.36002679,1.0000,false
V4T001203,27.225663,-54.787681,Star,4.34727078,0.3000,false
V4T001204,40.577069,-35.137908,BGS,1.46489998,0.4500,false
V4T001205,38.137074,-32.558816,LRG,0.19577497,1.0000,false
V4T001206,353.526313,-19.431029,BGS,1.60058988,0.4500,false
V4T001207,341.195616,-32.842461,LRG,0.20743628,1.0000,false
V4T001208,343.133518,-17.303906,BGS,1.42070380,0.4500,true
V4T001209,35.391497,-47.918780,QSO,0.18742216,1.7000,false
V4T001210,50.417466,-41.858152,LRG,0.45403568,1.0000,false
V4T001211,22.828618,-37.012210,ELG,0.37607707,1.0000,false
V4T001212,48.262070,-36.520436,ELG,0.81070682,1.0000,false
V4T001213,51.659276,-42.158934,BGS,0.99691364,0.4500,false
V4T001214,353.294152,-29.103596,LRG,0.32978041,1.0000,false
V4T001215,351.508533,-28.891246,Star,4.64814659,0.3000,false
V4T001216,37.961288,-32.058373,LRG,0.63631335,1.0000,false
V4T001217,27.558923,-39.247886,ELG,0.61176668,1.0000,false
V4T001218,24.263391,-52.361694,ELG,0.45876297,1.0000,false
V4T001219,46.080205,-39.432363,BGS,1.02873554,0.4500,false
V4T001220,32.059172,-45.874604,BGS,1.24820340,0.4500,false
V4T001221,35.334787,-61.128485,LRG,0.21675368,1.0000,false
V4T001222,33.140543,-53.817795,BGS,1.25149438,0.4500,false
V4T001223,54.644765,-37.260210,BGS,1.23411544,0.4500,false
V4T001224,0.003412,-21.395542,ELG,0.78384475,1.0000,false
V4T001225,45.573941,-40.203071,ELG,0.57969372,1.0000,true
V4T001226,36.768204,-41.317580,LRG,0.30125082,1.0000,false
V4T001227,347.274009,-39.216920,BGS,0.62930740,0.4500,false
V4T001228,339.806041,-22.852832,LRG,0.21946317,1.0000,false
V4T001229,350.852494,-27.011191,BGS,0.81684525,0.4500,false
V4T001230,32.046061,-44.712402,ELG,0.73797021,1.0000,false
V4T001231,18.195213,-45.984036,QSO,0.24522830,1.7000,false
V4T001232,43.003409,-53.273725,BGS,1.04394897,0.4500,false
V4T001233,336.601353,-23.879010,BGS,1.41527313,0.4500,true
V4T001234,2.889053,-23.930190,QSO,0.29241950,1.7000,false
V4T001235,23.829998,-41.008142,BGS,0.87078335,0.4500,false
V4T001236,43.297804,-43.951566,ELG,0.42185664,1.0000,false
V4T001237,336.647064,-22.597174,ELG,0.97073045,1.0000,false
V4T001238,0.436465,-25.557828,Star,4.01828224,0.3000,false
V4T001239,36.727039,-42.051623,LRG,0.29268874,1.0000,false
V4T001240,21.021637,-52.724433,BGS,0.83582552,0.4500,false
V4T001241,40.438987,-34.640773,BGS,1.33499627,0.4500,true
V4T001242,340.314599,-33.364539,LRG,0.27851450,1.0000,false
V4T001243,339.945784,-17.459883,ELG,0.48695897,1.0000,false
V4T001244,48.386417,-39.409997,BGS,1.04161829,0.4500,false
V4T001245,52.803230,-40.038922,ELG,0.34762800,1.0000,false
V4T001246,354.695676,-19.018837,QSO,0.10822990,1.7000,false
V4T001247,0.524465,-19.464811,ELG,0.39357787,1.0000,false
V4T001248,352.342288,-28.789737,LRG,0.30602086,1.0000,false
V4T001249,358.272611,-27.655580,ELG,0.62969545,1.0000,true
V4T001250,37.019000,-56.262501,BGS,1.70657972,0.4500,false
V4T001251,1.083211,-19.673064,LRG,0.20999170,1.0000,false
V4T001252,345.335928,-28.414720,ELG,0.76077748,1.0000,false
V4T001253,4.702783,-27.333441,LRG,0.56708297,1.0000,false
V4T001254,25.830082,-51.411100,ELG,0.59272847,1.0000,false
V4T001255,55.178318,-54.930041,BGS,1.07984357,0.4500,false
V4T001256,338.654642,-26.889948,ELG,0.69712296,1.0000,false
V4T001257,39.377934,-48.916443,BGS,1.24878911,0.4500,false
V4T001258,19.024739,-54.452565,ELG,0.37209231,1.0000,false
V4T001259,346.753145,-26.182407,ELG,0.65010979,1.0000,false
V4T001260,23.736601,-55.646281,ELG,0.57387417,1.0000,false
V4T001261,351.228136,-37.283424,LRG,0.35416005,1.0000,false
V4T001262,38.963980,-49.252960,LRG,0.35629165,1.0000,false
V4T001263,350.815234,-21.738944,ELG,0.56919209,1.0000,false
V4T001264,352.566681,-28.321028,ELG,0.58399895,1.0000,false
V4T001265,28.734716,-43.167499,Star,4.76503565,0.3000,false
V4T001266,32.541148,-46.488259,BGS,1.20693944,0.4500,false
V4T001267,347.937837,-33.337644,Star,4.67263417,0.3000,false
V4T001268,338.140435,-20.872143,ELG,0.27899532,1.0000,false
V4T001269,353.306170,-34.156607,QSO,0.06857917,1.7000,false
V4T001270,20.767173,-54.812989,QSO,0.09405421,1.7000,false
V4T001271,337.951427,-31.796741,BGS,1.39776689,0.4500,false
V4T001272,45.614080,-34.476217,ELG,0.35057080,1.0000,false
V4T001273,345.755178,-17.906467,LRG,0.22037512,1.0000,false
V4T001274,43.991232,-58.756918,BGS,1.42512609,0.4500,false
V4T001275,342.387797,-17.874498,Star,3.90822773,0.3000,false
V4T001276,346.106484,-17.433332,Star,5.80933361,0.3000,true
V4T001277,36.953667,-55.112660,LRG,0.21882220,1.0000,false
V4T001278,352.747474,-19.076374,ELG,0.91572359,1.0000,false
V4T001279,46.533297,-48.110494,BGS,1.32255358,0.4500,false
V4T001280,43.144886,-36.718023,LRG,0.32097537,1.0000,false
V4T001281,343.267791,-20.181015,LRG,0.25082659,1.0000,false
V4T001282,44.440143,-57.267238,ELG,0.40238443,1.0000,false
V4T001283,342.416722,-35.115322,Star,2.83158144,0.3000,false
V4T001284,3.419899,-24.056223,LRG,0.45901090,1.0000,false
V4T001285,355.515302,-32.262180,ELG,0.85441430,1.0000,false
V4T001286,1.701520,-23.559298,BGS,0.93787342,0.4500,false
V4T001287,37.233675,-31.894271,BGS,1.92626981,0.4500,false
V4T001288,38.426909,-35.444554,QSO,0.11811341,1.7000,false
V4T001289,15.605363,-50.819389,ELG,0.73055301,1.0000,false
V4T001290,349.541561,-33.444296,ELG,0.67193441,1.0000,false
V4T001291,47.013422,-53.334997,BGS,1.49308216,0.4500,false
V4T001292,55.201047,-45.415131,LRG,0.39637844,1.0000,false
V4T001293,25.401678,-42.139790,ELG,0.98687341,1.0000,false
V4T001294,49.141103,-55.793299,QSO,0.30048140,1.7000,false
V4T001295,345.610131,-28.490916,ELG,0.62809957,1.0000,false
V4T001296,340.939838,-27.673330,BGS,1.41935577,0.4500,false
V4T001297,24.166776,-59.844688,QSO,0.33655838,1.7000,true
V4T001298,343.563093,-27.483357,BGS,1.27010595,0.4500,false
V4T001299,34.693633,-35.195307,ELG,0.30495152,1.0000,false
V4T001300,49.506496,-44.010824,LRG,0.18816032,1.0000,false
V4T001301,340.796839,-33.697184,LRG,0.32087881,1.0000,false
V4T001302,49.243284,-55.109863,LRG,0.34178260,1.0000,false
V4T001303,338.839112,-26.942640,LRG,0.34599377,1.0000,false
V4T001304,346.778252,-22.875917,LRG,0.72571370,1.0000,false
V4T001305,347.023856,-22.786569,BGS,2.18224973,0.4500,true
V4T001306,355.243298,-34.331647,ELG,0.75245626,1.0000,false
V4T001307,357.488614,-29.348413,LRG,0.52997365,1.0000,false
V4T001308,25.039994,-46.770111,LRG,0.41213606,1.0000,false
V4T001309,2.947203,-24.843653,Star,2.96839730,0.3000,false
V4T001310,351.647798,-29.343432,LRG,0.43239892,1.0000,false
V4T001311,355.095449,-20.157426,BGS,1.03644739,0.4500,false
V4T001312,49.295838,-41.730925,LRG,0.22141480,1.0000,false
V4T001313,36.467393,-40.195002,ELG,1.92048993,1.0000,false
V4T001314,340.157165,-34.801180,QSO,0.27190521,1.7000,false
V4T001315,50.394714,-41.519360,LRG,0.32105587,1.0000,false
V4T001316,29.148494,-53.612132,ELG,0.61477323,1.0000,false
V4T001317,28.256892,-44.715429,ELG,0.95427203,1.0000,false
V4T001318,40.283089,-59.378693,Star,3.59574419,0.3000,false
V4T001319,25.094838,-39.635963,ELG,0.64607597,1.0000,false
V4T001320,41.954835,-52.105563,ELG,0.46507358,1.0000,false
V4T001321,353.820803,-29.021901,QSO,0.20007210,1.7000,false
V4T001322,338.184726,-31.053333,ELG,0.38916288,1.0000,false
V4T001323,24.511382,-60.020322,Star,4.71482591,0.3000,false
V4T001324,49.390675,-34.761391,ELG,0.47358036,1.0000,false
V4T001325,353.389535,-20.654601,BGS,2.52841743,0.4500,true
V4T001326,346.058495,-28.496160,BGS,1.82236278,0.4500,false
V4T001327,338.174238,-31.637704,LRG,0.63969710,1.0000,false
V4T001328,352.155943,-36.942288,QSO,0.13106959,1.7000,false
V4T001329,34.481318,-32.076711,ELG,0.64920736,1.0000,false
V4T001330,340.459499,-23.497780,QSO,0.13528808,1.7000,false
V4T001331,353.011699,-28.288767,BGS,0.58859484,0.4500,false
V4T001332,346.594393,-32.429191,QSO,0.29032973,1.7000,false
V4T001333,38.429509,-40.585634,BGS,1.54493367,0.4500,false
V4T001334,44.581209,-53.530317,Star,2.24968872,0.3000,false
V4T001335,36.670600,-41.686248,ELG,0.95018237,1.0000,false
V4T001336,348.323055,-19.893147,ELG,0.39257238,1.0000,false
V4T001337,345.648552,-17.181271,BGS,1.13601335,0.4500,false
V4T001338,337.294221,-31.081756,LRG,0.16054761,1.0000,false
V4T001339,350.336786,-33.391634,ELG,0.51825975,1.0000,false
V4T001340,340.836322,-33.390707,Star,3.34703986,0.3000,false
V4T001341,351.785492,-26.428970,QSO,0.14686701,1.7000,false
V4T001342,26.910205,-37.512702,ELG,0.54788384,1.0000,false
V4T001343,337.469393,-31.354671,ELG,0.40742459,1.0000,false
V4T001344,22.387751,-43.782948,QSO,0.25022828,1.7000,false
V4T001345,340.867399,-20.676399,LRG,0.41375809,1.0000,false
V4T001346,29.557886,-53.595519,ELG,0.86191681,1.0000,false
V4T001347,345.708120,-17.223373,ELG,1.15311037,1.0000,false
V4T001348,37.341109,-31.847377,LRG,0.35830342,1.0000,false
V4T001349,345.350889,-17.933633,ELG,0.47791890,1.0000,false
V4T001350,348.854556,-16.933056,BGS,1.71271764,0.4500,false
V4T001351,35.851487,-56.484403,BGS,1.20913350,0.4500,false
V4T001352,3.245661,-30.949379,ELG,0.73884620,1.0000,true
V4T001353,15.557898,-46.701993,ELG,0.31203400,1.0000,false
V4T001354,19.679235,-48.451126,ELG,0.42790683,1.0000,true
V4T001355,30.209375,-57.494341,ELG,0.85188755,1.0000,false
V4T001356,34.877924,-48.193623,ELG,0.52630546,1.0000,false
V4T001357,39.104538,-50.242923,LRG,0.41455292,1.0000,false
V4T001358,344.926159,-20.553422,ELG,0.29483281,1.0000,false
V4T001359,31.516345,-32.780920,ELG,0.54336342,1.0000,false
V4T001360,336.050906,-26.436260,BGS,0.80667482,0.4500,false
V4T001361,353.111906,-27.543123,QSO,0.09897413,1.7000,false
V4T001362,36.788023,-33.841917,LRG,0.32147605,1.0000,false
V4T001363,4.651535,-26.829700,BGS,1.00884936,0.4500,false
V4T001364,56.965060,-48.757223,ELG,0.34141570,1.0000,false
V4T001365,348.730147,-22.973432,LRG,0.39479830,1.0000,false
V4T001366,54.272370,-54.484510,ELG,0.53869192,1.0000,true
V4T001367,43.974375,-36.266174,ELG,0.67218551,1.0000,false
V4T001368,37.897626,-48.807134,ELG,0.38534475,1.0000,false
V4T001369,25.391444,-52.112208,ELG,0.78333436,1.0000,false
V4T001370,42.640785,-56.090330,LRG,0.34721519,1.0000,false
V4T001371,337.262579,-29.111505,ELG,0.70147632,1.0000,false
V4T001372,50.586536,-49.754266,ELG,0.66763504,1.0000,false
V4T001373,346.027789,-28.437374,ELG,0.46813598,1.0000,false
V4T001374,3.594345,-23.868940,Star,3.07735434,0.3000,false
V4T001375,347.780094,-16.710510,ELG,0.29558008,1.0000,false
V4T001376,27.016355,-50.751498,BGS,1.79432688,0.4500,false
V4T001377,55.858072,-54.447493,ELG,0.61358881,1.0000,false
V4T001378,39.549324,-33.240855,BGS,1.62981481,0.4500,false
V4T001379,31.752506,-61.563387,ELG,0.52659473,1.0000,false
V4T001380,3.684887,-28.845794,ELG,0.60255644,1.0000,false
V4T001381,55.017740,-49.687856,ELG,0.50720909,1.0000,false
V4T001382,352.616769,-31.384587,BGS,1.30083183,0.4500,false
V4T001383,337.849046,-24.384375,BGS,0.98368878,0.4500,false
V4T001384,40.014948,-34.260377,ELG,0.80637062,1.0000,false
V4T001385,30.266586,-61.190406,BGS,1.17558906,0.4500,false
V4T001386,355.702168,-24.224463,LRG,0.58456657,1.0000,true
V4T001387,357.875883,-31.015134,ELG,0.96608940,1.0000,false
V4T001388,20.735405,-41.091627,BGS,0.99935521,0.4500,false
V4T001389,26.230035,-53.133215,ELG,0.87373487,1.0000,false
V4T001390,337.455079,-25.847024,Star,3.26888349,0.3000,false
V4T001391,352.348960,-28.560851,BGS,1.04707344,0.4500,false
V4T001392,44.434954,-39.909356,Star,3.12076060,0.3000,false
V4T001393,345.025169,-16.816833,ELG,0.44985503,1.0000,false
V4T001394,336.460744,-24.848493,Star,6.95721814,0.3000,false
V4T001395,55.743831,-38.463016,QSO,0.16545697,1.7000,false
V4T001396,1.796567,-29.176432,Star,3.76427052,0.3000,false
V4T001397,17.900365,-43.731081,QSO,0.30647707,1.7000,false
V4T001398,54.889905,-54.195785,ELG,0.86100817,1.0000,false
V4T001399,345.670238,-18.396935,LRG,0.25172603,1.0000,false
V4T001400,346.216706,-28.839492,Star,3.30303957,0.3000,false
V4T001401,340.196092,-36.458486,ELG,0.49670391,1.0000,false
V4T001402,339.801011,-22.350787,LRG,0.67941252,1.0000,false
V4T001403,49.587959,-41.947312,QSO,0.06991489,1.7000,false
V4T001404,347.217039,-20.325807,ELG,0.99411291,1.0000,false
V4T001405,338.237478,-30.970647,ELG,0.67113197,1.0000,false
V4T001406,340.493752,-32.100631,BGS,0.78299338,0.4500,false
V4T001407,349.928648,-39.121876,QSO,0.08528053,1.7000,false
V4T001408,56.659538,-40.541090,LRG,0.55587518,1.0000,false
V4T001409,31.280144,-51.452910,QSO,0.18327525,1.7000,false
V4T001410,0.591713,-24.160583,BGS,0.85290126,0.4500,false
V4T001411,37.078303,-32.329290,QSO,0.20114354,1.7000,false
V4T001412,36.593530,-46.952031,LRG,0.38069075,1.0000,false
V4T001413,345.163253,-18.471521,LRG,0.36119946,1.0000,false
V4T001414,49.487265,-41.032497,Star,3.34968923,0.3000,false
V4T001415,29.858401,-54.045172,ELG,0.45346663,1.0000,false
V4T001416,358.671391,-26.200744,LRG,0.22595264,1.0000,false
V4T001417,338.583378,-20.916692,ELG,0.75087827,1.0000,false
V4T001418,38.504647,-40.505320,ELG,0.57531653,1.0000,false
V4T001419,30.384080,-41.070937,LRG,0.47455430,1.0000,false
V4T001420,30.069035,-53.411083,QSO,0.28267572,1.7000,false
V4T001421,55.589892,-40.299483,LRG,0.40743980,1.0000,false
V4T001422,46.145124,-46.004023,ELG,0.58797166,1.0000,false
V4T001423,344.785598,-23.289260,BGS,1.64086316,0.4500,false
V4T001424,28.197839,-34.081733,BGS,1.03973053,0.4500,false
V4T001425,339.696255,-20.296190,BGS,1.41015444,0.4500,false
V4T001426,35.767172,-50.419918,ELG,0.35071854,1.0000,false
V4T001427,0.350656,-31.037165,LRG,0.41485642,1.0000,false
V4T001428,347.916963,-21.134967,ELG,0.74160809,1.0000,false
V4T001429,16.901361,-44.042351,LRG,0.57610795,1.0000,false
V4T001430,37.660642,-48.351102,ELG,0.53367476,1.0000,false
V4T001431,347.772431,-22.912856,BGS,1.52471779,0.4500,false
V4T001432,18.217606,-43.110413,LRG,0.23624105,1.0000,false
V4T001433,29.248762,-61.332852,ELG,0.33328060,1.0000,false
V4T001434,27.163368,-39.953017,ELG,0.44791626,1.0000,false
V4T001435,40.542029,-41.942249,QSO,0.22724321,1.7000,false
V4T001436,340.733758,-34.141638,ELG,0.31414024,1.0000,false
V4T001437,37.453334,-57.343636,QSO,0.21565058,1.7000,false
V4T001438,1.283751,-22.554765,Star,2.70886236,0.3000,false
V4T001439,48.149804,-32.764956,BGS,1.13627797,0.4500,false
V4T001440,355.369408,-23.288803,LRG,0.41318137,1.0000,false
V4T001441,351.988311,-28.808371,BGS,1.33317602,0.4500,false
V4T001442,34.202561,-47.719245,BGS,1.02523187,0.4500,false
V4T001443,352.096794,-29.156755,Star,3.92462963,0.3000,false
V4T001444,55.143275,-47.441306,ELG,0.49673675,1.0000,false
V4T001445,43.671009,-37.905225,ELG,0.59815505,1.0000,false
V4T001446,40.976815,-39.672671,BGS,1.46904808,0.4500,false
V4T001447,343.374718,-23.934382,ELG,0.83542568,1.0000,false
V4T001448,42.412774,-34.945207,Star,3.11579328,0.3000,false
V4T001449,57.580414,-47.635157,LRG,0.29362007,1.0000,false
V4T001450,340.249372,-20.021167,LRG,0.78393858,1.0000,false
V4T001451,39.190501,-56.692252,BGS,0.79506592,0.4500,false
V4T001452,345.294444,-38.899135,ELG,0.46279719,1.0000,false
V4T001453,34.745307,-57.227882,Star,2.49811756,0.3000,false
V4T001454,29.439225,-53.933025,Star,4.87836120,0.3000,false
V4T001455,50.852870,-41.738858,ELG,0.43278774,1.0000,false
V4T001456,35.910023,-59.333617,BGS,1.91640361,0.4500,false
V4T001457,35.744751,-33.285345,ELG,1.45983881,1.0000,false
V4T001458,24.240987,-51.283974,LRG,0.36132970,1.0000,false
V4T001459,351.488512,-29.283881,LRG,0.38923987,1.0000,false
V4T001460,33.034700,-44.098960,ELG,0.36130784,1.0000,false
V4T001461,50.652736,-56.161535,ELG,0.40249951,1.0000,false
V4T001462,346.535002,-29.723717,ELG,0.73133272,1.0000,false
V4T001463,46.582427,-48.801227,LRG,0.48965621,1.0000,false
V4T001464,0.921313,-27.595365,Star,3.74540383,0.3000,false
V4T001465,339.965259,-19.681593,QSO,0.09848869,1.7000,false
V4T001466,56.634517,-52.936831,BGS,1.17593280,0.4500,false
V4T001467,352.701622,-28.228522,ELG,0.55570736,1.0000,false
V4T001468,348.748493,-39.761359,ELG,0.72113637,1.0000,false
V4T001469,14.834270,-46.843104,Star,3.69025834,0.3000,false
V4T001470,27.914245,-37.088277,ELG,0.97325855,1.0000,false
V4T001471,49.094515,-41.847226,LRG,0.39717995,1.0000,false
V4T001472,358.474596,-29.100512,ELG,0.92172009,1.0000,false
V4T001473,30.580990,-46.863930,QSO,0.20374032,1.7000,false
V4T001474,352.580905,-23.502158,ELG,0.61943797,1.0000,false
V4T001475,37.963846,-49.755133,Star,2.70107717,0.3000,false
V4T001476,49.430546,-54.467531,BGS,1.11105683,0.4500,false
V4T001477,17.937229,-45.635797,ELG,0.37864944,1.0000,false
V4T001478,37.268549,-31.830164,BGS,1.12645250,0.4500,false
V4T001479,35.954790,-40.943614,ELG,0.60808645,1.0000,false
V4T001480,33.521253,-41.315189,Star,3.76559937,0.3000,false
V4T001481,345.778586,-28.331226,LRG,0.34212688,1.0000,false
V4T001482,349.396836,-24.872089,ELG,0.31378364,1.0000,false
V4T001483,59.100255,-47.490251,QSO,0.29399417,1.7000,false
V4T001484,0.286631,-18.995913,BGS,1.17277897,0.4500,false
V4T001485,347.152396,-27.908607,LRG,0.25765256,1.0000,false
V4T001486,49.185598,-56.283031,LRG,0.45912064,1.0000,false
V4T001487,345.174969,-32.714511,QSO,0.08386615,1.7000,false
V4T001488,27.251805,-42.945490,ELG,0.81378364,1.0000,false
V4T001489,36.285698,-40.522393,QSO,0.39065151,1.7000,false
V4T001490,53.763350,-54.420066,LRG,0.62650295,1.0000,false
V4T001491,49.469453,-40.792825,ELG,0.26411823,1.0000,false
V4T001492,54.525242,-54.819095,QSO,0.16069201,1.7000,false
V4T001493,2.553406,-30.376485,QSO,0.14928618,1.7000,false
V4T001494,345.995158,-27.950092,QSO,0.12485442,1.7000,false
V4T001495,1.275806,-29.907779,LRG,0.23129628,1.0000,false
V4T001496,49.625464,-41.860123,BGS,1.11487670,0.4500,false
V4T001497,30.413383,-54.279962,QSO,0.17687244,1.7000,false
V4T001498,351.672919,-19.573536,ELG,0.71152585,1.0000,false
V4T001499,30.593154,-56.400524,BGS,1.30184077,0.4500,false
V4T001500,35.847146,-41.849277,LRG,0.33341700,1.0000,false
V4T001501,356.266924,-22.744911,BGS,1.35340498,0.4500,false
V4T001502,29.753590,-50.863524,Star,5.18166036,0.3000,false
V4T001503,30.420804,-53.880658,QSO,0.18400693,1.7000,false
V4T001504,342.729518,-36.529697,ELG,0.54928385,1.0000,false
V4T001505,353.855141,-38.250031,BGS,1.06092372,0.4500,false
V4T001506,341.582870,-33.478057,BGS,1.54087534,0.4500,true
V4T001507,56.023861,-54.883830,BGS,1.00816627,0.4500,false
V4T001508,51.884401,-47.889212,LRG,0.18512111,1.0000,false
V4T001509,357.661706,-26.594344,ELG,0.59169275,1.0000,false
V4T001510,337.333025,-31.431205,QSO,0.30534072,1.7000,false
V4T001511,348.313797,-21.604896,ELG,0.25750986,1.0000,false
V4T001512,1.051050,-23.165936,BGS,1.62357503,0.4500,false
V4T001513,36.587200,-58.925498,LRG,0.30267662,1.0000,false
V4T001514,41.970541,-33.122029,LRG,0.50247631,1.0000,false
V4T001515,359.579109,-25.780022,BGS,0.98087513,0.4500,false
V4T001516,354.902957,-22.972384,BGS,1.97491708,0.4500,false
V4T001517,54.906306,-55.196321,LRG,0.21333039,1.0000,false
V4T001518,0.350121,-20.296321,ELG,0.49958144,1.0000,false
V4T001519,351.308153,-16.251228,LRG,0.29330125,1.0000,false
V4T001520,348.599867,-20.354452,BGS,0.89018975,0.4500,false
V4T001521,2.358907,-27.280241,ELG,0.76035467,1.0000,false
V4T001522,27.726140,-38.996946,BGS,1.32226737,0.4500,true
V4T001523,37.870541,-32.160055,BGS,0.88532458,0.4500,false
V4T001524,25.955367,-52.161115,LRG,0.36008327,1.0000,false
V4T001525,49.636417,-42.156839,ELG,0.78177734,1.0000,false
V4T001526,48.621397,-35.196047,BGS,1.36199495,0.4500,false
V4T001527,341.651115,-33.471845,ELG,0.88859296,1.0000,false
V4T001528,53.446972,-37.324869,ELG,0.82073979,1.0000,false
V4T001529,35.157601,-40.416885,LRG,0.35242360,1.0000,false
V4T001530,30.695177,-53.273231,Star,5.26697552,0.3000,false
V4T001531,55.298481,-41.545700,ELG,1.22765227,1.0000,false
V4T001532,336.634754,-29.738042,Star,5.88875195,0.3000,false
V4T001533,351.959051,-15.908346,BGS,1.07319654,0.4500,false
V4T001534,48.212340,-56.290068,Star,3.44613642,0.3000,true
V4T001535,348.168425,-35.206664,ELG,0.53152972,1.0000,false
V4T001536,25.017191,-37.502229,Star,4.66843377,0.3000,false
V4T001537,342.245123,-22.329130,ELG,0.60593991,1.0000,false
V4T001538,346.312099,-27.759846,BGS,0.80351999,0.4500,false
V4T001539,342.600567,-16.770832,LRG,0.63691702,1.0000,false
V4T001540,28.099947,-61.490492,ELG,0.28080124,1.0000,false
V4T001541,340.759952,-33.150271,QSO,0.17817170,1.7000,false
V4T001542,25.525475,-53.147212,BGS,1.68456857,0.4500,false
V4T001543,349.664562,-24.154661,Star,5.28293400,0.3000,false
V4T001544,0.758511,-20.766142,ELG,0.54138684,1.0000,false
V4T001545,353.124373,-35.055812,BGS,1.09171252,0.4500,false
V4T001546,37.825428,-32.181498,LRG,0.38561766,1.0000,false
V4T001547,36.916601,-32.296510,ELG,0.56237768,1.0000,false
V4T001548,14.610620,-48.641777,LRG,0.52961787,1.0000,false
V4T001549,352.164511,-28.788490,QSO,0.10254331,1.7000,false
V4T001550,58.367669,-48.039652,ELG,1.09985783,1.0000,false
V4T001551,42.085057,-51.561347,ELG,0.85922351,1.0000,false
V4T001552,32.318446,-47.176803,QSO,0.08889092,1.7000,false
V4T001553,38.234541,-31.345220,ELG,0.53575641,1.0000,false
V4T001554,25.249382,-52.643523,Star,4.16676003,0.3000,false
V4T001555,30.299223,-42.326271,BGS,1.84633622,0.4500,false
V4T001556,48.522141,-50.283021,Star,3.62899704,0.3000,true
V4T001557,341.448114,-26.994089,ELG,0.42904624,1.0000,false
V4T001558,24.768148,-43.676002,QSO,0.13100704,1.7000,true
V4T001559,55.764937,-53.724249,ELG,0.84994322,1.0000,false
V4T001560,49.134469,-59.843328,Star,3.97069010,0.3000,false
V4T001561,342.460548,-17.016862,QSO,0.15062382,1.7000,false
V4T001562,351.274812,-17.827938,ELG,0.61218691,1.0000,false
V4T001563,356.501499,-28.882583,QSO,0.27456090,1.7000,false
V4T001564,338.904563,-29.836364,QSO,0.31245088,1.7000,false
V4T001565,48.330135,-50.530472,QSO,0.18825384,1.7000,false
V4T001566,47.404367,-44.949787,QSO,0.09905342,1.7000,false
V4T001567,33.495084,-38.114696,ELG,0.51992848,1.0000,false
V4T001568,347.618521,-16.851581,LRG,0.35822997,1.0000,false
V4T001569,338.087939,-31.325260,LRG,0.57343820,1.0000,false
V4T001570,359.365110,-29.544459,BGS,1.83564162,0.4500,false
V4T001571,358.977840,-30.835625,LRG,0.30661063,1.0000,false
V4T001572,33.061497,-58.187618,ELG,0.23187773,1.0000,false
V4T001573,358.930630,-35.927657,LRG,0.37328210,1.0000,false
V4T001574,337.936691,-23.347592,BGS,1.14428743,0.4500,false
V4T001575,24.365712,-43.182088,ELG,0.61985551,1.0000,false
V4T001576,38.590835,-36.988355,LRG,0.42221989,1.0000,false
V4T001577,3.397629,-28.973103,ELG,0.45100062,1.0000,false
V4T001578,47.250955,-49.794341,ELG,0.29358324,1.0000,false
V4T001579,32.410207,-40.670068,ELG,0.44557499,1.0000,false
V4T001580,36.717190,-41.123314,BGS,1.28732626,0.4500,false
V4T001581,46.513429,-33.741309,ELG,0.82784584,1.0000,false
V4T001582,36.315272,-41.195066,ELG,0.22332496,1.0000,false
V4T001583,44.951885,-34.638089,LRG,0.28865417,1.0000,false
V4T001584,345.857629,-17.712992,QSO,0.10360363,1.7000,false
V4T001585,339.589243,-26.673614,LRG,0.21278717,1.0000,false
V4T001586,343.400312,-33.495352,LRG,0.54484818,1.0000,false
V4T001587,33.039652,-54.922134,QSO,0.23304224,1.7000,false
V4T001588,32.290088,-33.568331,ELG,0.57003123,1.0000,false
V4T001589,53.905705,-41.987690,BGS,0.95425936,0.4500,false
V4T001590,340.785728,-33.675707,BGS,1.04915341,0.4500,true
V4T001591,344.422171,-26.197178,LRG,0.24556079,1.0000,false
V4T001592,26.371339,-45.966980,QSO,0.25499931,1.7000,false
V4T001593,39.651341,-52.197820,BGS,0.90898657,0.4500,false
V4T001594,356.849690,-21.983898,Star,4.12315601,0.3000,false
V4T001595,17.311262,-49.426686,ELG,0.61369862,1.0000,false
V4T001596,341.975678,-33.661059,BGS,1.14338349,0.4500,false
V4T001597,40.146149,-46.809962,LRG,0.21750503,1.0000,true
V4T001598,20.897207,-52.358554,BGS,1.53088265,0.4500,false
V4T001599,349.250397,-27.254925,ELG,0.30631458,1.0000,false
V4T001600,22.334955,-51.861634,ELG,0.98448234,1.0000,false
V4T001601,348.187906,-15.201119,BGS,1.37001509,0.4500,false
V4T001602,341.190815,-33.630202,QSO,0.24434208,1.7000,false
V4T001603,55.046477,-54.317758,QSO,0.10185219,1.7000,true
V4T001604,341.928842,-33.483790,BGS,1.19040218,0.4500,false
V4T001605,342.173256,-23.637910,BGS,1.10973657,0.4500,false
V4T001606,345.531435,-28.688808,QSO,0.34051321,1.7000,false
V4T001607,0.295824,-19.465792,Star,6.18116262,0.3000,false
V4T001608,20.522088,-50.504413,LRG,0.38584196,1.0000,false
V4T001609,37.853384,-32.010781,BGS,0.60424787,0.4500,false
V4T001610,337.825130,-28.762241,QSO,0.16971213,1.7000,false
V4T001611,2.401267,-27.160804,BGS,1.22507393,0.4500,true
V4T001612,38.325776,-49.108782,LRG,0.31143401,1.0000,false
V4T001613,2.511581,-28.487791,ELG,0.70971254,1.0000,false
V4T001614,351.071154,-18.762053,LRG,0.28922582,1.0000,false
V4T001615,352.344771,-29.782290,BGS,1.23628135,0.4500,false
V4T001616,17.455385,-53.274154,ELG,0.66938558,1.0000,false
V4T001617,38.669331,-35.905154,QSO,0.20100219,1.7000,false
V4T001618,20.146471,-43.279514,ELG,0.33623765,1.0000,false
V4T001619,52.589321,-56.832680,QSO,0.17716330,1.7000,false
V4T001620,27.484986,-35.165559,LRG,0.22779161,1.0000,false
V4T001621,355.001913,-30.940835,ELG,0.39952479,1.0000,false
V4T001622,358.781104,-32.020888,LRG,0.21213421,1.0000,false
V4T001623,49.400126,-42.578834,QSO,0.05779881,1.7000,false
V4T001624,344.329002,-23.009030,LRG,0.17082552,1.0000,false
V4T001625,46.721910,-53.889902,QSO,0.13467948,1.7000,false
V4T001626,35.427480,-48.115854,BGS,0.96074822,0.4500,false
V4T001627,30.087354,-54.050483,ELG,0.40644943,1.0000,false
V4T001628,40.171305,-36.666348,Star,3.38312403,0.3000,false
V4T001629,51.916014,-51.801335,LRG,0.28950631,1.0000,false
V4T001630,49.260701,-33.163862,Star,3.34480089,0.3000,false
V4T001631,33.836132,-55.190207,QSO,0.16626679,1.7000,true
V4T001632,344.449928,-15.421898,BGS,1.51054639,0.4500,true
V4T001633,56.624565,-43.762907,ELG,0.44933214,1.0000,false
V4T001634,49.494610,-41.474954,QSO,0.29280952,1.7000,false
V4T001635,55.716102,-54.121945,ELG,0.64281614,1.0000,false
V4T001636,32.045059,-54.634449,LRG,0.41731626,1.0000,false
V4T001637,47.540398,-35.463242,LRG,0.34748418,1.0000,false
V4T001638,50.824098,-40.626285,ELG,0.68469385,1.0000,false
V4T001639,345.468371,-28.319738,LRG,0.36805258,1.0000,false
V4T001640,42.631792,-40.619980,LRG,0.23659990,1.0000,false
V4T001641,40.557875,-33.916262,ELG,1.02531734,1.0000,false
V4T001642,34.457260,-52.378096,QSO,0.28038677,1.7000,false
V4T001643,354.697238,-30.587986,Star,4.21180601,0.3000,false
V4T001644,0.028415,-20.695620,BGS,1.35955931,0.4500,false
V4T001645,350.634859,-33.003714,ELG,0.29162422,1.0000,false
V4T001646,56.093801,-54.491330,Star,3.59743501,0.3000,false
V4T001647,3.545023,-26.912944,BGS,1.15399450,0.4500,false
V4T001648,22.174070,-47.838143,BGS,1.12711050,0.4500,false
V4T001649,21.376166,-48.986755,ELG,0.59529931,1.0000,true
V4T001650,351.978182,-36.521658,BGS,0.93992197,0.4500,false
V4T001651,352.271986,-27.956155,QSO,0.24143526,1.7000,false
V4T001652,30.707986,-54.052075,LRG,0.29295328,1.0000,false
V4T001653,359.905897,-32.333331,LRG,0.39354172,1.0000,false
V4T001654,347.538566,-20.385588,ELG,0.40975622,1.0000,false
V4T001655,349.339610,-29.487815,QSO,0.19939747,1.7000,false
V4T001656,338.546061,-31.953971,LRG,0.20048345,1.0000,false
V4T001657,51.685635,-37.833677,ELG,0.36113512,1.0000,false
V4T001658,28.565720,-52.875329,Star,2.27832771,0.3000,true
V4T001659,352.355326,-28.859069,BGS,1.55755692,0.4500,false
V4T001660,0.779143,-34.221838,ELG,1.27351209,1.0000,false
V4T001661,342.242858,-36.929570,QSO,0.49585124,1.7000,false
V4T001662,32.552827,-50.519573,LRG,0.34200845,1.0000,false
V4T001663,340.391511,-32.781224,LRG,0.17653135,1.0000,false
V4T001664,345.657764,-17.975852,BGS,1.51062969,0.4500,false
V4T001665,46.437984,-36.027235,ELG,0.52974588,1.0000,false
V4T001666,28.358023,-54.184041,QSO,0.42057202,1.7000,false
V4T001667,30.752256,-47.405340,QSO,0.27441275,1.7000,false
V4T001668,25.395837,-52.692508,ELG,0.42509833,1.0000,false
V4T001669,344.580936,-17.124236,ELG,0.28258649,1.0000,false
V4T001670,345.877375,-15.871493,ELG,0.35412647,1.0000,false
V4T001671,29.851225,-43.681601,ELG,0.33220108,1.0000,false
V4T001672,347.663496,-18.169958,ELG,0.35461147,1.0000,true
V4T001673,26.887702,-35.036782,LRG,0.20605026,1.0000,false
V4T001674,357.679992,-29.396008,LRG,0.39756952,1.0000,false
V4T001675,35.734744,-35.119657,LRG,0.62000586,1.0000,false
V4T001676,348.414292,-39.820445,LRG,0.25080393,1.0000,false
V4T001677,25.240390,-51.549570,BGS,1.15448069,0.4500,false
V4T001678,35.000506,-40.992738,QSO,0.11009481,1.7000,false
V4T001679,352.814729,-31.255693,BGS,2.51030366,0.4500,true
V4T001680,55.100094,-50.047249,QSO,0.36330542,1.7000,false
V4T001681,47.371388,-36.945064,ELG,0.34464621,1.0000,true
V4T001682,23.057700,-42.185470,ELG,0.62293647,1.0000,false
V4T001683,355.230994,-25.242917,LRG,0.16122580,1.0000,false
V4T001684,344.695547,-27.501432,QSO,0.14176040,1.7000,false
V4T001685,0.718274,-30.504501,ELG,1.09960871,1.0000,false
V4T001686,35.294601,-34.059616,Star,4.43154020,0.3000,false
V4T001687,358.279628,-23.432243,BGS,2.64037554,0.4500,false
V4T001688,344.286551,-18.007195,Star,6.14323342,0.3000,false
V4T001689,55.985957,-54.526665,QSO,0.23913561,1.7000,false
V4T001690,53.644891,-50.960933,LRG,0.48879211,1.0000,true
V4T001691,46.141526,-48.974724,LRG,0.51478812,1.0000,false
V4T001692,29.392840,-53.042794,ELG,0.83426756,1.0000,false
V4T001693,21.866282,-57.092708,QSO,0.29489256,1.7000,false
V4T001694,1.756271,-21.736998,BGS,0.98497923,0.4500,false
V4T001695,337.881372,-31.887698,BGS,1.73974119,0.4500,true
V4T001696,343.510847,-26.488407,BGS,1.56677724,0.4500,false
V4T001697,24.723361,-51.987477,ELG,0.34083396,1.0000,false
V4T001698,1.821148,-22.997134,BGS,0.87130346,0.4500,false
V4T001699,347.166982,-34.257808,ELG,0.47710572,1.0000,false
V4T001700,54.234957,-49.647645,BGS,0.88343037,0.4500,false
V4T001701,39.812426,-47.327939,QSO,0.20999856,1.7000,false
V4T001702,27.895563,-59.285293,ELG,0.86804355,1.0000,false
V4T001703,24.438826,-37.704958,ELG,0.41465325,1.0000,false
V4T001704,345.397423,-31.213318,QSO,0.09694616,1.7000,false
V4T001705,1.254175,-24.434309,Star,4.59095320,0.3000,false
V4T001706,347.485474,-35.554350,BGS,1.42935355,0.4500,false
V4T001707,347.747818,-38.832009,Star,2.72259151,0.3000,false
V4T001708,57.117911,-44.292963,LRG,0.25049268,1.0000,false
V4T001709,354.012682,-34.124950,LRG,0.24747098,1.0000,false
V4T001710,355.286845,-29.763441,ELG,0.53214371,1.0000,false
V4T001711,35.385689,-32.829144,BGS,1.08751631,0.4500,false
V4T001712,24.335984,-51.832686,LRG,0.27672548,1.0000,false
V4T001713,351.055828,-27.897619,BGS,1.20283592,0.4500,false
V4T001714,350.022391,-15.872488,ELG,0.77074188,1.0000,false
V4T001715,0.238672,-25.790818,QSO,0.21289842,1.7000,false
V4T001716,359.966349,-32.898813,BGS,1.15817004,0.4500,false
V4T001717,56.187337,-50.276276,QSO,0.28240251,1.7000,false
V4T001718,341.723672,-34.447219,LRG,0.27429151,1.0000,false
V4T001719,44.275084,-37.732366,ELG,0.28449920,1.0000,false
V4T001720,341.123824,-25.498364,QSO,0.24395374,1.7000,false
V4T001721,353.207810,-28.481026,LRG,0.44624556,1.0000,false
V4T001722,356.708463,-24.560429,ELG,0.48552538,1.0000,false
V4T001723,29.455645,-53.928807,BGS,0.76583177,0.4500,false
V4T001724,37.685286,-31.659823,ELG,0.26520398,1.0000,false
V4T001725,350.373190,-32.046030,LRG,0.29140856,1.0000,false
V4T001726,2.916378,-23.926891,BGS,0.71885196,0.4500,false
V4T001727,39.432855,-54.091380,QSO,0.16770415,1.7000,false
V4T001728,36.695437,-35.944672,LRG,0.38944941,1.0000,false
V4T001729,41.689782,-59.596800,Star,5.50799331,0.3000,false
V4T001730,340.824515,-30.392299,BGS,1.22122483,0.4500,false
V4T001731,1.356242,-33.414583,ELG,1.30329388,1.0000,false
V4T001732,338.633793,-31.670261,Star,2.76680693,0.3000,false
V4T001733,30.110124,-61.270656,ELG,0.57401912,1.0000,false
V4T001734,351.718626,-20.301174,ELG,0.43975596,1.0000,false
V4T001735,345.090886,-28.860372,BGS,0.58787293,0.4500,false
V4T001736,41.943536,-56.725751,BGS,0.98055501,0.4500,false
V4T001737,0.937931,-34.631321,ELG,0.53891693,1.0000,false
V4T001738,26.369916,-43.336785,ELG,0.63104005,1.0000,false
V4T001739,340.880239,-23.889584,ELG,0.74408229,1.0000,false
V4T001740,354.834685,-38.702628,LRG,0.29257220,1.0000,false
V4T001741,337.989404,-31.757926,ELG,0.86833109,1.0000,false
V4T001742,349.021019,-26.545770,Star,4.03443779,0.3000,false
V4T001743,55.414094,-49.744029,BGS,1.50817153,0.4500,false
V4T001744,40.071512,-56.918054,BGS,1.66253732,0.4500,true
V4T001745,30.191809,-58.002631,BGS,1.61883385,0.4500,true
V4T001746,55.308593,-38.627954,QSO,0.07215947,1.7000,false
V4T001747,30.057831,-46.647794,LRG,0.41135818,1.0000,false
V4T001748,24.558069,-47.387913,ELG,1.10188617,1.0000,false
V4T001749,40.369218,-51.090526,ELG,0.52066940,1.0000,false
V4T001750,353.731497,-28.627265,ELG,0.43902700,1.0000,false
V4T001751,336.334953,-27.367026,LRG,0.56484778,1.0000,false
V4T001752,25.100951,-53.946965,LRG,0.29298471,1.0000,false
V4T001753,340.045902,-20.231340,LRG,0.43016153,1.0000,false
V4T001754,351.373372,-24.455629,LRG,0.41630834,1.0000,false
V4T001755,2.019482,-27.025366,BGS,1.46274160,0.4500,false
V4T001756,51.196526,-51.195643,ELG,0.67427487,1.0000,false
V4T001757,338.546660,-31.025465,ELG,0.28681120,1.0000,false
V4T001758,356.005668,-23.367891,Star,3.80037623,0.3000,true
V4T001759,36.820898,-46.503320,ELG,1.00019556,1.0000,false
V4T001760,35.834638,-41.042584,Star,2.72796550,0.3000,false
V4T001761,344.455707,-35.147094,ELG,0.56507777,1.0000,false
V4T001762,28.433497,-53.956501,BGS,1.07040169,0.4500,false
V4T001763,346.549199,-23.233273,QSO,0.06678267,1.7000,false
V4T001764,50.830154,-41.510018,ELG,0.40009929,1.0000,false
V4T001765,56.624521,-54.605686,ELG,0.80884863,1.0000,false
V4T001766,346.403628,-17.352066,ELG,0.72035449,1.0000,false
V4T001767,345.271370,-28.993651,Star,3.25987082,0.3000,false
V4T001768,357.828169,-29.812082,ELG,0.60340733,1.0000,false
V4T001769,42.095302,-45.184833,Star,4.75549491,0.3000,false
V4T001770,38.382635,-43.031498,LRG,0.24642741,1.0000,false
V4T001771,17.278624,-57.192243,LRG,0.41480765,1.0000,false
V4T001772,49.510395,-41.908645,BGS,0.92975179,0.4500,false
V4T001773,345.994705,-28.904454,LRG,0.50627637,1.0000,false
V4T001774,349.930627,-28.392239,ELG,0.42127803,1.0000,false
V4T001775,3.854322,-27.905383,Star,4.45551848,0.3000,false
V4T001776,338.155420,-32.853451,LRG,0.22879761,1.0000,false
V4T001777,34.388416,-61.788184,BGS,1.26610047,0.4500,false
V4T001778,54.383611,-39.522191,ELG,0.31596769,1.0000,false
V4T001779,24.725616,-42.874250,ELG,0.78510931,1.0000,false
V4T001780,16.748744,-47.172332,LRG,0.60876198,1.0000,false
V4T001781,33.748945,-40.888404,ELG,0.33699845,1.0000,false
V4T001782,358.813865,-21.864299,Star,4.15712517,0.3000,false
V4T001783,32.196112,-33.989070,ELG,0.33823889,1.0000,false
V4T001784,23.717462,-59.748999,BGS,1.61406995,0.4500,false
V4T001785,21.116405,-43.541201,QSO,0.11682271,1.7000,false
V4T001786,19.191144,-51.011239,QSO,0.17104039,1.7000,false
V4T001787,36.274864,-41.421120,BGS,1.00608336,0.4500,true
V4T001788,25.746818,-36.600216,LRG,0.63246265,1.0000,false
V4T001789,22.665633,-45.796954,BGS,1.20977935,0.4500,false
V4T001790,338.225325,-31.090479,ELG,0.53720264,1.0000,false
V4T001791,31.821457,-36.869048,LRG,0.40332856,1.0000,false
V4T001792,48.431113,-40.536066,QSO,0.24503011,1.7000,false
V4T001793,357.296536,-17.825426,QSO,0.11118673,1.7000,false
V4T001794,20.648913,-59.472820,ELG,0.94536560,1.0000,false
V4T001795,47.168717,-44.390255,ELG,0.40873269,1.0000,false
V4T001796,19.665341,-41.615721,LRG,0.15202169,1.0000,false
V4T001797,345.314709,-28.847076,QSO,0.15400354,1.7000,false
V4T001798,345.401503,-32.621761,BGS,1.57677635,0.4500,false
V4T001799,26.256836,-56.877428,LRG,0.61102368,1.0000,false
V4T001800,35.806133,-46.524147,LRG,0.30395977,1.0000,false
V4T001801,38.640545,-32.067034,ELG,0.31511821,1.0000,false
V4T001802,42.088262,-58.881787,BGS,1.04598737,0.4500,false
V4T001803,348.087419,-17.245373,BGS,1.00493822,0.4500,false
V4T001804,38.289002,-55.267721,ELG,1.25570606,1.0000,false
V4T001805,346.421938,-23.052439,ELG,0.69648981,1.0000,false
V4T001806,344.699471,-34.652995,BGS,1.94545748,0.4500,false
V4T001807,36.820971,-40.847534,LRG,0.26126876,1.0000,false
V4T001808,29.042969,-61.216751,ELG,1.18928089,1.0000,false
V4T001809,36.909588,-31.734892,LRG,0.30527285,1.0000,false
V4T001810,339.965255,-31.540288,ELG,0.50279479,1.0000,false
V4T001811,348.399052,-31.756772,LRG,0.27805513,1.0000,false
V4T001812,51.854642,-43.824837,QSO,0.13637211,1.7000,false
V4T001813,0.326292,-19.608996,ELG,0.39675115,1.0000,false
V4T001814,0.894101,-30.681439,BGS,1.12670756,0.4500,false
V4T001815,18.527330,-52.234638,BGS,1.07813176,0.4500,false
V4T001816,51.024617,-49.001718,QSO,0.15188201,1.7000,false
V4T001817,0.342094,-19.525224,ELG,0.65789873,1.0000,false
V4T001818,37.446441,-41.431811,QSO,0.50711287,1.7000,false
V4T001819,25.103560,-42.026625,QSO,0.05808021,1.7000,false
V4T001820,57.065925,-52.561829,QSO,0.34226904,1.7000,false
V4T001821,47.491948,-50.614418,BGS,1.37381741,0.4500,false
V4T001822,350.535111,-21.510340,Star,4.32370020,0.3000,true
V4T001823,344.179109,-16.617200,ELG,0.66581699,1.0000,false
V4T001824,54.991888,-43.272187,ELG,0.39722235,1.0000,false
V4T001825,47.954549,-45.862258,QSO,0.09088859,1.7000,false
V4T001826,358.209333,-22.045312,ELG,0.43662646,1.0000,false
V4T001827,35.322784,-40.613696,Star,4.16119079,0.3000,true
V4T001828,344.973975,-28.593060,BGS,1.20716331,0.4500,false
V4T001829,20.719524,-49.867962,BGS,1.17043432,0.4500,false
V4T001830,37.030488,-34.332303,BGS,0.88550990,0.4500,false
V4T001831,342.726551,-27.729926,ELG,0.33881280,1.0000,false
V4T001832,3.653370,-28.796788,ELG,0.97231963,1.0000,false
V4T001833,344.215117,-30.073809,QSO,0.61625631,1.7000,false
V4T001834,343.860347,-24.534882,Star,3.50009370,0.3000,false
V4T001835,21.274308,-54.328312,Star,4.71653163,0.3000,false
V4T001836,349.882886,-22.901304,LRG,0.59023735,1.0000,false
V4T001837,353.358872,-19.494601,QSO,0.09399264,1.7000,true
V4T001838,55.514508,-54.719553,BGS,1.13895462,0.4500,true
V4T001839,50.865342,-42.032265,LRG,0.65235446,1.0000,false
V4T001840,1.489240,-19.610503,ELG,0.22149929,1.0000,false
V4T001841,341.496894,-20.541370,LRG,0.12783729,1.0000,false
V4T001842,41.388741,-32.913378,QSO,0.13831920,1.7000,false
V4T001843,56.712878,-40.510386,ELG,0.87800411,1.0000,false
V4T001844,36.332316,-57.878866,LRG,0.39963695,1.0000,false
V4T001845,33.940081,-47.770820,BGS,1.40758214,0.4500,false
V4T001846,343.496992,-34.743924,LRG,0.22316444,1.0000,false
V4T001847,345.709771,-28.365694,ELG,0.57544383,1.0000,false
V4T001848,356.399840,-27.608166,ELG,0.84074048,1.0000,false
V4T001849,350.681382,-29.821797,BGS,1.26292871,0.4500,false
V4T001850,24.419350,-52.411414,BGS,1.40563470,0.4500,false
V4T001851,21.365482,-41.282080,LRG,0.40995967,1.0000,false
V4T001852,36.129912,-48.387773,LRG,0.17697996,1.0000,false
V4T001853,359.841070,-34.778739,ELG,0.63640355,1.0000,false
V4T001854,353.233212,-28.767436,ELG,0.83105552,1.0000,false
V4T001855,38.756708,-60.947416,LRG,0.32233895,1.0000,false
V4T001856,1.102229,-19.486077,BGS,1.58940972,0.4500,false
V4T001857,45.596314,-34.510790,ELG,0.61715002,1.0000,false
V4T001858,340.639664,-34.076113,Star,3.18225465,0.3000,true
V4T001859,25.684336,-52.498981,QSO,0.21898747,1.7000,false
V4T001860,25.948563,-36.961453,LRG,0.40081949,1.0000,false
V4T001861,50.032739,-40.381669,BGS,1.83852167,0.4500,false
V4T001862,29.574962,-51.656442,QSO,0.37439688,1.7000,false
V4T001863,42.301756,-32.490066,Star,4.53124790,0.3000,false
V4T001864,20.059364,-43.374273,ELG,0.53972662,1.0000,false
V4T001865,53.109733,-56.125646,ELG,0.70964978,1.0000,false
V4T001866,1.829855,-30.044004,LRG,0.45916834,1.0000,false
V4T001867,0.325949,-33.089047,BGS,1.44340699,0.4500,false
V4T001868,22.237386,-46.488705,QSO,0.08597229,1.7000,false
V4T001869,359.288532,-29.031394,ELG,0.78583512,1.0000,false
V4T001870,38.666755,-31.948389,ELG,0.85139740,1.0000,false
V4T001871,52.092685,-43.448031,LRG,0.39796792,1.0000,true
V4T001872,29.503656,-43.510289,ELG,0.75216754,1.0000,false
V4T001873,47.990291,-57.257166,ELG,0.40992042,1.0000,false
V4T001874,25.415912,-61.259061,BGS,0.97145520,0.4500,false
V4T001875,3.205311,-26.968693,ELG,0.74155730,1.0000,false
V4T001876,27.450871,-48.285508,Star,3.67236411,0.3000,false
V4T001877,350.464161,-20.132415,BGS,2.23527325,0.4500,false
V4T001878,50.556003,-41.909170,ELG,0.98586745,1.0000,false
V4T001879,342.288159,-34.949935,ELG,0.51672145,1.0000,false
V4T001880,348.763252,-27.050925,Star,5.39644737,0.3000,false
V4T001881,352.894858,-28.467198,ELG,0.76735801,1.0000,false
V4T001882,22.744151,-38.292979,ELG,0.54381247,1.0000,false
V4T001883,45.435638,-53.640190,BGS,1.19670504,0.4500,false
V4T001884,346.254691,-28.854998,ELG,0.43218619,1.0000,false
V4T001885,350.896640,-31.457998,ELG,0.58768524,1.0000,false
V4T001886,36.283078,-49.985735,BGS,0.98216956,0.4500,false
V4T001887,346.096118,-28.549927,BGS,0.82749926,0.4500,false
V4T001888,345.074470,-17.442288,QSO,0.24262940,1.7000,false
V4T001889,0.969415,-30.659627,QSO,0.34950802,1.7000,false
V4T001890,345.119197,-17.117369,BGS,0.80618789,0.4500,false
V4T001891,347.569116,-26.068479,QSO,0.21192390,1.7000,false
V4T001892,48.867994,-37.308557,ELG,0.43329889,1.0000,false
V4T001893,41.106908,-37.642865,ELG,0.96157214,1.0000,false
V4T001894,337.590931,-25.388488,QSO,0.25375229,1.7000,false
V4T001895,345.625325,-17.152672,LRG,0.41549323,1.0000,false
V4T001896,51.532290,-58.744499,BGS,1.09935796,0.4500,false
V4T001897,346.326649,-18.607238,QSO,0.25745771,1.7000,false
V4T001898,38.073670,-31.869435,QSO,0.15521013,1.7000,false
V4T001899,346.552156,-29.072556,BGS,1.14231889,0.4500,false
V4T001900,49.743161,-50.385278,BGS,0.85012018,0.4500,false
V4T001901,18.316604,-49.312941,QSO,0.15232392,1.7000,false
V4T001902,338.035751,-30.947354,BGS,1.77547259,0.4500,false
V4T001903,19.660349,-40.758642,LRG,0.26790925,1.0000,false
V4T001904,347.921053,-20.870307,BGS,1.69382119,0.4500,false
V4T001905,39.485030,-45.689693,QSO,0.12044790,1.7000,false
V4T001906,346.126850,-28.046336,BGS,0.65944435,0.4500,false
V4T001907,25.069703,-50.941624,ELG,0.63437030,1.0000,false
V4T001908,343.772794,-25.202010,QSO,0.27292079,1.7000,false
V4T001909,2.420653,-21.051085,Star,3.91050698,0.3000,false
V4T001910,352.264879,-31.327738,BGS,1.17923675,0.4500,false
V4T001911,30.994562,-59.183562,LRG,0.64746130,1.0000,true
V4T001912,28.784982,-53.405112,ELG,0.52914790,1.0000,false
V4T001913,55.921942,-55.058347,ELG,0.63010301,1.0000,false
V4T001914,338.578684,-30.555564,ELG,0.68187550,1.0000,true
V4T001915,40.436547,-42.057289,LRG,0.30957427,1.0000,false
V4T001916,50.887393,-35.888444,LRG,0.29994041,1.0000,false
V4T001917,46.841432,-46.280725,ELG,0.56273968,1.0000,false
V4T001918,56.322291,-54.754353,ELG,0.54205521,1.0000,false
V4T001919,36.601292,-43.249961,BGS,1.44535019,0.4500,false
V4T001920,33.378136,-58.628104,QSO,0.22969158,1.7000,false
V4T001921,338.801910,-20.543281,LRG,0.27174262,1.0000,false
V4T001922,343.042978,-30.136544,QSO,0.54516379,1.7000,false
V4T001923,35.401198,-40.451600,BGS,1.06238932,0.4500,false
V4T001924,341.683367,-33.504413,LRG,0.34026629,1.0000,true
V4T001925,52.124174,-47.203124,ELG,0.75474831,1.0000,false
V4T001926,34.887033,-50.564568,ELG,0.84553431,1.0000,false
V4T001927,21.687903,-47.471847,QSO,0.14342769,1.7000,true
V4T001928,23.214261,-45.146409,ELG,1.12966093,1.0000,false
V4T001929,346.626017,-24.248588,LRG,0.33850143,1.0000,false
V4T001930,338.858539,-25.570675,ELG,0.17250572,1.0000,false
V4T001931,352.101078,-36.653586,LRG,0.44746110,1.0000,false
V4T001932,345.315838,-27.997112,BGS,0.92072600,0.4500,false
V4T001933,37.582527,-31.999625,ELG,0.50750053,1.0000,false
V4T001934,56.671222,-54.201631,ELG,0.75484685,1.0000,false
V4T001935,348.386762,-21.103887,LRG,0.49702175,1.0000,false
V4T001936,22.416364,-38.544435,BGS,1.04164652,0.4500,false
V4T001937,42.493055,-40.412609,ELG,0.32450740,1.0000,false
V4T001938,352.105978,-28.851313,ELG,0.40205267,1.0000,false
V4T001939,339.673602,-27.235301,ELG,0.51621123,1.0000,false
V4T001940,44.309615,-36.955235,LRG,0.20492643,1.0000,false
V4T001941,353.419977,-28.521728,LRG,0.38383416,1.0000,false
V4T001942,348.069507,-23.381816,Star,4.36429671,0.3000,false
V4T001943,48.915166,-39.538166,LRG,0.32757566,1.0000,false
V4T001944,25.479043,-60.962359,ELG,0.33240947,1.0000,false
V4T001945,46.626880,-58.526084,LRG,0.67326159,1.0000,false
V4T001946,19.617348,-48.040097,LRG,0.30511543,1.0000,false
V4T001947,25.163774,-51.893948,ELG,0.65262364,1.0000,false
V4T001948,29.463639,-55.816652,BGS,1.34429372,0.4500,false
V4T001949,1.387104,-19.535277,ELG,0.81276674,1.0000,false
V4T001950,24.657552,-41.741763,ELG,0.32921937,1.0000,false
V4T001951,32.644471,-40.671060,ELG,0.49793640,1.0000,false
V4T001952,38.091922,-46.804261,BGS,1.91557577,0.4500,false
V4T001953,359.630304,-30.432351,LRG,0.25722748,1.0000,false
V4T001954,35.371851,-46.284946,BGS,1.05769799,0.4500,false
V4T001955,27.519624,-58.743585,ELG,0.58142328,1.0000,false
V4T001956,344.738975,-26.032989,ELG,0.48501343,1.0000,false
V4T001957,356.027174,-37.630907,LRG,0.18285562,1.0000,false
V4T001958,345.726264,-28.231944,ELG,0.54100625,1.0000,false
V4T001959,49.477248,-41.201449,ELG,0.36948188,1.0000,false
V4T001960,41.007152,-40.587140,QSO,0.14685965,1.7000,false
V4T001961,345.054049,-33.215770,LRG,0.40599591,1.0000,false
V4T001962,39.229439,-40.180970,ELG,0.38721650,1.0000,false
V4T001963,2.014110,-34.072092,LRG,0.28911275,1.0000,false
V4T001964,356.254662,-22.272285,LRG,0.40642707,1.0000,false
V4T001965,1.694816,-22.485634,ELG,0.42950920,1.0000,false
V4T001966,36.680880,-31.762204,Star,4.40970679,0.3000,false
V4T001967,342.129378,-18.244516,LRG,0.28649277,1.0000,false
V4T001968,344.021900,-32.826693,LRG,0.56615534,1.0000,false
V4T001969,34.223293,-43.628936,LRG,0.36138441,1.0000,false
V4T001970,352.311749,-32.652217,LRG,0.25375675,1.0000,false
V4T001971,344.305371,-34.130113,LRG,0.17389953,1.0000,false
V4T001972,345.334439,-28.977266,BGS,1.25588265,0.4500,false
V4T001973,359.003269,-21.892219,ELG,0.45321360,1.0000,false
V4T001974,338.220958,-30.678199,QSO,0.07476612,1.7000,false
V4T001975,36.312660,-41.617341,ELG,1.19503334,1.0000,false
V4T001976,43.422259,-40.339992,BGS,1.41187280,0.4500,false
V4T001977,50.047670,-42.131086,Star,4.81990571,0.3000,false
V4T001978,29.530049,-54.296852,ELG,0.36340201,1.0000,false
V4T001979,342.091177,-37.134976,ELG,0.39466576,1.0000,false
V4T001980,51.125758,-37.240310,BGS,0.71229319,0.4500,true
V4T001981,343.257733,-23.004123,BGS,1.37158101,0.4500,false
V4T001982,44.020148,-42.089605,BGS,1.23145762,0.4500,false
V4T001983,29.431346,-53.513198,LRG,0.28255178,1.0000,false
V4T001984,47.324171,-55.925689,ELG,0.55039276,1.0000,false
V4T001985,28.586671,-54.031628,LRG,0.39728920,1.0000,false
V4T001986,353.365064,-21.363494,ELG,0.55301587,1.0000,false
V4T001987,44.836802,-45.742628,LRG,0.47521948,1.0000,true
V4T001988,341.551455,-24.082521,QSO,0.17986861,1.7000,true
V4T001989,0.330394,-28.135988,QSO,0.12300354,1.7000,false
V4T001990,53.459244,-47.917817,LRG,0.26881385,1.0000,false
V4T001991,25.088276,-46.300980,Star,3.16241241,0.3000,false
V4T001992,36.021409,-32.970868,ELG,0.50013979,1.0000,false
V4T001993,49.497816,-41.912566,ELG,0.48428223,1.0000,false
V4T001994,350.826194,-35.721315,QSO,0.07779788,1.7000,false
V4T001995,3.732063,-31.301159,LRG,0.34471976,1.0000,false
V4T001996,42.392080,-49.253446,BGS,2.28096380,0.4500,false
V4T001997,342.419693,-32.323834,LRG,0.41052136,1.0000,true
V4T001998,345.777476,-25.949109,ELG,0.64371912,1.0000,false
V4T001999,357.375053,-27.180481,ELG,1.18910312,1.0000,false
V4T002000,36.698195,-48.130368,ELG,0.41422939,1.0000,false
V4T002001,34.387644,-47.368957,BGS,0.92100518,0.4500,false
V4T002002,46.195082,-52.951173,BGS,1.16646222,0.4500,false
V4T002003,18.402113,-51.828890,ELG,1.01318340,1.0000,false
V4T002004,342.310307,-36.627727,BGS,1.08192458,0.4500,false
V4T002005,32.815055,-46.841757,ELG,0.81935971,1.0000,false
V4T002006,354.252916,-29.720052,BGS,1.52466902,0.4500,false
V4T002007,31.311215,-33.239959,LRG,0.23208760,1.0000,false
V4T002008,37.800277,-31.820719,BGS,1.24313926,0.4500,false
V4T002009,21.181773,-40.691638,ELG,0.36445492,1.0000,false
V4T002010,353.608342,-38.292604,ELG,0.38425148,1.0000,false
V4T002011,338.868560,-33.536558,ELG,0.44476298,1.0000,false
V4T002012,4.456849,-26.473591,BGS,0.80756462,0.4500,false
V4T002013,355.090111,-27.527228,ELG,0.83190843,1.0000,false
V4T002014,30.402887,-34.115770,LRG,0.23343642,1.0000,false
V4T002015,358.764175,-22.969102,BGS,0.86064702,0.4500,false
V4T002016,47.549124,-44.679798,ELG,0.66010896,1.0000,false
V4T002017,50.592339,-50.329942,QSO,0.10534304,1.7000,false
V4T002018,338.299158,-23.977542,BGS,1.55404306,0.4500,false
V4T002019,32.546508,-39.821108,QSO,0.14411141,1.7000,false
V4T002020,345.566720,-18.248689,ELG,0.56056747,1.0000,false
V4T002021,4.560208,-26.552857,QSO,0.27569860,1.7000,false
V4T002022,343.954768,-29.123385,ELG,0.78991327,1.0000,false
V4T002023,37.198830,-31.668009,ELG,0.39268030,1.0000,false
V4T002024,18.949423,-48.224470,ELG,0.48976530,1.0000,false
V4T002025,34.430094,-52.526201,BGS,1.22141436,0.4500,true
V4T002026,352.098492,-27.656633,ELG,0.75352550,1.0000,false
V4T002027,348.397547,-18.845432,QSO,0.15681291,1.7000,false
V4T002028,40.754113,-35.073546,BGS,0.95527368,0.4500,false
V4T002029,35.601291,-41.912444,ELG,0.71333045,1.0000,false
V4T002030,357.502203,-31.705447,ELG,0.38812975,1.0000,false
V4T002031,19.970732,-39.276495,BGS,0.79518852,0.4500,false
V4T002032,337.423370,-30.105362,LRG,0.57846187,1.0000,false
V4T002033,345.183238,-26.648550,Star,3.12487998,0.3000,false
V4T002034,53.351031,-47.397792,BGS,0.78086467,0.4500,false
V4T002035,2.224552,-30.995844,BGS,1.40501634,0.4500,false
V4T002036,54.491659,-54.322615,BGS,0.75114117,0.4500,false
V4T002037,0.065989,-35.702586,BGS,1.94178275,0.4500,false
V4T002038,24.919458,-35.801576,QSO,0.19681429,1.7000,true
V4T002039,33.579351,-37.631500,Star,4.36447835,0.3000,false
V4T002040,38.183098,-60.070971,ELG,0.77342875,1.0000,false
V4T002041,45.656763,-49.510209,LRG,0.33652313,1.0000,false
V4T002042,35.998689,-40.997240,QSO,0.32823389,1.7000,false
V4T002043,35.052326,-33.718621,BGS,1.37094252,0.4500,false
V4T002044,24.010401,-48.328017,LRG,0.36035364,1.0000,false
V4T002045,14.893242,-50.378805,QSO,0.16154184,1.7000,false
V4T002046,49.849606,-41.863019,Star,4.55558252,0.3000,false
V4T002047,32.798732,-37.960398,Star,3.31979368,0.3000,false
V4T002048,1.591085,-34.337886,ELG,0.47003874,1.0000,false
V4T002049,0.382709,-18.978681,ELG,0.36646377,1.0000,false
V4T002050,29.404476,-54.544721,QSO,0.29084771,1.7000,false
V4T002051,28.830915,-36.948427,ELG,0.27451138,1.0000,false
V4T002052,346.723706,-34.337714,QSO,0.06635574,1.7000,false
V4T002053,345.237447,-31.859841,BGS,1.23830164,0.4500,false
V4T002054,26.357683,-42.022352,QSO,0.08479876,1.7000,false
V4T002055,346.848606,-35.198414,BGS,0.93255057,0.4500,false
V4T002056,349.927274,-18.600395,QSO,0.09827025,1.7000,false
V4T002057,33.263483,-62.356704,LRG,0.37614093,1.0000,false
V4T002058,345.714204,-29.275585,LRG,0.46314964,1.0000,false
V4T002059,352.989552,-28.711314,Star,3.79871604,0.3000,false
V4T002060,44.424167,-37.814244,LRG,0.25641265,1.0000,false
V4T002061,41.869012,-55.205336,Star,5.82426639,0.3000,false
V4T002062,339.520772,-33.784125,ELG,0.61355273,1.0000,false
V4T002063,21.477506,-40.665441,BGS,2.09547299,0.4500,false
V4T002064,3.274264,-26.190367,ELG,0.61541891,1.0000,false
V4T002065,52.314405,-39.329258,LRG,0.32361808,1.0000,false
V4T002066,34.990554,-41.003587,QSO,0.16118070,1.7000,false
V4T002067,30.395157,-53.510981,ELG,0.76812813,1.0000,false
V4T002068,55.412978,-55.100572,LRG,0.49688684,1.0000,false
V4T002069,341.523063,-26.265572,Star,2.65626607,0.3000,false
V4T002070,345.470431,-18.310649,ELG,0.58381110,1.0000,false
V4T002071,25.524605,-57.240037,Star,3.64999964,0.3000,false
V4T002072,29.160772,-36.843998,QSO,0.14292706,1.7000,false
V4T002073,349.164803,-31.894479,ELG,0.81285812,1.0000,false
V4T002074,31.228837,-50.267455,BGS,1.12778544,0.4500,false
V4T002075,0.108318,-28.878558,ELG,0.59642406,1.0000,true
V4T002076,54.503215,-53.271038,QSO,0.16030522,1.7000,false
V4T002077,352.847652,-33.742369,ELG,0.96682391,1.0000,true
V4T002078,44.868459,-40.236016,QSO,0.26365767,1.7000,false
V4T002079,349.170724,-26.573375,LRG,0.37284239,1.0000,false
V4T002080,57.363761,-53.174513,Star,3.72054853,0.3000,false
V4T002081,341.750205,-32.361050,LRG,0.73520086,1.0000,true
V4T002082,29.645002,-53.350388,ELG,0.60377974,1.0000,false
V4T002083,49.208606,-51.103613,Star,3.94239705,0.3000,false
V4T002084,29.530975,-53.530927,LRG,0.32992200,1.0000,false
V4T002085,344.513461,-25.700185,QSO,0.26988219,1.7000,false
V4T002086,35.891609,-41.299672,BGS,2.68605824,0.4500,false
V4T002087,50.408234,-41.302549,Star,5.35781050,0.3000,false
V4T002088,18.843580,-57.540815,QSO,0.09931188,1.7000,false
V4T002089,32.265403,-36.261180,ELG,0.56916651,1.0000,false
V4T002090,359.032441,-25.691995,ELG,0.37137456,1.0000,false
V4T002091,356.520337,-37.162322,BGS,0.88564199,0.4500,true
V4T002092,348.281888,-21.568826,QSO,0.16126171,1.7000,false
V4T002093,0.783405,-33.452954,LRG,0.54050884,1.0000,false
V4T002094,3.472158,-25.063971,ELG,0.94403468,1.0000,false
V4T002095,336.837764,-23.527319,LRG,0.27133396,1.0000,false
V4T002096,346.353598,-28.684535,ELG,0.34679222,1.0000,false
V4T002097,350.777197,-27.553601,ELG,1.72220328,1.0000,false
V4T002098,39.942367,-37.765695,LRG,0.35520201,1.0000,false
V4T002099,48.080341,-36.269284,LRG,0.42363908,1.0000,false
V4T002100,30.590164,-33.168047,BGS,1.57687406,0.4500,true
V4T002101,29.632150,-42.752840,BGS,1.52315415,0.4500,false
V4T002102,33.117439,-52.386464,QSO,0.20835908,1.7000,false
V4T002103,44.011403,-49.265407,Star,4.04971758,0.3000,false
V4T002104,340.875827,-26.524407,Star,4.73226112,0.3000,false
V4T002105,341.570984,-33.188209,ELG,0.73909632,1.0000,false
V4T002106,342.221838,-33.546585,BGS,0.94470352,0.4500,false
V4T002107,52.083019,-57.865287,LRG,0.38043156,1.0000,false
V4T002108,43.454964,-40.425140,BGS,1.24073374,0.4500,false
V4T002109,351.966616,-29.388714,LRG,0.43808706,1.0000,false
V4T002110,46.382785,-42.390912,ELG,0.91448532,1.0000,false
V4T002111,338.203399,-31.805581,QSO,0.29374971,1.7000,true
V4T002112,347.894312,-20.252088,ELG,1.38718661,1.0000,false
V4T002113,35.612351,-37.474371,BGS,0.99824727,0.4500,false
V4T002114,39.032128,-52.797808,LRG,0.39947498,1.0000,false
V4T002115,337.197367,-32.204201,BGS,1.45911806,0.4500,false
V4T002116,57.804699,-51.025728,BGS,0.99016825,0.4500,false
V4T002117,37.464889,-32.323962,BGS,1.86157828,0.4500,false
V4T002118,0.977202,-19.460376,BGS,1.63192456,0.4500,false
V4T002119,36.835110,-51.250017,ELG,0.65804973,1.0000,false
V4T002120,14.716915,-49.503765,LRG,0.18816585,1.0000,false
V4T002121,54.083394,-49.319200,BGS,1.20601502,0.4500,false
V4T002122,50.843374,-52.512823,QSO,0.26746038,1.7000,false
V4T002123,351.735720,-22.495110,BGS,1.51593344,0.4500,false
V4T002124,357.112838,-19.447253,BGS,1.42038658,0.4500,false
V4T002125,32.320928,-58.999517,ELG,0.44672690,1.0000,false
V4T002126,348.510672,-21.208759,QSO,0.10942250,1.7000,false
V4T002127,339.100896,-32.486040,ELG,0.59355902,1.0000,false
V4T002128,350.389872,-17.978158,ELG,0.22931170,1.0000,false
V4T002129,52.510383,-39.167746,BGS,1.38875280,0.4500,false
V4T002130,39.009382,-32.908625,LRG,0.31467286,1.0000,false
V4T002131,59.290368,-49.164159,BGS,0.71146746,0.4500,true
V4T002132,27.298371,-34.389489,ELG,0.63374588,1.0000,false
V4T002133,353.720863,-22.206403,BGS,1.64627083,0.4500,false
V4T002134,54.122407,-39.710370,Star,3.37236550,0.3000,false
V4T002135,343.639732,-17.847290,ELG,0.75591252,1.0000,false
V4T002136,353.204282,-23.894979,Star,3.46086397,0.3000,false
V4T002137,347.178085,-15.268141,QSO,0.10943308,1.7000,false
V4T002138,352.430940,-28.851438,ELG,0.65734938,1.0000,false
V4T002139,55.442857,-49.502659,ELG,0.81283333,1.0000,false
V4T002140,353.010567,-28.839299,ELG,0.62896779,1.0000,false
V4T002141,49.521146,-44.620486,QSO,0.19577629,1.7000,false
V4T002142,36.571705,-36.063395,ELG,1.08468958,1.0000,false
V4T002143,341.889308,-36.237150,ELG,0.64294964,1.0000,false
V4T002144,344.995348,-33.461044,ELG,0.72216211,1.0000,false
V4T002145,352.683224,-29.352165,LRG,0.38956431,1.0000,false
V4T002146,356.899152,-18.055048,LRG,0.35016838,1.0000,false
V4T002147,33.782409,-37.739974,BGS,1.32536181,0.4500,false
V4T002148,37.734924,-45.086781,QSO,0.09057006,1.7000,false
V4T002149,346.494523,-18.807380,BGS,1.32217591,0.4500,false
V4T002150,33.548585,-49.850936,ELG,0.42920005,1.0000,false
V4T002151,355.235165,-34.162440,BGS,0.83558647,0.4500,false
V4T002152,349.958064,-27.456219,BGS,1.16194831,0.4500,false
V4T002153,358.391875,-32.645245,Star,3.30241052,0.3000,false
V4T002154,338.235125,-32.196538,BGS,1.22476297,0.4500,false
V4T002155,37.601637,-31.627017,QSO,0.30141858,1.7000,false
V4T002156,0.670928,-31.415469,BGS,1.27576832,0.4500,false
V4T002157,28.224154,-34.411199,LRG,0.27825010,1.0000,false
V4T002158,352.476624,-23.188212,LRG,0.70355150,1.0000,false
V4T002159,49.113822,-41.544734,BGS,1.06270027,0.4500,false
V4T002160,30.202034,-52.571486,BGS,0.98416547,0.4500,false
V4T002161,56.821348,-50.453889,BGS,1.41793327,0.4500,false
V4T002162,349.276566,-29.165003,LRG,0.34272171,1.0000,false
V4T002163,46.446840,-35.302790,LRG,0.41468063,1.0000,false
V4T002164,50.087526,-41.755122,ELG,0.26018726,1.0000,false
V4T002165,18.188178,-44.105842,ELG,0.43877779,1.0000,false
V4T002166,15.282027,-46.461884,ELG,1.01659780,1.0000,false
V4T002167,343.142578,-25.314937,LRG,0.38462003,1.0000,false
V4T002168,341.945662,-32.300779,BGS,0.95997794,0.4500,false
V4T002169,0.282713,-19.252309,ELG,0.49637722,1.0000,false
V4T002170,37.069943,-41.410757,ELG,0.47116645,1.0000,false
V4T002171,49.868711,-55.927661,LRG,0.31210871,1.0000,false
V4T002172,344.672597,-17.645165,BGS,1.44863990,0.4500,false
V4T002173,32.928839,-36.071674,BGS,0.73083218,0.4500,false
V4T002174,357.839644,-36.196075,BGS,0.94523766,0.4500,false
V4T002175,354.685525,-28.128128,ELG,0.52540285,1.0000,false
V4T002176,46.394598,-54.798274,BGS,1.80064361,0.4500,false
V4T002177,356.524216,-19.758008,LRG,0.45732181,1.0000,false
V4T002178,52.118166,-44.605294,QSO,0.17996433,1.7000,false
V4T002179,345.458176,-15.681827,Star,4.17103475,0.3000,false
V4T002180,29.784788,-53.995963,BGS,1.60235241,0.4500,false
V4T002181,37.123707,-41.671727,QSO,0.12263744,1.7000,false
V4T002182,16.536202,-48.075346,ELG,0.30896671,1.0000,false
V4T002183,39.847376,-49.861433,LRG,0.39876955,1.0000,false
V4T002184,343.686583,-22.624782,QSO,0.16357779,1.7000,false
V4T002185,357.073576,-23.283036,BGS,1.30288079,0.4500,false
V4T002186,349.878171,-30.090797,QSO,0.11008053,1.7000,false
V4T002187,50.130911,-42.282430,QSO,0.08605463,1.7000,false
V4T002188,348.033293,-31.138209,Star,4.50998069,0.3000,true
V4T002189,46.066833,-47.273220,ELG,0.44739129,1.0000,false
V4T002190,25.845072,-41.626924,ELG,0.65205779,1.0000,false
V4T002191,49.438673,-40.449504,ELG,0.46263675,1.0000,false
V4T002192,43.518772,-37.647354,BGS,0.83801789,0.4500,false
V4T002193,344.826869,-28.187639,BGS,0.88549711,0.4500,false
V4T002194,49.616050,-39.293901,BGS,1.29227425,0.4500,false
V4T002195,0.530717,-19.136253,BGS,1.07267707,0.4500,false
V4T002196,340.839882,-33.269336,ELG,0.66402902,1.0000,false
V4T002197,35.134130,-43.259043,BGS,1.53817616,0.4500,false
V4T002198,346.379821,-17.569137,BGS,1.56607302,0.4500,false
V4T002199,25.516981,-51.439940,LRG,0.25722696,1.0000,false
V4T002200,28.938053,-41.039884,LRG,0.18540435,1.0000,false
V4T002201,54.230563,-39.264004,QSO,0.21812830,1.7000,false
V4T002202,0.663573,-19.061130,LRG,0.12650248,1.0000,false
V4T002203,22.115266,-38.835493,Star,4.62865578,0.3000,false
V4T002204,54.621642,-54.522248,LRG,0.26776945,1.0000,false
V4T002205,53.365776,-56.078672,ELG,0.95623390,1.0000,false
V4T002206,343.533534,-22.172118,Star,3.39238168,0.3000,false
V4T002207,26.866472,-36.059253,ELG,1.14683103,1.0000,false
V4T002208,359.990927,-30.665358,Star,3.93031289,0.3000,false
V4T002209,30.162913,-45.945202,BGS,1.40583342,0.4500,false
V4T002210,28.170658,-54.010396,QSO,0.17564875,1.7000,false
V4T002211,49.530577,-57.038815,BGS,1.82063274,0.4500,false
V4T002212,56.403342,-54.096848,QSO,0.12044658,1.7000,false
V4T002213,340.743913,-33.141778,LRG,0.47313043,1.0000,false
V4T002214,348.830182,-35.038241,LRG,0.37752218,1.0000,true
V4T002215,51.082763,-43.983074,LRG,0.30000375,1.0000,false
V4T002216,2.199094,-24.576310,Star,3.59881293,0.3000,false
V4T002217,28.090186,-48.760897,ELG,1.08879414,1.0000,false
V4T002218,357.654508,-21.670538,Star,4.58166745,0.3000,false
V4T002219,345.096361,-26.556347,LRG,0.33584183,1.0000,false
V4T002220,57.379724,-51.873810,BGS,1.17499932,0.4500,false
V4T002221,31.603127,-60.611362,BGS,1.14089026,0.4500,false
V4T002222,55.549172,-45.761579,BGS,0.84848936,0.4500,false
V4T002223,340.473708,-32.864392,BGS,2.12115821,0.4500,false
V4T002224,344.142219,-19.442264,ELG,0.58176399,1.0000,false
V4T002225,343.851666,-26.568317,ELG,0.50590012,1.0000,false
V4T002226,49.976404,-42.620884,ELG,0.53276014,1.0000,false
V4T002227,350.960020,-39.021576,Star,2.58153244,0.3000,false
V4T002228,341.457177,-32.005697,QSO,0.17982528,1.7000,false
V4T002229,345.353539,-17.804090,BGS,0.93002565,0.4500,false
V4T002230,346.428332,-28.570898,LRG,0.25608628,1.0000,false
V4T002231,55.408951,-52.350286,QSO,0.14401248,1.7000,false
V4T002232,29.233104,-52.693698,LRG,0.28458635,1.0000,false
V4T002233,55.736537,-54.606661,BGS,1.25781279,0.4500,false
V4T002234,44.564376,-42.433576,QSO,0.19885062,1.7000,false
V4T002235,18.059421,-50.624932,Star,4.56497289,0.3000,false
V4T002236,45.391728,-57.609894,BGS,1.33869729,0.4500,false
V4T002237,337.530782,-30.029798,BGS,1.47104796,0.4500,false
V4T002238,52.961787,-35.002106,ELG,0.79592078,1.0000,true
V4T002239,24.739173,-40.478412,BGS,1.94453249,0.4500,false
V4T002240,31.198284,-33.080710,BGS,1.22316662,0.4500,false
V4T002241,24.798729,-37.621649,QSO,0.18975708,1.7000,false
V4T002242,29.292785,-55.116276,Star,3.00398004,0.3000,false
V4T002243,346.323007,-18.287075,QSO,0.16815067,1.7000,false
V4T002244,337.198921,-31.363928,ELG,0.89048688,1.0000,false
V4T002245,339.947706,-32.375795,BGS,1.59062465,0.4500,false
V4T002246,21.623518,-54.961287,ELG,0.29577641,1.0000,false
V4T002247,15.795882,-47.694128,LRG,0.24760042,1.0000,false
V4T002248,345.365159,-18.041039,BGS,1.90257971,0.4500,false
V4T002249,345.392624,-17.618571,LRG,0.27966479,1.0000,false
V4T002250,36.883110,-40.169921,QSO,0.23726335,1.7000,false
V4T002251,40.755883,-47.495236,ELG,0.44594830,1.0000,false
V4T002252,49.100980,-42.093279,QSO,0.20227616,1.7000,true
V4T002253,350.956712,-28.801118,BGS,1.13122195,0.4500,false
V4T002254,346.419465,-35.968568,ELG,0.69705234,1.0000,false
V4T002255,53.935950,-35.942165,LRG,0.47176813,1.0000,false
V4T002256,352.539928,-28.874574,ELG,0.44596161,1.0000,false
V4T002257,54.397894,-41.491506,ELG,0.37634016,1.0000,false
V4T002258,49.026272,-41.213269,LRG,0.35755712,1.0000,false
V4T002259,343.750256,-19.673234,Star,3.53251933,0.3000,false
V4T002260,342.719333,-33.551557,LRG,0.45636071,1.0000,false
V4T002261,1.946289,-21.679233,LRG,0.21178909,1.0000,false
V4T002262,39.827172,-43.799625,LRG,0.31424502,1.0000,false
V4T002263,339.720174,-25.815556,ELG,0.58730294,1.0000,false
V4T002264,22.629072,-44.148252,BGS,1.17640816,0.4500,false
V4T002265,20.634123,-44.560807,ELG,0.59381639,1.0000,false
V4T002266,351.570234,-39.675739,BGS,1.17608991,0.4500,false
V4T002267,39.858061,-59.658177,BGS,2.04896045,0.4500,false
V4T002268,358.739060,-35.966960,ELG,0.93093954,1.0000,false
V4T002269,45.993711,-58.189476,ELG,0.81937977,1.0000,false
V4T002270,28.850830,-53.957997,QSO,0.23787446,1.7000,false
V4T002271,57.582141,-43.840688,Star,3.90204906,0.3000,false
V4T002272,37.411003,-32.267034,ELG,0.64745214,1.0000,true
V4T002273,31.903894,-50.103803,ELG,0.73864385,1.0000,false
V4T002274,26.696226,-37.466951,QSO,0.10209258,1.7000,false
V4T002275,4.036215,-24.365219,LRG,0.71768368,1.0000,true
V4T002276,345.481183,-28.496997,BGS,1.36589240,0.4500,false
V4T002277,349.251431,-29.906107,Star,5.27284136,0.3000,false
V4T002278,355.682081,-35.658350,BGS,1.30557343,0.4500,false
V4T002279,33.959460,-40.379055,LRG,0.39925306,1.0000,false
V4T002280,53.721451,-36.987986,QSO,0.30432413,1.7000,false
V4T002281,358.053460,-33.530416,ELG,0.26359813,1.0000,false
V4T002282,22.479916,-50.331975,BGS,0.86222663,0.4500,false
V4T002283,22.227768,-54.021687,ELG,0.41662998,1.0000,false
V4T002284,39.194933,-36.658935,ELG,0.95613843,1.0000,false
V4T002285,44.728289,-59.916034,ELG,0.58266923,1.0000,false
V4T002286,349.229967,-31.812421,ELG,0.54681861,1.0000,false
V4T002287,45.282000,-33.932317,ELG,0.32243420,1.0000,false
V4T002288,343.881251,-26.210570,LRG,0.32073779,1.0000,false
V4T002289,343.835917,-28.123371,BGS,0.96044723,0.4500,false
V4T002290,27.071998,-35.974833,ELG,0.65514235,1.0000,false
V4T002291,49.015551,-36.584821,Star,2.42507790,0.3000,false
V4T002292,22.047764,-40.124033,BGS,0.87492363,0.4500,false
V4T002293,29.378965,-53.713441,Star,6.91717381,0.3000,false
V4T002294,36.756951,-40.376772,LRG,0.24128025,1.0000,false
V4T002295,50.262025,-40.864777,QSO,0.34201289,1.7000,false
V4T002296,31.537786,-37.824943,ELG,0.73504173,1.0000,false
V4T002297,346.608530,-29.251296,BGS,1.03646629,0.4500,false
V4T002298,351.150910,-28.500380,LRG,0.31984630,1.0000,false
V4T002299,349.471030,-15.969120,ELG,0.41968560,1.0000,false
V4T002300,52.840546,-46.881637,LRG,0.24514663,1.0000,false
V4T002301,38.930887,-31.765516,ELG,0.62539659,1.0000,false
V4T002302,352.067457,-24.203383,ELG,0.52848139,1.0000,false
V4T002303,358.221737,-26.823135,QSO,0.09103653,1.7000,false
V4T002304,36.547081,-41.276248,LRG,0.36041665,1.0000,false
V4T002305,14.867202,-53.906807,BGS,0.90509130,0.4500,false
V4T002306,27.909757,-53.437388,LRG,0.24981158,1.0000,false
V4T002307,19.950296,-39.239054,BGS,1.59367441,0.4500,false
V4T002308,346.700108,-16.661483,ELG,1.03679419,1.0000,false
V4T002309,1.865249,-29.478165,LRG,0.40431747,1.0000,false
V4T002310,342.637672,-19.954532,BGS,1.24960433,0.4500,false
V4T002311,350.317824,-25.861143,Star,3.87247290,0.3000,false
V4T002312,357.887369,-27.529177,ELG,0.46872627,1.0000,false
V4T002313,50.812537,-42.224191,LRG,0.46288665,1.0000,false
V4T002314,30.192845,-53.650414,QSO,0.12784412,1.7000,false
V4T002315,352.094112,-37.427977,LRG,0.51290486,1.0000,false
V4T002316,36.770737,-39.986139,ELG,0.53735627,1.0000,false
V4T002317,41.072171,-51.435652,ELG,0.34897307,1.0000,false
V4T002318,48.796030,-43.023166,ELG,0.42793538,1.0000,false
V4T002319,24.288514,-50.828618,LRG,0.28075278,1.0000,false
V4T002320,42.958445,-35.227842,ELG,0.61346735,1.0000,false
V4T002321,340.228653,-33.078297,LRG,0.36699914,1.0000,false
V4T002322,336.551771,-30.097787,BGS,1.53443438,0.4500,false
V4T002323,346.174010,-27.247262,ELG,0.81443537,1.0000,false
V4T002324,37.111808,-32.270073,ELG,0.99856598,1.0000,false
V4T002325,40.343382,-52.388284,ELG,0.69206767,1.0000,false
V4T002326,52.339901,-48.002307,BGS,1.79891815,0.4500,false
V4T002327,53.936517,-37.265827,ELG,0.51073415,1.0000,false
V4T002328,38.568284,-42.730552,BGS,1.40986053,0.4500,false
V4T002329,43.186518,-46.760811,BGS,0.85041910,0.4500,true
V4T002330,338.038831,-30.622267,BGS,1.58914078,0.4500,false
V4T002331,354.937573,-35.415385,Star,4.02766153,0.3000,false
V4T002332,0.808872,-22.229131,QSO,0.08678158,1.7000,false
V4T002333,346.268386,-28.321980,BGS,0.94836881,0.4500,false
V4T002334,37.858024,-31.890917,Star,3.94968555,0.3000,false
V4T002335,25.416271,-49.204003,ELG,0.56327602,1.0000,false
V4T002336,346.825010,-17.481270,QSO,0.36543178,1.7000,false
V4T002337,30.327663,-54.546822,LRG,0.27343968,1.0000,false
V4T002338,28.636976,-53.664444,ELG,0.84919556,1.0000,false
V4T002339,46.864948,-58.048102,BGS,0.95274840,0.4500,false
V4T002340,35.769589,-41.990474,BGS,1.72233429,0.4500,false
V4T002341,344.000350,-26.715665,ELG,0.55833117,1.0000,false
V4T002342,343.533039,-17.085932,LRG,0.27856729,1.0000,false
V4T002343,46.918738,-49.804218,QSO,0.11727704,1.7000,false
V4T002344,358.680429,-26.898274,QSO,0.37719457,1.7000,false
V4T002345,50.429683,-50.058351,BGS,1.33246363,0.4500,false
V4T002346,337.462363,-31.471564,BGS,1.28114208,0.4500,false
V4T002347,350.907474,-24.596516,LRG,0.23302391,1.0000,false
V4T002348,36.204255,-39.995317,ELG,1.30192482,1.0000,false
V4T002349,37.594018,-40.464214,QSO,0.15110949,1.7000,false
V4T002350,44.761252,-31.651191,LRG,0.24157606,1.0000,false
V4T002351,355.590163,-37.207006,BGS,1.40280964,0.4500,false
V4T002352,343.054806,-27.507533,BGS,1.31101086,0.4500,false
V4T002353,1.397404,-22.970689,ELG,0.70442207,1.0000,false
V4T002354,337.894415,-32.106233,ELG,0.72056574,1.0000,false
V4T002355,39.513838,-46.241224,LRG,0.29791862,1.0000,false
V4T002356,345.032265,-28.898478,BGS,1.16384444,0.4500,false
V4T002357,352.413478,-28.340500,ELG,1.41119590,1.0000,false
V4T002358,348.481867,-20.334566,ELG,0.46583677,1.0000,false
V4T002359,342.263834,-36.699117,QSO,0.21649116,1.7000,false
V4T002360,340.057868,-24.533094,QSO,0.16647567,1.7000,false
V4T002361,39.649119,-59.050337,ELG,0.38758318,1.0000,false
V4T002362,24.514967,-48.917995,BGS,1.31408982,0.4500,false
V4T002363,36.058839,-41.308533,QSO,0.11505350,1.7000,false
V4T002364,40.544445,-44.742226,BGS,1.02214080,0.4500,false
V4T002365,41.143797,-39.217210,ELG,0.45005564,1.0000,false
V4T002366,58.435364,-46.006506,LRG,0.30201368,1.0000,false
V4T002367,341.361374,-21.995390,ELG,0.36493604,1.0000,false
V4T002368,16.748982,-44.687337,ELG,1.18871604,1.0000,false
V4T002369,338.451465,-31.394320,LRG,0.32857476,1.0000,false
V4T002370,347.161579,-18.424754,ELG,0.61833903,1.0000,false
V4T002371,337.895018,-33.117663,LRG,0.25952864,1.0000,false
V4T002372,39.841705,-40.991576,LRG,0.46192560,1.0000,false
V4T002373,344.086168,-27.357368,Star,4.75351686,0.3000,false
V4T002374,344.258987,-31.881738,ELG,0.64758170,1.0000,false
V4T002375,35.260703,-57.064424,Star,8.78619770,0.3000,true
V4T002376,355.083153,-18.043597,BGS,1.33595768,0.4500,false
V4T002377,29.431954,-49.623253,LRG,0.46943548,1.0000,false
V4T002378,355.498270,-25.751632,ELG,0.57127931,1.0000,false
V4T002379,340.707897,-32.586784,LRG,0.41478032,1.0000,false
V4T002380,40.245676,-44.687773,LRG,0.32340651,1.0000,false
V4T002381,344.688424,-23.204165,ELG,0.35585038,1.0000,false
V4T002382,0.183787,-19.513570,Star,2.69546126,0.3000,false
V4T002383,2.203921,-33.149204,LRG,0.34325329,1.0000,false
V4T002384,345.328657,-17.374632,QSO,0.19242879,1.7000,false
V4T002385,0.243549,-19.892341,ELG,0.60044515,1.0000,false
V4T002386,343.814913,-25.920014,ELG,0.56295675,1.0000,false
V4T002387,340.111195,-34.696109,ELG,0.60920758,1.0000,false
V4T002388,38.805937,-44.130270,ELG,0.58003628,1.0000,false
V4T002389,3.313957,-30.211238,ELG,0.50675988,1.0000,false
V4T002390,340.404207,-32.830891,ELG,0.56232292,1.0000,false
V4T002391,51.628068,-48.948901,ELG,0.31022706,1.0000,false
V4T002392,339.529044,-22.362859,ELG,0.51825572,1.0000,false
V4T002393,350.279946,-19.365984,LRG,0.35106290,1.0000,false
V4T002394,56.349119,-54.796573,BGS,1.55942643,0.4500,false
V4T002395,44.138142,-35.539360,BGS,2.04364460,0.4500,false
V4T002396,36.390512,-40.725497,ELG,0.81086476,1.0000,false
V4T002397,25.013368,-44.640406,ELG,0.46422289,1.0000,false
V4T002398,28.998149,-53.271250,ELG,0.47513733,1.0000,false
V4T002399,3.879660,-24.157561,ELG,0.68606616,1.0000,false
V4T002400,345.027150,-28.396885,Star,2.58584342,0.3000,false
V4T002401,349.867201,-16.362342,LRG,0.41627503,1.0000,false
V4T002402,24.505325,-45.898402,Star,4.05335174,0.3000,false
V4T002403,37.435522,-45.580795,BGS,1.75658645,0.4500,false
V4T002404,346.017025,-27.511623,ELG,1.34467793,1.0000,false
V4T002405,351.424288,-23.602150,LRG,0.37348259,1.0000,false
V4T002406,340.107384,-33.534847,ELG,0.69209950,1.0000,true
V4T002407,352.212966,-24.100671,QSO,0.19894116,1.7000,false
V4T002408,340.942694,-33.374389,BGS,1.46507408,0.4500,false
V4T002409,29.158412,-53.888470,Star,3.92282277,0.3000,false
V4T002410,346.610216,-17.112237,Star,3.07075533,0.3000,false
V4T002411,345.049893,-28.825290,ELG,0.36795533,1.0000,false
V4T002412,25.609293,-41.802659,ELG,0.38298889,1.0000,false
V4T002413,46.385536,-38.797080,QSO,0.11515225,1.7000,false
V4T002414,54.594655,-50.116013,BGS,0.54161799,0.4500,false
V4T002415,24.552852,-36.695313,LRG,0.80480015,1.0000,false
V4T002416,15.161648,-53.064441,ELG,0.41859533,1.0000,false
V4T002417,358.269323,-24.065434,BGS,0.72620555,0.4500,false
V4T002418,339.135879,-30.820152,ELG,0.21968522,1.0000,false
V4T002419,355.099462,-33.604587,LRG,0.26628727,1.0000,false
V4T002420,27.573838,-54.171546,BGS,1.10202282,0.4500,false
V4T002421,338.553279,-20.121722,BGS,2.10572975,0.4500,false
V4T002422,40.097370,-48.268856,Star,4.17724683,0.3000,false
V4T002423,336.105372,-24.642617,Star,6.45036966,0.3000,false
V4T002424,338.051528,-20.819161,BGS,1.31330445,0.4500,false
V4T002425,49.594408,-38.678715,QSO,0.31462974,1.7000,false
V4T002426,344.555017,-28.900653,ELG,0.40714997,1.0000,false
V4T002427,48.907687,-44.124422,Star,4.39843648,0.3000,false
V4T002428,58.859877,-45.917032,LRG,0.48892652,1.0000,false
V4T002429,345.477610,-27.531156,ELG,0.54531145,1.0000,false
V4T002430,351.274114,-34.419584,Star,3.80716904,0.3000,false
V4T002431,31.071570,-40.703796,ELG,0.51200476,1.0000,false
V4T002432,345.360697,-28.564951,BGS,1.11647108,0.4500,false
V4T002433,37.559607,-42.746674,Star,4.15952540,0.3000,true
V4T002434,357.915288,-34.656439,BGS,0.85484187,0.4500,false
V4T002435,353.117836,-28.603639,BGS,1.11814742,0.4500,false
V4T002436,25.119316,-51.815995,QSO,0.27025173,1.7000,false
V4T002437,2.596750,-23.502701,ELG,0.51946331,1.0000,false
V4T002438,0.873256,-33.110391,BGS,1.34698942,0.4500,false
V4T002439,337.137956,-31.861073,QSO,0.08929866,1.7000,false
V4T002440,37.758128,-58.549567,QSO,0.17554622,1.7000,false
V4T002441,0.738761,-19.799727,BGS,1.29368231,0.4500,true
V4T002442,49.584737,-44.059700,ELG,0.46631654,1.0000,false
V4T002443,343.720852,-26.629735,BGS,1.24533690,0.4500,false
V4T002444,40.141596,-36.783964,LRG,0.36670656,1.0000,false
V4T002445,20.849649,-50.086644,ELG,0.32988479,1.0000,false
V4T002446,44.527319,-42.968271,ELG,0.26904330,1.0000,false
V4T002447,355.514876,-25.165432,ELG,0.47480332,1.0000,false
V4T002448,37.041842,-31.855400,LRG,0.24891998,1.0000,false
V4T002449,31.347128,-55.092587,ELG,0.61072014,1.0000,false
V4T002450,350.469296,-23.120134,ELG,0.69056425,1.0000,true
V4T002451,337.733903,-31.220693,ELG,0.39857631,1.0000,false
V4T002452,50.676595,-55.500164,Star,5.29141129,0.3000,false
V4T002453,347.247571,-15.521600,QSO,0.24179992,1.7000,false
V4T002454,354.396892,-26.945433,ELG,0.83847979,1.0000,false
V4T002455,48.436299,-35.290475,ELG,0.46936466,1.0000,false
V4T002456,51.209276,-41.885572,Star,4.13689115,0.3000,false
V4T002457,342.141643,-27.776833,BGS,1.42806798,0.4500,false
V4T002458,336.857220,-21.975872,LRG,0.74140772,1.0000,false
V4T002459,30.176561,-54.091637,LRG,0.48432032,1.0000,false
V4T002460,30.224776,-53.475875,ELG,0.44908185,1.0000,false
V4T002461,50.808135,-44.034007,LRG,0.39585835,1.0000,true
V4T002462,348.267656,-15.622005,QSO,0.11642051,1.7000,true
V4T002463,341.452277,-33.757478,BGS,1.60527816,0.4500,false
V4T002464,35.358312,-38.715919,ELG,0.95635998,1.0000,false
V4T002465,29.382955,-54.059312,Star,6.59746325,0.3000,false
V4T002466,345.563906,-19.644090,ELG,0.68780249,1.0000,false
V4T002467,37.102839,-49.234525,ELG,0.52315921,1.0000,false
V4T002468,350.541812,-23.921044,ELG,0.47206902,1.0000,false
V4T002469,352.411510,-27.686184,QSO,0.13321106,1.7000,false
V4T002470,29.765670,-43.553587,ELG,0.49608404,1.0000,false
V4T002471,24.440938,-51.620804,BGS,1.22174418,0.4500,false
V4T002472,0.902615,-19.509776,ELG,1.06201100,1.0000,false
V4T002473,44.927467,-51.804929,LRG,0.27897164,1.0000,true
V4T002474,342.351209,-19.554536,BGS,0.83826939,0.4500,false
V4T002475,346.967043,-34.274882,QSO,0.20677043,1.7000,false
V4T002476,28.042212,-40.549272,ELG,0.63048150,1.0000,false
V4T002477,337.658110,-22.145312,ELG,0.52607451,1.0000,false
V4T002478,359.564153,-25.210287,ELG,0.64261181,1.0000,false
V4T002479,34.013242,-49.262732,LRG,0.45458524,1.0000,false
V4T002480,32.268979,-35.204190,QSO,0.13308307,1.7000,false
V4T002481,27.252144,-45.247086,ELG,0.25980811,1.0000,false
V4T002482,359.093002,-25.703956,LRG,0.23946270,1.0000,false
V4T002483,0.954836,-19.435990,QSO,0.11980640,1.7000,false
V4T002484,29.483369,-54.290240,ELG,1.11838292,1.0000,false
V4T002485,344.371753,-28.371551,LRG,0.29645154,1.0000,false
V4T002486,354.135648,-16.584253,LRG,0.26138362,1.0000,false
V4T002487,354.488138,-23.509689,Star,3.23092366,0.3000,true
V4T002488,23.014571,-57.247870,QSO,0.21520215,1.7000,false
V4T002489,348.947292,-28.866854,BGS,1.62642362,0.4500,false
V4T002490,37.321110,-38.792328,ELG,0.30138065,1.0000,false
V4T002491,21.873798,-45.554033,LRG,0.18056758,1.0000,false
V4T002492,355.677188,-38.236812,BGS,2.55413927,0.4500,true
V4T002493,352.062181,-21.109390,LRG,0.62889950,1.0000,false
V4T002494,358.731438,-33.446147,ELG,0.76190469,1.0000,false
V4T002495,53.125606,-53.378018,ELG,0.68497125,1.0000,false
V4T002496,14.968947,-47.018978,BGS,1.38374710,0.4500,false
V4T002497,0.255597,-22.190448,LRG,0.31524399,1.0000,false
V4T002498,335.906419,-25.353670,BGS,1.24588945,0.4500,false
V4T002499,25.659812,-51.750398,BGS,1.66399487,0.4500,false
V4T002500,54.074275,-54.587963,ELG,1.08474406,1.0000,false
V4T002501,359.064040,-33.556472,ELG,0.32042264,1.0000,false
V4T002502,351.198484,-24.295208,QSO,0.19902955,1.7000,false
V4T002503,345.634546,-29.236116,ELG,0.54170042,1.0000,false
V4T002504,19.769292,-54.557376,LRG,0.37650946,1.0000,false
V4T002505,29.631624,-59.843234,LRG,0.25996835,1.0000,false
V4T002506,35.406415,-54.038112,ELG,0.48948557,1.0000,false
V4T002507,49.187296,-41.996918,BGS,1.68627613,0.4500,false
V4T002508,30.483985,-54.772031,ELG,0.31611797,1.0000,false
V4T002509,17.050477,-54.932843,BGS,1.09202535,0.4500,false
V4T002510,345.348414,-28.177584,LRG,0.45725231,1.0000,false
V4T002511,29.561934,-53.461871,ELG,0.23009674,1.0000,false
V4T002512,354.579673,-29.387826,LRG,0.41183714,1.0000,false
V4T002513,353.724992,-38.456864,BGS,0.70627616,0.4500,false
V4T002514,341.094363,-34.803084,ELG,0.60979034,1.0000,false
V4T002515,47.702433,-45.108639,Star,2.98485780,0.3000,false
V4T002516,3.938092,-24.642698,LRG,0.30198753,1.0000,false
V4T002517,343.747799,-27.148585,QSO,0.16271355,1.7000,false
V4T002518,39.782618,-36.034974,ELG,0.68723910,1.0000,false
V4T002519,28.807459,-53.874837,QSO,0.48603147,1.7000,false
V4T002520,352.162975,-29.364083,ELG,0.24682378,1.0000,false
V4T002521,342.777820,-31.346214,ELG,0.34350034,1.0000,false
V4T002522,51.569070,-42.716201,BGS,1.41276049,0.4500,false
V4T002523,31.835936,-48.353622,QSO,0.20317736,1.7000,false
V4T002524,54.831488,-54.296109,ELG,0.47817273,1.0000,false
V4T002525,50.145644,-41.934067,BGS,0.85842268,0.4500,false
V4T002526,0.767971,-21.611979,ELG,0.81099971,1.0000,true
V4T002527,343.564582,-26.273442,ELG,1.29208730,1.0000,false
V4T002528,342.618708,-20.669786,LRG,0.43522426,1.0000,false
V4T002529,26.654768,-41.615291,LRG,0.30688254,1.0000,false
V4T002530,345.574164,-16.493752,Star,4.34498269,0.3000,false
V4T002531,47.519872,-44.598436,QSO,0.20833886,1.7000,false
V4T002532,51.842212,-42.990645,LRG,0.20332022,1.0000,false
V4T002533,355.100994,-32.831015,BGS,0.94583455,0.4500,false
V4T002534,351.655582,-17.949473,ELG,0.54097619,1.0000,false
V4T002535,46.314570,-57.102937,BGS,1.86604017,0.4500,false
V4T002536,36.746597,-40.320652,LRG,0.25344594,1.0000,false
V4T002537,29.323012,-53.371104,Star,4.49612751,0.3000,false
V4T002538,345.084408,-18.583784,BGS,0.97502690,0.4500,false
V4T002539,53.203245,-43.739368,QSO,0.18760892,1.7000,false
V4T002540,1.325131,-25.657825,LRG,0.43812861,1.0000,false
V4T002541,343.308671,-26.890519,ELG,0.29931337,1.0000,false
V4T002542,36.447220,-40.539466,Star,4.51549570,0.3000,false
V4T002543,349.380197,-21.040940,ELG,1.06345288,1.0000,false
V4T002544,41.219086,-58.916828,LRG,0.29692790,1.0000,false
V4T002545,343.407351,-26.756407,ELG,0.53161695,1.0000,false
V4T002546,50.328562,-40.886774,Star,2.82429812,0.3000,false
V4T002547,345.035810,-23.406597,ELG,0.61333153,1.0000,false
V4T002548,47.621487,-44.552623,BGS,0.65374087,0.4500,false
V4T002549,352.638292,-28.867530,Star,3.21112544,0.3000,false
V4T002550,38.619216,-48.406586,LRG,0.38408083,1.0000,false
V4T002551,21.525506,-52.125920,Star,3.94776212,0.3000,false
V4T002552,344.806033,-28.743099,ELG,0.51062420,1.0000,false
V4T002553,352.704252,-29.057740,BGS,1.63219755,0.4500,false
V4T002554,345.137279,-29.121765,BGS,0.71859522,0.4500,false
V4T002555,28.291082,-53.838534,ELG,0.63666299,1.0000,false
V4T002556,351.947582,-29.129797,ELG,0.55216945,1.0000,false
V4T002557,40.391085,-49.093541,BGS,1.27373079,0.4500,false
V4T002558,351.624086,-28.767862,BGS,1.13541064,0.4500,false
V4T002559,344.524295,-25.777001,ELG,0.42121544,1.0000,false
V4T002560,343.990650,-33.968260,ELG,0.51758171,1.0000,false
V4T002561,351.668896,-39.407453,QSO,0.10751450,1.7000,false
V4T002562,338.293456,-31.178214,Star,3.34965972,0.3000,false
V4T002563,54.613387,-55.544092,ELG,0.91849251,1.0000,false
V4T002564,0.739298,-19.862358,BGS,1.17184647,0.4500,false
V4T002565,31.576745,-36.353942,BGS,1.87114714,0.4500,false
V4T002566,49.820743,-41.427694,ELG,0.35444055,1.0000,false
V4T002567,348.406831,-36.290804,Star,3.05944119,0.3000,false
V4T002568,340.486192,-33.246915,ELG,0.40092626,1.0000,false
V4T002569,356.562572,-23.359048,QSO,0.11760829,1.7000,false
V4T002570,344.334148,-27.105691,LRG,0.38137084,1.0000,false
V4T002571,356.700518,-31.606829,ELG,0.29350605,1.0000,false
V4T002572,340.732968,-32.429971,ELG,1.01821443,1.0000,false
V4T002573,54.141345,-42.960228,QSO,0.09035200,1.7000,false
V4T002574,339.215838,-22.669087,LRG,0.42014392,1.0000,false
V4T002575,35.390939,-61.508487,Star,5.99082941,0.3000,false
V4T002576,352.962156,-37.746707,LRG,0.39102281,1.0000,false
V4T002577,0.885180,-19.612794,QSO,0.11838428,1.7000,false
V4T002578,345.898211,-19.084134,ELG,0.76020001,1.0000,false
V4T002579,53.999030,-54.577925,BGS,0.85389669,0.4500,false
V4T002580,354.964526,-30.550162,ELG,0.53290320,1.0000,false
V4T002581,343.369516,-26.669659,Star,4.03207106,0.3000,false
V4T002582,56.579135,-53.831049,BGS,1.30240893,0.4500,false
V4T002583,45.400650,-38.583454,BGS,0.99457221,0.4500,true
V4T002584,52.238094,-52.672092,ELG,0.70741129,1.0000,false
V4T002585,51.002419,-43.145030,ELG,0.81382543,1.0000,false
V4T002586,52.852445,-35.173607,ELG,0.54524250,1.0000,false
V4T002587,341.136186,-34.141649,BGS,2.30765950,0.4500,false
V4T002588,353.933234,-29.803997,ELG,0.71935296,1.0000,false
V4T002589,54.442342,-54.650367,LRG,0.21905712,1.0000,false
V4T002590,29.760957,-34.842685,ELG,0.46224105,1.0000,false
V4T002591,25.005557,-50.770383,QSO,0.07975256,1.7000,false
V4T002592,349.112284,-27.652682,ELG,0.87237030,1.0000,false
V4T002593,42.733491,-35.357437,ELG,0.38352167,1.0000,false
V4T002594,340.714542,-21.599948,ELG,0.42777410,1.0000,false
V4T002595,40.461448,-50.535030,ELG,0.78614335,1.0000,false
V4T002596,340.178394,-17.602171,ELG,0.43156912,1.0000,false
V4T002597,35.832451,-31.904153,ELG,0.75134832,1.0000,false
V4T002598,345.650661,-19.042181,Star,3.12257575,0.3000,false
V4T002599,40.852286,-35.410864,QSO,0.15271124,1.7000,false
V4T002600,23.975982,-52.411769,ELG,0.54090485,1.0000,false
V4T002601,45.001419,-35.018056,BGS,1.22362564,0.4500,false
V4T002602,46.444010,-43.994435,ELG,0.59003228,1.0000,false
V4T002603,49.221213,-55.392304,BGS,1.63182017,0.4500,false
V4T002604,347.448930,-26.944756,BGS,1.17310734,0.4500,false
V4T002605,36.848160,-33.691026,LRG,0.23881192,1.0000,false
V4T002606,341.815068,-24.751992,QSO,0.08186517,1.7000,false
V4T002607,47.791284,-43.278453,ELG,0.45251208,1.0000,false
V4T002608,51.036562,-39.848277,Star,5.40069892,0.3000,false
V4T002609,345.653454,-17.596412,ELG,0.71952968,1.0000,false
V4T002610,31.882483,-42.660598,Star,5.29443783,0.3000,false
V4T002611,29.321140,-52.689664,ELG,0.65509583,1.0000,false
V4T002612,357.221283,-19.629192,ELG,0.45050704,1.0000,false
V4T002613,354.731604,-32.815149,BGS,1.69400951,0.4500,false
V4T002614,345.712657,-28.397492,BGS,1.34339472,0.4500,true
V4T002615,343.678714,-26.997567,ELG,0.75367502,1.0000,false
V4T002616,347.673993,-39.027876,LRG,0.19746850,1.0000,false
V4T002617,350.228563,-32.621801,LRG,0.33932352,1.0000,false
V4T002618,46.404696,-36.801069,QSO,0.10272969,1.7000,true
V4T002619,338.365044,-31.360777,LRG,0.35602315,1.0000,false
V4T002620,341.393911,-32.746760,ELG,0.40201569,1.0000,false
V4T002621,338.781501,-31.006076,LRG,0.23960006,1.0000,false
V4T002622,20.651606,-43.727683,Star,4.41572647,0.3000,false
V4T002623,348.555892,-25.406246,ELG,0.37273640,1.0000,false
V4T002624,2.151991,-23.225835,BGS,1.46551545,0.4500,false
V4T002625,353.095629,-28.317045,BGS,1.68259932,0.4500,false
V4T002626,356.545659,-22.480363,BGS,1.59464049,0.4500,false
V4T002627,37.488067,-56.528979,BGS,1.62947968,0.4500,false
V4T002628,359.936284,-19.402804,Star,5.23372900,0.3000,false
V4T002629,27.663797,-52.061378,QSO,0.22345372,1.7000,false
V4T002630,342.039625,-32.640194,LRG,0.68472814,1.0000,false
V4T002631,51.069145,-41.830044,LRG,0.47250411,1.0000,false
V4T002632,341.579812,-17.774871,ELG,0.63544831,1.0000,true
V4T002633,18.607809,-42.389724,QSO,0.12454213,1.7000,false
V4T002634,337.940353,-20.453504,LRG,0.23395632,1.0000,false
V4T002635,351.742692,-29.744017,BGS,1.20326715,0.4500,false
V4T002636,350.354370,-28.430986,BGS,1.41342853,0.4500,false
V4T002637,39.458320,-49.105229,ELG,0.56219136,1.0000,false
V4T002638,353.843607,-17.980085,QSO,0.12641436,1.7000,false
V4T002639,44.839149,-39.428254,Star,3.17347592,0.3000,false
V4T002640,356.107778,-22.154573,ELG,0.42490283,1.0000,false
V4T002641,342.833429,-26.165999,QSO,0.35996652,1.7000,false
V4T002642,35.760393,-40.964647,ELG,0.44362458,1.0000,false
V4T002643,27.907368,-45.568635,BGS,0.90964666,0.4500,false
V4T002644,350.320928,-21.323423,QSO,0.65079094,1.7000,false
V4T002645,353.070385,-30.666112,ELG,0.51099392,1.0000,false
V4T002646,340.437216,-33.300689,Star,3.73594507,0.3000,false
V4T002647,345.864468,-28.615927,LRG,0.34435734,1.0000,false
V4T002648,57.017085,-44.045153,BGS,1.03878239,0.4500,false
V4T002649,1.274004,-34.731804,QSO,0.26180481,1.7000,false
V4T002650,343.759338,-27.061204,LRG,0.19159871,1.0000,false
V4T002651,47.496123,-54.033801,ELG,0.66740956,1.0000,false
V4T002652,45.128306,-40.078830,LRG,0.48693485,1.0000,false
V4T002653,46.493419,-42.204989,QSO,0.17504134,1.7000,false
V4T002654,52.813765,-54.288514,BGS,1.20466874,0.4500,false
V4T002655,347.910722,-39.811586,ELG,0.43515173,1.0000,true
V4T002656,343.055683,-26.710200,BGS,1.38886257,0.4500,false
V4T002657,337.598883,-31.506821,ELG,0.20998519,1.0000,false
V4T002658,353.301916,-36.390796,LRG,0.24520443,1.0000,false
V4T002659,345.263962,-28.057338,BGS,1.48825052,0.4500,false
V4T002660,55.230788,-54.879529,ELG,0.58337678,1.0000,false
V4T002661,347.747234,-33.421333,LRG,0.40582158,1.0000,false
V4T002662,36.158939,-32.435439,ELG,0.43805409,1.0000,false
V4T002663,46.172674,-40.023312,Star,4.05727929,0.3000,false
V4T002664,342.112133,-27.929953,BGS,1.24712270,0.4500,false
V4T002665,45.611089,-34.182281,BGS,1.40075060,0.4500,false
V4T002666,353.270029,-17.133630,ELG,0.39101996,1.0000,false
V4T002667,346.389009,-28.941599,LRG,0.32895516,1.0000,false
V4T002668,38.095172,-31.858657,LRG,0.42430764,1.0000,false
V4T002669,28.446082,-39.159413,LRG,0.60546604,1.0000,false
V4T002670,337.105009,-32.216709,BGS,1.55106516,0.4500,false
V4T002671,34.725256,-50.370487,BGS,1.88307624,0.4500,false
V4T002672,50.965308,-41.584350,BGS,1.76021961,0.4500,false
V4T002673,335.731241,-26.275660,LRG,0.35800174,1.0000,false
V4T002674,28.742349,-53.401549,ELG,0.39916080,1.0000,false
V4T002675,48.879295,-35.522030,QSO,0.08126524,1.7000,false
V4T002676,42.635355,-34.317214,QSO,0.13433811,1.7000,false
V4T002677,56.123872,-53.581508,QSO,0.19323399,1.7000,false
V4T002678,56.767081,-41.163761,BGS,1.67077864,0.4500,false
V4T002679,346.282100,-28.248624,ELG,0.61242431,1.0000,false
V4T002680,339.961847,-31.134212,LRG,0.32074412,1.0000,false
V4T002681,53.929229,-54.766326,LRG,0.50214107,1.0000,false
V4T002682,41.096718,-58.977120,BGS,1.40031529,0.4500,false
V4T002683,55.756115,-55.483288,QSO,0.24957469,1.7000,false
V4T002684,54.198857,-53.042257,QSO,0.38043664,1.7000,false
V4T002685,344.432187,-35.396460,ELG,0.44786344,1.0000,false
V4T002686,27.436960,-35.349682,ELG,0.59308606,1.0000,false
V4T002687,36.756130,-41.666492,Star,3.71166211,0.3000,false
V4T002688,53.337973,-57.519691,ELG,1.69382560,1.0000,false
V4T002689,346.833996,-18.121972,ELG,0.56848530,1.0000,false
V4T002690,346.455559,-17.293663,QSO,0.16730919,1.7000,false
V4T002691,47.643484,-33.346127,LRG,0.20811322,1.0000,false
V4T002692,19.026807,-47.660785,BGS,1.40398464,0.4500,false
V4T002693,345.225792,-31.664975,Star,4.52346598,0.3000,false
V4T002694,345.921732,-28.996200,BGS,1.05650867,0.4500,false
V4T002695,28.862941,-54.033172,LRG,0.30767913,1.0000,false
V4T002696,352.218685,-28.814572,QSO,0.16562805,1.7000,false
V4T002697,358.648797,-32.100628,Star,3.51765116,0.3000,false
V4T002698,337.620355,-24.393196,QSO,0.30587737,1.7000,false
V4T002699,27.261655,-36.143414,Star,4.81958365,0.3000,false
V4T002700,51.233455,-42.215820,LRG,0.28657799,1.0000,false
V4T002701,338.904399,-28.714210,Star,3.87112639,0.3000,false
V4T002702,30.618543,-39.115133,ELG,1.01188876,1.0000,false
V4T002703,37.370062,-31.729055,BGS,1.72546157,0.4500,false
V4T002704,25.184395,-50.912716,QSO,0.17218957,1.7000,false
V4T002705,22.669890,-47.383514,ELG,0.81502472,1.0000,false
V4T002706,347.974502,-29.455425,Star,4.46739803,0.3000,false
V4T002707,44.607360,-41.982232,QSO,0.25291142,1.7000,false
V4T002708,352.818307,-26.273233,BGS,0.91475642,0.4500,false
V4T002709,345.270224,-16.202007,ELG,0.56601759,1.0000,false
V4T002710,56.700607,-54.489724,BGS,1.19642995,0.4500,false
V4T002711,52.178654,-45.685973,ELG,0.71630090,1.0000,false
V4T002712,346.176197,-17.394768,ELG,0.60238590,1.0000,false
V4T002713,352.921827,-28.870088,LRG,0.25317410,1.0000,false
V4T002714,344.234569,-26.668153,QSO,0.18746134,1.7000,false
V4T002715,339.839651,-20.308736,ELG,0.78754610,1.0000,false
V4T002716,35.037196,-55.914315,BGS,1.94285907,0.4500,false
V4T002717,18.788993,-43.123569,ELG,0.31187054,1.0000,false
V4T002718,37.120827,-31.884721,QSO,0.13186120,1.7000,true
V4T002719,49.792087,-41.838039,BGS,1.39808876,0.4500,false
V4T002720,341.541264,-32.859723,LRG,0.42722929,1.0000,false
V4T002721,18.103491,-42.085398,QSO,0.13744774,1.7000,false
V4T002722,38.752925,-38.192536,BGS,0.74201467,0.4500,false
V4T002723,57.664686,-52.154506,LRG,0.33938163,1.0000,false
V4T002724,343.260020,-26.488103,Star,3.79196444,0.3000,false
V4T002725,45.671008,-32.317928,Star,5.20018967,0.3000,false
V4T002726,36.351829,-41.130097,ELG,0.48037234,1.0000,false
V4T002727,23.863221,-38.458442,LRG,0.44496525,1.0000,false
V4T002728,344.932714,-25.075197,BGS,1.39829284,0.4500,false
V4T002729,38.500428,-40.811648,BGS,1.55016067,0.4500,false
V4T002730,34.955802,-33.243376,LRG,0.40840105,1.0000,false
V4T002731,1.531498,-27.639860,ELG,0.46378024,1.0000,false
V4T002732,52.958512,-36.440068,LRG,0.34003109,1.0000,false
V4T002733,351.489580,-16.300218,ELG,1.36604291,1.0000,true
V4T002734,336.370872,-26.186468,BGS,1.29721290,0.4500,false
V4T002735,353.974381,-31.329526,Star,3.40762717,0.3000,false
V4T002736,28.095980,-35.941547,ELG,0.90825680,1.0000,false
V4T002737,37.558421,-38.824929,QSO,0.33921517,1.7000,false
V4T002738,0.919972,-19.542395,ELG,0.65153502,1.0000,false
V4T002739,42.491158,-42.208348,LRG,0.37789133,1.0000,false
V4T002740,36.647325,-40.689347,ELG,0.59155518,1.0000,false
V4T002741,49.460257,-41.461562,LRG,0.65428585,1.0000,true
V4T002742,55.572297,-54.778700,ELG,0.67369830,1.0000,false
V4T002743,56.254730,-54.439997,LRG,0.50864137,1.0000,false
V4T002744,49.987939,-52.497568,BGS,1.43973863,0.4500,false
V4T002745,40.058196,-50.561009,ELG,0.58055721,1.0000,false
V4T002746,348.107462,-28.509337,ELG,1.08444641,1.0000,false
V4T002747,24.996350,-51.294425,ELG,1.12457982,1.0000,false
V4T002748,44.031304,-32.425153,ELG,0.53711781,1.0000,false
V4T002749,22.868194,-37.268165,Star,4.13072798,0.3000,false
V4T002750,344.961336,-28.276450,BGS,1.20626649,0.4500,false
V4T002751,34.664486,-59.716785,BGS,0.94384019,0.4500,false
V4T002752,41.261703,-41.250381,ELG,0.51126457,1.0000,false
V4T002753,48.321306,-53.085803,LRG,0.25856028,1.0000,false
V4T002754,359.153718,-36.071814,QSO,0.12304152,1.7000,false
V4T002755,340.587654,-19.532648,ELG,0.43225366,1.0000,false
V4T002756,53.772237,-39.403087,LRG,0.43551432,1.0000,false
V4T002757,347.899119,-24.674126,ELG,0.36391897,1.0000,false
V4T002758,338.174807,-29.383076,BGS,1.44493282,0.4500,false
V4T002759,44.193335,-49.076801,ELG,0.78453349,1.0000,false
V4T002760,29.491637,-47.447047,ELG,0.48706956,1.0000,false
V4T002761,50.334046,-46.182581,BGS,1.64020003,0.4500,false
V4T002762,24.150875,-55.228954,ELG,0.49912097,1.0000,false
V4T002763,355.921878,-32.671100,BGS,1.81829801,0.4500,false
V4T002764,47.503790,-32.964364,ELG,0.40409334,1.0000,false
V4T002765,345.624119,-17.929851,QSO,0.31142471,1.7000,false
V4T002766,55.844162,-41.359130,ELG,0.52837527,1.0000,false
V4T002767,37.327297,-39.612628,LRG,0.38166547,1.0000,false
V4T002768,41.555683,-52.513815,ELG,0.51129118,1.0000,false
V4T002769,58.917797,-45.097264,ELG,0.45255265,1.0000,false
V4T002770,24.606423,-43.535929,LRG,0.21987859,1.0000,false
V4T002771,344.869834,-29.159155,LRG,0.40256538,1.0000,false
V4T002772,346.485854,-28.281324,QSO,0.18977840,1.7000,false
V4T002773,30.543783,-53.698990,QSO,0.13943977,1.7000,false
V4T002774,48.353816,-39.455149,ELG,0.46636141,1.0000,false
V4T002775,35.002642,-37.925725,QSO,0.18902325,1.7000,false
V4T002776,353.008787,-34.505745,LRG,0.30085716,1.0000,false
V4T002777,47.391187,-40.800468,BGS,0.77817203,0.4500,false
V4T002778,30.775863,-54.089237,QSO,0.19902740,1.7000,false
V4T002779,45.236047,-33.048233,LRG,0.31474920,1.0000,false
V4T002780,15.608916,-46.474735,QSO,0.16735860,1.7000,false
V4T002781,29.184505,-37.630304,ELG,0.31618369,1.0000,false
V4T002782,50.255271,-42.339576,ELG,0.32618465,1.0000,false
V4T002783,358.555875,-23.609625,LRG,0.21875106,1.0000,false
V4T002784,0.791935,-31.270356,BGS,1.14124760,0.4500,false
V4T002785,358.571941,-20.007194,LRG,0.36291518,1.0000,false
V4T002786,352.340376,-29.098107,LRG,0.71092276,1.0000,false
V4T002787,343.387929,-27.075767,ELG,0.47907963,1.0000,false
V4T002788,23.380777,-38.259351,LRG,0.32652540,1.0000,false
V4T002789,33.878622,-38.873301,BGS,0.79265141,0.4500,false
V4T002790,0.765802,-34.983181,QSO,0.11844361,1.7000,false
V4T002791,28.589433,-48.086085,ELG,0.98454838,1.0000,false
V4T002792,24.991221,-50.696387,BGS,0.96810051,0.4500,false
V4T002793,22.946039,-41.991530,BGS,0.75814738,0.4500,false
V4T002794,342.680142,-28.786820,ELG,0.75939262,1.0000,false
V4T002795,348.706126,-20.912800,ELG,0.49753994,1.0000,false
V4T002796,40.663429,-44.867347,Star,3.43014066,0.3000,false
V4T002797,31.496687,-54.089088,ELG,0.22640565,1.0000,false
V4T002798,24.931571,-47.176887,LRG,0.69734687,1.0000,true
V4T002799,36.638591,-31.689128,ELG,0.70627225,1.0000,false
V4T002800,37.986733,-39.282348,QSO,0.25345171,1.7000,false
V4T002801,30.769706,-54.522320,LRG,0.36386757,1.0000,false
V4T002802,0.570755,-19.167325,ELG,0.53733352,1.0000,false
V4T002803,26.298278,-42.248699,LRG,0.37420215,1.0000,false
V4T002804,45.687746,-44.195123,LRG,0.32937236,1.0000,false
V4T002805,16.910571,-49.896830,LRG,0.35714032,1.0000,false
V4T002806,21.170441,-41.100101,ELG,0.35343813,1.0000,false
V4T002807,356.388100,-21.211396,ELG,0.34320420,1.0000,false
V4T002808,341.212741,-34.183697,LRG,0.36599931,1.0000,false
V4T002809,27.714762,-51.938421,ELG,0.52751694,1.0000,false
V4T002810,339.299683,-29.694866,ELG,0.45601395,1.0000,false
V4T002811,36.261202,-54.468134,ELG,1.03548626,1.0000,false
V4T002812,355.797027,-23.939417,LRG,0.31272605,1.0000,false
V4T002813,358.306808,-28.790529,ELG,0.58311098,1.0000,false
V4T002814,349.335732,-28.616835,Star,3.12681465,0.3000,false
V4T002815,345.166778,-29.408266,BGS,1.20685738,0.4500,false
V4T002816,15.648182,-48.438754,ELG,1.05380374,1.0000,false
V4T002817,20.260076,-43.907784,ELG,0.57833502,1.0000,false
V4T002818,53.954469,-49.266511,QSO,0.18148592,1.7000,false
V4T002819,346.323146,-17.818276,QSO,0.14226014,1.7000,false
V4T002820,37.398366,-31.922632,ELG,0.43100492,1.0000,false
V4T002821,35.005579,-41.372652,BGS,1.01883598,0.4500,false
V4T002822,337.491076,-31.564451,LRG,0.27881468,1.0000,false
V4T002823,351.506294,-23.914267,BGS,0.90297664,0.4500,false
V4T002824,25.133923,-53.532367,BGS,2.16487297,0.4500,false
V4T002825,27.211442,-35.986085,BGS,1.09947764,0.4500,false
V4T002826,58.231031,-45.736742,Star,7.02311407,0.3000,false
V4T002827,45.087441,-35.722101,BGS,1.81477415,0.4500,false
V4T002828,351.988319,-28.649885,BGS,0.90660245,0.4500,false
V4T002829,18.555772,-45.881189,QSO,0.12783850,1.7000,false
V4T002830,357.896831,-36.148645,BGS,3.27907550,0.4500,false
V4T002831,52.139617,-50.876840,ELG,0.84079853,1.0000,false
V4T002832,345.449910,-17.419965,LRG,0.29894987,1.0000,false
V4T002833,345.287258,-32.429888,ELG,0.46648704,1.0000,false
V4T002834,27.787858,-36.967917,ELG,0.53219936,1.0000,false
V4T002835,43.867238,-32.728037,ELG,0.81031838,1.0000,false
V4T002836,51.280821,-51.927358,QSO,0.16646145,1.7000,false
V4T002837,359.569324,-32.057842,ELG,0.55965510,1.0000,false
V4T002838,42.540834,-58.389242,LRG,0.37258944,1.0000,false
V4T002839,343.869710,-26.644870,BGS,1.35388640,0.4500,false
V4T002840,44.857215,-60.510899,ELG,0.52119944,1.0000,false
V4T002841,45.385973,-43.399514,ELG,0.56341264,1.0000,false
V4T002842,49.366274,-35.541273,Star,5.35713310,0.3000,false
V4T002843,1.752694,-32.804151,QSO,0.41888315,1.7000,false
V4T002844,25.139772,-37.078367,LRG,0.20851120,1.0000,false
V4T002845,25.883074,-49.853807,LRG,0.42790185,1.0000,false
V4T002846,25.870007,-40.998951,BGS,2.56929616,0.4500,false
V4T002847,49.394073,-36.496774,ELG,0.65781722,1.0000,false
V4T002848,1.103494,-23.158417,QSO,0.14138773,1.7000,false
V4T002849,34.837553,-40.378128,ELG,1.11556561,1.0000,false
V4T002850,353.340996,-19.967113,QSO,0.26671145,1.7000,false
V4T002851,345.856367,-16.418814,ELG,0.53519371,1.0000,false
V4T002852,34.430136,-33.330544,LRG,0.33853273,1.0000,false
V4T002853,49.059875,-40.941461,ELG,0.70270872,1.0000,false
V4T002854,34.325145,-45.494051,BGS,1.02869161,0.4500,false
V4T002855,351.265679,-19.715317,BGS,0.73127418,0.4500,false
V4T002856,341.106848,-33.756668,ELG,0.93790639,1.0000,false
V4T002857,359.782722,-19.384504,LRG,0.25649401,1.0000,false
V4T002858,28.266151,-38.555588,ELG,0.33318611,1.0000,false
V4T002859,26.301253,-55.479082,ELG,0.50723917,1.0000,false
V4T002860,34.485735,-36.319812,BGS,1.60358377,0.4500,false
V4T002861,33.010230,-36.473752,BGS,1.12590646,0.4500,false
V4T002862,354.358299,-19.061643,ELG,0.49394892,1.0000,false
V4T002863,49.494238,-41.041667,ELG,0.40882268,1.0000,false
V4T002864,53.778215,-42.686568,QSO,0.20529879,1.7000,false
V4T002865,346.723409,-17.645994,ELG,0.59571837,1.0000,false
V4T002866,345.234592,-28.920810,ELG,0.65976958,1.0000,true
V4T002867,357.224751,-37.483152,QSO,0.07238354,1.7000,false
V4T002868,343.224730,-27.369080,BGS,1.34342970,0.4500,false
V4T002869,342.016657,-33.224575,Star,4.02471772,0.3000,false
V4T002870,345.044973,-15.773241,QSO,0.22678247,1.7000,false
V4T002871,14.953518,-51.671353,BGS,2.16136545,0.4500,false
V4T002872,352.018246,-28.539657,BGS,1.78271333,0.4500,false
V4T002873,354.824221,-25.676237,ELG,0.66877682,1.0000,false
V4T002874,24.283877,-51.100617,LRG,0.24003892,1.0000,false
V4T002875,345.686096,-17.409428,QSO,0.08504316,1.7000,false
V4T002876,0.082162,-19.601448,ELG,0.46479887,1.0000,false
V4T002877,22.916007,-50.830291,QSO,0.14710430,1.7000,false
V4T002878,53.177032,-39.000321,BGS,1.33880824,0.4500,false
V4T002879,1.639512,-22.885800,ELG,0.36386032,1.0000,false
V4T002880,345.126484,-17.530874,QSO,0.23879641,1.7000,false
V4T002881,48.145926,-54.152569,LRG,0.46595272,1.0000,false
V4T002882,344.968396,-26.327798,ELG,0.80022171,1.0000,false
V4T002883,345.697967,-18.096134,ELG,0.84304217,1.0000,false
V4T002884,50.013640,-40.944506,ELG,0.48525029,1.0000,false
V4T002885,17.420514,-47.567253,LRG,0.26997421,1.0000,false
V4T002886,355.186067,-27.673377,ELG,0.81356804,1.0000,false
V4T002887,348.677450,-23.045772,BGS,1.06878691,0.4500,false
V4T002888,17.419599,-46.901459,QSO,0.23231405,1.7000,false
V4T002889,357.791962,-19.401672,ELG,0.49350091,1.0000,false
V4T002890,349.993473,-16.666786,LRG,0.57819967,1.0000,false
V4T002891,41.689155,-54.559593,BGS,0.86496119,0.4500,false
V4T002892,356.015618,-36.819191,LRG,0.27942294,1.0000,false
V4T002893,38.888644,-57.347885,ELG,0.80039206,1.0000,false
V4T002894,345.476054,-17.699117,ELG,0.49942766,1.0000,false
V4T002895,20.588109,-53.760432,BGS,1.60358982,0.4500,false
V4T002896,354.432722,-24.142445,LRG,0.46905537,1.0000,false
V4T002897,355.038722,-33.739718,QSO,0.23756943,1.7000,false
V4T002898,26.603025,-57.515502,ELG,0.44948963,1.0000,false
V4T002899,353.684630,-34.839331,LRG,0.30216311,1.0000,false
V4T002900,56.419737,-46.121726,QSO,0.11779886,1.7000,false
V4T002901,53.675997,-54.709093,LRG,0.39819629,1.0000,false
V4T002902,350.247707,-36.725781,ELG,0.50664682,1.0000,false
V4T002903,14.786461,-50.451993,ELG,0.33859260,1.0000,false
V4T002904,3.261158,-31.084869,ELG,0.59400637,1.0000,false
V4T002905,353.760537,-20.596090,BGS,0.89809339,0.4500,false
V4T002906,35.886596,-40.961876,ELG,0.53731901,1.0000,false
V4T002907,352.643996,-28.774409,ELG,0.24393465,1.0000,false
V4T002908,55.295785,-38.692293,QSO,0.10642666,1.7000,false
V4T002909,49.674745,-38.619619,Star,4.19178909,0.3000,false
V4T002910,56.534206,-54.805322,BGS,1.25136403,0.4500,false
V4T002911,0.914927,-34.154838,BGS,1.57044908,0.4500,false
V4T002912,41.133629,-46.555219,QSO,0.14609598,1.7000,false
V4T002913,356.449140,-20.195092,BGS,0.80870573,0.4500,false
V4T002914,343.387552,-27.261540,LRG,0.26910872,1.0000,false
V4T002915,351.868432,-26.427349,ELG,0.72472686,1.0000,false
V4T002916,52.397001,-34.599643,QSO,0.13327495,1.7000,false
V4T002917,31.438499,-60.003898,ELG,0.48329120,1.0000,false
V4T002918,32.821428,-61.964094,ELG,0.48478420,1.0000,false
V4T002919,22.943101,-42.987378,LRG,0.39458031,1.0000,false
V4T002920,35.646915,-38.194395,LRG,0.22990676,1.0000,false
V4T002921,36.633714,-58.539270,ELG,0.40042783,1.0000,false
V4T002922,344.346373,-26.673863,BGS,0.83341287,0.4500,false
V4T002923,359.179556,-20.988298,ELG,0.94893373,1.0000,false
V4T002924,30.752944,-54.328343,Star,4.43289355,0.3000,false
V4T002925,22.623894,-44.343766,QSO,0.22959863,1.7000,false
V4T002926,55.316674,-54.235767,ELG,0.70981794,1.0000,false
V4T002927,346.871097,-19.799340,QSO,0.41050154,1.7000,false
V4T002928,351.132326,-23.243610,LRG,0.48573766,1.0000,true
V4T002929,53.634605,-35.511729,QSO,0.16625083,1.7000,false
V4T002930,35.967754,-60.896439,LRG,0.37937039,1.0000,false
V4T002931,344.266564,-38.063237,QSO,0.34809754,1.7000,false
V4T002932,53.764693,-46.752380,BGS,0.93917434,0.4500,false
V4T002933,343.737627,-34.149165,BGS,1.66969499,0.4500,false
V4T002934,30.212826,-54.449858,ELG,0.55349154,1.0000,false
V4T002935,26.604806,-51.648497,QSO,0.42354206,1.7000,false
V4T002936,350.404582,-36.183648,ELG,0.45536226,1.0000,false
V4T002937,358.058117,-36.520191,ELG,0.48815961,1.0000,false
V4T002938,358.168433,-21.412073,QSO,0.13366434,1.7000,false
V4T002939,357.458249,-24.421324,ELG,0.57891451,1.0000,false
V4T002940,55.149998,-54.876591,ELG,0.19233932,1.0000,false
V4T002941,344.003500,-35.214260,BGS,1.08890795,0.4500,false
V4T002942,31.150011,-54.847156,LRG,0.50516731,1.0000,true
V4T002943,1.975305,-28.207237,BGS,1.22341608,0.4500,false
V4T002944,345.683180,-17.717542,ELG,0.51968696,1.0000,false
V4T002945,338.465257,-31.925945,BGS,0.66765663,0.4500,false
V4T002946,46.975837,-34.048552,LRG,0.19357676,1.0000,false
V4T002947,352.780752,-23.337518,ELG,0.28570300,1.0000,false
V4T002948,56.804288,-53.909330,BGS,1.04296214,0.4500,false
V4T002949,342.659508,-17.872066,LRG,0.60073505,1.0000,false
V4T002950,36.910403,-42.053487,ELG,0.45704389,1.0000,false
V4T002951,49.466690,-42.128907,ELG,0.86517734,1.0000,false
V4T002952,348.698563,-23.343596,Star,4.04151895,0.3000,false
V4T002953,45.867561,-36.976671,LRG,0.53394820,1.0000,false
V4T002954,32.980011,-39.295830,Star,2.24341971,0.3000,false
V4T002955,41.026208,-53.053062,ELG,0.43678059,1.0000,false
V4T002956,345.094742,-17.331863,QSO,0.23475449,1.7000,false
V4T002957,18.311764,-54.331774,QSO,0.12565300,1.7000,false
V4T002958,347.529378,-31.835346,BGS,1.64943001,0.4500,false
V4T002959,347.175616,-35.048176,QSO,0.09866656,1.7000,false
V4T002960,40.414987,-49.624243,Star,3.67962386,0.3000,false
V4T002961,36.864427,-34.549139,BGS,1.58920169,0.4500,false
V4T002962,337.517151,-32.280963,QSO,0.27971233,1.7000,false
V4T002963,34.958524,-31.902925,BGS,0.79995669,0.4500,false
V4T002964,353.789948,-23.868026,ELG,0.21910767,1.0000,false
V4T002965,345.056693,-39.036206,LRG,0.18345646,1.0000,false
V4T002966,46.912588,-60.679596,BGS,0.81759335,0.4500,false
V4T002967,336.851719,-21.107099,LRG,0.31399569,1.0000,false
V4T002968,342.048991,-32.876724,QSO,0.17851370,1.7000,false
V4T002969,354.520278,-34.575847,ELG,0.46575318,1.0000,false
V4T002970,38.657930,-34.842902,BGS,1.39649104,0.4500,false
V4T002971,53.231889,-37.304371,LRG,0.35464918,1.0000,false
V4T002972,21.372811,-57.657864,QSO,0.17513190,1.7000,false
V4T002973,44.021992,-52.347803,BGS,1.52669276,0.4500,false
V4T002974,56.243918,-54.119770,LRG,0.60362635,1.0000,false
V4T002975,342.813035,-25.837997,ELG,0.57062128,1.0000,false
V4T002976,53.313433,-53.543897,LRG,0.17673587,1.0000,false
V4T002977,46.337769,-44.045497,QSO,0.24670576,1.7000,false
V4T002978,50.403825,-48.212180,QSO,0.16961374,1.7000,false
V4T002979,48.851916,-42.012123,Star,3.46916865,0.3000,false
V4T002980,35.394699,-40.566736,ELG,0.41825232,1.0000,false
V4T002981,45.063734,-37.964951,LRG,0.33390938,1.0000,false
V4T002982,345.343224,-26.881699,LRG,0.36549373,1.0000,false
V4T002983,336.424249,-28.759774,BGS,0.96159290,0.4500,false
V4T002984,35.089571,-49.665683,ELG,0.90213616,1.0000,false
V4T002985,31.152047,-42.494761,BGS,1.36353658,0.4500,false
V4T002986,40.106673,-44.223442,BGS,0.69390736,0.4500,false
V4T002987,50.265502,-41.784788,ELG,0.96907546,1.0000,true
V4T002988,356.628206,-21.042932,BGS,1.31984018,0.4500,false
V4T002989,37.399086,-31.758290,QSO,0.17038867,1.7000,false
V4T002990,343.444306,-26.307625,BGS,1.87490389,0.4500,false
V4T002991,33.133031,-50.259844,ELG,1.08504619,1.0000,false
V4T002992,342.208155,-24.710052,QSO,0.19467058,1.7000,false
V4T002993,357.891180,-28.477520,ELG,0.43383474,1.0000,false
V4T002994,43.602243,-54.656529,BGS,1.14768825,0.4500,false
V4T002995,353.409906,-28.248047,BGS,0.87257395,0.4500,false
V4T002996,24.196610,-44.641397,BGS,0.74897194,0.4500,false
V4T002997,28.440762,-38.009636,ELG,0.41240502,1.0000,false
V4T002998,352.173360,-28.564200,LRG,0.34437117,1.0000,false
V4T002999,0.515180,-19.438251,BGS,1.65661013,0.4500,false
V4T003000,55.872549,-54.334671,ELG,0.42043378,1.0000,false
V4T003001,337.057485,-30.948053,LRG,0.18951012,1.0000,false
V4T003002,359.592918,-18.989388,ELG,0.36497451,1.0000,false
V4T003003,22.772480,-37.770020,ELG,0.95164477,1.0000,false
V4T003004,23.110316,-42.522566,LRG,0.26912842,1.0000,false
V4T003005,344.464835,-26.419268,ELG,0.51547267,1.0000,false
V4T003006,37.103442,-47.239834,Star,4.50785770,0.3000,false
V4T003007,33.181908,-35.479848,QSO,0.07431916,1.7000,true
V4T003008,344.231793,-37.816572,ELG,0.56003542,1.0000,false
V4T003009,35.338868,-41.431278,Star,4.31903345,0.3000,true
V4T003010,32.533580,-53.450370,ELG,0.57823663,1.0000,false
V4T003011,338.645677,-22.580264,LRG,0.32590744,1.0000,false
V4T003012,44.020087,-60.405254,BGS,1.22154660,0.4500,false
V4T003013,347.036233,-15.699449,ELG,1.03042360,1.0000,false
V4T003014,35.016445,-47.074349,ELG,1.21362596,1.0000,false
V4T003015,352.624075,-20.585735,ELG,0.75916373,1.0000,false
V4T003016,55.481013,-53.696810,ELG,0.21757589,1.0000,false
V4T003017,344.124284,-26.156491,QSO,0.12425049,1.7000,false
V4T003018,355.987863,-35.154825,LRG,0.44543553,1.0000,false
V4T003019,348.577274,-33.001318,BGS,1.42547925,0.4500,false
V4T003020,16.568671,-51.837420,BGS,1.93258822,0.4500,false
V4T003021,18.705531,-41.800188,ELG,0.46312364,1.0000,false
V4T003022,356.334963,-17.265035,ELG,0.53356220,1.0000,true
V4T003023,341.132826,-29.931981,BGS,2.82332106,0.4500,false
V4T003024,346.164971,-28.919022,ELG,0.31381630,1.0000,false
V4T003025,38.075473,-31.611580,LRG,0.56159641,1.0000,false
V4T003026,337.200599,-31.316439,BGS,1.28890858,0.4500,false
V4T003027,46.968729,-46.126764,LRG,0.24997023,1.0000,false
V4T003028,20.059327,-58.498275,QSO,0.12081178,1.7000,true
V4T003029,345.432867,-17.371389,LRG,0.38806660,1.0000,false
V4T003030,33.647786,-39.372645,ELG,1.07035703,1.0000,false
V4T003031,342.840253,-22.491197,LRG,0.20199109,1.0000,false
V4T003032,30.282461,-45.381765,ELG,0.91290964,1.0000,false
V4T003033,344.233599,-25.249728,BGS,1.28585552,0.4500,false
V4T003034,40.365855,-60.899948,QSO,0.14134730,1.7000,false
V4T003035,45.215159,-52.908291,BGS,2.11877461,0.4500,false
V4T003036,45.917488,-32.675817,LRG,0.49098703,1.0000,false
V4T003037,341.226139,-33.561821,BGS,0.96510733,0.4500,true
V4T003038,344.477677,-32.978027,LRG,0.36809870,1.0000,true
V4T003039,31.436901,-42.401582,LRG,0.22280685,1.0000,false
V4T003040,34.328260,-33.784158,ELG,0.58376974,1.0000,false
V4T003041,351.618361,-33.665973,LRG,0.20333870,1.0000,false
V4T003042,29.676444,-54.136008,BGS,1.56552211,0.4500,false
V4T003043,45.975714,-40.249198,ELG,0.80034492,1.0000,false
V4T003044,50.270162,-41.587895,ELG,0.98024106,1.0000,false
V4T003045,14.734044,-51.120612,Star,2.98294237,0.3000,false
V4T003046,2.166250,-27.912526,ELG,0.59947595,1.0000,false
V4T003047,25.782768,-55.329560,BGS,2.25961785,0.4500,false
V4T003048,47.664875,-33.877440,ELG,0.84995737,1.0000,false
V4T003049,353.530768,-34.044464,ELG,0.31070800,1.0000,false
V4T003050,37.239923,-31.820396,BGS,1.48337751,0.4500,false
V4T003051,0.264421,-19.601913,QSO,0.34300352,1.7000,false
V4T003052,41.361999,-39.377413,LRG,0.48960250,1.0000,true
V4T003053,37.747367,-32.352665,Star,4.39315891,0.3000,false
V4T003054,35.935357,-41.083252,BGS,1.68336344,0.4500,false
V4T003055,41.255482,-39.194555,ELG,0.53315687,1.0000,false
V4T003056,37.734326,-31.731012,BGS,1.08569706,0.4500,true
V4T003057,30.600431,-54.357975,ELG,0.87162260,1.0000,false
V4T003058,28.019620,-44.471714,ELG,0.36095345,1.0000,false
V4T003059,29.037715,-52.857280,ELG,0.62571427,1.0000,false
V4T003060,53.207636,-35.823538,ELG,0.37756584,1.0000,false
V4T003061,343.121292,-26.353085,Star,2.71233262,0.3000,false
V4T003062,357.202129,-23.827061,ELG,0.42362920,1.0000,false
V4T003063,48.613205,-36.423338,LRG,0.42892809,1.0000,false
V4T003064,347.899819,-39.680604,Star,7.13741292,0.3000,false
V4T003065,32.957813,-41.133226,QSO,0.13736806,1.7000,false
V4T003066,341.607212,-24.256634,BGS,1.19918920,0.4500,false
V4T003067,37.229284,-32.084654,ELG,0.73396243,1.0000,false
V4T003068,351.590202,-28.965098,LRG,0.22618181,1.0000,false
V4T003069,356.061691,-34.192438,ELG,0.68168277,1.0000,false
V4T003070,57.824368,-52.591988,QSO,0.16509776,1.7000,false
V4T003071,357.590180,-17.350585,Star,3.59094401,0.3000,false
V4T003072,20.542788,-56.814373,QSO,0.08929283,1.7000,false
V4T003073,357.152005,-32.237219,ELG,0.54762546,1.0000,false
V4T003074,28.419983,-53.491355,LRG,0.30001833,1.0000,false
V4T003075,31.518018,-39.672389,BGS,1.43704471,0.4500,false
V4T003076,352.778845,-28.653192,ELG,0.65347086,1.0000,false
V4T003077,343.770630,-26.137582,ELG,0.46312814,1.0000,false
V4T003078,24.445371,-51.487213,QSO,0.41426879,1.7000,false
V4T003079,351.633716,-21.718025,ELG,0.62703777,1.0000,false
V4T003080,358.551147,-33.831685,LRG,0.46268104,1.0000,false
V4T003081,49.329045,-43.083319,BGS,1.81907750,0.4500,false
V4T003082,34.656906,-34.540732,ELG,0.66153328,1.0000,false
V4T003083,338.898863,-32.027440,LRG,0.31629842,1.0000,false
V4T003084,336.970569,-27.147723,LRG,0.45531784,1.0000,false
V4T003085,344.114765,-25.608137,BGS,1.26796876,0.4500,false
V4T003086,56.818063,-38.733461,ELG,0.52386158,1.0000,false
V4T003087,24.199901,-42.135567,ELG,0.71585120,1.0000,false
V4T003088,37.954312,-40.544390,QSO,0.18879757,1.7000,false
V4T003089,355.580517,-28.161599,ELG,0.23921466,1.0000,true
V4T003090,32.121617,-45.822882,BGS,1.39324770,0.4500,false
V4T003091,25.913623,-45.451825,BGS,1.91539120,0.4500,false
V4T003092,28.700225,-53.668339,ELG,0.70174096,1.0000,false
V4T003093,353.452387,-31.746051,ELG,0.49373730,1.0000,false
V4T003094,342.225854,-37.765024,ELG,0.47689524,1.0000,false
V4T003095,48.631648,-41.537070,BGS,1.47860252,0.4500,false
V4T003096,54.195694,-35.752391,BGS,1.58552676,0.4500,false
V4T003097,36.482325,-41.753267,BGS,0.98669959,0.4500,false
V4T003098,25.866802,-51.552204,QSO,0.11333007,1.7000,false
V4T003099,51.759042,-56.053637,QSO,0.44135011,1.7000,false
V4T003100,350.007973,-15.504199,BGS,1.36258946,0.4500,false
V4T003101,45.382416,-55.717332,LRG,0.38850786,1.0000,false
V4T003102,27.232364,-57.555497,BGS,1.31794007,0.4500,false
V4T003103,49.779325,-39.138301,ELG,0.85450964,1.0000,false
V4T003104,353.029834,-28.969295,LRG,0.44657018,1.0000,false
V4T003105,355.065185,-21.863343,ELG,0.48757871,1.0000,false
V4T003106,338.526249,-28.877109,BGS,0.91650898,0.4500,true
V4T003107,2.026717,-31.531839,ELG,0.23646117,1.0000,false
V4T003108,53.701711,-35.990646,ELG,0.50903714,1.0000,false
V4T003109,46.869547,-52.138909,ELG,0.88658291,1.0000,false
V4T003110,38.136285,-31.891345,LRG,0.37071845,1.0000,false
V4T003111,0.862323,-20.461729,QSO,0.13978610,1.7000,false
V4T003112,43.765151,-38.152807,LRG,0.28215303,1.0000,false
V4T003113,342.472185,-16.833130,QSO,0.18583400,1.7000,false
V4T003114,345.964537,-15.534884,BGS,1.44126046,0.4500,false
V4T003115,37.794490,-59.424875,ELG,0.92635388,1.0000,false
V4T003116,39.982224,-50.512703,LRG,0.49444799,1.0000,false
V4T003117,37.406673,-33.112945,BGS,1.45879975,0.4500,false
V4T003118,353.094885,-34.553497,ELG,0.45494296,1.0000,false
V4T003119,38.619821,-31.299582,ELG,0.65300192,1.0000,false
V4T003120,337.980920,-31.688275,QSO,0.44312898,1.7000,false
V4T003121,358.625173,-30.774813,BGS,1.01069450,0.4500,false
V4T003122,51.450301,-47.862959,ELG,1.25265622,1.0000,false
V4T003123,44.349393,-58.204678,BGS,1.91343278,0.4500,false
V4T003124,0.856516,-31.878657,LRG,0.52729215,1.0000,false
V4T003125,15.105101,-49.780239,ELG,1.12374869,1.0000,false
V4T003126,44.833836,-52.836569,ELG,0.72556590,1.0000,false
V4T003127,342.713400,-35.601406,ELG,0.44940088,1.0000,false
V4T003128,345.784235,-28.623668,Star,3.94417640,0.3000,false
V4T003129,348.885346,-24.476349,ELG,0.38080322,1.0000,false
V4T003130,343.230286,-26.208427,ELG,0.41990082,1.0000,false
V4T003131,345.987518,-16.331277,BGS,1.29689201,0.4500,false
V4T003132,343.553478,-26.825503,LRG,0.29925582,1.0000,false
V4T003133,52.705582,-38.281560,BGS,0.78866018,0.4500,false
V4T003134,56.001968,-55.026231,LRG,0.31108142,1.0000,false
V4T003135,340.304423,-33.394359,BGS,1.16567957,0.4500,false
V4T003136,25.185060,-60.877833,QSO,0.17751223,1.7000,false
V4T003137,34.633926,-34.719407,ELG,0.75796237,1.0000,true
V4T003138,38.516733,-48.385593,ELG,0.47803660,1.0000,false
V4T003139,25.611980,-51.777594,ELG,0.32794477,1.0000,false
V4T003140,52.622267,-39.127463,ELG,1.01884389,1.0000,false
V4T003141,347.778896,-23.551998,BGS,1.17058686,0.4500,false
V4T003142,345.335003,-28.230548,QSO,0.33362477,1.7000,false
V4T003143,340.881384,-26.393733,LRG,0.37050424,1.0000,false
V4T003144,25.484350,-50.745969,ELG,0.88611024,1.0000,false
V4T003145,0.497005,-19.155524,LRG,0.29531049,1.0000,false
V4T003146,53.865427,-41.688591,ELG,0.47609715,1.0000,false
V4T003147,38.742185,-33.952866,LRG,0.29986592,1.0000,false
V4T003148,33.064027,-45.166936,ELG,1.02093490,1.0000,false
V4T003149,22.696764,-41.809062,ELG,0.41787797,1.0000,false
V4T003150,30.196788,-33.383508,ELG,0.51673566,1.0000,false
V4T003151,23.707716,-51.665536,ELG,0.27992167,1.0000,false
V4T003152,26.009696,-50.601650,ELG,0.15950495,1.0000,false
V4T003153,341.480004,-27.597009,QSO,0.08658742,1.7000,false
V4T003154,359.940087,-30.947997,Star,3.04779623,0.3000,false
V4T003155,36.743488,-41.633727,LRG,0.19066018,1.0000,false
V4T003156,338.424464,-19.237068,ELG,0.28243487,1.0000,false
V4T003157,40.346259,-61.576572,ELG,0.67725866,1.0000,false
V4T003158,352.013884,-28.786945,BGS,1.56785691,0.4500,false
V4T003159,353.240712,-20.577621,ELG,0.73192220,1.0000,false
V4T003160,341.011477,-21.334266,ELG,0.46247673,1.0000,false
V4T003161,359.759011,-25.179660,BGS,1.47328905,0.4500,false
V4T003162,343.803075,-27.415914,ELG,0.40556443,1.0000,false
V4T003163,44.396299,-35.574209,ELG,0.42054773,1.0000,false
V4T003164,40.123699,-53.787538,ELG,0.69932860,1.0000,false
V4T003165,344.147166,-24.746968,BGS,0.96282491,0.4500,false
V4T003166,48.484224,-46.621218,QSO,0.42225973,1.7000,false
V4T003167,50.680425,-41.061463,Star,6.65471697,0.3000,true
V4T003168,353.749169,-21.519330,LRG,0.19963149,1.0000,false
V4T003169,346.163347,-21.764766,LRG,0.21257190,1.0000,false
V4T003170,336.704136,-25.586102,Star,4.58461132,0.3000,false
V4T003171,338.315745,-22.705093,BGS,1.27884358,0.4500,false
V4T003172,4.644658,-25.482062,ELG,0.52233324,1.0000,false
V4T003173,354.593098,-24.511152,ELG,0.76055133,1.0000,false
V4T003174,347.151454,-37.076860,QSO,0.16685467,1.7000,false
V4T003175,341.382952,-33.620158,ELG,0.53345240,1.0000,false
V4T003176,349.926682,-26.891211,ELG,1.01743943,1.0000,false
V4T003177,36.708966,-41.743017,ELG,0.33076368,1.0000,false
V4T003178,341.669968,-23.634034,BGS,0.97977434,0.4500,false
V4T003179,359.667674,-33.148145,Star,7.52011273,0.3000,false
V4T003180,35.745369,-60.133380,BGS,1.35637603,0.4500,false
V4T003181,356.256248,-29.813886,ELG,0.64611941,1.0000,false
V4T003182,30.359360,-58.144339,QSO,0.16644151,1.7000,false
V4T003183,40.360848,-50.602104,ELG,0.44591256,1.0000,false
V4T003184,341.332484,-33.050689,ELG,0.38211963,1.0000,false
V4T003185,341.078425,-19.121338,Star,5.01859386,0.3000,false
V4T003186,356.953767,-19.864129,BGS,1.50342829,0.4500,false
V4T003187,32.092968,-34.297436,BGS,2.00276650,0.4500,false
V4T003188,359.073770,-33.304851,ELG,0.45511390,1.0000,false
V4T003189,346.761068,-24.687321,LRG,0.21269551,1.0000,false
V4T003190,28.717865,-53.567308,BGS,0.94858402,0.4500,false
V4T003191,345.640768,-21.854345,BGS,1.34472558,0.4500,true
V4T003192,34.333944,-37.458259,LRG,0.31144283,1.0000,false
V4T003193,35.451954,-54.765674,ELG,0.53805948,1.0000,false
V4T003194,357.555017,-24.629371,ELG,0.45198698,1.0000,false
V4T003195,21.941227,-54.608042,QSO,0.19217690,1.7000,false
V4T003196,43.035776,-58.032158,ELG,0.49269795,1.0000,false
V4T003197,353.035889,-28.918024,ELG,0.25444772,1.0000,false
V4T003198,336.870564,-30.350813,ELG,0.69130986,1.0000,false
V4T003199,351.248351,-34.613456,ELG,0.78491026,1.0000,false
V4T003200,0.502908,-30.960788,Star,6.79728182,0.3000,false
V4T003201,56.681774,-47.699846,QSO,0.23293424,1.7000,false
V4T003202,349.366575,-31.858340,BGS,1.23888974,0.4500,false
V4T003203,341.052923,-23.971451,BGS,1.14666397,0.4500,true
V4T003204,355.875108,-32.281815,ELG,0.54661756,1.0000,false
V4T003205,350.395979,-20.114487,Star,2.69078632,0.3000,true
V4T003206,26.516445,-51.480309,BGS,1.62415438,0.4500,false
V4T003207,27.897794,-34.868510,ELG,0.43433884,1.0000,false
V4T003208,32.632527,-44.436225,ELG,1.16091930,1.0000,false
V4T003209,0.604791,-18.973511,LRG,0.43056498,1.0000,false
V4T003210,54.993966,-44.190010,BGS,2.91632699,0.4500,false
V4T003211,345.708105,-28.378487,LRG,0.38277179,1.0000,false
V4T003212,37.200656,-41.248659,Star,6.39497676,0.3000,false
V4T003213,20.837188,-43.429414,ELG,0.36270329,1.0000,false
V4T003214,350.820391,-19.090974,ELG,0.58874568,1.0000,false
V4T003215,337.051270,-31.735956,QSO,0.09168804,1.7000,false
V4T003216,23.621900,-59.267868,LRG,0.37650188,1.0000,false
V4T003217,27.100227,-39.521184,Star,4.63829978,0.3000,true
V4T003218,54.385565,-39.109535,ELG,0.53422492,1.0000,false
V4T003219,346.237648,-36.751356,LRG,0.40653232,1.0000,false
V4T003220,353.485651,-37.121712,ELG,0.84971303,1.0000,false
V4T003221,36.142193,-32.094087,ELG,0.76187415,1.0000,false
V4T003222,25.932179,-41.931197,BGS,2.32959467,0.4500,false
V4T003223,338.854322,-31.493995,Star,2.27918162,0.3000,true
V4T003224,4.683125,-25.791875,BGS,1.68029005,0.4500,false
V4T003225,357.451994,-25.552589,BGS,0.90392181,0.4500,false
V4T003226,50.470139,-40.693469,ELG,0.43351113,1.0000,false
V4T003227,45.682024,-34.396139,BGS,2.21162341,0.4500,false
V4T003228,341.103055,-18.094229,Star,3.18577216,0.3000,false
V4T003229,336.929883,-23.683616,ELG,0.48740061,1.0000,false
V4T003230,345.324611,-33.899265,ELG,0.62795927,1.0000,true
V4T003231,341.190976,-33.481754,BGS,1.75891564,0.4500,false
V4T003232,346.583817,-27.976332,ELG,0.52621290,1.0000,false
V4T003233,353.376709,-21.208351,LRG,0.22280697,1.0000,false
V4T003234,1.606066,-23.211836,LRG,0.26913282,1.0000,false
V4T003235,53.609797,-38.435831,Star,4.01845282,0.3000,true
V4T003236,26.579147,-53.250422,ELG,0.72083401,1.0000,false
V4T003237,38.933287,-36.637619,BGS,1.51643131,0.4500,true
V4T003238,36.246266,-52.698022,ELG,0.61344321,1.0000,false
V4T003239,33.719204,-44.511002,BGS,1.94620799,0.4500,false
V4T003240,55.555430,-54.971897,QSO,0.17219092,1.7000,false
V4T003241,348.151324,-15.774933,BGS,0.85413421,0.4500,false
V4T003242,36.919267,-40.528053,BGS,1.28079632,0.4500,false
V4T003243,58.518611,-49.305749,ELG,0.74822125,1.0000,false
V4T003244,350.930251,-24.712587,LRG,0.33410233,1.0000,false
V4T003245,22.270132,-48.518050,ELG,0.47740648,1.0000,false
V4T003246,355.881276,-22.057660,LRG,0.26841121,1.0000,false
V4T003247,342.353115,-36.519093,ELG,0.38225176,1.0000,false
V4T003248,53.183480,-36.518758,ELG,0.87372763,1.0000,false
V4T003249,49.906159,-42.056378,LRG,0.32946613,1.0000,false
V4T003250,352.551676,-29.239467,ELG,0.67619225,1.0000,false
V4T003251,345.099520,-24.996289,ELG,0.34619667,1.0000,false
V4T003252,0.839867,-35.144197,LRG,0.23688351,1.0000,false
V4T003253,340.874727,-32.676215,LRG,0.50807477,1.0000,false
V4T003254,345.975397,-32.035480,ELG,0.50791714,1.0000,false
V4T003255,337.775133,-31.651381,ELG,0.29159346,1.0000,false
V4T003256,58.920276,-50.198343,LRG,0.28388386,1.0000,false
V4T003257,46.373221,-47.259578,LRG,0.35549997,1.0000,true
V4T003258,340.233157,-33.404708,BGS,0.65741311,0.4500,false
V4T003259,23.800025,-37.156351,LRG,0.46824967,1.0000,false
V4T003260,14.309006,-51.928173,ELG,0.66126753,1.0000,false
V4T003261,55.110446,-54.851951,ELG,0.83374132,1.0000,false
V4T003262,42.262684,-56.955536,ELG,0.83052749,1.0000,false
V4T003263,50.247301,-42.613703,LRG,0.49796499,1.0000,false
V4T003264,341.481288,-28.768631,Star,3.70181218,0.3000,false
V4T003265,35.948197,-34.707601,BGS,1.03755700,0.4500,false
V4T003266,351.130408,-24.730374,ELG,0.48675671,1.0000,true
V4T003267,356.974356,-32.859085,Star,3.06965229,0.3000,false
V4T003268,349.305376,-36.304146,ELG,0.34185771,1.0000,false
V4T003269,49.962888,-59.455321,ELG,0.62290255,1.0000,false
V4T003270,20.482717,-40.556008,LRG,0.28692483,1.0000,false
V4T003271,43.764185,-34.025589,ELG,0.74351584,1.0000,false
V4T003272,37.600689,-42.607802,ELG,0.47016298,1.0000,false
V4T003273,346.338761,-37.834307,ELG,0.55848039,1.0000,false
V4T003274,348.190619,-29.215555,BGS,0.68941868,0.4500,false
V4T003275,353.980960,-16.932712,BGS,1.39420165,0.4500,false
V4T003276,346.779449,-21.285405,LRG,0.24008235,1.0000,false
V4T003277,38.190975,-31.768906,LRG,0.30821576,1.0000,true
V4T003278,51.530365,-42.940193,LRG,0.39909326,1.0000,false
V4T003279,0.704361,-32.705657,ELG,0.55718049,1.0000,false
V4T003280,349.042289,-25.568137,BGS,2.16996890,0.4500,false
V4T003281,36.549285,-39.809000,BGS,1.80826029,0.4500,false
V4T003282,346.377331,-24.769487,LRG,0.57539951,1.0000,false
V4T003283,35.134343,-47.074227,Star,3.20486102,0.3000,false
V4T003284,347.400334,-22.993142,QSO,0.31153032,1.7000,false
V4T003285,29.156356,-54.325451,QSO,0.09484132,1.7000,false
V4T003286,1.351101,-26.283898,Star,3.32010681,0.3000,true
V4T003287,355.791285,-22.633181,QSO,0.04571690,1.7000,false
V4T003288,0.766584,-19.261156,ELG,0.51980577,1.0000,false
V4T003289,344.203604,-26.677100,ELG,0.43350096,1.0000,false
V4T003290,16.337894,-49.766105,BGS,1.10503441,0.4500,false
V4T003291,352.761402,-26.678388,LRG,0.41811042,1.0000,false
V4T003292,55.909394,-54.008540,QSO,0.28571139,1.7000,false
V4T003293,336.243603,-24.356714,BGS,1.62245200,0.4500,false
V4T003294,35.603026,-41.331696,ELG,0.51562858,1.0000,false
V4T003295,351.699925,-28.818252,ELG,0.76769161,1.0000,false
V4T003296,38.210070,-31.784886,ELG,0.79658439,1.0000,false
V4T003297,46.371323,-56.520200,BGS,1.58504504,0.4500,false
V4T003298,43.750627,-52.925722,ELG,0.24446964,1.0000,false
V4T003299,33.899804,-33.629123,QSO,0.13996453,1.7000,false
V4T003300,346.134373,-17.851132,ELG,0.82345470,1.0000,false
V4T003301,345.363812,-16.700874,BGS,1.45922445,0.4500,false
V4T003302,37.753404,-35.273213,ELG,0.67329354,1.0000,false
V4T003303,26.911217,-46.444739,ELG,0.80248425,1.0000,false
V4T003304,25.695084,-51.915105,LRG,0.45916623,1.0000,false
V4T003305,345.849481,-27.642219,ELG,0.60664802,1.0000,false
V4T003306,353.261300,-23.546798,LRG,0.42730401,1.0000,false
V4T003307,341.681646,-18.327441,BGS,1.15678519,0.4500,false
V4T003308,346.174851,-17.077382,QSO,0.17360700,1.7000,false
V4T003309,27.956860,-39.075624,ELG,0.51409232,1.0000,false
V4T003310,41.012509,-49.702273,ELG,0.38745370,1.0000,false
V4T003311,348.474910,-35.181387,ELG,0.39151828,1.0000,true
V4T003312,45.860605,-46.446221,Star,4.10505734,0.3000,false
V4T003313,26.211857,-43.973718,QSO,0.08816835,1.7000,false
V4T003314,0.614583,-19.507608,ELG,0.75846300,1.0000,false
V4T003315,2.607066,-31.514075,ELG,0.21715384,1.0000,false
V4T003316,56.425681,-40.572831,BGS,1.58132444,0.4500,false
V4T003317,341.422246,-33.101308,ELG,0.49784150,1.0000,false
V4T003318,44.803316,-44.635629,Star,3.52537330,0.3000,false
V4T003319,340.563433,-33.310332,ELG,0.36280003,1.0000,false
V4T003320,350.700410,-37.933803,ELG,0.57917333,1.0000,false
V4T003321,34.180646,-52.594385,QSO,0.12864667,1.7000,false
V4T003322,338.047600,-31.164897,LRG,0.34912225,1.0000,false
V4T003323,346.703749,-28.103152,QSO,0.30181450,1.7000,false
V4T003324,340.812084,-35.415304,BGS,0.88158990,0.4500,false
V4T003325,25.739429,-55.806648,BGS,1.28914606,0.4500,false
V4T003326,343.577666,-22.696307,BGS,0.64109243,0.4500,false
V4T003327,348.972741,-16.668270,ELG,0.35605548,1.0000,false
V4T003328,349.206244,-18.293711,LRG,0.33385249,1.0000,false
V4T003329,53.565277,-36.140271,BGS,0.83776716,0.4500,false
V4T003330,36.638218,-41.623763,Star,3.69388099,0.3000,false
V4T003331,344.333853,-27.996508,Star,4.55292809,0.3000,false
V4T003332,341.708407,-19.938310,BGS,2.80613368,0.4500,false
V4T003333,45.436786,-33.919264,QSO,0.23036691,1.7000,false
V4T003334,33.798180,-47.429771,LRG,0.38734591,1.0000,false
V4T003335,46.741950,-34.503329,QSO,0.19302596,1.7000,false
V4T003336,350.292338,-17.953813,QSO,0.25296977,1.7000,false
V4T003337,343.860876,-26.600385,BGS,2.18775612,0.4500,false
V4T003338,46.770837,-45.583820,BGS,2.53957909,0.4500,false
V4T003339,41.719065,-42.999667,ELG,0.36284864,1.0000,false
V4T003340,22.019987,-47.657473,ELG,0.53510566,1.0000,false
V4T003341,353.447591,-28.715914,BGS,1.09916877,0.4500,false
V4T003342,37.041118,-47.556908,LRG,0.50872189,1.0000,true
V4T003343,344.689175,-36.021185,Star,4.02289908,0.3000,false
V4T003344,29.710015,-35.894095,QSO,0.18352174,1.7000,false
V4T003345,51.883302,-43.657708,ELG,0.65405765,1.0000,false
V4T003346,337.623555,-29.962416,QSO,0.18438349,1.7000,false
V4T003347,44.442218,-41.458033,BGS,1.07381271,0.4500,false
V4T003348,345.928612,-28.531327,BGS,1.47747723,0.4500,false
V4T003349,55.640261,-55.362280,ELG,0.82736816,1.0000,true
V4T003350,1.222529,-19.598509,LRG,0.43462899,1.0000,false
V4T003351,343.861335,-26.268579,ELG,0.77527034,1.0000,false
V4T003352,337.743764,-31.077209,LRG,0.42273033,1.0000,false
V4T003353,39.021777,-60.132624,QSO,0.15345766,1.7000,false
V4T003354,39.018125,-42.630861,ELG,0.64020551,1.0000,false
V4T003355,345.567826,-17.871590,ELG,0.45652540,1.0000,false
V4T003356,345.787632,-28.479547,ELG,0.25700799,1.0000,false
V4T003357,341.761032,-29.491324,QSO,0.10803695,1.7000,false
V4T003358,52.429528,-44.258725,ELG,0.46572063,1.0000,false
V4T003359,31.072974,-34.533119,Star,4.01341505,0.3000,true
V4T003360,36.713491,-41.090059,BGS,1.01291569,0.4500,true
V4T003361,42.758887,-36.459375,BGS,1.32538444,0.4500,false
V4T003362,336.278568,-29.624048,ELG,0.47904044,1.0000,false
V4T003363,345.507974,-17.369129,BGS,1.76681231,0.4500,false
V4T003364,48.264413,-45.457543,LRG,0.49661769,1.0000,false
V4T003365,346.224526,-29.599395,LRG,0.47795345,1.0000,false
V4T003366,55.784276,-55.084776,BGS,1.17544372,0.4500,false
V4T003367,47.073987,-39.301647,Star,5.75766807,0.3000,false
V4T003368,344.172949,-26.885588,BGS,1.19958855,0.4500,false
V4T003369,19.203883,-54.783636,Star,4.59747728,0.3000,false
V4T003370,354.678711,-25.762393,ELG,0.52176617,1.0000,false
V4T003371,359.097917,-18.778935,ELG,0.58878269,1.0000,false
V4T003372,19.603298,-54.289813,QSO,0.27753265,1.7000,false
V4T003373,353.561595,-30.969734,ELG,0.66491116,1.0000,true
V4T003374,51.128461,-41.648658,LRG,0.33421165,1.0000,false
V4T003375,348.145227,-25.325266,QSO,0.19731108,1.7000,false
V4T003376,351.819208,-34.253553,ELG,0.59894917,1.0000,false
V4T003377,43.912378,-46.090233,ELG,0.75565848,1.0000,false
V4T003378,0.854143,-19.807935,Star,3.14889298,0.3000,false
V4T003379,21.726743,-41.339439,ELG,0.96955003,1.0000,false
V4T003380,335.732944,-25.647780,ELG,0.97125957,1.0000,false
V4T003381,51.269892,-46.989995,ELG,0.85722959,1.0000,false
V4T003382,29.896120,-53.612374,BGS,1.25952757,0.4500,false
V4T003383,3.496058,-25.892364,BGS,1.24728810,0.4500,false
V4T003384,43.876284,-32.302193,ELG,0.38594584,1.0000,false
V4T003385,44.559854,-40.722471,LRG,0.44867240,1.0000,false
V4T003386,28.544220,-54.927238,Star,4.03039595,0.3000,false
V4T003387,50.522182,-42.362181,LRG,0.26954524,1.0000,false
V4T003388,348.284606,-23.395766,QSO,0.18879174,1.7000,false
V4T003389,51.047045,-57.927178,ELG,1.37997531,1.0000,false
V4T003390,338.837247,-30.670322,Star,4.01536095,0.3000,false
V4T003391,353.923003,-34.345329,LRG,0.43664457,1.0000,false
V4T003392,28.895798,-56.789940,Star,3.79308354,0.3000,false
V4T003393,30.883376,-33.401488,BGS,1.49789246,0.4500,false
V4T003394,54.129615,-37.639380,BGS,1.51090296,0.4500,false
V4T003395,1.885736,-26.915394,BGS,1.25169176,0.4500,false
V4T003396,35.472838,-49.781687,ELG,0.57916685,1.0000,false
V4T003397,19.261341,-40.581014,Star,2.70603687,0.3000,false
V4T003398,43.106711,-45.410775,BGS,0.88675298,0.4500,false
V4T003399,357.337981,-29.005675,BGS,2.04334018,0.4500,false
V4T003400,32.094600,-34.789658,QSO,0.15216143,1.7000,false
V4T003401,23.988040,-51.761695,LRG,0.28319651,1.0000,false
V4T003402,344.354006,-26.963937,BGS,1.23059231,0.4500,false
V4T003403,344.941580,-28.499174,ELG,0.86283922,1.0000,false
V4T003404,40.605592,-41.985840,Star,5.37084417,0.3000,false
V4T003405,1.821021,-33.246572,LRG,0.26851755,1.0000,false
V4T003406,53.757087,-51.822677,BGS,1.57008856,0.4500,false
V4T003407,25.165472,-52.124211,ELG,0.83658217,1.0000,false
V4T003408,51.545393,-35.148070,BGS,1.24792502,0.4500,false
V4T003409,350.885732,-19.977916,BGS,2.37057135,0.4500,false
V4T003410,42.073432,-49.776883,ELG,0.58413395,1.0000,false
V4T003411,341.529236,-30.195165,QSO,0.22615538,1.7000,false
V4T003412,346.365430,-36.369807,LRG,0.36901784,1.0000,false
V4T003413,39.479434,-58.036908,LRG,0.26236116,1.0000,false
V4T003414,4.441389,-23.959588,ELG,0.96554868,1.0000,false
V4T003415,338.628837,-31.530604,BGS,1.59062956,0.4500,false
V4T003416,352.254589,-33.286650,LRG,0.33949286,1.0000,false
V4T003417,50.054476,-33.786509,Star,2.56166585,0.3000,false
V4T003418,24.296946,-44.592742,LRG,0.46476195,1.0000,false
V4T003419,343.808272,-27.048751,LRG,0.44496439,1.0000,false
V4T003420,33.277766,-38.482001,BGS,1.10494326,0.4500,false
V4T003421,1.471678,-28.741642,BGS,1.17219160,0.4500,false
V4T003422,30.210329,-54.265076,BGS,1.03014856,0.4500,false
V4T003423,40.323444,-37.466584,LRG,0.39396418,1.0000,true
V4T003424,343.709092,-32.864995,ELG,0.46058086,1.0000,false
V4T003425,351.996605,-27.389505,ELG,0.54652287,1.0000,false
V4T003426,29.345022,-54.264750,BGS,1.03843076,0.4500,false
V4T003427,23.837509,-49.337140,LRG,0.73712558,1.0000,false
V4T003428,25.088947,-51.864326,LRG,0.50124099,1.0000,false
V4T003429,24.985307,-51.719033,ELG,0.32541856,1.0000,true
V4T003430,21.511560,-58.467479,LRG,0.58614903,1.0000,false
V4T003431,2.182757,-27.723185,ELG,0.52669574,1.0000,false
V4T003432,23.591985,-36.488442,BGS,0.86340338,0.4500,false
V4T003433,43.338227,-58.607862,ELG,0.44687854,1.0000,false
V4T003434,357.614131,-18.355780,LRG,0.34885206,1.0000,false
V4T003435,43.828350,-31.491735,QSO,0.09961306,1.7000,false
V4T003436,346.278410,-17.824409,QSO,0.16559124,1.7000,false
V4T003437,29.424806,-54.659482,BGS,1.38078215,0.4500,false
V4T003438,3.241774,-31.881090,LRG,0.38170220,1.0000,false
V4T003439,50.523724,-41.683589,Star,4.97425872,0.3000,false
V4T003440,345.462249,-23.573925,QSO,0.36243429,1.7000,true
V4T003441,346.551861,-28.845006,ELG,0.21400142,1.0000,false
V4T003442,0.015518,-19.533932,QSO,0.15561651,1.7000,true
V4T003443,54.755660,-38.731777,BGS,1.19472515,0.4500,false
V4T003444,355.870876,-32.441568,ELG,0.47077299,1.0000,false
V4T003445,344.149683,-26.555368,LRG,0.44231823,1.0000,false
V4T003446,345.298658,-28.796605,QSO,0.29956225,1.7000,false
V4T003447,36.426331,-41.151023,LRG,0.63127257,1.0000,true
V4T003448,357.859575,-30.006180,ELG,0.41947404,1.0000,false
V4T003449,341.080781,-20.615619,BGS,1.09257882,0.4500,false
V4T003450,54.110494,-55.715463,BGS,1.07823532,0.4500,false
V4T003451,49.228627,-42.402012,LRG,0.39815144,1.0000,false
V4T003452,40.932261,-37.384983,LRG,0.24386939,1.0000,false
V4T003453,48.556605,-54.970323,BGS,1.21003380,0.4500,false
V4T003454,51.194041,-36.343781,ELG,0.41164860,1.0000,false
V4T003455,342.559783,-26.910856,QSO,0.23933655,1.7000,false
V4T003456,354.725031,-29.332411,ELG,0.67896998,1.0000,false
V4T003457,38.840780,-37.242859,BGS,1.67129932,0.4500,false
V4T003458,17.196883,-53.058049,Star,4.03753319,0.3000,false
V4T003459,52.075364,-41.964116,BGS,1.39857220,0.4500,false
V4T003460,33.274313,-49.032712,QSO,0.08097091,1.7000,false
V4T003461,15.693986,-51.376213,ELG,0.84418879,1.0000,false
V4T003462,27.033757,-43.115185,BGS,1.57386060,0.4500,false
V4T003463,357.289120,-21.587384,ELG,0.84685403,1.0000,false
V4T003464,351.958437,-29.092884,QSO,0.29436858,1.7000,false
V4T003465,357.417785,-36.719140,ELG,0.61537480,1.0000,false
V4T003466,50.921238,-42.110677,LRG,0.23332547,1.0000,false
V4T003467,339.585076,-31.932336,LRG,0.35489461,1.0000,false
V4T003468,345.356407,-15.502870,ELG,0.39250492,1.0000,false
V4T003469,336.358674,-25.663532,QSO,0.11095735,1.7000,false
V4T003470,32.237518,-39.489278,ELG,0.76219008,1.0000,false
V4T003471,341.475393,-28.958397,QSO,0.10560001,1.7000,false
V4T003472,20.059256,-56.708692,BGS,1.24285171,0.4500,false
V4T003473,337.440609,-32.261404,ELG,0.26975453,1.0000,false
V4T003474,351.779115,-28.526009,BGS,1.17602278,0.4500,false
V4T003475,21.284458,-56.800969,ELG,0.64687416,1.0000,false
V4T003476,346.158492,-15.642939,BGS,1.60060276,0.4500,false
V4T003477,340.309839,-33.861917,LRG,0.42302113,1.0000,false
V4T003478,37.134817,-40.912845,LRG,0.27390794,1.0000,false
V4T003479,30.397497,-41.273918,ELG,0.38904477,1.0000,false
V4T003480,21.621962,-54.982396,ELG,0.96965109,1.0000,false
V4T003481,34.414911,-43.679013,ELG,0.41505573,1.0000,false
V4T003482,340.870429,-33.302499,QSO,0.18823353,1.7000,false
V4T003483,40.254631,-38.295130,QSO,0.15073634,1.7000,false
V4T003484,27.197306,-60.443679,BGS,1.34652177,0.4500,false
V4T003485,46.498094,-51.988515,BGS,1.22634628,0.4500,false
V4T003486,343.835670,-26.233079,QSO,0.20839773,1.7000,false
V4T003487,52.387797,-38.879657,BGS,0.80105921,0.4500,true
V4T003488,344.252409,-18.299471,Star,4.57584053,0.3000,false
V4T003489,344.069102,-27.164979,LRG,0.42745481,1.0000,true
V4T003490,339.523856,-30.685463,ELG,0.66964018,1.0000,false
V4T003491,348.792048,-19.328340,LRG,0.44163775,1.0000,false
V4T003492,26.001129,-52.443580,QSO,0.10579723,1.7000,false
V4T003493,3.153693,-31.626374,BGS,1.10430892,0.4500,true
V4T003494,346.053863,-17.317545,BGS,1.12950088,0.4500,false
V4T003495,335.776945,-24.999708,LRG,0.28572482,1.0000,false
V4T003496,342.739297,-36.476887,ELG,0.95061585,1.0000,false
V4T003497,338.357959,-31.449474,LRG,0.45729901,1.0000,false
V4T003498,349.990123,-37.760613,ELG,0.47101352,1.0000,false
V4T003499,26.848283,-57.126398,QSO,0.26971693,1.7000,false
V4T003500,342.838258,-25.491479,Star,4.26724745,0.3000,false
V4T003501,357.377678,-27.874694,LRG,0.25506708,1.0000,false
V4T003502,53.057436,-35.628635,LRG,0.38159985,1.0000,false
V4T003503,41.088010,-40.903851,BGS,1.17704878,0.4500,false
V4T003504,18.287989,-53.196715,BGS,1.46272777,0.4500,false
V4T003505,20.160801,-50.870569,Star,4.85765436,0.3000,false
V4T003506,22.799373,-50.679383,QSO,0.06341218,1.7000,false
V4T003507,0.678743,-19.545175,ELG,0.33602402,1.0000,false
V4T003508,39.827757,-53.664384,Star,4.50588547,0.3000,false
V4T003509,23.566507,-36.486476,BGS,1.24778366,0.4500,false
V4T003510,358.567895,-34.625647,BGS,1.33492314,0.4500,false
V4T003511,345.427039,-17.691838,ELG,0.42079424,1.0000,false
V4T003512,42.678712,-45.890371,Star,4.25706827,0.3000,false
V4T003513,29.583534,-54.205445,QSO,0.14882787,1.7000,false
V4T003514,357.633663,-19.347822,ELG,0.38896116,1.0000,false
V4T003515,24.648717,-53.420872,LRG,0.29793124,1.0000,false
V4T003516,38.435902,-56.030358,QSO,0.16347173,1.7000,false
V4T003517,356.222970,-26.490777,ELG,0.75710219,1.0000,false
V4T003518,35.066127,-41.472250,ELG,0.47735790,1.0000,false
V4T003519,55.938226,-38.968746,BGS,1.32311070,0.4500,false
V4T003520,36.341540,-40.733268,LRG,0.32120363,1.0000,false
V4T003521,31.056900,-39.119387,ELG,0.80102434,1.0000,false
V4T003522,352.614715,-29.309065,ELG,1.27597363,1.0000,false
V4T003523,25.159249,-52.020932,ELG,1.32313485,1.0000,false
V4T003524,342.624021,-28.997289,QSO,0.09811104,1.7000,false
V4T003525,53.530609,-49.006154,BGS,2.13377833,0.4500,false
V4T003526,345.821704,-17.959767,ELG,0.63902246,1.0000,false
V4T003527,3.375749,-28.404038,ELG,0.27869362,1.0000,false
V4T003528,52.938603,-50.425401,QSO,0.37985978,1.7000,false
V4T003529,39.039855,-36.737006,QSO,0.15221537,1.7000,true
V4T003530,29.102569,-53.299717,LRG,0.54998013,1.0000,false
V4T003531,36.705734,-40.378354,LRG,0.44330035,1.0000,false
V4T003532,47.416571,-51.947733,QSO,0.07650456,1.7000,false
V4T003533,346.410239,-28.516890,ELG,0.23777790,1.0000,false
V4T003534,55.097319,-54.926105,Star,4.64669859,0.3000,false
V4T003535,2.528026,-24.066062,QSO,0.09350315,1.7000,false
V4T003536,28.005432,-53.241430,QSO,0.34481873,1.7000,false
V4T003537,354.483992,-33.320468,Star,3.28868361,0.3000,false
V4T003538,20.026919,-53.670405,ELG,0.33970914,1.0000,false
V4T003539,19.664766,-49.570751,LRG,0.39394881,1.0000,false
V4T003540,47.318279,-34.356937,LRG,0.35493080,1.0000,false
V4T003541,353.795874,-36.763817,ELG,0.72124288,1.0000,false
V4T003542,43.929241,-39.847210,ELG,0.49151306,1.0000,false
V4T003543,351.739379,-23.553636,ELG,0.31045087,1.0000,false
V4T003544,352.885884,-28.604244,QSO,0.05923045,1.7000,false
V4T003545,348.074118,-33.028756,BGS,1.25748184,0.4500,false
V4T003546,42.994479,-39.012558,BGS,1.56209632,0.4500,false
V4T003547,26.146285,-42.638185,BGS,0.93754579,0.4500,false
V4T003548,349.015388,-32.445426,ELG,0.51893847,1.0000,false
V4T003549,53.799643,-52.079087,LRG,0.60644512,1.0000,false
V4T003550,37.687261,-40.585307,QSO,0.11533853,1.7000,false
V4T003551,15.181351,-49.671730,BGS,1.12487810,0.4500,false
V4T003552,25.874917,-61.602705,BGS,1.35172959,0.4500,false
V4T003553,40.208828,-49.685086,ELG,0.53314369,1.0000,false
V4T003554,341.234627,-33.433921,QSO,0.23730865,1.7000,false
V4T003555,25.615507,-51.244541,ELG,0.87471329,1.0000,false
V4T003556,346.288059,-18.238070,ELG,0.83048212,1.0000,false
V4T003557,50.882227,-40.822687,QSO,0.39324409,1.7000,false
V4T003558,22.454436,-49.427749,BGS,0.96340677,0.4500,false
V4T003559,343.677037,-19.359198,LRG,0.45089652,1.0000,false
V4T003560,25.262941,-51.606392,ELG,0.70391669,1.0000,false
V4T003561,19.315786,-39.864365,ELG,0.45493083,1.0000,false
V4T003562,351.428184,-33.484185,BGS,1.50589399,0.4500,true
V4T003563,352.632980,-28.661027,LRG,0.53723545,1.0000,false
V4T003564,44.941986,-36.106249,BGS,0.80518422,0.4500,false
V4T003565,341.486566,-33.791707,BGS,1.25950635,0.4500,false
V4T003566,21.671402,-55.954408,BGS,0.68943778,0.4500,false
V4T003567,359.328896,-30.372093,ELG,0.56477479,1.0000,false
V4T003568,38.443146,-38.059468,ELG,0.30621711,1.0000,false
V4T003569,339.533090,-27.661282,Star,2.86613455,0.3000,false
V4T003570,40.546805,-40.004411,Star,3.20576764,0.3000,false
V4T003571,31.673704,-38.836591,Star,3.50211112,0.3000,false
V4T003572,352.671340,-28.148575,ELG,0.50887581,1.0000,false
V4T003573,31.671400,-39.721546,BGS,1.22546780,0.4500,false
V4T003574,15.518069,-45.968825,BGS,1.87018423,0.4500,false
V4T003575,339.672167,-20.660561,ELG,0.36445800,1.0000,false
V4T003576,37.400118,-31.793764,BGS,1.16359309,0.4500,false
V4T003577,24.705404,-35.995448,Star,3.77715858,0.3000,false
V4T003578,24.782658,-45.540185,BGS,1.41002555,0.4500,false
V4T003579,351.093794,-33.212839,QSO,0.18023136,1.7000,false
V4T003580,53.994324,-43.980382,Star,4.29102561,0.3000,false
V4T003581,342.765223,-38.361457,QSO,0.20991473,1.7000,false
V4T003582,30.647663,-42.932325,LRG,0.48108619,1.0000,false
V4T003583,345.539710,-28.145205,BGS,0.99037390,0.4500,true
V4T003584,345.778215,-28.165320,ELG,0.35693001,1.0000,false
V4T003585,31.525955,-33.929608,LRG,0.20283919,1.0000,false
V4T003586,50.342787,-50.923869,BGS,1.37780780,0.4500,false
V4T003587,338.624108,-32.339144,Star,3.95514217,0.3000,false
V4T003588,51.370857,-53.623281,BGS,1.80384853,0.4500,true
V4T003589,22.212008,-40.978245,BGS,1.20079177,0.4500,false
V4T003590,48.463852,-35.550165,ELG,0.60792025,1.0000,false
V4T003591,342.845652,-32.180933,LRG,0.51719066,1.0000,false
V4T003592,44.592934,-55.726420,BGS,1.12040841,0.4500,false
V4T003593,359.069193,-35.834608,LRG,0.34925696,1.0000,false
V4T003594,340.614054,-36.337433,ELG,0.70116596,1.0000,false
V4T003595,342.694971,-22.634079,ELG,0.85772043,1.0000,false
V4T003596,0.819159,-19.356260,BGS,1.47221529,0.4500,false
V4T003597,26.700731,-51.758164,QSO,0.22095719,1.7000,false
V4T003598,38.512153,-31.903750,BGS,1.71490207,0.4500,false
V4T003599,353.602315,-36.137274,LRG,0.30611355,1.0000,false
V4T003600,46.683876,-56.730868,ELG,1.04098721,1.0000,false
V4T003601,338.411538,-22.745513,ELG,1.08812150,1.0000,false
V4T003602,346.118140,-18.280966,BGS,1.19990424,0.4500,false
V4T003603,345.388725,-28.512201,LRG,0.27262133,1.0000,false
V4T003604,3.136371,-25.375810,ELG,0.21197039,1.0000,false
V4T003605,350.915642,-31.060729,ELG,0.44777163,1.0000,false
V4T003606,33.256872,-53.287720,ELG,0.41690923,1.0000,false
V4T003607,339.118442,-32.174299,BGS,1.16395583,0.4500,false
V4T003608,37.909427,-31.498878,BGS,2.49982767,0.4500,false
V4T003609,57.281853,-45.616857,ELG,0.83941395,1.0000,false
V4T003610,349.431422,-33.514223,Star,3.27100122,0.3000,false
V4T003611,0.656058,-19.168696,BGS,1.51344088,0.4500,false
V4T003612,30.145545,-54.442027,ELG,0.91346988,1.0000,false
V4T003613,27.160782,-58.419030,QSO,0.15022021,1.7000,false
V4T003614,41.718248,-35.050606,ELG,1.16264825,1.0000,false
V4T003615,35.707123,-31.677483,Star,5.02223353,0.3000,false
V4T003616,357.992426,-25.035253,QSO,0.31402578,1.7000,false
V4T003617,39.407420,-53.978443,LRG,0.30589635,1.0000,false
V4T003618,36.818486,-31.567057,ELG,0.25286043,1.0000,false
V4T003619,341.993401,-24.282903,BGS,2.05005799,0.4500,false
V4T003620,337.539394,-32.565219,LRG,0.27795805,1.0000,false
V4T003621,38.165995,-56.925787,QSO,0.10936815,1.7000,false
V4T003622,44.081212,-48.729905,BGS,0.89197645,0.4500,false
V4T003623,338.188531,-31.367811,BGS,1.57380929,0.4500,false
V4T003624,45.956598,-48.800355,LRG,0.28194541,1.0000,false
V4T003625,29.870904,-43.223623,QSO,0.10795122,1.7000,false
V4T003626,50.582129,-35.339796,QSO,0.11566535,1.7000,false
V4T003627,338.737589,-31.658212,QSO,0.36564544,1.7000,false
V4T003628,345.968871,-38.602456,ELG,0.65791470,1.0000,false
V4T003629,349.636173,-25.590742,QSO,0.27045367,1.7000,false
V4T003630,33.288297,-48.223807,ELG,0.67565254,1.0000,false
V4T003631,46.972763,-47.376374,BGS,1.29770546,0.4500,false
V4T003632,346.670170,-28.984521,ELG,0.65443375,1.0000,false
V4T003633,353.432413,-30.580094,BGS,1.68635764,0.4500,false
V4T003634,36.123190,-41.223786,QSO,0.14811526,1.7000,false
V4T003635,4.002312,-29.926127,ELG,0.95552388,1.0000,false
V4T003636,55.328897,-40.877657,BGS,1.02241586,0.4500,false
V4T003637,33.458751,-44.243777,LRG,0.44240853,1.0000,false
V4T003638,35.463151,-46.684068,Star,4.71259402,0.3000,false
V4T003639,27.770444,-45.688866,BGS,0.92281938,0.4500,false
V4T003640,352.714414,-29.097562,ELG,0.99200031,1.0000,false
V4T003641,34.062060,-44.651442,ELG,0.40905143,1.0000,false
V4T003642,43.594582,-49.800616,ELG,1.12317938,1.0000,false
V4T003643,51.262371,-53.206642,QSO,0.16065595,1.7000,false
V4T003644,57.043319,-50.950160,BGS,1.86453206,0.4500,false
V4T003645,340.556262,-33.750950,LRG,0.43392701,1.0000,false
V4T003646,344.670471,-36.185047,BGS,0.92289960,0.4500,false
V4T003647,349.830685,-36.895041,BGS,1.86507034,0.4500,false
V4T003648,348.348039,-20.259037,LRG,0.56150958,1.0000,false
V4T003649,348.943676,-34.240023,BGS,1.36021531,0.4500,false
V4T003650,48.205984,-35.335919,ELG,0.32273863,1.0000,false
V4T003651,15.764567,-44.496795,ELG,0.56004666,1.0000,false
V4T003652,341.145704,-33.625093,ELG,0.49214788,1.0000,false
V4T003653,350.378807,-36.996112,ELG,2.29421426,1.0000,false
V4T003654,354.924190,-24.279615,LRG,0.36132563,1.0000,false
V4T003655,341.845161,-20.384308,QSO,0.23501273,1.7000,false
V4T003656,346.345067,-18.039878,LRG,0.20913770,1.0000,false
V4T003657,344.119461,-26.715187,QSO,0.07298761,1.7000,false
V4T003658,48.637009,-50.883483,Star,4.00173899,0.3000,false
V4T003659,359.903684,-33.702527,ELG,0.59203477,1.0000,false
V4T003660,343.529329,-31.979878,BGS,0.79298645,0.4500,false
V4T003661,343.690615,-34.515834,ELG,0.69962498,1.0000,false
V4T003662,344.909290,-26.427649,Star,2.86314779,0.3000,false
V4T003663,351.500963,-34.897676,BGS,1.25803535,0.4500,true
V4T003664,50.357886,-36.719013,BGS,0.78853134,0.4500,false
V4T003665,18.662829,-52.346997,ELG,0.50579999,1.0000,false
V4T003666,354.729877,-38.312907,BGS,1.83562537,0.4500,false
V4T003667,41.699067,-46.513499,LRG,0.38789663,1.0000,false
V4T003668,351.262247,-34.234630,ELG,0.40303825,1.0000,false
V4T003669,349.527440,-29.510803,BGS,1.34727484,0.4500,false
V4T003670,23.311395,-43.487719,QSO,0.26381898,1.7000,false
V4T003671,345.005319,-17.297127,ELG,0.37213161,1.0000,true
V4T003672,351.280491,-16.692757,Star,3.62464701,0.3000,false
V4T003673,1.387501,-20.295467,ELG,0.75482887,1.0000,false
V4T003674,39.896956,-48.582939,ELG,0.36324766,1.0000,false
V4T003675,353.714487,-27.883208,ELG,0.47036482,1.0000,true
V4T003676,53.498555,-37.742590,LRG,0.41281332,1.0000,false
V4T003677,359.456750,-21.498451,QSO,0.10778862,1.7000,false
V4T003678,353.855291,-33.637671,QSO,0.22437180,1.7000,false
V4T003679,342.543734,-28.846183,QSO,0.09250797,1.7000,false
V4T003680,356.921805,-18.506077,QSO,0.26015198,1.7000,false
V4T003681,33.365113,-36.983602,LRG,0.25759172,1.0000,false
V4T003682,357.786356,-19.659344,ELG,0.69313152,1.0000,false
V4T003683,357.895609,-18.564206,BGS,1.47567559,0.4500,true
V4T003684,348.430048,-37.645824,QSO,0.15460491,1.7000,false
V4T003685,359.855031,-23.492267,ELG,0.55686364,1.0000,false
V4T003686,30.817102,-53.852320,LRG,0.27648441,1.0000,true
V4T003687,4.644847,-29.843917,ELG,0.71159892,1.0000,false
V4T003688,336.791165,-31.478695,BGS,1.02956040,0.4500,false
V4T003689,17.358528,-55.221619,BGS,1.75971032,0.4500,false
V4T003690,354.874506,-21.100318,BGS,1.36863174,0.4500,false
V4T003691,50.578029,-42.194048,ELG,0.39578103,1.0000,false
V4T003692,345.712191,-27.943498,BGS,0.94343867,0.4500,true
V4T003693,25.006982,-51.087992,ELG,0.44904105,1.0000,false
V4T003694,353.281866,-27.377407,ELG,0.52285282,1.0000,false
V4T003695,54.045567,-42.606752,LRG,0.25936867,1.0000,false
V4T003696,58.253423,-47.041803,ELG,0.55155710,1.0000,false
V4T003697,341.790531,-34.113514,BGS,0.92096325,0.4500,false
V4T003698,21.234616,-38.169885,QSO,0.33469386,1.7000,false
V4T003699,341.505828,-36.746079,BGS,1.37760823,0.4500,false
V4T003700,26.198151,-52.320024,ELG,1.04847291,1.0000,false
V4T003701,357.509948,-29.991944,ELG,0.56336659,1.0000,false
V4T003702,353.529193,-30.719406,BGS,1.70257748,0.4500,false
V4T003703,0.100531,-24.299313,LRG,0.47824026,1.0000,false
V4T003704,28.502997,-53.765559,BGS,1.20383112,0.4500,false
V4T003705,21.483267,-56.027865,BGS,0.80173771,0.4500,false
V4T003706,338.077898,-24.871834,ELG,0.98540399,1.0000,false
V4T003707,2.086491,-26.213517,ELG,0.79927623,1.0000,false
V4T003708,348.341793,-15.257130,BGS,1.22151946,0.4500,false
V4T003709,337.791645,-32.200124,QSO,0.20885534,1.7000,false
V4T003710,19.117845,-50.844006,ELG,1.06244564,1.0000,false
V4T003711,339.380187,-33.271361,QSO,0.30681899,1.7000,false
V4T003712,347.444327,-27.003413,BGS,2.53386706,0.4500,false
V4T003713,54.103795,-44.822511,QSO,0.17320872,1.7000,false
V4T003714,24.090875,-47.454536,LRG,0.26247515,1.0000,false
V4T003715,356.351473,-25.164110,LRG,0.32262846,1.0000,false
V4T003716,49.807835,-38.930788,ELG,0.35811142,1.0000,false
V4T003717,29.359241,-47.071142,LRG,0.22059736,1.0000,false
V4T003718,346.617186,-22.918290,ELG,1.07304656,1.0000,false
V4T003719,25.026989,-52.150525,LRG,0.34121897,1.0000,false
V4T003720,345.267095,-38.494815,ELG,1.00809494,1.0000,false
V4T003721,35.427795,-40.810209,LRG,0.34927438,1.0000,false
V4T003722,21.537082,-59.515435,BGS,1.89603047,0.4500,false
V4T003723,28.244607,-53.631572,ELG,0.74478192,1.0000,false
V4T003724,354.627979,-31.323312,ELG,0.47272429,1.0000,true
V4T003725,27.634645,-49.091728,ELG,0.75494047,1.0000,false
V4T003726,342.225219,-32.135666,ELG,0.45324425,1.0000,false
V4T003727,340.789693,-28.219696,Star,3.48053424,0.3000,false
V4T003728,18.113902,-55.844828,BGS,1.44327504,0.4500,false
V4T003729,53.107587,-39.254350,ELG,0.83615606,1.0000,false
V4T003730,44.407824,-43.308658,ELG,0.44994658,1.0000,false
V4T003731,55.351457,-54.629166,LRG,0.49207427,1.0000,false
V4T003732,43.378148,-46.243877,ELG,0.74909032,1.0000,true
V4T003733,29.069920,-35.151657,ELG,0.30148611,1.0000,false
V4T003734,28.791152,-38.225776,ELG,0.56214716,1.0000,false
V4T003735,28.722977,-33.763875,LRG,0.40126460,1.0000,false
V4T003736,32.961086,-39.061145,BGS,1.36802118,0.4500,false
V4T003737,355.447003,-18.279895,Star,4.17575167,0.3000,false
V4T003738,25.544750,-51.809220,ELG,0.47411812,1.0000,false
V4T003739,36.128292,-31.903053,LRG,0.34096171,1.0000,false
V4T003740,345.022611,-26.774747,ELG,0.19923852,1.0000,true
V4T003741,337.421995,-20.858056,BGS,1.14699936,0.4500,false
V4T003742,353.219058,-36.918666,QSO,0.64201912,1.7000,false
V4T003743,21.824013,-54.671221,LRG,0.32038303,1.0000,false
V4T003744,29.875621,-33.589126,BGS,2.58338340,0.4500,false
V4T003745,338.530721,-31.875685,QSO,0.26683679,1.7000,false
V4T003746,343.444590,-34.837354,Star,2.37524809,0.3000,false
V4T003747,25.638852,-47.167280,QSO,0.10965086,1.7000,false
V4T003748,36.050621,-40.642368,ELG,0.59511535,1.0000,false
V4T003749,42.858120,-49.569336,QSO,0.28651474,1.7000,false
V4T003750,345.392455,-28.786146,LRG,0.33745313,1.0000,false
V4T003751,359.706080,-19.024981,LRG,0.28817889,1.0000,false
V4T003752,22.804911,-43.542373,QSO,0.17234430,1.7000,false
V4T003753,350.729996,-24.821887,ELG,0.51601667,1.0000,false
V4T003754,354.178970,-16.438510,BGS,1.55359903,0.4500,false
V4T003755,38.054105,-39.281148,ELG,0.69379668,1.0000,false
V4T003756,30.256308,-53.263526,QSO,0.19601796,1.7000,false
V4T003757,340.827087,-23.130498,ELG,0.54426720,1.0000,false
V4T003758,48.935272,-41.667407,BGS,1.20007704,0.4500,false
V4T003759,37.517667,-31.668748,QSO,0.18527171,1.7000,false
V4T003760,18.176862,-44.121152,QSO,0.08151991,1.7000,false
V4T003761,352.466309,-34.426300,Star,5.25899841,0.3000,false
V4T003762,15.394589,-54.091097,BGS,1.36441199,0.4500,false
V4T003763,27.501317,-36.854438,ELG,0.35952053,1.0000,false
V4T003764,342.465178,-18.443971,LRG,0.24035382,1.0000,false
V4T003765,36.109965,-40.674692,BGS,1.83026726,0.4500,false
V4T003766,353.007034,-28.301595,BGS,1.41476871,0.4500,false
V4T003767,29.881248,-53.649438,LRG,0.18121949,1.0000,false
V4T003768,0.252308,-23.467951,ELG,0.79778947,1.0000,false
V4T003769,337.467346,-31.739468,LRG,0.34137395,1.0000,false
V4T003770,25.398004,-40.104316,ELG,0.64642123,1.0000,false
V4T003771,343.659709,-26.429686,LRG,0.43169605,1.0000,false
V4T003772,34.919440,-59.151963,BGS,1.20144239,0.4500,false
V4T003773,25.684270,-52.969406,BGS,1.47544818,0.4500,false
V4T003774,49.539467,-42.030497,BGS,0.90270511,0.4500,false
V4T003775,54.554857,-38.515683,ELG,0.61307217,1.0000,false
V4T003776,359.757867,-33.402307,BGS,0.92467722,0.4500,false
V4T003777,3.657305,-30.462948,LRG,0.50007644,1.0000,false
V4T003778,351.602633,-31.012394,ELG,0.57181359,1.0000,false
V4T003779,338.708078,-26.230828,ELG,0.26462908,1.0000,true
V4T003780,20.895194,-38.625792,Star,2.72065534,0.3000,false
V4T003781,30.647806,-54.361795,ELG,0.24334632,1.0000,false
V4T003782,50.719871,-35.072596,Star,5.30723594,0.3000,false
V4T003783,337.784729,-29.190079,Star,4.87518158,0.3000,false
V4T003784,359.316787,-28.862084,BGS,1.40082968,0.4500,false
V4T003785,23.477514,-45.737805,LRG,0.37402526,1.0000,false
V4T003786,355.503627,-31.229414,Star,3.70525943,0.3000,false
V4T003787,46.226990,-34.205441,LRG,0.25955103,1.0000,false
V4T003788,356.890017,-28.063980,QSO,0.34464479,1.7000,false
V4T003789,57.420830,-53.584021,BGS,1.38890983,0.4500,false
V4T003790,357.596582,-33.782277,ELG,0.84376518,1.0000,false
V4T003791,39.808796,-60.441551,ELG,0.41928183,1.0000,false
V4T003792,340.790057,-34.352772,QSO,0.40125434,1.7000,false
V4T003793,357.517853,-29.240452,ELG,0.54866872,1.0000,false
V4T003794,355.390613,-36.854479,LRG,0.40665093,1.0000,false
V4T003795,47.194870,-38.515404,BGS,1.50327847,0.4500,false
V4T003796,25.814147,-45.551772,QSO,0.12393648,1.7000,false
V4T003797,356.186478,-24.358702,Star,3.98761991,0.3000,false
V4T003798,2.149255,-26.227234,ELG,0.49377549,1.0000,false
V4T003799,341.416811,-37.238053,BGS,1.57477306,0.4500,false
V4T003800,55.486774,-54.539007,BGS,0.71279727,0.4500,false
V4T003801,357.798603,-33.309771,Star,2.65513630,0.3000,false
V4T003802,359.728735,-18.983701,ELG,1.03936805,1.0000,false
V4T003803,350.768751,-39.165180,ELG,0.35206379,1.0000,false
V4T003804,27.396491,-42.587619,ELG,1.03341707,1.0000,true
V4T003805,343.769372,-26.660857,QSO,0.19764697,1.7000,false
V4T003806,336.271141,-22.830006,BGS,1.11882791,0.4500,false
V4T003807,23.948749,-53.458232,ELG,0.32722497,1.0000,false
V4T003808,353.627247,-26.418841,BGS,1.36854380,0.4500,false
V4T003809,58.908836,-46.539752,ELG,0.38408870,1.0000,false
V4T003810,344.381691,-22.149656,ELG,0.72447516,1.0000,false
V4T003811,55.780528,-53.725994,LRG,0.27022080,1.0000,false
V4T003812,15.948291,-44.505338,Star,3.45196449,0.3000,false
V4T003813,57.869404,-47.451261,ELG,1.11009054,1.0000,false
V4T003814,353.172247,-28.895243,ELG,0.64587619,1.0000,false
V4T003815,350.046113,-37.564712,LRG,0.35390447,1.0000,false
V4T003816,53.795750,-40.606822,ELG,0.42712201,1.0000,false
V4T003817,55.721544,-41.318162,ELG,0.71072413,1.0000,false
V4T003818,346.472364,-31.587286,ELG,0.85466276,1.0000,false
V4T003819,352.317985,-29.402464,LRG,0.64585003,1.0000,false
V4T003820,49.505843,-38.645543,BGS,1.09546611,0.4500,false
V4T003821,351.586611,-28.469714,LRG,0.39520227,1.0000,false
V4T003822,45.007160,-49.034104,LRG,0.30458959,1.0000,false
V4T003823,340.649153,-33.909038,BGS,1.57145140,0.4500,false
V4T003824,48.450862,-43.421541,ELG,1.45487034,1.0000,false
V4T003825,45.868791,-59.660579,ELG,0.45344626,1.0000,false
V4T003826,36.074959,-39.915703,LRG,0.42450466,1.0000,false
V4T003827,20.508755,-49.669916,Star,3.44289064,0.3000,false
V4T003828,354.375454,-22.349938,LRG,0.36073116,1.0000,false
V4T003829,51.250589,-45.591406,ELG,0.44241738,1.0000,false
V4T003830,38.635883,-57.049921,BGS,0.94956228,0.4500,false
V4T003831,36.823203,-40.842317,Star,3.80514326,0.3000,true
V4T003832,25.886950,-56.475684,ELG,0.43262561,1.0000,false
V4T003833,36.606288,-40.606457,BGS,1.72929645,0.4500,false
V4T003834,27.308876,-45.582223,ELG,0.46535620,1.0000,false
V4T003835,345.120255,-27.000172,BGS,1.20862084,0.4500,false
V4T003836,346.303694,-17.433340,BGS,1.40119275,0.4500,false
V4T003837,45.201904,-35.844412,BGS,0.78571793,0.4500,false
V4T003838,39.781363,-42.015658,BGS,1.31501285,0.4500,false
V4T003839,336.789380,-31.478409,BGS,0.90572202,0.4500,false
V4T003840,343.837758,-26.553598,QSO,0.17716094,1.7000,false
V4T003841,357.405838,-27.325726,LRG,0.31705928,1.0000,false
V4T003842,353.976514,-20.442883,Star,4.05965740,0.3000,false
V4T003843,338.603598,-26.144911,ELG,0.31834033,1.0000,false
V4T003844,52.101282,-41.028865,Star,3.82371314,0.3000,false
V4T003845,37.028909,-38.041790,BGS,1.06785506,0.4500,false
V4T003846,43.248554,-59.476250,Star,3.21821967,0.3000,false
V4T003847,26.395803,-51.796461,ELG,0.87998474,1.0000,false
V4T003848,344.384043,-30.309288,QSO,0.24073004,1.7000,false
V4T003849,38.321882,-55.706488,BGS,1.17584640,0.4500,false
V4T003850,40.347354,-35.095590,ELG,0.53817436,1.0000,true
V4T003851,55.980127,-54.462673,QSO,0.15586833,1.7000,false
V4T003852,49.616958,-41.566902,BGS,1.58524383,0.4500,false
V4T003853,34.990194,-42.321124,ELG,0.58491037,1.0000,false
V4T003854,35.255204,-40.477406,ELG,0.55847771,1.0000,false
V4T003855,22.864427,-54.404009,LRG,0.30679752,1.0000,false
V4T003856,342.040566,-33.738219,ELG,0.42534891,1.0000,false
V4T003857,14.666711,-50.346017,BGS,1.44235726,0.4500,false
V4T003858,29.190273,-54.045768,BGS,1.04767999,0.4500,false
V4T003859,39.112172,-46.310799,BGS,1.82199372,0.4500,false
V4T003860,37.529780,-62.464039,BGS,0.68902487,0.4500,false
V4T003861,50.862733,-42.579779,LRG,0.40262901,1.0000,false
V4T003862,355.081350,-18.252046,ELG,0.51554077,1.0000,false
V4T003863,0.548594,-32.776212,LRG,0.47463543,1.0000,false
V4T003864,35.275443,-48.649280,LRG,0.39828767,1.0000,false
V4T003865,341.241512,-28.491006,ELG,0.36933117,1.0000,false
V4T003866,46.498229,-50.311375,LRG,0.72558171,1.0000,false
V4T003867,358.970279,-21.376428,ELG,0.34175121,1.0000,false
V4T003868,47.183456,-40.971104,QSO,0.12451300,1.7000,true
V4T003869,42.021260,-49.860593,ELG,0.54728579,1.0000,false
V4T003870,49.972922,-41.466962,BGS,2.15333689,0.4500,false
V4T003871,0.144526,-19.728970,BGS,1.37995749,0.4500,false
V4T003872,349.410704,-33.046339,LRG,0.21059177,1.0000,false
V4T003873,39.250410,-60.555728,ELG,0.49553093,1.0000,false
V4T003874,338.766384,-30.304201,LRG,0.41934154,1.0000,false
V4T003875,16.978478,-48.952496,LRG,0.36277575,1.0000,false
V4T003876,49.797708,-47.522980,ELG,0.42850403,1.0000,false
V4T003877,54.701375,-55.348427,QSO,0.11826576,1.7000,false
V4T003878,345.861488,-26.174023,LRG,0.30387207,1.0000,false
V4T003879,351.732260,-28.754244,ELG,0.46159413,1.0000,false
V4T003880,18.978854,-56.550825,Star,3.34299750,0.3000,false
V4T003881,50.152817,-41.763025,ELG,0.74582663,1.0000,false
V4T003882,54.091610,-53.184386,ELG,0.71332597,1.0000,false
V4T003883,35.961472,-54.290657,QSO,0.15255649,1.7000,false
V4T003884,350.697769,-32.303521,BGS,1.10023489,0.4500,false
V4T003885,355.256510,-26.905480,ELG,0.35735720,1.0000,false
V4T003886,343.673500,-24.614479,ELG,0.34719342,1.0000,false
V4T003887,34.998870,-40.259444,LRG,0.34160658,1.0000,false
V4T003888,30.026838,-53.261552,QSO,0.10835513,1.7000,false
V4T003889,22.500936,-50.052602,QSO,0.13444927,1.7000,false
V4T003890,18.516961,-46.871363,ELG,1.10875869,1.0000,false
V4T003891,343.710719,-26.792714,BGS,1.36902718,0.4500,false
V4T003892,36.124219,-35.941397,BGS,1.03318934,0.4500,true
V4T003893,353.454441,-28.784764,LRG,0.29426223,1.0000,false
V4T003894,344.243244,-27.132430,BGS,0.82844203,0.4500,false
V4T003895,352.932735,-30.411301,BGS,1.55535733,0.4500,false
V4T003896,359.284920,-34.576735,ELG,1.13938900,1.0000,false
V4T003897,35.243355,-57.351486,ELG,0.19691815,1.0000,false
V4T003898,346.099087,-17.220498,BGS,1.39395855,0.4500,false
V4T003899,3.405512,-26.877836,ELG,0.60401602,1.0000,false
V4T003900,42.234972,-38.995797,QSO,0.23723487,1.7000,false
V4T003901,348.888661,-17.646170,ELG,0.75656299,1.0000,false
V4T003902,29.892251,-53.993861,Star,4.47471452,0.3000,false
V4T003903,34.669860,-48.269577,BGS,0.85400901,0.4500,false
V4T003904,351.775500,-15.663558,LRG,0.44725678,1.0000,false
V4T003905,27.357270,-51.856987,ELG,0.43751887,1.0000,false
V4T003906,36.195099,-40.466331,ELG,0.70049710,1.0000,false
V4T003907,44.389965,-57.520422,BGS,1.62828424,0.4500,false
V4T003908,48.111188,-53.758791,ELG,0.75446700,1.0000,false
V4T003909,355.762118,-21.617587,BGS,0.93254622,0.4500,false
V4T003910,45.399857,-48.728696,QSO,0.34211333,1.7000,false
V4T003911,358.368758,-25.269670,Star,4.56780824,0.3000,false
V4T003912,358.949804,-21.980531,ELG,0.35732300,1.0000,false
V4T003913,38.872022,-32.872153,QSO,0.09012714,1.7000,false
V4T003914,344.843061,-28.793028,LRG,0.38543142,1.0000,true
V4T003915,351.224539,-33.242739,ELG,0.35279096,1.0000,false
V4T003916,352.751182,-29.420181,LRG,0.50854595,1.0000,true
V4T003917,352.076471,-28.364891,ELG,0.27876427,1.0000,false
V4T003918,28.124415,-44.992085,BGS,2.05574500,0.4500,false
V4T003919,337.564793,-31.631207,LRG,0.34160431,1.0000,false
V4T003920,35.976621,-41.550947,BGS,1.36357394,0.4500,true
V4T003921,351.922571,-28.907411,BGS,1.37155366,0.4500,false
V4T003922,346.426501,-18.318040,QSO,0.32588447,1.7000,false
V4T003923,0.872380,-33.954932,ELG,0.71183897,1.0000,false
V4T003924,345.159459,-27.598591,ELG,0.64440717,1.0000,false
V4T003925,35.100440,-50.163535,Star,4.77401765,0.3000,false
V4T003926,41.484866,-38.940966,Star,2.91202049,0.3000,false
V4T003927,359.945588,-30.818781,ELG,0.34180010,1.0000,false
V4T003928,0.297440,-19.723212,ELG,0.66905785,1.0000,false
V4T003929,40.357854,-57.173627,QSO,0.31604657,1.7000,false
V4T003930,29.627700,-54.030691,ELG,0.46392603,1.0000,false
V4T003931,351.390210,-16.803028,LRG,0.28275148,1.0000,false
V4T003932,53.925851,-53.788257,ELG,0.72793307,1.0000,false
V4T003933,340.515617,-32.564297,QSO,0.10102331,1.7000,false
V4T003934,352.878583,-28.239861,BGS,1.12221619,0.4500,false
V4T003935,336.127046,-25.739317,ELG,1.01538370,1.0000,false
V4T003936,25.459170,-51.076088,BGS,0.88773595,0.4500,false
V4T003937,22.821674,-46.243525,QSO,0.07827711,1.7000,false
V4T003938,340.838139,-35.100566,LRG,0.28906237,1.0000,false
V4T003939,1.891075,-32.328681,ELG,0.40325109,1.0000,false
V4T003940,21.479327,-38.323534,ELG,1.20252162,1.0000,false
V4T003941,30.134235,-54.586648,ELG,0.65262964,1.0000,false
V4T003942,338.334082,-32.084507,LRG,0.25645720,1.0000,false
V4T003943,16.618669,-45.429061,Star,4.48312921,0.3000,false
V4T003944,351.688256,-27.823216,LRG,0.36191001,1.0000,false
V4T003945,346.582954,-16.080131,ELG,0.72209181,1.0000,false
V4T003946,54.558265,-54.426674,LRG,0.50165182,1.0000,false
V4T003947,350.898842,-23.769949,QSO,0.20710071,1.7000,false
V4T003948,16.704683,-56.407150,ELG,0.98472054,1.0000,false
V4T003949,35.014395,-52.925374,QSO,0.30717054,1.7000,false
V4T003950,37.577169,-31.788240,QSO,0.10867257,1.7000,false
V4T003951,25.902729,-51.448409,BGS,1.37494795,0.4500,false
V4T003952,359.367267,-31.218820,QSO,0.18166444,1.7000,false
V4T003953,55.710193,-54.392930,QSO,0.17786531,1.7000,false
V4T003954,351.427619,-28.548235,ELG,0.29722650,1.0000,false
V4T003955,0.502628,-19.660151,BGS,1.56573379,0.4500,false
V4T003956,29.248242,-50.116087,QSO,0.15160228,1.7000,false
V4T003957,2.893468,-29.266221,QSO,0.22472558,1.7000,false
V4T003958,352.525742,-38.225426,Star,5.13918264,0.3000,false
V4T003959,57.472848,-47.077845,BGS,0.95660323,0.4500,false
V4T003960,39.739854,-33.656600,LRG,0.61911604,1.0000,false
V4T003961,35.581257,-37.215536,LRG,0.40585825,1.0000,false
V4T003962,342.767764,-27.258253,LRG,0.47080822,1.0000,false
V4T003963,56.513453,-45.698555,BGS,1.73795266,0.4500,false
V4T003964,29.363496,-37.496234,ELG,0.47952891,1.0000,false
V4T003965,43.360291,-59.569085,ELG,0.75743848,1.0000,false
V4T003966,29.499395,-54.612888,BGS,1.12775405,0.4500,false
V4T003967,3.141321,-26.485453,LRG,0.44718716,1.0000,false
V4T003968,44.301308,-32.282498,BGS,1.56035404,0.4500,false
V4T003969,352.835991,-21.174712,LRG,0.36063953,1.0000,false
V4T003970,352.950634,-28.341376,BGS,0.86767803,0.4500,false
V4T003971,39.942662,-31.256388,QSO,0.21291773,1.7000,false
V4T003972,53.504978,-50.457324,BGS,1.51884624,0.4500,false
V4T003973,44.516580,-36.845586,ELG,0.25771013,1.0000,false
V4T003974,338.561533,-32.015026,BGS,1.65007299,0.4500,false
V4T003975,352.242028,-25.564600,LRG,0.34599757,1.0000,false
V4T003976,356.706861,-30.098324,LRG,0.28028386,1.0000,false
V4T003977,24.216884,-45.400961,ELG,0.61883669,1.0000,false
V4T003978,38.456667,-43.747934,BGS,1.64941302,0.4500,false
V4T003979,342.454975,-21.315462,ELG,0.39571010,1.0000,false
V4T003980,40.860011,-44.746571,QSO,0.10496956,1.7000,false
V4T003981,341.784211,-19.669089,BGS,1.56417691,0.4500,false
V4T003982,55.158471,-54.632906,ELG,0.74931034,1.0000,false
V4T003983,27.096580,-35.587115,BGS,1.22790103,0.4500,false
V4T003984,36.585540,-41.647195,BGS,1.38164319,0.4500,false
V4T003985,14.489402,-50.724665,LRG,0.38012868,1.0000,false
V4T003986,337.203333,-31.528603,LRG,0.71525505,1.0000,false
V4T003987,0.255555,-19.706952,QSO,0.29333628,1.7000,false
V4T003988,352.211960,-23.766469,BGS,1.87990553,0.4500,false
V4T003989,37.615341,-32.439523,BGS,0.80483653,0.4500,false
V4T003990,338.295661,-31.353179,QSO,0.16455536,1.7000,false
V4T003991,355.219237,-20.116225,BGS,1.08619990,0.4500,false
V4T003992,346.445123,-17.794579,QSO,0.12170473,1.7000,false
V4T003993,350.022359,-39.510796,ELG,1.07077728,1.0000,false
V4T003994,341.363291,-33.393234,BGS,1.09843542,0.4500,true
V4T003995,25.515911,-51.104559,ELG,0.58353889,1.0000,false
V4T003996,343.272668,-36.038091,LRG,0.59756839,1.0000,false
V4T003997,337.472213,-32.132573,BGS,0.57765238,0.4500,false
V4T003998,346.959033,-29.359876,BGS,1.12903674,0.4500,false
V4T003999,49.649497,-40.939418,QSO,0.30254914,1.7000,false
V4T004000,34.397551,-48.042701,ELG,0.44106732,1.0000,false
V4T004001,24.156632,-51.287586,QSO,0.19228055,1.7000,false
V4T004002,358.907842,-22.383373,Star,4.05017065,0.3000,false
V4T004003,35.740061,-40.516743,BGS,1.21988378,0.4500,true
V4T004004,347.652030,-15.877029,Star,4.28405605,0.3000,false
V4T004005,42.099698,-38.806752,Star,3.91524241,0.3000,false
V4T004006,37.288919,-31.764634,LRG,0.65571941,1.0000,false
V4T004007,350.597230,-26.860325,QSO,0.16708135,1.7000,false
V4T004008,52.212731,-46.989537,ELG,2.03301471,1.0000,false
V4T004009,351.103513,-19.656554,QSO,0.15012244,1.7000,false
V4T004010,51.905495,-38.846416,ELG,0.73746167,1.0000,false
V4T004011,18.284172,-51.155658,BGS,1.62335018,0.4500,false
V4T004012,345.062440,-28.749472,Star,4.69177671,0.3000,false
V4T004013,54.990048,-41.896127,BGS,1.65433965,0.4500,false
V4T004014,358.522448,-27.417379,Star,4.30201634,0.3000,false
V4T004015,352.964706,-21.001514,ELG,0.40480389,1.0000,false
V4T004016,349.786228,-16.987891,ELG,0.51209866,1.0000,false
V4T004017,345.513284,-28.113578,ELG,0.56529296,1.0000,false
V4T004018,0.454452,-19.070814,ELG,1.05897750,1.0000,false
V4T004019,51.045608,-41.694696,ELG,1.11611550,1.0000,false
V4T004020,352.428271,-25.307892,BGS,1.29840603,0.4500,false
V4T004021,48.892981,-54.964694,QSO,0.20986250,1.7000,false
V4T004022,35.394211,-40.467730,Star,3.26527000,0.3000,false
V4T004023,39.269221,-31.327934,ELG,0.28618258,1.0000,false
V4T004024,20.197824,-55.702971,QSO,0.19305579,1.7000,false
V4T004025,29.775428,-50.916580,BGS,1.35515011,0.4500,false
V4T004026,0.396423,-28.829123,LRG,0.12519162,1.0000,false
V4T004027,1.488364,-29.051027,BGS,1.15773196,0.4500,false
V4T004028,341.274870,-32.928966,LRG,0.51428467,1.0000,false
V4T004029,19.160847,-52.314970,LRG,0.34866589,1.0000,false
V4T004030,27.452158,-47.643942,ELG,0.93591760,1.0000,false
V4T004031,54.275334,-37.705508,BGS,0.86996833,0.4500,false
V4T004032,28.118071,-45.809291,QSO,0.18766468,1.7000,false
V4T004033,1.257273,-26.710743,QSO,0.28408684,1.7000,false
V4T004034,351.603199,-28.676701,QSO,0.07472290,1.7000,false
V4T004035,345.665070,-27.208395,ELG,1.23400953,1.0000,false
V4T004036,30.844163,-53.271994,BGS,0.87745449,0.4500,false
V4T004037,348.740807,-23.588921,ELG,1.24169102,1.0000,false
V4T004038,55.378362,-51.019425,BGS,1.15137670,0.4500,false
V4T004039,347.706047,-39.720207,LRG,0.32267493,1.0000,false
V4T004040,36.997186,-39.167106,ELG,0.47053334,1.0000,false
V4T004041,348.911554,-32.347229,BGS,1.32773709,0.4500,false
V4T004042,25.440906,-51.135309,Star,4.47988410,0.3000,false
V4T004043,19.539584,-41.356067,QSO,0.12947850,1.7000,false
V4T004044,36.606393,-32.099590,ELG,0.49602076,1.0000,false
V4T004045,43.430011,-38.805625,BGS,1.19668432,0.4500,false
V4T004046,343.398811,-26.841572,QSO,0.20330291,1.7000,false
V4T004047,348.749830,-22.081846,BGS,1.53336370,0.4500,true
V4T004048,50.176794,-42.292701,LRG,0.47427762,1.0000,false
V4T004049,25.554970,-52.343664,LRG,0.33851052,1.0000,false
V4T004050,340.869576,-25.033657,QSO,0.11563757,1.7000,false
V4T004051,26.503704,-51.925449,ELG,0.56043805,1.0000,false
V4T004052,345.631228,-28.800259,LRG,0.34897562,1.0000,false
V4T004053,339.912714,-24.594460,BGS,1.13176911,0.4500,false
V4T004054,40.440312,-40.227253,Star,3.43968814,0.3000,false
V4T004055,357.475105,-25.733937,QSO,0.20563612,1.7000,false
V4T004056,345.474202,-22.820519,QSO,0.13550893,1.7000,false
V4T004057,346.065943,-28.301360,ELG,0.61536479,1.0000,false
V4T004058,347.343746,-17.360887,ELG,0.55779035,1.0000,false
V4T004059,42.188544,-47.560682,ELG,0.48625353,1.0000,false
V4T004060,44.807630,-58.234259,LRG,0.38037986,1.0000,false
V4T004061,344.859620,-36.496804,ELG,0.51635628,1.0000,false
V4T004062,52.005777,-36.208527,ELG,0.76842682,1.0000,false
V4T004063,346.241798,-17.474851,ELG,0.68085313,1.0000,false
V4T004064,0.058724,-19.694089,ELG,0.39275703,1.0000,false
V4T004065,352.295167,-28.519551,QSO,0.29081057,1.7000,false
V4T004066,29.415779,-35.646669,Star,3.75037120,0.3000,false
V4T004067,43.065676,-37.365686,LRG,0.57434562,1.0000,false
V4T004068,346.095517,-15.953715,LRG,0.60437452,1.0000,false
V4T004069,40.665747,-44.241410,ELG,0.52319897,1.0000,false
V4T004070,347.916074,-23.142446,ELG,0.49156450,1.0000,false
V4T004071,344.963810,-16.191337,LRG,0.30407193,1.0000,false
V4T004072,57.633046,-42.256633,ELG,0.36363107,1.0000,false
V4T004073,43.567274,-39.163997,BGS,1.04997288,0.4500,false
V4T004074,342.646240,-25.999456,LRG,0.29198565,1.0000,false
V4T004075,31.789282,-51.322410,LRG,0.24392940,1.0000,false
V4T004076,55.580752,-54.114435,Star,3.16294243,0.3000,false
V4T004077,26.069473,-51.451457,ELG,0.98164220,1.0000,false
V4T004078,23.104960,-51.668839,BGS,1.35031145,0.4500,false
V4T004079,38.295080,-44.305334,BGS,1.27079978,0.4500,false
V4T004080,345.745589,-28.875117,ELG,0.62231958,1.0000,false
V4T004081,24.725409,-51.367517,ELG,0.77118777,1.0000,false
V4T004082,338.837641,-27.304955,LRG,0.32400572,1.0000,false
V4T004083,345.867184,-24.457246,BGS,1.83693146,0.4500,false
V4T004084,28.682771,-34.734825,QSO,0.65261541,1.7000,false
V4T004085,349.851204,-38.484961,QSO,0.31043901,1.7000,false
V4T004086,27.761526,-35.625243,BGS,1.42675660,0.4500,false
V4T004087,35.127353,-42.861580,BGS,1.30823842,0.4500,false
V4T004088,353.806307,-27.027879,BGS,0.86506744,0.4500,false
V4T004089,355.991028,-31.537267,BGS,1.34922583,0.4500,false
V4T004090,338.076780,-31.664437,BGS,1.04475587,0.4500,false
V4T004091,56.245799,-54.670686,LRG,0.26525573,1.0000,false
V4T004092,357.214240,-37.001342,BGS,1.59958159,0.4500,false
V4T004093,345.874246,-27.809662,Star,3.32126808,0.3000,false
V4T004094,50.953027,-48.198779,ELG,0.89958358,1.0000,false
V4T004095,32.408564,-39.685071,ELG,0.28640997,1.0000,true
V4T004096,337.493832,-30.281978,QSO,0.19350062,1.7000,false
V4T004097,44.052547,-43.822710,LRG,0.37554499,1.0000,false
V4T004098,343.757778,-35.193950,BGS,1.26335662,0.4500,false
V4T004099,341.457266,-33.478901,LRG,0.21455956,1.0000,false
V4T004100,24.755279,-50.943149,QSO,0.42105920,1.7000,false
V4T004101,44.143618,-42.990762,BGS,1.15931247,0.4500,false
V4T004102,2.051191,-25.582836,BGS,0.82070730,0.4500,false
V4T004103,34.868184,-33.971584,QSO,0.21250212,1.7000,false
V4T004104,25.738109,-36.375625,QSO,0.06181056,1.7000,false
V4T004105,30.478429,-36.428718,BGS,0.63968699,0.4500,false
V4T004106,27.297750,-55.997276,ELG,0.27360689,1.0000,false
V4T004107,50.311690,-37.406318,LRG,0.25232532,1.0000,false
V4T004108,25.695850,-40.738689,BGS,1.19754683,0.4500,true
V4T004109,28.814006,-37.340536,BGS,1.15638207,0.4500,false
V4T004110,56.388842,-54.764445,QSO,0.10302454,1.7000,false
V4T004111,344.015029,-26.647753,LRG,0.31787827,1.0000,false
V4T004112,27.782783,-50.860965,ELG,0.27411602,1.0000,false
V4T004113,26.173669,-44.438849,Star,4.35846347,0.3000,false
V4T004114,359.554321,-32.778025,LRG,0.28986563,1.0000,false
V4T004115,356.511433,-23.699228,LRG,0.47328330,1.0000,true
V4T004116,35.194072,-55.471992,BGS,0.90133866,0.4500,false
V4T004117,51.348105,-42.000386,BGS,0.92575568,0.4500,false
V4T004118,40.303241,-31.286812,LRG,0.26026947,1.0000,false
V4T004119,28.083563,-41.970824,ELG,0.45806983,1.0000,false
V4T004120,50.545947,-40.966831,Star,2.87824482,0.3000,false
V4T004121,31.900981,-58.396835,Star,3.43202575,0.3000,false
V4T004122,346.098990,-27.809639,ELG,1.03445148,1.0000,true
V4T004123,26.082593,-45.302614,BGS,2.14625903,0.4500,false
V4T004124,346.309415,-25.005176,ELG,0.62498117,1.0000,false
V4T004125,35.738212,-36.194409,ELG,0.44786016,1.0000,false
V4T004126,26.233450,-52.536148,LRG,0.24657140,1.0000,false
V4T004127,346.959695,-18.005093,LRG,0.49077220,1.0000,false
V4T004128,356.421072,-20.274951,LRG,0.18139608,1.0000,false
V4T004129,357.847059,-18.042937,Star,5.24545432,0.3000,false
V4T004130,42.372935,-38.159747,ELG,0.48124550,1.0000,false
V4T004131,339.679666,-18.237226,Star,3.53970735,0.3000,false
V4T004132,339.522149,-20.048950,BGS,0.74107059,0.4500,false
V4T004133,50.813249,-50.502564,BGS,1.22257491,0.4500,false
V4T004134,28.711109,-37.772918,LRG,0.37830542,1.0000,false
V4T004135,40.933722,-36.941078,ELG,0.94454781,1.0000,false
V4T004136,346.982671,-35.499569,ELG,0.44955846,1.0000,false
V4T004137,49.626359,-41.503720,BGS,0.74773205,0.4500,false
V4T004138,347.019183,-29.646938,ELG,0.39707006,1.0000,false
V4T004139,27.589513,-35.296740,ELG,0.57728027,1.0000,false
V4T004140,19.115140,-41.655158,ELG,0.32695864,1.0000,false
V4T004141,347.181775,-18.294680,ELG,1.05363703,1.0000,false
V4T004142,27.204843,-48.876811,LRG,0.29660498,1.0000,false
V4T004143,339.306680,-31.808913,ELG,0.42472913,1.0000,false
V4T004144,30.370041,-48.565533,ELG,0.39724648,1.0000,false
V4T004145,353.321194,-21.165243,BGS,1.77425647,0.4500,false
V4T004146,343.144231,-26.587897,ELG,0.39624108,1.0000,false
V4T004147,352.233674,-24.914420,BGS,1.56682736,0.4500,false
V4T004148,46.095974,-53.237249,LRG,0.89748095,1.0000,false
V4T004149,358.839366,-28.645404,ELG,0.49651802,1.0000,false
V4T004150,50.900055,-41.668176,QSO,0.15604112,1.7000,false
V4T004151,25.313678,-52.227918,LRG,0.46097526,1.0000,true
V4T004152,20.495378,-41.855966,LRG,0.33617974,1.0000,false
V4T004153,25.707607,-39.229651,LRG,0.20095441,1.0000,false
V4T004154,29.763628,-60.104429,ELG,0.91779425,1.0000,false
V4T004155,345.401022,-34.437273,ELG,0.53700719,1.0000,false
V4T004156,350.227719,-18.343702,ELG,0.42542559,1.0000,false
V4T004157,348.963310,-36.763867,LRG,0.77429140,1.0000,true
V4T004158,341.099441,-20.830419,BGS,0.77565915,0.4500,false
V4T004159,340.295469,-26.258458,ELG,0.94049763,1.0000,false
V4T004160,44.652655,-33.322122,BGS,1.77363809,0.4500,true
V4T004161,351.183074,-34.141856,Star,5.67092436,0.3000,false
V4T004162,352.923564,-36.754387,BGS,0.95726626,0.4500,false
V4T004163,342.768163,-28.296854,BGS,0.86936418,0.4500,false
V4T004164,30.965407,-54.527861,ELG,0.50818189,1.0000,false
V4T004165,353.001560,-27.754034,ELG,0.71879891,1.0000,false
V4T004166,55.827945,-55.183104,ELG,0.64087861,1.0000,false
V4T004167,26.503453,-36.851794,QSO,0.18460735,1.7000,false
V4T004168,35.623445,-34.980162,BGS,2.39335640,0.4500,false
V4T004169,346.620798,-35.867411,BGS,0.86401598,0.4500,false
V4T004170,49.906243,-51.560234,QSO,0.17441298,1.7000,false
V4T004171,345.470771,-28.098548,ELG,0.75791515,1.0000,false
V4T004172,30.845181,-39.693881,BGS,1.20563538,0.4500,false
V4T004173,31.318745,-53.867648,ELG,0.66721943,1.0000,false
V4T004174,40.116745,-43.278312,BGS,0.99803792,0.4500,false
V4T004175,351.014584,-39.323361,ELG,0.63468880,1.0000,false
V4T004176,16.080736,-50.988046,LRG,0.37235044,1.0000,false
V4T004177,2.740200,-21.407359,Star,2.89472807,0.3000,false
V4T004178,45.071839,-40.857307,LRG,0.22271385,1.0000,false
V4T004179,342.786154,-24.891297,LRG,0.20864589,1.0000,false
V4T004180,20.731120,-52.122375,Star,2.99799256,0.3000,false
V4T004181,345.125456,-17.311302,ELG,0.46303420,1.0000,false
V4T004182,53.611072,-54.906092,BGS,1.53627624,0.4500,false
V4T004183,48.594242,-57.294114,QSO,0.21156873,1.7000,false
V4T004184,337.136053,-28.610300,QSO,0.19775073,1.7000,false
V4T004185,27.989998,-45.707934,ELG,0.64526463,1.0000,false
V4T004186,34.902919,-54.053917,BGS,0.83154429,0.4500,false
V4T004187,39.824063,-33.674329,ELG,0.68846261,1.0000,false
V4T004188,341.841801,-26.202605,LRG,0.41274023,1.0000,false
V4T004189,57.300062,-47.910615,BGS,0.96715620,0.4500,false
V4T004190,0.234871,-26.635226,LRG,0.18535411,1.0000,false
V4T004191,21.010191,-50.690588,BGS,1.47567756,0.4500,false
V4T004192,340.070304,-31.603960,ELG,0.85625652,1.0000,false
V4T004193,17.587821,-44.584152,BGS,1.54359819,0.4500,false
V4T004194,341.383612,-31.471199,BGS,1.15646106,0.4500,false
V4T004195,358.542034,-35.373891,Star,4.58451222,0.3000,false
V4T004196,36.310890,-34.725302,BGS,0.87689587,0.4500,false
V4T004197,52.331125,-50.617593,ELG,0.63122967,1.0000,false
V4T004198,340.998147,-33.161323,ELG,0.71847030,1.0000,false
V4T004199,0.549594,-32.069061,BGS,1.26875792,0.4500,false
V4T004200,339.662866,-32.804384,BGS,0.87929977,0.4500,false
V4T004201,21.343560,-52.526555,LRG,0.26593538,1.0000,false
V4T004202,48.796281,-43.152678,ELG,0.36954048,1.0000,false
V4T004203,353.106272,-28.570808,LRG,0.32860847,1.0000,false
V4T004204,24.909109,-52.167622,ELG,0.39841351,1.0000,true
V4T004205,347.087210,-20.012299,ELG,0.55793751,1.0000,false
V4T004206,16.968297,-43.857572,BGS,0.99371322,0.4500,false
V4T004207,353.907948,-18.559636,QSO,0.26295275,1.7000,false
V4T004208,340.359115,-33.178740,LRG,0.26722309,1.0000,false
V4T004209,353.874143,-36.162225,QSO,0.11481859,1.7000,false
V4T004210,18.179483,-42.562962,ELG,0.58582444,1.0000,false
V4T004211,352.884888,-28.931197,LRG,0.52857994,1.0000,false
V4T004212,49.854877,-41.115514,ELG,0.54179061,1.0000,false
V4T004213,29.148996,-55.690657,ELG,0.28942894,1.0000,false
V4T004214,46.898850,-38.348253,BGS,0.98630278,0.4500,false
V4T004215,346.253123,-17.596116,ELG,0.77811764,1.0000,false
V4T004216,337.373347,-29.676248,LRG,0.41342934,1.0000,false
V4T004217,55.276175,-54.667760,BGS,1.17894695,0.4500,false
V4T004218,28.808332,-43.063986,ELG,0.42217462,1.0000,false
V4T004219,43.821261,-34.926264,ELG,0.48465062,1.0000,false
V4T004220,346.110738,-17.422181,BGS,1.44229301,0.4500,false
V4T004221,31.678987,-58.768663,BGS,0.57088626,0.4500,false
V4T004222,343.767506,-30.366842,BGS,1.81483862,0.4500,false
V4T004223,36.878102,-41.569094,ELG,0.72285422,1.0000,false
V4T004224,346.745485,-35.144238,ELG,0.21169367,1.0000,false
V4T004225,21.067672,-56.896504,ELG,0.77948801,1.0000,false
V4T004226,352.558933,-29.178478,LRG,0.50887990,1.0000,false
V4T004227,345.513416,-29.346805,QSO,0.07672326,1.7000,false
V4T004228,31.014335,-60.613728,ELG,0.81267894,1.0000,false
V4T004229,343.070985,-25.957780,LRG,0.33951734,1.0000,false
V4T004230,343.049206,-26.952565,ELG,0.44686901,1.0000,false
V4T004231,0.240831,-27.431133,ELG,0.31553212,1.0000,false
V4T004232,46.758151,-43.791583,BGS,1.48821188,0.4500,false
V4T004233,55.558280,-55.548560,QSO,0.05567048,1.7000,false
V4T004234,40.383025,-60.907971,BGS,1.46181609,0.4500,false
V4T004235,57.000608,-45.680818,ELG,0.59188706,1.0000,false
V4T004236,36.793893,-42.011916,LRG,0.38912305,1.0000,false
V4T004237,36.342137,-54.625249,QSO,0.23127188,1.7000,true
V4T004238,1.118205,-19.560372,QSO,0.12816684,1.7000,false
V4T004239,0.388950,-19.155656,ELG,0.38108171,1.0000,false
V4T004240,337.595803,-31.429626,QSO,0.08552826,1.7000,true
V4T004241,54.231806,-55.467156,QSO,0.09132815,1.7000,false
V4T004242,53.143030,-36.073363,QSO,0.25715455,1.7000,false
V4T004243,345.541393,-28.419134,LRG,0.25417819,1.0000,false
V4T004244,39.486888,-56.388984,QSO,0.15465565,1.7000,false
V4T004245,4.013575,-30.366771,BGS,1.60597427,0.4500,false
V4T004246,40.383963,-52.984288,ELG,0.39378561,1.0000,false
V4T004247,343.127120,-27.053769,BGS,1.61330539,0.4500,false
V4T004248,29.449378,-54.177572,ELG,0.53107579,1.0000,false
V4T004249,345.959174,-17.641421,ELG,0.60612383,1.0000,false
V4T004250,38.477604,-40.986448,BGS,0.66734439,0.4500,false
V4T004251,0.865936,-32.637443,LRG,0.39877462,1.0000,false
V4T004252,23.946101,-54.585398,BGS,0.62433613,0.4500,false
V4T004253,341.052632,-33.796539,QSO,0.16589143,1.7000,false
V4T004254,49.259728,-50.980215,BGS,1.06711820,0.4500,false
V4T004255,348.939062,-15.493628,BGS,1.85062700,0.4500,false
V4T004256,358.532459,-22.375512,QSO,0.26631959,1.7000,false
V4T004257,351.564926,-28.595479,ELG,0.55558881,1.0000,false
V4T004258,26.207604,-55.490070,BGS,0.58867866,0.4500,false
V4T004259,20.829939,-42.283816,QSO,0.34307340,1.7000,false
V4T004260,349.256963,-34.646236,ELG,0.74144557,1.0000,false
V4T004261,335.928899,-24.315127,Star,2.68452428,0.3000,false
V4T004262,45.904442,-37.906829,ELG,0.46662993,1.0000,false
V4T004263,345.971538,-17.092224,ELG,0.59307557,1.0000,false
V4T004264,339.021806,-26.738728,BGS,1.28289220,0.4500,false
V4T004265,41.288409,-55.530382,ELG,0.41984393,1.0000,true
V4T004266,354.128658,-30.047268,LRG,0.37902007,1.0000,false
V4T004267,38.830820,-61.357810,ELG,1.14093348,1.0000,false
V4T004268,34.310352,-32.012296,BGS,0.90383606,0.4500,false
V4T004269,343.113220,-28.728764,QSO,0.07013084,1.7000,false
V4T004270,32.147791,-51.482086,BGS,1.26352215,0.4500,false
V4T004271,45.088012,-44.302771,ELG,0.91230085,1.0000,true
V4T004272,348.234891,-30.086695,ELG,0.55237123,1.0000,false
V4T004273,46.599293,-50.486809,BGS,1.10826158,0.4500,false
V4T004274,359.912380,-30.884060,BGS,0.54828928,0.4500,false
V4T004275,354.662273,-31.108757,BGS,1.22782826,0.4500,false
V4T004276,1.678446,-21.416223,ELG,1.90270354,1.0000,false
V4T004277,34.288151,-52.024783,QSO,0.08604427,1.7000,false
V4T004278,39.848765,-47.652319,ELG,0.58696215,1.0000,false
V4T004279,36.660414,-40.714463,QSO,0.16790344,1.7000,true
V4T004280,347.839959,-19.341242,BGS,1.92290560,0.4500,false
V4T004281,345.798131,-17.512706,ELG,0.80004012,1.0000,false
V4T004282,338.980493,-32.017315,BGS,1.20887241,0.4500,false
V4T004283,343.472407,-27.294362,Star,6.08073176,0.3000,false
V4T004284,351.488107,-27.678268,ELG,0.46198008,1.0000,false
V4T004285,17.098916,-56.599335,ELG,0.69908299,1.0000,false
V4T004286,57.544221,-44.776092,BGS,1.17510008,0.4500,false
V4T004287,55.294973,-55.295444,QSO,0.65661099,1.7000,false
V4T004288,22.138097,-39.568113,QSO,0.27848031,1.7000,false
V4T004289,355.032666,-31.939538,ELG,0.82559777,1.0000,false
V4T004290,0.731520,-31.674230,BGS,1.92833088,0.4500,true
V4T004291,54.875945,-45.054318,ELG,0.54069009,1.0000,true
V4T004292,357.072308,-30.486716,BGS,1.11856443,0.4500,true
V4T004293,52.869659,-35.475473,ELG,0.26038465,1.0000,false
V4T004294,341.934776,-17.563728,QSO,0.24208331,1.7000,false
V4T004295,44.036994,-46.625449,LRG,0.47259114,1.0000,false
V4T004296,336.808751,-31.177853,BGS,1.24875567,0.4500,false
V4T004297,52.577392,-53.421342,BGS,1.61916833,0.4500,false
V4T004298,15.007196,-53.271988,ELG,0.64890688,1.0000,false
V4T004299,344.095947,-25.478087,LRG,0.55574987,1.0000,false
V4T004300,45.346906,-40.616566,Star,4.33946745,0.3000,false
V4T004301,36.852606,-41.959256,Star,5.56033238,0.3000,false
V4T004302,44.872389,-34.375470,Star,4.75241058,0.3000,false
V4T004303,337.595484,-24.133562,QSO,0.07114173,1.7000,false
V4T004304,38.716258,-57.168782,Star,3.64333087,0.3000,false
V4T004305,24.357289,-42.120097,LRG,0.71797517,1.0000,false
V4T004306,23.993537,-48.410561,QSO,0.08500154,1.7000,false
V4T004307,345.695029,-16.734738,QSO,0.08154445,1.7000,false
V4T004308,22.726733,-46.765311,BGS,0.63765064,0.4500,false
V4T004309,0.652455,-19.541011,ELG,0.57094523,1.0000,false
V4T004310,28.961985,-54.063459,Star,4.39913730,0.3000,false
V4T004311,359.724758,-18.745979,Star,3.30451755,0.3000,false
V4T004312,351.816265,-31.484663,ELG,0.67064111,1.0000,false
V4T004313,37.115520,-40.967435,Star,6.32470038,0.3000,false
V4T004314,56.659141,-48.098045,QSO,0.08222490,1.7000,false
V4T004315,352.578580,-28.449122,BGS,2.58820008,0.4500,false
V4T004316,49.082335,-43.741172,BGS,1.30596150,0.4500,false
V4T004317,356.051759,-37.394436,Star,4.77602157,0.3000,false
V4T004318,340.311522,-33.779545,ELG,0.32723799,1.0000,false
V4T004319,56.787721,-39.929499,BGS,1.06204492,0.4500,false
V4T004320,17.235751,-52.288145,QSO,0.17800650,1.7000,false
V4T004321,36.514340,-40.768125,ELG,0.61559845,1.0000,false
V4T004322,27.716772,-35.321511,ELG,0.42858448,1.0000,false
V4T004323,46.405187,-48.137378,BGS,1.74801991,0.4500,false
V4T004324,45.976003,-33.853122,BGS,1.18098036,0.4500,false
V4T004325,35.911696,-39.773939,ELG,0.61264877,1.0000,false
V4T004326,45.821536,-40.835033,QSO,0.23690642,1.7000,false
V4T004327,19.764057,-58.563025,ELG,0.41070513,1.0000,false
V4T004328,351.975726,-28.824951,ELG,0.61615219,1.0000,false
V4T004329,32.309681,-40.269477,LRG,0.24988372,1.0000,false
V4T004330,343.391719,-26.048170,Star,4.60029445,0.3000,true
V4T004331,43.088906,-33.835366,ELG,0.70844109,1.0000,false
V4T004332,29.909302,-51.669680,ELG,0.71006612,1.0000,false
V4T004333,22.078059,-48.371847,LRG,0.38635602,1.0000,false
V4T004334,36.168293,-56.369172,BGS,1.08880891,0.4500,false
V4T004335,45.030387,-35.329653,BGS,2.52450250,0.4500,false
V4T004336,351.616417,-29.154853,QSO,0.17614243,1.7000,false
V4T004337,28.969130,-54.297326,BGS,1.01789620,0.4500,false
V4T004338,31.679934,-39.378080,LRG,0.37196752,1.0000,false
V4T004339,28.651474,-48.968959,BGS,0.94133363,0.4500,false
V4T004340,344.718323,-16.924281,ELG,0.45087686,1.0000,false
V4T004341,343.472688,-36.710076,BGS,1.39519103,0.4500,false
V4T004342,338.240470,-31.682538,BGS,0.84359348,0.4500,false
V4T004343,349.118292,-34.835222,LRG,0.32764915,1.0000,false
V4T004344,39.217006,-45.306308,ELG,0.71181959,1.0000,false
V4T004345,48.899674,-41.976151,BGS,1.17231910,0.4500,false
V4T004346,358.844144,-31.191195,LRG,0.34509425,1.0000,false
V4T004347,337.876954,-31.931213,BGS,1.15241613,0.4500,false
V4T004348,45.686137,-45.263571,Star,4.10542629,0.3000,false
V4T004349,54.655293,-55.549221,QSO,0.44490777,1.7000,false
V4T004350,49.167877,-35.440962,ELG,0.90253992,1.0000,false
V4T004351,337.789913,-29.730258,LRG,0.41033158,1.0000,false
V4T004352,36.361751,-41.147934,ELG,0.41143539,1.0000,false
V4T004353,344.060675,-26.372069,ELG,0.96336820,1.0000,false
V4T004354,24.324151,-49.404973,BGS,1.07090420,0.4500,false
V4T004355,341.119636,-33.616162,ELG,0.41889336,1.0000,false
V4T004356,55.229638,-38.315045,Star,3.76346653,0.3000,false
V4T004357,46.963574,-48.624355,BGS,1.14552393,0.4500,false
V4T004358,340.544138,-18.581164,LRG,0.49598801,1.0000,false
V4T004359,353.184433,-29.376413,LRG,0.35236027,1.0000,false
V4T004360,42.729207,-53.045298,ELG,0.22607615,1.0000,false
V4T004361,53.487592,-56.628247,BGS,1.21384255,0.4500,false
V4T004362,37.575253,-55.627549,Star,4.43893660,0.3000,false
V4T004363,24.897521,-44.855873,BGS,1.17422593,0.4500,false
V4T004364,42.824782,-31.317078,LRG,0.25655122,1.0000,false
V4T004365,345.977271,-32.664990,ELG,0.52082148,1.0000,false
V4T004366,338.303690,-31.014972,ELG,0.30458829,1.0000,false
V4T004367,44.873303,-31.929392,QSO,0.19125568,1.7000,false
V4T004368,347.360051,-17.814692,BGS,1.77505144,0.4500,false
V4T004369,359.201778,-24.478109,ELG,0.45934609,1.0000,false
V4T004370,31.878584,-59.752566,LRG,0.34491773,1.0000,false
V4T004371,354.903545,-25.610682,BGS,1.70573569,0.4500,false
V4T004372,32.830258,-48.154138,BGS,1.25614133,0.4500,false
V4T004373,55.992677,-54.930671,ELG,0.33945948,1.0000,false
V4T004374,41.234983,-48.108721,BGS,1.58462804,0.4500,false
V4T004375,26.292436,-59.445218,BGS,1.40738247,0.4500,false
V4T004376,341.334251,-21.336689,ELG,0.80530533,1.0000,false
V4T004377,26.437368,-57.767720,ELG,1.11341433,1.0000,false
V4T004378,41.460300,-33.973688,ELG,0.18475306,1.0000,false
V4T004379,354.867171,-16.999269,BGS,1.25349791,0.4500,false
V4T004380,341.618449,-33.421133,QSO,0.45652966,1.7000,false
V4T004381,356.979937,-35.577116,BGS,1.39190793,0.4500,false
V4T004382,348.462136,-38.633392,QSO,0.08407442,1.7000,false
V4T004383,340.261074,-35.167259,LRG,0.32810761,1.0000,false
V4T004384,28.738113,-47.234900,BGS,1.03742530,0.4500,false
V4T004385,25.276041,-52.098025,LRG,0.64120900,1.0000,false
V4T004386,347.756213,-16.742752,LRG,0.41822103,1.0000,false
V4T004387,1.534745,-26.653377,BGS,1.07792998,0.4500,false
V4T004388,343.787003,-23.249407,Star,2.65599944,0.3000,false
V4T004389,345.144258,-23.550407,QSO,0.15299795,1.7000,false
V4T004390,33.784031,-57.589031,QSO,0.09895359,1.7000,false
V4T004391,40.736879,-44.337995,LRG,0.46325337,1.0000,true
V4T004392,44.956980,-46.469132,BGS,1.19268061,0.4500,false
V4T004393,357.294316,-26.697513,BGS,1.96928353,0.4500,false
V4T004394,344.991785,-28.447928,ELG,0.83106134,1.0000,false
V4T004395,24.038180,-51.819646,QSO,0.20583671,1.7000,false
V4T004396,352.512835,-39.524380,ELG,0.70197930,1.0000,false
V4T004397,37.782378,-44.144266,Star,3.99381479,0.3000,false
V4T004398,59.519731,-46.205129,BGS,1.93950329,0.4500,false
V4T004399,38.270055,-32.160553,LRG,0.53060561,1.0000,false
V4T004400,341.691090,-33.799247,BGS,2.34947533,0.4500,false
V4T004401,54.792604,-54.525530,Star,2.89461643,0.3000,false
V4T004402,337.476767,-31.035189,Star,4.67931809,0.3000,false
V4T004403,351.953885,-15.893983,QSO,0.31409113,1.7000,false
V4T004404,339.183596,-18.800164,QSO,0.33439210,1.7000,false
V4T004405,339.821377,-19.563969,LRG,0.43881827,1.0000,false
V4T004406,349.209362,-29.314911,BGS,0.82470669,0.4500,false
V4T004407,50.044894,-35.262913,Star,3.11899771,0.3000,false
V4T004408,2.572917,-32.820365,ELG,0.34130317,1.0000,false
V4T004409,345.517294,-29.912798,BGS,2.02607270,0.4500,true
V4T004410,51.513121,-55.719976,LRG,0.33102701,1.0000,false
V4T004411,25.607192,-52.003163,QSO,0.39637094,1.7000,false
V4T004412,339.776449,-26.852562,Star,3.41750381,0.3000,false
V4T004413,30.745532,-44.006342,BGS,1.22296623,0.4500,false
V4T004414,24.958153,-52.425028,Star,3.61986071,0.3000,false
V4T004415,351.805444,-22.977394,Star,4.09001308,0.3000,false
V4T004416,345.683499,-18.567576,ELG,0.64468167,1.0000,false
V4T004417,0.911003,-20.203383,ELG,0.45224283,1.0000,false
V4T004418,47.814870,-59.143082,Star,7.24888254,0.3000,false
V4T004419,345.807669,-20.796850,ELG,0.26895422,1.0000,false
V4T004420,29.752478,-53.524794,LRG,0.33384745,1.0000,false
V4T004421,340.144887,-26.221369,BGS,1.58027558,0.4500,false
V4T004422,53.526497,-54.063326,ELG,0.58129916,1.0000,false
V4T004423,349.803823,-28.761354,BGS,1.05387949,0.4500,false
V4T004424,45.742030,-37.404293,ELG,0.79021788,1.0000,false
V4T004425,51.385824,-37.757221,LRG,0.22967126,1.0000,false
V4T004426,28.851428,-53.595097,BGS,1.75244709,0.4500,false
V4T004427,54.920506,-54.581502,ELG,0.51921528,1.0000,false
V4T004428,346.552966,-30.782138,LRG,0.19803163,1.0000,false
V4T004429,41.209962,-32.030414,QSO,0.12330508,1.7000,false
V4T004430,50.340802,-37.246750,ELG,0.50324498,1.0000,false
V4T004431,339.744741,-32.612563,BGS,0.64767537,0.4500,false
V4T004432,342.464848,-30.727145,BGS,0.92192603,0.4500,false
V4T004433,354.912717,-36.710522,QSO,0.22349687,1.7000,false
V4T004434,347.270130,-27.437443,LRG,0.31038506,1.0000,false
V4T004435,45.163211,-39.104200,Star,4.69846013,0.3000,false
V4T004436,23.745214,-57.669778,Star,3.58389679,0.3000,false
V4T004437,22.485434,-45.220267,QSO,0.37859045,1.7000,false
V4T004438,338.339197,-31.755245,ELG,0.46831125,1.0000,false
V4T004439,44.494598,-32.812447,Star,4.18713622,0.3000,false
V4T004440,354.919417,-18.317636,ELG,0.43105721,1.0000,false
V4T004441,35.589685,-40.829168,ELG,1.00581463,1.0000,false
V4T004442,43.135859,-44.348544,ELG,0.62574637,1.0000,false
V4T004443,31.046659,-62.017706,QSO,0.17524031,1.7000,false
V4T004444,29.854451,-34.703737,LRG,0.42507426,1.0000,true
V4T004445,345.390539,-28.675543,ELG,0.55302379,1.0000,false
V4T004446,28.819777,-44.422461,LRG,0.40843817,1.0000,false
V4T004447,24.366016,-44.211330,ELG,0.49509896,1.0000,false
V4T004448,45.572492,-32.170471,BGS,1.02718207,0.4500,false
V4T004449,351.578231,-25.780434,LRG,0.35348011,1.0000,false
V4T004450,4.022486,-26.172218,ELG,0.71909146,1.0000,false
V4T004451,55.630993,-52.910047,ELG,1.29051967,1.0000,false
V4T004452,25.378332,-35.395645,QSO,0.11228675,1.7000,true
V4T004453,345.172876,-28.580586,ELG,0.31512166,1.0000,false
V4T004454,23.855906,-45.104215,LRG,0.31998267,1.0000,false
V4T004455,38.747106,-44.419820,ELG,0.32091321,1.0000,false
V4T004456,358.556230,-19.656252,BGS,0.98740125,0.4500,false
V4T004457,45.991290,-53.578778,ELG,0.56553062,1.0000,false
V4T004458,337.793853,-23.370987,ELG,0.77283452,1.0000,false
V4T004459,25.007177,-59.392712,QSO,0.10597124,1.7000,false
V4T004460,54.133466,-38.668237,ELG,0.64508195,1.0000,false
V4T004461,53.265854,-35.838875,ELG,0.68824639,1.0000,false
V4T004462,346.791478,-29.855056,LRG,0.42376880,1.0000,false
V4T004463,22.667493,-37.439315,ELG,0.75067803,1.0000,false
V4T004464,344.515237,-29.095694,ELG,0.80963405,1.0000,false
V4T004465,55.624007,-54.258409,LRG,0.41905436,1.0000,false
V4T004466,35.756696,-40.446383,BGS,0.99325396,0.4500,false
V4T004467,352.441577,-34.003950,LRG,0.43998653,1.0000,false
V4T004468,29.904054,-54.309929,LRG,0.28479561,1.0000,false
V4T004469,51.805465,-37.305134,BGS,0.64000018,0.4500,false
V4T004470,18.842648,-51.889300,QSO,0.52446009,1.7000,false
V4T004471,43.818903,-56.867924,ELG,1.22678511,1.0000,false
V4T004472,51.305320,-38.989778,BGS,2.16503747,0.4500,false
V4T004473,34.110943,-55.770184,BGS,1.55770153,0.4500,false
V4T004474,40.883476,-48.298990,LRG,0.38726766,1.0000,false
V4T004475,18.828212,-48.045017,BGS,1.51089921,0.4500,false
V4T004476,352.824399,-19.968821,BGS,1.43000148,0.4500,false
V4T004477,358.006150,-19.930751,BGS,1.28788693,0.4500,false
V4T004478,347.042502,-25.568326,BGS,1.70986132,0.4500,false
V4T004479,55.433279,-53.810741,BGS,1.57697352,0.4500,false
V4T004480,354.250029,-21.871575,LRG,0.36281610,1.0000,false
V4T004481,20.919477,-50.212682,LRG,0.34768882,1.0000,false
V4T004482,53.651991,-41.635685,ELG,0.86229336,1.0000,false
V4T004483,0.836207,-20.204333,BGS,1.16503333,0.4500,false
V4T004484,356.336212,-31.508206,ELG,0.45474006,1.0000,false
V4T004485,354.155787,-25.617051,QSO,0.17646572,1.7000,false
V4T004486,3.400863,-27.922644,BGS,1.48687200,0.4500,false
V4T004487,17.766008,-44.353206,QSO,0.08779481,1.7000,false
V4T004488,20.007875,-43.161600,BGS,1.61688071,0.4500,false
V4T004489,354.928810,-22.644310,BGS,1.14374476,0.4500,false
V4T004490,53.513680,-44.709486,ELG,1.20130713,1.0000,false
V4T004491,344.253249,-35.366306,QSO,0.15368374,1.7000,false
V4T004492,341.233336,-33.195855,ELG,0.53934219,1.0000,false
V4T004493,28.751757,-41.068007,ELG,0.66872996,1.0000,false
V4T004494,348.234931,-15.564483,BGS,1.33554326,0.4500,true
V4T004495,4.388412,-28.382013,LRG,0.29097710,1.0000,false
V4T004496,49.823788,-41.896656,Star,4.61309453,0.3000,false
V4T004497,344.590757,-25.619289,Star,4.16660461,0.3000,false
V4T004498,50.771222,-44.594127,LRG,0.35941237,1.0000,false
V4T004499,344.154704,-17.506129,QSO,0.15962444,1.7000,false
V4T004500,37.185814,-48.099076,ELG,0.69404483,1.0000,false
V4T004501,341.739032,-20.538554,LRG,0.41132736,1.0000,false
V4T004502,37.361475,-31.760944,ELG,0.79087772,1.0000,false
V4T004503,54.350696,-37.109261,ELG,0.71104612,1.0000,false
V4T004504,355.685488,-27.586090,LRG,0.37515345,1.0000,false
V4T004505,344.948021,-27.877372,ELG,0.61971966,1.0000,false
V4T004506,4.348262,-24.047697,ELG,0.97802343,1.0000,false
V4T004507,50.775140,-42.269342,ELG,0.35651031,1.0000,false
V4T004508,44.505572,-43.430060,BGS,0.62617640,0.4500,false
V4T004509,37.324844,-41.517329,BGS,1.35133055,0.4500,false
V4T004510,27.146335,-52.873790,QSO,0.18544785,1.7000,false
V4T004511,346.154886,-28.148057,ELG,0.41146343,1.0000,false
V4T004512,340.552143,-33.101210,BGS,1.48817264,0.4500,false
V4T004513,338.122361,-31.739034,LRG,0.25669101,1.0000,false
V4T004514,1.107314,-20.263223,ELG,0.61758317,1.0000,false
V4T004515,337.315791,-31.750551,LRG,0.50012199,1.0000,false
V4T004516,37.578773,-58.231755,ELG,0.68954637,1.0000,false
V4T004517,37.075321,-49.542383,QSO,0.26540346,1.7000,false
V4T004518,23.898283,-37.886477,BGS,0.87150678,0.4500,false
V4T004519,35.881481,-40.770817,BGS,1.16781958,0.4500,false
V4T004520,355.357410,-19.446202,Star,2.99406231,0.3000,false
V4T004521,49.934498,-42.856697,BGS,1.39581019,0.4500,false
V4T004522,341.147352,-34.058198,ELG,0.49363955,1.0000,true
V4T004523,35.953918,-55.444281,ELG,0.63327889,1.0000,false
V4T004524,4.934781,-26.687039,ELG,0.85306785,1.0000,false
V4T004525,32.236588,-51.004972,ELG,0.64180809,1.0000,false
V4T004526,28.574606,-39.712527,QSO,0.19071154,1.7000,false
V4T004527,352.468123,-18.391639,LRG,0.40436438,1.0000,false
V4T004528,26.476204,-50.040698,ELG,0.76959332,1.0000,false
V4T004529,347.853303,-26.981646,LRG,0.43642374,1.0000,false
V4T004530,35.679001,-40.750988,ELG,0.87156939,1.0000,false
V4T004531,55.192408,-46.428321,LRG,0.37481795,1.0000,false
V4T004532,36.158014,-41.535060,ELG,1.06261366,1.0000,false
V4T004533,352.058571,-28.256820,LRG,0.36475730,1.0000,false
V4T004534,346.781556,-17.518366,ELG,0.42581747,1.0000,false
V4T004535,31.285101,-52.053140,ELG,0.81057360,1.0000,false
V4T004536,349.247821,-28.023394,BGS,1.66018093,0.4500,true
V4T004537,21.453561,-57.435939,LRG,0.32547028,1.0000,false
V4T004538,49.051033,-44.307726,BGS,1.72016012,0.4500,false
V4T004539,341.290143,-20.852801,QSO,0.19622305,1.7000,false
V4T004540,0.562798,-19.188131,LRG,0.56232933,1.0000,false
V4T004541,354.468535,-27.553075,LRG,0.30220062,1.0000,false
V4T004542,33.210204,-52.839822,BGS,1.04970248,0.4500,false
V4T004543,50.768045,-37.620511,BGS,1.15647180,0.4500,false
V4T004544,44.178892,-33.893146,LRG,0.32020564,1.0000,false
V4T004545,23.443887,-43.801345,Star,5.85096592,0.3000,false
V4T004546,351.262252,-19.932293,ELG,0.80420836,1.0000,false
V4T004547,0.945071,-19.338623,ELG,0.41471863,1.0000,false
V4T004548,22.431575,-52.985461,ELG,0.27735604,1.0000,false
V4T004549,350.150895,-23.772072,ELG,0.45178619,1.0000,false
V4T004550,55.396266,-49.832611,Star,3.74498889,0.3000,false
V4T004551,32.119021,-53.280107,BGS,1.30769723,0.4500,false
V4T004552,50.103645,-41.449466,LRG,0.43297906,1.0000,false
V4T004553,347.101388,-15.610260,ELG,1.08137035,1.0000,false
V4T004554,43.009758,-39.931769,ELG,0.60642602,1.0000,false
V4T004555,32.498649,-56.366340,ELG,0.51691523,1.0000,false
V4T004556,349.413613,-21.335532,BGS,0.89261594,0.4500,false
V4T004557,49.139253,-41.513151,ELG,0.38426292,1.0000,false
V4T004558,1.090214,-33.087477,ELG,0.84314795,1.0000,false
V4T004559,22.774669,-58.574002,BGS,1.73251175,0.4500,false
V4T004560,36.934316,-34.251500,LRG,0.22116999,1.0000,false
V4T004561,41.907692,-42.906956,ELG,0.79272252,1.0000,false
V4T004562,50.308310,-46.577530,LRG,0.54108557,1.0000,false
V4T004563,339.660531,-25.479091,Star,4.62486204,0.3000,false
V4T004564,37.834282,-32.361540,BGS,1.04733334,0.4500,true
V4T004565,338.511215,-22.174564,ELG,0.66025327,1.0000,false
V4T004566,339.032303,-25.726928,BGS,1.09299947,0.4500,false
V4T004567,18.447044,-56.179101,ELG,0.63785337,1.0000,false
V4T004568,56.584367,-43.775435,ELG,0.85053379,1.0000,false
V4T004569,349.267165,-33.931178,BGS,1.00934029,0.4500,false
V4T004570,55.710318,-54.482540,LRG,0.29812496,1.0000,false
V4T004571,342.785039,-26.657663,LRG,0.41239124,1.0000,false
V4T004572,45.184364,-52.327946,LRG,0.27125558,1.0000,false
V4T004573,355.889341,-25.508619,QSO,0.17312017,1.7000,false
V4T004574,338.506377,-31.041164,ELG,0.52679290,1.0000,false
V4T004575,357.609603,-19.602516,ELG,0.27717301,1.0000,true
V4T004576,43.343258,-57.190866,BGS,0.72848894,0.4500,false
V4T004577,352.554268,-30.908661,LRG,0.20611099,1.0000,false
V4T004578,47.286318,-32.584275,ELG,0.42420184,1.0000,false
V4T004579,28.809645,-37.027581,LRG,0.47483619,1.0000,false
V4T004580,55.092809,-39.083270,ELG,0.59261216,1.0000,false
V4T004581,57.968688,-40.873446,BGS,1.17112486,0.4500,false
V4T004582,36.431819,-42.540414,ELG,0.43940137,1.0000,false
V4T004583,340.761112,-32.747164,Star,3.64246810,0.3000,false
V4T004584,347.292451,-32.241152,QSO,0.20295099,1.7000,false
V4T004585,356.517262,-20.037029,ELG,1.00905342,1.0000,false
V4T004586,346.251074,-19.739518,ELG,2.42130666,1.0000,false
V4T004587,58.088257,-49.347386,ELG,0.43579907,1.0000,false
V4T004588,32.946319,-60.782466,BGS,2.06585733,0.4500,false
V4T004589,39.305036,-42.897107,ELG,0.47892014,1.0000,false
V4T004590,1.229439,-30.111560,ELG,0.30880557,1.0000,false
V4T004591,54.761448,-46.331789,LRG,0.59165458,1.0000,false
V4T004592,36.039951,-40.787138,LRG,0.25773530,1.0000,false
V4T004593,349.840831,-29.416042,BGS,1.08200828,0.4500,false
V4T004594,358.373875,-31.996267,ELG,0.51066616,1.0000,false
V4T004595,349.454053,-35.684408,Star,4.71440974,0.3000,false
V4T004596,347.308946,-17.127945,ELG,1.16785466,1.0000,false
V4T004597,347.279625,-33.929535,LRG,0.25404751,1.0000,false
V4T004598,351.506437,-18.510702,BGS,1.47048962,0.4500,false
V4T004599,36.187465,-58.804623,ELG,0.95027447,1.0000,false
V4T004600,347.721525,-35.777680,LRG,0.23233170,1.0000,false
V4T004601,20.597552,-39.378349,ELG,0.59770482,1.0000,false
V4T004602,40.561534,-56.284885,LRG,0.36881120,1.0000,false
V4T004603,40.575036,-45.073189,QSO,0.20439075,1.7000,false
V4T004604,53.307674,-49.140927,LRG,0.55504845,1.0000,false
V4T004605,343.251036,-25.810163,ELG,0.45605539,1.0000,false
V4T004606,32.401987,-53.024850,ELG,0.48637040,1.0000,false
V4T004607,34.609500,-39.125428,ELG,0.42653536,1.0000,false
V4T004608,346.528015,-18.319444,ELG,0.53733286,1.0000,true
V4T004609,344.794760,-26.554879,LRG,0.50828809,1.0000,false
V4T004610,33.640230,-41.393896,ELG,0.55875302,1.0000,false
V4T004611,339.403409,-29.848565,ELG,0.38073441,1.0000,false
V4T004612,44.137012,-53.520635,ELG,0.96919327,1.0000,true
V4T004613,29.125034,-54.741171,ELG,0.58390047,1.0000,false
V4T004614,344.021049,-26.257191,QSO,0.12044800,1.7000,false
V4T004615,346.547985,-27.416602,ELG,1.62123441,1.0000,false
V4T004616,46.239026,-39.054551,QSO,0.39125650,1.7000,false
V4T004617,53.137029,-39.266539,QSO,0.07309909,1.7000,false
V4T004618,345.967856,-23.146731,ELG,0.68704912,1.0000,false
V4T004619,346.456001,-33.142699,LRG,0.20456724,1.0000,false
V4T004620,2.096621,-27.260685,ELG,0.84402512,1.0000,false
V4T004621,347.883090,-23.253397,LRG,0.18651288,1.0000,false
V4T004622,36.004335,-40.786684,LRG,0.42100463,1.0000,false
V4T004623,37.194492,-41.192475,QSO,0.26005965,1.7000,false
V4T004624,352.343389,-21.870875,ELG,0.32078367,1.0000,false
V4T004625,50.962281,-42.068233,ELG,0.81295410,1.0000,false
V4T004626,25.720438,-35.298931,QSO,0.41725532,1.7000,false
V4T004627,43.572281,-40.860089,ELG,0.56662281,1.0000,false
V4T004628,30.707099,-39.594252,ELG,0.31929835,1.0000,false
V4T004629,43.515411,-34.204708,LRG,0.41872113,1.0000,false
V4T004630,54.863382,-43.981476,LRG,0.27612372,1.0000,false
V4T004631,18.555375,-47.844425,Star,4.09417682,0.3000,false
V4T004632,345.708905,-17.864335,LRG,0.23917011,1.0000,false
V4T004633,26.751440,-47.659141,BGS,1.88054761,0.4500,false
V4T004634,47.303842,-37.322452,BGS,1.20132523,0.4500,false
V4T004635,0.296009,-21.596675,LRG,0.40118274,1.0000,false
V4T004636,355.749288,-20.888923,LRG,0.41294918,1.0000,false
V4T004637,351.058685,-19.514235,LRG,0.27659131,1.0000,false
V4T004638,357.865836,-26.075924,BGS,0.94759545,0.4500,false
V4T004639,19.823045,-56.899187,ELG,0.64440652,1.0000,false
V4T004640,55.444852,-53.981791,BGS,0.82076151,0.4500,false
V4T004641,34.706748,-59.340540,BGS,1.01055723,0.4500,false
V4T004642,347.536000,-16.812555,BGS,1.83615221,0.4500,false
V4T004643,44.579875,-56.984163,ELG,1.72482169,1.0000,false
V4T004644,339.239288,-32.420975,BGS,2.22688795,0.4500,false
V4T004645,31.412576,-59.423962,BGS,1.02616152,0.4500,false
V4T004646,346.896725,-25.417014,ELG,0.35483388,1.0000,false
V4T004647,2.004653,-31.515278,BGS,1.25991043,0.4500,false
V4T004648,349.683034,-39.807875,LRG,0.36845115,1.0000,false
V4T004649,34.420659,-37.906123,LRG,0.25460499,1.0000,false
V4T004650,36.518860,-46.164290,QSO,0.28189896,1.7000,false
V4T004651,36.500216,-43.718911,ELG,0.60522138,1.0000,false
V4T004652,54.930911,-55.535902,ELG,0.24531664,1.0000,false
V4T004653,46.126886,-47.419354,ELG,0.39408240,1.0000,false
V4T004654,36.514500,-58.867782,LRG,0.60374502,1.0000,true
V4T004655,337.516006,-31.372221,ELG,0.23825900,1.0000,false
V4T004656,344.564083,-28.730879,BGS,0.69381043,0.4500,false
V4T004657,346.778225,-35.053812,Star,2.59776175,0.3000,false
V4T004658,34.870711,-53.792844,ELG,0.45796910,1.0000,false
V4T004659,42.713958,-43.548992,BGS,1.40411882,0.4500,false
V4T004660,24.602324,-52.265067,ELG,1.05156432,1.0000,false
V4T004661,353.402063,-33.104195,LRG,0.53569600,1.0000,false
V4T004662,344.606634,-20.977173,BGS,2.12623157,0.4500,false
V4T004663,341.544905,-30.965409,ELG,0.64809877,1.0000,false
V4T004664,30.300263,-52.661965,ELG,0.19668304,1.0000,false
V4T004665,339.522357,-34.254059,BGS,1.23745781,0.4500,false
V4T004666,347.043253,-18.096883,BGS,1.06330853,0.4500,false
V4T004667,49.760656,-42.656106,LRG,0.28921246,1.0000,false
V4T004668,1.038660,-33.226217,QSO,0.15053120,1.7000,false
V4T004669,349.816948,-24.979409,ELG,0.63345430,1.0000,false
V4T004670,346.903957,-23.943209,BGS,0.84954925,0.4500,false
V4T004671,30.625129,-53.281483,LRG,0.56807816,1.0000,false
V4T004672,36.521520,-41.908410,LRG,0.47934006,1.0000,false
V4T004673,55.619568,-48.343670,QSO,0.21484093,1.7000,false
V4T004674,346.412477,-17.943285,LRG,0.33266519,1.0000,false
V4T004675,36.433650,-42.126814,BGS,1.41328043,0.4500,false
V4T004676,44.249081,-35.664347,LRG,0.40330078,1.0000,false
V4T004677,49.585406,-54.280111,LRG,0.24261599,1.0000,false
V4T004678,345.815472,-17.559774,BGS,1.34710088,0.4500,false
V4T004679,352.711948,-17.780919,ELG,0.27770390,1.0000,false
V4T004680,352.696483,-28.999156,BGS,1.10421140,0.4500,false
V4T004681,48.011624,-34.302554,ELG,0.42544747,1.0000,false
V4T004682,54.652270,-49.726202,QSO,0.10531140,1.7000,false
V4T004683,58.305381,-47.369149,ELG,0.66770183,1.0000,false
V4T004684,339.284790,-28.234497,Star,5.02436580,0.3000,false
V4T004685,356.476882,-37.113576,Star,5.05993224,0.3000,true
V4T004686,339.862135,-26.948956,QSO,0.10887168,1.7000,false
V4T004687,347.167380,-30.271468,QSO,0.24596739,1.7000,false
V4T004688,25.419408,-51.798865,LRG,0.44777875,1.0000,false
V4T004689,57.489171,-49.864267,ELG,0.69202110,1.0000,false
V4T004690,346.989588,-30.642780,LRG,0.29455985,1.0000,false
V4T004691,336.806417,-23.143728,Star,5.05891763,0.3000,false
V4T004692,345.286182,-17.507062,BGS,1.37337852,0.4500,false
V4T004693,43.789849,-55.599161,ELG,0.30308597,1.0000,false
V4T004694,57.122669,-48.348884,LRG,0.47512044,1.0000,false
V4T004695,27.215952,-57.983711,BGS,1.37733392,0.4500,false
V4T004696,339.858197,-25.435604,QSO,0.11125768,1.7000,false
V4T004697,353.054348,-22.057628,BGS,1.57686442,0.4500,false
V4T004698,24.413454,-39.674173,BGS,1.56465136,0.4500,false
V4T004699,358.815650,-28.478305,BGS,1.05311863,0.4500,false
V4T004700,337.848883,-31.997933,QSO,0.41426818,1.7000,false
V4T004701,32.103409,-45.291191,BGS,1.89910114,0.4500,false
V4T004702,49.871861,-41.856063,Star,3.11514677,0.3000,false
V4T004703,346.402161,-28.885174,LRG,0.38138322,1.0000,false
V4T004704,349.288388,-29.548764,BGS,1.04593014,0.4500,false
V4T004705,46.800007,-35.223555,ELG,0.50203262,1.0000,false
V4T004706,346.379944,-23.546723,ELG,0.57738793,1.0000,false
V4T004707,343.702910,-26.051221,QSO,0.12030226,1.7000,false
V4T004708,340.100865,-31.610436,BGS,1.02401649,0.4500,false
V4T004709,41.256684,-58.189650,QSO,0.12559202,1.7000,false
V4T004710,345.632999,-28.698532,ELG,0.82797533,1.0000,false
V4T004711,20.773357,-45.654776,QSO,0.29464711,1.7000,false
V4T004712,19.126490,-58.236380,QSO,0.24382373,1.7000,false
V4T004713,21.593418,-43.159314,BGS,0.76089373,0.4500,true
V4T004714,344.016313,-26.620231,Star,5.09147497,0.3000,false
V4T004715,27.971008,-54.271356,BGS,0.76393665,0.4500,false
V4T004716,0.484634,-33.385783,ELG,0.98610677,1.0000,false
V4T004717,2.778133,-22.313451,BGS,1.03372887,0.4500,false
V4T004718,359.380462,-20.113295,QSO,0.19409999,1.7000,false
V4T004719,32.308038,-57.286915,LRG,0.29745377,1.0000,false
V4T004720,343.144729,-30.088602,LRG,0.38066560,1.0000,false
V4T004721,42.277713,-54.934063,BGS,1.05569966,0.4500,false
V4T004722,51.605574,-47.123497,ELG,0.51534531,1.0000,true
V4T004723,57.969401,-45.278348,ELG,0.27450680,1.0000,false
V4T004724,52.861255,-41.431657,QSO,0.18092632,1.7000,false
V4T004725,347.391976,-21.429296,BGS,0.80302565,0.4500,false
V4T004726,342.480493,-26.672774,ELG,0.41637103,1.0000,false
V4T004727,340.987495,-22.891174,BGS,1.67423273,0.4500,false
V4T004728,351.231307,-29.640433,Star,3.86571752,0.3000,false
V4T004729,348.884260,-32.107133,QSO,0.13640389,1.7000,false
V4T004730,46.484699,-49.479429,BGS,1.41261004,0.4500,false
V4T004731,359.291937,-28.808317,Star,5.55991535,0.3000,false
V4T004732,341.387289,-26.531817,ELG,0.75867042,1.0000,false
V4T004733,348.715027,-15.451132,ELG,0.71249367,1.0000,false
V4T004734,349.719208,-36.363542,ELG,0.74372175,1.0000,false
V4T004735,32.778826,-42.931638,QSO,0.23412583,1.7000,false
V4T004736,45.275156,-58.672009,ELG,0.32933191,1.0000,false
V4T004737,39.987320,-37.782072,ELG,0.71667416,1.0000,false
V4T004738,29.014880,-54.148581,LRG,0.22613141,1.0000,false
V4T004739,343.960120,-18.095379,LRG,0.23325590,1.0000,true
V4T004740,343.650659,-26.324094,BGS,1.09622488,0.4500,false
V4T004741,344.045890,-27.096484,LRG,0.35119191,1.0000,false
V4T004742,57.392235,-48.208653,BGS,1.62039350,0.4500,false
V4T004743,57.305584,-40.893176,BGS,0.96856054,0.4500,false
V4T004744,41.398499,-39.904999,BGS,0.65679422,0.4500,false
V4T004745,21.629707,-42.362369,QSO,0.14241047,1.7000,false
V4T004746,57.376445,-43.097892,BGS,0.95679689,0.4500,false
V4T004747,4.653672,-28.426573,ELG,0.61693296,1.0000,false
V4T004748,49.737854,-38.161637,ELG,0.33791263,1.0000,false
V4T004749,38.940749,-55.620654,Star,3.36971701,0.3000,false
V4T004750,341.815337,-34.155113,Star,4.09241037,0.3000,false
V4T004751,341.807779,-27.548763,ELG,0.38091210,1.0000,false
V4T004752,46.762486,-44.222562,ELG,0.66952042,1.0000,false
V4T004753,23.182861,-45.181104,BGS,1.07168039,0.4500,false
V4T004754,24.062665,-51.727321,LRG,0.40812053,1.0000,false
V4T004755,39.121799,-31.404330,BGS,2.83781454,0.4500,false
V4T004756,35.349615,-32.988482,ELG,1.09251570,1.0000,false
V4T004757,50.098067,-41.516297,BGS,1.50976476,0.4500,false
V4T004758,39.679826,-44.505361,ELG,0.65786931,1.0000,false
V4T004759,52.432999,-51.925577,ELG,0.43702437,1.0000,false
V4T004760,41.334551,-43.673246,LRG,0.41624558,1.0000,false
V4T004761,46.859871,-58.440880,Star,5.29326938,0.3000,false
V4T004762,348.588465,-18.911969,BGS,1.57717956,0.4500,false
V4T004763,25.020410,-51.339453,ELG,0.28971279,1.0000,false
V4T004764,343.140043,-20.551371,ELG,0.42567977,1.0000,false
V4T004765,348.123725,-16.824402,BGS,2.10526876,0.4500,false
V4T004766,28.658645,-53.830274,Star,3.70859731,0.3000,false
V4T004767,342.731097,-18.802866,ELG,0.57261808,1.0000,false
V4T004768,36.820011,-34.067905,QSO,0.08975087,1.7000,false
V4T004769,42.091572,-49.936108,ELG,0.54477828,1.0000,false
V4T004770,27.563491,-41.548550,BGS,1.07257987,0.4500,false
V4T004771,351.740531,-28.917121,BGS,1.08268166,0.4500,false
V4T004772,32.916719,-53.989288,BGS,1.66773952,0.4500,false
V4T004773,31.025468,-44.044566,ELG,0.56148830,1.0000,false
V4T004774,343.764721,-33.453546,LRG,0.40001056,1.0000,false
V4T004775,55.601348,-44.933585,ELG,0.46566105,1.0000,false
V4T004776,50.535132,-41.379652,Star,3.52050286,0.3000,false
V4T004777,27.118105,-55.703986,ELG,0.70110841,1.0000,false
V4T004778,342.744890,-19.771252,QSO,0.19968090,1.7000,false
V4T004779,346.726480,-37.640640,QSO,0.09803436,1.7000,false
V4T004780,24.675376,-51.910363,BGS,1.85035524,0.4500,false
V4T004781,40.300996,-35.772001,ELG,0.22535887,1.0000,false
V4T004782,50.013068,-41.814812,ELG,0.71769176,1.0000,false
V4T004783,37.963876,-31.453124,ELG,0.35802879,1.0000,false
V4T004784,53.062560,-55.935418,ELG,0.64182541,1.0000,false
V4T004785,36.235681,-41.765365,QSO,0.20615107,1.7000,false
V4T004786,345.662945,-29.005833,LRG,0.39603261,1.0000,false
V4T004787,46.408733,-37.462076,BGS,0.82869605,0.4500,false
V4T004788,22.738888,-41.160834,ELG,0.71944153,1.0000,false
V4T004789,340.614629,-32.499615,QSO,0.19121694,1.7000,false
V4T004790,359.007973,-32.112624,BGS,1.82609743,0.4500,false
V4T004791,33.625974,-52.661488,LRG,0.24612555,1.0000,false
V4T004792,355.667568,-21.391218,BGS,1.51794754,0.4500,false
V4T004793,336.631549,-25.589078,ELG,0.83379370,1.0000,false
V4T004794,349.822053,-36.295736,ELG,0.54129007,1.0000,false
V4T004795,37.380981,-31.754147,LRG,0.45233265,1.0000,false
V4T004796,4.213816,-29.583141,ELG,0.46248863,1.0000,true
V4T004797,0.725685,-25.326196,Star,4.44089009,0.3000,false
V4T004798,343.233194,-16.839818,QSO,0.19448317,1.7000,false
V4T004799,350.181456,-25.508704,QSO,0.10332833,1.7000,true
V4T004800,35.440359,-36.688698,QSO,0.22147456,1.7000,false
V4T004801,44.879568,-36.080051,LRG,0.27723280,1.0000,false
V4T004802,35.059821,-33.991870,LRG,0.26565027,1.0000,false
V4T004803,54.184151,-45.644923,ELG,0.58352846,1.0000,false
V4T004804,36.806565,-39.750504,BGS,1.29690039,0.4500,false
V4T004805,47.613658,-41.823683,ELG,0.50476908,1.0000,true
V4T004806,50.360262,-49.722079,LRG,0.68118047,1.0000,false
V4T004807,51.653517,-38.002225,ELG,0.31684223,1.0000,false
V4T004808,25.621546,-51.716971,QSO,0.29927570,1.7000,false
V4T004809,346.221536,-31.774404,BGS,1.37587245,0.4500,false
V4T004810,343.324551,-32.640258,Star,6.20933482,0.3000,false
V4T004811,45.883512,-41.637079,QSO,0.26555029,1.7000,false
V4T004812,340.536261,-24.623250,ELG,1.46807037,1.0000,false
V4T004813,22.058600,-55.489288,QSO,0.11780962,1.7000,false
V4T004814,27.623641,-37.020318,ELG,0.69240198,1.0000,false
V4T004815,0.105957,-28.957194,LRG,0.54209602,1.0000,false
V4T004816,36.175776,-41.098801,LRG,0.29860395,1.0000,false
V4T004817,36.643749,-41.337237,ELG,0.35307797,1.0000,false
V4T004818,355.660203,-21.868159,BGS,1.25419648,0.4500,false
V4T004819,346.610821,-26.613139,BGS,1.65367409,0.4500,false
V4T004820,349.039211,-17.322756,ELG,0.60750377,1.0000,false
V4T004821,33.908146,-57.769909,ELG,0.49878752,1.0000,false
V4T004822,357.042575,-17.897453,QSO,0.24394913,1.7000,false
V4T004823,40.516000,-32.448459,QSO,0.11027743,1.7000,false
V4T004824,37.020242,-31.600810,Star,4.31405033,0.3000,false
V4T004825,346.640497,-18.226246,ELG,0.19044334,1.0000,false
V4T004826,37.691414,-45.886995,ELG,0.56919904,1.0000,false
V4T004827,337.741248,-21.952119,QSO,0.40363896,1.7000,false
V4T004828,356.280571,-30.573057,ELG,0.52925722,1.0000,false
V4T004829,337.428646,-31.410304,ELG,0.43971321,1.0000,false
V4T004830,342.111009,-26.698786,BGS,1.39603041,0.4500,false
V4T004831,337.236534,-26.280886,Star,3.30605573,0.3000,false
V4T004832,27.032184,-51.800417,BGS,1.01760487,0.4500,false
V4T004833,54.649497,-54.543078,QSO,0.10292762,1.7000,false
V4T004834,37.872074,-41.243130,ELG,0.67952710,1.0000,false
V4T004835,31.469544,-48.946135,BGS,1.39785660,0.4500,false
V4T004836,347.266790,-25.911579,ELG,0.29244525,1.0000,false
V4T004837,338.048983,-29.929300,QSO,0.36331072,1.7000,true
V4T004838,354.512273,-30.583329,QSO,0.15210334,1.7000,false
V4T004839,22.113159,-43.428208,LRG,0.57476481,1.0000,false
V4T004840,350.197435,-26.394822,ELG,0.74940923,1.0000,false
V4T004841,3.522491,-23.891833,BGS,1.15218234,0.4500,false
V4T004842,350.768057,-31.259060,BGS,1.55218395,0.4500,false
V4T004843,33.832896,-61.589075,BGS,1.32995556,0.4500,false
V4T004844,16.849356,-44.061018,ELG,0.49760311,1.0000,false
V4T004845,53.807209,-43.081422,ELG,0.82651321,1.0000,false
V4T004846,48.761704,-47.304823,ELG,0.31495755,1.0000,false
V4T004847,35.515621,-52.979692,BGS,1.38322109,0.4500,false
V4T004848,44.403823,-40.102718,ELG,0.54825997,1.0000,false
V4T004849,44.751633,-38.376788,LRG,0.43716764,1.0000,false
V4T004850,345.516243,-18.314130,LRG,0.44331251,1.0000,false
V4T004851,47.338524,-57.429596,BGS,1.04861461,0.4500,false
V4T004852,24.768985,-39.390239,ELG,0.36583425,1.0000,false
V4T004853,353.103760,-28.973671,BGS,1.21558841,0.4500,false
V4T004854,50.249603,-53.253718,ELG,0.62402918,1.0000,false
V4T004855,36.886197,-48.895885,LRG,0.42569593,1.0000,false
V4T004856,349.246116,-24.271494,ELG,0.40679271,1.0000,false
V4T004857,50.851699,-34.647926,Star,3.14170075,0.3000,false
V4T004858,36.945414,-32.211115,BGS,0.77619117,0.4500,false
V4T004859,25.421104,-52.101097,QSO,0.25450212,1.7000,false
V4T004860,46.302717,-39.317292,BGS,0.93771639,0.4500,false
V4T004861,40.240613,-33.280688,ELG,0.47026856,1.0000,false
V4T004862,42.262095,-41.074970,LRG,0.18305377,1.0000,false
V4T004863,351.618889,-15.913481,Star,3.57021977,0.3000,false
V4T004864,48.773350,-57.038219,LRG,0.38255085,1.0000,false
V4T004865,17.724647,-49.201251,BGS,1.23930498,0.4500,false
V4T004866,34.528927,-54.083027,Star,6.13429415,0.3000,false
V4T004867,49.358371,-41.417790,LRG,0.64756398,1.0000,false
V4T004868,29.421821,-45.852099,QSO,0.08925962,1.7000,false
V4T004869,0.380405,-18.829299,BGS,1.03641063,0.4500,false
V4T004870,341.948762,-33.384587,LRG,0.47067388,1.0000,false
V4T004871,357.275589,-23.843892,QSO,0.10311114,1.7000,false
V4T004872,32.326560,-38.744048,ELG,0.55166418,1.0000,false
V4T004873,338.164057,-31.657745,BGS,1.15868375,0.4500,false
V4T004874,341.284220,-21.234445,LRG,0.41275227,1.0000,false
V4T004875,350.991692,-29.134647,ELG,0.39232582,1.0000,false
V4T004876,34.825611,-57.637589,LRG,0.44922427,1.0000,false
V4T004877,37.275635,-40.747334,ELG,0.46763503,1.0000,false
V4T004878,46.482649,-39.803199,QSO,0.07321697,1.7000,false
V4T004879,41.702159,-35.205369,ELG,0.46577925,1.0000,false
V4T004880,346.299981,-17.382159,LRG,0.44318307,1.0000,false
V4T004881,41.798586,-44.934484,BGS,1.11087899,0.4500,false
V4T004882,40.802280,-33.800433,LRG,0.21875919,1.0000,false
V4T004883,24.513219,-51.668044,ELG,0.81973924,1.0000,false
V4T004884,343.881351,-26.266315,LRG,0.34638535,1.0000,false
V4T004885,23.945350,-53.603378,ELG,0.77441635,1.0000,false
V4T004886,22.937075,-55.836294,BGS,0.79308528,0.4500,false
V4T004887,0.427058,-19.325902,ELG,0.71552446,1.0000,false
V4T004888,337.346321,-23.809214,LRG,0.23209655,1.0000,false
V4T004889,20.023217,-57.798319,ELG,0.54772892,1.0000,false
V4T004890,40.233470,-37.524814,QSO,0.06441541,1.7000,false
V4T004891,342.940503,-18.576989,BGS,0.88321398,0.4500,false
V4T004892,30.271912,-43.383514,ELG,0.72476073,1.0000,false
V4T004893,0.795172,-23.625636,LRG,0.53234022,1.0000,false
V4T004894,337.910797,-30.909770,BGS,1.42947582,0.4500,false
V4T004895,33.011160,-33.220277,BGS,1.39865653,0.4500,false
V4T004896,359.669699,-19.076519,BGS,1.57604342,0.4500,false
V4T004897,340.066653,-33.356746,LRG,0.23551589,1.0000,false
V4T004898,344.055237,-22.014184,ELG,0.58778417,1.0000,false
V4T004899,39.862556,-48.721371,ELG,0.93489268,1.0000,false
V4T004900,1.209081,-25.451064,Star,3.48850651,0.3000,false
V4T004901,340.870398,-32.925964,Star,5.19289772,0.3000,false
V4T004902,342.682080,-34.628414,QSO,0.21614151,1.7000,false
V4T004903,33.913526,-54.756158,ELG,0.70461903,1.0000,false
V4T004904,45.693794,-33.490734,ELG,0.54904176,1.0000,false
V4T004905,38.449923,-59.653502,BGS,1.85827878,0.4500,false
V4T004906,345.743456,-18.518657,LRG,0.31267357,1.0000,false
V4T004907,42.213287,-37.974141,Star,4.85251998,0.3000,false
V4T004908,57.586617,-48.600076,QSO,0.29064110,1.7000,false
V4T004909,58.282691,-50.619522,LRG,0.44089535,1.0000,false
V4T004910,54.680520,-51.076427,ELG,0.70343939,1.0000,false
V4T004911,352.772078,-28.238982,Star,3.39613494,0.3000,false
V4T004912,42.474806,-40.284863,BGS,1.50164925,0.4500,false
V4T004913,352.016687,-27.013957,QSO,0.27418217,1.7000,false
V4T004914,352.015786,-29.332590,ELG,0.32741377,1.0000,false
V4T004915,54.769159,-54.136967,LRG,0.22863701,1.0000,false
V4T004916,51.441887,-42.705199,Star,3.18484356,0.3000,false
V4T004917,355.399205,-19.436175,LRG,0.52999309,1.0000,false
V4T004918,16.015693,-47.858302,LRG,0.20440571,1.0000,false
V4T004919,15.637063,-51.686611,QSO,0.16031016,1.7000,false
V4T004920,24.423619,-50.620253,BGS,1.85695081,0.4500,false
V4T004921,24.892606,-45.381645,QSO,0.17864829,1.7000,false
V4T004922,46.986800,-44.796572,ELG,0.30017701,1.0000,false
V4T004923,34.813469,-41.802241,BGS,1.39143919,0.4500,false
V4T004924,347.405390,-21.911925,ELG,0.73994817,1.0000,false
V4T004925,343.176522,-26.457510,ELG,0.57889106,1.0000,false
V4T004926,0.378377,-24.683815,ELG,0.81447509,1.0000,false
V4T004927,34.087315,-61.381603,BGS,1.17043876,0.4500,false
V4T004928,340.933927,-28.949020,ELG,0.48824019,1.0000,false
V4T004929,345.609211,-28.149835,BGS,0.95375967,0.4500,false
V4T004930,38.422074,-31.940983,ELG,0.33575031,1.0000,false
V4T004931,350.227445,-27.675610,QSO,0.12573043,1.7000,false
V4T004932,21.746174,-46.765246,QSO,0.18898878,1.7000,false
V4T004933,36.605775,-50.749108,QSO,0.30946373,1.7000,false
V4T004934,55.587855,-54.687779,BGS,2.14239062,0.4500,false
V4T004935,35.223098,-42.603649,QSO,0.37200758,1.7000,false
V4T004936,28.955846,-42.853019,ELG,0.61523552,1.0000,false
V4T004937,43.007171,-41.138085,ELG,0.56504652,1.0000,false
V4T004938,58.149638,-47.174979,LRG,0.36514344,1.0000,false
V4T004939,358.974937,-25.573375,BGS,1.01876072,0.4500,false
V4T004940,31.329982,-34.030399,ELG,0.71520473,1.0000,true
V4T004941,352.818947,-37.441824,ELG,0.45707955,1.0000,false
V4T004942,354.916121,-26.159558,ELG,0.93613556,1.0000,true
V4T004943,32.452935,-39.293571,LRG,0.28276314,1.0000,false
V4T004944,39.420953,-53.772927,LRG,0.33332047,1.0000,false
V4T004945,45.995839,-44.595482,BGS,0.93619738,0.4500,false
V4T004946,23.211444,-43.122872,Star,6.31111298,0.3000,false
V4T004947,36.633128,-31.854221,ELG,0.61815135,1.0000,true
V4T004948,0.768530,-19.575885,ELG,0.78416269,1.0000,false
V4T004949,34.127409,-59.044749,LRG,0.25748861,1.0000,false
V4T004950,358.725999,-22.761363,BGS,1.14299225,0.4500,false
V4T004951,338.522320,-32.146766,ELG,0.63091933,1.0000,false
V4T004952,344.245101,-18.181819,LRG,0.35613108,1.0000,false
V4T004953,20.252797,-49.518602,BGS,1.57827343,0.4500,false
V4T004954,355.134395,-22.680644,QSO,0.25038971,1.7000,false
V4T004955,342.242436,-30.657944,BGS,1.44325087,0.4500,false
V4T004956,51.110874,-35.814349,LRG,0.31912058,1.0000,false
V4T004957,40.331266,-51.571724,BGS,1.21834347,0.4500,false
V4T004958,35.460493,-40.732077,ELG,0.96238365,1.0000,false
V4T004959,36.783358,-46.074846,BGS,1.49358163,0.4500,false
V4T004960,36.827255,-41.572416,BGS,1.21839468,0.4500,false
V4T004961,352.095852,-29.205454,QSO,0.39475822,1.7000,false
V4T004962,350.203650,-16.820379,QSO,0.08743360,1.7000,false
V4T004963,355.283502,-20.675617,ELG,0.52685225,1.0000,false
V4T004964,37.737208,-31.680294,LRG,0.37858057,1.0000,false
V4T004965,28.427710,-39.760384,Star,3.33886106,0.3000,false
V4T004966,49.622352,-58.318605,ELG,0.42088593,1.0000,false
V4T004967,42.028500,-53.184366,ELG,0.53369008,1.0000,false
V4T004968,37.721056,-33.713697,QSO,0.14359476,1.7000,false
V4T004969,346.565868,-17.358453,BGS,1.12455353,0.4500,false
V4T004970,30.175793,-53.930748,LRG,0.36668633,1.0000,false
V4T004971,345.641939,-24.633793,QSO,0.38680011,1.7000,false
V4T004972,34.027878,-61.369166,BGS,1.04948519,0.4500,false
V4T004973,28.986339,-54.109190,BGS,1.14015929,0.4500,false
V4T004974,335.699005,-25.537458,QSO,0.28831327,1.7000,false
V4T004975,38.190893,-31.560339,Star,5.31467877,0.3000,false
V4T004976,22.824498,-38.938148,LRG,0.40823612,1.0000,false
V4T004977,352.802627,-28.130545,ELG,0.95208212,1.0000,false
V4T004978,355.464875,-29.398079,BGS,1.20035317,0.4500,false
V4T004979,340.988064,-20.752382,ELG,0.90211541,1.0000,false
V4T004980,54.900754,-54.947954,BGS,1.07384133,0.4500,false
V4T004981,337.960310,-31.150680,BGS,1.25119245,0.4500,false
V4T004982,346.157318,-24.267469,ELG,0.42477440,1.0000,false
V4T004983,346.046643,-17.335402,LRG,0.36026234,1.0000,false
V4T004984,51.913607,-41.469272,LRG,0.38838810,1.0000,false
V4T004985,38.309346,-44.552794,ELG,0.24718430,1.0000,false
V4T004986,29.906298,-54.343354,ELG,0.56417875,1.0000,false
V4T004987,21.506961,-41.291100,Star,2.79025172,0.3000,false
V4T004988,340.529368,-30.828895,LRG,0.35410987,1.0000,false
V4T004989,340.324586,-23.738114,BGS,1.18680579,0.4500,false
V4T004990,345.643343,-33.506587,ELG,0.31335165,1.0000,false
V4T004991,25.053671,-51.968130,BGS,1.83060948,0.4500,false
V4T004992,352.300537,-28.857185,ELG,0.52773442,1.0000,false
V4T004993,0.059735,-18.586534,QSO,0.09955887,1.7000,false
V4T004994,30.620822,-56.424594,ELG,0.46825580,1.0000,false
V4T004995,339.299634,-31.169136,Star,4.36848023,0.3000,false
V4T004996,344.718995,-22.684225,BGS,1.52974998,0.4500,false
V4T004997,20.054424,-49.614123,ELG,0.41537703,1.0000,true
V4T004998,341.706916,-25.740920,Star,2.68644876,0.3000,false
V4T004999,49.289169,-48.251853,ELG,1.15769738,1.0000,false
V4T005000,357.884819,-23.908062,LRG,0.20542912,1.0000,false
V4T005001,25.281605,-51.477019,QSO,0.48021737,1.7000,false
V4T005002,346.336710,-28.535899,LRG,0.46110910,1.0000,false
V4T005003,56.260962,-54.120455,ELG,0.55109353,1.0000,false
V4T005004,35.665694,-41.748235,ELG,1.02695769,1.0000,true
V4T005005,30.718774,-34.353905,LRG,0.25177648,1.0000,false
V4T005006,47.930502,-46.463897,ELG,0.60359846,1.0000,false
V4T005007,22.177746,-43.617119,LRG,0.55456288,1.0000,false
V4T005008,355.011571,-21.218044,LRG,0.20475826,1.0000,false
V4T005009,32.690053,-32.523283,QSO,0.11038462,1.7000,false
V4T005010,337.447744,-30.416424,ELG,0.60302863,1.0000,false
V4T005011,342.696467,-26.172621,LRG,0.24917949,1.0000,false
V4T005012,349.541879,-23.264778,BGS,1.55962115,0.4500,false
V4T005013,343.833720,-26.991968,ELG,0.36651784,1.0000,false
V4T005014,49.490741,-48.266989,ELG,0.50448018,1.0000,false
V4T005015,350.412487,-38.051827,BGS,1.22467560,0.4500,false
V4T005016,24.837036,-48.016063,QSO,0.26028094,1.7000,false
V4T005017,357.980603,-36.438348,ELG,0.30673216,1.0000,false
V4T005018,359.893149,-34.784768,LRG,0.44447318,1.0000,false
V4T005019,27.660646,-38.600711,LRG,0.47858844,1.0000,false
V4T005020,35.760186,-42.034665,ELG,0.33264578,1.0000,false
V4T005021,21.119372,-40.663253,ELG,0.56981033,1.0000,false
V4T005022,31.035309,-45.244999,QSO,0.30442405,1.7000,false
V4T005023,355.627859,-25.109055,LRG,0.13636723,1.0000,false
V4T005024,344.804800,-20.997994,ELG,0.61901193,1.0000,false
V4T005025,4.092686,-30.353009,LRG,0.29849145,1.0000,false
V4T005026,43.800823,-36.878761,LRG,0.32951622,1.0000,false
V4T005027,349.859433,-26.432965,LRG,0.31651907,1.0000,false
V4T005028,50.748882,-57.706580,ELG,0.55622587,1.0000,false
V4T005029,357.791436,-37.119647,LRG,0.17508048,1.0000,false
V4T005030,350.752772,-26.259613,BGS,1.58056659,0.4500,false
V4T005031,347.156130,-15.559637,ELG,0.86901674,1.0000,false
V4T005032,29.524675,-52.570118,BGS,0.68022531,0.4500,false
V4T005033,40.165996,-50.744983,LRG,0.25478257,1.0000,false
V4T005034,53.676137,-50.717015,LRG,0.41628525,1.0000,false
V4T005035,26.609757,-55.420307,ELG,0.41584012,1.0000,false
V4T005036,45.917773,-55.541602,BGS,1.25184112,0.4500,false
V4T005037,338.370311,-31.978872,QSO,0.07866143,1.7000,false
V4T005038,344.448585,-35.123438,ELG,0.83964938,1.0000,false
V4T005039,346.607772,-16.863173,ELG,0.59121907,1.0000,false
V4T005040,348.126246,-17.489161,ELG,0.61961065,1.0000,false
V4T005041,43.071548,-44.596468,BGS,0.87522093,0.4500,false
V4T005042,38.601320,-53.136067,ELG,0.95626832,1.0000,false
V4T005043,40.202524,-49.493548,ELG,0.29659211,1.0000,false
V4T005044,52.128664,-53.598750,BGS,1.54107840,0.4500,false
V4T005045,25.490440,-52.138390,QSO,0.39832612,1.7000,false
V4T005046,27.346598,-48.346028,LRG,0.30773764,1.0000,false
V4T005047,3.462418,-24.220315,QSO,0.12894418,1.7000,false
V4T005048,33.727396,-49.146436,ELG,0.48922736,1.0000,false
V4T005049,344.815698,-27.340058,LRG,0.30072082,1.0000,false
V4T005050,55.673500,-54.181283,BGS,1.42570857,0.4500,true
V4T005051,337.817672,-31.076279,ELG,0.54639299,1.0000,false
V4T005052,54.650328,-40.539929,QSO,0.26732025,1.7000,false
V4T005053,337.816124,-22.296904,ELG,0.79572741,1.0000,false
V4T005054,56.943195,-52.703577,BGS,1.66842130,0.4500,false
V4T005055,347.530956,-32.647407,BGS,0.84994377,0.4500,false
V4T005056,359.175102,-33.933626,LRG,0.23404732,1.0000,false
V4T005057,58.254994,-44.134770,ELG,0.46141000,1.0000,false
V4T005058,45.565597,-38.071237,BGS,1.32839949,0.4500,false
V4T005059,54.609056,-37.608325,ELG,0.26599836,1.0000,false
V4T005060,345.608944,-17.582604,Star,5.69802819,0.3000,false
V4T005061,17.624663,-42.195543,ELG,0.79501375,1.0000,false
V4T005062,55.097209,-38.575963,BGS,1.10565765,0.4500,false
V4T005063,352.648847,-18.198293,ELG,0.56923958,1.0000,false
V4T005064,24.082866,-51.870969,BGS,1.67471945,0.4500,false
V4T005065,356.783429,-34.085155,ELG,0.23274484,1.0000,false
V4T005066,353.261003,-22.957379,BGS,1.41033187,0.4500,false
V4T005067,28.205692,-36.914867,ELG,1.13144824,1.0000,false
V4T005068,345.822790,-17.249323,QSO,0.14229782,1.7000,false
V4T005069,352.877135,-31.965873,ELG,0.29917376,1.0000,false
V4T005070,359.728743,-35.551178,QSO,0.31675233,1.7000,false
V4T005071,35.182319,-34.580460,ELG,0.50539640,1.0000,false
V4T005072,35.702215,-53.163124,ELG,0.55903386,1.0000,false
V4T005073,55.293325,-54.803302,QSO,0.20263212,1.7000,false
V4T005074,45.560195,-52.259812,LRG,0.46043239,1.0000,false
V4T005075,38.243391,-54.201977,BGS,1.18445062,0.4500,false
V4T005076,15.491371,-54.406189,LRG,0.47169212,1.0000,false
V4T005077,52.124532,-38.619803,ELG,0.63740364,1.0000,false
V4T005078,53.591465,-43.093332,BGS,2.14385665,0.4500,false
V4T005079,338.407794,-19.812001,QSO,0.10355088,1.7000,false
V4T005080,353.167954,-17.773124,LRG,0.27893403,1.0000,false
V4T005081,343.241136,-17.713677,ELG,0.69742134,1.0000,false
V4T005082,24.935278,-51.632703,LRG,0.23813192,1.0000,false
V4T005083,342.458133,-24.210110,QSO,0.22470063,1.7000,false
V4T005084,353.725622,-20.612652,ELG,0.94330700,1.0000,false
V4T005085,356.847709,-30.320353,QSO,0.14771456,1.7000,true
V4T005086,18.526393,-45.880589,BGS,1.22820632,0.4500,false
V4T005087,337.787535,-28.040324,BGS,0.87021546,0.4500,false
V4T005088,342.642599,-18.401690,LRG,0.28790099,1.0000,false
V4T005089,337.582303,-30.451795,ELG,0.46264986,1.0000,false
V4T005090,358.734780,-26.490844,ELG,0.83674151,1.0000,false
V4T005091,53.517087,-36.051964,Star,3.17351533,0.3000,false
V4T005092,53.137697,-39.051120,BGS,1.72555300,0.4500,false
V4T005093,39.895478,-36.318350,ELG,0.83093768,1.0000,false
V4T005094,341.624507,-30.658822,ELG,0.58609685,1.0000,false
V4T005095,341.812776,-26.339496,Star,5.13102293,0.3000,false
V4T005096,348.955004,-34.898464,ELG,0.37634393,1.0000,false
V4T005097,350.276370,-38.488572,LRG,0.34876184,1.0000,false
V4T005098,345.512363,-35.581947,LRG,0.35881093,1.0000,false
V4T005099,36.904555,-41.159789,ELG,0.54832904,1.0000,false
V4T005100,49.997696,-41.253284,QSO,0.07646119,1.7000,false
V4T005101,342.216073,-18.929982,ELG,0.46532607,1.0000,false
V4T005102,356.843051,-32.336173,ELG,0.37558125,1.0000,false
V4T005103,40.213415,-40.840435,ELG,0.56938881,1.0000,false
V4T005104,353.155903,-29.010479,LRG,0.29869889,1.0000,false
V4T005105,52.860161,-35.491954,BGS,1.12747186,0.4500,false
V4T005106,352.690388,-33.906753,ELG,0.89089751,1.0000,false
V4T005107,352.766411,-27.795484,Star,2.61169282,0.3000,false
V4T005108,56.708607,-40.124877,BGS,1.08616845,0.4500,false
V4T005109,16.774397,-46.563516,BGS,1.62000594,0.4500,false
V4T005110,351.969472,-18.833569,ELG,0.51652567,1.0000,false
V4T005111,348.613970,-32.156711,Star,3.67002206,0.3000,false
V4T005112,38.211328,-51.550203,ELG,0.50106869,1.0000,false
V4T005113,345.725157,-28.746089,QSO,0.20467927,1.7000,false
V4T005114,16.646338,-50.191107,LRG,0.28005640,1.0000,false
V4T005115,347.406345,-30.633215,LRG,0.44179988,1.0000,false
V4T005116,46.065500,-41.421487,QSO,0.37247669,1.7000,false
V4T005117,336.888040,-22.259181,Star,4.90601873,0.3000,false
V4T005118,36.945788,-51.573079,BGS,1.08477829,0.4500,false
V4T005119,37.923052,-43.860501,LRG,0.47750345,1.0000,false
V4T005120,17.818836,-57.072890,ELG,0.49187448,1.0000,false
V4T005121,32.261992,-33.401614,ELG,0.41417600,1.0000,false
V4T005122,345.513730,-18.152279,BGS,1.18334159,0.4500,false
V4T005123,22.322655,-42.792262,BGS,1.03831996,0.4500,false
V4T005124,26.323230,-37.665619,BGS,0.68975097,0.4500,false
V4T005125,344.253313,-21.361036,BGS,0.97304647,0.4500,false
V4T005126,341.715476,-26.618328,BGS,1.12294891,0.4500,false
V4T005127,341.108486,-26.710806,BGS,1.01735374,0.4500,false
V4T005128,356.774356,-19.725534,Star,4.46647374,0.3000,false
V4T005129,50.868476,-53.245688,ELG,1.06136353,1.0000,false
V4T005130,347.571104,-23.810732,BGS,1.30188356,0.4500,false
V4T005131,343.613157,-16.102435,LRG,0.36050909,1.0000,false
V4T005132,48.113418,-42.234835,LRG,0.24584048,1.0000,false
V4T005133,341.219226,-34.571149,BGS,0.82996792,0.4500,false
V4T005134,338.700766,-27.772723,ELG,0.47120821,1.0000,false
V4T005135,343.135705,-20.297590,BGS,0.90511396,0.4500,false
V4T005136,17.667247,-49.418631,ELG,0.55310397,1.0000,false
V4T005137,359.116605,-28.006482,ELG,0.79226546,1.0000,false
V4T005138,29.470538,-53.406334,Star,4.13895001,0.3000,false
V4T005139,351.546099,-37.761163,LRG,0.25934397,1.0000,false
V4T005140,347.765081,-32.373213,QSO,0.13546509,1.7000,false
V4T005141,56.637039,-46.637050,BGS,0.99560455,0.4500,false
V4T005142,359.301381,-23.395112,ELG,0.76843825,1.0000,false
V4T005143,341.095521,-33.225847,ELG,1.22710390,1.0000,false
V4T005144,33.009542,-36.104397,ELG,0.62694966,1.0000,true
V4T005145,344.981194,-17.239784,ELG,1.10198583,1.0000,false
V4T005146,48.607067,-44.475091,ELG,0.54299653,1.0000,false
V4T005147,25.565974,-51.531513,ELG,0.63281180,1.0000,false
V4T005148,34.066700,-34.777304,ELG,0.63172348,1.0000,false
V4T005149,345.764340,-21.967492,ELG,0.40086952,1.0000,false
V4T005150,343.361711,-36.182107,LRG,0.59533447,1.0000,false
V4T005151,359.739145,-18.593633,QSO,0.15564935,1.7000,false
V4T005152,340.065592,-32.892872,LRG,0.42746564,1.0000,false
V4T005153,342.622886,-26.695717,BGS,1.08019970,0.4500,false
V4T005154,356.801174,-32.933538,QSO,0.61000352,1.7000,false
V4T005155,343.639122,-26.146659,BGS,1.52440677,0.4500,false
V4T005156,353.619541,-21.372243,LRG,0.29379476,1.0000,false
V4T005157,342.661408,-22.021178,QSO,0.26739186,1.7000,false
V4T005158,42.590665,-32.774953,ELG,0.75785904,1.0000,false
V4T005159,1.089373,-23.080199,ELG,0.34906161,1.0000,false
V4T005160,344.213368,-19.467406,ELG,1.01771528,1.0000,false
V4T005161,42.798618,-57.634776,ELG,0.62041557,1.0000,false
V4T005162,47.170394,-36.719648,BGS,1.66031770,0.4500,false
V4T005163,29.744744,-53.396679,QSO,0.20078082,1.7000,false
V4T005164,345.394228,-28.287824,ELG,0.40571517,1.0000,false
V4T005165,351.057672,-19.984370,ELG,0.41071016,1.0000,false
V4T005166,350.651334,-35.810895,Star,3.26456111,0.3000,false
V4T005167,38.658036,-47.694019,BGS,1.26887433,0.4500,false
V4T005168,0.950245,-19.483069,ELG,0.48206916,1.0000,false
V4T005169,32.562282,-36.018166,ELG,0.34208247,1.0000,true
V4T005170,345.352232,-35.806771,BGS,1.77325459,0.4500,true
V4T005171,345.041670,-23.220774,ELG,0.77888789,1.0000,false
V4T005172,19.695505,-42.939314,QSO,0.37746801,1.7000,false
V4T005173,1.727336,-31.430895,LRG,0.58953763,1.0000,false
V4T005174,37.502364,-31.457492,Star,4.95385342,0.3000,false
V4T005175,353.396405,-24.079511,LRG,0.49051373,1.0000,false
V4T005176,350.743946,-19.059018,Star,4.02398391,0.3000,false
V4T005177,341.023927,-29.499405,LRG,0.10898984,1.0000,false
V4T005178,37.963485,-31.686401,ELG,0.49117691,1.0000,false
V4T005179,25.869513,-38.462783,LRG,0.37161645,1.0000,false
V4T005180,18.201190,-55.795156,LRG,0.72337996,1.0000,false
V4T005181,351.962917,-17.238244,ELG,0.78726624,1.0000,false
V4T005182,32.464884,-52.661793,QSO,0.32895772,1.7000,false
V4T005183,40.277491,-46.447983,LRG,0.31832658,1.0000,false
V4T005184,341.648217,-33.644534,LRG,0.80723865,1.0000,false
V4T005185,26.730410,-59.279834,QSO,0.32001317,1.7000,false
V4T005186,54.238825,-53.332458,ELG,0.34338808,1.0000,false
V4T005187,27.994376,-58.564085,ELG,0.66890186,1.0000,false
V4T005188,31.513683,-49.740028,BGS,1.76236206,0.4500,false
V4T005189,357.589133,-17.468118,ELG,0.39977026,1.0000,false
V4T005190,36.341333,-53.604242,LRG,0.45746682,1.0000,false
V4T005191,342.182565,-18.088086,Star,2.64002546,0.3000,false
V4T005192,345.119401,-29.311208,ELG,0.76692351,1.0000,false
V4T005193,44.611090,-44.480153,ELG,0.39295696,1.0000,false
V4T005194,30.276285,-60.719698,ELG,0.44029610,1.0000,false
V4T005195,338.632524,-32.175322,Star,2.80970032,0.3000,false
V4T005196,40.010245,-35.855223,BGS,0.90541908,0.4500,false
V4T005197,352.767007,-25.781378,LRG,0.53234744,1.0000,false
V4T005198,21.190944,-52.802007,QSO,0.10841019,1.7000,false
V4T005199,29.510172,-47.861049,QSO,0.16626400,1.7000,false
V4T005200,55.255063,-54.686685,ELG,0.25093288,1.0000,true
V4T005201,36.562704,-40.881370,LRG,0.77785587,1.0000,false
V4T005202,51.691732,-57.596422,BGS,0.82905849,0.4500,false
V4T005203,48.309325,-34.577834,BGS,1.21182963,0.4500,false
V4T005204,356.386023,-28.514921,QSO,0.25499654,1.7000,false
V4T005205,45.718874,-53.994289,LRG,0.29634214,1.0000,false
V4T005206,53.247344,-57.254747,BGS,1.49611843,0.4500,false
V4T005207,354.111440,-19.270623,LRG,0.29140847,1.0000,false
V4T005208,32.240970,-47.428433,Star,5.17434698,0.3000,false
V4T005209,46.749580,-42.739741,LRG,0.48119330,1.0000,false
V4T005210,46.608250,-54.483897,BGS,1.59510685,0.4500,false
V4T005211,40.796313,-33.904757,BGS,0.89766316,0.4500,false
V4T005212,23.299315,-39.612878,BGS,1.30356215,0.4500,false
V4T005213,1.112776,-19.687339,BGS,2.22819698,0.4500,false
V4T005214,46.639512,-48.581423,ELG,0.71088976,1.0000,false
V4T005215,50.310965,-48.162006,BGS,1.06295083,0.4500,false
V4T005216,353.058028,-32.995267,QSO,0.15374649,1.7000,false
V4T005217,336.443874,-26.041488,BGS,1.55711009,0.4500,false
V4T005218,48.625280,-59.368635,BGS,1.11077087,0.4500,false
V4T005219,341.148201,-32.752976,QSO,0.05162652,1.7000,false
V4T005220,37.136056,-41.382796,LRG,0.49507309,1.0000,false
V4T005221,29.578543,-53.734018,BGS,1.80234576,0.4500,false
V4T005222,349.728853,-18.974479,LRG,0.69917199,1.0000,false
V4T005223,352.848274,-32.742836,BGS,1.17238395,0.4500,false
V4T005224,346.014718,-28.382968,ELG,0.80110599,1.0000,false
V4T005225,33.585143,-36.503376,Star,4.04405295,0.3000,false
V4T005226,24.962988,-51.336907,ELG,0.74547999,1.0000,false
V4T005227,42.899547,-44.160559,QSO,0.24579499,1.7000,false
V4T005228,343.549845,-26.314807,BGS,0.95086636,0.4500,false
V4T005229,25.158592,-52.592909,BGS,1.58975657,0.4500,false
V4T005230,49.818868,-42.388127,LRG,0.21757804,1.0000,false
V4T005231,338.525414,-26.222405,BGS,1.03551670,0.4500,false
V4T005232,19.571676,-44.987229,BGS,0.89554467,0.4500,false
V4T005233,354.945167,-18.831652,Star,3.76336017,0.3000,false
V4T005234,38.361358,-39.821461,ELG,0.65434551,1.0000,false
V4T005235,36.824336,-41.186101,LRG,0.28933659,1.0000,false
V4T005236,345.753336,-17.702913,QSO,0.18498979,1.7000,false
V4T005237,346.256212,-31.150076,BGS,1.77441306,0.4500,false
V4T005238,340.473493,-32.974642,BGS,0.99300110,0.4500,false
V4T005239,344.608446,-26.860750,BGS,1.57457109,0.4500,false
V4T005240,20.256154,-41.905909,ELG,0.21783561,1.0000,false
V4T005241,56.908032,-49.620744,BGS,1.35253046,0.4500,false
V4T005242,36.674911,-41.776616,LRG,0.22241916,1.0000,false
V4T005243,336.937546,-22.019457,BGS,1.11285871,0.4500,false
V4T005244,52.142030,-45.404953,QSO,0.18430702,1.7000,false
V4T005245,29.865065,-53.976828,LRG,0.35532540,1.0000,false
V4T005246,346.154001,-29.189483,ELG,0.34063758,1.0000,false
V4T005247,35.257890,-40.594278,BGS,2.18853625,0.4500,false
V4T005248,31.309217,-34.547483,LRG,0.48232464,1.0000,false
V4T005249,41.039776,-56.432480,BGS,1.46690133,0.4500,false
V4T005250,354.018525,-16.492186,ELG,0.42880806,1.0000,false
V4T005251,349.050875,-32.914285,ELG,0.96428063,1.0000,false
V4T005252,353.875689,-19.902351,Star,4.64571409,0.3000,false
V4T005253,348.108046,-20.590588,ELG,1.01363321,1.0000,false
V4T005254,337.625193,-32.283364,LRG,0.72492877,1.0000,false
V4T005255,39.790858,-48.604571,BGS,0.72602525,0.4500,false
V4T005256,352.658660,-39.540237,ELG,0.45979102,1.0000,false
V4T005257,56.808268,-54.289861,BGS,1.30781995,0.4500,false
V4T005258,21.166809,-56.732211,LRG,0.20501436,1.0000,true
V4T005259,25.831798,-51.577436,ELG,0.38888442,1.0000,false
V4T005260,342.588456,-21.742548,BGS,1.65326360,0.4500,false
V4T005261,49.180229,-49.775966,QSO,0.28081915,1.7000,false
V4T005262,338.535992,-34.575130,ELG,0.50257796,1.0000,false
V4T005263,31.296097,-54.050412,ELG,0.93891500,1.0000,true
V4T005264,343.406493,-26.835610,BGS,1.35140020,0.4500,false
V4T005265,344.444781,-28.552055,ELG,0.62316498,1.0000,false
V4T005266,25.085702,-51.800498,ELG,1.11195535,1.0000,false
V4T005267,35.695826,-53.996524,LRG,0.18239366,1.0000,false
V4T005268,21.830407,-43.415614,BGS,0.85618075,0.4500,false
V4T005269,34.499485,-39.146566,BGS,1.14072390,0.4500,true
V4T005270,36.141185,-39.286768,ELG,0.38659180,1.0000,false
V4T005271,343.647882,-27.070884,ELG,0.39641220,1.0000,true
V4T005272,350.514067,-29.484135,LRG,0.30926245,1.0000,false
V4T005273,18.353792,-51.164228,LRG,0.33631786,1.0000,false
V4T005274,37.895119,-56.259206,BGS,1.43995810,0.4500,false
V4T005275,34.293380,-41.651219,BGS,1.22322807,0.4500,false
V4T005276,28.425854,-33.951480,ELG,0.48932969,1.0000,false
V4T005277,54.741763,-40.160515,ELG,1.14688398,1.0000,false
V4T005278,351.147936,-23.700057,ELG,1.40777425,1.0000,false
V4T005279,337.847794,-30.282344,BGS,1.16184414,0.4500,false
V4T005280,18.378400,-43.613908,ELG,0.36158331,1.0000,false
V4T005281,50.409082,-33.718313,BGS,1.14006866,0.4500,false
V4T005282,352.782908,-28.398531,BGS,0.98796578,0.4500,false
V4T005283,15.151594,-45.829790,ELG,0.52740464,1.0000,false
V4T005284,30.966824,-45.267526,LRG,0.29891463,1.0000,true
V4T005285,18.940264,-56.853612,BGS,1.39595118,0.4500,false
V4T005286,342.698726,-26.231735,LRG,0.46561336,1.0000,false
V4T005287,52.988819,-46.527807,ELG,0.50952063,1.0000,false
V4T005288,345.497111,-17.048689,LRG,0.28203410,1.0000,false
V4T005289,42.175696,-53.290337,LRG,0.38843169,1.0000,false
V4T005290,22.792836,-47.676941,ELG,0.66016561,1.0000,false
V4T005291,25.873688,-52.691489,BGS,1.83886407,0.4500,false
V4T005292,34.965344,-36.288790,ELG,0.73731459,1.0000,false
V4T005293,50.713341,-45.642944,LRG,0.28339615,1.0000,false
V4T005294,50.597803,-56.595443,LRG,0.29511182,1.0000,false
V4T005295,349.144751,-34.528811,BGS,0.62705003,0.4500,false
V4T005296,339.374614,-35.107659,BGS,0.98029192,0.4500,true
V4T005297,52.558006,-46.411887,ELG,0.51912581,1.0000,false
V4T005298,348.935987,-20.393421,ELG,0.62483109,1.0000,false
V4T005299,336.847578,-25.614575,ELG,0.59996472,1.0000,false
V4T005300,56.561497,-38.933991,BGS,0.78710080,0.4500,false
V4T005301,52.759420,-37.013464,BGS,1.49664695,0.4500,false
V4T005302,344.039419,-33.991781,BGS,1.08376057,0.4500,false
V4T005303,43.955338,-46.835086,Star,4.29443494,0.3000,false
V4T005304,34.640812,-61.343647,BGS,1.15861874,0.4500,false
V4T005305,339.173428,-27.870523,BGS,1.19996053,0.4500,false
V4T005306,340.368788,-33.734557,ELG,0.92284428,1.0000,false
V4T005307,341.935057,-32.884190,BGS,1.17690803,0.4500,false
V4T005308,344.825690,-30.664946,ELG,1.59982647,1.0000,false
V4T005309,341.602775,-32.306552,QSO,0.18883539,1.7000,false
V4T005310,338.793457,-23.866620,BGS,1.34762635,0.4500,false
V4T005311,44.659355,-36.831705,ELG,0.85552418,1.0000,false
V4T005312,38.649276,-58.063503,BGS,1.34232565,0.4500,false
V4T005313,345.850814,-28.022005,QSO,0.24112508,1.7000,false
V4T005314,56.490511,-54.381320,ELG,0.58305668,1.0000,false
V4T005315,33.999633,-43.986136,QSO,0.25549710,1.7000,false
V4T005316,344.277239,-16.680150,QSO,0.19013143,1.7000,false
V4T005317,349.054835,-26.415933,ELG,0.60644671,1.0000,false
V4T005318,35.168544,-57.677499,ELG,0.37428155,1.0000,false
V4T005319,346.176946,-17.491997,ELG,0.68317571,1.0000,true
V4T005320,35.436788,-38.098305,Star,5.37689979,0.3000,false
V4T005321,344.069451,-22.740861,LRG,0.38505603,1.0000,false
V4T005322,353.604231,-28.479850,ELG,0.67923934,1.0000,false
V4T005323,337.088423,-25.286099,LRG,0.20759149,1.0000,false
V4T005324,34.027314,-53.148380,BGS,0.97267795,0.4500,false
V4T005325,352.241076,-32.218287,ELG,0.54198251,1.0000,false
V4T005326,337.455202,-30.826632,ELG,0.55354351,1.0000,false
V4T005327,344.927115,-17.528633,BGS,1.39934772,0.4500,true
V4T005328,343.681109,-35.035922,Star,5.55250693,0.3000,false
V4T005329,357.111291,-32.832396,QSO,0.10064171,1.7000,false
V4T005330,359.494343,-22.092090,ELG,0.34557492,1.0000,false
V4T005331,338.500139,-31.077877,LRG,0.54476016,1.0000,false
V4T005332,340.537275,-33.912077,ELG,0.39772413,1.0000,false
V4T005333,343.072481,-27.062762,LRG,0.28209021,1.0000,true
V4T005334,341.415592,-27.363082,QSO,0.09019233,1.7000,false
V4T005335,346.749178,-18.190399,BGS,2.10714781,0.4500,false
V4T005336,37.193267,-31.584105,LRG,0.35203615,1.0000,false
V4T005337,341.921223,-22.401829,LRG,0.32511043,1.0000,true
V4T005338,358.933314,-23.211914,QSO,0.12561859,1.7000,false
V4T005339,335.885514,-25.438828,LRG,0.35375626,1.0000,false
V4T005340,35.932456,-37.936933,LRG,0.25408811,1.0000,false
V4T005341,52.467779,-49.426127,ELG,0.56080610,1.0000,false
V4T005342,44.309786,-40.679533,QSO,0.13514557,1.7000,false
V4T005343,29.854104,-43.746593,ELG,0.55738014,1.0000,false
V4T005344,359.035919,-32.865879,BGS,2.16042421,0.4500,false
V4T005345,58.390770,-52.029735,ELG,0.38404895,1.0000,false
V4T005346,347.173791,-15.270893,ELG,0.31767576,1.0000,false
V4T005347,26.925976,-47.975078,ELG,0.99435605,1.0000,false
V4T005348,354.232879,-21.256776,BGS,0.90540143,0.4500,true
V4T005349,31.239526,-53.722156,ELG,0.45989219,1.0000,false
V4T005350,344.879136,-24.111662,ELG,0.38579855,1.0000,false
V4T005351,41.013256,-40.535547,LRG,0.20301771,1.0000,false
V4T005352,339.769800,-26.526763,QSO,0.34589169,1.7000,false
V4T005353,345.331039,-16.117453,LRG,0.17470147,1.0000,false
V4T005354,0.465025,-21.237110,LRG,0.34230767,1.0000,false
V4T005355,38.229085,-32.262797,ELG,0.50852221,1.0000,false
V4T005356,53.106655,-56.365165,BGS,1.43232038,0.4500,true
V4T005357,51.796828,-40.817103,QSO,0.20086777,1.7000,false
V4T005358,49.507408,-42.013897,Star,6.77442219,0.3000,false
V4T005359,351.829185,-24.944902,ELG,0.52942858,1.0000,false
V4T005360,36.469969,-46.818049,QSO,0.15991481,1.7000,false
V4T005361,357.215511,-27.468213,ELG,0.74889075,1.0000,false
V4T005362,25.794622,-51.765701,ELG,0.91476376,1.0000,false
V4T005363,337.933136,-26.370132,BGS,0.99782714,0.4500,false
V4T005364,337.847949,-31.516347,QSO,0.14177054,1.7000,false
V4T005365,52.555491,-43.217135,QSO,0.19485640,1.7000,false
V4T005366,357.205082,-27.553609,BGS,1.01912014,0.4500,false
V4T005367,337.496520,-24.837721,QSO,0.09508340,1.7000,false
V4T005368,351.621133,-37.327901,QSO,0.21361557,1.7000,false
V4T005369,29.194987,-56.880321,ELG,0.80719693,1.0000,false
V4T005370,348.058789,-15.610219,LRG,0.29648128,1.0000,false
V4T005371,0.130335,-18.697737,Star,5.46833691,0.3000,false
V4T005372,343.363473,-31.697681,BGS,1.35289965,0.4500,false
V4T005373,359.574794,-25.368959,QSO,0.13918782,1.7000,false
V4T005374,345.022315,-27.993874,Star,4.30988826,0.3000,false
V4T005375,27.989218,-44.175925,LRG,0.50824674,1.0000,false
V4T005376,341.133920,-33.472923,LRG,0.35045462,1.0000,false
V4T005377,26.546707,-51.255697,ELG,0.59829870,1.0000,false
V4T005378,40.484046,-46.005665,BGS,0.99259374,0.4500,false
V4T005379,340.042414,-33.427295,BGS,0.99940539,0.4500,false
V4T005380,345.621593,-28.465336,QSO,0.49295461,1.7000,false
V4T005381,54.650438,-54.865306,ELG,0.72631717,1.0000,true
V4T005382,41.980984,-47.434634,LRG,0.23821629,1.0000,false
V4T005383,343.132898,-29.949699,ELG,0.60220399,1.0000,false
V4T005384,347.296343,-21.273576,ELG,0.59003971,1.0000,false
V4T005385,357.612465,-23.654830,Star,3.61970976,0.3000,false
V4T005386,42.660242,-57.690208,BGS,1.59503946,0.4500,false
V4T005387,346.224759,-18.386414,BGS,1.50962903,0.4500,false
V4T005388,33.662065,-59.754654,ELG,0.31711690,1.0000,false
V4T005389,343.960630,-26.946983,LRG,0.27843808,1.0000,false
V4T005390,1.968270,-32.638930,LRG,0.32356809,1.0000,false
V4T005391,50.637280,-45.487547,Star,3.19459365,0.3000,false
V4T005392,19.716362,-44.785590,LRG,0.20183671,1.0000,false
V4T005393,56.476128,-54.804915,BGS,1.23921077,0.4500,false
V4T005394,36.275235,-44.374689,BGS,1.38517345,0.4500,false
V4T005395,42.446083,-45.066628,ELG,0.36178135,1.0000,false
V4T005396,1.017001,-19.328524,QSO,0.15837515,1.7000,false
V4T005397,341.294606,-35.636438,ELG,0.54876003,1.0000,false
V4T005398,341.373782,-33.346514,Star,6.60061947,0.3000,false
V4T005399,352.551306,-28.587020,QSO,0.29472622,1.7000,false
V4T005400,36.057652,-40.370587,LRG,0.33127902,1.0000,false
V4T005401,25.769974,-49.436600,ELG,1.17709856,1.0000,false
V4T005402,47.591872,-48.702861,Star,2.20900756,0.3000,false
V4T005403,343.512835,-27.037298,ELG,0.46099405,1.0000,true
V4T005404,344.003438,-26.836317,BGS,0.93271839,0.4500,false
V4T005405,52.404890,-46.015824,ELG,0.35638348,1.0000,false
V4T005406,350.961987,-34.581812,ELG,0.41313885,1.0000,false
V4T005407,40.300197,-49.156109,ELG,0.60911556,1.0000,false
V4T005408,1.589814,-21.446971,ELG,0.52747649,1.0000,false
V4T005409,341.115638,-33.109829,ELG,0.64654718,1.0000,false
V4T005410,0.033906,-19.010832,ELG,0.99210319,1.0000,false
V4T005411,36.828714,-41.217329,ELG,0.36741541,1.0000,false
V4T005412,36.581007,-32.376115,Star,4.57981496,0.3000,false
V4T005413,341.634364,-33.709645,QSO,0.08668681,1.7000,false
V4T005414,29.774522,-54.009640,BGS,1.19128925,0.4500,false
V4T005415,43.411386,-54.528832,QSO,0.15840928,1.7000,false
V4T005416,358.067106,-19.682296,ELG,0.30923726,1.0000,false
V4T005417,347.373580,-39.006168,Star,3.94705980,0.3000,false
V4T005418,41.587167,-33.824074,ELG,0.60952028,1.0000,true
V4T005419,39.007001,-33.045658,ELG,0.52456099,1.0000,true
V4T005420,30.096136,-54.772392,ELG,0.36067116,1.0000,false
V4T005421,29.179754,-46.309437,QSO,0.47142235,1.7000,false
V4T005422,346.961573,-16.273994,BGS,0.85793522,0.4500,false
V4T005423,353.995932,-17.025088,ELG,0.68527570,1.0000,false
V4T005424,49.046271,-56.356972,BGS,0.82217849,0.4500,false
V4T005425,345.806449,-15.853660,QSO,0.19572569,1.7000,false
V4T005426,356.338665,-32.100786,ELG,0.50198077,1.0000,false
V4T005427,27.423982,-53.047424,ELG,0.43465483,1.0000,false
V4T005428,50.994736,-46.721839,ELG,1.07358138,1.0000,false
V4T005429,346.834082,-29.801453,ELG,0.95881185,1.0000,false
V4T005430,336.949088,-28.073032,LRG,0.45350302,1.0000,false
V4T005431,58.104214,-44.549874,BGS,1.57885116,0.4500,false
V4T005432,48.854080,-41.203626,BGS,1.46549152,0.4500,false
V4T005433,355.145564,-38.747231,LRG,0.49164197,1.0000,false
V4T005434,348.334126,-34.028151,BGS,1.26248416,0.4500,false
V4T005435,353.719163,-33.676053,ELG,0.54403431,1.0000,false
V4T005436,340.673333,-33.445190,BGS,1.03414878,0.4500,false
V4T005437,30.015285,-54.327159,BGS,1.51316049,0.4500,false
V4T005438,37.696684,-49.506746,QSO,0.35900825,1.7000,false
V4T005439,37.270960,-31.509973,BGS,1.66051322,0.4500,true
V4T005440,19.208961,-41.620224,ELG,0.50575480,1.0000,false
V4T005441,28.942068,-46.764506,BGS,1.33819736,0.4500,false
V4T005442,344.211913,-26.624340,ELG,0.26035129,1.0000,false
V4T005443,48.543522,-48.787945,BGS,0.75850512,0.4500,false
V4T005444,48.112832,-37.974215,BGS,1.45126498,0.4500,false
V4T005445,344.352071,-29.486476,ELG,0.76444794,1.0000,false
V4T005446,26.350107,-51.611335,BGS,1.88299667,0.4500,true
V4T005447,33.048603,-42.992973,LRG,0.48339893,1.0000,false
V4T005448,353.180753,-36.602603,Star,4.65486099,0.3000,false
V4T005449,38.952710,-53.738174,ELG,0.66941874,1.0000,false
V4T005450,353.779982,-20.050734,ELG,0.37462309,1.0000,false
V4T005451,1.122923,-22.880399,BGS,1.62594978,0.4500,false
V4T005452,26.442039,-47.421608,ELG,0.69471433,1.0000,false
V4T005453,337.841724,-30.880870,LRG,0.26119158,1.0000,false
V4T005454,345.188770,-28.699047,BGS,0.74763650,0.4500,false
V4T005455,45.385639,-46.404784,Star,3.54979388,0.3000,false
V4T005456,343.259541,-32.637391,LRG,0.29282151,1.0000,false
V4T005457,346.075451,-17.351485,BGS,1.34570344,0.4500,false
V4T005458,2.626316,-22.421895,QSO,0.22014945,1.7000,false
V4T005459,17.530842,-49.434601,BGS,1.85775386,0.4500,false
V4T005460,1.327464,-26.551504,ELG,0.50290479,1.0000,false
V4T005461,355.419838,-34.011471,LRG,0.47723794,1.0000,false
V4T005462,351.728287,-28.986690,ELG,0.74174738,1.0000,false
V4T005463,27.763533,-46.734376,LRG,0.34213273,1.0000,false
V4T005464,39.626507,-47.921882,ELG,0.43877952,1.0000,false
V4T005465,43.515050,-34.570590,BGS,0.71148614,0.4500,false
V4T005466,31.527762,-34.791694,Star,3.55345120,0.3000,true
V4T005467,20.618351,-49.295057,QSO,0.25373797,1.7000,false
V4T005468,46.461588,-49.662748,BGS,1.00620100,0.4500,false
V4T005469,356.776316,-33.658011,LRG,0.16206929,1.0000,false
V4T005470,355.674314,-21.085784,ELG,0.67242210,1.0000,false
V4T005471,47.852777,-41.160291,ELG,0.74337088,1.0000,false
V4T005472,37.604782,-31.664945,ELG,0.42607694,1.0000,true
V4T005473,19.088864,-55.235558,ELG,0.56047929,1.0000,false
V4T005474,36.734749,-41.195151,QSO,0.34252637,1.7000,false
V4T005475,55.959138,-55.174565,QSO,0.14345396,1.7000,false
V4T005476,46.157689,-52.686759,LRG,0.57807738,1.0000,false
V4T005477,356.675969,-35.234272,BGS,1.02705239,0.4500,false
V4T005478,39.498928,-35.130217,LRG,0.41076815,1.0000,false
V4T005479,25.307091,-52.087373,ELG,0.63058647,1.0000,false
V4T005480,28.977497,-41.893690,LRG,0.57872949,1.0000,false
V4T005481,347.859210,-38.668783,LRG,0.65235362,1.0000,false
V4T005482,342.077582,-23.645552,ELG,0.63050820,1.0000,false
V4T005483,358.804667,-22.763951,Star,3.38357519,0.3000,false
V4T005484,57.367662,-47.576791,ELG,0.66048504,1.0000,false
V4T005485,348.849795,-30.247131,ELG,0.48257817,1.0000,false
V4T005486,33.302831,-37.753549,ELG,0.83147497,1.0000,false
V4T005487,34.705863,-52.751692,Star,3.68830852,0.3000,false
V4T005488,25.313187,-50.477291,QSO,0.26148800,1.7000,false
V4T005489,51.574668,-41.804512,LRG,0.57450747,1.0000,false
V4T005490,56.960723,-47.910251,Star,4.49520751,0.3000,false
V4T005491,48.852104,-54.825152,ELG,0.52207937,1.0000,false
V4T005492,358.785013,-30.634479,QSO,0.13312173,1.7000,false
V4T005493,17.408794,-45.246822,Star,5.04674341,0.3000,false
V4T005494,34.820670,-35.547161,LRG,0.41753123,1.0000,false
V4T005495,54.294800,-48.192362,QSO,0.10797842,1.7000,false
V4T005496,36.843876,-54.371454,LRG,0.73105806,1.0000,false
V4T005497,345.694596,-24.882933,ELG,0.48387701,1.0000,false
V4T005498,348.654548,-36.848677,BGS,0.94557792,0.4500,false
V4T005499,32.471192,-41.818514,LRG,0.51042147,1.0000,false
V4T005500,44.123558,-45.414232,ELG,0.75510336,1.0000,false
V4T005501,347.404197,-30.423749,Star,3.20429821,0.3000,false
V4T005502,346.594284,-24.565222,BGS,1.78663594,0.4500,false
V4T005503,35.620464,-32.765749,BGS,1.04763944,0.4500,false
V4T005504,45.288853,-32.073004,BGS,1.10590381,0.4500,false
V4T005505,356.396230,-30.750856,LRG,0.32120502,1.0000,false
V4T005506,347.050229,-19.382022,Star,4.80855023,0.3000,true
V4T005507,342.085618,-23.326809,BGS,1.07138720,0.4500,false
V4T005508,343.902755,-24.550554,BGS,0.91233284,0.4500,false
V4T005509,23.782698,-53.115557,ELG,0.23950030,1.0000,false
V4T005510,4.212004,-29.209874,LRG,0.43715703,1.0000,false
V4T005511,37.717301,-32.912649,BGS,1.74698086,0.4500,false
V4T005512,346.881888,-28.797275,ELG,0.82811600,1.0000,false
V4T005513,22.743633,-39.498516,QSO,0.18798099,1.7000,false
V4T005514,57.788313,-44.481606,LRG,0.27531326,1.0000,false
V4T005515,26.280436,-51.003919,LRG,0.53852022,1.0000,false
V4T005516,0.524296,-19.451329,BGS,0.77201711,0.4500,false
V4T005517,352.662037,-32.218992,ELG,0.57869446,1.0000,false
V4T005518,349.600645,-24.747599,LRG,0.28788445,1.0000,false
V4T005519,350.128540,-25.797343,QSO,0.16934940,1.7000,false
V4T005520,353.831977,-23.487449,LRG,0.27828295,1.0000,false
V4T005521,4.720041,-28.852378,LRG,0.27998497,1.0000,false
V4T005522,0.344074,-19.281612,QSO,0.22061870,1.7000,false
V4T005523,25.514986,-55.536690,BGS,2.14771130,0.4500,false
V4T005524,43.059341,-55.001455,LRG,0.26481680,1.0000,false
V4T005525,37.302074,-31.554810,LRG,0.39110817,1.0000,false
V4T005526,50.414012,-42.094508,LRG,0.71619925,1.0000,false
V4T005527,341.509560,-33.746964,BGS,1.13499935,0.4500,false
V4T005528,45.905391,-35.536875,BGS,1.48168398,0.4500,false
V4T005529,51.712956,-42.306055,QSO,0.15950212,1.7000,false
V4T005530,32.647863,-52.153505,ELG,0.52223490,1.0000,false
V4T005531,40.514464,-33.644929,LRG,0.87552686,1.0000,false
V4T005532,350.764597,-36.474868,ELG,0.49905970,1.0000,false
V4T005533,0.385646,-19.298802,QSO,0.19532546,1.7000,false
V4T005534,30.245809,-45.318506,BGS,0.92793156,0.4500,false
V4T005535,3.931042,-26.530226,QSO,0.19417048,1.7000,false
V4T005536,348.754253,-32.207186,QSO,0.13178344,1.7000,false
V4T005537,42.765685,-46.413530,ELG,1.10993803,1.0000,false
V4T005538,25.463070,-51.465226,BGS,1.29575181,0.4500,false
V4T005539,28.482691,-37.672975,ELG,0.79533570,1.0000,false
V4T005540,346.572572,-28.301116,ELG,0.95547802,1.0000,false
V4T005541,32.314477,-51.883667,ELG,0.41520947,1.0000,false
V4T005542,355.575267,-28.696126,ELG,1.23959414,1.0000,false
V4T005543,18.988821,-48.618367,LRG,0.15048020,1.0000,true
V4T005544,16.850385,-43.324338,Star,4.31337368,0.3000,false
V4T005545,345.291390,-27.696287,Star,3.67461697,0.3000,false
V4T005546,37.953203,-31.821336,QSO,0.29867849,1.7000,false
V4T005547,353.357501,-24.172190,BGS,1.74659475,0.4500,false
V4T005548,41.050432,-59.875007,ELG,0.34080823,1.0000,false
V4T005549,30.765076,-59.358420,BGS,1.17120139,0.4500,false
V4T005550,48.531433,-47.355008,LRG,0.31458553,1.0000,false
V4T005551,21.760723,-59.818364,LRG,0.19671233,1.0000,false
V4T005552,346.162728,-17.210741,ELG,0.60523014,1.0000,false
V4T005553,4.312613,-23.916462,ELG,0.38506522,1.0000,false
V4T005554,52.275395,-42.430675,LRG,0.34102255,1.0000,false
V4T005555,352.235308,-28.939058,LRG,0.44078035,1.0000,false
V4T005556,337.976880,-32.222030,LRG,0.32513140,1.0000,false
V4T005557,341.001023,-33.357427,ELG,0.81952190,1.0000,false
V4T005558,28.109498,-56.699878,QSO,0.09508928,1.7000,true
V4T005559,47.491195,-51.355634,LRG,0.28933203,1.0000,false
V4T005560,54.040029,-50.703153,BGS,1.23014332,0.4500,false
V4T005561,35.945003,-36.818818,LRG,0.31004850,1.0000,false
V4T005562,351.025589,-26.118378,BGS,1.47575446,0.4500,false
V4T005563,351.953186,-29.313774,QSO,0.21292914,1.7000,true
V4T005564,351.748835,-26.076277,LRG,0.30372550,1.0000,false
V4T005565,358.472869,-26.432729,BGS,0.76339668,0.4500,false
V4T005566,341.954275,-33.063936,ELG,0.23479095,1.0000,false
V4T005567,356.014294,-25.096485,ELG,0.52610550,1.0000,false
V4T005568,341.341198,-32.949314,QSO,0.36573099,1.7000,false
V4T005569,359.639189,-21.331452,ELG,0.68936188,1.0000,false
V4T005570,356.230501,-34.244042,ELG,0.73680728,1.0000,false
V4T005571,55.803152,-54.120958,BGS,1.26035609,0.4500,false
V4T005572,358.907730,-34.491435,Star,3.66590085,0.3000,false
V4T005573,36.792280,-47.526870,ELG,0.51046162,1.0000,true
V4T005574,29.533997,-62.419284,QSO,0.08134215,1.7000,false
V4T005575,356.469345,-33.695577,Star,4.80579026,0.3000,false
V4T005576,4.579604,-26.861287,Star,3.27538344,0.3000,false
V4T005577,355.016714,-24.673172,BGS,1.59382700,0.4500,false
V4T005578,339.598330,-31.006126,ELG,0.47105642,1.0000,false
V4T005579,25.036383,-56.460576,ELG,0.26126991,1.0000,true
V4T005580,30.861327,-39.271022,ELG,0.48548603,1.0000,false
V4T005581,349.838906,-31.603854,ELG,0.59343813,1.0000,false
V4T005582,1.025381,-22.357351,ELG,0.33582857,1.0000,false
V4T005583,24.638678,-40.072789,LRG,0.25927756,1.0000,false
V4T005584,338.649487,-34.406003,BGS,2.17486844,0.4500,false
V4T005585,344.488631,-28.636288,ELG,0.66053326,1.0000,false
V4T005586,55.110478,-54.223422,ELG,0.63972804,1.0000,false
V4T005587,43.142728,-60.031427,BGS,1.81600709,0.4500,false
V4T005588,21.438932,-54.997822,LRG,0.34487637,1.0000,false
V4T005589,38.469781,-47.453808,LRG,0.16928205,1.0000,false
V4T005590,46.024597,-32.177964,ELG,0.73723821,1.0000,false
V4T005591,344.992728,-28.560723,LRG,0.39076055,1.0000,false
V4T005592,356.105143,-19.748870,ELG,0.54433571,1.0000,false
V4T005593,341.582670,-29.799874,LRG,0.52600141,1.0000,false
V4T005594,338.579428,-31.208273,LRG,0.32892683,1.0000,false
V4T005595,32.467956,-56.576298,ELG,0.23482810,1.0000,false
V4T005596,34.437637,-41.190256,ELG,0.81399288,1.0000,false
V4T005597,28.400566,-39.899718,Star,2.79174136,0.3000,false
V4T005598,29.846456,-38.985672,ELG,0.72108195,1.0000,false
V4T005599,341.630704,-19.907618,QSO,0.28973352,1.7000,false
V4T005600,18.771661,-49.437963,QSO,0.26798949,1.7000,false
V4T005601,32.317218,-33.473580,QSO,0.25432911,1.7000,false
V4T005602,55.533770,-55.063549,ELG,0.49914815,1.0000,false
V4T005603,350.002558,-28.029907,Star,2.88839069,0.3000,false
V4T005604,29.610847,-39.117274,QSO,0.34352801,1.7000,false
V4T005605,24.502485,-51.140112,ELG,0.45396551,1.0000,false
V4T005606,359.207283,-25.435469,LRG,0.50191201,1.0000,false
V4T005607,357.482801,-28.751176,LRG,0.41473822,1.0000,false
V4T005608,340.433347,-29.078010,BGS,1.10156888,0.4500,false
V4T005609,2.190185,-21.922526,BGS,1.11117625,0.4500,false
V4T005610,343.521919,-27.265609,ELG,0.43244901,1.0000,false
V4T005611,346.844154,-38.817541,BGS,1.36005248,0.4500,false
V4T005612,346.355900,-30.496276,LRG,0.72411900,1.0000,false
V4T005613,351.252020,-17.670681,LRG,0.36163528,1.0000,false
V4T005614,356.523748,-27.849885,ELG,0.39726802,1.0000,false
V4T005615,358.162473,-33.543623,LRG,0.22152900,1.0000,false
V4T005616,341.123007,-17.887156,LRG,0.53291085,1.0000,false
V4T005617,345.569405,-29.529706,BGS,1.39500710,0.4500,false
V4T005618,51.471804,-41.000837,Star,4.09504076,0.3000,false
V4T005619,342.987112,-18.625923,LRG,0.35350160,1.0000,false
V4T005620,29.103284,-54.216134,Star,4.35958659,0.3000,false
V4T005621,57.554986,-46.427322,QSO,0.19880257,1.7000,false
V4T005622,45.593383,-41.608793,BGS,2.23089128,0.4500,false
V4T005623,347.809658,-29.857020,BGS,1.38246911,0.4500,false
V4T005624,37.591113,-46.420323,Star,2.78148518,0.3000,false
V4T005625,338.368424,-31.814651,ELG,0.62494195,1.0000,false
V4T005626,58.439506,-44.002016,ELG,0.37011590,1.0000,false
V4T005627,27.407730,-43.724809,ELG,0.41667221,1.0000,false
V4T005628,345.104305,-27.791483,ELG,0.51751273,1.0000,false
V4T005629,344.965744,-31.845226,Star,4.26463238,0.3000,false
V4T005630,46.676923,-52.500719,ELG,0.56738133,1.0000,false
V4T005631,347.315130,-34.116332,QSO,0.16816724,1.7000,false
V4T005632,342.708101,-35.840122,LRG,0.26445951,1.0000,false
V4T005633,352.950495,-28.721906,ELG,0.23305685,1.0000,false
V4T005634,38.445339,-31.294277,ELG,0.38424348,1.0000,false
V4T005635,36.576308,-41.292926,ELG,0.26304745,1.0000,false
V4T005636,35.437170,-48.211732,Star,3.10385898,0.3000,false
V4T005637,34.926388,-42.412572,ELG,0.85798885,1.0000,false
V4T005638,49.384658,-46.584283,QSO,0.25139224,1.7000,false
V4T005639,338.606216,-31.452881,ELG,0.58800572,1.0000,false
V4T005640,346.940276,-18.779404,BGS,2.00921886,0.4500,false
V4T005641,50.690925,-33.507165,LRG,0.22969294,1.0000,false
V4T005642,17.196305,-49.405986,BGS,1.42673753,0.4500,false
V4T005643,349.424586,-29.635983,ELG,0.27965898,1.0000,false
V4T005644,345.420572,-18.252388,QSO,0.22795313,1.7000,false
V4T005645,31.270968,-38.586918,LRG,0.39738488,1.0000,false
V4T005646,0.180211,-19.456766,ELG,0.80560430,1.0000,false
V4T005647,352.216521,-21.080101,LRG,0.30223272,1.0000,false
V4T005648,35.546638,-34.586299,LRG,0.23421302,1.0000,false
V4T005649,21.310400,-38.310919,ELG,0.32967930,1.0000,false
V4T005650,337.446283,-27.010122,ELG,0.56803523,1.0000,false
V4T005651,345.107680,-23.577295,LRG,0.18300084,1.0000,false
V4T005652,345.115039,-29.263202,ELG,0.74904851,1.0000,false
V4T005653,42.888976,-48.626290,BGS,1.17935352,0.4500,false
V4T005654,337.138086,-27.852729,LRG,0.23369205,1.0000,false
V4T005655,45.128519,-35.450966,ELG,0.44895238,1.0000,false
V4T005656,37.193287,-55.516291,LRG,0.24441222,1.0000,false
V4T005657,346.189485,-17.661539,QSO,0.10594516,1.7000,false
V4T005658,29.801418,-51.021666,QSO,0.22860500,1.7000,false
V4T005659,46.925647,-40.841033,ELG,0.50616389,1.0000,false
V4T005660,347.380326,-36.256068,ELG,0.45051236,1.0000,false
V4T005661,17.913629,-45.299913,BGS,1.45393348,0.4500,false
V4T005662,3.545825,-26.669960,ELG,0.49077855,1.0000,false
V4T005663,352.229577,-29.190373,ELG,0.52684464,1.0000,false
V4T005664,344.006102,-27.199476,BGS,1.27837411,0.4500,false
V4T005665,54.247069,-45.992712,Star,1.96813603,0.3000,false
V4T005666,32.225106,-33.274999,ELG,0.69882788,1.0000,false
V4T005667,345.645579,-27.746610,ELG,0.47089752,1.0000,false
V4T005668,50.980844,-41.320956,ELG,0.81016141,1.0000,false
V4T005669,359.985514,-35.456928,BGS,1.05479344,0.4500,false
V4T005670,37.969032,-45.648754,BGS,1.92684153,0.4500,false
V4T005671,51.260355,-45.530543,Star,3.73905226,0.3000,false
V4T005672,1.326921,-31.250171,BGS,1.12158620,0.4500,false
V4T005673,35.609976,-53.267479,LRG,0.61466847,1.0000,true
V4T005674,344.805458,-28.313599,ELG,0.24593646,1.0000,false
V4T005675,339.193607,-23.191701,BGS,0.92605940,0.4500,false
V4T005676,21.512769,-55.258534,Star,4.08523352,0.3000,false
V4T005677,49.839997,-41.774407,BGS,1.60504411,0.4500,false
V4T005678,340.803131,-21.296923,ELG,0.62804825,1.0000,false
V4T005679,336.954890,-31.108736,LRG,0.33425046,1.0000,false
V4T005680,25.322107,-58.303137,LRG,0.38613135,1.0000,false
V4T005681,343.170630,-31.378960,BGS,1.78311499,0.4500,false
V4T005682,1.678734,-33.148086,ELG,0.61032413,1.0000,false
V4T005683,353.287167,-28.010191,Star,3.11333345,0.3000,false
V4T005684,357.346949,-20.231968,LRG,0.44616943,1.0000,false
V4T005685,25.401747,-54.905546,LRG,0.51078838,1.0000,false
V4T005686,342.932002,-36.471219,BGS,0.98279669,0.4500,false
V4T005687,24.787229,-55.542718,LRG,0.33387447,1.0000,false
V4T005688,42.948660,-53.328897,LRG,0.43910893,1.0000,false
V4T005689,343.387521,-35.528597,ELG,0.38481554,1.0000,false
V4T005690,345.573389,-28.426632,LRG,0.35405482,1.0000,false
V4T005691,42.713724,-43.358954,LRG,0.68115477,1.0000,false
V4T005692,49.782907,-42.683011,ELG,0.30269626,1.0000,false
V4T005693,338.342956,-31.494520,QSO,0.09312388,1.7000,false
V4T005694,26.662075,-60.329068,ELG,0.57884814,1.0000,false
V4T005695,359.597830,-27.753701,LRG,0.22193209,1.0000,false
V4T005696,340.743637,-34.167513,QSO,0.11979386,1.7000,false
V4T005697,345.678763,-35.755505,ELG,0.62909480,1.0000,false
V4T005698,33.659418,-62.161544,LRG,0.47389030,1.0000,false
V4T005699,33.901878,-61.191661,BGS,2.54476198,0.4500,false
V4T005700,50.924200,-41.801553,LRG,0.50534427,1.0000,false
V4T005701,17.799888,-51.753107,BGS,1.28460403,0.4500,false
V4T005702,340.109084,-18.492604,BGS,1.11194277,0.4500,false
V4T005703,37.100544,-42.044622,LRG,0.43463783,1.0000,false
V4T005704,47.775106,-59.302681,QSO,0.48547839,1.7000,false
V4T005705,339.541337,-26.362420,ELG,0.57847473,1.0000,false
V4T005706,37.287205,-32.471800,ELG,0.34875440,1.0000,true
V4T005707,359.671879,-18.661661,ELG,0.57015899,1.0000,false
V4T005708,26.729819,-50.937901,ELG,0.66336401,1.0000,false
V4T005709,346.416457,-24.018794,ELG,0.55509026,1.0000,false
V4T005710,38.377529,-32.007018,BGS,1.93183003,0.4500,false
V4T005711,27.275308,-52.872617,ELG,0.81806306,1.0000,false
V4T005712,40.947968,-44.403558,BGS,1.13464953,0.4500,false
V4T005713,28.435345,-37.855828,BGS,1.88702515,0.4500,false
V4T005714,30.440159,-53.771142,Star,3.10449439,0.3000,false
V4T005715,28.930325,-54.427348,ELG,1.06725249,1.0000,true
V4T005716,348.660887,-37.021452,ELG,0.33920567,1.0000,false
V4T005717,49.227720,-49.638496,LRG,0.33782070,1.0000,false
V4T005718,3.668347,-27.792938,BGS,1.68315519,0.4500,false
V4T005719,20.704061,-54.930636,ELG,0.50321955,1.0000,false
V4T005720,50.429128,-41.673290,BGS,2.26135080,0.4500,false
V4T005721,339.183542,-18.354857,ELG,1.11694022,1.0000,false
V4T005722,56.952966,-54.021670,ELG,0.39897931,1.0000,false
V4T005723,38.601399,-61.820909,BGS,1.40019157,0.4500,false
V4T005724,55.202667,-54.761650,ELG,0.46155525,1.0000,false
V4T005725,30.717222,-53.683388,ELG,0.56214257,1.0000,false
V4T005726,30.560876,-51.905819,ELG,0.48993407,1.0000,false
V4T005727,3.809402,-30.889540,BGS,0.91474579,0.4500,false
V4T005728,27.702357,-56.469688,BGS,0.93630833,0.4500,false
V4T005729,354.683523,-31.345649,LRG,0.22555051,1.0000,false
V4T005730,48.785743,-58.453021,BGS,0.71291519,0.4500,false
V4T005731,22.758393,-57.256986,BGS,1.38148445,0.4500,false
V4T005732,341.144763,-33.349118,Star,4.25587493,0.3000,false
V4T005733,48.682007,-58.712349,QSO,0.07635590,1.7000,false
V4T005734,357.458689,-19.511303,LRG,0.23526847,1.0000,true
V4T005735,56.381737,-39.486018,QSO,0.10147139,1.7000,false
V4T005736,38.749009,-31.386141,BGS,1.47820382,0.4500,false
V4T005737,39.890680,-57.058015,QSO,0.21775344,1.7000,false
V4T005738,338.304737,-32.532275,LRG,0.22998633,1.0000,false
V4T005739,352.839076,-28.670689,BGS,1.87645039,0.4500,false
V4T005740,4.001284,-23.617164,ELG,0.32045564,1.0000,false
V4T005741,50.912128,-51.543808,LRG,0.39159786,1.0000,false
V4T005742,33.626358,-47.133146,ELG,0.58872567,1.0000,false
V4T005743,33.302713,-35.114576,BGS,1.38821826,0.4500,false
V4T005744,29.666923,-60.484369,BGS,1.52845846,0.4500,false
V4T005745,25.206854,-51.111349,QSO,0.16903661,1.7000,false
V4T005746,31.698639,-60.611635,ELG,0.20786756,1.0000,false
V4T005747,349.953492,-38.158099,ELG,0.80131594,1.0000,false
V4T005748,337.388893,-31.597672,LRG,0.43809193,1.0000,false
V4T005749,35.730029,-44.672386,LRG,0.22639181,1.0000,false
V4T005750,20.198130,-49.533950,ELG,0.50050115,1.0000,false
V4T005751,47.770490,-53.331734,QSO,0.18719431,1.7000,false
V4T005752,23.866469,-59.818810,Star,5.23378166,0.3000,false
V4T005753,343.799354,-26.965881,BGS,0.83955404,0.4500,false
V4T005754,39.607430,-33.463700,ELG,0.51994947,1.0000,false
V4T005755,1.642393,-29.340042,ELG,0.49090009,1.0000,false
V4T005756,1.062425,-22.526574,QSO,0.31357651,1.7000,false
V4T005757,338.795749,-31.305529,BGS,1.03686187,0.4500,false
V4T005758,32.221361,-39.946204,LRG,0.27103903,1.0000,false
V4T005759,52.532501,-42.259643,ELG,0.80706500,1.0000,false
V4T005760,341.703392,-19.873525,QSO,0.09368445,1.7000,false
V4T005761,340.723228,-33.313228,ELG,0.56097987,1.0000,false
V4T005762,353.549602,-28.652563,LRG,0.46216868,1.0000,false
V4T005763,40.034930,-32.172735,QSO,0.09971966,1.7000,false
V4T005764,52.260768,-39.180166,BGS,1.19914773,0.4500,false
V4T005765,34.054461,-55.967927,LRG,0.42777675,1.0000,false
V4T005766,338.514144,-24.775727,QSO,0.13249504,1.7000,false
V4T005767,32.498747,-62.220556,Star,3.10149079,0.3000,false
V4T005768,337.947847,-30.209071,BGS,0.66135219,0.4500,false
V4T005769,40.790569,-39.271671,Star,3.50068288,0.3000,false
V4T005770,345.300417,-17.548460,LRG,0.38262567,1.0000,false
V4T005771,47.661871,-48.771031,LRG,0.45660954,1.0000,false
V4T005772,34.873939,-36.374745,ELG,0.34818382,1.0000,false
V4T005773,56.492306,-40.610935,ELG,0.45746442,1.0000,false
V4T005774,340.647535,-33.615220,ELG,0.41323882,1.0000,false
V4T005775,29.475523,-55.743532,ELG,1.06225748,1.0000,false
V4T005776,340.782122,-25.473155,BGS,1.45302616,0.4500,false
V4T005777,349.630446,-36.526139,QSO,0.19025639,1.7000,false
V4T005778,347.100563,-30.219865,QSO,0.17985637,1.7000,false
V4T005779,24.787078,-51.439058,Star,2.08795223,0.3000,false
V4T005780,55.956255,-53.593932,BGS,0.47604480,0.4500,false
V4T005781,24.993923,-40.312011,Star,4.74109637,0.3000,false
V4T005782,354.613377,-33.127026,ELG,0.45616900,1.0000,false
V4T005783,39.986404,-49.555421,ELG,0.56840578,1.0000,false
V4T005784,36.400853,-41.804356,BGS,1.74205577,0.4500,false
V4T005785,352.074720,-21.735926,LRG,0.35915481,1.0000,true
V4T005786,38.093476,-55.986946,ELG,0.68489032,1.0000,false
V4T005787,45.623286,-32.762360,LRG,0.31224970,1.0000,false
V4T005788,350.361480,-36.824332,ELG,0.30788567,1.0000,false
V4T005789,56.453705,-54.837262,LRG,0.29397144,1.0000,false
V4T005790,358.753419,-32.110792,BGS,0.91283948,0.4500,false
V4T005791,43.361574,-38.803314,ELG,0.90535458,1.0000,false
V4T005792,26.979077,-44.247309,QSO,0.33274469,1.7000,false
V4T005793,59.117717,-47.317300,ELG,0.55471190,1.0000,false
V4T005794,345.225017,-31.851746,ELG,0.34644485,1.0000,false
V4T005795,337.813986,-31.858344,ELG,0.50412867,1.0000,false
V4T005796,338.195395,-31.636733,ELG,0.44433600,1.0000,false
V4T005797,30.112934,-55.100867,BGS,1.67629340,0.4500,false
V4T005798,28.484302,-53.971956,QSO,0.28149141,1.7000,false
V4T005799,24.539413,-51.115615,BGS,1.12985837,0.4500,false
V4T005800,351.391959,-33.239891,ELG,0.45720235,1.0000,false
V4T005801,342.968920,-28.982928,BGS,1.03271586,0.4500,false
V4T005802,30.256049,-35.756227,ELG,0.43181859,1.0000,false
V4T005803,343.152594,-38.410311,Star,3.37528549,0.3000,true
V4T005804,1.625742,-20.254143,BGS,1.75416368,0.4500,true
V4T005805,24.726186,-43.213972,LRG,0.27497635,1.0000,false
V4T005806,37.449224,-31.562952,ELG,0.35243089,1.0000,false
V4T005807,349.188930,-38.862120,LRG,0.51748662,1.0000,false
V4T005808,347.503702,-28.282443,ELG,0.50880146,1.0000,true
V4T005809,359.577988,-32.974950,BGS,1.04296552,0.4500,false
V4T005810,352.472890,-29.196967,BGS,1.14279397,0.4500,false
V4T005811,52.083144,-51.117793,LRG,0.45303408,1.0000,false
V4T005812,339.151906,-22.735436,BGS,1.52718292,0.4500,false
V4T005813,342.915684,-18.319986,QSO,0.09657903,1.7000,false
V4T005814,16.388987,-51.408659,ELG,0.78636400,1.0000,false
V4T005815,50.956078,-46.123302,BGS,1.06980986,0.4500,false
V4T005816,54.690050,-40.774118,ELG,0.44431952,1.0000,true
V4T005817,44.863582,-39.556141,QSO,0.37943467,1.7000,false
V4T005818,354.317190,-37.150489,LRG,0.36132833,1.0000,false
V4T005819,42.219483,-43.642004,BGS,1.26273266,0.4500,false
V4T005820,337.894311,-31.759827,BGS,1.09463893,0.4500,false
V4T005821,34.436077,-42.254518,ELG,0.50158691,1.0000,false
V4T005822,351.353763,-28.717088,ELG,0.38263556,1.0000,false
V4T005823,42.017436,-33.190374,ELG,0.31541529,1.0000,false
V4T005824,353.835977,-29.912472,LRG,0.28723305,1.0000,false
V4T005825,0.007979,-19.506705,LRG,0.38790476,1.0000,false
V4T005826,353.690770,-31.768171,ELG,0.39665504,1.0000,true
V4T005827,351.817782,-29.422805,Star,2.83315281,0.3000,false
V4T005828,347.402548,-17.664893,BGS,0.82706990,0.4500,false
V4T005829,53.136427,-48.615426,BGS,1.75598690,0.4500,false
V4T005830,349.076990,-33.077671,Star,5.99037531,0.3000,false
V4T005831,51.922957,-38.370960,BGS,1.71766475,0.4500,false
V4T005832,50.544573,-50.942730,QSO,0.27854128,1.7000,false
V4T005833,30.099964,-55.837542,LRG,0.29336835,1.0000,false
V4T005834,29.455104,-53.427074,ELG,0.74694568,1.0000,false
V4T005835,25.436117,-51.844693,BGS,2.30534353,0.4500,false
V4T005836,338.833000,-20.332542,ELG,0.38517225,1.0000,false
V4T005837,345.890981,-17.499178,ELG,0.67962103,1.0000,false
V4T005838,53.069706,-39.183589,LRG,0.32581340,1.0000,false
V4T005839,50.166844,-40.812790,ELG,0.30122825,1.0000,false
V4T005840,349.428542,-29.371036,Star,3.81234746,0.3000,false
V4T005841,26.204047,-50.511905,BGS,1.33706898,0.4500,false
V4T005842,20.330159,-52.464950,BGS,1.01994494,0.4500,false
V4T005843,35.436606,-40.267921,LRG,0.31449705,1.0000,false
V4T005844,341.803073,-21.750891,QSO,0.07439815,1.7000,false
V4T005845,341.049992,-32.462736,ELG,0.46844465,1.0000,false
V4T005846,343.717404,-26.545116,QSO,0.12307431,1.7000,false
V4T005847,0.773517,-34.178597,ELG,0.50657801,1.0000,false
V4T005848,353.634518,-38.268614,QSO,0.23267435,1.7000,false
V4T005849,44.311525,-39.067552,ELG,0.33317314,1.0000,false
V4T005850,50.260029,-50.534966,LRG,0.26541109,1.0000,false
V4T005851,359.305552,-28.291144,Star,3.55772300,0.3000,false
V4T005852,338.384618,-31.443246,LRG,0.24239315,1.0000,false
V4T005853,341.615047,-33.204266,LRG,0.40728697,1.0000,false
V4T005854,2.860556,-23.976758,LRG,0.54121562,1.0000,true
V4T005855,26.162084,-51.741108,ELG,0.65865768,1.0000,false
V4T005856,352.592498,-18.305217,BGS,1.84175079,0.4500,false
V4T005857,355.678591,-23.435298,ELG,0.54476300,1.0000,false
V4T005858,0.358529,-29.454183,Star,4.46015183,0.3000,false
V4T005859,33.060418,-38.444203,Star,3.42137232,0.3000,false
V4T005860,345.525327,-27.740147,BGS,0.88438775,0.4500,false
V4T005861,56.193412,-38.756554,QSO,0.09509241,1.7000,false
V4T005862,347.301244,-15.614660,BGS,1.41395621,0.4500,false
V4T005863,51.494703,-39.798187,ELG,0.59450722,1.0000,false
V4T005864,359.915026,-35.637596,BGS,1.06531274,0.4500,false
V4T005865,352.710903,-24.945015,BGS,0.60208196,0.4500,false
V4T005866,16.519818,-48.892561,BGS,1.51394906,0.4500,false
V4T005867,341.866601,-33.163684,BGS,1.78038467,0.4500,false
V4T005868,24.837864,-40.535938,ELG,0.36828379,1.0000,false
V4T005869,0.711563,-34.485717,Star,3.95963900,0.3000,false
V4T005870,352.073842,-28.311225,BGS,0.74011036,0.4500,false
V4T005871,54.418324,-54.198836,BGS,0.96916026,0.4500,false
V4T005872,56.025443,-55.112382,ELG,0.26311380,1.0000,false
V4T005873,49.317845,-41.731443,ELG,0.57082667,1.0000,false
V4T005874,356.138029,-30.151270,LRG,0.60468811,1.0000,true
V4T005875,29.906596,-53.185754,ELG,0.60788303,1.0000,false
V4T005876,33.009564,-51.105858,ELG,0.37775519,1.0000,true
V4T005877,358.166379,-20.208233,QSO,0.32542733,1.7000,false
V4T005878,50.408207,-40.693955,QSO,0.18277776,1.7000,false
V4T005879,41.768613,-47.714639,QSO,0.23915251,1.7000,false
V4T005880,347.093638,-27.692895,LRG,0.64209925,1.0000,false
V4T005881,0.601761,-19.523243,LRG,0.15042956,1.0000,false
V4T005882,56.469600,-41.541954,BGS,1.27682006,0.4500,false
V4T005883,43.969682,-46.529994,ELG,0.42400696,1.0000,true
V4T005884,18.727561,-42.519305,BGS,2.21819446,0.4500,false
V4T005885,354.478672,-22.298878,ELG,1.88902217,1.0000,false
V4T005886,45.961381,-60.751824,ELG,0.28916228,1.0000,false
V4T005887,346.025037,-17.842881,QSO,0.04855796,1.7000,false
V4T005888,343.871965,-26.052149,LRG,0.34816013,1.0000,false
V4T005889,27.529363,-61.099097,BGS,1.42266612,0.4500,false
V4T005890,58.670795,-49.956856,QSO,0.14827837,1.7000,false
V4T005891,4.156540,-29.724534,QSO,0.18675002,1.7000,false
V4T005892,338.380423,-30.964189,Star,4.90133562,0.3000,false
V4T005893,19.909004,-47.450868,LRG,0.47731723,1.0000,false
V4T005894,53.349919,-56.500609,Star,4.58662497,0.3000,false
V4T005895,57.710079,-51.706674,BGS,1.06171741,0.4500,false
V4T005896,345.075787,-23.091163,BGS,0.81973242,0.4500,false
V4T005897,37.004512,-58.020712,ELG,0.69469378,1.0000,false
V4T005898,34.933527,-38.776436,Star,2.40063572,0.3000,false
V4T005899,32.427462,-35.170949,BGS,1.29236103,0.4500,false
V4T005900,30.972485,-38.233149,BGS,0.78420708,0.4500,false
V4T005901,343.948231,-16.373060,BGS,0.80567854,0.4500,false
V4T005902,46.677131,-40.648387,BGS,1.09776701,0.4500,false
V4T005903,36.970698,-51.579335,LRG,0.45932233,1.0000,false
V4T005904,350.934485,-30.483749,BGS,1.05683010,0.4500,false
V4T005905,34.635043,-43.070692,BGS,1.20186954,0.4500,false
V4T005906,29.325575,-54.219208,ELG,0.80172394,1.0000,false
V4T005907,358.051022,-28.238007,BGS,1.60753548,0.4500,false
V4T005908,33.418637,-52.571767,BGS,1.38787232,0.4500,false
V4T005909,340.481177,-33.549077,QSO,0.16999808,1.7000,true
V4T005910,340.576535,-33.337278,ELG,0.37777684,1.0000,false
V4T005911,343.351446,-38.513927,Star,2.60374449,0.3000,false
V4T005912,29.703905,-53.139063,ELG,0.53841512,1.0000,false
V4T005913,353.370430,-19.374439,Star,5.21366274,0.3000,false
V4T005914,45.847225,-60.666164,ELG,0.85750239,1.0000,false
V4T005915,344.475542,-28.280111,ELG,0.51853843,1.0000,false
V4T005916,29.022572,-46.028986,BGS,1.12380515,0.4500,false
V4T005917,23.155508,-38.655968,Star,3.74493567,0.3000,false
V4T005918,25.000160,-60.277275,LRG,0.42923285,1.0000,false
V4T005919,353.061954,-38.965527,ELG,0.96212728,1.0000,false
V4T005920,18.409711,-51.255696,LRG,0.21927871,1.0000,false
V4T005921,354.692084,-18.117987,BGS,1.58515935,0.4500,false
V4T005922,50.076274,-48.310422,LRG,0.28260613,1.0000,false
V4T005923,341.128156,-33.605311,ELG,0.37638697,1.0000,false
V4T005924,354.830765,-37.877801,Star,5.74039687,0.3000,false
V4T005925,46.087381,-32.582729,QSO,0.07974662,1.7000,false
V4T005926,341.389655,-33.528494,BGS,1.12198155,0.4500,false
V4T005927,53.994217,-48.403011,LRG,0.28146772,1.0000,true
V4T005928,0.971171,-32.708581,ELG,0.40107907,1.0000,false
V4T005929,345.358326,-17.606545,ELG,0.41645736,1.0000,false
V4T005930,46.474839,-51.048324,QSO,0.09236204,1.7000,false
V4T005931,30.680971,-43.318767,QSO,0.32174094,1.7000,false
V4T005932,347.516923,-16.308813,ELG,0.63743982,1.0000,false
V4T005933,355.964177,-38.224876,LRG,0.30906457,1.0000,false
V4T005934,350.055846,-37.051090,BGS,1.11835322,0.4500,false
V4T005935,353.321708,-30.947925,ELG,0.31531861,1.0000,false
V4T005936,42.237281,-49.614890,ELG,0.69341599,1.0000,false
V4T005937,356.868199,-23.103325,QSO,0.08945410,1.7000,false
V4T005938,342.078577,-29.904042,ELG,0.50218417,1.0000,false
V4T005939,47.987446,-35.973482,Star,3.49130039,0.3000,false
V4T005940,344.645811,-28.251402,BGS,0.97445957,0.4500,false
V4T005941,343.213860,-25.406426,BGS,0.58807365,0.4500,false
V4T005942,58.130581,-48.704735,LRG,0.29096703,1.0000,false
V4T005943,341.803643,-25.223028,Star,3.68034381,0.3000,false
V4T005944,28.733072,-41.361982,BGS,0.85814865,0.4500,false
V4T005945,38.095554,-51.889654,QSO,0.08960858,1.7000,false
V4T005946,358.904999,-28.455477,ELG,0.49655896,1.0000,false
V4T005947,347.761524,-28.765235,Star,4.17672883,0.3000,false
V4T005948,345.045218,-21.077691,BGS,1.40130977,0.4500,false
V4T005949,46.210601,-49.363534,LRG,0.47975860,1.0000,false
V4T005950,44.014308,-44.805742,ELG,0.61176382,1.0000,false
V4T005951,339.068228,-31.765755,Star,6.19620633,0.3000,false
V4T005952,31.652515,-41.231280,BGS,1.20229869,0.4500,false
V4T005953,25.538692,-52.052367,ELG,0.69379777,1.0000,false
V4T005954,27.720017,-42.245616,LRG,0.38905620,1.0000,false
V4T005955,30.203813,-46.804869,Star,3.21185320,0.3000,false
V4T005956,20.109217,-41.824669,ELG,0.39739577,1.0000,false
V4T005957,359.432489,-31.421086,LRG,0.20734246,1.0000,false
V4T005958,51.110651,-41.084326,BGS,1.17376639,0.4500,false
V4T005959,337.920853,-30.268281,QSO,0.21966209,1.7000,false
V4T005960,45.463666,-38.134529,LRG,0.27784541,1.0000,false
V4T005961,35.518532,-47.067786,BGS,1.62455428,0.4500,false
V4T005962,15.857740,-46.812746,Star,5.67485084,0.3000,false
V4T005963,25.484400,-52.537903,ELG,0.74697903,1.0000,false
V4T005964,50.006578,-34.905792,BGS,1.51144368,0.4500,false
V4T005965,40.575308,-58.084364,LRG,0.16496029,1.0000,true
V4T005966,349.120352,-33.478814,BGS,1.24380657,0.4500,false
V4T005967,36.220590,-37.119721,ELG,0.75834779,1.0000,false
V4T005968,352.169985,-28.212973,LRG,0.28494636,1.0000,false
V4T005969,348.254102,-21.216432,BGS,1.22532820,0.4500,false
V4T005970,357.459715,-30.064206,BGS,0.88998573,0.4500,false
V4T005971,55.796800,-46.028732,LRG,0.35176307,1.0000,false
V4T005972,356.708080,-33.458188,BGS,1.08600897,0.4500,false
V4T005973,347.104539,-29.916940,ELG,0.31680652,1.0000,false
V4T005974,36.256610,-44.895770,BGS,1.16645755,0.4500,false
V4T005975,29.805567,-54.336811,BGS,2.01991591,0.4500,false
V4T005976,22.755748,-54.067629,BGS,0.69859826,0.4500,false
V4T005977,27.723680,-38.925024,ELG,0.73242492,1.0000,false
V4T005978,357.261015,-33.557307,BGS,1.85252727,0.4500,false
V4T005979,356.570116,-21.548437,QSO,0.22329030,1.7000,false
V4T005980,0.376113,-21.968122,QSO,0.21565117,1.7000,false
V4T005981,339.938220,-28.194261,BGS,1.15074059,0.4500,false
V4T005982,16.490071,-44.528710,BGS,1.59876518,0.4500,false
V4T005983,31.366103,-35.663061,ELG,0.82881938,1.0000,false
V4T005984,49.297120,-35.607877,ELG,0.38239078,1.0000,false
V4T005985,338.778460,-19.077363,ELG,0.75958001,1.0000,false
V4T005986,55.483797,-39.982706,ELG,0.87704350,1.0000,false
V4T005987,35.601710,-41.190665,ELG,0.69319479,1.0000,false
V4T005988,42.167692,-43.592667,QSO,0.20220534,1.7000,false
V4T005989,347.550465,-32.580320,LRG,0.30365788,1.0000,false
V4T005990,18.207441,-49.352169,ELG,0.73515911,1.0000,false
V4T005991,345.533665,-19.938986,Star,4.90100633,0.3000,false
V4T005992,26.429450,-61.358114,Star,4.76944202,0.3000,false
V4T005993,4.518907,-24.793387,ELG,0.38930016,1.0000,false
V4T005994,340.080691,-17.941854,BGS,1.36358523,0.4500,false
V4T005995,22.844382,-53.450171,BGS,0.75622439,0.4500,false
V4T005996,25.119898,-46.762380,QSO,0.18913011,1.7000,false
V4T005997,28.578130,-36.300146,LRG,0.32198918,1.0000,false
V4T005998,43.197334,-52.736582,LRG,0.54610523,1.0000,false
V4T005999,339.686951,-23.398650,LRG,0.32078583,1.0000,false
V4T006000,38.265100,-31.631203,ELG,0.43554250,1.0000,false
V4T006001,345.652753,-30.203246,LRG,0.29423893,1.0000,true
V4T006002,346.233219,-17.714239,BGS,0.87697361,0.4500,false
V4T006003,345.450421,-18.219609,ELG,1.04091823,1.0000,false
V4T006004,340.574508,-21.213107,ELG,0.75548528,1.0000,false
V4T006005,35.911996,-59.792560,QSO,0.22281484,1.7000,false
V4T006006,49.671880,-37.905387,BGS,1.39033985,0.4500,false
V4T006007,349.087195,-26.141367,ELG,0.49794650,1.0000,false
V4T006008,345.322296,-33.419536,LRG,0.27723340,1.0000,false
V4T006009,348.924181,-23.503984,Star,2.36730298,0.3000,false
V4T006010,28.509080,-51.499659,LRG,0.24596393,1.0000,false
V4T006011,54.152374,-39.631160,BGS,1.37402729,0.4500,false
V4T006012,359.229736,-20.100439,ELG,0.52105332,1.0000,false
V4T006013,27.493912,-55.560641,BGS,1.23026125,0.4500,false
V4T006014,353.171926,-28.586993,ELG,0.63441124,1.0000,false
V4T006015,340.496715,-30.350953,ELG,0.46058228,1.0000,false
V4T006016,45.470863,-43.764295,QSO,0.11065361,1.7000,false
V4T006017,345.666779,-27.641343,ELG,0.74810556,1.0000,false
V4T006018,342.772346,-26.072392,BGS,2.09712995,0.4500,false
V4T006019,30.855211,-59.190523,LRG,0.37340872,1.0000,false
V4T006020,41.537905,-35.549860,ELG,0.50855271,1.0000,false
V4T006021,44.841122,-48.580180,BGS,1.39929820,0.4500,true
V4T006022,340.572850,-16.972698,QSO,0.19579243,1.7000,false
V4T006023,338.465596,-30.443628,LRG,0.45995410,1.0000,false
V4T006024,54.636700,-55.150400,Star,3.59830594,0.3000,false
V4T006025,23.723647,-59.416670,BGS,0.93970424,0.4500,false
V4T006026,40.534325,-59.864403,ELG,0.72961761,1.0000,false
V4T006027,339.247956,-24.054601,QSO,0.21119968,1.7000,false
V4T006028,340.145198,-22.276244,ELG,0.18403042,1.0000,false
V4T006029,39.744748,-49.560773,ELG,0.40507762,1.0000,false
V4T006030,37.041046,-36.472718,BGS,1.70292995,0.4500,false
V4T006031,343.235015,-26.423078,BGS,0.96255108,0.4500,false
V4T006032,42.783810,-59.872384,BGS,1.04433283,0.4500,false
V4T006033,352.596766,-19.194845,BGS,1.00026114,0.4500,false
V4T006034,44.151442,-43.866769,BGS,0.79560898,0.4500,false
V4T006035,43.885092,-43.522259,BGS,1.28463772,0.4500,false
V4T006036,345.523701,-17.849956,QSO,0.50840205,1.7000,false
V4T006037,38.246786,-38.743708,BGS,1.10755558,0.4500,false
V4T006038,37.136275,-41.830198,ELG,0.95451241,1.0000,true
V4T006039,338.927601,-31.530587,QSO,0.21751214,1.7000,false
V4T006040,25.271461,-53.690338,ELG,0.62428729,1.0000,false
V4T006041,336.978540,-23.515229,BGS,1.37063589,0.4500,false
V4T006042,341.430909,-21.995560,ELG,0.32213725,1.0000,false
V4T006043,337.259132,-26.804480,ELG,0.37899660,1.0000,false
V4T006044,342.919865,-33.908414,QSO,0.26380533,1.7000,false
V4T006045,45.988640,-35.061609,QSO,0.35754643,1.7000,true
V4T006046,39.869867,-51.019222,LRG,0.49264631,1.0000,false
V4T006047,354.773187,-34.713434,LRG,0.42134133,1.0000,false
V4T006048,343.835582,-26.859111,BGS,2.10297782,0.4500,false
V4T006049,345.527198,-17.563494,LRG,0.15335548,1.0000,false
V4T006050,56.963542,-42.617195,Star,5.34107929,0.3000,false
V4T006051,346.685959,-27.744488,ELG,0.81355287,1.0000,false
V4T006052,353.720887,-31.691863,QSO,0.07954374,1.7000,false
V4T006053,31.780466,-53.419154,BGS,0.94710428,0.4500,false
V4T006054,336.434387,-25.352011,BGS,0.83299738,0.4500,false
V4T006055,40.838139,-50.073865,BGS,1.23053958,0.4500,false
V4T006056,28.863985,-53.413142,Star,4.12416133,0.3000,false
V4T006057,18.760575,-43.147582,Star,4.97221738,0.3000,false
V4T006058,347.639664,-32.822520,Star,4.39257758,0.3000,false
V4T006059,355.641524,-20.560599,ELG,0.44812713,1.0000,false
V4T006060,36.556882,-31.816204,LRG,0.48739577,1.0000,false
V4T006061,28.798344,-35.871862,ELG,0.92102353,1.0000,false
V4T006062,348.034289,-16.253907,ELG,1.53006072,1.0000,false
V4T006063,338.308499,-31.566008,QSO,0.05128611,1.7000,false
V4T006064,34.149160,-33.922200,QSO,0.10671776,1.7000,false
V4T006065,58.108163,-46.379069,LRG,0.58573561,1.0000,false
V4T006066,51.257805,-53.967098,ELG,1.03452410,1.0000,false
V4T006067,343.398923,-21.156429,LRG,0.20801783,1.0000,false
V4T006068,345.424881,-17.875480,BGS,0.95914556,0.4500,true
V4T006069,352.315956,-28.585377,ELG,0.76895465,1.0000,false
V4T006070,355.807785,-36.903670,ELG,0.59350227,1.0000,false
V4T006071,344.816580,-29.543147,ELG,0.24033346,1.0000,false
V4T006072,32.389184,-38.402370,ELG,0.57541709,1.0000,false
V4T006073,55.393368,-54.017218,ELG,1.72233570,1.0000,false
V4T006074,336.141482,-23.183173,BGS,1.53621760,0.4500,false
V4T006075,341.463120,-34.072625,BGS,1.74176294,0.4500,false
V4T006076,20.906407,-52.525441,BGS,1.52667340,0.4500,false
V4T006077,37.751026,-42.820692,ELG,0.62748292,1.0000,false
V4T006078,37.045387,-31.799883,ELG,0.48235169,1.0000,false
V4T006079,352.428913,-28.618369,QSO,0.22324969,1.7000,false
V4T006080,33.612525,-33.528507,ELG,0.60401280,1.0000,false
V4T006081,353.308883,-29.798841,ELG,0.72097570,1.0000,false
V4T006082,337.813013,-32.085805,LRG,0.31540234,1.0000,false
V4T006083,46.746884,-47.040124,ELG,0.50572614,1.0000,false
V4T006084,35.005720,-46.485344,QSO,0.07357699,1.7000,false
V4T006085,347.376165,-18.535691,LRG,0.18040289,1.0000,false
V4T006086,16.348478,-50.411289,QSO,0.32076231,1.7000,false
V4T006087,33.405080,-39.031681,LRG,0.47613752,1.0000,true
V4T006088,35.453028,-41.047316,QSO,0.17540010,1.7000,false
V4T006089,47.878656,-41.177881,ELG,1.06285789,1.0000,false
V4T006090,352.412250,-34.892466,ELG,0.83292392,1.0000,false
V4T006091,338.622289,-31.283413,BGS,1.90187152,0.4500,false
V4T006092,47.104501,-42.286495,BGS,1.30592904,0.4500,false
V4T006093,351.620543,-23.262205,ELG,0.62192231,1.0000,false
V4T006094,39.824096,-55.548117,ELG,0.81220799,1.0000,false
V4T006095,346.020931,-17.103355,BGS,1.74239260,0.4500,false
V4T006096,39.908949,-35.032973,ELG,0.60408783,1.0000,false
V4T006097,47.123887,-34.878325,QSO,0.15481790,1.7000,false
V4T006098,50.459617,-41.246467,BGS,0.84673311,0.4500,false
V4T006099,352.716903,-28.339217,ELG,0.65327857,1.0000,false
V4T006100,345.396175,-17.771444,BGS,0.73927799,0.4500,false
V4T006101,49.867699,-40.861685,ELG,0.50208420,1.0000,false
V4T006102,350.718630,-21.795985,ELG,0.73424131,1.0000,false
V4T006103,31.685957,-60.104978,QSO,0.15607911,1.7000,false
V4T006104,341.823540,-30.241181,ELG,0.40085760,1.0000,false
V4T006105,338.155696,-19.769664,ELG,0.35378747,1.0000,false
V4T006106,358.088508,-23.939150,ELG,0.44067294,1.0000,false
V4T006107,352.708090,-28.677920,ELG,0.62689931,1.0000,false
V4T006108,349.922116,-26.032302,BGS,0.91016683,0.4500,false
V4T006109,357.297902,-32.835917,ELG,0.53223625,1.0000,false
V4T006110,50.356355,-48.212291,QSO,0.22716715,1.7000,false
V4T006111,348.338874,-17.831533,Star,4.02623162,0.3000,false
V4T006112,24.671883,-37.837249,LRG,0.25651337,1.0000,false
V4T006113,0.651668,-28.123657,QSO,0.11955619,1.7000,false
V4T006114,46.308399,-41.078413,QSO,0.17502812,1.7000,false
V4T006115,33.256805,-41.500711,BGS,0.74699913,0.4500,false
V4T006116,35.591225,-41.327324,LRG,0.46306137,1.0000,false
V4T006117,337.736426,-31.449460,BGS,1.75948371,0.4500,false
V4T006118,349.774586,-34.370988,QSO,0.19364744,1.7000,false
V4T006119,42.070674,-31.550520,LRG,0.36407055,1.0000,false
V4T006120,351.971170,-28.361650,ELG,1.01521849,1.0000,false
V4T006121,41.226523,-32.675582,QSO,0.08388315,1.7000,false
V4T006122,34.012200,-40.350836,ELG,0.45574997,1.0000,false
V4T006123,55.415654,-54.798671,LRG,0.45198723,1.0000,false
V4T006124,354.967534,-18.516217,LRG,0.17504718,1.0000,false
V4T006125,346.664276,-38.932924,Star,2.53711374,0.3000,false
V4T006126,351.307976,-23.788567,LRG,0.34296315,1.0000,false
V4T006127,37.555393,-33.120901,BGS,1.43658981,0.4500,false
V4T006128,56.273983,-54.310852,Star,3.90284936,0.3000,false
V4T006129,45.796115,-39.836457,Star,4.65396190,0.3000,false
V4T006130,19.961064,-49.422212,LRG,0.36827024,1.0000,true
V4T006131,45.129853,-36.132303,BGS,1.68167886,0.4500,false
V4T006132,353.582327,-29.387786,QSO,0.41189968,1.7000,false
V4T006133,44.641202,-42.403118,ELG,0.44964210,1.0000,false
V4T006134,22.664272,-55.658171,BGS,1.38393664,0.4500,false
V4T006135,58.014973,-43.859678,BGS,1.29527242,0.4500,false
V4T006136,345.365617,-15.718378,ELG,0.68688475,1.0000,false
V4T006137,43.304185,-46.767212,BGS,1.08130827,0.4500,false
V4T006138,14.849743,-50.206718,QSO,0.16751082,1.7000,true
V4T006139,38.610199,-53.269507,QSO,0.14643069,1.7000,false
V4T006140,29.408602,-49.655338,BGS,1.02903062,0.4500,false
V4T006141,337.134741,-23.159538,LRG,0.31665284,1.0000,false
V4T006142,345.852257,-29.843897,Star,3.67892464,0.3000,false
V4T006143,39.818983,-35.757045,ELG,1.04200983,1.0000,false
V4T006144,43.590921,-54.138228,ELG,0.41974015,1.0000,false
V4T006145,341.458554,-33.901981,LRG,0.41719189,1.0000,false
V4T006146,344.616419,-28.909144,LRG,0.35524546,1.0000,false
V4T006147,348.649057,-38.083764,QSO,0.24187899,1.7000,false
V4T006148,337.835393,-31.918151,QSO,0.31622350,1.7000,false
V4T006149,58.349181,-45.392767,Star,5.21736124,0.3000,false
V4T006150,342.067382,-33.215481,ELG,0.41563834,1.0000,false
V4T006151,343.393490,-25.886092,BGS,0.94325589,0.4500,false
V4T006152,357.648287,-35.352092,ELG,0.96572157,1.0000,false
V4T006153,348.521100,-17.644017,ELG,0.73911472,1.0000,false
V4T006154,351.826600,-15.703007,Star,3.80902512,0.3000,false
V4T006155,28.568848,-39.848797,ELG,0.56723010,1.0000,false
V4T006156,337.777147,-29.925503,ELG,0.31365774,1.0000,false
V4T006157,32.618018,-35.572243,QSO,0.18260341,1.7000,false
V4T006158,54.778917,-54.928108,ELG,0.48901906,1.0000,false
V4T006159,35.413078,-40.972937,Star,3.71191034,0.3000,false
V4T006160,40.106341,-43.880095,QSO,0.08645786,1.7000,false
V4T006161,52.435774,-45.459571,ELG,0.80419368,1.0000,false
V4T006162,2.950309,-23.047418,BGS,2.30930594,0.4500,false
V4T006163,56.779571,-50.947638,BGS,1.48306838,0.4500,false
V4T006164,357.653816,-36.081796,BGS,1.38482419,0.4500,false
V4T006165,336.325108,-23.278915,BGS,1.66371008,0.4500,false
V4T006166,26.459527,-49.214672,BGS,1.71110839,0.4500,false
V4T006167,28.554475,-37.357235,ELG,0.54311608,1.0000,false
V4T006168,30.021883,-50.941410,ELG,0.23638612,1.0000,false
V4T006169,356.344432,-30.005710,ELG,0.47901985,1.0000,false
V4T006170,15.756846,-53.922558,QSO,0.16623215,1.7000,false
V4T006171,352.503449,-28.805551,ELG,0.52177470,1.0000,false
V4T006172,37.001911,-33.250956,ELG,0.88188631,1.0000,false
V4T006173,24.167437,-57.587480,LRG,0.58976209,1.0000,true
V4T006174,340.832841,-24.537511,ELG,0.27379668,1.0000,false
V4T006175,346.698053,-24.926260,ELG,0.33776050,1.0000,true
V4T006176,358.382173,-30.726886,ELG,0.65554454,1.0000,false
V4T006177,44.318728,-54.454567,QSO,0.20765639,1.7000,false
V4T006178,352.345424,-22.604828,ELG,0.96302918,1.0000,false
V4T006179,49.508839,-45.160413,BGS,1.68306654,0.4500,false
V4T006180,44.333266,-44.968100,QSO,0.17758054,1.7000,false
V4T006181,24.025780,-43.290140,LRG,0.23150777,1.0000,false
V4T006182,343.587154,-25.917181,BGS,1.25041553,0.4500,false
V4T006183,342.539699,-27.003503,BGS,1.57974972,0.4500,false
V4T006184,50.614526,-47.332671,LRG,0.38379384,1.0000,false
V4T006185,54.040037,-53.168647,ELG,0.63370434,1.0000,false
V4T006186,349.231753,-25.150085,BGS,1.12022049,0.4500,false
V4T006187,336.851611,-22.821222,ELG,0.62218458,1.0000,false
V4T006188,21.442507,-41.627397,LRG,0.24528358,1.0000,false
V4T006189,41.981244,-40.819386,Star,5.36479097,0.3000,false
V4T006190,346.914928,-35.364999,BGS,1.13568829,0.4500,false
V4T006191,42.181607,-52.497572,Star,5.74889537,0.3000,false
V4T006192,25.262515,-51.989511,ELG,0.53287068,1.0000,false
V4T006193,2.090893,-32.696636,ELG,0.70820204,1.0000,false
V4T006194,3.708696,-25.045039,ELG,0.37186697,1.0000,false
V4T006195,50.241397,-41.098375,QSO,0.18020213,1.7000,false
V4T006196,30.596505,-54.208389,LRG,0.66251518,1.0000,false
V4T006197,338.537912,-21.418710,LRG,0.25460835,1.0000,false
V4T006198,348.693052,-17.157501,BGS,0.76764624,0.4500,false
V4T006199,41.021754,-60.724690,ELG,0.75618479,1.0000,true
V4T006200,341.142282,-34.510186,QSO,0.23646245,1.7000,false
V4T006201,34.045614,-47.151369,BGS,1.51044096,0.4500,false
V4T006202,31.235896,-46.665568,BGS,0.78518971,0.4500,false
V4T006203,26.718673,-45.358538,ELG,0.58684469,1.0000,false
V4T006204,355.333115,-37.216821,LRG,0.36735478,1.0000,false
V4T006205,28.388532,-47.211919,BGS,1.95092442,0.4500,false
V4T006206,348.584693,-36.081496,LRG,0.28034681,1.0000,false
V4T006207,341.731247,-28.491579,QSO,0.19008823,1.7000,false
V4T006208,26.055106,-52.279970,BGS,0.88446951,0.4500,false
V4T006209,345.574004,-17.815607,ELG,0.31580501,1.0000,false
V4T006210,27.052818,-40.791238,ELG,0.75028760,1.0000,false
V4T006211,22.265469,-42.849609,ELG,0.86268651,1.0000,false
V4T006212,0.380027,-29.232048,Star,4.19688334,0.3000,true
V4T006213,50.655793,-42.242794,LRG,0.41186132,1.0000,false
V4T006214,53.752567,-35.990979,LRG,0.26260452,1.0000,false
V4T006215,355.502823,-22.432764,QSO,0.17537258,1.7000,false
V4T006216,47.460000,-36.596622,ELG,0.53348148,1.0000,false
V4T006217,342.469951,-32.489490,BGS,1.94076534,0.4500,false
V4T006218,342.493320,-25.827545,ELG,0.75915598,1.0000,false
V4T006219,30.437913,-42.738155,Star,4.47641948,0.3000,false
V4T006220,25.204239,-52.467228,LRG,0.43399940,1.0000,false
V4T006221,16.976747,-56.196127,ELG,0.68661757,1.0000,false
V4T006222,346.108438,-17.407297,QSO,0.13387271,1.7000,false
V4T006223,36.361381,-41.372885,ELG,0.64321000,1.0000,false
V4T006224,344.395495,-20.277082,BGS,0.85185807,0.4500,false
V4T006225,55.674315,-54.278863,LRG,0.43250125,1.0000,false
V4T006226,19.262991,-45.761692,LRG,0.26332637,1.0000,false
V4T006227,355.405358,-27.608939,ELG,1.14242779,1.0000,false
V4T006228,335.968958,-26.239924,ELG,0.37472059,1.0000,false
V4T006229,30.637744,-38.063047,LRG,0.25470476,1.0000,false
V4T006230,19.982698,-46.395528,LRG,0.32190429,1.0000,false
V4T006231,23.616972,-36.716602,BGS,2.22975871,0.4500,false
V4T006232,50.372561,-35.105490,BGS,0.96296956,0.4500,true
V4T006233,22.067123,-42.796246,LRG,0.52296199,1.0000,false
V4T006234,28.946477,-53.452969,BGS,1.37693567,0.4500,false
V4T006235,338.092030,-31.424351,ELG,0.19632457,1.0000,true
V4T006236,352.453867,-20.769461,ELG,0.63495925,1.0000,false
V4T006237,352.958748,-20.380453,QSO,0.24776751,1.7000,false
V4T006238,344.930171,-15.370875,BGS,1.05755236,0.4500,false
V4T006239,346.199400,-17.852213,BGS,1.75497182,0.4500,false
V4T006240,337.462325,-31.146387,ELG,0.32682859,1.0000,false
V4T006241,44.611760,-35.335733,ELG,0.57333432,1.0000,false
V4T006242,22.735862,-48.217254,BGS,1.76439331,0.4500,false
V4T006243,55.171153,-41.122029,BGS,1.33798628,0.4500,false
V4T006244,29.837899,-53.688729,LRG,0.53319371,1.0000,false
V4T006245,35.944032,-41.201154,QSO,0.17269711,1.7000,false
V4T006246,345.511446,-22.965410,BGS,0.91645181,0.4500,false
V4T006247,45.514871,-49.906649,BGS,1.07203418,0.4500,false
V4T006248,29.941754,-54.120799,QSO,0.08745704,1.7000,false
V4T006249,359.129701,-24.420061,BGS,1.87789035,0.4500,false
V4T006250,343.454425,-27.598572,QSO,0.19209539,1.7000,false
V4T006251,28.703666,-44.814027,QSO,0.10859504,1.7000,false
V4T006252,40.632027,-35.284557,Star,3.78671951,0.3000,false
V4T006253,49.312020,-40.871868,QSO,0.11479500,1.7000,false
V4T006254,352.235055,-36.296278,ELG,0.69205027,1.0000,true
V4T006255,340.098536,-33.059417,LRG,0.19727886,1.0000,false
V4T006256,344.549623,-26.608468,ELG,0.32741541,1.0000,false
V4T006257,347.926896,-32.485009,ELG,0.62433688,1.0000,false
V4T006258,27.818674,-35.141849,ELG,0.27907140,1.0000,false
V4T006259,0.453339,-27.839020,LRG,0.20180099,1.0000,false
V4T006260,36.225492,-52.852267,BGS,1.13031401,0.4500,false
V4T006261,55.126727,-42.751855,LRG,0.26457945,1.0000,false
V4T006262,49.515614,-42.261784,BGS,1.43970449,0.4500,false
V4T006263,339.381555,-21.593421,ELG,0.74522268,1.0000,false
V4T006264,353.392876,-27.433044,LRG,0.58708859,1.0000,false
V4T006265,0.470881,-19.670571,ELG,1.09424943,1.0000,false
V4T006266,29.282160,-54.512239,ELG,0.42368531,1.0000,false
V4T006267,348.264249,-17.696124,QSO,0.11887945,1.7000,false
V4T006268,24.795794,-52.855993,Star,3.71547422,0.3000,false
V4T006269,338.234211,-31.196797,BGS,1.43003275,0.4500,false
V4T006270,31.492058,-40.367455,LRG,0.19168831,1.0000,false
V4T006271,347.456330,-33.263029,BGS,1.36303046,0.4500,false
V4T006272,33.748384,-59.728274,BGS,1.45848342,0.4500,false
V4T006273,340.570172,-25.736308,LRG,0.22794173,1.0000,false
V4T006274,341.067722,-32.716543,ELG,0.62701976,1.0000,true
V4T006275,343.959097,-26.074059,BGS,1.53366287,0.4500,false
V4T006276,36.687864,-51.360105,Star,2.99186550,0.3000,false
V4T006277,338.050654,-31.983862,ELG,0.94634414,1.0000,false
V4T006278,48.407425,-51.297988,ELG,0.54034633,1.0000,false
V4T006279,2.016926,-33.558250,BGS,0.81799384,0.4500,false
V4T006280,344.794373,-34.937644,BGS,1.77833751,0.4500,false
V4T006281,37.027254,-36.339070,BGS,0.59246950,0.4500,false
V4T006282,18.932947,-50.812768,Star,4.07279421,0.3000,false
V4T006283,345.868829,-32.666647,QSO,0.50918881,1.7000,false
V4T006284,352.720266,-19.890654,LRG,0.26390285,1.0000,false
V4T006285,57.792952,-48.612400,QSO,0.38145678,1.7000,false
V4T006286,354.364163,-22.642089,ELG,0.46755996,1.0000,false
V4T006287,14.464413,-48.869290,ELG,0.86617609,1.0000,false
V4T006288,50.242134,-41.063751,ELG,0.51526494,1.0000,false
V4T006289,49.081634,-56.824240,LRG,0.50288891,1.0000,false
V4T006290,349.741781,-21.468121,BGS,1.31014535,0.4500,false
V4T006291,39.239706,-43.755545,QSO,0.34838752,1.7000,false
V4T006292,49.838427,-57.831574,ELG,0.41353086,1.0000,false
V4T006293,54.530005,-49.557977,ELG,0.57917672,1.0000,false
V4T006294,344.309946,-26.284135,ELG,0.44843102,1.0000,false
V4T006295,25.063818,-51.868475,BGS,1.15138254,0.4500,false
V4T006296,346.002594,-27.940051,LRG,0.32947116,1.0000,false
V4T006297,31.992160,-47.903283,LRG,0.32980809,1.0000,false
V4T006298,357.990796,-22.659562,BGS,2.01226697,0.4500,false
V4T006299,351.558699,-19.475038,ELG,0.51649901,1.0000,false
V4T006300,1.017509,-19.430257,ELG,0.77347104,1.0000,false
V4T006301,26.798992,-36.359484,ELG,0.38616996,1.0000,false
V4T006302,30.825505,-51.128033,Star,3.49400668,0.3000,false
V4T006303,41.276711,-45.430899,ELG,0.34541310,1.0000,false
V4T006304,48.944742,-40.876075,LRG,0.28792707,1.0000,false
V4T006305,55.254141,-40.869195,BGS,1.20834361,0.4500,false
V4T006306,0.569235,-20.936269,BGS,1.53060051,0.4500,false
V4T006307,55.544218,-49.448118,Star,4.12880125,0.3000,false
V4T006308,351.305034,-19.615141,ELG,0.71142603,1.0000,false
V4T006309,340.306252,-33.065389,BGS,1.15680944,0.4500,false
V4T006310,28.819752,-37.952309,ELG,0.30350480,1.0000,false
V4T006311,52.106700,-34.673125,QSO,0.14990898,1.7000,false
V4T006312,47.544553,-43.448425,ELG,0.57241732,1.0000,false
V4T006313,40.381994,-38.704680,LRG,0.39423751,1.0000,false
V4T006314,337.146033,-31.457165,QSO,0.41685542,1.7000,false
V4T006315,25.465074,-51.867512,QSO,0.23383968,1.7000,false
V4T006316,347.825629,-25.324570,Star,2.62504521,0.3000,false
V4T006317,340.909327,-30.936270,BGS,1.17470284,0.4500,false
V4T006318,18.981307,-43.700614,BGS,1.14589219,0.4500,false
V4T006319,0.241070,-27.741103,QSO,0.30272097,1.7000,false
V4T006320,344.669105,-35.059405,BGS,1.26334916,0.4500,false
V4T006321,3.779936,-29.317961,Star,4.35076736,0.3000,false
V4T006322,55.247467,-54.688355,BGS,1.14009363,0.4500,false
V4T006323,24.553223,-41.695203,LRG,0.36858783,1.0000,false
V4T006324,346.911241,-17.561260,ELG,0.67372954,1.0000,false
V4T006325,32.281342,-60.262154,LRG,0.57511202,1.0000,false
V4T006326,350.021127,-24.721069,BGS,1.18725281,0.4500,false
V4T006327,26.044013,-51.506289,Star,3.96466976,0.3000,false
V4T006328,58.221027,-40.872883,QSO,0.28985336,1.7000,false
V4T006329,340.828384,-33.389923,LRG,0.33345292,1.0000,false
V4T006330,39.271335,-33.355641,BGS,0.75507464,0.4500,false
V4T006331,29.202859,-53.930706,BGS,1.61156455,0.4500,false
V4T006332,25.083419,-46.258616,ELG,0.59236995,1.0000,false
V4T006333,341.981920,-20.974253,LRG,0.47234734,1.0000,false
V4T006334,343.946056,-23.902269,Star,4.04813623,0.3000,false
V4T006335,346.221843,-17.223695,QSO,0.29695675,1.7000,false
V4T006336,34.547169,-36.877010,LRG,0.41766669,1.0000,false
V4T006337,346.677265,-28.724842,Star,3.23162445,0.3000,false
V4T006338,38.097225,-44.610966,Star,5.07234198,0.3000,false
V4T006339,45.546407,-46.326118,LRG,0.42333791,1.0000,false
V4T006340,31.300490,-54.136462,ELG,0.92901154,1.0000,false
V4T006341,36.660444,-40.237082,ELG,0.65841730,1.0000,false
V4T006342,358.151960,-28.722302,BGS,1.14237143,0.4500,false
V4T006343,339.067112,-23.152262,ELG,0.76601997,1.0000,false
V4T006344,55.740170,-39.233801,LRG,0.49167051,1.0000,false
V4T006345,46.078125,-40.198049,BGS,1.67512546,0.4500,false
V4T006346,2.248155,-22.716230,LRG,0.26205501,1.0000,false
V4T006347,44.418473,-34.051909,ELG,0.85693747,1.0000,false
V4T006348,55.401240,-54.221894,BGS,0.98512697,0.4500,false
V4T006349,46.187277,-57.974226,ELG,0.33580482,1.0000,false
V4T006350,47.424286,-45.406930,QSO,0.23748682,1.7000,false
V4T006351,357.326490,-35.306820,ELG,0.77847594,1.0000,false
V4T006352,26.698354,-51.553995,LRG,0.56458669,1.0000,false
V4T006353,341.338208,-22.434674,BGS,0.92299408,0.4500,false
V4T006354,354.758031,-26.891952,LRG,1.01621289,1.0000,false
V4T006355,51.587471,-37.817399,ELG,0.50226574,1.0000,false
V4T006356,27.189814,-54.633802,BGS,1.49929118,0.4500,false
V4T006357,337.792280,-28.651182,ELG,0.32753463,1.0000,false
V4T006358,352.716501,-33.720245,ELG,1.12442575,1.0000,false
V4T006359,4.688062,-26.398747,ELG,0.43526694,1.0000,false
V4T006360,27.844293,-54.663498,ELG,0.59900639,1.0000,false
V4T006361,46.699040,-36.262478,ELG,0.42250977,1.0000,false
V4T006362,349.477813,-35.215078,Star,6.25415416,0.3000,false
V4T006363,342.122426,-34.038540,ELG,0.37422898,1.0000,false
V4T006364,53.205240,-43.597846,BGS,0.87530961,0.4500,false
V4T006365,20.138419,-53.742538,ELG,0.46787041,1.0000,false
V4T006366,348.004260,-27.609834,BGS,1.25678024,0.4500,false
V4T006367,342.265169,-16.294610,QSO,0.11748162,1.7000,false
V4T006368,51.233527,-50.767238,BGS,1.00040686,0.4500,false
V4T006369,0.827092,-19.576371,BGS,1.31348500,0.4500,false
V4T006370,25.018320,-37.838951,BGS,1.57176312,0.4500,false
V4T006371,345.616737,-36.251878,ELG,0.29263797,1.0000,false
V4T006372,50.147579,-41.841098,ELG,0.33872983,1.0000,false
V4T006373,347.911023,-27.217934,LRG,0.50650044,1.0000,false
V4T006374,28.096716,-39.095301,ELG,0.63700301,1.0000,true
V4T006375,345.274140,-28.218727,BGS,0.84167968,0.4500,false
V4T006376,358.864121,-33.540414,BGS,2.08274019,0.4500,false
V4T006377,0.592864,-19.710448,QSO,0.09650101,1.7000,false
V4T006378,343.941546,-17.300190,ELG,0.90264508,1.0000,false
V4T006379,29.465209,-54.572823,BGS,1.16239464,0.4500,false
V4T006380,344.126649,-30.778834,QSO,0.09936485,1.7000,false
V4T006381,351.262594,-23.845150,BGS,0.78037323,0.4500,false
V4T006382,33.832728,-51.537653,Star,4.09802280,0.3000,false
V4T006383,338.600254,-31.890662,ELG,0.63550354,1.0000,false
V4T006384,39.218067,-42.151346,Star,3.74406918,0.3000,false
V4T006385,32.964071,-43.137603,LRG,0.46593662,1.0000,false
V4T006386,31.944245,-33.476525,BGS,0.95443347,0.4500,false
V4T006387,38.024610,-38.819715,QSO,0.38054724,1.7000,false
V4T006388,50.666505,-40.051436,QSO,0.09020465,1.7000,false
V4T006389,55.932299,-53.959849,LRG,0.38199451,1.0000,true
V4T006390,353.279717,-19.923842,Star,3.35735200,0.3000,false
V4T006391,348.485578,-34.486993,BGS,1.00162846,0.4500,false
V4T006392,349.135375,-22.283946,LRG,0.31935386,1.0000,false
V4T006393,43.873258,-32.569611,ELG,0.53606003,1.0000,false
V4T006394,37.163046,-59.933884,BGS,0.96054281,0.4500,false
V4T006395,342.813678,-31.572652,ELG,0.69605369,1.0000,false
V4T006396,345.195315,-28.511341,ELG,0.65926832,1.0000,false
V4T006397,346.722904,-17.667485,QSO,0.04789565,1.7000,false
V4T006398,35.624237,-41.214581,ELG,0.36455420,1.0000,false
V4T006399,339.268756,-25.171263,QSO,0.15813880,1.7000,false
V4T006400,342.127884,-19.077466,BGS,1.25807913,0.4500,false
V4T006401,37.884778,-31.890235,ELG,0.54566141,1.0000,false
V4T006402,2.516822,-31.985826,BGS,0.91369034,0.4500,false
V4T006403,40.685725,-36.906756,ELG,0.80572368,1.0000,false
V4T006404,352.028758,-38.143619,LRG,0.35564489,1.0000,false
V4T006405,343.093924,-27.321366,ELG,0.54874820,1.0000,false
V4T006406,55.732705,-37.516454,Star,3.25844890,0.3000,false
V4T006407,32.069433,-32.758951,BGS,1.05404636,0.4500,false
V4T006408,349.821135,-27.535768,QSO,0.62621725,1.7000,false
V4T006409,352.732816,-28.635854,BGS,0.96782304,0.4500,false
V4T006410,27.694982,-56.013153,BGS,1.55339852,0.4500,false
V4T006411,359.451941,-32.344676,BGS,1.83813249,0.4500,false
V4T006412,352.149637,-28.687645,BGS,1.44621846,0.4500,false
V4T006413,45.917688,-49.416966,ELG,0.35228226,1.0000,false
V4T006414,337.907147,-31.289329,LRG,0.26056279,1.0000,true
V4T006415,347.008354,-23.690301,BGS,1.15461406,0.4500,false
V4T006416,348.406579,-16.597452,QSO,0.15748794,1.7000,false
V4T006417,346.482765,-17.997584,Star,4.42242570,0.3000,false
V4T006418,353.007462,-27.973414,BGS,0.85207941,0.4500,false
V4T006419,343.136482,-26.525118,LRG,0.31978519,1.0000,false
V4T006420,347.671462,-30.395682,ELG,0.34215092,1.0000,false
V4T006421,336.178472,-26.681322,LRG,0.43164398,1.0000,false
V4T006422,30.507627,-53.709096,BGS,1.25449605,0.4500,false
V4T006423,24.978596,-45.332697,Star,6.52519012,0.3000,false
V4T006424,32.427571,-52.207789,ELG,0.33859471,1.0000,false
V4T006425,19.639440,-40.186548,BGS,1.50669981,0.4500,false
V4T006426,336.781729,-25.599148,ELG,0.57089839,1.0000,false
V4T006427,39.338785,-37.012930,ELG,0.58107492,1.0000,false
V4T006428,43.391034,-40.110907,LRG,0.42465542,1.0000,false
V4T006429,34.567739,-43.719190,LRG,0.41277235,1.0000,false
V4T006430,18.152856,-43.691700,QSO,0.20857606,1.7000,false
V4T006431,44.390655,-36.212477,BGS,1.83252855,0.4500,false
V4T006432,0.326297,-19.102315,LRG,0.31921193,1.0000,false
V4T006433,20.179427,-47.725104,LRG,0.21784750,1.0000,false
V4T006434,341.273238,-32.551874,BGS,1.32167053,0.4500,false
V4T006435,342.590493,-33.807716,Star,4.53972817,0.3000,false
V4T006436,37.417013,-32.188099,BGS,1.26467148,0.4500,false
V4T006437,45.203137,-55.744989,ELG,0.57124539,1.0000,false
V4T006438,28.524975,-38.008490,QSO,0.09637484,1.7000,false
V4T006439,21.796116,-47.909121,LRG,0.47476358,1.0000,false
V4T006440,1.115862,-31.021148,QSO,0.14520502,1.7000,false
V4T006441,358.210325,-24.423875,BGS,0.87615999,0.4500,false
V4T006442,24.753240,-51.558284,QSO,0.25869941,1.7000,false
V4T006443,338.615597,-31.254493,BGS,2.17970061,0.4500,false
V4T006444,343.732489,-28.334079,QSO,0.11238929,1.7000,false
V4T006445,348.347571,-39.607620,Star,6.49772966,0.3000,false
V4T006446,54.393100,-38.671775,ELG,0.38274940,1.0000,false
V4T006447,50.223132,-50.912795,LRG,0.49377152,1.0000,false
V4T006448,36.352151,-40.934139,BGS,1.30236803,0.4500,false
V4T006449,341.747763,-25.682370,ELG,0.39428922,1.0000,false
V4T006450,359.778814,-27.568764,LRG,0.23657104,1.0000,false
V4T006451,35.380665,-48.572866,Star,3.66036090,0.3000,false
V4T006452,48.959874,-45.456702,Star,4.21254476,0.3000,false
V4T006453,44.436674,-48.729260,ELG,0.72346519,1.0000,false
V4T006454,345.998160,-18.770666,ELG,0.64966475,1.0000,false
V4T006455,35.451393,-41.495198,ELG,0.33555141,1.0000,false
V4T006456,28.896979,-51.078405,LRG,0.54287658,1.0000,false
V4T006457,19.921568,-50.154387,Star,2.68751118,0.3000,false
V4T006458,354.543400,-32.223510,ELG,1.19509696,1.0000,false
V4T006459,341.810645,-28.346826,QSO,0.26603545,1.7000,false
V4T006460,340.124754,-31.822973,QSO,0.08646318,1.7000,false
V4T006461,346.151378,-37.747213,LRG,0.25139297,1.0000,false
V4T006462,24.222908,-47.046885,ELG,0.72717356,1.0000,false
V4T006463,341.080444,-32.934882,QSO,0.14748026,1.7000,false
V4T006464,29.353187,-53.939560,LRG,0.68988396,1.0000,false
V4T006465,337.138493,-30.500730,ELG,0.57136132,1.0000,false
V4T006466,4.455208,-26.283654,ELG,0.49480165,1.0000,false
V4T006467,27.291728,-36.029851,ELG,0.82251648,1.0000,false
V4T006468,351.253911,-24.446307,BGS,1.84714763,0.4500,false
V4T006469,20.021703,-56.759447,QSO,0.12391308,1.7000,false
V4T006470,51.634982,-34.373576,ELG,0.47914799,1.0000,false
V4T006471,3.941695,-24.434444,ELG,0.71069622,1.0000,false
V4T006472,15.502429,-55.113540,LRG,0.23819599,1.0000,true
V4T006473,353.192675,-28.664854,ELG,0.49984027,1.0000,false
V4T006474,46.812884,-34.251004,QSO,0.38155844,1.7000,false
V4T006475,359.040520,-19.211812,BGS,1.22904789,0.4500,false
V4T006476,20.537219,-41.666745,LRG,0.23311717,1.0000,false
V4T006477,57.797151,-49.701113,ELG,0.37448027,1.0000,false
V4T006478,22.634791,-51.601594,QSO,0.13646621,1.7000,false
V4T006479,25.450561,-52.109667,ELG,0.57348331,1.0000,false
V4T006480,37.104519,-53.109033,LRG,0.30388244,1.0000,false
V4T006481,36.719800,-51.212111,ELG,0.41389667,1.0000,false
V4T006482,343.442679,-27.114983,QSO,0.15169082,1.7000,false
V4T006483,35.166477,-35.594107,QSO,0.32688283,1.7000,false
V4T006484,353.233318,-17.775584,LRG,0.46916531,1.0000,false
V4T006485,349.397244,-37.415948,ELG,0.57060565,1.0000,false
V4T006486,51.598536,-35.091580,BGS,1.35024838,0.4500,false
V4T006487,57.887522,-52.114830,LRG,0.32244412,1.0000,false
V4T006488,28.982526,-48.046881,ELG,0.60855750,1.0000,false
V4T006489,344.494608,-17.446355,BGS,1.56340617,0.4500,false
V4T006490,3.723295,-22.350556,QSO,0.17292939,1.7000,false
V4T006491,43.501912,-51.422555,LRG,0.15349753,1.0000,false
V4T006492,47.889365,-53.655535,LRG,0.63825778,1.0000,false
V4T006493,1.126980,-29.838208,BGS,1.19608106,0.4500,false
V4T006494,355.559800,-32.939131,QSO,0.19063828,1.7000,false
V4T006495,347.690317,-22.924642,BGS,1.98948367,0.4500,false
V4T006496,347.269658,-18.796423,ELG,0.60056003,1.0000,false
V4T006497,0.270377,-19.381653,BGS,1.93208342,0.4500,false
V4T006498,45.734564,-57.094186,ELG,0.47144236,1.0000,false
V4T006499,346.212876,-28.455178,Star,3.74979096,0.3000,true
V4T006500,343.537928,-30.250962,BGS,1.20153799,0.4500,false
V4T006501,355.417004,-22.885790,QSO,0.14275516,1.7000,false
V4T006502,27.504654,-36.244238,BGS,1.14229662,0.4500,false
V4T006503,358.162433,-30.686455,BGS,1.33615846,0.4500,false
V4T006504,37.330870,-54.695406,ELG,0.93863053,1.0000,false
V4T006505,37.758377,-31.760770,ELG,0.83493381,1.0000,false
V4T006506,2.480994,-27.257931,ELG,0.74512753,1.0000,false
V4T006507,31.616583,-51.269203,BGS,1.57340213,0.4500,false
V4T006508,355.298495,-32.277879,BGS,1.27501961,0.4500,false
V4T006509,350.501708,-18.707980,BGS,1.88835666,0.4500,false
V4T006510,16.496830,-56.272179,QSO,1.37483515,1.7000,false
V4T006511,344.945882,-28.445513,BGS,0.55264275,0.4500,false
V4T006512,338.295686,-31.103818,ELG,0.25155707,1.0000,false
V4T006513,354.609535,-33.005216,BGS,0.70353773,0.4500,false
V4T006514,30.035832,-49.588436,Star,3.30532980,0.3000,false
V4T006515,23.107374,-49.728844,ELG,0.92897819,1.0000,false
V4T006516,25.069882,-51.848775,ELG,0.81107084,1.0000,false
V4T006517,21.914841,-52.647084,BGS,1.05746752,0.4500,false
V4T006518,36.569826,-49.904984,LRG,0.46025099,1.0000,false
V4T006519,27.119204,-42.697349,ELG,1.19611304,1.0000,false
V4T006520,356.252411,-28.505347,LRG,0.49538647,1.0000,false
V4T006521,338.529817,-31.816168,QSO,0.21703380,1.7000,true
V4T006522,38.810840,-32.317793,ELG,0.27026044,1.0000,false
V4T006523,346.619464,-17.567676,QSO,0.28352236,1.7000,false
V4T006524,56.581169,-54.469744,LRG,0.41513670,1.0000,false
V4T006525,54.836839,-44.999924,ELG,0.88189747,1.0000,false
V4T006526,354.100304,-20.309517,Star,4.63646197,0.3000,false
V4T006527,23.722715,-56.842454,QSO,0.15927994,1.7000,false
V4T006528,346.170320,-17.065648,LRG,0.26910114,1.0000,false
V4T006529,343.577796,-20.670284,LRG,0.39548027,1.0000,false
V4T006530,353.351381,-29.211379,BGS,1.25250164,0.4500,false
V4T006531,33.891199,-54.175121,QSO,0.20972603,1.7000,false
V4T006532,48.116549,-43.522802,QSO,0.40860395,1.7000,false
V4T006533,345.159375,-28.621938,ELG,0.49443846,1.0000,false
V4T006534,48.644730,-40.136726,LRG,0.20103952,1.0000,false
V4T006535,27.110979,-56.427188,QSO,0.16101001,1.7000,false
V4T006536,29.886933,-39.887388,QSO,0.33732846,1.7000,false
V4T006537,19.703006,-42.309083,BGS,1.46816605,0.4500,false
V4T006538,340.216990,-28.797025,QSO,0.13539038,1.7000,true
V4T006539,359.643169,-19.009762,BGS,1.30254176,0.4500,false
V4T006540,357.154045,-25.188618,BGS,0.97334537,0.4500,false
V4T006541,339.192221,-17.996869,LRG,0.52066653,1.0000,false
V4T006542,55.055119,-53.484425,ELG,0.20654427,1.0000,false
V4T006543,341.308521,-33.775955,BGS,1.31703627,0.4500,false
V4T006544,40.448724,-58.345274,QSO,0.24295285,1.7000,false
V4T006545,14.939024,-48.065851,BGS,0.78131250,0.4500,false
V4T006546,346.611985,-20.444320,BGS,1.49665981,0.4500,false
V4T006547,25.544365,-51.466372,QSO,0.19779733,1.7000,false
V4T006548,349.154056,-31.234796,BGS,1.64504087,0.4500,false
V4T006549,349.902124,-26.472795,LRG,0.81982135,1.0000,false
V4T006550,356.694059,-20.986762,LRG,0.21315452,1.0000,false
V4T006551,40.261457,-60.811666,QSO,0.61807980,1.7000,false
V4T006552,345.588553,-22.236818,QSO,0.35865087,1.7000,true
V4T006553,359.326997,-30.886637,BGS,1.85038605,0.4500,false
V4T006554,344.847901,-35.393471,ELG,0.65846869,1.0000,false
V4T006555,38.850478,-58.308366,BGS,1.25126182,0.4500,false
V4T006556,349.247826,-15.356684,LRG,0.24779781,1.0000,false
V4T006557,36.633758,-40.650612,ELG,0.25751776,1.0000,false
V4T006558,354.099480,-22.396944,Star,3.54244950,0.3000,true
V4T006559,344.378287,-36.448088,Star,2.81257889,0.3000,true
V4T006560,51.420297,-58.588440,Star,3.40711711,0.3000,false
V4T006561,34.793125,-37.835382,BGS,1.06949652,0.4500,false
V4T006562,359.020811,-35.309779,LRG,0.30390249,1.0000,false
V4T006563,49.178229,-52.691262,LRG,0.26041337,1.0000,false
V4T006564,23.863091,-60.039393,BGS,0.98657610,0.4500,false
V4T006565,341.250189,-33.187949,LRG,0.45671081,1.0000,false
V4T006566,350.288646,-20.181220,LRG,0.50935419,1.0000,false
V4T006567,345.558792,-29.018565,ELG,0.70965160,1.0000,false
V4T006568,345.387702,-24.994797,QSO,0.06413061,1.7000,false
V4T006569,340.304666,-30.360296,ELG,0.77945731,1.0000,false
V4T006570,345.064924,-32.219692,BGS,1.42685867,0.4500,false
V4T006571,48.544443,-34.206504,LRG,0.23515379,1.0000,false
V4T006572,345.563702,-18.699979,ELG,0.52626247,1.0000,false
V4T006573,2.307802,-27.566350,ELG,0.53575694,1.0000,false
V4T006574,48.942705,-42.024193,QSO,0.06427729,1.7000,true
V4T006575,344.395920,-36.002767,ELG,0.51158219,1.0000,false
V4T006576,342.513174,-27.150169,ELG,0.82504231,1.0000,false
V4T006577,349.097828,-31.901826,Star,2.86986838,0.3000,false
V4T006578,343.833315,-26.086284,ELG,0.96374173,1.0000,false
V4T006579,343.323985,-27.310634,ELG,0.33325076,1.0000,false
V4T006580,32.031968,-54.181436,ELG,1.06551012,1.0000,false
V4T006581,17.132947,-54.957087,ELG,0.70901906,1.0000,true
V4T006582,19.610399,-46.438446,ELG,0.33505153,1.0000,false
V4T006583,59.632633,-47.304321,LRG,0.72344615,1.0000,false
V4T006584,346.842689,-24.876082,LRG,0.25762715,1.0000,false
V4T006585,337.495617,-25.459684,ELG,0.78966062,1.0000,false
V4T006586,341.903582,-33.230356,QSO,0.26018299,1.7000,false
V4T006587,26.864044,-56.258341,ELG,0.50339387,1.0000,false
V4T006588,344.853022,-29.550223,LRG,0.36271494,1.0000,false
V4T006589,350.208181,-38.692571,QSO,0.18745979,1.7000,false
V4T006590,34.622059,-40.847095,BGS,1.80378549,0.4500,false
V4T006591,348.670515,-25.924933,ELG,0.39683480,1.0000,true
V4T006592,354.342284,-18.448229,LRG,0.39788483,1.0000,false
V4T006593,359.534584,-24.676172,QSO,0.16432514,1.7000,false
V4T006594,41.572352,-60.818496,Star,3.83031541,0.3000,false
V4T006595,358.421513,-24.618616,ELG,0.45749215,1.0000,false
V4T006596,38.659101,-31.966390,LRG,0.51580047,1.0000,true
V4T006597,39.828364,-39.714519,ELG,1.22159893,1.0000,false
V4T006598,57.730378,-51.493907,LRG,0.49055019,1.0000,false
V4T006599,346.192924,-28.358667,LRG,0.47716723,1.0000,false
V4T006600,349.408342,-16.385517,QSO,0.13498019,1.7000,false
V4T006601,51.901165,-39.754332,QSO,0.13218460,1.7000,false
V4T006602,343.492428,-25.826901,ELG,0.63922844,1.0000,false
V4T006603,2.047602,-23.335436,ELG,0.99912973,1.0000,false
V4T006604,352.780070,-28.666434,BGS,3.08705366,0.4500,false
V4T006605,355.682976,-20.347683,ELG,0.94408960,1.0000,false
V4T006606,28.431607,-53.092592,ELG,0.64900056,1.0000,false
V4T006607,340.938400,-25.110408,QSO,0.27993548,1.7000,false
V4T006608,27.328271,-36.982142,LRG,0.42700385,1.0000,false
V4T006609,48.031971,-50.001946,LRG,0.41697286,1.0000,false
V4T006610,344.226260,-33.547766,ELG,0.29628021,1.0000,false
V4T006611,18.151734,-44.079265,BGS,1.18930725,0.4500,false
V4T006612,358.958124,-19.850411,ELG,0.39739111,1.0000,false
V4T006613,33.281633,-32.873685,ELG,0.30664626,1.0000,false
V4T006614,35.304465,-36.017458,QSO,0.66621440,1.7000,false
V4T006615,352.676555,-29.632257,ELG,0.73670685,1.0000,false
V4T006616,34.132770,-49.922114,LRG,0.20970046,1.0000,false
V4T006617,48.560482,-52.555833,BGS,1.48724815,0.4500,false
V4T006618,32.515777,-54.332965,BGS,0.99546098,0.4500,false
V4T006619,350.232281,-31.466634,ELG,0.77261568,1.0000,false
V4T006620,356.341445,-24.014378,ELG,0.35164940,1.0000,false
V4T006621,29.458136,-36.292288,ELG,0.71643975,1.0000,true
V4T006622,47.235283,-37.449092,LRG,0.25822700,1.0000,false
V4T006623,357.028415,-32.451427,LRG,0.37056256,1.0000,false
V4T006624,30.954792,-56.535604,BGS,1.14375373,0.4500,false
V4T006625,346.003548,-28.421905,Star,3.02387331,0.3000,false
V4T006626,345.731365,-17.232267,LRG,0.35428848,1.0000,false
V4T006627,337.845837,-31.758067,LRG,0.46472030,1.0000,false
V4T006628,31.530304,-60.283891,ELG,0.76670694,1.0000,false
V4T006629,1.157662,-24.693965,LRG,0.48930008,1.0000,true
V4T006630,41.952142,-33.437157,ELG,0.48998152,1.0000,false
V4T006631,350.876363,-21.468113,LRG,0.23853290,1.0000,false
V4T006632,49.897921,-42.236351,ELG,0.44797767,1.0000,false
V4T006633,356.265171,-27.801721,LRG,0.51919755,1.0000,false
V4T006634,36.005778,-41.410136,QSO,0.15270684,1.7000,false
V4T006635,351.555887,-29.361455,ELG,0.62545478,1.0000,false
V4T006636,41.869839,-48.285594,Star,4.68259560,0.3000,true
V4T006637,338.584410,-25.050718,ELG,0.45424553,1.0000,false
V4T006638,350.062232,-29.660735,ELG,0.19381913,1.0000,false
V4T006639,23.483820,-39.430502,ELG,0.72454751,1.0000,false
V4T006640,344.197085,-27.214250,ELG,0.39813341,1.0000,false
V4T006641,45.919458,-48.466965,ELG,0.71239079,1.0000,false
V4T006642,352.463393,-28.954370,ELG,0.45317174,1.0000,false
V4T006643,359.275458,-36.084850,Star,3.49948086,0.3000,false
V4T006644,351.338300,-38.928783,BGS,2.43006109,0.4500,false
V4T006645,37.255926,-52.727539,QSO,0.33217255,1.7000,false
V4T006646,0.771412,-19.186952,QSO,0.04615109,1.7000,false
V4T006647,19.741523,-55.053149,ELG,0.85205675,1.0000,false
V4T006648,343.127877,-28.186654,ELG,0.50672410,1.0000,false
V4T006649,345.446144,-22.493315,ELG,0.64579101,1.0000,false
V4T006650,36.578890,-41.421184,ELG,0.39645388,1.0000,false
V4T006651,33.575362,-42.790029,QSO,0.23400889,1.7000,false
V4T006652,52.567442,-46.106869,LRG,0.33159323,1.0000,false
V4T006653,345.417172,-17.207012,BGS,1.12982040,0.4500,false
V4T006654,30.197417,-50.290308,QSO,0.20038777,1.7000,false
V4T006655,49.055076,-41.957341,QSO,0.10181936,1.7000,false
V4T006656,26.133664,-51.715951,QSO,0.10752670,1.7000,false
V4T006657,57.513545,-50.769127,LRG,0.46467642,1.0000,false
V4T006658,337.927940,-31.525417,LRG,0.26271666,1.0000,false
V4T006659,15.035220,-49.156428,ELG,0.44350513,1.0000,false
V4T006660,359.960452,-18.940531,QSO,0.18632638,1.7000,false
V4T006661,352.908884,-23.491488,ELG,0.32591610,1.0000,false
V4T006662,28.534951,-35.497906,BGS,1.71293383,0.4500,false
V4T006663,43.165409,-47.497743,BGS,1.48524795,0.4500,false
V4T006664,29.862873,-54.610106,Star,3.18204204,0.3000,false
V4T006665,1.534093,-19.799989,BGS,1.14919118,0.4500,false
V4T006666,57.196201,-49.478888,LRG,0.25296671,1.0000,false
V4T006667,340.382838,-33.848881,ELG,0.78208237,1.0000,false
V4T006668,347.900786,-20.822936,ELG,0.62258122,1.0000,false
V4T006669,356.290848,-33.203591,QSO,0.10964926,1.7000,false
V4T006670,348.747120,-24.918605,LRG,0.32299475,1.0000,false
V4T006671,345.066630,-15.967863,BGS,1.14631044,0.4500,false
V4T006672,42.386617,-46.952074,ELG,0.53873883,1.0000,true
V4T006673,337.998704,-22.397609,ELG,0.60591070,1.0000,false
V4T006674,30.036360,-53.588257,Star,3.57283546,0.3000,false
V4T006675,26.078622,-51.042732,ELG,0.32869259,1.0000,false
V4T006676,27.557854,-37.455477,QSO,0.19872172,1.7000,true
V4T006677,341.285060,-34.612997,BGS,0.99744800,0.4500,false
V4T006678,37.392137,-42.094402,ELG,0.71296270,1.0000,false
V4T006679,349.329314,-24.815701,BGS,0.86742767,0.4500,false
V4T006680,36.915930,-41.154358,BGS,1.25562479,0.4500,false
V4T006681,2.467473,-27.342179,LRG,0.20197313,1.0000,false
V4T006682,21.163621,-50.436768,LRG,0.36545529,1.0000,false
V4T006683,24.981901,-51.399967,BGS,1.24332434,0.4500,true
V4T006684,353.641498,-33.080530,BGS,1.54688662,0.4500,false
V4T006685,336.742104,-28.266623,QSO,0.16683478,1.7000,false
V4T006686,39.348784,-49.245166,LRG,0.32548512,1.0000,false
V4T006687,345.729076,-32.846375,Star,4.00020183,0.3000,false
V4T006688,36.696480,-39.914202,ELG,0.30462303,1.0000,false
V4T006689,39.354769,-41.295161,BGS,1.41190093,0.4500,false
V4T006690,337.652003,-21.727453,ELG,0.45749335,1.0000,false
V4T006691,53.877594,-41.857226,ELG,0.45805619,1.0000,false
V4T006692,37.239887,-52.045879,BGS,0.93858279,0.4500,false
V4T006693,38.754051,-58.950403,BGS,1.06555352,0.4500,false
V4T006694,54.060633,-44.653622,Star,3.26499200,0.3000,true
V4T006695,336.703800,-25.696840,QSO,0.22961592,1.7000,false
V4T006696,29.201533,-53.714099,ELG,0.52138079,1.0000,false
V4T006697,55.386594,-51.751081,ELG,1.23443693,1.0000,true
V4T006698,336.451670,-22.127128,BGS,1.60066272,0.4500,false
V4T006699,4.848889,-25.683690,ELG,0.59145878,1.0000,true
V4T006700,52.086893,-54.413017,BGS,1.25323853,0.4500,false
V4T006701,23.258783,-51.788947,BGS,1.96708366,0.4500,false
V4T006702,34.580200,-41.436411,BGS,1.67666873,0.4500,false
V4T006703,0.742919,-32.752771,ELG,0.62312335,1.0000,false
V4T006704,47.098074,-54.905948,ELG,0.99326287,1.0000,false
V4T006705,28.715083,-54.033612,ELG,0.52915386,1.0000,false
V4T006706,342.287833,-33.567992,ELG,0.54575824,1.0000,false
V4T006707,357.436426,-26.947279,LRG,0.47830677,1.0000,false
V4T006708,23.312303,-58.304815,BGS,1.59232120,0.4500,false
V4T006709,23.700659,-52.581483,QSO,0.16188655,1.7000,false
V4T006710,354.853256,-30.165866,ELG,0.47324725,1.0000,false
V4T006711,53.868392,-41.705328,LRG,0.25099460,1.0000,false
V4T006712,28.598637,-35.057133,BGS,1.36040110,0.4500,false
V4T006713,18.958837,-55.290790,ELG,0.76534632,1.0000,false
V4T006714,51.209043,-42.083067,ELG,0.72914063,1.0000,false
V4T006715,49.318440,-41.568831,BGS,0.68388931,0.4500,false
V4T006716,26.700395,-35.082574,LRG,0.52042010,1.0000,true
V4T006717,352.709849,-29.886739,ELG,1.04646963,1.0000,false
V4T006718,345.055913,-28.496641,QSO,0.43787351,1.7000,false
V4T006719,342.135042,-33.799415,LRG,0.25845567,1.0000,false
V4T006720,38.329083,-56.347866,ELG,0.91175207,1.0000,false
V4T006721,339.999413,-23.568049,LRG,0.21425634,1.0000,false
V4T006722,341.912034,-37.423815,BGS,1.58894655,0.4500,false
V4T006723,349.793276,-39.075300,ELG,0.52574013,1.0000,false
V4T006724,343.781363,-27.077881,ELG,0.39676206,1.0000,false
V4T006725,47.339034,-41.061592,Star,4.65179964,0.3000,true
V4T006726,0.883765,-31.609433,BGS,0.92467242,0.4500,false
V4T006727,34.814078,-59.951370,ELG,0.52917026,1.0000,false
V4T006728,24.871844,-51.328350,BGS,0.78360785,0.4500,false
V4T006729,28.963632,-36.358181,ELG,0.28401650,1.0000,false
V4T006730,354.544882,-35.551753,QSO,0.33123326,1.7000,false
V4T006731,38.341534,-31.850583,ELG,0.55170765,1.0000,false
V4T006732,353.799215,-34.027590,ELG,0.46942829,1.0000,false
V4T006733,38.187086,-51.206234,ELG,0.89551628,1.0000,false
V4T006734,25.004812,-53.110110,LRG,0.29725873,1.0000,false
V4T006735,34.281415,-41.545861,QSO,0.24480150,1.7000,false
V4T006736,35.740633,-40.995742,ELG,0.47866011,1.0000,false
V4T006737,350.265236,-32.691075,Star,5.78523484,0.3000,false
V4T006738,355.004275,-26.137663,LRG,0.31993111,1.0000,false
V4T006739,352.485139,-31.580820,BGS,2.21600313,0.4500,false
V4T006740,349.420806,-31.230641,BGS,1.28850188,0.4500,false
V4T006741,52.279209,-51.426689,ELG,0.30061702,1.0000,false
V4T006742,29.534164,-53.272023,QSO,0.14031501,1.7000,false
V4T006743,16.844133,-54.473753,ELG,0.59876070,1.0000,false
V4T006744,50.181581,-33.857014,ELG,0.30291386,1.0000,false
V4T006745,23.724625,-46.145442,ELG,0.95403319,1.0000,false
V4T006746,345.572015,-24.322503,ELG,0.59651349,1.0000,false
V4T006747,342.559349,-17.261038,QSO,0.30317239,1.7000,true
V4T006748,28.455867,-54.357080,Star,4.48762409,0.3000,false
V4T006749,37.768371,-31.820359,ELG,0.76606358,1.0000,false
V4T006750,18.556731,-43.494558,BGS,0.98862551,0.4500,false
V4T006751,344.718711,-39.242516,LRG,0.26225500,1.0000,false
V4T006752,346.282655,-17.733058,BGS,0.80028054,0.4500,false
V4T006753,58.946219,-47.351766,BGS,1.47047009,0.4500,false
V4T006754,344.288893,-19.532838,BGS,2.08195728,0.4500,false
V4T006755,30.703663,-54.500609,ELG,0.43218930,1.0000,false
V4T006756,345.582758,-22.629286,ELG,0.42906872,1.0000,false
V4T006757,2.505112,-26.142574,QSO,0.09624016,1.7000,false
V4T006758,338.798278,-24.565793,LRG,0.20910398,1.0000,false
V4T006759,340.849073,-33.120282,LRG,0.36773931,1.0000,false
V4T006760,340.434387,-32.643216,ELG,0.43718160,1.0000,false
V4T006761,348.459092,-16.066123,LRG,0.81177168,1.0000,false
V4T006762,35.792495,-52.163853,BGS,1.24475778,0.4500,false
V4T006763,30.530905,-53.054801,BGS,1.20614166,0.4500,false
V4T006764,54.087845,-42.120414,ELG,0.46043287,1.0000,false
V4T006765,359.632708,-33.620455,BGS,1.09628635,0.4500,false
V4T006766,338.325662,-27.272544,LRG,0.41229714,1.0000,true
V4T006767,341.311588,-32.353017,Star,4.63400905,0.3000,false
V4T006768,341.488838,-25.839268,ELG,0.95721621,1.0000,true
V4T006769,345.185720,-22.740604,BGS,0.91709110,0.4500,false
V4T006770,349.112329,-37.674441,ELG,0.55164927,1.0000,false
V4T006771,35.788040,-37.728963,ELG,0.37571702,1.0000,false
V4T006772,36.976636,-38.077555,QSO,0.33797269,1.7000,false
V4T006773,346.535121,-39.770724,BGS,1.12759720,0.4500,false
V4T006774,343.937234,-26.217635,QSO,0.09564220,1.7000,false
V4T006775,24.218397,-51.671729,QSO,0.08478800,1.7000,false
V4T006776,347.729379,-33.772161,ELG,1.08372611,1.0000,false
V4T006777,29.610859,-54.014088,ELG,0.43656205,1.0000,false
V4T006778,348.935601,-27.395149,ELG,0.59667152,1.0000,false
V4T006779,17.998309,-51.391538,BGS,1.58914059,0.4500,false
V4T006780,55.464765,-54.850800,ELG,0.52730355,1.0000,false
V4T006781,341.756894,-33.437283,ELG,0.43390441,1.0000,false
V4T006782,352.791026,-27.481585,ELG,0.53098337,1.0000,false
V4T006783,39.974501,-60.915746,BGS,1.05134431,0.4500,false
V4T006784,352.238244,-29.023351,ELG,0.42559913,1.0000,false
V4T006785,341.894052,-30.298012,BGS,0.96237065,0.4500,true
V4T006786,344.569718,-26.930610,LRG,0.33483936,1.0000,false
V4T006787,26.969762,-37.511265,BGS,1.08996707,0.4500,false
V4T006788,348.585535,-23.696134,LRG,0.52347128,1.0000,false
V4T006789,346.060625,-17.574606,ELG,0.39867596,1.0000,false
V4T006790,38.460611,-42.583781,BGS,0.89682202,0.4500,false
V4T006791,39.995273,-48.225000,ELG,0.36394739,1.0000,false
V4T006792,347.250986,-38.836390,BGS,1.64360608,0.4500,true
V4T006793,340.593346,-20.083951,ELG,0.63074034,1.0000,false
V4T006794,50.166655,-41.598352,LRG,0.46505547,1.0000,false
V4T006795,345.381926,-29.043697,BGS,0.88814048,0.4500,false
V4T006796,48.624253,-45.083631,BGS,1.58029352,0.4500,false
V4T006797,57.621439,-40.767498,ELG,0.32713832,1.0000,false
V4T006798,356.394113,-22.102540,QSO,0.24727548,1.7000,false
V4T006799,0.162010,-23.321945,ELG,0.47821375,1.0000,false
V4T006800,32.215018,-59.858826,ELG,0.98024243,1.0000,false
V4T006801,36.905483,-51.630757,ELG,0.30471459,1.0000,false
V4T006802,25.914077,-51.544415,LRG,0.42953729,1.0000,false
V4T006803,2.241642,-25.739982,ELG,0.18274462,1.0000,false
V4T006804,25.362872,-51.152131,BGS,1.40439293,0.4500,false
V4T006805,359.611256,-23.456721,LRG,0.37832578,1.0000,false
V4T006806,1.156397,-20.011339,ELG,0.57788900,1.0000,false
V4T006807,352.749631,-35.458689,LRG,0.38595900,1.0000,false
V4T006808,46.311282,-54.810282,ELG,0.52492329,1.0000,false
V4T006809,344.055211,-27.251426,ELG,0.86781156,1.0000,false
V4T006810,17.230405,-56.251290,BGS,1.58962505,0.4500,false
V4T006811,38.428150,-45.698545,BGS,0.97723855,0.4500,false
V4T006812,344.063836,-36.576990,Star,4.48236314,0.3000,false
V4T006813,50.272279,-41.650458,ELG,0.59850613,1.0000,false
V4T006814,49.784473,-42.059131,BGS,1.08104022,0.4500,false
V4T006815,347.587095,-28.766413,BGS,0.83076938,0.4500,false
V4T006816,346.155142,-17.234290,BGS,1.29561051,0.4500,false
V4T006817,32.458333,-42.041692,ELG,0.97017164,1.0000,false
V4T006818,345.305344,-18.206846,LRG,0.40177760,1.0000,false
V4T006819,44.722229,-32.587544,QSO,0.17098162,1.7000,false
V4T006820,37.535614,-35.386622,LRG,0.52491628,1.0000,false
V4T006821,57.199866,-47.037046,LRG,0.38910939,1.0000,false
V4T006822,35.689450,-41.618542,QSO,0.13714203,1.7000,false
V4T006823,56.041149,-44.872083,ELG,0.34114251,1.0000,false
V4T006824,357.270213,-34.657824,ELG,0.43505943,1.0000,false
V4T006825,337.864485,-30.646763,ELG,0.44598821,1.0000,false
V4T006826,53.749312,-52.640207,BGS,0.88470618,0.4500,false
V4T006827,344.266572,-35.343904,QSO,0.12622978,1.7000,false
V4T006828,337.782599,-31.787605,BGS,1.85592227,0.4500,false
V4T006829,354.561452,-23.041249,ELG,1.31815874,1.0000,false
V4T006830,346.212404,-18.015615,BGS,1.85065500,0.4500,true
V4T006831,41.237356,-54.080785,LRG,0.35599545,1.0000,false
V4T006832,351.243860,-18.326259,QSO,0.11268389,1.7000,false
V4T006833,26.751133,-57.083557,Star,5.41751891,0.3000,false
V4T006834,48.803051,-48.977351,QSO,0.15929480,1.7000,false
V4T006835,21.921300,-47.193487,ELG,0.35376495,1.0000,false
V4T006836,51.781146,-46.402144,LRG,0.31515200,1.0000,false
V4T006837,35.475128,-58.027837,Star,3.62395842,0.3000,false
V4T006838,41.999722,-33.007293,ELG,0.47876945,1.0000,false
V4T006839,340.350921,-19.007281,LRG,0.24303875,1.0000,false
V4T006840,33.573642,-48.200230,QSO,0.24974931,1.7000,false
V4T006841,17.652646,-44.487876,ELG,0.82978176,1.0000,false
V4T006842,350.020337,-19.776064,LRG,0.20277491,1.0000,false
V4T006843,355.656922,-17.202586,LRG,0.45934179,1.0000,false
V4T006844,2.299840,-31.757332,LRG,0.34245268,1.0000,false
V4T006845,346.968528,-17.506567,BGS,1.34362074,0.4500,true
V4T006846,32.056128,-37.231190,ELG,0.86922370,1.0000,false
V4T006847,37.831352,-31.427737,ELG,0.64188691,1.0000,false
V4T006848,352.811707,-28.454244,BGS,1.36782639,0.4500,false
V4T006849,346.047380,-16.562990,QSO,0.17092664,1.7000,false
V4T006850,28.863818,-44.038571,ELG,0.49565678,1.0000,false
V4T006851,29.086403,-54.358925,QSO,0.12828454,1.7000,false
V4T006852,46.688573,-41.935958,LRG,0.40085560,1.0000,false
V4T006853,345.503009,-28.626803,ELG,0.74535760,1.0000,false
V4T006854,47.054575,-48.278332,QSO,0.21120841,1.7000,false
V4T006855,346.889653,-16.903929,ELG,0.51071332,1.0000,false
V4T006856,349.229224,-26.963453,ELG,0.50892181,1.0000,false
V4T006857,41.383711,-45.573678,BGS,1.42103886,0.4500,false
V4T006858,348.858488,-31.468668,ELG,0.67681469,1.0000,false
V4T006859,38.087321,-46.711676,LRG,0.74569955,1.0000,true
V4T006860,53.909451,-54.671069,ELG,0.40149936,1.0000,false
V4T006861,342.723624,-26.435636,ELG,0.48313899,1.0000,false
V4T006862,353.694799,-28.528399,BGS,2.08971995,0.4500,false
V4T006863,343.510223,-22.261322,ELG,0.46321255,1.0000,false
V4T006864,50.587750,-41.966053,ELG,0.81351819,1.0000,false
V4T006865,353.634409,-34.002209,Star,2.80729544,0.3000,false
V4T006866,337.477523,-32.415477,QSO,0.15554433,1.7000,false
V4T006867,30.224261,-37.105949,BGS,1.12546784,0.4500,false
V4T006868,357.411826,-25.110310,QSO,0.33040203,1.7000,false
V4T006869,20.532529,-44.779638,Star,4.53120280,0.3000,false
V4T006870,352.263032,-16.906239,QSO,0.34563835,1.7000,false
V4T006871,35.118946,-37.406107,QSO,0.09779174,1.7000,false
V4T006872,45.705701,-35.966104,LRG,0.55785240,1.0000,false
V4T006873,23.805361,-50.586687,LRG,0.59790600,1.0000,false
V4T006874,27.976342,-57.952278,ELG,0.51668749,1.0000,false
V4T006875,51.433112,-41.158153,LRG,0.33382243,1.0000,false
V4T006876,49.476270,-58.115837,LRG,0.31225546,1.0000,false
V4T006877,35.550744,-45.615635,ELG,0.70734797,1.0000,true
V4T006878,345.880128,-17.632387,BGS,1.19849937,0.4500,false
V4T006879,346.270592,-18.846389,ELG,0.68741063,1.0000,false
V4T006880,347.009679,-15.354154,Star,3.27989158,0.3000,false
V4T006881,0.533949,-19.140567,LRG,0.26513908,1.0000,false
V4T006882,49.857934,-41.437187,BGS,1.72028450,0.4500,false
V4T006883,357.715172,-33.785841,BGS,1.30278182,0.4500,false
V4T006884,27.993510,-54.847525,LRG,0.72141371,1.0000,false
V4T006885,346.701351,-28.470911,BGS,1.34605299,0.4500,false
V4T006886,4.343491,-24.770898,ELG,0.41997082,1.0000,false
V4T006887,57.761052,-46.195021,ELG,0.96188986,1.0000,false
V4T006888,355.316795,-17.591706,QSO,0.51991299,1.7000,false
V4T006889,38.556619,-31.351923,ELG,0.43293262,1.0000,false
V4T006890,341.631538,-19.434339,Star,3.46159914,0.3000,false
V4T006891,340.958878,-33.194101,LRG,0.52413236,1.0000,false
V4T006892,346.017571,-18.233997,ELG,0.91184732,1.0000,false
V4T006893,41.793153,-48.424623,Star,4.54369546,0.3000,false
V4T006894,51.201324,-47.308033,ELG,0.94079705,1.0000,false
V4T006895,1.083962,-32.265081,BGS,1.06742858,0.4500,false
V4T006896,342.192824,-33.810386,ELG,0.79891230,1.0000,false
V4T006897,2.476207,-24.216251,LRG,0.29077429,1.0000,false
V4T006898,352.265959,-38.586407,LRG,0.25743113,1.0000,true
V4T006899,351.056081,-27.886803,LRG,0.46118290,1.0000,false
V4T006900,51.169873,-36.210634,LRG,0.58803785,1.0000,false
V4T006901,27.616857,-40.183911,BGS,1.69423194,0.4500,false
V4T006902,346.081019,-28.560436,LRG,0.34032477,1.0000,false
V4T006903,343.007897,-25.371950,ELG,0.36404383,1.0000,false
V4T006904,54.801868,-55.322836,BGS,0.77763184,0.4500,false
V4T006905,39.248711,-39.124713,BGS,1.04759090,0.4500,false
V4T006906,342.495372,-17.576260,ELG,0.54685592,1.0000,false
V4T006907,54.259122,-38.651718,LRG,0.18160390,1.0000,false
V4T006908,356.147729,-21.992456,Star,3.21652669,0.3000,false
V4T006909,20.555274,-45.482412,ELG,0.50220151,1.0000,false
V4T006910,353.587159,-29.951241,LRG,0.54504390,1.0000,false
V4T006911,0.419022,-19.749135,ELG,0.71223054,1.0000,false
V4T006912,47.684792,-44.805062,BGS,1.09585870,0.4500,false
V4T006913,341.524470,-33.432249,Star,3.12718625,0.3000,false
V4T006914,342.032022,-20.716707,ELG,0.35290100,1.0000,false
V4T006915,337.980269,-32.305826,ELG,0.49168473,1.0000,false
V4T006916,337.177206,-31.561854,BGS,1.57002187,0.4500,false
V4T006917,357.081959,-18.962254,ELG,0.52212206,1.0000,false
V4T006918,23.779000,-52.236702,ELG,0.39596277,1.0000,false
V4T006919,36.395830,-41.841486,LRG,0.53831782,1.0000,false
V4T006920,41.003637,-35.997272,ELG,0.87609018,1.0000,false
V4T006921,357.128845,-20.354293,ELG,0.94074371,1.0000,false
V4T006922,1.363103,-23.119995,ELG,0.57080235,1.0000,false
V4T006923,49.304847,-40.552626,ELG,0.59591201,1.0000,false
V4T006924,28.857527,-54.095844,QSO,0.10132017,1.7000,false
V4T006925,39.907916,-62.314335,ELG,0.75852075,1.0000,false
V4T006926,345.405657,-29.381364,LRG,0.36384384,1.0000,false
V4T006927,350.979641,-35.671631,ELG,0.36656816,1.0000,false
V4T006928,25.228058,-51.664092,LRG,0.32319232,1.0000,false
V4T006929,35.276763,-41.330668,ELG,0.39907642,1.0000,false
V4T006930,26.076441,-51.166905,ELG,0.80853584,1.0000,false
V4T006931,0.790407,-19.308266,BGS,0.96224340,0.4500,false
V4T006932,32.801565,-59.964469,ELG,0.48139549,1.0000,false
V4T006933,25.082097,-37.654350,Star,4.14355980,0.3000,false
V4T006934,27.525680,-53.180806,BGS,1.47913553,0.4500,false
V4T006935,24.109378,-43.129123,ELG,1.18755560,1.0000,false
V4T006936,345.101651,-18.147823,ELG,0.60506091,1.0000,false
V4T006937,39.416593,-33.281358,QSO,0.13081457,1.7000,false
V4T006938,0.687047,-19.341387,LRG,0.45644270,1.0000,false
V4T006939,44.116800,-36.684946,ELG,0.40941182,1.0000,false
V4T006940,24.287433,-40.387088,LRG,0.52941267,1.0000,false
V4T006941,50.125790,-41.757797,LRG,0.25845864,1.0000,false
V4T006942,22.132451,-53.497714,QSO,0.25669126,1.7000,false
V4T006943,0.223393,-21.444857,ELG,0.60154821,1.0000,false
V4T006944,42.239681,-33.543088,BGS,1.14070527,0.4500,false
V4T006945,50.630292,-41.526148,QSO,0.10191409,1.7000,false
V4T006946,0.896452,-33.961388,Star,4.06676902,0.3000,false
V4T006947,53.279278,-35.863094,BGS,1.39856873,0.4500,false
V4T006948,33.470043,-34.720809,ELG,0.67336715,1.0000,false
V4T006949,34.432105,-50.096351,LRG,0.24644212,1.0000,false
V4T006950,0.935010,-19.395118,QSO,0.34401854,1.7000,false
V4T006951,25.316570,-48.665655,QSO,0.25148189,1.7000,false
V4T006952,336.239028,-25.767288,ELG,0.57536314,1.0000,false
V4T006953,358.024317,-20.815849,QSO,0.25677531,1.7000,false
V4T006954,29.690744,-49.261304,ELG,0.93180334,1.0000,false
V4T006955,347.758652,-20.052454,ELG,0.91271970,1.0000,false
V4T006956,30.217231,-46.641699,ELG,0.58137114,1.0000,false
V4T006957,35.657350,-38.912370,QSO,0.11986639,1.7000,false
V4T006958,352.937727,-28.392801,LRG,0.45377106,1.0000,false
V4T006959,339.931172,-17.876404,BGS,1.13556925,0.4500,false
V4T006960,338.808778,-19.191300,ELG,0.34160269,1.0000,false
V4T006961,53.093243,-39.552798,BGS,1.97173439,0.4500,false
V4T006962,49.162919,-42.301937,BGS,1.19871946,0.4500,false
V4T006963,54.675437,-54.740820,ELG,0.69891011,1.0000,false
V4T006964,0.679370,-19.243236,BGS,1.30373062,0.4500,false
V4T006965,33.897049,-56.488764,ELG,0.44928227,1.0000,false
V4T006966,340.871690,-33.158949,QSO,0.11959921,1.7000,false
V4T006967,50.541738,-41.921121,QSO,0.20102689,1.7000,false
V4T006968,359.990057,-23.652224,BGS,1.87063698,0.4500,false
V4T006969,37.237512,-56.998112,ELG,0.30942927,1.0000,false
V4T006970,336.927542,-22.045297,ELG,0.51026165,1.0000,false
V4T006971,342.156238,-33.807135,LRG,0.44105705,1.0000,false
V4T006972,45.634709,-51.005538,BGS,0.78924225,0.4500,false
V4T006973,55.996562,-54.974350,BGS,1.16088033,0.4500,false
V4T006974,354.256637,-24.801426,BGS,1.27962452,0.4500,true
V4T006975,1.277754,-21.689367,ELG,0.21975520,1.0000,true
V4T006976,347.428061,-31.090552,BGS,1.43919557,0.4500,false
V4T006977,35.218020,-53.072936,ELG,0.50894809,1.0000,false
V4T006978,343.592435,-27.414449,ELG,0.76256616,1.0000,false
V4T006979,350.440821,-22.663286,ELG,0.59426210,1.0000,false
V4T006980,339.285190,-31.393036,ELG,0.76505027,1.0000,false
V4T006981,344.238185,-25.879328,ELG,0.93141452,1.0000,false
V4T006982,25.043952,-51.636065,LRG,0.20151903,1.0000,false
V4T006983,357.561876,-35.210443,LRG,0.52180861,1.0000,false
V4T006984,350.367258,-22.619132,ELG,0.56458843,1.0000,false
V4T006985,36.611916,-41.173929,ELG,0.43125034,1.0000,false
V4T006986,15.121341,-46.799858,QSO,0.14902149,1.7000,false
V4T006987,339.561489,-32.402307,ELG,0.51803348,1.0000,false
V4T006988,355.268277,-31.502210,ELG,0.62173927,1.0000,false
V4T006989,43.414519,-32.616972,LRG,0.38116856,1.0000,false
V4T006990,340.267270,-33.305896,ELG,0.47244312,1.0000,false
V4T006991,355.209837,-32.153002,ELG,0.65705224,1.0000,true
V4T006992,345.316453,-28.587960,BGS,1.00881903,0.4500,false
V4T006993,3.230636,-24.309371,BGS,2.14969437,0.4500,false
V4T006994,345.706445,-28.983979,ELG,0.84889556,1.0000,false
V4T006995,47.842464,-43.309356,ELG,0.61062040,1.0000,false
V4T006996,33.611930,-48.531349,BGS,0.83117190,0.4500,true
V4T006997,29.973641,-54.430057,LRG,0.31291397,1.0000,false
V4T006998,50.523024,-58.484037,ELG,0.96957301,1.0000,false
V4T006999,39.022987,-59.932574,ELG,0.25038022,1.0000,false
V4T007000,355.110664,-33.121047,ELG,0.56453763,1.0000,false
V4T007001,36.395205,-44.340655,ELG,0.78955616,1.0000,false
V4T007002,353.325602,-29.088628,BGS,1.24920857,0.4500,false
V4T007003,37.131616,-31.956768,QSO,0.26165314,1.7000,false
V4T007004,24.841931,-51.229665,ELG,0.58985151,1.0000,false
V4T007005,51.250945,-41.532807,LRG,0.48213252,1.0000,false
V4T007006,343.074753,-27.279237,LRG,0.47351118,1.0000,false
V4T007007,346.042896,-18.160633,QSO,0.17420836,1.7000,false
V4T007008,345.856343,-29.010241,ELG,1.35458889,1.0000,false
V4T007009,346.922688,-18.319747,LRG,0.22802984,1.0000,false
V4T007010,343.370420,-26.613287,BGS,1.49437454,0.4500,false
V4T007011,51.429761,-35.372877,ELG,0.52329576,1.0000,false
V4T007012,35.660002,-41.371993,QSO,0.17921288,1.7000,false
V4T007013,2.891944,-25.246381,Star,4.03296378,0.3000,false
V4T007014,346.244902,-28.332913,LRG,0.27590436,1.0000,false
V4T007015,34.652814,-45.792875,ELG,0.31250057,1.0000,false
V4T007016,355.395295,-28.042245,LRG,0.18350414,1.0000,false
V4T007017,54.409521,-41.497288,ELG,0.84627979,1.0000,false
V4T007018,22.550135,-48.580040,Star,3.23982257,0.3000,false
V4T007019,49.508996,-58.240090,BGS,1.86421588,0.4500,true
V4T007020,52.281906,-55.239787,ELG,0.35782405,1.0000,false
V4T007021,24.405971,-49.578289,ELG,0.32443427,1.0000,false
V4T007022,36.449436,-40.020525,LRG,0.27113843,1.0000,false
V4T007023,351.301102,-28.871782,QSO,0.20238945,1.7000,false
V4T007024,40.786234,-39.026098,ELG,0.79141849,1.0000,false
V4T007025,44.061273,-50.465705,BGS,1.39371704,0.4500,false
V4T007026,346.452991,-28.539810,BGS,2.28334489,0.4500,false
V4T007027,39.200072,-34.587804,LRG,0.53384642,1.0000,false
V4T007028,21.920872,-55.088125,ELG,0.74940043,1.0000,false
V4T007029,343.564921,-19.862621,QSO,0.07914606,1.7000,true
V4T007030,30.405309,-46.456019,ELG,0.90488878,1.0000,false
V4T007031,340.892366,-32.765836,LRG,0.45752812,1.0000,false
V4T007032,355.495175,-22.577849,ELG,0.59240450,1.0000,false
V4T007033,339.745268,-33.547238,ELG,0.44349620,1.0000,false
V4T007034,346.639845,-35.367217,LRG,0.35203766,1.0000,false
V4T007035,49.593637,-43.169502,Star,2.95046001,0.3000,false
V4T007036,336.862370,-31.386735,ELG,0.57669302,1.0000,false
V4T007037,29.081578,-50.661808,LRG,0.35459987,1.0000,false
V4T007038,352.372246,-18.090310,LRG,0.32940321,1.0000,false
V4T007039,355.502926,-18.753566,Star,3.20239404,0.3000,false
V4T007040,55.166787,-54.846323,LRG,0.77068514,1.0000,false
V4T007041,56.101168,-48.555987,ELG,0.36161089,1.0000,false
V4T007042,30.680239,-53.908306,Star,3.54733991,0.3000,false
V4T007043,351.850267,-38.247817,ELG,0.45860443,1.0000,false
V4T007044,19.214966,-50.025135,LRG,0.49904103,1.0000,false
V4T007045,35.495833,-40.922639,LRG,0.42679499,1.0000,false
V4T007046,16.351709,-52.165748,QSO,0.15590056,1.7000,false
V4T007047,2.416021,-22.193861,BGS,1.74447479,0.4500,false
V4T007048,29.537539,-54.051887,ELG,0.34484881,1.0000,false
V4T007049,55.927328,-54.320503,ELG,0.59032282,1.0000,false
V4T007050,29.400485,-53.848240,QSO,0.07405484,1.7000,false
V4T007051,347.784301,-16.590209,ELG,0.43364650,1.0000,false
V4T007052,37.501380,-34.906596,LRG,0.36224393,1.0000,false
V4T007053,345.887935,-16.927152,ELG,0.55011268,1.0000,false
V4T007054,16.549841,-48.575435,LRG,0.40403001,1.0000,false
V4T007055,348.042422,-27.684791,ELG,0.50208354,1.0000,false
V4T007056,352.632249,-27.809425,ELG,0.45995256,1.0000,false
V4T007057,38.907888,-51.649553,BGS,0.94584607,0.4500,false
V4T007058,40.629285,-55.385334,BGS,1.35356824,0.4500,false
V4T007059,353.646811,-16.191563,ELG,1.51085015,1.0000,false
V4T007060,351.910625,-25.791931,QSO,0.14923580,1.7000,false
V4T007061,358.058973,-25.377602,ELG,0.70761858,1.0000,false
V4T007062,35.393239,-33.306312,Star,4.75323116,0.3000,false
V4T007063,29.864232,-53.069278,BGS,2.21977145,0.4500,false
V4T007064,340.181833,-32.511460,Star,6.05667446,0.3000,false
V4T007065,358.342128,-19.237181,ELG,0.41167460,1.0000,true
V4T007066,351.413734,-17.525757,BGS,1.40829624,0.4500,false
V4T007067,352.657864,-34.358776,ELG,0.61439200,1.0000,false
V4T007068,45.792657,-49.769223,Star,2.90834038,0.3000,false
V4T007069,31.627742,-45.380300,ELG,0.43497112,1.0000,false
V4T007070,0.419421,-22.280087,QSO,0.08485085,1.7000,false
V4T007071,24.961323,-51.963821,ELG,0.40136824,1.0000,false
V4T007072,55.252095,-54.389317,BGS,1.33256243,0.4500,false
V4T007073,41.710946,-37.877633,ELG,0.57659318,1.0000,false
V4T007074,53.272327,-35.823297,QSO,0.05056930,1.7000,false
V4T007075,355.911440,-34.252580,QSO,0.05867886,1.7000,false
V4T007076,47.311874,-49.276017,ELG,0.35147689,1.0000,false
V4T007077,24.043646,-46.403926,BGS,1.93926923,0.4500,true
V4T007078,337.187449,-31.812884,BGS,1.34888001,0.4500,false
V4T007079,30.390739,-56.866272,QSO,0.25147908,1.7000,false
V4T007080,337.954995,-20.099929,QSO,0.10170725,1.7000,false
V4T007081,337.209305,-30.762227,ELG,0.44282362,1.0000,false
V4T007082,347.412339,-29.299816,QSO,0.15923358,1.7000,false
V4T007083,347.045325,-20.402661,BGS,2.24158487,0.4500,false
V4T007084,337.075877,-30.105979,BGS,1.29672130,0.4500,false
V4T007085,340.697449,-33.194662,ELG,0.32798240,1.0000,false
V4T007086,36.737717,-41.496342,BGS,1.31173842,0.4500,false
V4T007087,37.178981,-39.613502,LRG,0.30272608,1.0000,false
V4T007088,44.752308,-49.308866,LRG,0.62950593,1.0000,true
V4T007089,42.077927,-50.284478,BGS,1.46725509,0.4500,false
V4T007090,345.490107,-21.309288,BGS,1.20621092,0.4500,false
V4T007091,337.367591,-30.163115,ELG,0.62772543,1.0000,false
V4T007092,354.132394,-29.000359,BGS,1.23063319,0.4500,false
V4T007093,24.918056,-41.712912,ELG,0.89127377,1.0000,false
V4T007094,16.762096,-43.373739,LRG,0.29318311,1.0000,false
V4T007095,31.279177,-37.091806,BGS,0.91846261,0.4500,false
V4T007096,39.162929,-51.850777,ELG,0.75188705,1.0000,false
V4T007097,48.352909,-33.172989,BGS,1.46613588,0.4500,false
V4T007098,40.847681,-38.708980,LRG,0.21268846,1.0000,true
V4T007099,351.477455,-22.123334,ELG,0.66137407,1.0000,false
V4T007100,338.553834,-32.419334,ELG,0.45521145,1.0000,false
V4T007101,43.471158,-46.739126,ELG,0.77995775,1.0000,false
V4T007102,340.864118,-25.305675,ELG,0.29969821,1.0000,false
V4T007103,359.439278,-29.921637,LRG,0.26533336,1.0000,false
V4T007104,37.669835,-61.879924,BGS,0.95310297,0.4500,true
V4T007105,351.449354,-26.034253,ELG,0.27648384,1.0000,false
V4T007106,37.680943,-41.814150,LRG,0.38212716,1.0000,false
V4T007107,21.006738,-42.936830,QSO,0.15005226,1.7000,false
V4T007108,36.738017,-42.044644,BGS,1.63601694,0.4500,false
V4T007109,352.506235,-17.622117,QSO,0.38733317,1.7000,false
V4T007110,25.873787,-46.833132,BGS,1.79550408,0.4500,false
V4T007111,3.506520,-26.866256,LRG,0.31821519,1.0000,false
V4T007112,354.029378,-20.557193,BGS,1.13560509,0.4500,false
V4T007113,355.199208,-22.596308,LRG,0.24194231,1.0000,false
V4T007114,350.927782,-23.431129,ELG,0.84713052,1.0000,false
V4T007115,338.235008,-31.834028,ELG,0.37504578,1.0000,false
V4T007116,346.835692,-27.211821,ELG,0.35748646,1.0000,false
V4T007117,36.818210,-49.029330,ELG,0.60204585,1.0000,false
V4T007118,55.188808,-54.326901,LRG,0.28463486,1.0000,false
V4T007119,0.186487,-24.071168,ELG,0.41014009,1.0000,false
V4T007120,3.052103,-31.176613,BGS,1.57135070,0.4500,false
V4T007121,55.056104,-54.471349,ELG,0.48233952,1.0000,false
V4T007122,357.230705,-33.405855,QSO,0.18495203,1.7000,false
V4T007123,337.475887,-32.638360,ELG,0.34149530,1.0000,false
V4T007124,25.824240,-53.664330,BGS,1.11826339,0.4500,false
V4T007125,355.764781,-21.098831,BGS,1.59079196,0.4500,false
V4T007126,345.533159,-28.312039,LRG,0.29589199,1.0000,false
V4T007127,29.107172,-37.846228,BGS,1.33952305,0.4500,false
V4T007128,344.199059,-27.437297,Star,3.72121761,0.3000,false
V4T007129,56.139820,-55.084292,LRG,0.31886782,1.0000,false
V4T007130,338.187921,-31.602800,ELG,0.56881811,1.0000,false
V4T007131,340.437119,-33.155085,LRG,0.33168447,1.0000,false
V4T007132,43.753876,-55.076880,LRG,0.42599150,1.0000,false
V4T007133,338.412704,-21.841599,LRG,0.72904973,1.0000,false
V4T007134,18.384883,-46.456264,QSO,0.44126058,1.7000,false
V4T007135,46.006572,-41.272554,LRG,0.27786787,1.0000,false
V4T007136,344.722355,-28.256320,BGS,1.72113101,0.4500,false
V4T007137,351.564933,-23.773048,ELG,0.63380521,1.0000,false
V4T007138,45.452131,-41.003856,ELG,0.57105018,1.0000,false
V4T007139,19.972726,-40.870967,ELG,0.35880879,1.0000,false
V4T007140,51.505960,-46.411686,BGS,1.92405181,0.4500,false
V4T007141,1.409006,-29.404888,ELG,0.34788465,1.0000,false
V4T007142,348.642334,-30.793730,LRG,0.21661046,1.0000,false
V4T007143,49.504586,-55.456380,LRG,0.25887905,1.0000,false
V4T007144,40.407433,-49.931886,ELG,0.87456638,1.0000,false
V4T007145,27.693247,-39.315708,BGS,1.12403122,0.4500,false
V4T007146,43.205516,-59.119963,LRG,0.29852338,1.0000,false
V4T007147,32.572694,-47.858602,BGS,1.56608557,0.4500,false
V4T007148,352.932226,-16.445677,QSO,0.09638815,1.7000,false
V4T007149,26.005807,-51.443363,ELG,0.26417118,1.0000,false
V4T007150,46.048759,-36.708301,BGS,1.14294755,0.4500,true
V4T007151,23.476380,-54.089514,ELG,0.65089960,1.0000,false
V4T007152,56.394324,-53.637242,ELG,0.63306938,1.0000,false
V4T007153,339.543376,-20.980188,LRG,0.41533493,1.0000,false
V4T007154,42.867152,-51.441922,LRG,0.40362455,1.0000,true
V4T007155,354.594957,-31.104615,ELG,0.37390606,1.0000,false
V4T007156,345.771698,-17.981084,BGS,1.16584118,0.4500,true
V4T007157,356.435263,-25.982466,LRG,0.21906521,1.0000,false
V4T007158,26.029372,-51.598167,LRG,0.35745596,1.0000,false
V4T007159,24.564602,-51.832146,ELG,0.51742158,1.0000,false
V4T007160,2.121100,-29.288592,LRG,0.29148464,1.0000,false
V4T007161,339.964399,-33.054039,BGS,1.44177868,0.4500,false
V4T007162,350.023254,-38.964930,BGS,0.98855843,0.4500,false
V4T007163,341.915841,-34.190613,LRG,0.42319228,1.0000,false
V4T007164,2.911480,-27.398529,ELG,0.29826101,1.0000,false
V4T007165,49.353267,-37.206042,QSO,0.23315843,1.7000,false
V4T007166,30.153085,-48.826759,ELG,0.57250913,1.0000,false
V4T007167,51.946913,-46.572420,QSO,0.41638853,1.7000,false
V4T007168,55.766638,-46.461310,ELG,0.60681707,1.0000,true
V4T007169,33.321377,-46.321497,QSO,0.13854251,1.7000,false
V4T007170,345.699974,-29.908266,LRG,0.24011157,1.0000,false
V4T007171,27.431272,-59.367389,Star,4.94891577,0.3000,false
V4T007172,50.605354,-40.978942,LRG,0.37905639,1.0000,false
V4T007173,35.761298,-37.347321,LRG,0.41212279,1.0000,false
V4T007174,358.658473,-27.327578,LRG,0.56301885,1.0000,false
V4T007175,0.936529,-20.037792,LRG,0.49308681,1.0000,false
V4T007176,337.065719,-24.034226,QSO,0.17554119,1.7000,false
V4T007177,50.342059,-41.322139,ELG,1.15225551,1.0000,false
V4T007178,344.260521,-32.271223,ELG,0.53439798,1.0000,false
V4T007179,50.446424,-41.971791,Star,3.38140738,0.3000,false
V4T007180,16.225915,-44.869033,ELG,0.49610503,1.0000,false
V4T007181,340.025605,-34.647327,ELG,0.41993599,1.0000,false
V4T007182,57.137231,-53.337087,LRG,0.48544758,1.0000,true
V4T007183,16.295727,-52.187052,LRG,0.25517356,1.0000,false
V4T007184,349.752134,-17.975833,QSO,0.25271099,1.7000,false
V4T007185,44.931458,-37.876041,LRG,0.38324788,1.0000,false
V4T007186,58.927347,-47.317637,ELG,0.47027944,1.0000,false
V4T007187,346.062762,-16.746066,BGS,0.96577427,0.4500,false
V4T007188,352.844671,-29.317674,LRG,0.18186646,1.0000,false
V4T007189,45.891454,-51.802734,ELG,0.44580543,1.0000,false
V4T007190,342.913232,-32.738956,ELG,0.46738117,1.0000,false
V4T007191,46.561955,-47.964586,ELG,0.86751579,1.0000,false
V4T007192,45.360983,-45.379321,ELG,0.48750550,1.0000,false
V4T007193,34.437013,-41.191833,BGS,0.73364914,0.4500,false
V4T007194,45.015644,-48.253888,Star,5.46789470,0.3000,false
V4T007195,46.885310,-43.473100,LRG,0.36781684,1.0000,false
V4T007196,16.810630,-49.752503,QSO,0.20187706,1.7000,false
V4T007197,28.787983,-54.912484,BGS,2.07374753,0.4500,false
V4T007198,35.287925,-40.564780,ELG,0.57545419,1.0000,false
V4T007199,352.333612,-28.531865,Star,2.22571560,0.3000,false
V4T007200,48.480819,-47.468348,LRG,0.40854330,1.0000,false
V4T007201,358.992849,-26.092422,ELG,0.32965127,1.0000,false
V4T007202,54.596608,-53.833710,BGS,1.34153144,0.4500,false
V4T007203,345.067624,-35.148028,LRG,0.27242245,1.0000,false
V4T007204,53.646898,-35.482160,BGS,2.02347983,0.4500,false
V4T007205,346.466527,-17.233167,Star,2.65983055,0.3000,false
V4T007206,337.839853,-26.605601,Star,3.96951611,0.3000,false
V4T007207,358.334839,-31.247135,BGS,1.22562738,0.4500,true
V4T007208,46.577628,-53.288992,LRG,0.48281151,1.0000,false
V4T007209,2.290616,-22.278164,BGS,1.12334639,0.4500,false
V4T007210,25.794995,-51.869122,ELG,0.81126638,1.0000,false
V4T007211,339.671533,-18.893854,LRG,0.63944482,1.0000,false
V4T007212,345.103530,-17.301999,ELG,0.64983681,1.0000,false
V4T007213,348.198993,-37.948038,BGS,1.24510696,0.4500,false
V4T007214,339.276004,-31.609540,QSO,0.25007330,1.7000,false
V4T007215,359.051094,-19.280873,LRG,0.49355933,1.0000,false
V4T007216,51.203868,-58.008588,BGS,0.90259343,0.4500,false
V4T007217,47.570282,-36.480417,ELG,0.28183533,1.0000,false
V4T007218,341.235827,-27.204227,ELG,0.39715289,1.0000,false
V4T007219,357.612522,-26.915262,LRG,0.43971057,1.0000,false
V4T007220,35.080224,-40.464579,BGS,2.46392154,0.4500,false
V4T007221,25.097529,-52.650731,BGS,0.73063226,0.4500,false
V4T007222,348.835550,-22.247320,LRG,0.34690481,1.0000,false
V4T007223,27.870266,-52.408609,ELG,0.55837278,1.0000,false
V4T007224,353.329350,-21.179125,Star,4.60965046,0.3000,true
V4T007225,348.348258,-27.947720,BGS,0.80900242,0.4500,false
V4T007226,339.497408,-31.742831,ELG,0.52342038,1.0000,false
V4T007227,346.087869,-16.499586,ELG,0.81044463,1.0000,false
V4T007228,352.295225,-29.297152,Star,4.55457832,0.3000,false
V4T007229,344.409410,-19.179613,QSO,0.10423545,1.7000,false
V4T007230,25.932144,-51.141723,Star,6.58248777,0.3000,true
V4T007231,30.280536,-53.827396,ELG,1.17736161,1.0000,false
V4T007232,357.120931,-33.883549,ELG,0.57365860,1.0000,false
V4T007233,55.905055,-54.628870,BGS,0.73889118,0.4500,false
V4T007234,24.597662,-51.849864,QSO,0.09898745,1.7000,false
V4T007235,348.242595,-28.669121,BGS,1.02138883,0.4500,false
V4T007236,35.071262,-44.865241,LRG,0.22587549,1.0000,false
V4T007237,44.745495,-31.813446,ELG,0.47533114,1.0000,false
V4T007238,29.812313,-36.327210,ELG,0.53038365,1.0000,false
V4T007239,26.799174,-36.942165,LRG,0.26135022,1.0000,false
V4T007240,0.424728,-19.246981,LRG,0.55664235,1.0000,false
V4T007241,346.356883,-17.708488,ELG,0.54882911,1.0000,false
V4T007242,350.350106,-19.437151,LRG,0.30587899,1.0000,true
V4T007243,340.465729,-33.008739,ELG,0.60144905,1.0000,false
V4T007244,356.959018,-25.818758,LRG,0.22953942,1.0000,false
V4T007245,340.925041,-33.159688,ELG,0.66652267,1.0000,false
V4T007246,0.708166,-19.448075,QSO,0.21696734,1.7000,false
V4T007247,43.895485,-44.101195,Star,3.59769102,0.3000,false
V4T007248,49.322476,-49.979985,LRG,0.27469661,1.0000,false
V4T007249,49.817345,-47.739083,BGS,1.12194651,0.4500,false
V4T007250,38.515245,-31.379150,BGS,1.12058027,0.4500,false
V4T007251,19.749934,-47.253385,Star,4.83592735,0.3000,false
V4T007252,343.216349,-26.851848,LRG,0.28531000,1.0000,false
V4T007253,2.696905,-24.974229,ELG,0.44648523,1.0000,false
V4T007254,339.154776,-25.137081,BGS,1.14351928,0.4500,false
V4T007255,21.724794,-53.983754,BGS,0.80098807,0.4500,false
V4T007256,0.147825,-22.418737,BGS,1.65771155,0.4500,false
V4T007257,337.488113,-30.810453,BGS,1.18627967,0.4500,false
V4T007258,52.856029,-39.313746,BGS,1.13667487,0.4500,false
V4T007259,47.942363,-42.199222,BGS,1.74086872,0.4500,false
V4T007260,29.693760,-53.823984,ELG,0.62028088,1.0000,false
V4T007261,54.572744,-48.538656,QSO,0.20912397,1.7000,false
V4T007262,4.588231,-26.449263,BGS,1.27234873,0.4500,false
V4T007263,344.246821,-26.789744,ELG,0.43076789,1.0000,false
V4T007264,30.032418,-50.616558,BGS,0.92484267,0.4500,false
V4T007265,29.639090,-53.655957,QSO,0.20743413,1.7000,false
V4T007266,42.585190,-51.094191,ELG,0.35666331,1.0000,false
V4T007267,351.161761,-36.958479,BGS,1.34016538,0.4500,false
V4T007268,52.691331,-39.948519,ELG,0.91611575,1.0000,false
V4T007269,342.431797,-29.844832,Star,3.34606588,0.3000,false
V4T007270,54.107549,-45.141143,BGS,1.00813402,0.4500,false
V4T007271,352.779118,-18.875067,BGS,1.42729722,0.4500,false
V4T007272,337.563586,-31.772036,BGS,1.69710685,0.4500,false
V4T007273,341.474407,-33.345428,ELG,1.01375641,1.0000,false
V4T007274,41.973307,-34.720049,ELG,0.45257813,1.0000,false
V4T007275,51.298393,-39.221939,LRG,0.18624742,1.0000,false
V4T007276,359.097579,-22.046750,ELG,0.91888109,1.0000,false
V4T007277,47.069992,-52.762779,LRG,0.48226093,1.0000,false
V4T007278,39.467996,-42.905333,LRG,0.49392376,1.0000,false
V4T007279,38.991727,-44.942260,ELG,0.84693357,1.0000,false
V4T007280,354.236662,-18.805547,BGS,1.05512044,0.4500,false
V4T007281,29.150880,-50.184937,BGS,1.69751422,0.4500,false
V4T007282,52.091893,-46.298522,BGS,1.05326363,0.4500,false
V4T007283,341.701316,-27.802533,ELG,0.32535708,1.0000,false
V4T007284,26.910544,-55.656580,LRG,0.51206149,1.0000,false
V4T007285,0.963896,-19.420499,BGS,1.10792681,0.4500,false
V4T007286,348.666067,-19.796656,BGS,0.85977914,0.4500,false
V4T007287,354.716326,-26.016048,ELG,1.10410275,1.0000,false
V4T007288,349.443164,-33.337153,ELG,0.41097638,1.0000,false
V4T007289,348.043775,-25.856889,BGS,1.46963827,0.4500,false
V4T007290,32.031531,-41.180042,Star,3.94500836,0.3000,false
V4T007291,49.801416,-39.509955,LRG,0.47562881,1.0000,false
V4T007292,37.093582,-32.568411,ELG,0.85142284,1.0000,false
V4T007293,0.432988,-19.227025,BGS,1.05178654,0.4500,false
V4T007294,24.078384,-43.298271,LRG,0.25029996,1.0000,false
V4T007295,1.149890,-19.644275,LRG,0.43154110,1.0000,false
V4T007296,38.173013,-43.263956,BGS,1.81244545,0.4500,true
V4T007297,34.853364,-48.513999,BGS,1.05962858,0.4500,false
V4T007298,345.416511,-18.068150,BGS,1.49005353,0.4500,false
V4T007299,1.190628,-19.983725,BGS,1.87212349,0.4500,false
V4T007300,50.628362,-41.913741,ELG,0.46269340,1.0000,false
V4T007301,352.151739,-28.403989,QSO,0.17688390,1.7000,true
V4T007302,342.980549,-26.469871,LRG,0.37447236,1.0000,false
V4T007303,55.398578,-50.951107,ELG,0.75044996,1.0000,false
V4T007304,39.900821,-39.787068,ELG,0.17230106,1.0000,true
V4T007305,45.485053,-43.384885,QSO,0.20460565,1.7000,false
V4T007306,37.352662,-31.643151,BGS,1.40198559,0.4500,false
V4T007307,47.566903,-57.337507,ELG,0.51546851,1.0000,false
V4T007308,345.838395,-28.268814,ELG,0.39286981,1.0000,false
V4T007309,34.299098,-39.687776,QSO,0.24090838,1.7000,false
V4T007310,31.603507,-59.591278,LRG,0.34333059,1.0000,false
V4T007311,37.595446,-40.220344,BGS,1.00023186,0.4500,false
V4T007312,36.014715,-60.144317,ELG,0.34538602,1.0000,false
V4T007313,0.008190,-27.872824,QSO,0.15549770,1.7000,false
V4T007314,359.316185,-19.769140,ELG,0.59313710,1.0000,false
V4T007315,348.699258,-23.230294,BGS,1.42424036,0.4500,false
V4T007316,54.725035,-40.599042,BGS,0.77738880,0.4500,false
V4T007317,340.758334,-33.308756,BGS,2.03477985,0.4500,false
V4T007318,36.270415,-41.617897,BGS,1.26874659,0.4500,false
V4T007319,51.970672,-51.904578,LRG,0.39941702,1.0000,false
V4T007320,42.676996,-41.436932,BGS,1.25430628,0.4500,false
V4T007321,29.926175,-33.764855,LRG,0.16919435,1.0000,false
V4T007322,55.259704,-55.006614,ELG,0.49372700,1.0000,false
V4T007323,341.800809,-26.016608,LRG,0.56201499,1.0000,false
V4T007324,0.284497,-19.084402,ELG,0.55793455,1.0000,false
V4T007325,30.522000,-38.822927,BGS,2.41477108,0.4500,false
V4T007326,343.183462,-28.692188,ELG,0.86756530,1.0000,false
V4T007327,25.061052,-52.615883,BGS,1.19684813,0.4500,false
V4T007328,337.972402,-30.880266,QSO,0.21589342,1.7000,false
V4T007329,31.152454,-38.132449,LRG,0.41609571,1.0000,false
V4T007330,19.902284,-54.797038,BGS,1.45644932,0.4500,false
V4T007331,56.118520,-54.272681,BGS,1.39660988,0.4500,false
V4T007332,35.988569,-41.402031,BGS,1.48258698,0.4500,false
V4T007333,357.948925,-27.018490,ELG,0.48161311,1.0000,false
V4T007334,16.671262,-53.769161,BGS,0.91799731,0.4500,false
V4T007335,358.912081,-30.079927,LRG,0.30236818,1.0000,false
V4T007336,343.024445,-34.145121,ELG,0.74813973,1.0000,false
V4T007337,342.176897,-24.101916,QSO,0.07412639,1.7000,false
V4T007338,21.479258,-54.773293,LRG,0.43563896,1.0000,false
V4T007339,52.077096,-38.737636,Star,4.48307399,0.3000,false
V4T007340,28.215689,-55.588906,LRG,0.32631993,1.0000,false
V4T007341,340.113347,-33.573107,LRG,0.43739123,1.0000,true
V4T007342,20.270975,-43.366990,LRG,0.21591124,1.0000,false
V4T007343,339.878691,-33.535377,ELG,0.77103710,1.0000,false
V4T007344,352.380091,-28.675462,ELG,0.82285091,1.0000,true
V4T007345,38.297154,-36.539321,QSO,0.24915350,1.7000,false
V4T007346,41.795849,-61.588573,BGS,0.67256794,0.4500,false
V4T007347,346.206568,-27.297213,BGS,1.28145294,0.4500,false
V4T007348,355.900657,-21.300889,BGS,1.43722210,0.4500,false
V4T007349,344.767504,-28.556919,LRG,0.76675065,1.0000,false
V4T007350,19.508077,-50.914214,ELG,0.46606570,1.0000,false
V4T007351,43.235420,-47.036365,Star,7.24390335,0.3000,false
V4T007352,354.117480,-17.408121,LRG,0.28219876,1.0000,true
V4T007353,31.032217,-60.708244,ELG,1.04542801,1.0000,false
V4T007354,341.372013,-33.146292,QSO,0.17544383,1.7000,false
V4T007355,41.502878,-31.972927,ELG,1.42359162,1.0000,false
V4T007356,340.488613,-35.503102,QSO,0.21963275,1.7000,false
V4T007357,56.886778,-42.811767,ELG,0.46501876,1.0000,false
V4T007358,340.921764,-36.278371,ELG,0.49250572,1.0000,false
V4T007359,352.918658,-38.154402,QSO,0.12838658,1.7000,false
V4T007360,37.256797,-33.166474,ELG,0.39494523,1.0000,false
V4T007361,347.419433,-39.627861,BGS,1.59043366,0.4500,false
V4T007362,35.063701,-52.323148,BGS,1.52652643,0.4500,false
V4T007363,355.301188,-27.436560,QSO,0.07486446,1.7000,false
V4T007364,33.604877,-45.373298,ELG,0.60731015,1.0000,false
V4T007365,39.695648,-47.180076,ELG,1.26233739,1.0000,false
V4T007366,341.456988,-18.216550,BGS,1.13956997,0.4500,false
V4T007367,348.326797,-20.611532,BGS,1.55590671,0.4500,false
V4T007368,44.543970,-58.126371,ELG,0.66583425,1.0000,false
V4T007369,347.645970,-16.665630,Star,3.12694418,0.3000,false
V4T007370,338.411680,-30.598570,ELG,0.59099122,1.0000,false
V4T007371,345.464959,-24.253807,ELG,0.36493092,1.0000,false
V4T007372,337.542238,-29.895678,ELG,0.76145335,1.0000,false
V4T007373,357.797135,-22.958982,QSO,0.34631476,1.7000,false
V4T007374,340.581951,-34.069633,LRG,0.45798353,1.0000,false
V4T007375,356.147014,-18.442315,Star,3.52385914,0.3000,false
V4T007376,352.176163,-28.962589,LRG,0.27460416,1.0000,true
V4T007377,343.654666,-26.169329,QSO,0.33716905,1.7000,false
V4T007378,25.808015,-42.215110,QSO,0.17801375,1.7000,false
V4T007379,19.347681,-42.001002,LRG,0.84783242,1.0000,false
V4T007380,336.563431,-30.468067,ELG,0.27035895,1.0000,false
V4T007381,24.679917,-52.365828,LRG,0.34006602,1.0000,false
V4T007382,345.371568,-17.677151,LRG,0.39320742,1.0000,false
V4T007383,38.795769,-31.578619,BGS,1.14711785,0.4500,false
V4T007384,350.466658,-38.849221,BGS,1.88994492,0.4500,false
V4T007385,41.988270,-54.949662,Star,3.70690116,0.3000,false
V4T007386,355.619781,-35.584009,LRG,0.49436469,1.0000,false
V4T007387,346.439647,-18.204805,BGS,1.64542227,0.4500,false
V4T007388,16.753183,-47.701376,ELG,0.28047915,1.0000,false
V4T007389,24.331666,-60.975709,BGS,1.57799106,0.4500,false
V4T007390,345.731041,-19.150956,ELG,0.76524984,1.0000,false
V4T007391,14.535324,-50.306932,Star,3.02283583,0.3000,false
V4T007392,56.856517,-47.390310,ELG,0.56469042,1.0000,false
V4T007393,344.080728,-35.848798,LRG,0.56498309,1.0000,false
V4T007394,354.765351,-32.059120,QSO,0.09003197,1.7000,false
V4T007395,337.739855,-33.072804,Star,5.04492980,0.3000,false
V4T007396,39.663479,-47.334166,LRG,0.47508705,1.0000,false
V4T007397,349.155476,-29.175342,ELG,0.67319948,1.0000,false
V4T007398,351.254551,-36.175046,ELG,0.54149555,1.0000,false
V4T007399,34.691065,-54.167139,LRG,0.49310730,1.0000,false
V4T007400,35.231702,-40.860116,ELG,0.44897755,1.0000,false
V4T007401,20.638033,-42.434094,LRG,0.42747805,1.0000,false
V4T007402,29.129030,-34.975406,ELG,0.45253488,1.0000,false
V4T007403,25.043914,-49.085183,ELG,0.47628463,1.0000,false
V4T007404,18.473942,-47.324711,ELG,1.01005782,1.0000,false
V4T007405,45.467179,-55.313052,ELG,0.54240962,1.0000,false
V4T007406,353.263966,-28.495787,BGS,1.01726520,0.4500,false
V4T007407,36.175789,-41.387812,LRG,0.40735179,1.0000,false
V4T007408,58.712553,-48.197410,LRG,0.51714262,1.0000,false
V4T007409,349.432642,-35.506678,BGS,1.01447991,0.4500,false
V4T007410,16.631997,-45.329633,LRG,0.28516069,1.0000,false
V4T007411,51.544343,-37.543507,QSO,0.08160013,1.7000,false
V4T007412,16.553765,-45.686867,BGS,1.83090079,0.4500,false
V4T007413,2.994484,-24.138785,Star,3.59830890,0.3000,false
V4T007414,350.307684,-19.439961,ELG,0.87749816,1.0000,false
V4T007415,28.710062,-58.884190,ELG,0.23265858,1.0000,false
V4T007416,2.007897,-31.317787,Star,5.59547648,0.3000,false
V4T007417,347.121579,-34.170949,Star,3.56216282,0.3000,false
V4T007418,31.600348,-41.312279,LRG,0.43117926,1.0000,false
V4T007419,51.986674,-41.705686,BGS,1.45033747,0.4500,false
V4T007420,27.812494,-49.647399,BGS,0.98233973,0.4500,true
V4T007421,49.959096,-41.926213,ELG,0.51586116,1.0000,false
V4T007422,343.206941,-27.444271,QSO,0.17181365,1.7000,false
V4T007423,47.205206,-59.434475,ELG,0.46840077,1.0000,false
V4T007424,21.636030,-38.813290,ELG,0.42135140,1.0000,false
V4T007425,55.447918,-54.340640,ELG,0.48310892,1.0000,false
V4T007426,353.544335,-20.207886,ELG,0.44128398,1.0000,false
V4T007427,353.840305,-18.121409,LRG,0.38470822,1.0000,false
V4T007428,351.830003,-15.715991,BGS,1.21891685,0.4500,false
V4T007429,55.625032,-54.558907,QSO,0.27840786,1.7000,false
V4T007430,1.275702,-19.537068,QSO,0.15365356,1.7000,false
V4T007431,345.644489,-15.387885,LRG,0.37870976,1.0000,false
V4T007432,356.148538,-21.981672,BGS,1.41603728,0.4500,false
V4T007433,348.351113,-24.350341,BGS,1.10385272,0.4500,false
V4T007434,54.747038,-56.280253,LRG,0.34731080,1.0000,false
V4T007435,38.954602,-53.207939,ELG,0.54152888,1.0000,false
V4T007436,27.229132,-51.548805,LRG,0.30504640,1.0000,false
V4T007437,342.241888,-34.833194,ELG,0.57420450,1.0000,false
V4T007438,29.374573,-54.692144,LRG,0.29717488,1.0000,true
V4T007439,352.373881,-35.435808,QSO,0.13861724,1.7000,false
V4T007440,345.857152,-16.705723,QSO,0.16662289,1.7000,false
V4T007441,350.493012,-23.993078,ELG,0.41071930,1.0000,false
V4T007442,47.576996,-42.862104,LRG,0.27476268,1.0000,false
V4T007443,343.656470,-26.869016,BGS,1.01342690,0.4500,true
V4T007444,40.026007,-41.077454,BGS,1.17814831,0.4500,false
V4T007445,352.545661,-24.317989,ELG,0.68661774,1.0000,false
V4T007446,35.121081,-36.393851,ELG,0.62677013,1.0000,false
V4T007447,36.636667,-31.681625,BGS,1.11367579,0.4500,false
V4T007448,348.080892,-27.058258,ELG,0.37136032,1.0000,false
V4T007449,28.909411,-59.126181,QSO,0.25289922,1.7000,false
V4T007450,47.302269,-48.836424,BGS,1.54859398,0.4500,false
V4T007451,345.308311,-24.976382,BGS,1.58405161,0.4500,false
V4T007452,336.527548,-21.819137,QSO,0.38465471,1.7000,false
V4T007453,1.567825,-19.698070,QSO,0.23468793,1.7000,false
V4T007454,29.921972,-62.379800,LRG,0.29725984,1.0000,false
V4T007455,357.367288,-22.383000,BGS,0.81234467,0.4500,false
V4T007456,0.334803,-21.877109,BGS,1.52304286,0.4500,false
V4T007457,350.474233,-18.637739,LRG,0.42857555,1.0000,false
V4T007458,353.592572,-27.567522,ELG,0.88984870,1.0000,true
V4T007459,347.625808,-20.983845,QSO,0.10650910,1.7000,false
V4T007460,32.770709,-44.984185,Star,4.16338320,0.3000,false
V4T007461,359.056852,-35.745071,ELG,0.56805191,1.0000,false
V4T007462,47.118963,-52.431099,ELG,0.61673661,1.0000,false
V4T007463,358.410401,-36.116156,ELG,0.40730498,1.0000,false
V4T007464,356.475502,-23.743532,Star,4.42636664,0.3000,false
V4T007465,343.066284,-24.662991,QSO,0.09866114,1.7000,false
V4T007466,343.574166,-26.329665,ELG,0.50162392,1.0000,false
V4T007467,336.759903,-28.889364,Star,2.98777868,0.3000,false
V4T007468,345.927897,-17.950472,ELG,0.51028623,1.0000,false
V4T007469,357.586675,-34.990192,LRG,0.20537622,1.0000,false
V4T007470,33.067541,-37.403938,ELG,0.41868316,1.0000,false
V4T007471,352.205542,-28.638221,QSO,0.08224464,1.7000,false
V4T007472,37.053604,-32.007091,BGS,1.46553619,0.4500,false
V4T007473,340.795277,-34.057383,ELG,0.91435444,1.0000,false
V4T007474,23.192227,-52.941421,QSO,0.10404406,1.7000,false
V4T007475,346.651518,-20.202009,LRG,0.52745944,1.0000,false
V4T007476,28.717910,-34.532333,BGS,0.46922358,0.4500,false
V4T007477,341.082030,-20.652260,BGS,2.14306073,0.4500,true
V4T007478,49.552299,-34.428494,ELG,0.49559513,1.0000,false
V4T007479,27.143362,-48.445822,LRG,0.30187900,1.0000,false
V4T007480,35.398461,-60.954955,ELG,0.48673463,1.0000,false
V4T007481,350.166589,-37.817243,LRG,0.34017917,1.0000,false
V4T007482,344.096889,-25.704188,ELG,0.94639133,1.0000,false
V4T007483,47.942523,-51.284265,QSO,0.17498735,1.7000,false
V4T007484,30.459280,-42.973379,Star,4.25764479,0.3000,false
V4T007485,3.715102,-22.337549,LRG,0.27839168,1.0000,false
V4T007486,42.733356,-35.912414,BGS,1.15306874,0.4500,false
V4T007487,349.197721,-35.305694,ELG,0.70513786,1.0000,false
V4T007488,356.323730,-30.366143,ELG,0.50442602,1.0000,false
V4T007489,351.242292,-33.642307,LRG,0.33500264,1.0000,true
V4T007490,53.890616,-36.013822,BGS,0.94216709,0.4500,false
V4T007491,29.035101,-34.599852,QSO,0.13534493,1.7000,false
V4T007492,351.264477,-35.055508,ELG,0.43154210,1.0000,false
V4T007493,24.490997,-47.579769,BGS,1.94534988,0.4500,false
V4T007494,341.416620,-22.913655,QSO,0.23864129,1.7000,false
V4T007495,49.508158,-41.510302,BGS,1.90211264,0.4500,false
V4T007496,353.532412,-33.650995,Star,4.45246690,0.3000,false
V4T007497,31.577289,-49.399812,BGS,1.09243849,0.4500,false
V4T007498,346.883326,-28.733849,QSO,0.30748954,1.7000,false
V4T007499,25.187641,-51.116906,BGS,0.88096322,0.4500,false
V4T007500,22.342648,-51.627418,ELG,0.44648768,1.0000,false
V4T007501,351.702226,-28.624255,BGS,1.86030876,0.4500,false
V4T007502,26.056957,-52.698540,QSO,0.09288162,1.7000,false
V4T007503,21.115558,-46.262924,BGS,0.91479653,0.4500,false
V4T007504,33.427488,-36.294127,QSO,0.21003496,1.7000,false
V4T007505,345.056535,-28.512429,ELG,0.59319570,1.0000,false
V4T007506,338.779600,-27.211544,ELG,0.57835347,1.0000,false
V4T007507,347.406101,-32.176937,LRG,0.41139237,1.0000,false
V4T007508,341.658923,-33.266381,QSO,0.22151032,1.7000,false
V4T007509,47.531976,-48.294728,BGS,0.70588171,0.4500,false
V4T007510,353.248108,-38.764947,LRG,0.26981979,1.0000,false
V4T007511,37.569237,-41.757567,LRG,0.40031590,1.0000,false
V4T007512,340.881075,-28.258118,BGS,0.98267341,0.4500,false
V4T007513,351.589562,-29.675464,QSO,0.10197784,1.7000,false
V4T007514,345.902584,-28.012936,ELG,0.30325206,1.0000,false
V4T007515,349.282615,-28.333109,LRG,0.24971415,1.0000,false
V4T007516,55.101561,-55.180584,ELG,0.41307778,1.0000,false
V4T007517,31.850736,-47.919418,ELG,1.02317901,1.0000,false
V4T007518,20.578518,-38.645021,LRG,0.37351841,1.0000,false
V4T007519,41.902349,-46.559898,QSO,0.19325775,1.7000,false
V4T007520,357.242543,-25.474115,LRG,0.30234626,1.0000,true
V4T007521,50.357630,-41.544510,QSO,0.16687747,1.7000,false
V4T007522,351.132769,-24.934477,LRG,0.26964463,1.0000,false
V4T007523,18.241641,-42.958811,ELG,0.33406342,1.0000,false
V4T007524,350.460540,-16.063267,QSO,0.31858902,1.7000,false
V4T007525,47.021846,-44.427969,ELG,0.92782322,1.0000,false
V4T007526,358.748167,-32.434187,LRG,0.63754006,1.0000,false
V4T007527,46.571063,-33.919169,ELG,0.81940661,1.0000,false
V4T007528,19.418367,-41.745945,Star,2.87351897,0.3000,false
V4T007529,345.442391,-17.710111,ELG,1.34797106,1.0000,false
V4T007530,51.257490,-46.890604,BGS,0.94087593,0.4500,false
V4T007531,42.615614,-61.480515,ELG,0.65192685,1.0000,false
V4T007532,341.809563,-33.754733,BGS,1.60958013,0.4500,false
V4T007533,345.951946,-27.174083,BGS,1.35806568,0.4500,false
V4T007534,347.041707,-32.632935,LRG,0.30652660,1.0000,false
V4T007535,26.010182,-51.293543,BGS,1.57791401,0.4500,false
V4T007536,19.854295,-45.782523,LRG,0.41884700,1.0000,false
V4T007537,45.373737,-58.123668,LRG,0.44020465,1.0000,false
V4T007538,349.337991,-18.312054,ELG,0.39895547,1.0000,false
V4T007539,35.651045,-40.055285,QSO,0.07321944,1.7000,false
V4T007540,37.636273,-45.614886,LRG,0.72076829,1.0000,false
V4T007541,22.542893,-51.804062,QSO,0.18730443,1.7000,false
V4T007542,36.201464,-42.080415,LRG,0.48090184,1.0000,false
V4T007543,342.622878,-29.283678,BGS,1.42324308,0.4500,false
V4T007544,35.995851,-40.086037,LRG,0.41272020,1.0000,false
V4T007545,343.913242,-37.111559,ELG,0.38689183,1.0000,false
V4T007546,54.760305,-53.464342,ELG,0.58351142,1.0000,true
V4T007547,351.658532,-28.539822,BGS,1.06477298,0.4500,false
V4T007548,352.517425,-32.496888,ELG,0.54051128,1.0000,false
V4T007549,56.149280,-49.438750,BGS,1.20482047,0.4500,false
V4T007550,33.802043,-48.763408,QSO,0.16237830,1.7000,false
V4T007551,351.957305,-37.480687,QSO,0.11597189,1.7000,true
V4T007552,37.781132,-59.776021,BGS,1.88067468,0.4500,false
V4T007553,38.719217,-55.648346,BGS,1.04632921,0.4500,false
V4T007554,356.142661,-31.558892,ELG,0.65780476,1.0000,false
V4T007555,2.977987,-28.253777,ELG,0.27350667,1.0000,false
V4T007556,357.542222,-23.266986,Star,2.99729827,0.3000,false
V4T007557,27.838665,-53.633022,BGS,1.63715180,0.4500,false
V4T007558,37.716707,-32.185298,LRG,0.53539431,1.0000,false
V4T007559,348.703927,-37.074062,LRG,0.45583796,1.0000,true
V4T007560,40.653945,-39.429863,QSO,0.24929048,1.7000,false
V4T007561,348.236875,-22.459307,ELG,0.37524465,1.0000,false
V4T007562,59.127719,-43.423880,ELG,0.36731978,1.0000,false
V4T007563,2.971884,-21.520456,ELG,0.51726629,1.0000,false
V4T007564,337.445242,-31.913820,Star,2.91604147,0.3000,false
V4T007565,31.220901,-34.217624,ELG,0.53160576,1.0000,false
V4T007566,350.963490,-22.821303,ELG,0.67889403,1.0000,false
V4T007567,49.964978,-41.445626,QSO,0.18610274,1.7000,false
V4T007568,352.643296,-20.310424,ELG,0.96840800,1.0000,false
V4T007569,346.006315,-18.578774,ELG,0.72173848,1.0000,false
V4T007570,344.005339,-16.397580,ELG,0.29712298,1.0000,false
V4T007571,53.921533,-53.667782,ELG,0.31480151,1.0000,false
V4T007572,50.935147,-41.886335,ELG,0.98802182,1.0000,false
V4T007573,27.166735,-57.724248,LRG,0.29442249,1.0000,false
V4T007574,347.920346,-18.460430,QSO,0.11424143,1.7000,false
V4T007575,339.876106,-33.297837,QSO,0.23843326,1.7000,false
V4T007576,35.358031,-52.238418,LRG,0.54395472,1.0000,false
V4T007577,36.071666,-40.625501,ELG,0.71621780,1.0000,false
V4T007578,359.797679,-18.846312,Star,3.84934612,0.3000,false
V4T007579,16.027776,-47.855153,ELG,0.33304919,1.0000,false
V4T007580,22.927698,-45.720114,ELG,0.87906727,1.0000,false
V4T007581,345.445076,-17.721142,LRG,0.32100593,1.0000,false
V4T007582,22.093758,-60.496898,ELG,0.63355597,1.0000,false
V4T007583,18.889382,-44.180151,Star,3.06600141,0.3000,false
V4T007584,346.463617,-18.527082,BGS,0.60122375,0.4500,false
V4T007585,345.177921,-22.347181,BGS,1.31282418,0.4500,false
V4T007586,337.340079,-29.696588,ELG,0.68269270,1.0000,false
V4T007587,29.137437,-33.635875,ELG,0.60162737,1.0000,false
V4T007588,24.521794,-51.466870,LRG,0.32925000,1.0000,false
V4T007589,352.827416,-18.935562,BGS,1.80111285,0.4500,false
V4T007590,35.668177,-40.991770,BGS,1.25059661,0.4500,false
V4T007591,345.797779,-31.124282,ELG,0.47412082,1.0000,false
V4T007592,341.736827,-32.027063,BGS,0.75790329,0.4500,false
V4T007593,57.787172,-46.132500,BGS,1.50828550,0.4500,false
V4T007594,21.702762,-47.882338,ELG,0.35949653,1.0000,false
V4T007595,345.740300,-18.413947,BGS,1.22630789,0.4500,false
V4T007596,40.055251,-32.107799,ELG,0.37541316,1.0000,false
V4T007597,54.996767,-54.719079,BGS,1.26209279,0.4500,false
V4T007598,26.478216,-42.753204,ELG,0.69781500,1.0000,false
V4T007599,53.850120,-56.794184,BGS,0.71194178,0.4500,false
V4T007600,43.201788,-59.188885,LRG,0.45722812,1.0000,false
V4T007601,342.202525,-17.391199,BGS,1.43174879,0.4500,false
V4T007602,344.974214,-26.511497,ELG,0.48303373,1.0000,false
V4T007603,45.570345,-33.987773,BGS,1.10824848,0.4500,false
V4T007604,3.388090,-24.888283,BGS,1.83934316,0.4500,false
V4T007605,29.450491,-54.511955,ELG,0.52472047,1.0000,false
V4T007606,1.845441,-26.351654,ELG,0.63842482,1.0000,false
V4T007607,24.429828,-55.347194,QSO,0.15947057,1.7000,false
V4T007608,37.243942,-61.929166,LRG,0.39572146,1.0000,false
V4T007609,29.546516,-48.004850,BGS,1.31624764,0.4500,false
V4T007610,49.497197,-41.553657,ELG,0.37182413,1.0000,false
V4T007611,348.832296,-24.188517,ELG,0.76585512,1.0000,false
V4T007612,344.463020,-29.321661,BGS,0.93851570,0.4500,false
V4T007613,26.537835,-48.940936,QSO,0.12620884,1.7000,false
V4T007614,338.420735,-23.782764,ELG,0.47325269,1.0000,false
V4T007615,336.740625,-27.538122,LRG,0.34507383,1.0000,false
V4T007616,346.323544,-18.137958,BGS,1.40008343,0.4500,false
V4T007617,341.501796,-33.510789,QSO,0.26213143,1.7000,false
V4T007618,44.813247,-36.060357,ELG,1.06407230,1.0000,false
V4T007619,1.747118,-23.358627,BGS,1.01269338,0.4500,false
V4T007620,350.596496,-33.567612,ELG,0.52688264,1.0000,false
V4T007621,38.138477,-31.740456,ELG,0.67247420,1.0000,false
V4T007622,2.528148,-22.673947,QSO,0.21942747,1.7000,false
V4T007623,28.921226,-60.714382,ELG,0.24293519,1.0000,false
V4T007624,346.652305,-17.394793,QSO,0.15142831,1.7000,false
V4T007625,31.167210,-54.027032,Star,5.89214243,0.3000,false
V4T007626,42.279427,-41.100616,BGS,3.15235187,0.4500,false
V4T007627,28.006727,-48.890365,BGS,1.30894029,0.4500,false
V4T007628,341.492731,-31.832901,LRG,0.35037485,1.0000,false
V4T007629,49.978898,-50.613118,ELG,0.36647114,1.0000,false
V4T007630,57.182118,-44.842138,LRG,0.40668322,1.0000,false
V4T007631,44.264927,-33.670990,QSO,0.18106410,1.7000,false
V4T007632,30.510380,-61.300822,QSO,0.18873093,1.7000,false
V4T007633,341.479552,-31.825355,QSO,0.12171358,1.7000,false
V4T007634,346.544196,-17.583674,LRG,0.43195716,1.0000,false
V4T007635,37.431685,-32.105249,ELG,0.75538278,1.0000,false
V4T007636,353.744377,-35.732511,BGS,1.08634474,0.4500,false
V4T007637,21.443348,-41.887723,ELG,0.53894780,1.0000,true
V4T007638,56.463101,-44.165490,ELG,0.32256425,1.0000,false
V4T007639,27.706937,-55.387868,ELG,0.69084357,1.0000,false
V4T007640,340.153651,-33.900791,QSO,0.29990467,1.7000,false
V4T007641,31.316803,-42.051777,Star,5.32884572,0.3000,false
V4T007642,340.393489,-21.225803,ELG,0.53900235,1.0000,false
V4T007643,44.030225,-60.319401,LRG,0.38002524,1.0000,false
V4T007644,351.871676,-38.061565,LRG,0.28372610,1.0000,false
V4T007645,49.855267,-41.192837,QSO,0.18457595,1.7000,false
V4T007646,54.019385,-52.761777,ELG,1.01843983,1.0000,false
V4T007647,51.092377,-42.122421,QSO,0.24891198,1.7000,true
V4T007648,30.349209,-53.548011,BGS,0.94268345,0.4500,false
V4T007649,53.089719,-43.055840,BGS,1.10869801,0.4500,false
V4T007650,30.072014,-54.494036,BGS,1.26118352,0.4500,false
V4T007651,18.773023,-52.956191,Star,3.29762478,0.3000,false
V4T007652,48.359952,-34.605342,ELG,0.51280593,1.0000,false
V4T007653,22.820632,-44.626783,BGS,1.94823477,0.4500,false
V4T007654,30.657325,-53.840743,BGS,1.07344767,0.4500,false
V4T007655,56.978826,-50.500051,ELG,0.35327358,1.0000,false
V4T007656,36.780727,-33.437358,ELG,0.55043949,1.0000,false
V4T007657,348.282235,-16.175174,ELG,0.31169732,1.0000,false
V4T007658,358.239560,-24.486710,BGS,0.92193575,0.4500,false
V4T007659,55.917077,-53.068366,QSO,0.09691742,1.7000,false
V4T007660,359.633452,-22.265763,ELG,0.26047773,1.0000,false
V4T007661,350.685742,-28.474067,ELG,1.17271834,1.0000,false
V4T007662,347.297680,-15.621386,LRG,0.57016165,1.0000,false
V4T007663,45.767164,-41.082598,ELG,0.54156580,1.0000,false
V4T007664,344.406772,-27.450770,BGS,1.41391612,0.4500,false
V4T007665,344.042794,-32.792484,LRG,0.26383165,1.0000,false
V4T007666,28.923420,-53.946482,ELG,0.34781247,1.0000,false
V4T007667,50.932620,-49.823375,LRG,0.29284554,1.0000,false
V4T007668,27.553356,-36.254125,ELG,0.71819352,1.0000,false
V4T007669,56.382555,-53.997417,LRG,0.36260943,1.0000,false
V4T007670,56.626447,-43.980891,BGS,1.55139492,0.4500,true
V4T007671,20.866329,-50.263308,BGS,0.86989694,0.4500,false
V4T007672,53.281833,-50.408573,ELG,0.31392099,1.0000,false
V4T007673,38.128880,-40.756551,ELG,0.60561461,1.0000,false
V4T007674,35.805571,-40.441783,ELG,0.88786313,1.0000,false
V4T007675,50.689306,-36.962066,QSO,0.13472635,1.7000,false
V4T007676,359.165258,-22.443029,BGS,1.81866036,0.4500,false
V4T007677,55.641857,-53.525938,Star,3.52934334,0.3000,false
V4T007678,342.514875,-28.099323,ELG,0.89839104,1.0000,false
V4T007679,356.412530,-22.897779,BGS,1.04435530,0.4500,false
V4T007680,30.565434,-57.687709,ELG,0.73012848,1.0000,false
V4T007681,36.718694,-41.624848,ELG,1.17615400,1.0000,false
V4T007682,43.301452,-46.514275,ELG,0.29183862,1.0000,false
V4T007683,352.993306,-29.158968,ELG,0.99782383,1.0000,false
V4T007684,50.531639,-45.133542,Star,3.05074407,0.3000,false
V4T007685,51.415843,-47.472735,BGS,1.37331207,0.4500,false
V4T007686,43.481483,-56.331366,ELG,0.49760569,1.0000,false
V4T007687,345.293592,-17.533841,QSO,0.16504905,1.7000,false
V4T007688,338.177060,-31.778157,BGS,0.92850654,0.4500,false
V4T007689,56.108823,-47.215268,BGS,1.58979395,0.4500,false
V4T007690,355.188344,-29.044914,BGS,0.74570885,0.4500,false
V4T007691,46.678601,-38.679088,ELG,0.51451303,1.0000,false
V4T007692,27.402202,-41.124218,LRG,0.20660699,1.0000,false
V4T007693,352.300822,-29.168465,ELG,0.25822439,1.0000,false
V4T007694,34.727523,-42.219900,BGS,1.14299595,0.4500,false
V4T007695,336.283909,-25.748121,QSO,0.05026008,1.7000,true
V4T007696,23.754698,-59.995100,QSO,0.23927597,1.7000,false
V4T007697,338.272951,-30.740497,BGS,0.92034724,0.4500,false
V4T007698,19.396079,-42.616329,ELG,0.64173223,1.0000,false
V4T007699,29.293271,-52.458802,QSO,0.18052831,1.7000,false
V4T007700,51.356777,-45.668020,LRG,0.21024169,1.0000,false
V4T007701,0.088012,-19.313286,LRG,0.49784110,1.0000,false
V4T007702,58.490659,-43.972464,ELG,0.42519138,1.0000,false
V4T007703,44.226429,-44.618470,BGS,0.87642319,0.4500,false
V4T007704,26.080577,-43.100926,QSO,0.16048188,1.7000,false
V4T007705,28.411637,-34.887367,LRG,0.43634132,1.0000,false
V4T007706,41.131430,-59.995047,ELG,0.50892611,1.0000,false
V4T007707,356.426047,-29.153266,ELG,0.43153667,1.0000,false
V4T007708,1.065842,-31.795512,LRG,0.50668734,1.0000,false
V4T007709,49.516279,-43.029288,BGS,1.40915021,0.4500,false
V4T007710,19.850254,-47.506831,ELG,0.37489174,1.0000,false
V4T007711,341.440080,-34.234132,Star,6.35650346,0.3000,false
V4T007712,35.707422,-48.028255,ELG,0.49584741,1.0000,false
V4T007713,348.969868,-15.927947,Star,2.69768906,0.3000,false
V4T007714,45.677374,-52.548858,LRG,0.37719608,1.0000,false
V4T007715,38.186761,-31.425860,QSO,0.14868606,1.7000,false
V4T007716,352.499326,-29.370053,ELG,0.22719241,1.0000,false
V4T007717,46.082244,-36.666530,Star,6.11388787,0.3000,false
V4T007718,49.909522,-41.565148,BGS,1.30780821,0.4500,false
V4T007719,51.751850,-42.356441,QSO,0.11928986,1.7000,false
V4T007720,345.458630,-21.419058,BGS,1.29867260,0.4500,false
V4T007721,15.919041,-45.675759,QSO,0.17322724,1.7000,false
V4T007722,51.454198,-44.520787,BGS,0.91804673,0.4500,true
V4T007723,22.733938,-51.618191,LRG,0.52860801,1.0000,false
V4T007724,18.904615,-51.942878,LRG,0.35653355,1.0000,false
V4T007725,353.729364,-17.035141,LRG,0.57509708,1.0000,false
V4T007726,20.305355,-42.083263,ELG,0.76520519,1.0000,false
V4T007727,38.587835,-31.568161,BGS,1.82454179,0.4500,false
V4T007728,39.798689,-53.783705,ELG,0.93862870,1.0000,false
V4T007729,50.081632,-41.034019,BGS,1.17643986,0.4500,false
V4T007730,36.167130,-46.053418,ELG,0.51753355,1.0000,false
V4T007731,35.290214,-57.367387,BGS,0.55861587,0.4500,false
V4T007732,337.140798,-31.925192,LRG,0.42664495,1.0000,false
V4T007733,57.364437,-42.329191,QSO,0.08898319,1.7000,false
V4T007734,40.113037,-53.290174,ELG,0.68629676,1.0000,false
V4T007735,53.245872,-49.901414,ELG,0.55054919,1.0000,false
V4T007736,346.622774,-36.656278,ELG,0.51359107,1.0000,false
V4T007737,28.814735,-52.293850,LRG,0.37802029,1.0000,false
V4T007738,32.671273,-37.722376,LRG,0.40581843,1.0000,false
V4T007739,17.737342,-48.621823,BGS,1.55738470,0.4500,false
V4T007740,345.619021,-31.315651,BGS,0.88657635,0.4500,false
V4T007741,33.100076,-56.580363,LRG,0.35687493,1.0000,false
V4T007742,50.941378,-41.644205,LRG,0.30264439,1.0000,false
V4T007743,37.876881,-54.480560,LRG,0.34585838,1.0000,false
V4T007744,46.407232,-39.006138,LRG,0.27499586,1.0000,false
V4T007745,18.568189,-52.466620,BGS,0.82735614,0.4500,false
V4T007746,339.627876,-18.570070,ELG,0.75780176,1.0000,false
V4T007747,359.110171,-30.179378,BGS,2.20649833,0.4500,false
V4T007748,345.937107,-17.791792,QSO,0.12037849,1.7000,false
V4T007749,43.899881,-53.883695,QSO,0.15839991,1.7000,false
V4T007750,25.843634,-50.854926,LRG,0.44979654,1.0000,false
V4T007751,26.039151,-42.059770,BGS,1.80447637,0.4500,false
V4T007752,348.508993,-31.323614,QSO,0.27567698,1.7000,false
V4T007753,17.864512,-47.941303,BGS,1.75347986,0.4500,false
V4T007754,359.001881,-20.451914,BGS,1.14282508,0.4500,false
V4T007755,50.632875,-58.050770,ELG,0.48834844,1.0000,false
V4T007756,355.305950,-23.408677,BGS,1.77330022,0.4500,false
V4T007757,350.663174,-31.323683,ELG,0.69297197,1.0000,false
V4T007758,25.980791,-58.633814,QSO,0.18006366,1.7000,false
V4T007759,348.257279,-30.109052,LRG,0.21020595,1.0000,false
V4T007760,39.232206,-40.407427,ELG,0.78919356,1.0000,false
V4T007761,346.225336,-28.976349,LRG,0.44982050,1.0000,false
V4T007762,24.724045,-37.319865,LRG,0.26152408,1.0000,false
V4T007763,51.794247,-39.473772,QSO,0.16794197,1.7000,false
V4T007764,346.263560,-17.515601,ELG,0.79900098,1.0000,false
V4T007765,341.633396,-33.549984,QSO,0.22305640,1.7000,true
V4T007766,26.159468,-41.046182,LRG,0.29382387,1.0000,false
V4T007767,28.829703,-55.145396,ELG,0.90282830,1.0000,false
V4T007768,28.879497,-42.792575,BGS,1.03149618,0.4500,false
V4T007769,357.537659,-19.769396,ELG,0.34980754,1.0000,false
V4T007770,40.695197,-33.759057,ELG,0.64806612,1.0000,false
V4T007771,16.741879,-50.389725,ELG,0.86189909,1.0000,false
V4T007772,0.020598,-18.866549,ELG,0.42459282,1.0000,false
V4T007773,51.907857,-43.542153,LRG,0.38638513,1.0000,false
V4T007774,36.885440,-41.097216,QSO,0.09889911,1.7000,false
V4T007775,27.557017,-57.967796,ELG,0.63061692,1.0000,false
V4T007776,20.428368,-43.456916,Star,4.40753090,0.3000,false
V4T007777,351.732497,-30.470016,ELG,0.52585635,1.0000,false
V4T007778,37.722798,-32.585888,LRG,0.31978343,1.0000,false
V4T007779,353.391252,-21.490126,QSO,0.19152260,1.7000,false
V4T007780,344.072931,-16.412815,QSO,0.26251697,1.7000,false
V4T007781,342.285268,-36.253982,ELG,0.32290392,1.0000,false
V4T007782,44.838869,-53.174290,ELG,0.51321250,1.0000,false
V4T007783,353.144421,-28.201023,ELG,0.50470721,1.0000,false
V4T007784,30.381626,-46.323792,ELG,0.45297804,1.0000,false
V4T007785,358.501649,-31.075962,ELG,0.45704791,1.0000,false
V4T007786,50.907119,-51.103071,ELG,0.58149324,1.0000,true
V4T007787,51.089270,-51.888811,QSO,0.13466479,1.7000,false
V4T007788,1.312403,-21.650810,ELG,0.20990232,1.0000,false
V4T007789,39.948891,-51.389927,LRG,0.43364391,1.0000,false
V4T007790,340.339677,-23.670058,QSO,0.18647658,1.7000,false
V4T007791,358.274894,-18.328261,ELG,0.44096043,1.0000,false
V4T007792,19.751822,-40.175975,LRG,0.40796855,1.0000,false
V4T007793,343.403323,-26.606954,ELG,0.31259304,1.0000,false
V4T007794,44.983239,-54.374975,BGS,0.56390602,0.4500,false
V4T007795,355.391891,-20.635941,LRG,0.45680694,1.0000,false
V4T007796,34.941538,-47.899186,ELG,0.48341858,1.0000,false
V4T007797,343.482041,-33.681538,ELG,0.47314308,1.0000,false
V4T007798,340.650599,-33.694326,BGS,1.96125545,0.4500,false
V4T007799,37.575319,-31.933079,LRG,0.42869557,1.0000,false
V4T007800,340.107814,-33.449638,Star,4.87544797,0.3000,false
V4T007801,45.958841,-41.462711,ELG,0.32669225,1.0000,false
V4T007802,34.324018,-59.853560,LRG,0.28510808,1.0000,false
V4T007803,355.796786,-32.015303,LRG,0.33639847,1.0000,false
V4T007804,25.095422,-51.545543,ELG,1.00882745,1.0000,false
V4T007805,338.358144,-31.342063,ELG,0.56254117,1.0000,false
V4T007806,27.981595,-45.433473,ELG,0.66739348,1.0000,false
V4T007807,345.708120,-27.096888,LRG,0.42011541,1.0000,false
V4T007808,346.259595,-17.954262,LRG,0.45330968,1.0000,false
V4T007809,28.354144,-37.691273,ELG,0.39933632,1.0000,false
V4T007810,57.189025,-50.208530,ELG,0.62009411,1.0000,false
V4T007811,49.141665,-41.968882,LRG,0.30466016,1.0000,false
V4T007812,340.970529,-33.540664,BGS,0.85813431,0.4500,false
V4T007813,352.474308,-29.264949,LRG,0.51776850,1.0000,false
V4T007814,344.506242,-29.625160,Star,5.58286185,0.3000,false
V4T007815,42.140751,-32.658213,BGS,1.05248600,0.4500,false
V4T007816,344.510079,-28.415075,ELG,0.38185756,1.0000,false
V4T007817,346.717862,-17.022368,ELG,0.63268641,1.0000,false
V4T007818,338.609573,-31.483767,QSO,0.13625895,1.7000,true
V4T007819,48.669838,-40.433567,LRG,0.41796459,1.0000,false
V4T007820,20.740701,-57.479055,BGS,0.93290252,0.4500,false
V4T007821,22.844923,-53.900948,BGS,1.56587358,0.4500,false
V4T007822,21.282300,-55.335282,ELG,0.57052608,1.0000,false
V4T007823,38.630592,-59.925356,ELG,0.99937906,1.0000,false
V4T007824,353.252790,-39.012576,LRG,0.21322692,1.0000,false
V4T007825,359.728601,-25.794482,BGS,1.04489428,0.4500,false
V4T007826,1.265763,-34.653629,ELG,0.60468087,1.0000,false
V4T007827,354.253805,-23.991061,ELG,0.63819873,1.0000,false
V4T007828,40.335243,-32.634922,BGS,0.96223251,0.4500,false
V4T007829,54.755278,-43.256570,QSO,0.33385581,1.7000,false
V4T007830,1.553989,-34.101171,QSO,0.17157361,1.7000,false
V4T007831,345.304809,-28.146829,Star,7.04389437,0.3000,false
V4T007832,346.764889,-28.097474,ELG,0.38064487,1.0000,false
V4T007833,352.185164,-20.647546,BGS,2.10125869,0.4500,false
V4T007834,347.095862,-37.156363,LRG,0.21254002,1.0000,false
V4T007835,345.376243,-24.241228,BGS,1.24261180,0.4500,false
V4T007836,343.100609,-18.695060,ELG,0.65455144,1.0000,true
V4T007837,45.734443,-60.574361,ELG,0.33999766,1.0000,true
V4T007838,48.116155,-49.790391,BGS,1.05992838,0.4500,false
V4T007839,352.947928,-37.558770,Star,3.45757326,0.3000,false
V4T007840,48.422177,-45.968832,BGS,1.71636889,0.4500,false
V4T007841,340.454685,-19.320624,BGS,1.54281033,0.4500,false
V4T007842,357.951910,-31.981812,ELG,0.72267858,1.0000,true
V4T007843,343.222138,-26.854361,LRG,0.35240425,1.0000,false
V4T007844,346.713084,-16.893474,ELG,0.63782474,1.0000,false
V4T007845,342.674428,-22.564309,BGS,1.57056603,0.4500,false
V4T007846,344.435043,-36.169491,LRG,0.43537204,1.0000,false
V4T007847,37.295570,-32.027545,Star,4.00589491,0.3000,false
V4T007848,55.256272,-55.905134,QSO,0.09663403,1.7000,false
V4T007849,349.293310,-24.849767,LRG,0.45775117,1.0000,false
V4T007850,38.579861,-43.712277,BGS,1.49010267,0.4500,false
V4T007851,336.856713,-30.755203,BGS,1.71738962,0.4500,true
V4T007852,42.218034,-31.309571,QSO,0.31002341,1.7000,false
V4T007853,17.782071,-52.234716,ELG,0.61646472,1.0000,false
V4T007854,53.805275,-51.306742,BGS,0.72085937,0.4500,false
V4T007855,341.422978,-21.126427,ELG,0.71780482,1.0000,false
V4T007856,37.017280,-50.786942,ELG,0.38482756,1.0000,false
V4T007857,51.041827,-43.837472,LRG,0.41938107,1.0000,false
V4T007858,353.272090,-27.841040,BGS,1.74692893,0.4500,false
V4T007859,30.998700,-43.397821,ELG,0.26941518,1.0000,false
V4T007860,40.300191,-46.058819,LRG,0.51638797,1.0000,false
V4T007861,25.109585,-51.307025,LRG,0.46907498,1.0000,false
V4T007862,31.690913,-56.303318,BGS,1.32066656,0.4500,true
V4T007863,35.027666,-61.244564,ELG,1.26182256,1.0000,false
V4T007864,55.163883,-49.842556,ELG,0.63539172,1.0000,false
V4T007865,339.552655,-32.046918,BGS,1.36488837,0.4500,false
V4T007866,3.040979,-29.206437,LRG,0.37730220,1.0000,false
V4T007867,29.502585,-40.813945,ELG,0.35360479,1.0000,false
V4T007868,340.932040,-20.468641,ELG,0.73839223,1.0000,false
V4T007869,25.455301,-52.246954,BGS,1.26760915,0.4500,false
V4T007870,19.580405,-41.527359,Star,3.60279455,0.3000,false
V4T007871,339.556693,-33.920887,ELG,0.70777443,1.0000,false
V4T007872,31.418551,-40.794779,ELG,0.65775928,1.0000,false
V4T007873,354.096482,-20.975511,LRG,0.15909396,1.0000,false
V4T007874,0.285093,-26.629769,LRG,0.45263589,1.0000,false
V4T007875,28.093509,-59.713290,LRG,0.25549171,1.0000,false
V4T007876,344.104469,-32.776643,LRG,0.33035943,1.0000,false
V4T007877,343.565672,-26.861371,QSO,0.10025817,1.7000,true
V4T007878,36.235884,-40.680216,ELG,0.40900063,1.0000,false
V4T007879,19.069513,-43.163301,ELG,0.97925550,1.0000,false
V4T007880,39.992004,-36.602109,BGS,1.46450326,0.4500,false
V4T007881,352.642011,-28.048143,BGS,1.47455061,0.4500,false
V4T007882,58.224839,-48.121775,ELG,0.31225103,1.0000,false
V4T007883,341.984563,-18.387516,ELG,0.33193786,1.0000,false
V4T007884,29.850359,-61.379964,Star,4.63690254,0.3000,true
V4T007885,40.790481,-48.869121,ELG,1.00438427,1.0000,false
V4T007886,28.826807,-43.757680,ELG,0.70167131,1.0000,false
V4T007887,346.614729,-28.514896,QSO,0.09224161,1.7000,false
V4T007888,344.229288,-26.872377,BGS,1.67299830,0.4500,false
V4T007889,1.176639,-19.556362,LRG,0.42897990,1.0000,false
V4T007890,346.520698,-32.203163,LRG,0.42521434,1.0000,false
V4T007891,40.663273,-45.308752,ELG,0.91826951,1.0000,false
V4T007892,346.200555,-33.816524,QSO,0.24209183,1.7000,false
V4T007893,357.168831,-27.027902,QSO,0.29760552,1.7000,false
V4T007894,359.052345,-25.316277,BGS,0.86916946,0.4500,false
V4T007895,19.969170,-47.816221,Star,4.03883011,0.3000,false
V4T007896,24.079048,-59.747616,BGS,0.94544157,0.4500,false
V4T007897,28.363324,-43.252486,LRG,0.26103587,1.0000,false
V4T007898,355.450827,-24.057464,ELG,0.82539718,1.0000,false
V4T007899,36.974164,-41.153229,ELG,0.42114839,1.0000,false
V4T007900,352.879379,-23.232661,BGS,1.68030110,0.4500,false
V4T007901,26.008089,-42.731481,BGS,1.12036436,0.4500,false
V4T007902,349.333408,-15.566974,BGS,0.96744466,0.4500,false
V4T007903,56.115974,-53.893137,ELG,0.48119528,1.0000,false
V4T007904,44.478867,-35.785859,QSO,0.27244209,1.7000,false
V4T007905,4.526889,-25.916973,LRG,0.32252424,1.0000,false
V4T007906,348.227396,-30.466178,BGS,0.79963286,0.4500,false
V4T007907,340.080794,-17.694378,Star,5.16683809,0.3000,false
V4T007908,32.119462,-38.776023,LRG,0.32479722,1.0000,false
V4T007909,46.951940,-43.236268,LRG,0.37829557,1.0000,true
V4T007910,346.314508,-35.668242,BGS,1.91897052,0.4500,false
V4T007911,22.765116,-54.715528,BGS,0.56808532,0.4500,false
V4T007912,30.794732,-54.221181,ELG,0.51949736,1.0000,true
V4T007913,338.037303,-31.432927,ELG,0.61377487,1.0000,false
V4T007914,355.370785,-26.329844,BGS,1.47103356,0.4500,false
V4T007915,50.399959,-42.300486,LRG,0.36814035,1.0000,true
V4T007916,50.629474,-41.085985,BGS,1.54114562,0.4500,false
V4T007917,344.092325,-30.277765,QSO,0.08229496,1.7000,false
V4T007918,55.757932,-44.332943,BGS,1.29635651,0.4500,false
V4T007919,41.798647,-43.583255,BGS,0.87493330,0.4500,false
V4T007920,36.491076,-41.400348,BGS,1.13450855,0.4500,false
V4T007921,342.272691,-28.407844,QSO,0.15939087,1.7000,false
V4T007922,343.844346,-27.642086,BGS,0.86903310,0.4500,false
V4T007923,38.922919,-42.968413,QSO,0.11919716,1.7000,false
V4T007924,338.058278,-32.043035,LRG,0.50424210,1.0000,false
V4T007925,36.508225,-41.342477,LRG,0.45052058,1.0000,false
V4T007926,55.082037,-54.434431,ELG,0.55788756,1.0000,false
V4T007927,29.014223,-35.638397,LRG,0.46117183,1.0000,false
V4T007928,340.894189,-33.788838,BGS,1.08536943,0.4500,true
V4T007929,346.276028,-17.132468,ELG,0.46796481,1.0000,false
V4T007930,350.439953,-15.613468,BGS,0.87437922,0.4500,false
V4T007931,26.733491,-46.904921,BGS,1.02180074,0.4500,false
V4T007932,34.971782,-59.844098,ELG,0.59741742,1.0000,false
V4T007933,339.699729,-26.452899,BGS,1.28802157,0.4500,false
V4T007934,349.061341,-24.489069,Star,3.64394951,0.3000,false
V4T007935,53.597820,-38.904282,BGS,0.72865471,0.4500,false
V4T007936,345.251454,-28.914014,ELG,0.91068371,1.0000,false
V4T007937,43.454996,-58.619227,ELG,0.77093650,1.0000,false
V4T007938,0.666789,-19.756318,BGS,1.14401714,0.4500,false
V4T007939,340.562314,-34.149166,QSO,0.29302910,1.7000,false
V4T007940,50.268154,-41.570404,ELG,0.58547122,1.0000,false
V4T007941,24.690016,-52.591256,ELG,0.65485286,1.0000,false
V4T007942,343.390686,-22.248295,QSO,0.11626437,1.7000,false
V4T007943,56.401107,-54.887092,ELG,0.69868824,1.0000,false
V4T007944,39.700254,-45.198890,QSO,0.19739265,1.7000,true
V4T007945,353.496424,-28.154750,BGS,1.65287550,0.4500,false
V4T007946,346.924478,-29.339032,ELG,0.59885814,1.0000,false
V4T007947,343.800796,-25.551573,LRG,0.16390181,1.0000,false
V4T007948,353.570538,-31.007930,QSO,0.38273553,1.7000,false
V4T007949,35.893862,-40.956399,LRG,0.37153270,1.0000,true
V4T007950,349.092014,-17.229391,LRG,0.27100264,1.0000,false
V4T007951,37.606455,-58.964924,QSO,0.17969169,1.7000,false
V4T007952,341.506046,-33.422382,QSO,0.15895198,1.7000,false
V4T007953,345.591765,-28.882802,ELG,0.33592488,1.0000,false
V4T007954,28.826529,-41.074696,LRG,0.38792830,1.0000,false
V4T007955,25.719260,-50.044163,ELG,0.33170667,1.0000,false
V4T007956,51.288749,-34.462000,BGS,1.26828139,0.4500,false
V4T007957,343.277379,-26.710594,BGS,1.74825790,0.4500,false
V4T007958,24.756416,-51.583740,BGS,1.43059114,0.4500,false
V4T007959,36.845016,-47.296986,ELG,0.70532498,1.0000,false
V4T007960,31.249956,-50.881720,BGS,0.95864163,0.4500,false
V4T007961,353.652626,-25.838732,QSO,0.07261744,1.7000,false
V4T007962,0.134805,-18.956526,QSO,0.10087804,1.7000,false
V4T007963,37.952392,-31.906252,BGS,1.06947242,0.4500,false
V4T007964,349.874628,-28.709869,BGS,0.83655201,0.4500,false
V4T007965,32.426732,-36.185500,QSO,0.11006307,1.7000,false
V4T007966,37.433230,-31.670573,ELG,0.49412361,1.0000,false
V4T007967,352.137474,-35.842327,LRG,0.20769789,1.0000,false
V4T007968,357.535133,-17.901485,ELG,0.31256221,1.0000,false
V4T007969,28.739835,-39.151239,QSO,0.30851034,1.7000,false
V4T007970,25.576916,-36.581203,LRG,0.33147185,1.0000,false
V4T007971,338.432080,-31.350229,ELG,0.85229932,1.0000,false
V4T007972,29.001688,-44.516120,ELG,0.50223842,1.0000,false
V4T007973,46.375751,-50.003826,LRG,0.34368526,1.0000,false
V4T007974,358.158464,-30.868813,ELG,0.56398703,1.0000,false
V4T007975,49.778448,-42.289076,LRG,0.32442002,1.0000,false
V4T007976,337.300976,-20.985377,Star,6.21812027,0.3000,true
V4T007977,36.664698,-40.179891,BGS,1.42249103,0.4500,true
V4T007978,353.709203,-36.913475,ELG,0.83322087,1.0000,false
V4T007979,0.116726,-34.627955,LRG,0.47316481,1.0000,false
V4T007980,26.056635,-51.001425,BGS,1.47872432,0.4500,false
V4T007981,38.005197,-32.045553,BGS,1.15925410,0.4500,false
V4T007982,43.939871,-57.570141,ELG,0.72496000,1.0000,false
V4T007983,54.140690,-55.961942,BGS,0.85569045,0.4500,false
V4T007984,26.060330,-35.761923,ELG,0.63749818,1.0000,false
V4T007985,338.361073,-31.589237,QSO,0.17607843,1.7000,false
V4T007986,29.590618,-53.805650,LRG,0.26637135,1.0000,false
V4T007987,55.142250,-43.646531,ELG,0.37012247,1.0000,false
V4T007988,45.428632,-33.633552,LRG,0.43321050,1.0000,false
V4T007989,25.706966,-42.019775,ELG,0.65238928,1.0000,false
V4T007990,28.136667,-39.506122,ELG,0.23845229,1.0000,false
V4T007991,40.434720,-34.977128,ELG,0.62063958,1.0000,false
V4T007992,347.613255,-30.486007,LRG,0.44727290,1.0000,false
V4T007993,26.213499,-42.114574,LRG,0.28142379,1.0000,false
V4T007994,33.066902,-44.798517,ELG,0.26960739,1.0000,false
V4T007995,23.426921,-39.836465,ELG,0.56341351,1.0000,false
V4T007996,31.048037,-59.811420,ELG,0.57736934,1.0000,false
V4T007997,358.099754,-25.533411,QSO,0.07013233,1.7000,false
V4T007998,338.111117,-31.471702,ELG,0.24232565,1.0000,false
V4T007999,346.570689,-17.254602,ELG,0.33696051,1.0000,false
V4T008000,347.029700,-37.433927,QSO,0.37240890,1.7000,false
V4T008001,36.305182,-40.033086,ELG,0.82134867,1.0000,false
V4T008002,25.262224,-49.687078,BGS,1.07235636,0.4500,false
V4T008003,20.955934,-39.355710,ELG,0.31850468,1.0000,false
V4T008004,344.102485,-26.381162,ELG,0.73480870,1.0000,false
V4T008005,339.694042,-21.564580,ELG,0.31021623,1.0000,true
V4T008006,343.964809,-29.965012,ELG,1.26544342,1.0000,false
V4T008007,27.594272,-44.770402,BGS,1.23149871,0.4500,false
V4T008008,346.461524,-23.710422,LRG,0.37822108,1.0000,false
V4T008009,349.584371,-15.474087,ELG,0.94616715,1.0000,false
V4T008010,349.334180,-16.074578,ELG,0.70319874,1.0000,true
V4T008011,30.241892,-61.135282,ELG,0.77054501,1.0000,false
V4T008012,345.767032,-17.401299,QSO,0.30725030,1.7000,false
V4T008013,349.161900,-24.859746,LRG,0.34013694,1.0000,false
V4T008014,23.619569,-55.091802,LRG,0.34497634,1.0000,false
V4T008015,17.358077,-47.662286,LRG,0.50084937,1.0000,false
V4T008016,37.257791,-32.253071,ELG,0.60090715,1.0000,false
V4T008017,37.242253,-40.688177,ELG,0.48037575,1.0000,false
V4T008018,45.775726,-41.364139,BGS,1.10969951,0.4500,true
V4T008019,352.335426,-28.966238,QSO,0.14938732,1.7000,false
V4T008020,0.624450,-19.400751,LRG,0.49391694,1.0000,false
V4T008021,38.166645,-31.562393,ELG,0.59509772,1.0000,false
V4T008022,337.669368,-31.972436,BGS,2.47435657,0.4500,false
V4T008023,44.720466,-41.627114,ELG,1.43364295,1.0000,false
V4T008024,51.677159,-41.481522,ELG,0.30885078,1.0000,false
V4T008025,351.154550,-24.317784,BGS,1.29748577,0.4500,false
V4T008026,33.266683,-46.127418,QSO,0.10223646,1.7000,false
V4T008027,38.437685,-36.847674,ELG,0.52495097,1.0000,false
V4T008028,48.106434,-46.887759,ELG,0.43664787,1.0000,false
V4T008029,32.821637,-37.429126,LRG,0.24156032,1.0000,false
V4T008030,339.148810,-29.816066,Star,3.54780973,0.3000,false
V4T008031,37.305192,-45.969110,QSO,0.13698511,1.7000,false
V4T008032,28.881052,-46.388999,ELG,0.67880451,1.0000,false
V4T008033,336.444096,-29.010172,LRG,0.34375553,1.0000,false
V4T008034,53.770389,-50.399559,ELG,0.87559496,1.0000,false
V4T008035,30.893761,-46.425931,QSO,0.30730805,1.7000,true
V4T008036,345.551523,-16.751349,BGS,0.64836486,0.4500,false
V4T008037,29.701156,-39.361584,Star,4.58352432,0.3000,false
V4T008038,34.474336,-53.210668,BGS,2.09914591,0.4500,false
V4T008039,53.683126,-38.514270,ELG,0.79435643,1.0000,false
V4T008040,18.599769,-42.906294,QSO,0.10770055,1.7000,false
V4T008041,337.814721,-32.210033,ELG,0.33304000,1.0000,false
V4T008042,2.804856,-26.733983,BGS,1.26178315,0.4500,false
V4T008043,28.606314,-53.433908,QSO,0.11526138,1.7000,false
V4T008044,351.738277,-22.115937,ELG,0.43993927,1.0000,false
V4T008045,29.162063,-54.695673,ELG,0.51552686,1.0000,false
V4T008046,359.179162,-33.284165,BGS,1.31733101,0.4500,false
V4T008047,54.669695,-37.437078,LRG,0.38281475,1.0000,false
V4T008048,354.496827,-22.649866,BGS,1.14028134,0.4500,false
V4T008049,345.730452,-17.126430,Star,4.35504086,0.3000,false
V4T008050,51.072185,-46.469031,BGS,1.97586168,0.4500,false
V4T008051,42.653740,-44.219573,BGS,1.04599418,0.4500,false
V4T008052,45.017886,-48.340470,Star,3.54815917,0.3000,false
V4T008053,344.417217,-26.963984,ELG,0.46195472,1.0000,false
V4T008054,346.340531,-28.050870,Star,4.64403706,0.3000,false
V4T008055,46.040381,-54.955676,ELG,0.56957445,1.0000,false
V4T008056,347.400566,-37.878131,BGS,1.15218459,0.4500,false
V4T008057,29.390495,-53.050647,ELG,0.32698839,1.0000,false
V4T008058,51.857961,-34.871947,BGS,1.23380367,0.4500,false
V4T008059,352.005169,-28.377027,QSO,0.14540419,1.7000,true
V4T008060,339.259309,-18.012040,Star,2.86073135,0.3000,false
V4T008061,0.073741,-23.748228,Star,4.32560587,0.3000,false
V4T008062,346.291431,-29.324988,BGS,1.24843197,0.4500,false
V4T008063,37.881550,-31.399556,LRG,0.41447346,1.0000,false
V4T008064,39.675101,-43.740009,BGS,1.00400181,0.4500,false
V4T008065,42.093959,-53.067257,BGS,1.16554546,0.4500,false
V4T008066,3.239502,-24.671481,ELG,0.53829863,1.0000,true
V4T008067,23.348506,-60.620135,BGS,1.33643085,0.4500,false
V4T008068,50.289085,-41.655360,ELG,0.46598987,1.0000,false
V4T008069,350.127034,-31.541845,ELG,0.28787362,1.0000,false
V4T008070,15.226071,-52.074726,ELG,0.30826984,1.0000,false
V4T008071,37.954755,-41.195623,ELG,0.40549842,1.0000,false
V4T008072,35.357147,-52.662966,ELG,1.03431121,1.0000,false
V4T008073,37.164662,-40.864212,ELG,0.57671941,1.0000,false
V4T008074,36.450923,-41.071887,BGS,1.81476605,0.4500,false
V4T008075,16.235731,-56.446101,BGS,1.21661897,0.4500,false
V4T008076,0.282664,-19.071647,Star,3.99789076,0.3000,false
V4T008077,358.813388,-29.225526,ELG,0.43073807,1.0000,false
V4T008078,45.981630,-39.357987,Star,3.66165733,0.3000,false
V4T008079,50.238535,-38.314459,LRG,0.47882658,1.0000,false
V4T008080,351.737108,-28.739401,ELG,0.53253774,1.0000,false
V4T008081,36.368974,-43.003915,QSO,0.23308992,1.7000,false
V4T008082,35.482540,-46.215841,LRG,0.44639829,1.0000,false
V4T008083,18.324910,-47.225366,BGS,1.47458127,0.4500,false
V4T008084,345.570000,-28.088999,BGS,1.16657015,0.4500,false
V4T008085,338.922854,-28.722860,BGS,1.04556469,0.4500,false
V4T008086,51.747709,-46.865390,ELG,0.40246618,1.0000,false
V4T008087,40.659678,-54.234868,ELG,0.80931654,1.0000,false
V4T008088,351.137696,-23.068439,LRG,0.74034774,1.0000,false
V4T008089,41.046877,-47.607219,Star,8.78289578,0.3000,false
V4T008090,34.863511,-34.177503,ELG,0.58446173,1.0000,false
V4T008091,354.951828,-23.614277,ELG,0.63095198,1.0000,false
V4T008092,37.454008,-51.487445,ELG,0.75717255,1.0000,false
V4T008093,49.206903,-42.019124,Star,2.50453478,0.3000,false
V4T008094,23.047959,-41.023256,QSO,0.65715351,1.7000,false
V4T008095,18.137193,-45.695329,LRG,0.33311050,1.0000,true
V4T008096,337.825067,-31.352459,BGS,0.84924825,0.4500,false
V4T008097,348.585828,-26.433800,LRG,0.32084071,1.0000,false
V4T008098,343.850530,-17.618654,LRG,0.27870234,1.0000,true
V4T008099,36.700908,-40.929522,LRG,0.30347035,1.0000,false
V4T008100,53.700403,-54.571219,ELG,1.07957241,1.0000,false
V4T008101,35.486132,-54.625566,BGS,0.98228144,0.4500,false
V4T008102,20.360736,-46.775263,Star,3.32048187,0.3000,false
V4T008103,28.863793,-48.564659,QSO,0.18544137,1.7000,false
V4T008104,346.457791,-30.036158,BGS,1.19071994,0.4500,false
V4T008105,357.405351,-26.662418,QSO,0.27453202,1.7000,false
V4T008106,357.134976,-25.578348,ELG,0.83167326,1.0000,false
V4T008107,44.594620,-31.816189,QSO,0.53503792,1.7000,false
V4T008108,340.134741,-24.188668,LRG,0.25831290,1.0000,false
V4T008109,3.071641,-28.196544,LRG,0.67562157,1.0000,false
V4T008110,31.900026,-35.423019,ELG,0.44261510,1.0000,false
V4T008111,353.941190,-31.857482,ELG,0.29055677,1.0000,false
V4T008112,55.518387,-54.512510,ELG,0.59379813,1.0000,false
V4T008113,36.399415,-33.217639,BGS,1.28613156,0.4500,false
V4T008114,347.457659,-23.727346,LRG,0.31017926,1.0000,false
V4T008115,30.811625,-53.538856,QSO,0.09871027,1.7000,false
V4T008116,32.428904,-35.340006,ELG,0.44156867,1.0000,false
V4T008117,53.143744,-47.253311,QSO,0.12504384,1.7000,false
V4T008118,31.526114,-51.139901,BGS,0.99656783,0.4500,false
V4T008119,33.146446,-56.978397,ELG,0.56063380,1.0000,false
V4T008120,25.970387,-50.991882,ELG,0.39833773,1.0000,false
V4T008121,30.699468,-50.095205,LRG,0.35497429,1.0000,false
V4T008122,43.598313,-53.654335,ELG,0.32187125,1.0000,false
V4T008123,48.584048,-51.877286,BGS,1.38881970,0.4500,false
V4T008124,48.768973,-59.332037,ELG,0.56004357,1.0000,false
V4T008125,34.047232,-62.005781,Star,4.29302415,0.3000,false
V4T008126,57.689948,-50.076885,BGS,1.26097032,0.4500,false
V4T008127,31.171888,-53.797882,Star,5.06823361,0.3000,false
V4T008128,354.649320,-20.496408,QSO,0.15192465,1.7000,false
V4T008129,355.748142,-35.517664,BGS,0.86810862,0.4500,false
V4T008130,353.488798,-32.624310,ELG,0.73894431,1.0000,false
V4T008131,28.128197,-54.984226,ELG,0.36745917,1.0000,false
V4T008132,359.730013,-30.586507,Star,5.64643190,0.3000,false
V4T008133,358.439908,-30.267700,ELG,0.72906706,1.0000,false
V4T008134,31.111411,-37.384022,ELG,0.31805406,1.0000,false
V4T008135,345.504652,-28.880397,BGS,1.27738563,0.4500,false
V4T008136,45.216809,-36.092921,Star,1.92764849,0.3000,false
V4T008137,33.954189,-60.173226,LRG,0.27452377,1.0000,false
V4T008138,26.933595,-47.255871,Star,3.47145934,0.3000,false
V4T008139,29.552162,-43.722594,BGS,1.11970574,0.4500,false
V4T008140,354.696394,-27.075251,ELG,0.48525286,1.0000,false
V4T008141,356.368995,-26.737347,ELG,0.50774166,1.0000,false
V4T008142,55.135887,-54.291968,Star,4.61488159,0.3000,false
V4T008143,357.308905,-23.246546,LRG,0.31333082,1.0000,false
V4T008144,342.675129,-34.955400,ELG,0.51223627,1.0000,false
V4T008145,49.951084,-42.581800,ELG,0.24497655,1.0000,false
V4T008146,342.669875,-27.529508,BGS,0.53448997,0.4500,false
V4T008147,355.201467,-31.453576,ELG,0.39707634,1.0000,false
V4T008148,352.371066,-28.074008,ELG,0.84499096,1.0000,false
V4T008149,35.641732,-32.627150,Star,2.77752681,0.3000,false
V4T008150,30.996222,-37.160114,BGS,1.57930404,0.4500,true
V4T008151,48.772037,-41.820009,ELG,0.37753556,1.0000,false
V4T008152,33.062635,-51.695486,LRG,0.31396481,1.0000,false
V4T008153,346.741025,-17.677913,ELG,0.45819963,1.0000,false
V4T008154,51.339764,-57.359465,ELG,0.37441571,1.0000,false
V4T008155,55.124773,-54.467228,QSO,0.25410229,1.7000,false
V4T008156,43.137327,-57.191458,ELG,0.97076575,1.0000,false
V4T008157,350.245636,-28.389895,LRG,0.43135924,1.0000,false
V4T008158,49.019147,-39.647126,BGS,0.84964077,0.4500,false
V4T008159,36.704335,-41.435555,BGS,1.06737996,0.4500,false
V4T008160,50.050119,-57.029248,ELG,0.34979687,1.0000,false
V4T008161,22.891750,-49.392960,ELG,0.45688596,1.0000,false
V4T008162,356.732556,-26.638602,QSO,0.10392595,1.7000,false
V4T008163,19.462797,-45.818676,ELG,0.59841351,1.0000,false
V4T008164,55.481186,-54.342909,QSO,0.24496400,1.7000,false
V4T008165,343.140209,-29.655428,BGS,2.23081724,0.4500,false
V4T008166,45.537153,-50.593217,ELG,0.29355575,1.0000,false
V4T008167,351.996294,-28.681339,ELG,0.19848350,1.0000,false
V4T008168,30.098281,-53.958259,ELG,0.47615546,1.0000,false
V4T008169,351.271311,-37.228142,BGS,1.41643383,0.4500,false
V4T008170,28.175886,-54.231481,ELG,0.55833598,1.0000,false
V4T008171,55.753413,-54.651624,QSO,0.14202157,1.7000,true
V4T008172,29.776902,-47.263252,LRG,0.33857746,1.0000,false
V4T008173,0.871199,-27.105467,ELG,0.93947802,1.0000,false
V4T008174,356.556782,-35.159707,ELG,0.37346871,1.0000,false
V4T008175,4.660952,-24.502659,ELG,0.58481031,1.0000,true
V4T008176,340.012561,-34.127954,LRG,0.43354072,1.0000,false
V4T008177,339.662698,-18.657105,QSO,0.67124073,1.7000,false
V4T008178,341.795215,-37.781527,Star,4.24581912,0.3000,false
V4T008179,2.060081,-21.836749,Star,3.19158201,0.3000,false
V4T008180,41.848524,-41.835089,QSO,0.18484185,1.7000,false
V4T008181,26.313045,-41.727402,BGS,1.91269002,0.4500,false
V4T008182,344.063724,-20.409948,LRG,0.37464375,1.0000,false
V4T008183,55.733745,-54.460656,ELG,0.51217209,1.0000,false
V4T008184,347.481133,-18.320501,LRG,0.24973192,1.0000,false
V4T008185,345.311593,-28.455554,BGS,0.90619575,0.4500,true
V4T008186,350.267973,-25.233608,ELG,0.58288541,1.0000,false
V4T008187,341.265811,-34.254482,BGS,1.40444195,0.4500,false
V4T008188,54.519867,-47.177952,QSO,0.06509766,1.7000,false
V4T008189,29.975796,-50.731298,Star,3.79312940,0.3000,false
V4T008190,36.639371,-41.199984,ELG,0.68773673,1.0000,false
V4T008191,352.320635,-38.301609,BGS,1.21658619,0.4500,false
V4T008192,26.953391,-39.403093,ELG,0.71488183,1.0000,false
V4T008193,49.297323,-39.806738,QSO,0.19649045,1.7000,false
V4T008194,50.214204,-39.892461,ELG,0.35147628,1.0000,false
V4T008195,345.594572,-28.243517,Star,3.03967096,0.3000,false
V4T008196,48.814783,-34.423484,QSO,0.24365880,1.7000,false
V4T008197,345.918957,-15.507969,BGS,0.89076930,0.4500,false
V4T008198,348.986651,-30.099246,LRG,0.57639753,1.0000,false
V4T008199,36.929627,-31.860877,BGS,1.32981218,0.4500,false
V4T008200,20.979915,-47.667357,QSO,0.15626690,1.7000,false
V4T008201,341.754393,-25.805622,QSO,0.13628359,1.7000,false
V4T008202,35.822274,-57.549646,LRG,0.23828224,1.0000,false
V4T008203,37.863052,-32.169963,LRG,0.36047574,1.0000,false
V4T008204,25.208818,-42.489509,LRG,0.64485029,1.0000,false
V4T008205,344.581113,-26.617793,LRG,0.45957505,1.0000,true
V4T008206,51.604234,-40.979250,ELG,0.52885962,1.0000,false
V4T008207,26.096651,-47.723254,BGS,1.21173783,0.4500,false
V4T008208,27.018028,-61.588974,BGS,0.95226123,0.4500,false
V4T008209,24.199925,-48.105665,ELG,0.48828543,1.0000,false
V4T008210,52.750118,-54.847158,LRG,0.44301565,1.0000,true
V4T008211,345.362918,-28.132967,ELG,0.26123222,1.0000,false
V4T008212,28.781972,-54.772397,ELG,0.62700693,1.0000,false
V4T008213,28.719704,-35.727867,BGS,1.23903703,0.4500,false
V4T008214,358.032323,-21.382145,ELG,0.57816171,1.0000,false
V4T008215,36.189515,-41.105972,ELG,0.34090657,1.0000,false
V4T008216,41.261028,-43.565125,BGS,1.47455014,0.4500,false
V4T008217,347.447042,-30.672976,LRG,0.41986421,1.0000,false
V4T008218,347.539347,-37.589155,QSO,0.07844357,1.7000,false
V4T008219,350.601641,-25.804788,LRG,0.36070895,1.0000,false
V4T008220,342.298302,-37.990693,BGS,0.92763295,0.4500,false
V4T008221,31.505333,-38.983003,QSO,0.33667577,1.7000,false
V4T008222,25.594644,-52.441266,LRG,0.25005016,1.0000,false
V4T008223,347.784537,-23.603969,ELG,0.58628261,1.0000,false
V4T008224,0.050960,-19.386976,BGS,1.38272589,0.4500,false
V4T008225,27.604769,-46.002253,BGS,1.87381219,0.4500,false
V4T008226,49.758855,-34.760862,Star,3.93192697,0.3000,false
V4T008227,0.690392,-19.344674,LRG,0.19301239,1.0000,false
V4T008228,19.284717,-55.994520,ELG,0.44709933,1.0000,false
V4T008229,52.280666,-57.720302,QSO,0.17300253,1.7000,false
V4T008230,56.216699,-53.414591,QSO,0.14246445,1.7000,false
V4T008231,345.688404,-17.533816,LRG,0.23002491,1.0000,false
V4T008232,40.814929,-33.169119,ELG,0.36087786,1.0000,false
V4T008233,359.790769,-28.266837,LRG,0.69247331,1.0000,false
V4T008234,25.341110,-51.683058,BGS,0.78364468,0.4500,true
V4T008235,18.485488,-41.397635,ELG,0.31714559,1.0000,false
V4T008236,345.963791,-29.052659,QSO,0.16524498,1.7000,true
V4T008237,343.586013,-19.014922,ELG,0.51967952,1.0000,false
V4T008238,37.838970,-31.684250,LRG,0.35563492,1.0000,false
V4T008239,358.949723,-23.315372,QSO,0.24408386,1.7000,false
V4T008240,52.393765,-52.299564,QSO,0.26875747,1.7000,false
V4T008241,345.700941,-15.994466,Star,4.13216576,0.3000,false
V4T008242,338.770006,-27.044385,ELG,0.44894973,1.0000,false
V4T008243,351.907266,-34.605131,BGS,1.48862902,0.4500,true
V4T008244,343.822554,-20.900359,LRG,0.18784186,1.0000,false
V4T008245,35.509009,-39.934935,QSO,0.37496371,1.7000,true
V4T008246,339.226099,-34.488032,Star,3.40372827,0.3000,false
V4T008247,346.586535,-17.376229,ELG,0.53956617,1.0000,false
V4T008248,0.968949,-20.245479,ELG,0.54945663,1.0000,false
V4T008249,31.037258,-53.032725,LRG,0.43379835,1.0000,false
V4T008250,356.337099,-21.624168,BGS,0.92427338,0.4500,false
V4T008251,354.634411,-23.675564,BGS,1.03500852,0.4500,false
V4T008252,357.135830,-30.090482,ELG,0.71343407,1.0000,false
V4T008253,43.505317,-46.482740,QSO,0.39434092,1.7000,false
V4T008254,38.023899,-31.604955,ELG,0.58093313,1.0000,false
V4T008255,36.339950,-41.068931,BGS,0.98410492,0.4500,false
V4T008256,36.360820,-38.596548,Star,3.70641169,0.3000,false
V4T008257,25.368530,-55.889055,LRG,0.32685529,1.0000,false
V4T008258,24.734995,-45.206193,BGS,0.95107534,0.4500,false
V4T008259,342.915450,-30.842551,Star,3.92340983,0.3000,false
V4T008260,342.678205,-25.641142,LRG,0.58758308,1.0000,false
V4T008261,355.814843,-22.248641,ELG,0.53256006,1.0000,false
V4T008262,36.275970,-57.487057,BGS,0.86025907,0.4500,false
V4T008263,36.721735,-39.986127,BGS,1.29238020,0.4500,false
V4T008264,355.331511,-35.439162,Star,4.88131328,0.3000,false
V4T008265,54.194319,-45.261163,Star,2.68209465,0.3000,false
V4T008266,23.037536,-52.761576,Star,4.37417122,0.3000,false
V4T008267,45.315974,-38.510624,ELG,0.76144120,1.0000,false
V4T008268,348.873170,-35.889455,LRG,0.37343098,1.0000,false
V4T008269,346.614627,-27.439667,ELG,0.26087278,1.0000,false
V4T008270,56.197019,-54.317135,ELG,0.57865221,1.0000,false
V4T008271,339.513148,-24.388376,LRG,0.38153670,1.0000,false
V4T008272,49.543158,-41.115435,ELG,0.41064629,1.0000,false
V4T008273,48.056448,-50.356772,LRG,0.22911448,1.0000,false
V4T008274,354.096432,-30.855034,ELG,0.38581895,1.0000,false
V4T008275,346.215466,-28.203727,QSO,0.25140035,1.7000,false
V4T008276,46.379272,-41.644240,Star,4.83347131,0.3000,false
V4T008277,341.308480,-32.655972,BGS,1.22329208,0.4500,false
V4T008278,34.928785,-39.554806,ELG,0.32449094,1.0000,false
V4T008279,42.966009,-53.709902,Star,4.13164440,0.3000,false
V4T008280,39.525542,-34.791692,QSO,0.11108646,1.7000,false
V4T008281,348.326410,-33.844690,ELG,1.00598654,1.0000,false
V4T008282,343.861382,-35.914073,BGS,0.85823412,0.4500,false
V4T008283,40.747971,-32.864050,ELG,0.39694666,1.0000,false
V4T008284,36.208833,-40.637921,ELG,0.47160614,1.0000,false
V4T008285,35.839379,-38.281887,LRG,0.29796720,1.0000,false
V4T008286,42.944041,-48.973521,Star,3.52857384,0.3000,false
V4T008287,51.702734,-47.086709,LRG,0.50264500,1.0000,false
V4T008288,55.949956,-43.629367,QSO,0.24553964,1.7000,false
V4T008289,343.069946,-25.799516,LRG,0.24780484,1.0000,false
V4T008290,49.376404,-38.546941,BGS,1.08046171,0.4500,false
V4T008291,337.591997,-31.498058,ELG,0.44628360,1.0000,false
V4T008292,57.779426,-47.545201,LRG,0.28690556,1.0000,false
V4T008293,355.031223,-35.808774,Star,5.62710226,0.3000,false
V4T008294,346.385028,-17.383829,ELG,0.37617408,1.0000,false
V4T008295,24.528537,-47.939323,ELG,0.43904750,1.0000,false
V4T008296,338.351732,-31.802906,BGS,1.68872905,0.4500,false
V4T008297,36.058173,-57.936172,ELG,0.42921446,1.0000,false
V4T008298,28.411495,-53.741588,QSO,0.09210624,1.7000,false
V4T008299,1.680062,-26.677098,QSO,0.28309656,1.7000,false
V4T008300,356.174400,-29.901217,LRG,0.29326767,1.0000,false
V4T008301,349.943663,-23.499782,ELG,0.36330072,1.0000,false
V4T008302,20.227056,-41.680033,ELG,0.46523924,1.0000,false
V4T008303,55.989693,-55.007702,QSO,0.17296209,1.7000,false
V4T008304,40.474896,-57.024480,Star,4.28095893,0.3000,false
V4T008305,55.235258,-55.082317,LRG,0.61112306,1.0000,false
V4T008306,346.018231,-17.945655,BGS,1.46116230,0.4500,false
V4T008307,354.874200,-36.568367,QSO,0.18660716,1.7000,false
V4T008308,0.681552,-19.013641,Star,3.85650528,0.3000,false
V4T008309,28.206355,-54.531933,ELG,0.73352082,1.0000,false
V4T008310,352.163583,-37.988412,LRG,0.44244532,1.0000,false
V4T008311,357.060620,-29.911799,LRG,0.27809802,1.0000,false
V4T008312,41.577935,-52.569772,LRG,0.50756905,1.0000,false
V4T008313,345.172056,-29.017499,ELG,0.39055059,1.0000,false
V4T008314,38.635105,-40.696874,QSO,0.14604010,1.7000,false
V4T008315,58.680507,-49.895056,ELG,0.59148871,1.0000,false
V4T008316,33.664498,-39.097341,ELG,0.55606813,1.0000,false
V4T008317,38.426071,-56.894551,LRG,0.38693729,1.0000,false
V4T008318,3.484279,-24.119085,ELG,0.74041877,1.0000,false
V4T008319,22.166513,-60.375584,QSO,0.15673464,1.7000,false
V4T008320,44.017658,-38.212595,ELG,0.56023044,1.0000,false
V4T008321,346.106377,-20.533313,QSO,0.12058429,1.7000,false
V4T008322,25.365187,-54.286608,BGS,1.54255438,0.4500,false
V4T008323,30.015485,-53.329009,BGS,1.26305391,0.4500,false
V4T008324,21.379491,-51.536086,ELG,0.41301807,1.0000,false
V4T008325,352.857320,-28.306806,ELG,1.12392609,1.0000,false
V4T008326,46.352103,-61.117929,ELG,0.46517232,1.0000,false
V4T008327,46.778891,-34.823297,BGS,0.91199945,0.4500,false
V4T008328,352.483820,-28.282073,LRG,0.36247528,1.0000,false
V4T008329,45.653058,-46.811605,LRG,0.28304584,1.0000,false
V4T008330,52.000091,-53.016605,QSO,0.50443874,1.7000,false
V4T008331,351.474850,-28.032290,LRG,0.32392211,1.0000,false
V4T008332,346.439476,-17.633099,QSO,0.12684157,1.7000,false
V4T008333,26.182660,-51.310172,QSO,0.19006475,1.7000,false
V4T008334,352.885713,-29.758947,ELG,0.66493224,1.0000,false
V4T008335,50.559145,-42.365807,ELG,0.52145866,1.0000,true
V4T008336,33.139808,-34.507415,ELG,0.44074608,1.0000,false
V4T008337,345.175256,-35.614384,QSO,0.09723726,1.7000,false
V4T008338,0.652164,-19.124532,LRG,0.21863651,1.0000,false
V4T008339,342.394448,-30.578374,QSO,0.15575794,1.7000,false
V4T008340,4.563520,-26.883064,ELG,0.55666194,1.0000,false
V4T008341,345.640273,-29.055547,BGS,1.83542216,0.4500,false
V4T008342,45.686279,-41.807685,BGS,0.96061536,0.4500,false
V4T008343,52.315915,-44.826536,QSO,0.30964808,1.7000,false
V4T008344,357.550131,-20.571174,Star,4.09472232,0.3000,false
V4T008345,359.843625,-19.129975,ELG,0.29864008,1.0000,false
V4T008346,337.685628,-30.671008,ELG,0.43590924,1.0000,false
V4T008347,21.053311,-56.715889,BGS,1.05015183,0.4500,false
V4T008348,354.727645,-21.793765,LRG,0.31894819,1.0000,false
V4T008349,344.923039,-23.763474,LRG,0.54166057,1.0000,false
V4T008350,28.532700,-57.229308,ELG,0.74810522,1.0000,false
V4T008351,31.576754,-52.742358,BGS,1.94949990,0.4500,false
V4T008352,345.704140,-28.734873,BGS,2.31453592,0.4500,false
V4T008353,38.495691,-51.079776,BGS,1.11577835,0.4500,false
V4T008354,354.475842,-29.050334,ELG,0.90003929,1.0000,false
V4T008355,23.811713,-48.295082,ELG,0.52632497,1.0000,false
V4T008356,337.007923,-31.584432,BGS,1.10139644,0.4500,false
V4T008357,344.738738,-28.152319,LRG,0.46618843,1.0000,false
V4T008358,348.732073,-30.519449,ELG,0.61387263,1.0000,false
V4T008359,42.270420,-46.933988,BGS,1.26620461,0.4500,false
V4T008360,23.746011,-43.296844,LRG,0.26639052,1.0000,false
V4T008361,345.587732,-28.932080,ELG,0.81643935,1.0000,false
V4T008362,355.590593,-22.918832,Star,5.45583861,0.3000,false
V4T008363,57.644980,-53.055019,QSO,0.12124313,1.7000,false
V4T008364,346.584622,-27.180598,BGS,1.39936144,0.4500,false
V4T008365,350.909871,-25.233525,LRG,0.41821338,1.0000,false
V4T008366,25.536260,-52.224952,ELG,0.38296761,1.0000,false
V4T008367,345.167263,-28.700069,BGS,0.85064810,0.4500,false
V4T008368,44.924335,-50.499039,LRG,0.41658474,1.0000,false
V4T008369,346.271284,-30.706625,BGS,1.19664625,0.4500,true
V4T008370,22.193306,-50.376681,Star,2.95748571,0.3000,false
V4T008371,344.591067,-15.412043,ELG,0.33599418,1.0000,false
V4T008372,31.791278,-48.824538,ELG,0.70554758,1.0000,false
V4T008373,37.254663,-31.902335,BGS,0.98855533,0.4500,false
V4T008374,54.243338,-40.318627,QSO,0.30432161,1.7000,false
V4T008375,37.231655,-31.862829,Star,4.82220650,0.3000,false
V4T008376,341.427067,-32.569902,ELG,0.66108380,1.0000,false
V4T008377,353.560692,-38.111563,BGS,0.73216066,0.4500,false
V4T008378,337.393653,-31.054223,ELG,0.91100669,1.0000,false
V4T008379,37.816631,-31.837280,BGS,1.82982570,0.4500,true
V4T008380,17.221992,-51.676022,BGS,1.41700968,0.4500,false
V4T008381,36.438096,-36.814910,ELG,1.01372428,1.0000,false
V4T008382,51.965070,-47.812285,QSO,0.21057383,1.7000,false
V4T008383,343.033999,-26.289062,Star,3.97498456,0.3000,false
V4T008384,51.030269,-40.970804,BGS,1.71918937,0.4500,false
V4T008385,348.623766,-31.625929,QSO,0.22987676,1.7000,false
V4T008386,344.774086,-28.422976,ELG,0.37073232,1.0000,false
V4T008387,40.212605,-33.468602,QSO,0.35390199,1.7000,false
V4T008388,350.103909,-16.756660,BGS,1.21342588,0.4500,false
V4T008389,350.022968,-16.006822,LRG,0.38284401,1.0000,true
V4T008390,29.285182,-35.235939,QSO,0.13318979,1.7000,false
V4T008391,353.368461,-16.636913,ELG,0.43482730,1.0000,false
V4T008392,50.183401,-42.751705,ELG,0.38524003,1.0000,false
V4T008393,36.016640,-42.034082,BGS,1.74494815,0.4500,false
V4T008394,56.180891,-47.722629,ELG,1.21932567,1.0000,false
V4T008395,36.738046,-41.324046,BGS,1.19665509,0.4500,false
V4T008396,40.807326,-60.179797,ELG,0.37316131,1.0000,false
V4T008397,27.957288,-56.738437,LRG,0.40193110,1.0000,false
V4T008398,43.136376,-58.286622,QSO,0.19914172,1.7000,false
V4T008399,343.071864,-26.429272,LRG,0.63451593,1.0000,true
V4T008400,27.754676,-50.171818,QSO,0.24265937,1.7000,false
V4T008401,24.147622,-50.764616,QSO,0.09774217,1.7000,false
V4T008402,41.522861,-55.987536,QSO,0.23107076,1.7000,false
V4T008403,23.994608,-55.892888,Star,3.58125074,0.3000,false
V4T008404,337.669071,-27.352272,LRG,0.29695072,1.0000,false
V4T008405,31.969823,-48.863180,ELG,0.56890174,1.0000,false
V4T008406,46.403963,-43.040303,LRG,0.65324931,1.0000,false
V4T008407,347.785266,-39.303824,ELG,0.95524618,1.0000,false
V4T008408,2.121633,-29.792894,LRG,0.23041494,1.0000,false
V4T008409,48.753317,-54.584032,ELG,0.48716853,1.0000,false
V4T008410,344.293983,-20.154985,LRG,0.48512559,1.0000,false
V4T008411,31.124050,-43.486848,LRG,0.23840180,1.0000,false
V4T008412,50.896320,-41.583208,QSO,0.37263738,1.7000,false
V4T008413,352.640845,-27.789365,QSO,0.18034704,1.7000,false
V4T008414,47.868610,-51.930184,BGS,0.57835692,0.4500,false
V4T008415,347.586794,-20.262409,ELG,0.59427381,1.0000,false
V4T008416,358.319751,-28.967000,ELG,0.33144606,1.0000,false
V4T008417,352.239091,-29.128400,LRG,0.27242053,1.0000,false
V4T008418,50.747788,-42.041899,ELG,0.67292415,1.0000,false
V4T008419,39.086289,-32.955869,ELG,0.29372001,1.0000,false
V4T008420,25.521998,-51.732418,BGS,1.10706132,0.4500,false
V4T008421,48.341890,-40.890169,LRG,0.34543722,1.0000,false
V4T008422,30.902954,-51.976510,QSO,0.12226151,1.7000,false
V4T008423,51.863836,-38.891314,BGS,1.12195366,0.4500,false
V4T008424,34.490551,-43.301671,BGS,1.56460523,0.4500,false
V4T008425,352.490485,-28.897596,QSO,0.32122639,1.7000,false
V4T008426,56.157689,-42.376655,ELG,0.62754101,1.0000,false
V4T008427,337.858575,-31.550253,ELG,0.64870418,1.0000,true
V4T008428,42.792516,-51.420311,QSO,0.09743567,1.7000,false
V4T008429,335.981263,-24.991411,BGS,1.02958078,0.4500,false
V4T008430,359.239131,-27.108424,ELG,0.72787693,1.0000,false
V4T008431,352.620064,-16.437180,ELG,0.50539500,1.0000,false
V4T008432,38.253158,-48.436421,ELG,0.38201723,1.0000,false
V4T008433,351.593710,-36.558555,BGS,0.88406950,0.4500,false
V4T008434,2.727803,-27.646289,QSO,0.08518753,1.7000,false
V4T008435,39.097612,-37.974856,LRG,0.42307800,1.0000,false
V4T008436,36.073179,-40.640541,ELG,0.67749348,1.0000,false
V4T008437,53.175897,-36.495951,LRG,0.28628806,1.0000,false
V4T008438,35.976361,-32.211297,ELG,0.69498146,1.0000,false
V4T008439,38.396594,-31.475869,ELG,0.48117550,1.0000,false
V4T008440,55.351745,-51.606740,ELG,0.32169030,1.0000,false
V4T008441,338.924608,-23.587196,LRG,0.49913955,1.0000,false
V4T008442,50.459760,-42.599394,LRG,0.40404737,1.0000,false
V4T008443,54.978110,-55.632213,LRG,0.62294536,1.0000,false
V4T008444,28.849104,-46.096391,LRG,0.35837486,1.0000,true
V4T008445,48.998310,-41.059993,BGS,1.00253440,0.4500,false
V4T008446,52.786252,-51.804593,LRG,0.12619704,1.0000,false
V4T008447,339.224394,-26.961873,LRG,0.39738356,1.0000,false
V4T008448,46.291604,-39.015889,ELG,0.57358607,1.0000,true
V4T008449,342.816497,-22.718215,BGS,1.00606645,0.4500,false
V4T008450,51.886353,-50.497721,ELG,1.06574030,1.0000,false
V4T008451,337.353785,-20.597490,BGS,2.20295086,0.4500,false
V4T008452,50.178597,-49.753148,LRG,0.34432803,1.0000,false
V4T008453,21.359591,-54.464188,LRG,0.27277294,1.0000,false
V4T008454,342.620910,-34.009041,LRG,0.39984517,1.0000,false
V4T008455,352.260243,-25.891529,BGS,1.32667355,0.4500,false
V4T008456,51.356908,-37.866990,BGS,1.70314282,0.4500,false
V4T008457,20.756595,-44.667071,QSO,0.24615587,1.7000,false
V4T008458,348.483221,-20.947365,QSO,0.23401331,1.7000,false
V4T008459,338.423109,-23.970272,Star,4.94501855,0.3000,false
V4T008460,355.746225,-23.737393,LRG,0.23560585,1.0000,false
V4T008461,43.271606,-41.655348,QSO,0.37297252,1.7000,false
V4T008462,344.314480,-28.558769,BGS,1.28709218,0.4500,false
V4T008463,45.331620,-46.951552,ELG,0.29957991,1.0000,false
V4T008464,25.680532,-51.161114,BGS,2.37511203,0.4500,false
V4T008465,344.097454,-23.981973,ELG,0.60668236,1.0000,false
V4T008466,359.234589,-34.571250,QSO,0.22498402,1.7000,false
V4T008467,44.626573,-58.667929,ELG,0.81491126,1.0000,false
V4T008468,343.641541,-26.324772,ELG,0.60827651,1.0000,true
V4T008469,29.927628,-54.414325,Star,3.69405747,0.3000,false
V4T008470,31.313626,-34.420672,Star,5.26378167,0.3000,false
V4T008471,25.192339,-38.568296,Star,4.57733219,0.3000,false
V4T008472,47.802179,-39.688698,ELG,0.55759927,1.0000,false
V4T008473,50.387319,-57.560457,ELG,0.71891676,1.0000,false
V4T008474,33.724158,-47.993443,QSO,0.12819451,1.7000,false
V4T008475,21.104883,-47.755956,BGS,1.34444219,0.4500,true
V4T008476,51.757938,-56.401592,LRG,0.39787060,1.0000,false
V4T008477,342.529312,-37.376779,ELG,0.56762295,1.0000,false
V4T008478,355.579687,-18.570551,ELG,0.89230470,1.0000,false
V4T008479,36.673595,-41.612838,BGS,1.68018535,0.4500,false
V4T008480,338.432307,-32.524099,Star,4.12580784,0.3000,false
V4T008481,34.505187,-50.280890,LRG,0.25870863,1.0000,false
V4T008482,352.634390,-27.414557,ELG,0.32457587,1.0000,false
V4T008483,42.669790,-35.012793,LRG,0.37222789,1.0000,false
V4T008484,19.549485,-52.516857,Star,3.00915862,0.3000,false
V4T008485,336.745392,-22.099702,LRG,0.24569489,1.0000,false
V4T008486,25.103409,-48.455440,Star,3.39017377,0.3000,false
V4T008487,54.102903,-55.449313,LRG,0.26453457,1.0000,false
V4T008488,23.461072,-51.161229,ELG,0.51879673,1.0000,false
V4T008489,346.050770,-28.298727,BGS,1.42665408,0.4500,false
V4T008490,21.017228,-40.839459,ELG,0.33803147,1.0000,false
V4T008491,339.587430,-27.987922,ELG,0.79745603,1.0000,false
V4T008492,50.661299,-41.364994,BGS,1.47609941,0.4500,false
V4T008493,49.464902,-41.189903,BGS,1.03451082,0.4500,false
V4T008494,0.836191,-19.407224,ELG,0.81757369,1.0000,false
V4T008495,341.550505,-26.166451,QSO,0.14544021,1.7000,false
V4T008496,48.832344,-44.104444,BGS,1.49583919,0.4500,false
V4T008497,41.555167,-49.013389,ELG,0.40506893,1.0000,false
V4T008498,353.338541,-38.354438,BGS,1.34889193,0.4500,false
V4T008499,56.084127,-54.290737,LRG,0.36465222,1.0000,false
V4T008500,351.713749,-27.296550,BGS,1.42313184,0.4500,false
V4T008501,350.343983,-18.612253,BGS,1.19380575,0.4500,false
V4T008502,356.762668,-37.313483,BGS,0.83723623,0.4500,false
V4T008503,0.700882,-19.543163,Star,4.36157561,0.3000,false
V4T008504,354.717174,-30.642001,QSO,0.19297027,1.7000,false
V4T008505,342.222022,-20.910360,BGS,0.78794610,0.4500,false
V4T008506,342.721863,-27.965405,BGS,0.61182537,0.4500,false
V4T008507,31.366917,-53.733079,ELG,0.48300796,1.0000,false
V4T008508,28.851071,-35.812753,LRG,0.32588836,1.0000,false
V4T008509,30.039890,-54.286381,BGS,1.18334575,0.4500,false
V4T008510,351.725833,-35.272621,LRG,0.33786438,1.0000,false
V4T008511,23.312306,-46.517084,BGS,1.46630503,0.4500,false
V4T008512,47.845457,-54.767523,BGS,1.09765996,0.4500,false
V4T008513,22.768443,-42.331482,ELG,0.63376818,1.0000,false
V4T008514,346.238241,-28.388121,QSO,0.20170353,1.7000,false
V4T008515,346.157897,-18.974091,LRG,0.60686976,1.0000,false
V4T008516,41.955329,-49.867178,ELG,0.48521396,1.0000,false
V4T008517,25.503197,-51.864699,BGS,0.99847531,0.4500,false
V4T008518,345.755753,-17.330320,QSO,0.18032419,1.7000,false
V4T008519,350.722351,-16.430331,BGS,0.77952162,0.4500,false
V4T008520,337.674186,-32.540941,LRG,0.46235679,1.0000,false
V4T008521,25.932963,-36.876232,LRG,0.23587954,1.0000,false
V4T008522,37.107421,-34.823579,BGS,1.85859155,0.4500,false
V4T008523,350.049274,-20.121784,LRG,0.35261534,1.0000,false
V4T008524,31.646382,-44.739696,QSO,0.14998060,1.7000,true
V4T008525,344.029227,-17.648066,BGS,1.79380581,0.4500,false
V4T008526,359.288827,-19.283105,LRG,0.32858072,1.0000,false
V4T008527,38.864098,-51.112303,BGS,1.02607624,0.4500,false
V4T008528,51.197878,-37.599642,QSO,0.28821851,1.7000,false
V4T008529,349.056940,-37.786942,ELG,0.31776186,1.0000,false
V4T008530,357.356419,-28.195588,LRG,0.25727890,1.0000,false
V4T008531,0.478004,-19.339095,ELG,0.30202111,1.0000,false
V4T008532,347.987245,-27.888253,LRG,0.55387490,1.0000,false
V4T008533,49.802289,-42.235673,ELG,0.98220467,1.0000,false
V4T008534,29.625597,-50.745670,QSO,0.17632599,1.7000,false
V4T008535,345.553181,-32.581656,LRG,0.29306901,1.0000,false
V4T008536,0.421652,-19.531797,Star,4.28328588,0.3000,false
V4T008537,0.049790,-35.100678,ELG,0.52592714,1.0000,false
V4T008538,29.196876,-53.692135,ELG,1.04512290,1.0000,false
V4T008539,34.486498,-39.583807,ELG,0.61593893,1.0000,false
V4T008540,50.760628,-47.114618,ELG,0.53495318,1.0000,true
V4T008541,21.580635,-59.419411,ELG,0.49764647,1.0000,false
V4T008542,25.206957,-51.495162,BGS,1.38754637,0.4500,false
V4T008543,358.044811,-34.756334,BGS,1.08078124,0.4500,false
V4T008544,353.265295,-26.582586,QSO,0.12229898,1.7000,false
V4T008545,345.392054,-27.427338,QSO,0.07547444,1.7000,false
V4T008546,41.908650,-44.425772,ELG,0.43782241,1.0000,false
V4T008547,349.870954,-20.896677,BGS,1.16829680,0.4500,false
V4T008548,345.191682,-28.586828,BGS,1.77648023,0.4500,false
V4T008549,338.009278,-31.132635,ELG,0.62513252,1.0000,false
V4T008550,29.602657,-54.198313,QSO,0.13279582,1.7000,false
V4T008551,352.797672,-28.486808,ELG,0.33647423,1.0000,false
V4T008552,54.078689,-38.837928,ELG,0.54821934,1.0000,false
V4T008553,343.961835,-37.310877,BGS,1.25298773,0.4500,false
V4T008554,351.276482,-39.833476,QSO,0.13214346,1.7000,false
V4T008555,45.070055,-39.331789,BGS,1.20359398,0.4500,false
V4T008556,340.429446,-21.220259,BGS,0.82514363,0.4500,false
V4T008557,343.843755,-29.847344,ELG,0.93528204,1.0000,false
V4T008558,356.398523,-35.219917,QSO,0.15186210,1.7000,false
V4T008559,22.858618,-41.436070,ELG,0.43692933,1.0000,false
V4T008560,354.831106,-22.192707,ELG,0.39661204,1.0000,false
V4T008561,349.189434,-15.829192,ELG,0.45631944,1.0000,false
V4T008562,22.565508,-37.570024,ELG,0.39111666,1.0000,false
V4T008563,31.274335,-35.108888,ELG,0.39228276,1.0000,false
V4T008564,337.671040,-21.353450,BGS,1.20543572,0.4500,false
V4T008565,57.781044,-48.303836,ELG,1.03622244,1.0000,false
V4T008566,353.173224,-26.275248,LRG,0.27806610,1.0000,false
V4T008567,2.119633,-25.824921,Star,3.83227289,0.3000,false
V4T008568,37.844115,-33.387211,ELG,0.69305936,1.0000,false
V4T008569,357.632509,-29.247784,LRG,0.44336409,1.0000,false
V4T008570,15.376486,-50.110122,ELG,0.49184811,1.0000,false
V4T008571,16.888893,-47.874985,BGS,1.31557672,0.4500,false
V4T008572,341.386197,-33.703282,BGS,0.87759044,0.4500,false
V4T008573,40.020397,-39.782203,LRG,0.26180937,1.0000,false
V4T008574,349.963743,-21.501920,BGS,1.32522749,0.4500,false
V4T008575,49.463222,-50.635947,ELG,0.67788968,1.0000,false
V4T008576,54.900315,-38.775372,ELG,0.61153991,1.0000,false
V4T008577,337.745110,-31.540799,LRG,0.43035289,1.0000,false
V4T008578,40.284015,-53.565919,BGS,1.54773545,0.4500,false
V4T008579,36.001645,-41.378280,ELG,0.36746690,1.0000,false
V4T008580,352.071736,-29.009034,Star,2.47403121,0.3000,false
V4T008581,352.052693,-29.233985,QSO,0.07938994,1.7000,false
V4T008582,33.040866,-33.343206,LRG,0.52843855,1.0000,false
V4T008583,344.486702,-23.122031,ELG,0.80370005,1.0000,false
V4T008584,45.716115,-60.460343,BGS,1.69557923,0.4500,false
V4T008585,51.071635,-41.896766,ELG,0.31143627,1.0000,false
V4T008586,338.587515,-30.441044,ELG,0.65843811,1.0000,false
V4T008587,353.201452,-28.867472,Star,2.35309517,0.3000,false
V4T008588,356.675417,-33.139941,ELG,0.33266587,1.0000,false
V4T008589,24.047685,-40.385331,ELG,0.44134156,1.0000,false
V4T008590,344.479730,-32.793970,QSO,0.14737008,1.7000,false
V4T008591,26.067760,-52.109861,QSO,0.04241894,1.7000,false
V4T008592,26.185816,-41.860149,QSO,0.03251219,1.7000,false
V4T008593,351.689781,-35.388487,Star,3.59358852,0.3000,false
V4T008594,341.135526,-32.319147,LRG,0.36509792,1.0000,false
V4T008595,351.825614,-17.381709,ELG,0.65325998,1.0000,false
V4T008596,1.419852,-20.036980,BGS,0.88267669,0.4500,false
V4T008597,342.059838,-32.506154,LRG,0.38515232,1.0000,false
V4T008598,34.088028,-41.362524,Star,2.57942486,0.3000,false
V4T008599,48.492873,-43.096392,BGS,1.36848867,0.4500,true
V4T008600,342.187266,-17.403891,BGS,2.00573903,0.4500,false
V4T008601,338.277323,-25.998297,LRG,0.46863356,1.0000,false
V4T008602,353.055238,-33.834675,LRG,0.25375299,1.0000,false
V4T008603,341.168357,-33.252660,LRG,0.48624654,1.0000,false
V4T008604,353.469268,-28.359488,BGS,1.86243857,0.4500,false
V4T008605,343.173786,-27.266224,ELG,0.29933700,1.0000,false
V4T008606,359.450225,-20.260163,LRG,0.30930669,1.0000,false
V4T008607,341.934433,-33.402431,ELG,0.61705940,1.0000,false
V4T008608,37.344218,-32.174921,LRG,0.50151877,1.0000,false
V4T008609,48.240339,-43.008213,BGS,1.46521237,0.4500,true
V4T008610,53.512230,-36.666427,ELG,0.56900608,1.0000,false
V4T008611,339.681162,-30.881039,LRG,0.62979765,1.0000,false
V4T008612,48.066428,-39.847913,ELG,0.42504845,1.0000,false
V4T008613,39.704216,-34.620754,BGS,1.85384352,0.4500,false
V4T008614,50.542221,-36.050856,BGS,1.91636103,0.4500,false
V4T008615,338.789902,-31.208465,LRG,0.18469450,1.0000,false
V4T008616,343.540389,-27.088098,ELG,0.54057456,1.0000,false
V4T008617,17.572962,-54.251907,ELG,0.87061294,1.0000,false
V4T008618,341.639454,-25.326383,ELG,0.46802085,1.0000,false
V4T008619,345.487143,-16.810259,LRG,0.86731532,1.0000,false
V4T008620,33.754144,-59.380696,BGS,0.85507601,0.4500,false
V4T008621,36.810746,-31.706376,LRG,0.40761327,1.0000,false
V4T008622,42.002074,-31.364632,LRG,0.34268207,1.0000,false
V4T008623,346.422884,-15.515515,ELG,0.75790617,1.0000,true
V4T008624,347.547090,-21.013925,LRG,0.31205012,1.0000,false
V4T008625,344.537699,-37.112435,BGS,1.36598122,0.4500,false
V4T008626,31.536568,-38.591745,LRG,0.69014051,1.0000,false
V4T008627,58.457747,-51.818049,ELG,0.52548975,1.0000,false
V4T008628,0.379477,-19.381933,Star,4.18712639,0.3000,false
V4T008629,348.139309,-37.241765,BGS,1.02215585,0.4500,true
V4T008630,37.958082,-35.842537,BGS,1.31157788,0.4500,false
V4T008631,42.432888,-36.911806,BGS,1.48878322,0.4500,false
V4T008632,49.577954,-41.742672,ELG,0.40022590,1.0000,false
V4T008633,350.677726,-34.568680,ELG,0.88619883,1.0000,false
V4T008634,23.095039,-45.888764,ELG,0.47346181,1.0000,false
V4T008635,340.896496,-20.917295,ELG,0.45740034,1.0000,false
V4T008636,37.027722,-32.284659,LRG,0.34906060,1.0000,false
V4T008637,359.828782,-20.408538,LRG,0.21674689,1.0000,false
V4T008638,37.253424,-61.921258,ELG,0.39487271,1.0000,false
V4T008639,50.912036,-41.677696,LRG,0.26225445,1.0000,true
V4T008640,44.217938,-38.617102,LRG,0.36841667,1.0000,false
V4T008641,29.681228,-54.346020,BGS,0.59524854,0.4500,false
V4T008642,27.642520,-55.540391,ELG,0.89217929,1.0000,false
V4T008643,1.088163,-32.378622,LRG,0.46663306,1.0000,false
V4T008644,36.967677,-41.000201,LRG,0.50094235,1.0000,false
V4T008645,36.659956,-32.132460,ELG,1.30864910,1.0000,false
V4T008646,18.876698,-57.737011,ELG,0.21099437,1.0000,false
V4T008647,22.930001,-51.870123,QSO,0.43479032,1.7000,false
V4T008648,351.426362,-23.113666,ELG,0.46237674,1.0000,false
V4T008649,349.409803,-19.817312,BGS,2.15584056,0.4500,false
V4T008650,45.897733,-41.794747,QSO,0.14685130,1.7000,false
V4T008651,0.159482,-18.942307,LRG,0.27511506,1.0000,false
V4T008652,0.143536,-19.540127,Star,4.24425686,0.3000,false
V4T008653,42.155496,-37.135645,QSO,0.05134079,1.7000,false
V4T008654,47.759693,-45.850900,QSO,0.31260492,1.7000,false
V4T008655,27.003097,-56.564126,ELG,0.34861028,1.0000,false
V4T008656,30.797595,-50.090343,ELG,0.49474195,1.0000,false
V4T008657,343.836078,-30.443565,QSO,0.12262255,1.7000,false
V4T008658,356.454274,-28.088128,ELG,0.50623750,1.0000,false
V4T008659,341.439004,-33.520098,Star,3.74416128,0.3000,false
V4T008660,45.316019,-47.968224,ELG,0.66003131,1.0000,false
V4T008661,34.146707,-36.189919,BGS,1.04153554,0.4500,false
V4T008662,348.502693,-25.311284,BGS,0.93955769,0.4500,false
V4T008663,25.829611,-52.399218,QSO,0.20238745,1.7000,false
V4T008664,349.785869,-29.554561,LRG,0.40259711,1.0000,false
V4T008665,53.718025,-40.433570,LRG,0.47334749,1.0000,false
V4T008666,344.336433,-26.793044,Star,3.34904765,0.3000,false
V4T008667,49.435957,-42.034631,ELG,0.67220113,1.0000,false
V4T008668,50.374557,-42.011759,ELG,0.43230514,1.0000,false
V4T008669,51.296256,-36.742719,LRG,0.26168780,1.0000,false
V4T008670,30.809648,-52.913443,ELG,1.29707313,1.0000,false
V4T008671,24.854036,-54.111658,ELG,0.64072944,1.0000,false
V4T008672,347.113100,-24.514081,Star,5.31499875,0.3000,false
V4T008673,42.010045,-51.226934,BGS,1.03981922,0.4500,false
V4T008674,49.372020,-41.002502,LRG,0.90572912,1.0000,false
V4T008675,337.852294,-30.816145,BGS,1.37103401,0.4500,false
V4T008676,32.554562,-33.077315,QSO,0.07429179,1.7000,false
V4T008677,40.219778,-47.578010,QSO,0.19800898,1.7000,false
V4T008678,340.816062,-33.646886,BGS,1.41906039,0.4500,false
V4T008679,342.147362,-21.079258,BGS,1.25286644,0.4500,false
V4T008680,47.961258,-42.045277,Star,3.80813872,0.3000,false
V4T008681,48.846770,-59.701926,LRG,0.25042309,1.0000,false
V4T008682,338.172827,-33.722800,LRG,0.30556350,1.0000,false
V4T008683,43.481379,-59.543234,QSO,0.13470437,1.7000,false
V4T008684,44.438108,-53.917367,ELG,0.44931056,1.0000,false
V4T008685,28.935046,-58.736653,ELG,0.73830640,1.0000,false
V4T008686,25.036424,-53.540268,QSO,0.20086342,1.7000,false
V4T008687,45.224464,-58.349130,BGS,1.18266189,0.4500,false
V4T008688,33.765026,-36.709688,BGS,1.38696878,0.4500,false
V4T008689,337.369700,-31.364037,LRG,0.34582723,1.0000,false
V4T008690,36.310934,-40.849771,BGS,1.50043392,0.4500,false
V4T008691,344.452139,-26.925073,QSO,0.17849671,1.7000,false
V4T008692,46.464926,-32.687628,ELG,0.43912502,1.0000,false
V4T008693,57.495266,-53.358466,BGS,0.89794412,0.4500,false
V4T008694,45.791941,-36.692412,ELG,0.60303571,1.0000,false
V4T008695,344.045158,-26.682307,Star,5.52074012,0.3000,false
V4T008696,30.062344,-54.277603,ELG,0.77177250,1.0000,false
V4T008697,354.288070,-19.039054,LRG,0.49302681,1.0000,false
V4T008698,49.237636,-50.072185,ELG,0.36934162,1.0000,false
V4T008699,341.238887,-33.594486,ELG,0.83306968,1.0000,false
V4T008700,348.434744,-30.757135,ELG,0.98516794,1.0000,false
V4T008701,24.463191,-51.470316,ELG,0.36645129,1.0000,false
V4T008702,54.718759,-37.704925,ELG,0.55011929,1.0000,false
V4T008703,26.460482,-40.882740,BGS,1.42591591,0.4500,false
V4T008704,359.330893,-34.015366,ELG,0.94957925,1.0000,true
V4T008705,340.531762,-33.051530,ELG,0.30158010,1.0000,false
V4T008706,35.819024,-42.038308,ELG,0.76197796,1.0000,false
V4T008707,48.243408,-47.966899,QSO,0.13190501,1.7000,false
V4T008708,39.510977,-58.266319,QSO,0.15694241,1.7000,false
V4T008709,20.411710,-52.972913,BGS,1.26549483,0.4500,false
V4T008710,336.523935,-24.999899,BGS,1.10352268,0.4500,false
V4T008711,345.704812,-18.678133,BGS,0.89466007,0.4500,false
V4T008712,355.782931,-35.545292,ELG,0.35885261,1.0000,false
V4T008713,24.462935,-52.450778,BGS,1.36108095,0.4500,false
V4T008714,28.821015,-53.441373,LRG,0.34500509,1.0000,false
V4T008715,0.552289,-18.939994,LRG,0.38493764,1.0000,false
V4T008716,343.586114,-33.044995,QSO,0.13426542,1.7000,false
V4T008717,31.388970,-41.826324,BGS,2.40672459,0.4500,false
V4T008718,33.465044,-50.879088,ELG,0.22631108,1.0000,false
V4T008719,352.134799,-28.862318,LRG,0.43624316,1.0000,false
V4T008720,343.130451,-27.427684,QSO,0.24731228,1.7000,true
V4T008721,45.203220,-33.362245,LRG,0.65705493,1.0000,false
V4T008722,343.667753,-29.221252,BGS,1.25752635,0.4500,false
V4T008723,27.071548,-52.799310,ELG,0.83954741,1.0000,false
V4T008724,35.240762,-58.907334,BGS,0.95516810,0.4500,false
V4T008725,349.552979,-33.541224,BGS,1.29086353,0.4500,false
V4T008726,51.265495,-42.005023,ELG,0.67435054,1.0000,false
V4T008727,356.054155,-22.592833,ELG,0.34821162,1.0000,false
V4T008728,37.627733,-31.828293,Star,3.07516979,0.3000,false
V4T008729,31.065232,-54.366317,BGS,1.04374719,0.4500,false
V4T008730,27.874331,-45.304119,LRG,0.31180739,1.0000,false
V4T008731,356.044697,-30.449620,ELG,0.71049506,1.0000,false
V4T008732,337.547482,-30.390295,ELG,0.34948928,1.0000,false
V4T008733,1.792507,-25.107022,BGS,1.20175331,0.4500,false
V4T008734,345.817463,-17.909210,QSO,0.20111833,1.7000,false
V4T008735,350.349324,-23.724438,ELG,0.27960621,1.0000,false
V4T008736,339.070839,-34.398557,ELG,0.65743231,1.0000,false
V4T008737,352.773131,-28.537915,Star,3.01205781,0.3000,false
V4T008738,344.887929,-20.449825,LRG,0.53802280,1.0000,false
V4T008739,39.359988,-40.924070,LRG,0.33630531,1.0000,false
V4T008740,44.699817,-32.854606,LRG,0.33363713,1.0000,false
V4T008741,35.049410,-55.742721,QSO,0.19430864,1.7000,false
V4T008742,1.375854,-19.738597,BGS,1.11078283,0.4500,false
V4T008743,344.295850,-37.176418,ELG,0.46553698,1.0000,false
V4T008744,42.157155,-43.601928,BGS,1.23909884,0.4500,false
V4T008745,43.836202,-40.365508,LRG,0.42058827,1.0000,false
V4T008746,359.096012,-29.720208,ELG,0.55251670,1.0000,false
V4T008747,38.470787,-42.343035,QSO,0.13977272,1.7000,false
V4T008748,356.971422,-17.887993,BGS,1.59044730,0.4500,false
V4T008749,349.869991,-18.712704,Star,4.35979713,0.3000,false
V4T008750,31.673511,-34.961907,Star,3.77982585,0.3000,false
V4T008751,339.813393,-33.596029,ELG,0.83489435,1.0000,false
V4T008752,42.902764,-32.953838,LRG,0.60450771,1.0000,false
V4T008753,36.342271,-45.253357,ELG,0.83797996,1.0000,false
V4T008754,53.424569,-38.670294,ELG,0.28240856,1.0000,false
V4T008755,341.028140,-34.580124,Star,5.23828597,0.3000,false
V4T008756,345.962822,-29.002865,QSO,0.16953399,1.7000,false
V4T008757,44.999089,-50.729925,ELG,0.83875627,1.0000,false
V4T008758,26.236121,-52.379124,LRG,0.28281454,1.0000,false
V4T008759,0.609318,-21.968911,ELG,0.44620217,1.0000,false
V4T008760,41.756022,-45.693240,LRG,0.31430543,1.0000,false
V4T008761,359.727001,-20.849956,BGS,0.83015940,0.4500,false
V4T008762,27.846414,-44.227553,ELG,0.78922845,1.0000,false
V4T008763,358.095477,-29.902567,ELG,0.53144631,1.0000,false
V4T008764,32.844657,-58.712550,Star,3.72821451,0.3000,false
V4T008765,343.736464,-31.919852,LRG,0.22501699,1.0000,false
V4T008766,337.681938,-27.850573,BGS,1.09979665,0.4500,false
V4T008767,30.505200,-58.091507,BGS,1.14969433,0.4500,false
V4T008768,26.820264,-39.211090,LRG,0.33845573,1.0000,false
V4T008769,353.280283,-28.094436,BGS,1.31129549,0.4500,false
V4T008770,341.698708,-28.607324,LRG,0.39842981,1.0000,false
V4T008771,345.976945,-24.155091,QSO,0.30829146,1.7000,false
V4T008772,356.718404,-18.849088,LRG,0.18006382,1.0000,false
V4T008773,341.225647,-33.708211,LRG,0.32074271,1.0000,true
V4T008774,342.852270,-26.545976,ELG,0.38639966,1.0000,false
V4T008775,22.058584,-54.103969,ELG,0.75340597,1.0000,false
V4T008776,338.319749,-32.434051,BGS,1.27835257,0.4500,false
V4T008777,25.793759,-51.537633,LRG,0.24566620,1.0000,false
V4T008778,356.545119,-17.904648,ELG,0.58591086,1.0000,false
V4T008779,38.654048,-49.077832,ELG,0.63016018,1.0000,false
V4T008780,37.234903,-41.305889,BGS,1.08305198,0.4500,false
V4T008781,344.194340,-39.038468,ELG,0.70372146,1.0000,false
V4T008782,38.000608,-37.259615,ELG,0.72969196,1.0000,false
V4T008783,342.673806,-15.973221,LRG,0.40828960,1.0000,false
V4T008784,43.930447,-31.538390,ELG,0.47420822,1.0000,false
V4T008785,47.582909,-40.899893,ELG,0.63961076,1.0000,false
V4T008786,24.569176,-57.441526,QSO,0.20601894,1.7000,false
V4T008787,339.802471,-32.753699,ELG,0.61342895,1.0000,false
V4T008788,352.557903,-28.231429,ELG,0.54979438,1.0000,false
V4T008789,356.248945,-30.626804,ELG,0.47785017,1.0000,false
V4T008790,338.165316,-32.231757,ELG,0.52262977,1.0000,false
V4T008791,342.796604,-27.038939,ELG,0.60575325,1.0000,false
V4T008792,342.074617,-33.521913,QSO,0.16233245,1.7000,false
V4T008793,51.744416,-48.694870,ELG,0.51980689,1.0000,false
V4T008794,29.852161,-35.407350,BGS,1.05525100,0.4500,false
V4T008795,1.002998,-34.345404,ELG,0.43752645,1.0000,false
V4T008796,35.101098,-41.094599,QSO,0.16723771,1.7000,false
V4T008797,42.222719,-51.709195,Star,3.62323921,0.3000,false
V4T008798,36.133335,-41.258502,QSO,0.15417741,1.7000,false
V4T008799,357.451374,-18.865607,ELG,0.56631863,1.0000,false
V4T008800,30.335504,-53.783681,ELG,0.49470117,1.0000,true
V4T008801,40.160996,-31.304497,BGS,0.71032966,0.4500,false
V4T008802,343.356181,-26.544389,ELG,0.44181010,1.0000,false
V4T008803,1.925792,-25.282989,LRG,0.38244983,1.0000,false
V4T008804,342.158133,-31.891784,ELG,0.97972689,1.0000,false
V4T008805,352.381885,-34.967597,ELG,0.54299073,1.0000,false
V4T008806,343.439284,-27.324628,Star,4.08244991,0.3000,false
V4T008807,33.233838,-43.442142,BGS,1.16921174,0.4500,false
V4T008808,41.766405,-39.218080,ELG,0.75466972,1.0000,false
V4T008809,351.418326,-28.156142,ELG,0.38509419,1.0000,false
V4T008810,1.875643,-31.295907,ELG,0.33396924,1.0000,false
V4T008811,352.653915,-28.598173,LRG,0.67276204,1.0000,false
V4T008812,358.271634,-35.342226,BGS,1.20870180,0.4500,false
V4T008813,27.396828,-46.157337,ELG,1.03861785,1.0000,false
V4T008814,345.862047,-28.634170,ELG,0.30185429,1.0000,false
V4T008815,338.564695,-31.634713,Star,3.28298956,0.3000,false
V4T008816,338.422092,-32.406283,LRG,0.36232672,1.0000,false
V4T008817,50.353077,-48.168505,BGS,2.08362986,0.4500,false
V4T008818,40.080535,-56.906875,QSO,0.14416287,1.7000,false
V4T008819,32.692101,-60.971468,ELG,0.30556048,1.0000,false
V4T008820,51.523547,-47.178005,Star,2.51120105,0.3000,false
V4T008821,343.191200,-26.692553,BGS,1.54086323,0.4500,false
V4T008822,355.356438,-30.098303,ELG,0.54770921,1.0000,false
V4T008823,52.000806,-53.194544,ELG,0.48778394,1.0000,false
V4T008824,343.574596,-17.054401,ELG,0.36204771,1.0000,false
V4T008825,351.442736,-25.747115,BGS,1.02478035,0.4500,false
V4T008826,345.814005,-16.601291,Star,3.98817041,0.3000,false
V4T008827,50.317781,-41.968799,BGS,1.42920355,0.4500,true
V4T008828,45.062202,-39.859158,LRG,0.35645835,1.0000,false
V4T008829,358.117685,-19.733960,ELG,0.46889722,1.0000,false
V4T008830,343.962671,-27.608830,QSO,0.29142539,1.7000,false
V4T008831,354.180227,-30.730811,QSO,0.19553262,1.7000,false
V4T008832,49.422641,-46.843669,Star,4.69471812,0.3000,false
V4T008833,52.620045,-53.724724,LRG,0.18532003,1.0000,false
V4T008834,49.918153,-35.717987,ELG,0.44036035,1.0000,false
V4T008835,345.336545,-18.290868,LRG,0.34988396,1.0000,false
V4T008836,344.288030,-27.779861,QSO,0.17151503,1.7000,false
V4T008837,21.872472,-47.797599,ELG,0.63974704,1.0000,false
V4T008838,0.809347,-19.583506,ELG,0.38486128,1.0000,false
V4T008839,336.780992,-31.020728,BGS,1.41011412,0.4500,false
V4T008840,354.019967,-21.900116,ELG,0.78340542,1.0000,false
V4T008841,338.058599,-31.277529,BGS,0.75607496,0.4500,false
V4T008842,46.926387,-34.639020,ELG,0.39612396,1.0000,false
V4T008843,43.072352,-60.334755,ELG,0.70381771,1.0000,false
V4T008844,55.119753,-54.767711,BGS,1.99144300,0.4500,false
V4T008845,343.973210,-27.058670,ELG,0.68827369,1.0000,false
V4T008846,357.228848,-18.294868,ELG,0.50487281,1.0000,false
V4T008847,337.760408,-26.402522,BGS,1.44889866,0.4500,false
V4T008848,352.564278,-28.367324,ELG,0.59198976,1.0000,false
V4T008849,42.878604,-32.664975,QSO,0.11976586,1.7000,true
V4T008850,48.750053,-36.648726,ELG,0.49891990,1.0000,false
V4T008851,36.802717,-34.000635,ELG,0.76193253,1.0000,false
V4T008852,345.415848,-24.119976,BGS,1.00241324,0.4500,false
V4T008853,26.900828,-55.708641,BGS,1.31240244,0.4500,false
V4T008854,38.684627,-35.843479,LRG,0.30320024,1.0000,false
V4T008855,17.056013,-56.339017,BGS,1.99089144,0.4500,false
V4T008856,39.529117,-39.091290,ELG,0.82822090,1.0000,false
V4T008857,41.961752,-36.166953,QSO,0.21213867,1.7000,false
V4T008858,343.270442,-16.317380,ELG,0.39106210,1.0000,false
V4T008859,50.248875,-51.224968,QSO,0.07931577,1.7000,false
V4T008860,52.557016,-41.770820,ELG,1.01917784,1.0000,false
V4T008861,46.888070,-56.445998,ELG,0.31391738,1.0000,false
V4T008862,30.807694,-45.530684,BGS,1.48625709,0.4500,false
V4T008863,35.923780,-59.087667,Star,5.81739016,0.3000,false
V4T008864,37.082839,-41.227604,ELG,0.65090451,1.0000,false
V4T008865,14.379017,-51.675115,QSO,0.10515994,1.7000,false
V4T008866,28.255359,-52.350119,BGS,1.18331675,0.4500,false
V4T008867,43.652812,-58.887456,BGS,1.86056168,0.4500,false
V4T008868,48.591959,-34.695443,QSO,0.11371327,1.7000,true
V4T008869,2.478087,-25.371546,BGS,1.56831920,0.4500,false
V4T008870,342.964272,-26.746738,Star,3.40570122,0.3000,false
V4T008871,53.598671,-42.079425,Star,4.31892984,0.3000,false
V4T008872,55.508559,-52.890313,BGS,1.42862866,0.4500,false
V4T008873,4.436574,-27.251831,ELG,0.65319721,1.0000,false
V4T008874,346.427967,-27.745623,QSO,0.16948812,1.7000,false
V4T008875,342.211919,-34.294988,Star,3.31981675,0.3000,false
V4T008876,20.150450,-54.504594,QSO,0.10237590,1.7000,false
V4T008877,45.077536,-52.080507,BGS,1.17456551,0.4500,false
V4T008878,358.593243,-30.399451,LRG,0.49070812,1.0000,false
V4T008879,347.420816,-22.366427,ELG,0.35931797,1.0000,false
V4T008880,338.000909,-31.533300,QSO,0.14464200,1.7000,false
V4T008881,40.758552,-37.478802,ELG,0.66696267,1.0000,false
V4T008882,346.501155,-18.902609,QSO,0.31578345,1.7000,false
V4T008883,340.783350,-33.241712,QSO,0.25445858,1.7000,false
V4T008884,50.101266,-41.920628,LRG,0.29603179,1.0000,false
V4T008885,55.108511,-55.075419,Star,3.56739405,0.3000,false
V4T008886,0.051478,-29.688226,QSO,0.12528237,1.7000,false
V4T008887,23.452218,-56.401167,BGS,0.93971144,0.4500,false
V4T008888,16.260707,-44.308639,ELG,0.41622148,1.0000,false
V4T008889,340.255862,-27.201773,QSO,0.18439245,1.7000,false
V4T008890,36.385847,-40.490424,ELG,0.54654041,1.0000,false
V4T008891,355.376303,-38.180149,ELG,0.38556134,1.0000,false
V4T008892,48.445166,-52.313083,LRG,0.19153033,1.0000,false
V4T008893,55.113497,-54.167169,ELG,0.80566387,1.0000,false
V4T008894,23.490634,-44.803456,LRG,0.45543385,1.0000,false
V4T008895,49.533895,-42.353791,BGS,1.14349012,0.4500,false
V4T008896,339.876821,-28.507207,BGS,1.59595468,0.4500,false
V4T008897,343.886681,-38.851557,LRG,0.41670722,1.0000,false
V4T008898,48.569042,-45.729405,LRG,0.36982599,1.0000,false
V4T008899,58.340528,-48.245781,LRG,0.36837060,1.0000,false
V4T008900,345.662485,-29.148469,ELG,0.37894587,1.0000,false
V4T008901,56.442667,-40.019628,QSO,0.16758221,1.7000,false
V4T008902,352.286596,-16.489209,ELG,0.49367687,1.0000,false
V4T008903,344.246829,-26.534016,ELG,0.35797597,1.0000,false
V4T008904,33.495622,-46.619796,BGS,1.20794100,0.4500,false
V4T008905,39.609248,-42.983716,BGS,1.33156414,0.4500,false
V4T008906,352.372509,-29.193954,ELG,0.34117026,1.0000,false
V4T008907,38.571908,-33.564664,ELG,0.85436995,1.0000,false
V4T008908,50.619651,-40.546338,ELG,0.62026111,1.0000,false
V4T008909,39.371743,-61.706270,BGS,1.84999733,0.4500,false
V4T008910,358.328847,-18.924917,BGS,0.89138201,0.4500,false
V4T008911,355.029592,-24.452303,LRG,0.22332238,1.0000,false
V4T008912,32.998666,-45.366836,BGS,2.14316811,0.4500,false
V4T008913,23.024073,-45.285756,BGS,1.46455676,0.4500,false
V4T008914,341.447471,-19.065627,LRG,0.20927994,1.0000,false
V4T008915,348.009391,-23.140063,Star,4.57533390,0.3000,false
V4T008916,339.150991,-25.202381,LRG,0.53335416,1.0000,false
V4T008917,50.114126,-38.185966,Star,4.82311330,0.3000,false
V4T008918,34.441767,-49.688284,BGS,1.07105397,0.4500,false
V4T008919,351.352384,-30.217689,ELG,0.57054814,1.0000,false
V4T008920,37.092883,-61.226249,BGS,0.89666278,0.4500,false
V4T008921,346.315628,-28.511025,QSO,0.09839764,1.7000,false
V4T008922,25.126592,-56.741799,QSO,0.37627109,1.7000,false
V4T008923,348.297344,-19.730887,ELG,0.29646285,1.0000,false
V4T008924,39.933197,-38.411930,ELG,0.41070575,1.0000,false
V4T008925,48.682185,-60.017291,QSO,0.32989078,1.7000,false
V4T008926,353.417972,-32.386843,BGS,2.50604328,0.4500,false
V4T008927,353.420640,-18.123270,BGS,1.18027386,0.4500,false
V4T008928,46.450863,-49.952245,ELG,0.33716689,1.0000,false
V4T008929,46.998939,-59.611982,ELG,0.58125862,1.0000,false
V4T008930,339.616721,-24.535370,ELG,0.46915772,1.0000,false
V4T008931,43.142249,-54.122770,ELG,0.51150799,1.0000,false
V4T008932,36.292199,-48.763009,ELG,0.68040764,1.0000,false
V4T008933,27.674999,-35.132151,ELG,0.52071444,1.0000,false
V4T008934,357.405684,-21.675296,LRG,0.54727831,1.0000,false
V4T008935,0.308326,-19.445209,ELG,0.54940286,1.0000,false
V4T008936,350.681979,-31.529023,ELG,1.08184095,1.0000,false
V4T008937,348.392943,-20.326015,QSO,0.18379002,1.7000,false
V4T008938,352.140548,-29.186283,ELG,0.31168648,1.0000,false
V4T008939,2.901157,-30.057674,LRG,0.39099072,1.0000,false
V4T008940,30.929016,-50.850955,ELG,0.82871107,1.0000,false
V4T008941,45.965214,-39.807135,BGS,0.83003848,0.4500,false
V4T008942,27.033148,-52.320436,ELG,0.93748050,1.0000,false
V4T008943,354.903606,-25.819702,Star,3.69978258,0.3000,false
V4T008944,346.737641,-25.487861,QSO,0.31787091,1.7000,false
V4T008945,26.801435,-60.003808,QSO,0.13592478,1.7000,false
V4T008946,44.181564,-36.581124,QSO,0.14939993,1.7000,false
V4T008947,345.889151,-23.285664,QSO,0.21388398,1.7000,false
V4T008948,356.851596,-33.423646,BGS,2.21982232,0.4500,false
V4T008949,344.838730,-18.029454,LRG,0.23485013,1.0000,false
V4T008950,25.777349,-39.518115,LRG,0.20766355,1.0000,false
V4T008951,341.007298,-33.065026,LRG,0.29078546,1.0000,true
V4T008952,347.792395,-33.518564,ELG,0.37651994,1.0000,false
V4T008953,346.241678,-17.955483,LRG,0.41370151,1.0000,false
V4T008954,37.678879,-51.029158,BGS,1.58692863,0.4500,false
V4T008955,55.252568,-53.819745,ELG,0.45122826,1.0000,false
V4T008956,341.231435,-23.760113,BGS,1.20309715,0.4500,false
V4T008957,18.941518,-45.637896,LRG,0.36378783,1.0000,false
V4T008958,29.639066,-37.422890,ELG,0.22592398,1.0000,false
V4T008959,33.488665,-34.190754,QSO,0.20414541,1.7000,false
V4T008960,27.838779,-42.434383,Star,5.57599600,0.3000,false
V4T008961,45.557003,-32.114704,LRG,0.25476314,1.0000,false
V4T008962,57.156854,-41.409609,ELG,0.15827374,1.0000,false
V4T008963,352.244433,-18.995490,BGS,0.79138106,0.4500,false
V4T008964,30.949380,-54.305137,BGS,1.25706783,0.4500,false
V4T008965,37.488847,-31.927616,ELG,0.89824674,1.0000,false
V4T008966,36.932343,-31.724172,BGS,0.78945074,0.4500,false
V4T008967,350.980268,-23.589671,BGS,1.23134902,0.4500,false
V4T008968,18.854077,-46.970985,BGS,1.32173381,0.4500,false
V4T008969,19.681905,-45.444282,ELG,0.64612847,1.0000,false
V4T008970,346.197483,-27.780779,Star,3.05707111,0.3000,false
V4T008971,345.102079,-21.517693,ELG,1.21456323,1.0000,false
V4T008972,345.097471,-28.473715,LRG,0.42071723,1.0000,false
V4T008973,26.993129,-39.124195,QSO,0.29898191,1.7000,false
V4T008974,353.686236,-27.344764,ELG,0.63276391,1.0000,false
V4T008975,27.924424,-41.454617,ELG,0.41342242,1.0000,true
V4T008976,357.681349,-26.436819,LRG,0.67470169,1.0000,false
V4T008977,40.698991,-35.675491,ELG,0.99619695,1.0000,false
V4T008978,348.261154,-33.762288,BGS,1.53129406,0.4500,false
V4T008979,42.781764,-33.093412,BGS,2.30854563,0.4500,false
V4T008980,53.496911,-51.366258,LRG,0.25906906,1.0000,false
V4T008981,37.066598,-33.542035,BGS,1.78834771,0.4500,false
V4T008982,2.064629,-29.010538,QSO,0.17603221,1.7000,false
V4T008983,19.771447,-56.399140,Star,5.26289291,0.3000,false
V4T008984,339.095905,-30.767915,ELG,0.28842052,1.0000,false
V4T008985,23.280449,-45.982643,Star,4.00324178,0.3000,true
V4T008986,46.110529,-59.275115,BGS,1.26566149,0.4500,false
V4T008987,350.225810,-31.859999,BGS,1.44300803,0.4500,false
V4T008988,34.387808,-57.469661,BGS,1.19574833,0.4500,false
V4T008989,45.531117,-44.751670,ELG,0.63825497,1.0000,true
V4T008990,355.704044,-26.579937,BGS,1.16124875,0.4500,false
V4T008991,44.320351,-36.710665,BGS,1.53879266,0.4500,false
V4T008992,29.029255,-54.388101,ELG,0.34074741,1.0000,false
V4T008993,32.714612,-33.725612,QSO,0.07390226,1.7000,false
V4T008994,50.548923,-52.971633,ELG,0.90928623,1.0000,false
V4T008995,350.186859,-37.896807,LRG,0.53394611,1.0000,false
V4T008996,15.293769,-49.675696,LRG,0.24607315,1.0000,false
V4T008997,26.220466,-51.876159,Star,3.12298782,0.3000,false
V4T008998,359.095105,-28.690032,BGS,1.86425404,0.4500,false
V4T008999,355.927181,-26.526993,QSO,0.18117512,1.7000,false
V4T009000,58.089064,-49.223274,LRG,0.40894598,1.0000,false
V4T009001,351.122451,-16.644855,LRG,0.30511383,1.0000,false
V4T009002,352.540335,-27.041356,BGS,0.77010538,0.4500,false
V4T009003,0.997228,-19.917540,QSO,0.25304704,1.7000,false
V4T009004,35.844730,-41.443915,ELG,0.34671346,1.0000,false
V4T009005,48.053144,-41.118105,ELG,0.71011990,1.0000,false
V4T009006,52.509155,-57.046104,BGS,1.10811484,0.4500,false
V4T009007,31.053740,-34.652479,BGS,1.19334403,0.4500,false
V4T009008,33.012721,-32.655662,BGS,1.88582934,0.4500,false
V4T009009,345.699789,-17.531889,ELG,0.44179127,1.0000,false
V4T009010,46.797639,-48.444108,ELG,1.47451369,1.0000,false
V4T009011,21.535706,-57.523993,ELG,0.53516578,1.0000,false
V4T009012,36.464474,-41.542847,LRG,0.24252675,1.0000,false
V4T009013,339.093310,-23.832135,ELG,0.47303848,1.0000,false
V4T009014,28.027193,-50.375980,QSO,0.23933895,1.7000,false
V4T009015,34.445175,-49.318149,BGS,0.99519225,0.4500,false
V4T009016,349.197158,-33.418073,LRG,0.31953200,1.0000,false
V4T009017,39.334226,-31.774824,QSO,0.11130979,1.7000,false
V4T009018,56.271454,-53.896050,BGS,0.59596692,0.4500,false
V4T009019,58.638962,-41.984217,ELG,0.47820853,1.0000,false
V4T009020,352.806930,-35.891618,LRG,0.50942053,1.0000,false
V4T009021,25.023138,-51.449370,LRG,0.39884661,1.0000,false
V4T009022,356.329242,-24.864638,QSO,0.32841132,1.7000,false
V4T009023,50.112512,-42.235957,Star,6.26885055,0.3000,false
V4T009024,351.795302,-21.458876,ELG,1.67439389,1.0000,false
V4T009025,40.161070,-43.770906,QSO,0.12479912,1.7000,false
V4T009026,33.820030,-61.937101,BGS,1.14416392,0.4500,false
V4T009027,45.646730,-52.561956,LRG,0.43580499,1.0000,false
V4T009028,343.616730,-19.807608,ELG,0.49812730,1.0000,false
V4T009029,21.895244,-40.313089,LRG,0.41380734,1.0000,false
V4T009030,47.345761,-59.924607,BGS,1.15334769,0.4500,false
V4T009031,341.209302,-16.776486,ELG,0.86212173,1.0000,false
V4T009032,45.660315,-32.443698,ELG,0.50032294,1.0000,false
V4T009033,346.633266,-37.330222,BGS,1.48144087,0.4500,false
V4T009034,35.030537,-39.910967,LRG,0.40428600,1.0000,false
V4T009035,350.901915,-23.442478,BGS,1.91072996,0.4500,false
V4T009036,0.687390,-30.078979,BGS,0.85461709,0.4500,false
V4T009037,359.667599,-35.849573,ELG,0.51901502,1.0000,false
V4T009038,345.686434,-38.982236,LRG,0.38605250,1.0000,false
V4T009039,359.350943,-29.292563,BGS,1.08276695,0.4500,false
V4T009040,24.122853,-51.597551,QSO,0.16435372,1.7000,false
V4T009041,343.834583,-20.585582,LRG,0.58280340,1.0000,false
V4T009042,33.046231,-44.597856,Star,2.96395058,0.3000,false
V4T009043,26.898885,-49.828528,QSO,0.09030289,1.7000,false
V4T009044,30.911201,-37.914861,ELG,1.02042697,1.0000,false
V4T009045,350.157065,-29.240235,BGS,1.25884424,0.4500,false
V4T009046,26.891827,-59.301670,ELG,0.30514654,1.0000,false
V4T009047,348.610531,-31.845300,Star,3.96254718,0.3000,false
V4T009048,50.785544,-46.662736,Star,5.71612436,0.3000,false
V4T009049,346.233023,-17.248472,LRG,0.29732220,1.0000,false
V4T009050,356.490491,-26.757767,QSO,0.15580003,1.7000,false
V4T009051,337.873492,-19.404922,ELG,0.41825024,1.0000,false
V4T009052,28.179129,-53.587696,ELG,0.30948042,1.0000,false
V4T009053,52.141979,-57.605968,BGS,1.64962337,0.4500,false
V4T009054,28.660199,-35.767579,ELG,0.72719076,1.0000,false
V4T009055,0.524651,-20.001983,ELG,0.83299125,1.0000,false
V4T009056,54.308131,-37.301066,QSO,0.09378679,1.7000,false
V4T009057,44.815203,-52.923679,BGS,1.76305607,0.4500,true
V4T009058,344.389576,-35.956980,ELG,0.35852409,1.0000,false
V4T009059,337.346625,-27.485929,LRG,0.26823184,1.0000,false
V4T009060,26.589387,-56.098429,QSO,0.35824791,1.7000,false
V4T009061,32.198082,-39.978748,BGS,1.16303490,0.4500,false
V4T009062,343.689345,-26.537176,QSO,0.26389471,1.7000,false
V4T009063,40.176588,-53.487365,BGS,1.08112084,0.4500,false
V4T009064,342.782037,-34.440158,BGS,1.42974987,0.4500,false
V4T009065,341.269519,-32.958752,QSO,0.16360241,1.7000,false
V4T009066,48.297892,-45.518149,ELG,0.39476829,1.0000,false
V4T009067,345.638077,-25.421224,ELG,0.68449100,1.0000,false
V4T009068,38.061120,-31.520655,ELG,0.97002725,1.0000,false
V4T009069,346.840897,-17.281169,BGS,1.04201312,0.4500,false
V4T009070,343.841053,-21.374321,ELG,0.68857914,1.0000,false
V4T009071,0.634160,-31.152298,LRG,0.34072865,1.0000,false
V4T009072,26.376399,-50.311824,QSO,0.15406988,1.7000,false
V4T009073,54.877761,-47.337789,ELG,0.65765611,1.0000,false
V4T009074,348.520953,-30.856990,BGS,1.14900094,0.4500,false
V4T009075,346.265261,-16.850835,BGS,1.16340876,0.4500,false
V4T009076,342.695651,-18.498429,BGS,0.94088775,0.4500,false
V4T009077,352.566988,-32.484457,ELG,0.76392612,1.0000,false
V4T009078,4.553790,-26.243032,LRG,0.38814313,1.0000,false
V4T009079,344.634081,-15.613906,Star,4.94718122,0.3000,false
V4T009080,0.701105,-30.034642,LRG,0.29678951,1.0000,false
V4T009081,25.160744,-51.625309,BGS,1.75554595,0.4500,false
V4T009082,30.560762,-53.396205,ELG,0.37824053,1.0000,false
V4T009083,38.233780,-43.449801,BGS,0.94996178,0.4500,false
V4T009084,30.641912,-53.519731,QSO,0.14230040,1.7000,false
V4T009085,350.880570,-29.784680,BGS,2.11804137,0.4500,false
V4T009086,41.747656,-61.537761,QSO,0.20230668,1.7000,false
V4T009087,0.122556,-23.040125,ELG,0.85475355,1.0000,false
V4T009088,345.010680,-22.142648,ELG,0.98204910,1.0000,false
V4T009089,0.631263,-19.021912,BGS,0.95852461,0.4500,false
V4T009090,338.002265,-29.782418,ELG,0.55375122,1.0000,false
V4T009091,30.074460,-52.868307,BGS,1.36749614,0.4500,false
V4T009092,25.712250,-44.517606,ELG,0.40603495,1.0000,false
V4T009093,24.245349,-54.120282,ELG,0.49574081,1.0000,false
V4T009094,356.555880,-21.225679,LRG,0.25675750,1.0000,false
V4T009095,352.424396,-29.088247,ELG,0.49450882,1.0000,false
V4T009096,44.537653,-46.655289,Star,4.19277964,0.3000,false
V4T009097,341.215972,-20.572161,Star,3.57974463,0.3000,false
V4T009098,349.203116,-39.969024,QSO,0.29221807,1.7000,false
V4T009099,341.293894,-33.953023,QSO,0.30151266,1.7000,false
V4T009100,57.343013,-39.712272,QSO,0.15882474,1.7000,false
V4T009101,56.829647,-54.230224,ELG,0.60437802,1.0000,false
V4T009102,20.127924,-41.189422,ELG,0.83222980,1.0000,true
V4T009103,346.045904,-17.395175,ELG,0.48624056,1.0000,false
V4T009104,346.860233,-31.978666,ELG,0.72162359,1.0000,true
V4T009105,36.142809,-40.668877,QSO,0.29615809,1.7000,false
V4T009106,338.918862,-25.609925,ELG,0.38165698,1.0000,false
V4T009107,346.165710,-18.370314,Star,5.27172484,0.3000,false
V4T009108,351.267135,-21.148367,LRG,0.36379160,1.0000,false
V4T009109,29.511547,-59.960710,ELG,0.34686911,1.0000,false
V4T009110,54.479386,-55.397617,BGS,1.52337827,0.4500,false
V4T009111,352.241348,-24.374058,LRG,0.35894070,1.0000,false
V4T009112,343.158079,-26.514611,ELG,1.19096887,1.0000,false
V4T009113,17.485874,-42.467510,ELG,1.08895269,1.0000,false
V4T009114,55.100389,-39.890697,BGS,1.13933224,0.4500,false
V4T009115,345.685191,-28.736097,LRG,0.23584546,1.0000,false
V4T009116,47.437826,-51.614998,QSO,0.34119480,1.7000,false
V4T009117,40.721129,-54.316894,ELG,0.29660928,1.0000,false
V4T009118,352.405496,-18.788596,ELG,0.75911737,1.0000,false
V4T009119,28.225928,-54.187753,ELG,0.22556486,1.0000,false
V4T009120,355.570953,-34.422536,ELG,0.87460692,1.0000,true
V4T009121,340.277405,-29.444839,LRG,0.56097042,1.0000,false
V4T009122,346.735580,-27.336383,BGS,1.53906387,0.4500,false
V4T009123,336.383766,-30.030948,ELG,0.67968522,1.0000,false
V4T009124,40.542173,-34.906217,LRG,0.35900373,1.0000,false
V4T009125,340.294169,-32.736700,ELG,0.66874692,1.0000,false
V4T009126,346.614099,-16.398200,LRG,0.79055666,1.0000,false
V4T009127,340.458794,-34.021132,ELG,0.57341909,1.0000,false
V4T009128,47.499208,-51.682060,ELG,0.26315722,1.0000,false
V4T009129,31.591674,-45.672192,LRG,0.41199606,1.0000,false
V4T009130,52.936017,-46.884370,LRG,0.24128573,1.0000,false
V4T009131,37.893710,-34.656162,ELG,0.60228607,1.0000,false
V4T009132,0.667656,-19.338544,ELG,0.46125348,1.0000,false
V4T009133,340.333356,-20.571125,LRG,0.34402561,1.0000,false
V4T009134,36.910108,-40.779141,LRG,0.56299283,1.0000,false
V4T009135,0.180245,-35.431997,BGS,1.36638942,0.4500,false
V4T009136,353.748350,-28.480297,LRG,0.32828206,1.0000,false
V4T009137,356.826595,-20.339681,ELG,0.65098170,1.0000,false
V4T009138,342.685765,-26.076778,BGS,0.86297444,0.4500,false
V4T009139,359.149487,-19.043458,QSO,0.54404639,1.7000,false
V4T009140,36.297274,-53.135458,ELG,0.23484647,1.0000,false
V4T009141,352.097622,-32.387379,ELG,0.45369605,1.0000,false
V4T009142,28.496716,-51.737556,BGS,1.17071594,0.4500,false
V4T009143,353.550734,-28.480407,LRG,0.40126263,1.0000,false
V4T009144,343.883150,-25.865163,LRG,0.58222764,1.0000,false
V4T009145,50.296608,-41.634764,ELG,0.30774487,1.0000,false
V4T009146,345.777886,-17.929101,LRG,0.30391170,1.0000,false
V4T009147,37.274974,-33.052928,BGS,1.42145651,0.4500,false
V4T009148,57.696109,-50.551295,BGS,1.91413258,0.4500,false
V4T009149,44.637441,-49.289244,ELG,0.57307932,1.0000,true
V4T009150,352.397770,-26.967042,BGS,1.36639689,0.4500,false
V4T009151,28.819407,-58.621140,ELG,0.58722408,1.0000,false
V4T009152,41.611454,-33.677442,LRG,0.31516663,1.0000,false
V4T009153,353.092657,-22.970873,Star,3.18033707,0.3000,false
V4T009154,340.692855,-33.190763,ELG,0.58058621,1.0000,false
V4T009155,345.431441,-28.666406,BGS,0.82852390,0.4500,false
V4T009156,37.382654,-34.142153,ELG,0.66273076,1.0000,false
V4T009157,346.288303,-38.955483,LRG,0.28709188,1.0000,false
V4T009158,24.544025,-42.046142,ELG,0.39609806,1.0000,false
V4T009159,46.624342,-33.912482,ELG,0.28949877,1.0000,false
V4T009160,353.066583,-26.249656,QSO,0.31401360,1.7000,false
V4T009161,346.101833,-17.894449,BGS,0.98824420,0.4500,false
V4T009162,2.918378,-32.926275,BGS,0.90084116,0.4500,false
V4T009163,343.986423,-26.443771,QSO,0.20417255,1.7000,false
V4T009164,41.792551,-46.094235,LRG,0.68189033,1.0000,true
V4T009165,22.100467,-53.120937,ELG,0.58473205,1.0000,false
V4T009166,28.132195,-38.305476,BGS,1.67843852,0.4500,false
V4T009167,337.081983,-29.590747,ELG,0.58999407,1.0000,false
V4T009168,347.129686,-31.986208,LRG,0.32656266,1.0000,false
V4T009169,28.018672,-51.139158,ELG,0.62459834,1.0000,false
V4T009170,52.772652,-39.939618,ELG,0.35489146,1.0000,false
V4T009171,345.212430,-28.809464,ELG,0.39386323,1.0000,false
V4T009172,45.137542,-45.466718,ELG,0.73490701,1.0000,false
V4T009173,347.525874,-31.246303,LRG,0.54285444,1.0000,true
V4T009174,28.672731,-53.268566,BGS,1.15390368,0.4500,false
V4T009175,51.533599,-39.262744,BGS,1.47660004,0.4500,false
V4T009176,342.275884,-32.966670,ELG,0.61404392,1.0000,false
V4T009177,30.658087,-50.048109,ELG,0.68345542,1.0000,false
V4T009178,345.429211,-19.696639,ELG,0.52537181,1.0000,false
V4T009179,1.463957,-20.642422,ELG,0.43568150,1.0000,false
V4T009180,56.295414,-53.751596,ELG,0.57325312,1.0000,false
V4T009181,42.334758,-33.993519,BGS,0.75300631,0.4500,false
V4T009182,352.456105,-28.405000,LRG,0.29031378,1.0000,false
V4T009183,27.377486,-51.652556,ELG,0.59507079,1.0000,false
V4T009184,50.020089,-54.549287,BGS,3.09928497,0.4500,false
V4T009185,24.691210,-58.863324,BGS,2.18804368,0.4500,false
V4T009186,35.627251,-40.460254,QSO,0.09862417,1.7000,true
V4T009187,17.501152,-49.613756,LRG,0.36129709,1.0000,false
V4T009188,47.633370,-43.368436,QSO,0.15664917,1.7000,false
V4T009189,354.875686,-21.739333,ELG,0.54301853,1.0000,false
V4T009190,345.963901,-37.717516,QSO,0.13474848,1.7000,false
V4T009191,50.365792,-40.299155,ELG,0.31235544,1.0000,false
V4T009192,44.009567,-48.855008,BGS,0.72505564,0.4500,false
V4T009193,55.010189,-52.033309,ELG,1.07797154,1.0000,false
V4T009194,49.271393,-41.508507,BGS,1.26666385,0.4500,false
V4T009195,51.660638,-54.459554,ELG,0.55256703,1.0000,false
V4T009196,339.583608,-22.600769,QSO,0.15924028,1.7000,false
V4T009197,25.932253,-37.629391,QSO,0.15856950,1.7000,false
V4T009198,43.664073,-37.445921,QSO,0.39336409,1.7000,false
V4T009199,36.150896,-35.148369,BGS,1.23974195,0.4500,false
V4T009200,340.493976,-31.617090,Star,3.97801830,0.3000,false
V4T009201,35.955460,-40.384812,LRG,0.49024714,1.0000,false
V4T009202,358.552719,-26.061806,ELG,0.53969732,1.0000,false
V4T009203,336.713555,-22.454147,ELG,0.44449228,1.0000,false
V4T009204,37.919442,-31.751309,LRG,0.34615999,1.0000,false
V4T009205,336.761594,-22.230558,BGS,1.04976805,0.4500,false
V4T009206,342.607882,-36.303666,LRG,0.18418357,1.0000,false
V4T009207,359.885709,-19.470765,BGS,1.62157525,0.4500,false
V4T009208,341.299426,-32.776783,ELG,0.52601065,1.0000,false
V4T009209,25.817234,-52.241781,Star,3.25588252,0.3000,false
V4T009210,353.833931,-19.766538,BGS,1.66307165,0.4500,false
V4T009211,16.063336,-52.869787,ELG,0.86838601,1.0000,false
V4T009212,50.155156,-42.905089,BGS,1.22643889,0.4500,false
V4T009213,345.781174,-17.485117,ELG,1.02502143,1.0000,false
V4T009214,38.279055,-45.113756,BGS,1.62137082,0.4500,false
V4T009215,0.350546,-18.961036,LRG,0.78355069,1.0000,false
V4T009216,339.417917,-22.204993,BGS,1.83929604,0.4500,false
V4T009217,339.863511,-33.249162,ELG,0.71017404,1.0000,false
V4T009218,30.284145,-54.179454,ELG,0.41250552,1.0000,false
V4T009219,36.097262,-40.959661,QSO,0.10453383,1.7000,false
V4T009220,39.137689,-43.791599,QSO,0.08263239,1.7000,false
V4T009221,356.480048,-25.550241,BGS,1.73978192,0.4500,false
V4T009222,348.649800,-30.452278,ELG,0.84323309,1.0000,false
V4T009223,357.295582,-27.887007,BGS,1.06352896,0.4500,false
V4T009224,358.683350,-31.106595,LRG,0.21761220,1.0000,true
V4T009225,359.885227,-19.909217,BGS,1.63622514,0.4500,false
V4T009226,32.089526,-57.800040,ELG,0.31828852,1.0000,false
V4T009227,56.021402,-54.916541,ELG,0.57121257,1.0000,false
V4T009228,348.876744,-31.507663,Star,3.04840855,0.3000,false
V4T009229,356.015181,-20.764655,LRG,0.38178064,1.0000,false
V4T009230,50.158085,-41.256823,ELG,0.46552963,1.0000,false
V4T009231,54.248472,-53.720673,LRG,0.37265244,1.0000,false
V4T009232,52.087004,-43.185031,BGS,0.93295707,0.4500,false
V4T009233,35.272880,-39.298540,LRG,0.34760865,1.0000,false
V4T009234,340.962229,-33.864541,QSO,0.24406619,1.7000,false
V4T009235,55.343039,-54.529853,ELG,0.67850034,1.0000,false
V4T009236,342.425432,-22.837502,ELG,1.01887781,1.0000,false
V4T009237,353.609989,-26.758814,LRG,0.23537782,1.0000,false
V4T009238,31.886177,-35.233221,QSO,0.11208178,1.7000,false
V4T009239,53.812994,-46.727694,ELG,0.56426644,1.0000,false
V4T009240,54.537482,-36.706383,LRG,0.85564960,1.0000,false
V4T009241,353.905797,-33.475271,QSO,0.19928073,1.7000,false
V4T009242,347.249837,-39.379359,BGS,1.31420519,0.4500,false
V4T009243,353.197683,-23.160323,LRG,0.39770473,1.0000,false
V4T009244,32.207973,-36.061949,ELG,0.74219598,1.0000,false
V4T009245,337.630103,-31.499838,BGS,1.43288234,0.4500,false
V4T009246,337.595953,-30.668910,QSO,0.24333101,1.7000,false
V4T009247,37.146364,-31.517520,BGS,0.79087369,0.4500,false
V4T009248,36.291318,-34.361479,ELG,0.56062547,1.0000,false
V4T009249,341.219788,-33.317364,BGS,1.10625109,0.4500,false
V4T009250,345.134307,-28.604336,LRG,0.25380661,1.0000,false
V4T009251,52.721823,-49.534846,LRG,0.48446109,1.0000,false
V4T009252,36.709572,-50.757302,ELG,0.52740227,1.0000,false
V4T009253,50.469488,-44.438380,LRG,0.24675217,1.0000,false
V4T009254,51.263336,-46.529498,LRG,0.32136563,1.0000,false
V4T009255,352.080873,-21.471044,Star,3.97549638,0.3000,false
V4T009256,351.542397,-26.518733,BGS,1.59262235,0.4500,false
V4T009257,337.674678,-27.634184,ELG,0.48454244,1.0000,false
V4T009258,353.074552,-25.503830,ELG,0.72997109,1.0000,false
V4T009259,30.003579,-45.022923,Star,3.86648339,0.3000,false
V4T009260,35.909328,-41.310239,BGS,1.47702439,0.4500,false
V4T009261,336.992115,-31.394990,ELG,0.59697242,1.0000,false
V4T009262,354.421040,-18.356139,BGS,2.41010853,0.4500,false
V4T009263,354.450666,-23.588323,ELG,0.19317714,1.0000,true
V4T009264,37.195359,-41.617239,ELG,0.70862317,1.0000,false
V4T009265,358.657419,-18.006557,Star,5.09975455,0.3000,false
V4T009266,0.418489,-18.862768,ELG,0.64629766,1.0000,false
V4T009267,355.417809,-19.223057,ELG,0.45505745,1.0000,false
V4T009268,45.280654,-39.465269,BGS,1.03700543,0.4500,false
V4T009269,339.174904,-28.267174,ELG,0.41475617,1.0000,false
V4T009270,359.230003,-24.048466,LRG,0.24410513,1.0000,false
V4T009271,0.699007,-31.517936,LRG,0.18048823,1.0000,false
V4T009272,2.576600,-31.194125,Star,4.18147650,0.3000,false
V4T009273,338.587310,-29.154346,ELG,0.43101427,1.0000,false
V4T009274,46.854233,-39.226678,ELG,0.58539579,1.0000,false
V4T009275,36.628541,-48.943134,QSO,0.08329084,1.7000,true
V4T009276,56.416931,-45.275026,BGS,1.23859331,0.4500,false
V4T009277,56.687276,-54.458230,ELG,0.41316572,1.0000,false
V4T009278,341.237419,-33.411561,ELG,0.61298325,1.0000,false
V4T009279,49.434363,-47.236708,Star,3.94940431,0.3000,false
V4T009280,18.595352,-53.959213,LRG,0.35209218,1.0000,false
V4T009281,338.283955,-31.182464,ELG,0.36609994,1.0000,false
V4T009282,35.244571,-35.530772,BGS,1.82344600,0.4500,false
V4T009283,22.835796,-54.975137,ELG,1.11762073,1.0000,false
V4T009284,27.229485,-51.960622,QSO,0.19758420,1.7000,false
V4T009285,345.189574,-27.609931,BGS,1.55598892,0.4500,false
V4T009286,38.433409,-45.816628,QSO,0.19128614,1.7000,false
V4T009287,353.044849,-38.904055,LRG,0.37863145,1.0000,false
V4T009288,36.341066,-46.489523,LRG,0.42389274,1.0000,false
V4T009289,352.462254,-28.469713,ELG,0.93287254,1.0000,false
V4T009290,351.974960,-28.401132,BGS,1.11601357,0.4500,false
V4T009291,337.452492,-30.260131,QSO,0.27503308,1.7000,false
V4T009292,37.936702,-31.794665,ELG,0.42320225,1.0000,false
V4T009293,50.112431,-52.986363,BGS,1.98015356,0.4500,false
V4T009294,341.047846,-32.794458,QSO,0.17615012,1.7000,false
V4T009295,17.311427,-57.557795,ELG,0.48873844,1.0000,false
V4T009296,356.777616,-26.785311,QSO,0.10926777,1.7000,false
V4T009297,43.352338,-33.978408,ELG,0.48539560,1.0000,false
V4T009298,49.834367,-42.477030,BGS,1.44967560,0.4500,false
V4T009299,26.269685,-39.756134,LRG,0.34022830,1.0000,false
V4T009300,49.743980,-40.614971,QSO,0.10187321,1.7000,false
V4T009301,37.081672,-31.940843,ELG,0.57500605,1.0000,false
V4T009302,24.843642,-52.787379,QSO,0.19677043,1.7000,false
V4T009303,340.813846,-32.786904,ELG,0.74205666,1.0000,false
V4T009304,39.024212,-49.230216,ELG,1.02098269,1.0000,false
V4T009305,345.811519,-34.846191,BGS,1.33044158,0.4500,false
V4T009306,27.331969,-53.907678,BGS,2.18993714,0.4500,false
V4T009307,23.921721,-38.609444,ELG,0.53476214,1.0000,false
V4T009308,347.888165,-16.960543,LRG,0.28541701,1.0000,true
V4T009309,352.587498,-28.316988,ELG,0.88845759,1.0000,false
V4T009310,36.648219,-41.374985,LRG,0.63751912,1.0000,false
V4T009311,356.514409,-26.748573,LRG,0.24622078,1.0000,false
V4T009312,32.304639,-46.028222,BGS,2.20843978,0.4500,false
V4T009313,36.196063,-41.552855,LRG,0.43143654,1.0000,false
V4T009314,355.093965,-18.092662,ELG,0.68116886,1.0000,false
V4T009315,37.509253,-57.609395,ELG,0.75641906,1.0000,false
V4T009316,340.537991,-26.888563,Star,2.92938846,0.3000,false
V4T009317,347.841135,-23.042459,BGS,0.90459103,0.4500,false
V4T009318,4.742385,-24.885785,ELG,0.50407503,1.0000,false
V4T009319,349.004913,-35.345995,BGS,1.41810897,0.4500,false
V4T009320,44.334825,-34.858466,ELG,0.65850099,1.0000,false
V4T009321,49.796338,-53.274654,BGS,1.05450734,0.4500,false
V4T009322,47.174446,-53.569951,ELG,0.42363170,1.0000,false
V4T009323,356.347311,-29.362245,ELG,0.79931456,1.0000,true
V4T009324,352.106223,-30.048485,BGS,0.81289015,0.4500,false
V4T009325,339.025572,-18.866776,ELG,0.71805496,1.0000,false
V4T009326,26.620341,-41.293678,BGS,1.18760792,0.4500,false
V4T009327,54.885483,-54.406085,LRG,0.23973027,1.0000,false
V4T009328,354.524265,-24.064007,Star,3.96091109,0.3000,false
V4T009329,345.334829,-29.566406,ELG,0.37961265,1.0000,false
V4T009330,37.239285,-41.064187,LRG,0.39976101,1.0000,false
V4T009331,30.026718,-54.225006,BGS,0.96849727,0.4500,false
V4T009332,54.333396,-44.738549,ELG,0.67238774,1.0000,false
V4T009333,36.507561,-53.875033,ELG,0.27573903,1.0000,false
V4T009334,347.122656,-20.305679,ELG,0.49748353,1.0000,false
V4T009335,358.891500,-19.093751,ELG,0.56932174,1.0000,false
V4T009336,28.861213,-53.638350,BGS,1.59889657,0.4500,false
V4T009337,47.878832,-47.362411,QSO,0.14012068,1.7000,false
V4T009338,343.118134,-29.653258,ELG,0.65996511,1.0000,false
V4T009339,35.374469,-40.118728,Star,3.04131719,0.3000,false
V4T009340,31.150399,-38.974347,ELG,0.53791081,1.0000,false
V4T009341,341.002079,-17.607859,LRG,0.38114943,1.0000,false
V4T009342,348.915826,-22.148279,LRG,0.21091497,1.0000,false
V4T009343,342.532593,-26.641307,Star,3.15586460,0.3000,false
V4T009344,340.565000,-24.646756,ELG,0.39549861,1.0000,false
V4T009345,48.975000,-32.995481,ELG,0.63406924,1.0000,false
V4T009346,40.254490,-51.123141,ELG,0.28163309,1.0000,false
V4T009347,341.849596,-32.904127,BGS,1.21137315,0.4500,false
V4T009348,34.940447,-39.725130,ELG,0.39192185,1.0000,false
V4T009349,346.038746,-29.958126,ELG,1.90007211,1.0000,false
V4T009350,342.999807,-25.967641,LRG,0.30423083,1.0000,false
V4T009351,48.334539,-36.314881,ELG,0.76454613,1.0000,false
V4T009352,25.664280,-52.093877,LRG,0.86056949,1.0000,false
V4T009353,38.170943,-39.920870,LRG,0.41219045,1.0000,false
V4T009354,353.491035,-34.180773,BGS,1.24166669,0.4500,false
V4T009355,346.234430,-20.340519,QSO,0.07681655,1.7000,false
V4T009356,343.959438,-26.929356,BGS,1.36961022,0.4500,false
V4T009357,45.551154,-39.162098,ELG,0.62600898,1.0000,false
V4T009358,350.279640,-26.078961,BGS,1.21038077,0.4500,false
V4T009359,349.928877,-29.240304,LRG,0.29262627,1.0000,false
V4T009360,343.408138,-26.314138,QSO,0.22349329,1.7000,true
V4T009361,56.277371,-54.824830,LRG,0.39591501,1.0000,true
V4T009362,29.283800,-41.395042,QSO,0.11116759,1.7000,false
V4T009363,50.662100,-41.882287,Star,4.97155508,0.3000,true
V4T009364,345.774717,-18.683269,LRG,0.44193337,1.0000,false
V4T009365,31.672663,-42.479927,QSO,0.14883081,1.7000,false
V4T009366,351.152228,-19.659325,QSO,0.12975122,1.7000,false
V4T009367,355.261693,-37.892222,BGS,1.13437277,0.4500,false
V4T009368,16.342621,-56.241042,BGS,1.63864545,0.4500,false
V4T009369,345.565816,-18.451659,QSO,0.08441890,1.7000,false
V4T009370,3.250797,-31.464787,BGS,1.80044387,0.4500,false
V4T009371,24.449849,-45.263248,ELG,0.83188906,1.0000,false
V4T009372,45.326882,-61.384930,LRG,0.19075311,1.0000,false
V4T009373,25.582671,-51.456462,ELG,0.31660558,1.0000,false
V4T009374,355.143597,-24.035056,ELG,0.30957136,1.0000,false
V4T009375,31.269807,-52.337045,ELG,0.28496486,1.0000,false
V4T009376,48.472444,-48.379654,LRG,0.25153156,1.0000,false
V4T009377,47.787963,-35.603388,QSO,0.02122086,1.7000,false
V4T009378,350.092196,-26.338458,ELG,0.85499571,1.0000,false
V4T009379,55.926539,-54.721953,LRG,0.49984323,1.0000,false
V4T009380,25.106834,-51.543598,LRG,0.38495845,1.0000,false
V4T009381,341.425012,-33.867861,LRG,0.40150271,1.0000,false
V4T009382,340.441743,-33.520587,QSO,0.06946636,1.7000,false
V4T009383,40.735979,-38.323916,BGS,1.80028663,0.4500,false
V4T009384,340.806741,-32.052566,ELG,0.90661137,1.0000,false
V4T009385,34.017621,-50.748428,BGS,1.67811591,0.4500,false
V4T009386,341.487530,-33.251107,ELG,0.51835085,1.0000,false
V4T009387,353.666648,-38.457247,LRG,0.47718864,1.0000,false
V4T009388,342.392484,-23.679339,QSO,0.11686407,1.7000,false
V4T009389,353.526015,-21.337194,Star,7.21049414,0.3000,false
V4T009390,35.982338,-54.478897,ELG,0.62558886,1.0000,false
V4T009391,1.424531,-30.198773,BGS,0.99763007,0.4500,false
V4T009392,343.702797,-27.061791,QSO,0.39484494,1.7000,false
V4T009393,346.863910,-15.881281,QSO,0.15684929,1.7000,false
V4T009394,352.194138,-28.389501,ELG,0.90606788,1.0000,false
V4T009395,56.544330,-43.681914,LRG,0.38665001,1.0000,false
V4T009396,343.544730,-26.547007,Star,4.58404242,0.3000,false
V4T009397,3.528980,-31.226825,ELG,0.65286768,1.0000,false
V4T009398,346.852010,-37.960122,LRG,0.33704704,1.0000,false
V4T009399,345.887099,-17.358664,ELG,0.76239649,1.0000,false
V4T009400,352.295508,-28.669995,BGS,1.91010472,0.4500,false
