target_id,ra_deg,dec_deg,target_class,feature_flux,science_weight,required
V4T000001,29.488086,-46.603293,BGS,1.03059848,0.4500,false
V4T000002,346.461425,-28.680073,LRG,0.21073851,1.0000,false
V4T000003,356.537286,-13.269952,ELG,0.52393828,1.0000,false
V4T000004,348.701196,-26.114275,ELG,0.36282293,1.0000,false
V4T000005,341.965853,-19.504538,BGS,0.78570235,0.4500,false
V4T000006,351.346748,-15.543066,BGS,2.37934957,0.4500,false
V4T000007,51.208341,-44.761652,QSO,0.13304967,1.7000,false
V4T000008,347.915003,-16.119731,BGS,0.66618169,0.4500,false
V4T000009,345.545211,-28.761148,QSO,0.14238840,1.7000,false
V4T000010,354.400190,-21.981487,ELG,0.69414663,1.0000,false
V4T000011,50.339166,-43.678074,LRG,0.26734216,1.0000,false
V4T000012,349.726904,-22.678601,BGS,1.10980545,0.4500,false
V4T000013,29.092147,-54.213971,BGS,1.24348625,0.4500,false
V4T000014,337.254635,-21.677955,LRG,0.78151996,1.0000,false
V4T000015,25.757719,-61.351755,ELG,0.44720264,1.0000,false
V4T000016,39.823251,-48.165546,QSO,0.21100079,1.7000,false
V4T000017,344.463592,-15.010176,ELG,0.34009036,1.0000,false
V4T000018,352.521763,-36.169468,ELG,0.84450468,1.0000,false
V4T000019,350.508459,-21.398962,ELG,0.45588255,1.0000,false
V4T000020,44.733454,-41.155777,ELG,0.46367610,1.0000,false
V4T000021,337.807082,-31.577809,LRG,0.41103243,1.0000,false
V4T000022,36.802961,-36.342569,LRG,0.31012523,1.0000,false
V4T000023,345.780684,-28.316402,Star,5.32695149,0.3000,false
V4T000024,22.490193,-54.412145,ELG,0.28969888,1.0000,false
V4T000025,27.335212,-39.631392,ELG,0.80106040,1.0000,false
V4T000026,358.447949,-26.759922,QSO,0.16347316,1.7000,false
V4T000027,36.667081,-53.653501,BGS,0.76128944,0.4500,false
V4T000028,334.495258,-29.622920,BGS,2.12362475,0.4500,false
V4T000029,345.839273,-27.753547,QSO,0.11864393,1.7000,false
V4T000030,343.126445,-28.022439,QSO,0.13933599,1.7000,false
V4T000031,44.431307,-56.190250,ELG,1.01191950,1.0000,false
V4T000032,356.261115,-34.458701,LRG,0.27006134,1.0000,false
V4T000033,25.355981,-59.498556,BGS,0.86258780,0.4500,false
V4T000034,350.732177,-40.023551,ELG,0.33352903,1.0000,false
V4T000035,358.200630,-24.898864,BGS,1.22071118,0.4500,false
V4T000036,352.335913,-37.524220,ELG,0.41419678,1.0000,false
V4T000037,356.081806,-27.274182,BGS,1.62094100,0.4500,false
V4T000038,346.641240,-20.331281,ELG,0.37144988,1.0000,false
V4T000039,0.238353,-17.769097,ELG,0.56187575,1.0000,false
V4T000040,344.863593,-20.719313,BGS,1.10260939,0.4500,false
V4T000041,354.769317,-12.833846,QSO,0.34575307,1.7000,false
V4T000042,356.950139,-20.497077,LRG,0.26732884,1.0000,false
V4T000043,34.622104,-42.411813,QSO,0.32238034,1.7000,false
V4T000044,355.707236,-34.621223,ELG,0.94504751,1.0000,false
V4T000045,19.748912,-52.637996,BGS,1.29926104,0.4500,false
V4T000046,337.500488,-20.991838,ELG,0.89734909,1.0000,false
V4T000047,347.738498,-35.742599,LRG,0.33931438,1.0000,false
V4T000048,350.573931,-36.821999,ELG,0.45050588,1.0000,false
V4T000049,31.549394,-36.070174,LRG,1.11110181,1.0000,false
V4T000050,350.041864,-34.224283,BGS,1.40795453,0.4500,false
V4T000051,355.309072,-33.794683,BGS,1.19194163,0.4500,false
V4T000052,349.623750,-21.695046,ELG,0.41304557,1.0000,false
V4T000053,3.487472,-24.177453,LRG,0.67481722,1.0000,false
V4T000054,345.706399,-19.938791,LRG,0.77154771,1.0000,false
V4T000055,47.329620,-49.712126,BGS,1.30198814,0.4500,false
V4T000056,342.329950,-24.107174,BGS,1.43393377,0.4500,false
V4T000057,26.380662,-49.252513,QSO,0.16561316,1.7000,false
V4T000058,345.465560,-21.086828,BGS,1.37525942,0.4500,false
V4T000059,1.710178,-18.422742,BGS,1.10557343,0.4500,false
V4T000060,356.801235,-33.464723,QSO,0.26943516,1.7000,false
V4T000061,47.077173,-54.860454,ELG,0.96377022,1.0000,false
V4T000062,37.590591,-62.839134,ELG,0.96787848,1.0000,true
V4T000063,349.691064,-29.290317,ELG,0.38814301,1.0000,false
V4T000064,349.122015,-27.506643,ELG,0.38799163,1.0000,false
V4T000065,351.515744,-36.811312,BGS,2.22669832,0.4500,false
V4T000066,355.144271,-35.107027,LRG,0.24309108,1.0000,false
V4T000067,345.329418,-34.911649,BGS,1.10249890,0.4500,false
V4T000068,357.679432,-26.592137,ELG,0.51017043,1.0000,false
V4T000069,358.632474,-26.114758,LRG,0.25470313,1.0000,false
V4T000070,357.324524,-16.022743,LRG,0.34598675,1.0000,true
V4T000071,351.246269,-38.443520,ELG,0.53063372,1.0000,false
V4T000072,27.060717,-38.557559,QSO,0.04841957,1.7000,false
V4T000073,27.671830,-36.709053,LRG,0.19102726,1.0000,false
V4T000074,355.881460,-24.946741,QSO,0.30676145,1.7000,false
V4T000075,356.585041,-15.082548,ELG,0.38451291,1.0000,false
V4T000076,28.109885,-47.377964,BGS,1.25331435,0.4500,false
V4T000077,358.470769,-38.313491,Star,6.95791531,0.3000,false
V4T000078,345.832081,-16.882802,ELG,0.54904145,1.0000,false
V4T000079,345.932798,-27.895638,LRG,0.50236580,1.0000,false
V4T000080,32.250321,-35.698365,ELG,0.38637814,1.0000,false
V4T000081,354.466037,-31.721720,ELG,0.84732442,1.0000,false
V4T000082,37.727284,-61.052816,QSO,0.06592136,1.7000,false
V4T000083,41.535601,-62.179267,QSO,0.10446007,1.7000,false
V4T000084,355.146464,-32.353684,BGS,1.30928463,0.4500,false
V4T000085,352.935700,-30.837843,LRG,0.43844092,1.0000,false
V4T000086,345.442635,-20.394322,LRG,0.35117685,1.0000,false
V4T000087,52.638162,-52.210185,ELG,0.76027848,1.0000,false
V4T000088,46.674041,-46.559526,ELG,0.78269970,1.0000,false
V4T000089,25.371388,-46.274675,BGS,0.94712150,0.4500,false
V4T000090,38.841836,-37.223364,LRG,0.23670308,1.0000,false
V4T000091,350.136250,-36.699411,LRG,0.27016729,1.0000,false
V4T000092,41.585973,-58.198194,QSO,0.14465682,1.7000,false
V4T000093,357.365656,-28.058844,LRG,0.39339222,1.0000,false
V4T000094,353.026688,-25.914013,BGS,1.48242893,0.4500,false
V4T000095,356.001999,-22.474720,ELG,0.67569131,1.0000,false
V4T000096,48.515609,-55.589221,ELG,0.43841959,1.0000,false
V4T000097,351.018927,-37.271549,LRG,0.43348617,1.0000,false
V4T000098,20.862741,-49.900742,BGS,0.92763324,0.4500,false
V4T000099,30.680914,-42.523840,LRG,0.44773111,1.0000,false
V4T000100,37.385785,-50.809832,QSO,0.11586914,1.7000,false
V4T000101,357.760432,-26.818732,Star,3.83086997,0.3000,false
V4T000102,355.483812,-34.248934,LRG,0.46251572,1.0000,false
V4T000103,24.771219,-47.437811,ELG,0.44407513,1.0000,false
V4T000104,358.813092,-26.824674,Star,4.05865085,0.3000,false
V4T000105,0.779711,-34.079838,ELG,0.61485807,1.0000,false
V4T000106,350.175324,-34.656012,QSO,0.05578430,1.7000,false
V4T000107,338.818460,-19.771975,LRG,0.20739136,1.0000,false
V4T000108,355.023587,-34.982693,BGS,1.24533703,0.4500,false
V4T000109,0.323756,-28.298427,Star,3.10844822,0.3000,false
V4T000110,35.905729,-62.183650,LRG,0.43249313,1.0000,false
V4T000111,36.549806,-44.048149,QSO,0.26534248,1.7000,false
V4T000112,3.186037,-29.019161,ELG,0.38401639,1.0000,false
V4T000113,35.751838,-56.175636,BGS,1.20628904,0.4500,false
V4T000114,352.095254,-21.766346,Star,5.51434190,0.3000,false
V4T000115,50.338493,-43.717777,ELG,0.53529322,1.0000,false
V4T000116,46.214481,-44.841337,BGS,1.11859121,0.4500,false
V4T000117,335.928665,-32.130523,ELG,0.58223901,1.0000,false
V4T000118,356.477580,-23.352968,BGS,1.49005221,0.4500,false
V4T000119,346.646120,-16.663884,LRG,0.40494161,1.0000,false
V4T000120,33.971356,-38.662642,QSO,0.20525170,1.7000,false
V4T000121,42.316613,-57.759454,BGS,0.54461096,0.4500,false
V4T000122,4.168634,-26.758751,BGS,1.63052999,0.4500,false
V4T000123,347.044527,-24.045317,ELG,1.37129836,1.0000,false
V4T000124,47.464458,-48.745623,QSO,0.48920828,1.7000,false
V4T000125,351.958031,-20.119451,BGS,1.56662475,0.4500,false
V4T000126,21.972084,-56.000144,ELG,0.37426466,1.0000,false
V4T000127,36.743389,-44.773186,BGS,1.02819446,0.4500,false
V4T000128,359.776328,-34.853503,BGS,1.58377513,0.4500,false
V4T000129,345.291095,-26.662292,ELG,0.88849823,1.0000,false
V4T000130,48.213360,-40.171658,ELG,0.48906284,1.0000,false
V4T000131,353.906075,-33.996450,LRG,0.32210987,1.0000,false
V4T000132,334.980070,-28.609286,LRG,0.28300262,1.0000,false
V4T000133,48.774080,-42.966937,ELG,0.30737359,1.0000,false
V4T000134,344.963820,-28.617023,ELG,0.34536624,1.0000,false
V4T000135,356.916399,-14.566990,LRG,0.31612678,1.0000,false
V4T000136,348.946949,-21.676557,LRG,0.31175250,1.0000,false
V4T000137,1.481017,-34.656158,QSO,0.37475301,1.7000,false
V4T000138,343.489624,-18.512368,LRG,0.54867090,1.0000,false
V4T000139,343.019701,-16.289148,BGS,0.86784538,0.4500,false
V4T000140,353.860968,-37.717285,Star,4.48287446,0.3000,false
V4T000141,27.754806,-37.895885,ELG,0.53124441,1.0000,false
V4T000142,33.716919,-62.581825,Star,4.10948751,0.3000,false
V4T000143,2.219048,-35.576810,Star,4.48899248,0.3000,false
V4T000144,45.781860,-51.342955,BGS,1.54021959,0.4500,false
V4T000145,36.945613,-59.797985,ELG,0.93427529,1.0000,false
V4T000146,341.531317,-34.575625,ELG,0.38183274,1.0000,false
V4T000147,23.894993,-42.954703,Star,4.59204647,0.3000,false
V4T000148,356.233022,-18.313423,Star,4.92853032,0.3000,false
V4T000149,28.486281,-48.961802,ELG,0.37442835,1.0000,true
V4T000150,345.994402,-28.370622,LRG,0.42817711,1.0000,false
V4T000151,50.528730,-45.306406,ELG,0.56451888,1.0000,false
V4T000152,49.646042,-52.218803,ELG,0.92547728,1.0000,true
V4T000153,343.937840,-14.641643,LRG,0.27091740,1.0000,false
V4T000154,34.452369,-38.547685,QSO,0.17540047,1.7000,false
V4T000155,345.102995,-28.841332,QSO,0.09319911,1.7000,false
V4T000156,350.865280,-12.459791,LRG,0.62977722,1.0000,false
V4T000157,50.008292,-44.638647,BGS,1.93620401,0.4500,false
V4T000158,33.294596,-50.015898,QSO,0.19795111,1.7000,false
V4T000159,354.043339,-13.327067,BGS,0.86359203,0.4500,false
V4T000160,339.984511,-36.666625,BGS,1.65232360,0.4500,false
V4T000161,339.794950,-26.506848,QSO,0.24705258,1.7000,true
V4T000162,345.812895,-20.641184,LRG,0.24959605,1.0000,false
V4T000163,351.201369,-37.135666,BGS,1.09015809,0.4500,false
V4T000164,353.818690,-35.643318,ELG,0.47440463,1.0000,false
V4T000165,355.915202,-24.190863,LRG,0.52301784,1.0000,false
V4T000166,344.285675,-20.626564,ELG,1.12345071,1.0000,true
V4T000167,355.028415,-25.013340,ELG,1.48200761,1.0000,false
V4T000168,23.335660,-43.118802,QSO,0.09161357,1.7000,false
V4T000169,353.283918,-35.069686,BGS,1.97474979,0.4500,false
V4T000170,341.236304,-36.857408,ELG,0.55516039,1.0000,false
V4T000171,34.989566,-50.125294,QSO,0.35790358,1.7000,false
V4T000172,349.688757,-20.419372,ELG,0.50346157,1.0000,false
V4T000173,353.938676,-37.778543,ELG,1.13209192,1.0000,false
V4T000174,343.843237,-16.205719,Star,3.59886535,0.3000,false
V4T000175,348.309172,-35.024176,ELG,0.66179294,1.0000,false
V4T000176,44.119050,-55.974296,ELG,0.77585899,1.0000,false
V4T000177,26.743298,-51.224914,LRG,0.38577208,1.0000,false
V4T000178,33.370056,-62.467836,LRG,0.23411376,1.0000,false
V4T000179,27.968091,-55.469939,LRG,0.59585583,1.0000,false
V4T000180,359.743262,-33.724566,ELG,0.50808535,1.0000,false
V4T000181,349.154705,-38.853056,QSO,0.20049871,1.7000,false
V4T000182,350.988353,-36.181236,BGS,1.15177747,0.4500,false
V4T000183,334.357240,-29.885753,ELG,0.58859586,1.0000,false
V4T000184,340.860295,-24.313777,ELG,0.69193940,1.0000,false
V4T000185,347.886359,-29.228770,LRG,0.37484679,1.0000,false
V4T000186,341.730117,-27.914863,QSO,0.24890448,1.7000,false
V4T000187,353.928010,-38.932383,ELG,0.57714011,1.0000,false
V4T000188,345.613907,-20.162861,ELG,0.46891416,1.0000,false
V4T000189,337.458455,-32.662984,ELG,0.28900611,1.0000,false
V4T000190,33.245375,-37.181461,ELG,0.87470444,1.0000,false
V4T000191,353.343623,-25.520329,QSO,0.06685405,1.7000,false
V4T000192,0.751038,-26.647772,LRG,0.25959586,1.0000,false
V4T000193,346.063293,-27.954878,QSO,0.12578504,1.7000,false
V4T000194,27.205854,-37.049625,QSO,0.18583040,1.7000,false
V4T000195,352.992015,-14.348407,QSO,0.17560512,1.7000,false
V4T000196,32.869073,-36.882232,BGS,1.66511182,0.4500,false
V4T000197,2.813158,-31.594772,ELG,0.65099045,1.0000,false
V4T000198,355.083045,-34.811601,LRG,0.31530782,1.0000,false
V4T000199,357.041764,-23.179026,QSO,0.20766097,1.7000,false
V4T000200,353.895614,-33.877968,BGS,1.43875276,0.4500,false
V4T000201,351.793852,-40.215459,Star,4.06747921,0.3000,false
V4T000202,34.665065,-46.462708,ELG,0.41506855,1.0000,true
V4T000203,35.357043,-38.330140,ELG,0.41622250,1.0000,false
V4T000204,348.769458,-16.427708,Star,4.21592471,0.3000,false
V4T000205,354.553666,-35.133774,LRG,0.20910504,1.0000,false
V4T000206,355.896469,-32.029401,ELG,0.65938212,1.0000,false
V4T000207,41.742581,-49.384597,LRG,0.45253510,1.0000,false
V4T000208,354.660357,-14.565456,QSO,0.37670084,1.7000,false
V4T000209,35.740137,-46.265166,LRG,0.21478062,1.0000,false
V4T000210,354.764955,-38.907850,ELG,0.39941714,1.0000,false
V4T000211,30.054124,-36.240420,Star,3.74406582,0.3000,false
V4T000212,354.471400,-39.367822,QSO,0.11639548,1.7000,false
V4T000213,353.017418,-12.347478,ELG,0.43242208,1.0000,false
V4T000214,353.677409,-15.328075,LRG,0.57301256,1.0000,false
V4T000215,4.148908,-25.221685,QSO,0.26469247,1.7000,false
V4T000216,345.239270,-14.064222,BGS,1.91215404,0.4500,false
V4T000217,351.713117,-25.246220,LRG,0.23935641,1.0000,false
V4T000218,355.264391,-36.650017,ELG,0.51811793,1.0000,false
V4T000219,336.629542,-29.505916,QSO,0.13121892,1.7000,false
V4T000220,41.920613,-61.780455,LRG,0.54998790,1.0000,true
V4T000221,352.932172,-37.362077,ELG,0.41575594,1.0000,true
V4T000222,2.849753,-26.177962,ELG,0.67699105,1.0000,false
V4T000223,345.520458,-20.391404,BGS,0.65634655,0.4500,false
V4T000224,38.480775,-40.618631,LRG,0.23114638,1.0000,false
V4T000225,47.562339,-47.657128,ELG,0.68469697,1.0000,false
V4T000226,355.264807,-34.443102,Star,5.75480385,0.3000,false
V4T000227,352.040267,-15.461655,ELG,0.97625240,1.0000,true
V4T000228,351.526417,-39.110963,BGS,2.32897240,0.4500,false
V4T000229,31.363547,-61.194906,LRG,0.90540350,1.0000,false
V4T000230,359.193266,-26.602194,LRG,0.22005988,1.0000,false
V4T000231,49.542926,-55.035165,QSO,0.13287271,1.7000,false
V4T000232,350.379757,-36.646064,Star,4.30624335,0.3000,false
V4T000233,355.529180,-34.709210,BGS,1.24474172,0.4500,false
V4T000234,352.818003,-19.762741,ELG,0.32177419,1.0000,false
V4T000235,48.518187,-46.787701,Star,5.19681666,0.3000,false
V4T000236,41.099504,-46.397915,ELG,0.51532890,1.0000,false
V4T000237,353.626147,-38.912447,LRG,0.30806712,1.0000,false
V4T000238,347.798070,-23.545242,ELG,0.35610216,1.0000,false
V4T000239,351.810241,-39.673253,BGS,1.15564892,0.4500,false
V4T000240,31.047843,-58.763893,ELG,0.33106756,1.0000,false
V4T000241,347.423997,-31.769218,ELG,0.90749796,1.0000,false
V4T000242,51.697649,-53.923560,ELG,0.57341409,1.0000,false
V4T000243,350.674331,-36.427487,LRG,0.24745239,1.0000,false
V4T000244,348.469604,-25.329284,ELG,0.44101858,1.0000,false
V4T000245,21.971685,-43.304761,ELG,0.46156416,1.0000,false
V4T000246,44.825933,-51.656976,ELG,1.41771777,1.0000,false
V4T000247,29.910495,-39.388198,ELG,0.50905232,1.0000,false
V4T000248,32.395478,-43.162100,LRG,0.31266811,1.0000,true
V4T000249,45.750300,-58.736745,LRG,0.28344643,1.0000,false
V4T000250,33.129191,-36.570471,QSO,0.21241382,1.7000,false
V4T000251,346.043289,-20.781184,LRG,0.35774738,1.0000,false
V4T000252,23.163092,-39.999759,QSO,0.17833685,1.7000,false
V4T000253,1.027317,-23.007078,ELG,0.55719712,1.0000,false
V4T000254,35.149238,-39.168624,BGS,1.43227118,0.4500,false
V4T000255,334.851361,-29.977547,BGS,1.97490027,0.4500,false
V4T000256,354.391655,-39.828448,BGS,0.87584404,0.4500,false
V4T000257,354.623600,-13.050237,Star,4.14356334,0.3000,false
V4T000258,352.703429,-18.654280,LRG,0.55432483,1.0000,false
V4T000259,29.925742,-59.789809,BGS,1.26193705,0.4500,false
V4T000260,355.112379,-35.029793,QSO,0.20990175,1.7000,false
V4T000261,354.416657,-38.540794,QSO,0.33296305,1.7000,true
V4T000262,352.887671,-14.209938,BGS,0.77098619,0.4500,false
V4T000263,41.661267,-42.259132,ELG,0.76747516,1.0000,false
V4T000264,358.700139,-24.282027,BGS,1.21787652,0.4500,false
V4T000265,28.242100,-56.533077,ELG,0.31514344,1.0000,false
V4T000266,340.546347,-34.411378,ELG,0.78708772,1.0000,false
V4T000267,345.726970,-29.041051,ELG,0.76927952,1.0000,false
V4T000268,339.032733,-17.331794,BGS,1.14248663,0.4500,false
V4T000269,49.161216,-44.514832,ELG,0.58489247,1.0000,true
V4T000270,355.972520,-34.477112,ELG,0.45383283,1.0000,false
V4T000271,53.755230,-49.242200,LRG,0.24686589,1.0000,false
V4T000272,351.086687,-22.346790,Star,2.76793848,0.3000,false
V4T000273,22.407379,-55.038346,ELG,0.63009222,1.0000,false
V4T000274,345.430072,-27.825661,ELG,0.32454505,1.0000,false
V4T000275,49.674265,-44.469493,BGS,1.25950782,0.4500,false
V4T000276,341.941470,-24.591568,ELG,0.46996580,1.0000,false
V4T000277,347.605169,-12.136908,Star,4.43377447,0.3000,false
V4T000278,39.185772,-49.182909,QSO,0.29301882,1.7000,false
V4T000279,353.051912,-37.905116,ELG,0.81061952,1.0000,false
V4T000280,355.344106,-34.519271,Star,4.10270274,0.3000,true
V4T000281,353.840800,-35.932360,Star,4.71031489,0.3000,false
V4T000282,3.471553,-24.933331,BGS,2.11415786,0.4500,false
V4T000283,344.401484,-24.196805,ELG,0.50443128,1.0000,false
V4T000284,342.850710,-24.456840,BGS,1.66836614,0.4500,true
V4T000285,354.240592,-35.538271,BGS,1.23800732,0.4500,false
V4T000286,354.022638,-35.514724,ELG,0.66614210,1.0000,true
V4T000287,348.171093,-15.611840,LRG,0.14929611,1.0000,false
V4T000288,30.598365,-58.295792,LRG,0.31414743,1.0000,false
V4T000289,38.461314,-38.897308,BGS,1.47285915,0.4500,false
V4T000290,39.347037,-59.990658,ELG,0.50652682,1.0000,false
V4T000291,341.365980,-32.624617,LRG,0.35032020,1.0000,false
V4T000292,345.653028,-28.452039,BGS,0.63596816,0.4500,false
V4T000293,348.244551,-27.655452,QSO,0.15661206,1.7000,false
V4T000294,340.593080,-23.158163,QSO,0.29123542,1.7000,false
V4T000295,31.571470,-36.143454,BGS,1.46086751,0.4500,false
V4T000296,347.600415,-25.986237,LRG,0.36095252,1.0000,false
V4T000297,350.072696,-33.157372,LRG,0.40556126,1.0000,false
V4T000298,29.940321,-60.299594,ELG,0.74438023,1.0000,false
V4T000299,28.032548,-53.747217,Star,4.87040629,0.3000,false
V4T000300,27.625710,-37.814340,ELG,0.28532782,1.0000,false
V4T000301,341.368023,-23.981795,LRG,0.24623572,1.0000,false
V4T000302,42.368894,-43.090632,QSO,0.14473859,1.7000,false
V4T000303,351.808676,-38.727156,BGS,1.52443623,0.4500,false
V4T000304,36.301984,-51.110194,QSO,0.21443496,1.7000,false
V4T000305,32.487754,-37.634028,BGS,1.25694279,0.4500,false
V4T000306,2.161203,-26.353733,ELG,0.83002817,1.0000,false
V4T000307,351.055523,-15.030684,QSO,0.16169417,1.7000,false
V4T000308,352.456073,-29.941453,BGS,1.45866658,0.4500,false
V4T000309,350.722974,-39.655501,QSO,0.15175804,1.7000,false
V4T000310,347.933367,-29.895644,Star,3.50514508,0.3000,false
V4T000311,349.781870,-16.758599,QSO,0.30172472,1.7000,false
V4T000312,353.091930,-37.827550,QSO,0.05840193,1.7000,false
V4T000313,32.816962,-57.553331,BGS,1.61046720,0.4500,false
V4T000314,359.158483,-20.767074,ELG,0.70650989,1.0000,false
V4T000315,32.677322,-36.793501,LRG,0.57630267,1.0000,false
V4T000316,1.072450,-32.244726,QSO,0.29147899,1.7000,false
V4T000317,349.406070,-28.052409,ELG,0.91861994,1.0000,false
V4T000318,21.665770,-45.949771,LRG,0.26136561,1.0000,false
V4T000319,23.920651,-45.206013,ELG,0.47316861,1.0000,false
V4T000320,338.690602,-25.269087,ELG,0.60554733,1.0000,false
V4T000321,350.487510,-23.064812,BGS,0.86078522,0.4500,false
V4T000322,345.942180,-28.348121,ELG,1.19061584,1.0000,false
V4T000323,354.147277,-37.822484,Star,4.56447521,0.3000,false
V4T000324,22.413872,-44.480915,LRG,0.41812897,1.0000,false
V4T000325,356.118314,-34.887772,QSO,0.20811001,1.7000,false
V4T000326,354.438716,-38.689847,ELG,0.55053561,1.0000,false
V4T000327,345.198668,-28.209998,BGS,1.13410153,0.4500,true
V4T000328,345.155821,-13.682800,ELG,1.25572704,1.0000,false
V4T000329,3.472774,-27.893581,QSO,0.33895029,1.7000,false
V4T000330,19.619396,-54.965677,LRG,0.28497217,1.0000,false
V4T000331,38.295532,-43.070346,QSO,0.23394551,1.7000,false
V4T000332,353.866759,-34.827911,LRG,0.31185809,1.0000,false
V4T000333,2.419813,-26.992119,BGS,1.03405924,0.4500,false
V4T000334,343.919891,-34.249967,ELG,0.27999449,1.0000,false
V4T000335,31.322851,-59.790484,LRG,0.59688726,1.0000,false
V4T000336,344.679966,-13.087982,ELG,0.50825770,1.0000,false
V4T000337,345.067629,-28.394367,ELG,0.42308999,1.0000,false
V4T000338,4.205363,-24.568002,Star,3.52800697,0.3000,false
V4T000339,1.697154,-31.116682,LRG,0.43301962,1.0000,false
V4T000340,342.098746,-15.474546,ELG,0.52592613,1.0000,false
V4T000341,30.159227,-54.885540,ELG,0.58552550,1.0000,false
V4T000342,345.529046,-28.495413,LRG,0.25939201,1.0000,false
V4T000343,30.816886,-41.806139,LRG,0.24599430,1.0000,false
V4T000344,337.538675,-33.086007,LRG,0.16096117,1.0000,false
V4T000345,338.482187,-18.417315,LRG,0.23564477,1.0000,false
V4T000346,351.331133,-39.245654,LRG,0.81520273,1.0000,false
V4T000347,346.107505,-25.713423,LRG,0.30800174,1.0000,false
V4T000348,2.116479,-33.524622,QSO,0.33095202,1.7000,false
V4T000349,28.349518,-42.682279,LRG,0.28738423,1.0000,false
V4T000350,352.110474,-38.431863,QSO,0.16087298,1.7000,false
V4T000351,349.983320,-37.208609,LRG,0.26190828,1.0000,false
V4T000352,352.188675,-39.686805,ELG,0.56495409,1.0000,true
V4T000353,343.306922,-18.022835,BGS,1.05581205,0.4500,false
V4T000354,351.805649,-36.966443,BGS,0.69059956,0.4500,false
V4T000355,47.464291,-44.079257,BGS,1.15138229,0.4500,false
V4T000356,343.657718,-13.703963,Star,3.68719791,0.3000,false
V4T000357,345.674162,-21.020815,BGS,1.43176085,0.4500,false
V4T000358,358.880243,-37.758054,ELG,0.54465519,1.0000,false
V4T000359,345.445183,-27.948641,BGS,1.08262336,0.4500,false
V4T000360,350.671702,-37.455311,LRG,0.21540976,1.0000,false
V4T000361,45.071548,-40.388714,Star,4.20480729,0.3000,true
V4T000362,25.137693,-49.866751,QSO,0.02589198,1.7000,false
V4T000363,33.854344,-48.093727,Star,5.16745834,0.3000,false
V4T000364,355.684295,-38.385366,BGS,1.76985986,0.4500,false
V4T000365,42.784681,-39.858488,QSO,0.13733141,1.7000,false
V4T000366,351.214878,-33.448067,LRG,0.24384342,1.0000,false
V4T000367,358.308504,-18.542821,BGS,2.01004813,0.4500,false
V4T000368,39.261202,-41.002530,BGS,1.50517773,0.4500,false
V4T000369,43.581861,-50.415592,LRG,0.29268270,1.0000,false
V4T000370,351.189657,-19.865286,LRG,0.53260544,1.0000,false
V4T000371,352.374970,-39.871779,ELG,0.52667610,1.0000,false
V4T000372,341.387011,-15.031986,BGS,1.87909921,0.4500,false
V4T000373,337.674962,-23.588599,BGS,1.96726830,0.4500,false
V4T000374,354.838688,-19.285637,Star,3.79237924,0.3000,false
V4T000375,28.166015,-62.321697,ELG,0.50387565,1.0000,false
V4T000376,345.501169,-30.225261,LRG,0.42080783,1.0000,false
V4T000377,347.145778,-27.570847,BGS,0.80458962,0.4500,false
V4T000378,348.114119,-35.094102,BGS,1.22138876,0.4500,false
V4T000379,346.783193,-23.982739,ELG,1.24328240,1.0000,false
V4T000380,44.091585,-54.977444,ELG,0.42376787,1.0000,false
V4T000381,47.483199,-58.977887,LRG,0.26570304,1.0000,false
V4T000382,348.888652,-34.596957,BGS,1.67047015,0.4500,true
V4T000383,28.847122,-43.612874,BGS,2.00789324,0.4500,false
V4T000384,32.427163,-36.592704,Star,3.83245557,0.3000,false
V4T000385,31.154647,-40.385307,QSO,0.11661420,1.7000,false
V4T000386,0.442494,-33.427986,ELG,0.54123072,1.0000,false
V4T000387,357.019585,-33.240640,BGS,1.01089471,0.4500,false
V4T000388,49.758376,-49.065866,BGS,1.43255973,0.4500,false
V4T000389,350.949248,-20.748552,ELG,0.73027206,1.0000,false
V4T000390,336.724945,-30.715490,LRG,0.25871643,1.0000,false
V4T000391,350.890535,-36.787000,LRG,0.23906451,1.0000,false
V4T000392,1.398306,-34.639111,ELG,0.60225088,1.0000,false
V4T000393,356.886013,-38.869068,BGS,0.79944286,0.4500,false
V4T000394,350.416740,-38.963064,LRG,0.56425770,1.0000,false
V4T000395,30.272983,-37.164740,ELG,0.71309923,1.0000,false
V4T000396,343.217725,-35.930961,ELG,0.56066211,1.0000,false
V4T000397,339.719207,-27.770004,ELG,0.75437203,1.0000,false
V4T000398,3.021405,-33.286530,BGS,1.40027034,0.4500,false
V4T000399,351.243609,-37.514782,QSO,0.58161188,1.7000,false
V4T000400,3.118560,-27.308284,Star,5.32952145,0.3000,false
V4T000401,344.216165,-22.773998,ELG,0.37418446,1.0000,false
V4T000402,42.080329,-45.731689,ELG,0.80485811,1.0000,false
V4T000403,349.082674,-16.806515,ELG,0.52362809,1.0000,false
V4T000404,337.485491,-31.857766,ELG,0.64492376,1.0000,false
V4T000405,38.033877,-40.722554,ELG,0.43478918,1.0000,false
V4T000406,354.146229,-35.329736,ELG,0.45584127,1.0000,false
V4T000407,4.026388,-26.575829,BGS,0.85872349,0.4500,false
V4T000408,40.192697,-37.355059,QSO,0.24612955,1.7000,false
V4T000409,356.536661,-34.155591,QSO,0.26907446,1.7000,false
V4T000410,344.935954,-20.168744,BGS,1.08471719,0.4500,false
V4T000411,49.621717,-44.774745,ELG,0.53734081,1.0000,false
V4T000412,350.180505,-28.290596,LRG,0.21886822,1.0000,false
V4T000413,1.246059,-28.742265,ELG,0.52279795,1.0000,false
V4T000414,353.544957,-12.135594,BGS,1.48509626,0.4500,false
V4T000415,357.436413,-32.563957,LRG,0.14569884,1.0000,false
V4T000416,345.826673,-39.693400,LRG,0.24877441,1.0000,false
V4T000417,22.695049,-58.286973,LRG,0.48108193,1.0000,false
V4T000418,342.902923,-25.248788,ELG,0.42719651,1.0000,false
V4T000419,351.993760,-17.938293,ELG,0.49138159,1.0000,false
V4T000420,33.338002,-58.583626,LRG,0.29273233,1.0000,false
V4T000421,349.648808,-21.336004,LRG,0.33881048,1.0000,false
V4T000422,340.039463,-23.097949,ELG,0.36451829,1.0000,false
V4T000423,30.267847,-41.370280,BGS,1.53405382,0.4500,false
V4T000424,351.524995,-26.641614,LRG,0.25403446,1.0000,false
V4T000425,353.745426,-39.291192,BGS,1.08166629,0.4500,false
V4T000426,338.965086,-22.560854,ELG,0.35020062,1.0000,false
V4T000427,356.469550,-39.589018,BGS,1.30330005,0.4500,false
V4T000428,36.090729,-40.559061,LRG,0.16506940,1.0000,false
V4T000429,44.659926,-39.769908,ELG,0.67263332,1.0000,false
V4T000430,27.347248,-39.186106,ELG,0.58563753,1.0000,false
V4T000431,41.238351,-54.077723,BGS,0.95444072,0.4500,false
V4T000432,49.047737,-44.711948,BGS,1.14033504,0.4500,false
V4T000433,22.922978,-45.239670,QSO,0.41619992,1.7000,false
V4T000434,33.474459,-58.997340,ELG,0.50691792,1.0000,false
V4T000435,40.536609,-57.111586,BGS,1.17073664,0.4500,false
V4T000436,344.776755,-37.344169,LRG,0.32490662,1.0000,false
V4T000437,358.843300,-17.895405,ELG,0.46449058,1.0000,false
V4T000438,43.451788,-56.975392,BGS,0.54875227,0.4500,false
V4T000439,36.185155,-42.577132,QSO,0.19959572,1.7000,false
V4T000440,29.129363,-41.962033,BGS,0.96532621,0.4500,false
V4T000441,40.396951,-50.458083,ELG,0.35075416,1.0000,false
V4T000442,346.819094,-31.240491,LRG,0.40592917,1.0000,false
V4T000443,35.660449,-63.022572,LRG,0.23678150,1.0000,false
V4T000444,354.010443,-34.526365,QSO,0.30471232,1.7000,false
V4T000445,0.468191,-30.583366,BGS,1.29754547,0.4500,false
V4T000446,47.751976,-42.849782,BGS,1.46341086,0.4500,true
V4T000447,344.060546,-20.688019,LRG,0.19078496,1.0000,true
V4T000448,21.789489,-54.416038,Star,5.48221796,0.3000,false
V4T000449,41.649388,-38.789187,BGS,1.17086675,0.4500,false
V4T000450,337.704715,-25.439615,LRG,0.42971792,1.0000,false
V4T000451,357.830285,-26.600762,QSO,0.15795716,1.7000,false
V4T000452,346.195036,-26.701116,ELG,0.46572366,1.0000,false
V4T000453,36.337168,-45.784226,ELG,0.62281654,1.0000,false
V4T000454,351.388389,-36.233416,ELG,0.42606251,1.0000,false
V4T000455,350.347978,-36.445583,LRG,0.59787460,1.0000,false
V4T000456,345.591412,-34.088922,ELG,0.56224743,1.0000,false
V4T000457,341.654800,-32.170328,BGS,1.19263165,0.4500,false
V4T000458,351.146539,-38.975172,QSO,0.19752072,1.7000,false
V4T000459,345.644035,-27.915720,BGS,1.36205487,0.4500,false
V4T000460,38.483784,-42.334661,BGS,1.07264148,0.4500,false
V4T000461,51.951978,-43.495779,BGS,0.90858802,0.4500,false
V4T000462,351.434756,-37.574505,ELG,0.33815588,1.0000,false
V4T000463,32.455284,-36.714691,ELG,0.87385588,1.0000,false
V4T000464,357.064312,-15.053970,QSO,0.11026961,1.7000,true
V4T000465,355.607608,-36.561169,BGS,1.40780666,0.4500,false
V4T000466,25.724532,-48.342937,QSO,0.10071482,1.7000,false
V4T000467,336.328113,-34.217457,ELG,0.50879136,1.0000,false
V4T000468,24.989396,-50.684505,BGS,1.78958793,0.4500,false
V4T000469,33.208879,-62.517663,BGS,1.88572620,0.4500,false
V4T000470,41.337015,-43.842813,ELG,0.61667662,1.0000,false
V4T000471,346.034364,-20.506838,LRG,0.44663751,1.0000,false
V4T000472,351.064759,-15.698897,ELG,0.57597830,1.0000,false
V4T000473,354.369441,-34.141013,ELG,0.54924910,1.0000,false
V4T000474,339.203076,-30.913004,ELG,0.48180117,1.0000,false
V4T000475,47.256889,-40.925945,BGS,1.47920501,0.4500,false
V4T000476,357.650607,-27.253961,ELG,0.43380816,1.0000,false
V4T000477,34.506665,-37.176902,QSO,0.16173593,1.7000,false
V4T000478,35.212116,-49.342885,QSO,0.12978620,1.7000,false
V4T000479,41.960155,-58.604150,BGS,0.74825406,0.4500,false
V4T000480,0.356808,-23.533557,ELG,0.29789500,1.0000,false
V4T000481,358.195669,-25.720473,Star,2.31371576,0.3000,false
V4T000482,27.107063,-45.377226,ELG,0.56807368,1.0000,false
V4T000483,341.620047,-17.116725,ELG,0.46368577,1.0000,false
V4T000484,356.368280,-19.301843,ELG,0.41539697,1.0000,false
V4T000485,356.495345,-38.084646,ELG,0.73081240,1.0000,false
V4T000486,36.511916,-37.272851,QSO,0.16509705,1.7000,false
V4T000487,345.376484,-28.284486,ELG,0.54867785,1.0000,false
V4T000488,352.323585,-28.519683,ELG,0.37640245,1.0000,false
V4T000489,345.175431,-20.577458,BGS,2.34446736,0.4500,false
V4T000490,36.097744,-55.184173,BGS,0.92768128,0.4500,false
V4T000491,357.207085,-38.688183,QSO,0.20453198,1.7000,false
V4T000492,49.511030,-44.806250,BGS,1.10543917,0.4500,false
V4T000493,22.973454,-40.782780,QSO,0.13288452,1.7000,false
V4T000494,24.571832,-54.480419,BGS,1.17017551,0.4500,false
V4T000495,31.903442,-56.425686,Star,4.82500875,0.3000,false
V4T000496,357.911726,-25.794041,ELG,0.31884933,1.0000,false
V4T000497,19.883751,-50.232655,BGS,1.07117044,0.4500,false
V4T000498,354.914339,-34.215389,ELG,0.51275384,1.0000,false
V4T000499,48.311648,-45.715009,BGS,1.14949060,0.4500,false
V4T000500,344.492231,-29.640386,ELG,0.48855019,1.0000,false
V4T000501,352.219329,-39.426110,LRG,0.29681617,1.0000,true
V4T000502,359.459585,-22.188893,BGS,1.26625852,0.4500,true
V4T000503,345.252889,-28.143138,LRG,0.31467890,1.0000,false
V4T000504,34.647354,-48.222462,BGS,1.64969430,0.4500,false
V4T000505,1.102898,-19.525872,QSO,0.21781291,1.7000,false
V4T000506,45.679062,-38.065198,LRG,0.23790897,1.0000,false
V4T000507,37.434509,-38.315761,QSO,0.08673542,1.7000,false
V4T000508,0.833616,-34.382935,BGS,1.06660033,0.4500,false
V4T000509,344.729539,-21.124877,LRG,0.54250333,1.0000,false
V4T000510,25.191700,-39.664278,ELG,0.43691244,1.0000,false
V4T000511,341.817318,-36.106764,ELG,0.34243207,1.0000,false
V4T000512,37.218144,-37.579634,ELG,0.72383827,1.0000,false
V4T000513,347.128018,-27.030177,LRG,0.37212189,1.0000,false
V4T000514,353.062881,-37.902270,BGS,1.55583730,0.4500,false
V4T000515,345.271699,-22.120812,LRG,0.44299507,1.0000,false
V4T000516,342.645350,-18.059580,ELG,0.66114674,1.0000,false
V4T000517,343.641094,-38.122977,LRG,0.46135506,1.0000,false
V4T000518,355.635693,-34.547604,QSO,0.40939176,1.7000,false
V4T000519,49.679619,-44.391099,LRG,0.34950630,1.0000,false
V4T000520,351.181511,-24.283433,ELG,0.82855781,1.0000,true
V4T000521,0.340935,-16.362911,BGS,1.26715512,0.4500,false
V4T000522,342.924726,-29.912792,LRG,0.42606148,1.0000,false
V4T000523,25.655869,-52.468104,BGS,1.79756835,0.4500,false
V4T000524,35.297892,-42.402174,Star,2.62017794,0.3000,false
V4T000525,348.919765,-33.048557,Star,3.83141039,0.3000,false
V4T000526,346.201707,-14.956310,QSO,0.10044696,1.7000,false
V4T000527,353.350298,-20.111501,ELG,0.94178724,1.0000,false
V4T000528,48.486897,-40.405258,ELG,0.63065488,1.0000,false
V4T000529,0.856607,-35.497406,ELG,0.24867959,1.0000,false
V4T000530,47.397701,-50.523510,BGS,0.98653195,0.4500,false
V4T000531,348.292415,-17.076971,QSO,0.11845951,1.7000,false
V4T000532,49.189158,-52.799943,LRG,0.30730331,1.0000,true
V4T000533,344.858563,-28.872417,ELG,0.59964749,1.0000,false
V4T000534,51.560007,-52.224972,ELG,0.50215862,1.0000,false
V4T000535,358.432787,-35.502285,BGS,1.12134633,0.4500,false
V4T000536,345.201698,-17.703673,ELG,0.70061537,1.0000,false
V4T000537,354.184548,-35.204816,BGS,1.22310196,0.4500,false
V4T000538,349.220107,-31.237214,BGS,1.81744772,0.4500,false
V4T000539,343.444694,-38.541137,ELG,0.89740911,1.0000,false
V4T000540,349.070580,-21.255590,BGS,1.19856648,0.4500,false
V4T000541,356.198524,-13.970313,ELG,0.74168603,1.0000,false
V4T000542,356.926808,-33.214983,BGS,1.08594897,0.4500,false
V4T000543,354.178418,-34.806263,BGS,1.56083155,0.4500,false
V4T000544,350.997051,-28.620482,QSO,0.45220767,1.7000,false
V4T000545,345.000550,-20.457467,ELG,0.55057342,1.0000,false
V4T000546,353.961194,-35.413670,LRG,0.43922415,1.0000,false
V4T000547,28.168994,-58.996565,QSO,0.20958188,1.7000,false
V4T000548,42.386054,-61.734154,QSO,0.21883941,1.7000,false
V4T000549,31.674556,-45.578289,ELG,0.45223713,1.0000,false
V4T000550,347.833157,-39.131851,ELG,0.59024327,1.0000,false
V4T000551,44.633996,-48.594489,QSO,0.45267006,1.7000,false
V4T000552,346.407923,-17.846851,BGS,1.46301126,0.4500,false
V4T000553,1.224724,-19.885923,ELG,0.89953948,1.0000,false
V4T000554,50.547889,-42.402755,QSO,0.09721329,1.7000,false
V4T000555,42.691144,-59.280745,BGS,1.46653389,0.4500,false
V4T000556,352.602310,-38.807046,ELG,0.79967141,1.0000,false
V4T000557,29.742659,-59.397535,LRG,0.68113203,1.0000,false
V4T000558,350.566354,-39.385056,LRG,0.48621784,1.0000,false
V4T000559,28.653630,-37.304850,ELG,0.83069192,1.0000,true
V4T000560,32.327086,-40.968953,ELG,0.61038603,1.0000,false
V4T000561,351.285686,-37.126671,LRG,0.28808621,1.0000,false
V4T000562,24.556303,-49.720697,QSO,0.20248409,1.7000,false
V4T000563,352.905422,-37.451932,BGS,0.97814679,0.4500,false
V4T000564,352.385518,-38.862213,LRG,0.35568943,1.0000,false
V4T000565,53.033377,-47.500083,ELG,0.73724016,1.0000,false
V4T000566,31.231471,-36.087487,ELG,0.52770476,1.0000,false
V4T000567,20.795215,-47.688049,LRG,0.27979013,1.0000,false
V4T000568,344.580171,-29.274499,LRG,0.30591260,1.0000,false
V4T000569,33.400271,-36.131264,LRG,0.34185521,1.0000,false
V4T000570,339.008784,-33.025916,ELG,0.64975559,1.0000,false
V4T000571,33.950669,-50.127028,ELG,1.14244650,1.0000,false
V4T000572,334.721459,-31.216364,LRG,0.41693694,1.0000,false
V4T000573,353.729654,-25.626644,BGS,2.54660826,0.4500,false
V4T000574,31.686605,-39.598753,BGS,1.39686935,0.4500,false
V4T000575,20.264796,-58.112888,Star,4.32581682,0.3000,false
V4T000576,45.304008,-43.104103,BGS,1.14472829,0.4500,false
V4T000577,44.969325,-45.758006,BGS,0.73875760,0.4500,false
V4T000578,40.102433,-56.358387,ELG,0.97782086,1.0000,false
V4T000579,2.931709,-27.358982,QSO,0.17036038,1.7000,false
V4T000580,358.232668,-35.246139,BGS,1.16215378,0.4500,false
V4T000581,356.031049,-34.293161,ELG,0.49673411,1.0000,false
V4T000582,32.835694,-37.418928,BGS,1.07470919,0.4500,true
V4T000583,36.551947,-45.703717,BGS,1.25821894,0.4500,false
V4T000584,355.777648,-17.600967,ELG,0.93706107,1.0000,false
V4T000585,357.856396,-26.669576,ELG,0.30708399,1.0000,false
V4T000586,343.361119,-19.868945,ELG,0.47215043,1.0000,false
V4T000587,46.091610,-59.920570,Star,3.83019564,0.3000,false
V4T000588,22.470968,-46.432173,QSO,0.29416424,1.7000,false
V4T000589,341.624812,-27.464624,BGS,1.80364891,0.4500,false
V4T000590,350.265535,-30.678509,Star,4.16746332,0.3000,false
V4T000591,336.725106,-27.606259,LRG,0.50385643,1.0000,false
V4T000592,345.704056,-28.492575,Star,3.32387128,0.3000,false
V4T000593,29.819503,-57.302190,LRG,0.60243456,1.0000,false
V4T000594,26.237420,-40.595033,LRG,0.28343465,1.0000,false
V4T000595,344.284393,-28.147961,LRG,0.39688133,1.0000,false
V4T000596,43.954565,-54.622378,ELG,0.69804600,1.0000,false
V4T000597,51.345115,-56.295898,Star,2.90314378,0.3000,false
V4T000598,353.671734,-19.412813,ELG,0.68081707,1.0000,false
V4T000599,353.473484,-22.539882,ELG,0.53475487,1.0000,false
V4T000600,50.707790,-44.809008,LRG,0.27238373,1.0000,false
V4T000601,346.051402,-17.963386,ELG,0.38063336,1.0000,false
V4T000602,338.900370,-25.475636,LRG,0.25614032,1.0000,false
V4T000603,30.309704,-45.608702,ELG,0.51519290,1.0000,false
V4T000604,347.307781,-28.837055,ELG,0.34231718,1.0000,false
V4T000605,44.513291,-53.362953,BGS,1.66426064,0.4500,false
V4T000606,25.011830,-52.203657,ELG,0.44056250,1.0000,false
V4T000607,50.410420,-45.009361,ELG,0.39340128,1.0000,false
V4T000608,32.305131,-36.464749,Star,4.22901960,0.3000,false
V4T000609,356.411223,-16.078677,LRG,0.48362789,1.0000,false
V4T000610,33.362308,-37.797753,BGS,0.97958479,0.4500,false
V4T000611,355.801483,-34.740156,BGS,1.19555966,0.4500,false
V4T000612,352.627875,-38.007653,BGS,1.58395042,0.4500,false
V4T000613,1.775085,-26.942308,ELG,0.60204922,1.0000,false
V4T000614,350.365294,-36.877650,ELG,1.19723455,1.0000,false
V4T000615,343.237240,-23.011506,BGS,0.92906601,0.4500,false
V4T000616,42.947730,-47.654779,LRG,0.30406784,1.0000,false
V4T000617,346.269831,-28.553344,ELG,0.29097872,1.0000,true
V4T000618,31.527165,-37.923779,BGS,2.64704240,0.4500,false
V4T000619,351.277959,-36.877334,BGS,1.30043279,0.4500,false
V4T000620,35.537588,-42.330310,BGS,0.97342081,0.4500,false
V4T000621,357.984443,-26.130769,Star,4.35348076,0.3000,false
V4T000622,1.532288,-35.729107,QSO,0.08088387,1.7000,false
V4T000623,352.380497,-36.014960,BGS,1.03836180,0.4500,false
V4T000624,42.127410,-39.151767,ELG,0.80283326,1.0000,false
V4T000625,34.316482,-61.004187,LRG,0.38892401,1.0000,false
V4T000626,36.654294,-62.122255,BGS,1.40597044,0.4500,false
V4T000627,346.282350,-30.205361,ELG,0.38086788,1.0000,false
V4T000628,44.325758,-56.244245,QSO,0.27074289,1.7000,true
V4T000629,351.684546,-17.151626,LRG,0.34002270,1.0000,false
V4T000630,30.350440,-54.113202,Star,4.04958685,0.3000,false
V4T000631,357.604603,-25.731784,QSO,0.22681550,1.7000,false
V4T000632,34.252013,-42.810262,Star,4.25288087,0.3000,false
V4T000633,24.123766,-51.106571,QSO,0.15557430,1.7000,false
V4T000634,23.691598,-54.196480,ELG,0.37627789,1.0000,false
V4T000635,353.178093,-17.663324,ELG,0.44952575,1.0000,false
V4T000636,356.488424,-28.917440,QSO,0.05919502,1.7000,false
V4T000637,46.012320,-45.682522,LRG,0.35453712,1.0000,false
V4T000638,357.755756,-27.281520,ELG,0.39425857,1.0000,false
V4T000639,38.184572,-44.040355,ELG,1.07856866,1.0000,false
V4T000640,348.923684,-26.447954,QSO,0.15475860,1.7000,false
V4T000641,356.544752,-23.039109,BGS,1.24469313,0.4500,false
V4T000642,357.890065,-28.242683,ELG,0.81364450,1.0000,false
V4T000643,50.918400,-44.598101,ELG,0.20488196,1.0000,false
V4T000644,31.151996,-59.366218,ELG,0.85749918,1.0000,false
V4T000645,32.728795,-36.684826,QSO,0.25258859,1.7000,false
V4T000646,344.496743,-26.228961,ELG,0.41695957,1.0000,false
V4T000647,32.940790,-48.449415,BGS,1.43917198,0.4500,false
V4T000648,339.914707,-31.997191,ELG,0.48165743,1.0000,false
V4T000649,30.989611,-42.580009,LRG,0.55182779,1.0000,false
V4T000650,349.009129,-23.778279,Star,3.29016020,0.3000,false
V4T000651,30.907860,-58.540457,ELG,0.38094241,1.0000,false
V4T000652,47.001997,-54.954855,BGS,1.19360022,0.4500,false
V4T000653,352.028760,-11.755710,ELG,0.36991575,1.0000,false
V4T000654,32.427445,-37.312149,Star,5.17407059,0.3000,false
V4T000655,341.074064,-15.617183,ELG,0.85198533,1.0000,false
V4T000656,34.144864,-62.873287,LRG,0.15852482,1.0000,false
V4T000657,32.152093,-59.061821,ELG,0.23875518,1.0000,false
V4T000658,359.457607,-38.241938,LRG,0.30971534,1.0000,false
V4T000659,345.054235,-21.770976,Star,3.41538725,0.3000,false
V4T000660,350.901207,-36.395069,LRG,0.38798887,1.0000,false
V4T000661,33.490057,-61.066070,ELG,0.25239924,1.0000,false
V4T000662,37.620292,-58.348198,QSO,0.13722158,1.7000,false
V4T000663,31.731682,-53.942742,BGS,0.99001191,0.4500,false
V4T000664,30.090843,-56.920389,LRG,0.34903203,1.0000,false
V4T000665,31.616041,-36.977452,QSO,0.43062354,1.7000,false
V4T000666,22.909957,-47.722317,LRG,0.43246399,1.0000,false
V4T000667,30.287146,-59.255645,ELG,0.92448748,1.0000,false
V4T000668,353.610621,-38.924259,QSO,0.11520910,1.7000,false
V4T000669,355.732256,-15.601662,ELG,0.55006369,1.0000,false
V4T000670,356.467391,-17.266265,ELG,0.67630902,1.0000,false
V4T000671,46.961863,-53.290852,QSO,0.12823097,1.7000,false
V4T000672,349.993419,-12.811285,ELG,0.69427297,1.0000,false
V4T000673,358.131928,-26.071706,BGS,1.50204628,0.4500,false
V4T000674,353.992246,-14.647731,BGS,1.09751591,0.4500,false
V4T000675,0.908822,-36.106416,LRG,0.31348968,1.0000,false
V4T000676,351.155590,-37.657472,Star,5.19253644,0.3000,false
V4T000677,345.372852,-19.840584,BGS,0.74382669,0.4500,false
V4T000678,348.123833,-28.642409,BGS,1.40006896,0.4500,false
V4T000679,30.101336,-59.062795,BGS,1.01702253,0.4500,false
V4T000680,33.333945,-37.544708,ELG,0.34432383,1.0000,false
V4T000681,358.799847,-26.532957,ELG,0.51688443,1.0000,false
V4T000682,345.440424,-20.085201,QSO,0.20041531,1.7000,false
V4T000683,351.562676,-39.137884,BGS,0.69686418,0.4500,false
V4T000684,0.424423,-18.089723,ELG,1.06538302,1.0000,false
V4T000685,0.471465,-20.010411,ELG,0.56918616,1.0000,false
V4T000686,43.057836,-42.689293,LRG,0.26835071,1.0000,false
V4T000687,2.173958,-33.922933,LRG,0.26947416,1.0000,false
V4T000688,345.571554,-20.136823,Star,4.38462531,0.3000,false
V4T000689,31.574139,-37.004988,Star,2.17998129,0.3000,false
V4T000690,349.149252,-22.325298,QSO,0.05349388,1.7000,false
V4T000691,29.562312,-59.608141,ELG,0.29642040,1.0000,false
V4T000692,347.391952,-23.336667,BGS,1.81097496,0.4500,false
V4T000693,35.426204,-58.071283,LRG,0.32433248,1.0000,false
V4T000694,358.654463,-30.945239,QSO,0.13801905,1.7000,false
V4T000695,51.051697,-44.198492,LRG,0.43170137,1.0000,false
V4T000696,23.910532,-48.679508,QSO,0.23439111,1.7000,false
V4T000697,23.398678,-54.220166,QSO,0.14699415,1.7000,true
V4T000698,341.346867,-31.724172,ELG,0.40853560,1.0000,false
V4T000699,49.639065,-50.887144,LRG,0.49188206,1.0000,false
V4T000700,355.481314,-33.550590,Star,2.91455472,0.3000,false
V4T000701,358.081577,-27.064219,ELG,0.60756453,1.0000,true
V4T000702,350.836161,-37.517258,ELG,0.68553165,1.0000,false
V4T000703,343.117647,-19.136616,LRG,0.50030149,1.0000,false
V4T000704,348.681077,-23.912334,LRG,0.32035219,1.0000,false
V4T000705,359.362570,-24.484171,BGS,1.44149098,0.4500,false
V4T000706,0.168135,-35.215268,ELG,0.43309852,1.0000,true
V4T000707,359.491302,-24.042882,BGS,0.80290548,0.4500,false
V4T000708,42.337310,-45.015280,Star,5.48903993,0.3000,false
V4T000709,45.518671,-47.776928,ELG,0.77754360,1.0000,false
V4T000710,355.519114,-14.362779,BGS,1.22588491,0.4500,false
V4T000711,342.436670,-26.079352,BGS,0.79965268,0.4500,false
V4T000712,354.429779,-34.770939,BGS,0.70623908,0.4500,false
V4T000713,355.552991,-34.644569,ELG,0.41287305,1.0000,false
V4T000714,29.630823,-49.591708,ELG,0.68500016,1.0000,false
V4T000715,20.960994,-56.289829,BGS,1.06672209,0.4500,false
V4T000716,1.440811,-31.982960,BGS,1.23734653,0.4500,true
V4T000717,45.688524,-57.644788,ELG,0.90786549,1.0000,false
V4T000718,354.240896,-38.742029,ELG,0.23224782,1.0000,true
V4T000719,351.519100,-27.933717,ELG,0.60850717,1.0000,false
V4T000720,357.285725,-15.663167,ELG,0.52462837,1.0000,false
V4T000721,346.186822,-16.995235,LRG,0.27198948,1.0000,false
V4T000722,50.801451,-51.912996,BGS,1.10329536,0.4500,false
V4T000723,48.115377,-45.831648,BGS,1.02161225,0.4500,false
V4T000724,52.882733,-48.297038,QSO,0.26728102,1.7000,false
V4T000725,337.037825,-31.319086,ELG,0.53108940,1.0000,false
V4T000726,49.881169,-56.938027,ELG,0.62647428,1.0000,false
V4T000727,351.365467,-30.607090,ELG,1.37191102,1.0000,false
V4T000728,22.838977,-46.336289,LRG,0.42854126,1.0000,false
V4T000729,346.059644,-20.031419,BGS,1.02156065,0.4500,false
V4T000730,38.775689,-53.625001,BGS,1.19377565,0.4500,false
V4T000731,46.691731,-54.930722,LRG,0.28021023,1.0000,false
V4T000732,30.499264,-41.557511,ELG,0.41208968,1.0000,false
V4T000733,351.473298,-36.085510,BGS,1.26621322,0.4500,false
V4T000734,345.690446,-27.677951,LRG,0.22728723,1.0000,true
V4T000735,345.454687,-16.034247,BGS,1.38276724,0.4500,false
V4T000736,49.751869,-43.640525,LRG,0.43195369,1.0000,false
V4T000737,343.643646,-39.194427,QSO,0.15948343,1.7000,false
V4T000738,27.388623,-57.800236,BGS,0.84459981,0.4500,false
V4T000739,358.041530,-26.663362,ELG,0.67282505,1.0000,false
V4T000740,355.420895,-26.465333,LRG,0.29120275,1.0000,true
V4T000741,359.859058,-37.332895,LRG,0.32722251,1.0000,false
V4T000742,343.654786,-19.859707,ELG,0.39616777,1.0000,false
V4T000743,47.828795,-59.545930,BGS,0.99505105,0.4500,false
V4T000744,35.295478,-49.474294,BGS,1.21438728,0.4500,false
V4T000745,0.390174,-22.827481,ELG,1.05581494,1.0000,false
V4T000746,33.511027,-43.893688,ELG,0.91113019,1.0000,false
V4T000747,340.721921,-25.537801,LRG,0.21794750,1.0000,false
V4T000748,35.637348,-40.888528,LRG,0.36000232,1.0000,false
V4T000749,39.401214,-42.579188,LRG,0.39556302,1.0000,false
V4T000750,349.140107,-28.243815,ELG,0.70538305,1.0000,false
V4T000751,341.543946,-19.822973,BGS,1.60905336,0.4500,false
V4T000752,39.078777,-57.975410,BGS,1.89961387,0.4500,false
V4T000753,336.747797,-22.987522,QSO,0.09265579,1.7000,false
V4T000754,341.969120,-21.619545,ELG,0.77875941,1.0000,false
V4T000755,27.493033,-45.186372,Star,4.01586935,0.3000,false
V4T000756,349.943243,-29.356993,ELG,0.58360344,1.0000,false
V4T000757,350.018488,-21.928088,QSO,0.10000993,1.7000,false
V4T000758,32.219226,-43.409042,BGS,1.53158789,0.4500,false
V4T000759,21.249164,-49.456867,ELG,0.33751323,1.0000,false
V4T000760,43.943812,-45.368547,ELG,0.73988195,1.0000,false
V4T000761,342.490927,-15.708423,ELG,0.40388852,1.0000,false
V4T000762,44.011496,-37.185438,Star,3.47099978,0.3000,false
V4T000763,44.337806,-42.178340,QSO,0.21769713,1.7000,false
V4T000764,24.349403,-49.260722,QSO,0.30832947,1.7000,false
V4T000765,37.048906,-53.136251,ELG,0.45365689,1.0000,false
V4T000766,340.351333,-22.149946,ELG,0.76095410,1.0000,false
V4T000767,28.999507,-52.600352,QSO,0.13651366,1.7000,false
V4T000768,50.340010,-44.059768,BGS,0.59448540,0.4500,false
V4T000769,349.784757,-18.970887,BGS,0.87634901,0.4500,false
V4T000770,32.948519,-37.347816,BGS,1.77950383,0.4500,false
V4T000771,351.009957,-39.177967,Star,3.85311569,0.3000,false
V4T000772,18.771740,-53.235033,LRG,0.22701051,1.0000,false
V4T000773,350.276564,-27.724678,LRG,0.64106814,1.0000,false
V4T000774,338.465553,-36.016081,ELG,1.01458115,1.0000,false
V4T000775,358.108772,-25.276655,ELG,0.45214016,1.0000,false
V4T000776,352.255764,-13.397684,BGS,1.53140419,0.4500,false
V4T000777,351.984407,-39.459870,QSO,0.16202728,1.7000,false
V4T000778,0.038802,-22.811570,ELG,0.65497170,1.0000,false
V4T000779,50.178447,-42.112348,ELG,0.44742093,1.0000,false
V4T000780,357.100955,-16.223030,ELG,0.37264853,1.0000,false
V4T000781,337.675320,-18.712855,LRG,0.37481284,1.0000,false
V4T000782,346.080865,-20.583066,ELG,0.25393279,1.0000,false
V4T000783,350.729069,-32.954400,LRG,0.28125945,1.0000,false
V4T000784,42.301494,-47.077455,ELG,0.39061428,1.0000,false
V4T000785,2.228860,-30.129173,ELG,0.48158195,1.0000,false
V4T000786,355.122921,-34.584579,QSO,0.16944072,1.7000,false
V4T000787,334.021381,-27.661386,LRG,0.30533885,1.0000,false
V4T000788,38.376636,-55.141335,LRG,0.51752971,1.0000,false
V4T000789,346.319682,-19.862998,BGS,2.04029586,0.4500,false
V4T000790,1.378503,-30.142709,LRG,0.54969005,1.0000,false
V4T000791,36.122212,-60.975048,QSO,0.27450530,1.7000,true
V4T000792,31.732964,-46.366135,Star,5.27364787,0.3000,false
V4T000793,351.965297,-36.541082,LRG,0.52326856,1.0000,false
V4T000794,25.486193,-58.757174,ELG,0.51755176,1.0000,false
V4T000795,354.223114,-35.507954,ELG,0.57028163,1.0000,false
V4T000796,26.807879,-59.364705,BGS,0.81397305,0.4500,false
V4T000797,348.966793,-29.324515,LRG,0.31703245,1.0000,false
V4T000798,344.244682,-20.758335,ELG,0.75072322,1.0000,false
V4T000799,356.077229,-34.117259,ELG,0.45507223,1.0000,false
V4T000800,343.231888,-15.706332,ELG,0.47389722,1.0000,false
V4T000801,353.459603,-12.599570,LRG,0.34894712,1.0000,false
V4T000802,353.790222,-35.073125,ELG,0.26587133,1.0000,false
V4T000803,46.850253,-55.946291,LRG,0.26852588,1.0000,false
V4T000804,35.340250,-42.035857,LRG,0.41551262,1.0000,false
V4T000805,356.952583,-35.275596,ELG,0.57956878,1.0000,false
V4T000806,357.660751,-25.830700,BGS,1.39967074,0.4500,false
V4T000807,2.668639,-29.830094,LRG,0.26628720,1.0000,true
V4T000808,358.281088,-27.336554,LRG,0.18662076,1.0000,true
V4T000809,41.695956,-43.367122,Star,3.75587542,0.3000,false
V4T000810,48.181123,-53.253315,ELG,0.71967734,1.0000,false
V4T000811,358.369037,-25.461878,LRG,0.22144000,1.0000,false
V4T000812,351.049053,-36.886804,ELG,0.70374189,1.0000,false
V4T000813,340.628935,-34.750113,QSO,0.16817579,1.7000,true
V4T000814,30.366613,-59.111346,BGS,1.53044399,0.4500,false
V4T000815,339.721054,-19.193603,QSO,0.12114875,1.7000,false
V4T000816,354.044483,-38.019504,QSO,0.18667977,1.7000,false
V4T000817,35.804857,-48.726827,BGS,1.59290860,0.4500,false
V4T000818,1.817218,-19.660393,LRG,0.29824366,1.0000,false
V4T000819,30.841046,-58.647056,QSO,0.08643031,1.7000,false
V4T000820,0.591044,-22.066401,QSO,0.16663390,1.7000,false
V4T000821,20.864093,-45.381209,QSO,0.27758794,1.7000,false
V4T000822,357.305036,-36.022744,BGS,1.23753100,0.4500,false
V4T000823,48.912187,-50.880317,LRG,0.29098599,1.0000,false
V4T000824,29.548038,-55.196902,ELG,0.65139328,1.0000,true
V4T000825,47.029316,-40.002727,BGS,1.17736111,0.4500,true
V4T000826,0.043306,-37.107217,ELG,0.29522379,1.0000,false
V4T000827,345.828923,-26.988035,ELG,0.45976787,1.0000,false
V4T000828,350.514201,-36.986433,ELG,0.35579207,1.0000,false
V4T000829,358.528010,-25.737808,Star,3.07017394,0.3000,false
V4T000830,33.108365,-40.494131,ELG,0.60400403,1.0000,false
V4T000831,22.426112,-40.398366,BGS,0.65645955,0.4500,false
V4T000832,41.303820,-44.398603,ELG,0.49157836,1.0000,false
V4T000833,355.429730,-35.825041,ELG,0.56714289,1.0000,false
V4T000834,344.901477,-19.888452,LRG,0.38454564,1.0000,false
V4T000835,49.891339,-44.254795,Star,4.37200667,0.3000,false
V4T000836,348.942403,-14.180505,BGS,0.73908124,0.4500,false
V4T000837,32.984331,-57.116276,QSO,0.14390865,1.7000,false
V4T000838,348.787968,-32.470801,BGS,0.61890071,0.4500,false
V4T000839,355.039104,-20.989919,ELG,0.62859481,1.0000,false
V4T000840,3.791798,-25.272476,ELG,0.77651243,1.0000,false
V4T000841,49.386224,-53.036749,ELG,0.33799728,1.0000,false
V4T000842,48.983565,-57.524886,LRG,0.54701528,1.0000,false
V4T000843,359.441239,-34.726109,LRG,0.33300531,1.0000,false
V4T000844,21.259810,-44.457548,BGS,1.81533893,0.4500,false
V4T000845,32.526752,-48.847420,Star,2.87729758,0.3000,false
V4T000846,345.335019,-28.556011,QSO,0.40161876,1.7000,true
V4T000847,358.276183,-20.194794,QSO,0.35526530,1.7000,false
V4T000848,345.253475,-38.872252,QSO,0.13674514,1.7000,false
V4T000849,38.530039,-52.270241,ELG,0.50614378,1.0000,false
V4T000850,24.293794,-49.812124,ELG,0.55893215,1.0000,false
V4T000851,345.309364,-25.731074,BGS,0.95599332,0.4500,false
V4T000852,37.930897,-52.879193,ELG,0.51472850,1.0000,false
V4T000853,346.372818,-14.370347,ELG,0.39623643,1.0000,false
V4T000854,28.712033,-56.836622,LRG,0.33767792,1.0000,false
V4T000855,341.798067,-27.398927,BGS,0.78657100,0.4500,false
V4T000856,359.535722,-37.938156,LRG,0.41881099,1.0000,false
V4T000857,40.258691,-60.162342,ELG,0.48644086,1.0000,false
V4T000858,2.724012,-34.268385,QSO,0.13226611,1.7000,false
V4T000859,38.687849,-58.590338,ELG,0.56811599,1.0000,false
V4T000860,351.315680,-39.233904,ELG,0.64230417,1.0000,false
V4T000861,39.598715,-51.574479,QSO,0.19129758,1.7000,false
V4T000862,0.508506,-21.705304,ELG,0.72874806,1.0000,false
V4T000863,32.657033,-36.463333,LRG,0.31088947,1.0000,false
V4T000864,344.504698,-27.769614,ELG,1.05151578,1.0000,false
V4T000865,358.587004,-25.357533,BGS,2.06221108,0.4500,false
V4T000866,24.726135,-41.996713,ELG,0.51006848,1.0000,true
V4T000867,29.820324,-47.648817,Star,5.75061083,0.3000,false
V4T000868,345.758567,-20.962034,BGS,0.80194951,0.4500,false
V4T000869,346.576638,-36.187948,BGS,1.50175522,0.4500,false
V4T000870,351.218851,-35.126779,QSO,0.22810217,1.7000,false
V4T000871,24.215291,-51.820231,LRG,0.38580856,1.0000,false
V4T000872,32.455010,-36.678525,LRG,0.29126732,1.0000,false
V4T000873,30.281127,-56.511843,QSO,0.31893091,1.7000,false
V4T000874,349.417937,-14.023089,LRG,0.22582823,1.0000,false
V4T000875,40.155111,-36.344814,BGS,1.13105869,0.4500,false
V4T000876,43.487994,-44.819395,ELG,0.60880841,1.0000,false
V4T000877,32.767371,-59.352296,QSO,0.09838328,1.7000,false
V4T000878,31.391645,-59.514034,QSO,0.09312887,1.7000,false
V4T000879,342.739475,-24.543438,ELG,0.29437704,1.0000,false
V4T000880,25.800843,-60.956274,BGS,1.57763695,0.4500,false
V4T000881,348.867071,-31.800465,BGS,1.96719050,0.4500,false
V4T000882,39.316390,-36.075951,BGS,0.89826930,0.4500,false
V4T000883,351.684665,-36.608010,ELG,0.82829388,1.0000,false
V4T000884,353.693847,-23.109665,QSO,0.38854883,1.7000,false
V4T000885,31.403195,-60.013920,BGS,1.97655208,0.4500,false
V4T000886,352.479484,-26.375537,QSO,0.13439859,1.7000,false
V4T000887,355.356796,-26.571600,LRG,0.30249452,1.0000,false
V4T000888,335.932593,-31.199660,BGS,1.40134199,0.4500,false
V4T000889,356.612712,-35.208221,BGS,1.18010617,0.4500,false
V4T000890,31.504842,-55.824763,Star,2.31982052,0.3000,false
V4T000891,342.454157,-23.012431,ELG,0.19749356,1.0000,false
V4T000892,341.827597,-29.221682,LRG,0.54809101,1.0000,false
V4T000893,32.303736,-48.587105,ELG,0.58770184,1.0000,false
V4T000894,1.646062,-21.211353,ELG,0.78023005,1.0000,false
V4T000895,35.075985,-42.412225,BGS,1.26118611,0.4500,false
V4T000896,31.820760,-58.780347,Star,5.70282895,0.3000,false
V4T000897,339.613061,-36.561935,BGS,1.30446113,0.4500,false
V4T000898,351.562709,-36.768282,LRG,0.30568456,1.0000,false
V4T000899,350.760609,-38.530577,LRG,0.23387677,1.0000,false
V4T000900,355.371717,-34.142280,BGS,1.01380978,0.4500,false
V4T000901,350.935691,-36.461624,ELG,0.49096591,1.0000,false
V4T000902,354.120597,-38.691867,QSO,0.17757104,1.7000,false
V4T000903,357.493010,-31.088770,ELG,0.33259973,1.0000,false
V4T000904,341.346971,-30.106536,ELG,0.45203460,1.0000,false
V4T000905,355.095463,-34.295065,ELG,0.48909474,1.0000,false
V4T000906,350.780834,-36.810499,BGS,1.02808942,0.4500,false
V4T000907,354.381574,-34.815242,Star,5.01763887,0.3000,false
V4T000908,38.561234,-50.258525,LRG,0.43012362,1.0000,false
V4T000909,345.311561,-28.736552,ELG,0.44184263,1.0000,false
V4T000910,357.950265,-26.075941,BGS,0.66123513,0.4500,true
V4T000911,347.586363,-37.544557,Star,3.56514318,0.3000,false
V4T000912,33.214485,-51.349075,ELG,0.57391784,1.0000,false
V4T000913,351.094208,-35.904563,ELG,0.59989457,1.0000,false
V4T000914,348.801198,-30.932142,Star,3.94281129,0.3000,false
V4T000915,25.591306,-44.875665,ELG,0.60221314,1.0000,false
V4T000916,353.709942,-35.113032,ELG,0.36868163,1.0000,false
V4T000917,30.197162,-46.490042,ELG,0.34820037,1.0000,true
V4T000918,355.475353,-23.550473,ELG,0.81485816,1.0000,false
V4T000919,339.044152,-17.846157,BGS,0.92125463,0.4500,false
V4T000920,358.191946,-26.743200,Star,3.85556421,0.3000,false
V4T000921,344.428536,-21.712096,QSO,0.13105250,1.7000,false
V4T000922,32.558396,-37.496369,Star,4.10101890,0.3000,false
V4T000923,28.097677,-52.167479,LRG,0.26784034,1.0000,false
V4T000924,353.462432,-38.226135,QSO,0.17682214,1.7000,false
V4T000925,32.992280,-38.303723,Star,5.74196681,0.3000,false
V4T000926,345.429272,-34.742697,ELG,0.66952548,1.0000,false
V4T000927,20.339034,-58.548355,ELG,0.75010091,1.0000,false
V4T000928,53.100399,-47.320940,LRG,0.25626490,1.0000,true
V4T000929,32.699499,-36.421293,BGS,1.15789642,0.4500,false
V4T000930,41.405649,-44.191568,BGS,1.44381439,0.4500,false
V4T000931,339.192017,-34.079857,Star,5.17275057,0.3000,false
V4T000932,354.262203,-23.573768,LRG,0.36917599,1.0000,false
V4T000933,50.793107,-43.976839,ELG,0.44633729,1.0000,false
V4T000934,31.156919,-53.655073,Star,5.10834293,0.3000,false
V4T000935,349.156791,-16.944351,QSO,0.17981369,1.7000,false
V4T000936,355.630149,-32.614663,LRG,0.14349034,1.0000,false
V4T000937,355.192637,-32.332768,QSO,0.33759011,1.7000,false
V4T000938,48.294007,-51.494953,QSO,0.20873971,1.7000,true
V4T000939,339.300444,-20.010189,ELG,0.31934422,1.0000,false
V4T000940,353.498919,-14.890261,BGS,1.77721164,0.4500,true
V4T000941,355.052578,-35.198754,Star,4.17385797,0.3000,false
V4T000942,48.006803,-48.103021,QSO,0.26176984,1.7000,false
V4T000943,351.942909,-39.229024,QSO,0.10364961,1.7000,false
V4T000944,43.360124,-48.952998,BGS,1.55996571,0.4500,false
V4T000945,52.565582,-47.514574,ELG,0.35969311,1.0000,false
V4T000946,355.255784,-25.644292,QSO,0.15394759,1.7000,false
V4T000947,346.741453,-24.935654,LRG,0.19235871,1.0000,true
V4T000948,46.063238,-40.678996,BGS,2.21153524,0.4500,false
V4T000949,46.858680,-45.748368,LRG,0.60009493,1.0000,false
V4T000950,30.117606,-58.884829,LRG,0.19992701,1.0000,false
V4T000951,359.570806,-26.808408,LRG,0.52773716,1.0000,false
V4T000952,358.144011,-18.780640,BGS,0.82657656,0.4500,true
V4T000953,341.691135,-25.836945,ELG,0.40622842,1.0000,false
V4T000954,342.311646,-17.394453,BGS,1.51999526,0.4500,false
V4T000955,342.895608,-33.961128,ELG,0.39595162,1.0000,false
V4T000956,359.816075,-26.490070,BGS,1.70939308,0.4500,false
V4T000957,337.931768,-20.702011,LRG,0.46679353,1.0000,false
V4T000958,43.394500,-39.860108,ELG,0.40388530,1.0000,false
V4T000959,20.123918,-51.930106,LRG,0.14241660,1.0000,false
V4T000960,342.621579,-28.728515,Star,2.11181472,0.3000,false
V4T000961,37.064259,-37.093818,LRG,0.28110683,1.0000,false
V4T000962,342.574717,-24.107233,BGS,1.16325987,0.4500,false
V4T000963,51.104329,-45.366886,ELG,0.61263332,1.0000,false
V4T000964,0.267779,-17.293124,BGS,1.18325506,0.4500,false
V4T000965,356.748017,-18.743449,BGS,1.57956045,0.4500,false
V4T000966,348.377644,-18.460001,BGS,0.74782407,0.4500,false
V4T000967,53.117946,-52.691914,ELG,0.64915587,1.0000,false
V4T000968,48.969842,-44.958968,QSO,0.24253995,1.7000,false
V4T000969,31.750131,-59.228116,LRG,0.37341235,1.0000,false
V4T000970,42.316469,-48.391794,LRG,0.61035501,1.0000,false
V4T000971,30.513933,-59.059129,ELG,0.54766459,1.0000,false
V4T000972,339.212525,-20.320709,BGS,0.88655225,0.4500,false
V4T000973,35.211474,-59.055388,BGS,2.06089469,0.4500,false
V4T000974,48.303162,-41.536636,QSO,0.09147387,1.7000,false
V4T000975,19.530314,-52.423345,BGS,1.03573555,0.4500,false
V4T000976,344.762798,-28.455794,QSO,0.11676963,1.7000,false
V4T000977,340.081549,-32.054374,ELG,0.35064574,1.0000,false
V4T000978,24.832669,-46.588432,BGS,1.13397428,0.4500,false
V4T000979,346.113126,-20.720801,ELG,0.62548495,1.0000,false
V4T000980,51.238513,-45.166161,Star,3.26879843,0.3000,false
V4T000981,358.076246,-20.232577,QSO,0.13575425,1.7000,false
V4T000982,39.875317,-39.830021,ELG,0.29524512,1.0000,false
V4T000983,350.685903,-37.118406,LRG,0.21057342,1.0000,false
V4T000984,44.986873,-47.756640,BGS,0.77801106,0.4500,true
V4T000985,40.457395,-48.362511,ELG,0.35611256,1.0000,false
V4T000986,345.754071,-16.471819,LRG,0.51136577,1.0000,false
V4T000987,31.937352,-58.682995,ELG,1.00499242,1.0000,false
V4T000988,351.115048,-27.327856,ELG,0.39623813,1.0000,false
V4T000989,336.703748,-28.834457,BGS,1.03165448,0.4500,false
V4T000990,342.283325,-34.331997,QSO,0.19386771,1.7000,false
V4T000991,343.990572,-30.888825,Star,3.19759686,0.3000,false
V4T000992,335.687089,-29.953610,BGS,1.95466261,0.4500,false
V4T000993,349.582214,-33.201958,QSO,0.19741443,1.7000,false
V4T000994,49.786204,-44.265438,Star,3.41230872,0.3000,false
V4T000995,33.778901,-47.466796,ELG,0.33712487,1.0000,false
V4T000996,341.260770,-31.550203,LRG,0.54901484,1.0000,true
V4T000997,339.215506,-24.714813,ELG,0.97817343,1.0000,false
V4T000998,349.474150,-40.258815,BGS,1.37870207,0.4500,false
V4T000999,353.707119,-38.223971,QSO,0.77172116,1.7000,false
V4T001000,355.020248,-12.542995,ELG,0.57775685,1.0000,false
V4T001001,20.566026,-52.962874,ELG,0.57799762,1.0000,false
V4T001002,358.254115,-27.011867,BGS,1.10641564,0.4500,true
V4T001003,352.192337,-38.190204,Star,4.78523332,0.3000,false
V4T001004,28.981166,-48.144402,QSO,0.22682757,1.7000,false
V4T001005,19.409947,-51.853042,ELG,0.66881497,1.0000,false
V4T001006,33.126716,-37.460465,LRG,0.18885753,1.0000,false
V4T001007,2.238853,-23.118825,ELG,1.23354212,1.0000,false
V4T001008,344.911941,-15.408917,Star,6.74930634,0.3000,false
V4T001009,348.715406,-18.335776,ELG,0.44416920,1.0000,false
V4T001010,355.707572,-34.954029,BGS,1.91690717,0.4500,false
V4T001011,45.240083,-40.455837,BGS,1.09346082,0.4500,false
V4T001012,29.032952,-45.829653,QSO,0.25650844,1.7000,false
V4T001013,29.215002,-59.802875,ELG,1.02594352,1.0000,false
V4T001014,28.477421,-49.306555,ELG,0.38111749,1.0000,true
V4T001015,337.191710,-30.481047,ELG,0.36530062,1.0000,false
V4T001016,355.344060,-25.515651,ELG,0.63124984,1.0000,false
V4T001017,341.522400,-31.316373,QSO,0.10293656,1.7000,false
V4T001018,19.643222,-56.580085,Star,3.84405960,0.3000,false
V4T001019,355.008722,-22.008747,ELG,0.63533224,1.0000,false
V4T001020,338.583729,-22.179720,LRG,0.43438976,1.0000,false
V4T001021,338.383021,-23.687800,BGS,1.65294424,0.4500,false
V4T001022,346.754474,-27.527200,LRG,0.87561521,1.0000,false
V4T001023,338.876364,-29.808806,BGS,0.94951687,0.4500,false
V4T001024,337.386270,-20.256125,LRG,0.24353079,1.0000,false
V4T001025,344.392892,-19.414704,BGS,1.06146392,0.4500,false
V4T001026,352.879465,-17.663904,QSO,0.12349252,1.7000,false
V4T001027,27.652023,-48.798156,BGS,1.00866758,0.4500,false
V4T001028,44.254254,-40.560170,LRG,0.32664396,1.0000,false
V4T001029,354.395523,-35.950902,ELG,0.38908878,1.0000,false
V4T001030,358.332082,-30.844872,BGS,1.44821636,0.4500,false
V4T001031,347.817619,-34.287565,BGS,1.61976959,0.4500,false
V4T001032,349.902118,-38.758754,LRG,0.39767596,1.0000,false
V4T001033,31.416051,-48.394958,ELG,0.58605473,1.0000,false
V4T001034,351.220504,-38.976837,BGS,1.37520146,0.4500,false
V4T001035,358.174805,-38.679560,BGS,1.77863127,0.4500,false
V4T001036,350.873487,-37.332760,ELG,0.52466813,1.0000,false
V4T001037,39.626733,-54.297210,QSO,0.13609572,1.7000,false
V4T001038,358.246454,-34.986767,QSO,0.29227442,1.7000,false
V4T001039,22.056068,-53.577221,ELG,0.26539422,1.0000,false
V4T001040,349.346206,-28.049829,QSO,0.22188948,1.7000,false
V4T001041,339.442334,-20.271200,BGS,0.78776897,0.4500,false
V4T001042,45.601372,-43.562079,ELG,0.33037045,1.0000,false
V4T001043,350.822938,-35.666882,ELG,0.59717800,1.0000,false
V4T001044,334.806880,-30.961496,ELG,0.59248782,1.0000,false
V4T001045,353.631874,-34.758205,BGS,0.75864176,0.4500,false
V4T001046,38.034749,-58.904899,ELG,0.55199420,1.0000,false
V4T001047,351.852004,-38.906992,LRG,0.41595012,1.0000,false
V4T001048,38.022552,-55.260344,QSO,0.23838368,1.7000,false
V4T001049,345.312948,-28.505714,BGS,1.39499368,0.4500,false
V4T001050,27.364152,-42.522610,BGS,0.87458626,0.4500,false
V4T001051,20.596858,-44.645762,QSO,0.25882598,1.7000,false
V4T001052,345.407075,-28.096026,QSO,0.25782143,1.7000,false
V4T001053,346.032788,-36.194247,ELG,0.37630360,1.0000,false
V4T001054,353.401707,-34.876028,ELG,0.87878085,1.0000,false
V4T001055,335.910394,-25.001068,ELG,0.59926048,1.0000,false
V4T001056,337.824900,-34.981471,BGS,0.90767037,0.4500,false
V4T001057,349.151555,-23.423044,BGS,1.43733387,0.4500,false
V4T001058,349.250068,-30.016122,LRG,0.22684352,1.0000,false
V4T001059,344.263591,-27.690248,ELG,0.28982369,1.0000,false
V4T001060,40.810914,-60.356881,LRG,0.52695092,1.0000,false
V4T001061,338.871880,-19.611977,ELG,0.38926424,1.0000,false
V4T001062,346.948931,-15.402863,ELG,0.23343661,1.0000,false
V4T001063,32.237370,-59.341258,ELG,0.45646999,1.0000,false
V4T001064,37.407359,-59.694191,LRG,0.26328423,1.0000,false
V4T001065,341.689771,-18.876476,LRG,0.51233663,1.0000,false
V4T001066,349.688288,-35.394883,QSO,0.09411146,1.7000,false
V4T001067,23.455413,-57.847986,QSO,0.07577936,1.7000,false
V4T001068,31.480612,-60.748949,ELG,0.74854164,1.0000,false
V4T001069,349.330396,-31.872025,ELG,0.73492205,1.0000,false
V4T001070,359.666974,-24.596920,Star,3.97213173,0.3000,false
V4T001071,45.819224,-50.635732,ELG,1.16248234,1.0000,false
V4T001072,38.246814,-44.151443,ELG,0.44607154,1.0000,false
V4T001073,346.164114,-15.500962,LRG,0.35416017,1.0000,false
V4T001074,344.970663,-28.403273,LRG,0.39905761,1.0000,false
V4T001075,345.368878,-28.774547,QSO,0.33339044,1.7000,false
V4T001076,48.946443,-44.369368,LRG,0.23377021,1.0000,false
V4T001077,39.491035,-47.857670,ELG,0.39252379,1.0000,false
V4T001078,355.588108,-34.451974,ELG,0.78743471,1.0000,false
V4T001079,341.356915,-29.689739,BGS,1.39006847,0.4500,false
V4T001080,23.182261,-52.840509,ELG,0.66409763,1.0000,false
V4T001081,50.078712,-43.716488,BGS,1.76858125,0.4500,false
V4T001082,31.422955,-59.024798,ELG,0.72548746,1.0000,false
V4T001083,41.082370,-37.647452,QSO,0.48914400,1.7000,false
V4T001084,358.256462,-30.909064,LRG,0.35915984,1.0000,false
V4T001085,358.649587,-33.705994,ELG,0.38154770,1.0000,false
V4T001086,354.100272,-37.921950,LRG,0.78475146,1.0000,false
V4T001087,31.875345,-59.775134,ELG,0.34643701,1.0000,false
V4T001088,2.943780,-24.273058,LRG,0.31764964,1.0000,false
V4T001089,31.901634,-59.606122,ELG,0.21679146,1.0000,false
V4T001090,44.832274,-45.415363,ELG,0.21228499,1.0000,false
V4T001091,2.570558,-24.205186,ELG,0.89535461,1.0000,false
V4T001092,41.249261,-49.653692,BGS,0.94997597,0.4500,false
V4T001093,351.842715,-23.215317,BGS,1.64326578,0.4500,false
V4T001094,50.398471,-44.766139,QSO,0.08211722,1.7000,false
V4T001095,50.347373,-50.951696,BGS,1.26910367,0.4500,false
V4T001096,31.720312,-61.746515,ELG,0.32932804,1.0000,false
V4T001097,356.509688,-13.463280,BGS,1.25241562,0.4500,false
V4T001098,33.095354,-36.418976,LRG,0.17951580,1.0000,false
V4T001099,29.113675,-53.340734,LRG,0.30702480,1.0000,false
V4T001100,341.622027,-28.292573,QSO,0.16603017,1.7000,false
V4T001101,353.035831,-38.182969,LRG,0.51940873,1.0000,false
V4T001102,356.019762,-23.745191,BGS,0.78704073,0.4500,false
V4T001103,354.415184,-38.773479,ELG,0.32793004,1.0000,false
V4T001104,45.886662,-57.786524,LRG,0.56418382,1.0000,false
V4T001105,41.227215,-46.972556,LRG,0.45516924,1.0000,false
V4T001106,342.244984,-26.534345,Star,4.50503595,0.3000,false
V4T001107,338.395594,-25.230003,Star,4.16490675,0.3000,false
V4T001108,0.745119,-22.143965,ELG,0.59868165,1.0000,false
V4T001109,38.690570,-48.613100,ELG,0.59706063,1.0000,false
V4T001110,352.162557,-37.069477,ELG,0.30680391,1.0000,false
V4T001111,351.320046,-12.524911,LRG,0.26869426,1.0000,false
V4T001112,345.991333,-30.969694,LRG,0.31897264,1.0000,false
V4T001113,353.510593,-38.556295,BGS,1.38941937,0.4500,false
V4T001114,335.918498,-32.152470,LRG,0.32235437,1.0000,false
V4T001115,0.912181,-29.989564,ELG,0.58240359,1.0000,false
V4T001116,351.313023,-24.873920,BGS,0.61856239,0.4500,false
V4T001117,339.114961,-27.437259,QSO,0.08003152,1.7000,true
V4T001118,355.689454,-34.379467,LRG,0.54044090,1.0000,false
V4T001119,27.776204,-52.805062,LRG,0.27096267,1.0000,false
V4T001120,34.263665,-60.353272,LRG,0.24022581,1.0000,false
V4T001121,352.403936,-39.671255,ELG,0.61310998,1.0000,false
V4T001122,50.852410,-44.982271,ELG,0.45263332,1.0000,false
V4T001123,20.017964,-49.958604,LRG,0.19950482,1.0000,false
V4T001124,356.701983,-25.266146,ELG,0.65732641,1.0000,false
V4T001125,38.015928,-40.162702,Star,2.75067451,0.3000,false
V4T001126,42.174172,-58.224681,QSO,0.28041139,1.7000,false
V4T001127,50.834493,-55.657756,LRG,0.29046981,1.0000,false
V4T001128,346.078396,-34.457361,BGS,2.13891515,0.4500,false
V4T001129,2.614253,-32.125057,BGS,1.09005253,0.4500,false
V4T001130,334.842716,-27.118925,BGS,0.97527616,0.4500,false
V4T001131,350.888014,-32.616787,ELG,0.35489774,1.0000,false
V4T001132,354.205762,-29.125741,QSO,0.13462516,1.7000,false
V4T001133,0.355899,-20.287069,LRG,0.25077466,1.0000,false
V4T001134,339.620463,-35.173569,BGS,1.82230100,0.4500,false
V4T001135,31.148692,-62.069389,LRG,0.31730242,1.0000,false
V4T001136,34.267850,-46.065757,BGS,1.36604893,0.4500,false
V4T001137,0.379883,-25.407355,LRG,0.31812650,1.0000,false
V4T001138,31.799850,-35.572745,BGS,1.46384470,0.4500,false
V4T001139,29.634275,-62.005954,ELG,0.53126040,1.0000,false
V4T001140,30.401291,-42.781833,QSO,0.28206456,1.7000,false
V4T001141,342.861235,-32.080557,LRG,0.39150960,1.0000,false
V4T001142,31.917330,-43.085057,BGS,1.54229649,0.4500,false
V4T001143,358.815398,-25.255323,BGS,1.26394165,0.4500,false
V4T001144,353.636322,-38.906393,BGS,1.45474708,0.4500,false
V4T001145,350.532838,-36.171454,QSO,0.21811148,1.7000,false
V4T001146,37.681604,-44.067301,ELG,0.42859318,1.0000,false
V4T001147,30.638648,-42.359965,ELG,0.62168572,1.0000,true
V4T001148,32.411927,-36.531285,Star,4.09261162,0.3000,false
V4T001149,352.530283,-35.386951,ELG,0.57645807,1.0000,false
V4T001150,1.002656,-27.020345,ELG,0.82608429,1.0000,false
V4T001151,50.172880,-44.565131,BGS,1.25901839,0.4500,false
V4T001152,350.647244,-36.391778,BGS,1.64268912,0.4500,false
V4T001153,43.033704,-40.804123,LRG,0.15037366,1.0000,false
V4T001154,52.075424,-46.453608,ELG,0.87314404,1.0000,false
V4T001155,335.773454,-32.457040,BGS,0.93678760,0.4500,false
V4T001156,3.358292,-24.160666,ELG,0.64603917,1.0000,false
V4T001157,27.743019,-43.405550,BGS,1.01979490,0.4500,false
V4T001158,349.934291,-39.208780,ELG,0.50692747,1.0000,false
V4T001159,356.206228,-19.761763,Star,5.53997997,0.3000,false
V4T001160,4.390269,-25.737972,BGS,1.30089511,0.4500,false
V4T001161,341.846226,-20.357276,BGS,1.74924008,0.4500,false
V4T001162,46.550257,-48.129617,ELG,0.84268743,1.0000,false
V4T001163,39.459309,-36.595674,BGS,1.23034223,0.4500,false
V4T001164,341.322346,-21.468678,LRG,0.27292992,1.0000,false
V4T001165,351.630437,-38.925413,LRG,0.10093000,1.0000,false
V4T001166,351.820524,-39.111555,ELG,0.37233992,1.0000,false
V4T001167,342.646208,-15.671123,QSO,0.17895937,1.7000,false
V4T001168,27.710507,-55.413509,QSO,0.14206226,1.7000,false
V4T001169,3.422537,-22.834976,BGS,2.09085091,0.4500,false
V4T001170,34.487422,-56.931867,BGS,2.10817739,0.4500,false
V4T001171,51.714254,-48.639859,ELG,0.39980061,1.0000,false
V4T001172,346.106896,-20.896095,BGS,0.88197702,0.4500,true
V4T001173,34.125714,-41.972227,QSO,0.20838869,1.7000,false
V4T001174,32.793516,-60.161676,ELG,0.95276752,1.0000,false
V4T001175,343.134182,-36.518851,BGS,1.56567663,0.4500,false
V4T001176,352.854366,-38.299805,QSO,0.05883631,1.7000,false
V4T001177,351.855210,-34.087692,LRG,0.70264070,1.0000,false
V4T001178,32.816127,-36.912074,ELG,0.63933418,1.0000,false
V4T001179,1.319331,-24.424618,Star,3.14640234,0.3000,false
V4T001180,355.361508,-23.701576,Star,3.28311920,0.3000,false
V4T001181,354.640349,-35.597036,ELG,0.59545873,1.0000,false
V4T001182,45.135116,-53.663232,BGS,1.87354196,0.4500,false
V4T001183,32.557390,-36.446189,LRG,0.64090784,1.0000,false
V4T001184,33.423446,-48.191467,Star,5.21829841,0.3000,false
V4T001185,353.909456,-38.132623,LRG,0.20435756,1.0000,false
V4T001186,32.850528,-36.273424,Star,5.31440816,0.3000,false
V4T001187,30.876534,-49.202063,BGS,1.66531299,0.4500,false
V4T001188,350.061895,-32.422113,ELG,1.61219916,1.0000,false
V4T001189,351.737971,-39.847891,BGS,0.87865782,0.4500,false
V4T001190,0.646674,-34.437164,ELG,0.55320684,1.0000,false
V4T001191,345.836121,-20.714661,BGS,1.17691431,0.4500,false
V4T001192,355.553408,-34.312219,QSO,0.11627718,1.7000,false
V4T001193,355.088119,-34.575074,Star,3.24122556,0.3000,false
V4T001194,35.397510,-58.546471,ELG,0.55795122,1.0000,false
V4T001195,26.352242,-57.536137,ELG,0.35671581,1.0000,false
V4T001196,351.420831,-39.318074,BGS,1.38876628,0.4500,false
V4T001197,359.709966,-22.972950,BGS,1.67732605,0.4500,false
V4T001198,351.202419,-33.711858,QSO,0.23432779,1.7000,false
V4T001199,337.426319,-27.326978,BGS,0.96067469,0.4500,false
V4T001200,38.587663,-61.933252,QSO,0.27660545,1.7000,false
V4T001201,49.183036,-43.781993,LRG,0.39323763,1.0000,false
V4T001202,336.855039,-22.299975,ELG,0.94400955,1.0000,false
V4T001203,357.697765,-15.532889,LRG,0.26426406,1.0000,false
V4T001204,343.480273,-21.597191,LRG,0.38266195,1.0000,false
V4T001205,30.927243,-59.053082,LRG,0.34138626,1.0000,false
V4T001206,345.469078,-34.983714,ELG,0.84013619,1.0000,false
V4T001207,354.807349,-39.854792,ELG,0.64447190,1.0000,false
V4T001208,50.973871,-48.168310,Star,5.42307960,0.3000,false
V4T001209,23.989058,-39.927201,Star,4.93797471,0.3000,false
V4T001210,355.502250,-37.144049,BGS,0.69508186,0.4500,false
V4T001211,353.792351,-38.925860,LRG,0.44879480,1.0000,true
V4T001212,36.369768,-36.707363,LRG,0.34702260,1.0000,true
V4T001213,1.154220,-26.129039,ELG,0.41616531,1.0000,false
V4T001214,1.945383,-23.993191,QSO,0.18166977,1.7000,false
V4T001215,1.817871,-25.936294,BGS,1.41368330,0.4500,false
V4T001216,31.281000,-59.421299,LRG,0.29060994,1.0000,false
V4T001217,30.853412,-59.458654,LRG,0.41534688,1.0000,false
V4T001218,352.733874,-26.100575,QSO,0.26604040,1.7000,false
V4T001219,30.101724,-59.621402,BGS,0.84554456,0.4500,false
V4T001220,26.400656,-56.212184,LRG,0.23451173,1.0000,false
V4T001221,352.859780,-21.684372,Star,3.46772720,0.3000,false
V4T001222,32.950147,-36.957572,ELG,0.75312240,1.0000,false
V4T001223,51.359767,-44.613430,QSO,0.11395466,1.7000,false
V4T001224,41.504167,-42.161132,QSO,0.25255369,1.7000,false
V4T001225,51.211418,-55.752348,ELG,0.74106178,1.0000,false
V4T001226,24.387000,-42.560174,ELG,0.30390083,1.0000,true
V4T001227,350.862188,-40.292246,QSO,0.20073709,1.7000,false
V4T001228,37.673689,-46.355119,LRG,0.46301605,1.0000,false
V4T001229,343.913812,-30.151836,QSO,0.12061936,1.7000,false
V4T001230,45.550467,-55.566326,BGS,1.35213647,0.4500,false
V4T001231,344.772691,-19.789810,BGS,1.48362348,0.4500,false
V4T001232,340.688468,-17.394392,BGS,0.81528674,0.4500,false
V4T001233,1.114972,-33.257557,BGS,1.92816314,0.4500,false
V4T001234,338.707335,-23.409589,LRG,0.33223564,1.0000,false
V4T001235,46.591634,-43.217553,ELG,0.63154129,1.0000,false
V4T001236,341.256904,-25.005797,BGS,1.16828214,0.4500,false
V4T001237,352.311779,-28.149309,LRG,0.46537796,1.0000,false
V4T001238,37.679444,-46.208086,LRG,0.24908820,1.0000,false
V4T001239,31.782073,-37.030728,LRG,0.56116915,1.0000,false
V4T001240,345.531452,-33.219722,QSO,0.12935244,1.7000,false
V4T001241,351.103273,-36.877370,ELG,0.65019638,1.0000,false
V4T001242,43.913639,-39.823158,QSO,0.06628222,1.7000,false
V4T001243,340.219144,-34.256538,ELG,0.46098045,1.0000,false
V4T001244,351.216724,-38.932340,ELG,0.57093891,1.0000,false
V4T001245,348.643196,-12.226279,Star,8.19923133,0.3000,true
V4T001246,344.020252,-19.513769,ELG,0.60175605,1.0000,false
V4T001247,349.532588,-37.226852,BGS,2.26481277,0.4500,false
V4T001248,346.468869,-20.364827,ELG,0.44733922,1.0000,false
V4T001249,39.283700,-51.647113,BGS,0.84808587,0.4500,false
V4T001250,341.982601,-37.016388,BGS,2.42154384,0.4500,false
V4T001251,358.696738,-26.023840,LRG,0.31225310,1.0000,false
V4T001252,339.808577,-17.414789,QSO,0.13068141,1.7000,false
V4T001253,345.403344,-20.725674,ELG,0.75925394,1.0000,false
V4T001254,345.780409,-21.112421,LRG,0.47642070,1.0000,false
V4T001255,348.955935,-38.545229,QSO,0.12043063,1.7000,false
V4T001256,39.857720,-60.033233,QSO,0.37288859,1.7000,false
V4T001257,350.397092,-39.792877,QSO,0.12411348,1.7000,false
V4T001258,355.789241,-33.908421,LRG,0.23890934,1.0000,false
V4T001259,31.185351,-50.383008,ELG,0.29774155,1.0000,false
V4T001260,350.257413,-37.671278,ELG,0.69668533,1.0000,false
V4T001261,29.299825,-50.390274,Star,4.88459830,0.3000,false
V4T001262,353.591949,-38.401967,ELG,1.02525170,1.0000,false
V4T001263,29.094207,-47.757337,BGS,1.07112245,0.4500,false
V4T001264,48.804537,-46.218446,ELG,0.45273267,1.0000,false
V4T001265,356.939424,-17.636457,BGS,1.69591878,0.4500,false
V4T001266,341.706558,-31.402942,ELG,0.41383428,1.0000,false
V4T001267,30.749125,-55.184312,ELG,0.59553938,1.0000,false
V4T001268,20.754888,-47.448206,BGS,1.52941786,0.4500,false
V4T001269,354.040892,-35.410374,ELG,0.32652291,1.0000,false
V4T001270,28.223761,-40.761316,ELG,0.68893471,1.0000,false
V4T001271,22.475967,-40.910285,ELG,0.76958447,1.0000,false
V4T001272,345.496986,-29.499494,ELG,0.68812140,1.0000,false
V4T001273,344.605707,-26.599255,QSO,0.05545050,1.7000,false
V4T001274,353.444903,-39.205508,BGS,0.96636520,0.4500,false
V4T001275,19.328820,-54.877246,QSO,0.12421856,1.7000,false
V4T001276,45.298032,-50.363182,ELG,0.77747767,1.0000,false
V4T001277,356.122394,-21.178180,ELG,0.43501332,1.0000,false
V4T001278,355.013490,-33.586738,BGS,1.20753092,0.4500,false
V4T001279,32.037701,-48.911375,LRG,0.62118669,1.0000,false
V4T001280,355.717818,-34.465637,ELG,0.91865539,1.0000,false
V4T001281,355.945990,-33.986517,ELG,0.66766264,1.0000,false
V4T001282,353.894843,-38.256815,ELG,0.33769580,1.0000,false
V4T001283,35.919003,-38.902098,LRG,0.56714417,1.0000,false
V4T001284,355.565842,-35.478062,Star,4.17360943,0.3000,false
V4T001285,44.920192,-40.843355,Star,3.61428529,0.3000,false
V4T001286,345.178983,-28.037238,QSO,0.15492361,1.7000,false
V4T001287,354.169493,-19.182934,ELG,0.49627803,1.0000,false
V4T001288,36.167379,-52.096423,ELG,0.54199132,1.0000,false
V4T001289,48.084870,-58.279822,ELG,0.48022715,1.0000,false
V4T001290,350.054771,-18.578339,ELG,0.35370628,1.0000,false
V4T001291,30.258249,-45.289138,ELG,0.48905836,1.0000,false
V4T001292,50.732795,-41.515037,QSO,0.25201858,1.7000,false
V4T001293,353.904547,-38.858760,QSO,0.18680114,1.7000,false
V4T001294,346.061177,-34.307539,Star,3.20960604,0.3000,false
V4T001295,31.567446,-60.007951,BGS,0.76648215,0.4500,false
V4T001296,26.515180,-53.724503,BGS,0.71418022,0.4500,false
V4T001297,29.966649,-60.092442,LRG,0.39798771,1.0000,false
V4T001298,352.318851,-31.344253,BGS,1.55297017,0.4500,false
V4T001299,26.175945,-40.413418,QSO,0.17546981,1.7000,false
V4T001300,29.080998,-39.255320,ELG,0.60537970,1.0000,false
V4T001301,338.865595,-19.009735,ELG,0.74685792,1.0000,false
V4T001302,338.856205,-25.342925,ELG,0.81150244,1.0000,false
V4T001303,337.996504,-31.854749,BGS,0.92071639,0.4500,false
V4T001304,40.814152,-43.196793,ELG,0.40609940,1.0000,false
V4T001305,339.807050,-17.803483,Star,5.13024466,0.3000,false
V4T001306,32.450960,-36.196246,BGS,1.66482130,0.4500,true
V4T001307,357.307448,-26.084940,BGS,1.22196251,0.4500,false
V4T001308,341.002711,-24.736333,LRG,0.35899528,1.0000,false
V4T001309,32.565160,-47.162217,ELG,0.39432115,1.0000,true
V4T001310,41.367118,-43.896413,QSO,0.15394420,1.7000,false
V4T001311,355.149820,-37.942435,BGS,1.64155618,0.4500,false
V4T001312,356.266807,-35.716040,Star,5.02115718,0.3000,false
V4T001313,347.911042,-29.474854,ELG,0.52374273,1.0000,false
V4T001314,359.785349,-23.385539,Star,5.11129503,0.3000,false
V4T001315,34.884689,-38.902066,QSO,0.05762740,1.7000,false
V4T001316,353.809536,-12.818445,ELG,0.54267419,1.0000,false
V4T001317,353.616334,-37.122914,LRG,0.29618181,1.0000,false
V4T001318,339.453770,-34.748583,ELG,0.68232873,1.0000,false
V4T001319,339.307891,-27.550466,ELG,0.45437058,1.0000,false
V4T001320,351.518696,-15.808083,BGS,1.47725164,0.4500,false
V4T001321,39.447136,-42.642157,Star,4.55828495,0.3000,false
V4T001322,39.494355,-40.691084,BGS,1.76017885,0.4500,false
V4T001323,356.637904,-34.389913,BGS,1.87623961,0.4500,false
V4T001324,358.975366,-16.266631,ELG,0.44455287,1.0000,false
V4T001325,37.113137,-47.007755,BGS,2.05701118,0.4500,true
V4T001326,39.102676,-47.044263,ELG,0.54520021,1.0000,false
V4T001327,0.341315,-20.863789,LRG,0.65561620,1.0000,false
V4T001328,348.830664,-36.182998,BGS,2.05615656,0.4500,false
V4T001329,355.218220,-28.858817,BGS,0.70534359,0.4500,false
V4T001330,35.148210,-40.658275,ELG,0.55269464,1.0000,false
V4T001331,347.002647,-22.316356,LRG,0.44688217,1.0000,false
V4T001332,358.352543,-23.438470,BGS,1.53637856,0.4500,false
V4T001333,42.563273,-53.351481,LRG,0.30942121,1.0000,false
V4T001334,351.935369,-39.517059,LRG,0.35327119,1.0000,true
V4T001335,3.079067,-32.337463,ELG,0.39723441,1.0000,false
V4T001336,32.980428,-44.299209,QSO,0.48047780,1.7000,false
V4T001337,349.399849,-16.014358,BGS,1.65114668,0.4500,true
V4T001338,353.215732,-29.522693,ELG,0.66402843,1.0000,false
V4T001339,359.563956,-34.098656,LRG,0.53851350,1.0000,false
V4T001340,2.527464,-31.242685,BGS,1.63011149,0.4500,false
V4T001341,336.932974,-34.020235,ELG,0.68774491,1.0000,false
V4T001342,349.975949,-36.953436,ELG,0.97911975,1.0000,false
V4T001343,355.258657,-34.973673,Star,3.50205877,0.3000,false
V4T001344,345.620628,-20.760987,QSO,0.14830628,1.7000,false
V4T001345,352.868185,-38.912196,ELG,0.29742644,1.0000,false
V4T001346,1.206734,-20.736973,ELG,0.55414520,1.0000,false
V4T001347,24.239328,-54.475097,BGS,0.99425891,0.4500,false
V4T001348,41.857811,-40.377030,LRG,0.36780050,1.0000,false
V4T001349,48.872299,-52.329311,LRG,0.59595498,1.0000,false
V4T001350,46.185317,-40.601161,QSO,0.39723635,1.7000,false
V4T001351,340.928864,-19.323459,BGS,1.93029035,0.4500,false
V4T001352,355.002353,-33.812704,BGS,1.25285118,0.4500,false
V4T001353,30.870169,-58.547947,ELG,1.10030291,1.0000,false
V4T001354,31.393015,-53.597877,ELG,0.55312534,1.0000,false
V4T001355,34.032628,-46.252381,ELG,0.63759803,1.0000,false
V4T001356,359.181543,-20.952229,ELG,0.51897710,1.0000,false
V4T001357,353.548279,-34.458552,BGS,1.28461009,0.4500,false
V4T001358,344.715316,-26.707705,BGS,1.42757966,0.4500,false
V4T001359,355.287556,-24.806715,LRG,0.47023233,1.0000,false
V4T001360,24.863518,-38.513828,Star,3.59068931,0.3000,false
V4T001361,342.684672,-21.636295,BGS,1.22449610,0.4500,false
V4T001362,340.974619,-30.231719,BGS,0.87868668,0.4500,false
V4T001363,353.930907,-36.031286,BGS,1.92355595,0.4500,false
V4T001364,21.794058,-49.473243,ELG,0.71764609,1.0000,false
V4T001365,48.824750,-39.772740,LRG,0.39032711,1.0000,false
V4T001366,356.124566,-34.597813,BGS,1.97966642,0.4500,false
V4T001367,353.969419,-35.424565,ELG,0.41622668,1.0000,false
V4T001368,43.341108,-50.545330,LRG,0.47384872,1.0000,false
V4T001369,51.911935,-50.198842,ELG,0.33108729,1.0000,false
V4T001370,32.914242,-58.990726,BGS,1.42297693,0.4500,false
V4T001371,31.782059,-58.947299,LRG,0.51832464,1.0000,false
V4T001372,24.803404,-38.405366,BGS,0.94012138,0.4500,false
V4T001373,358.704784,-22.524837,BGS,0.65414136,0.4500,false
V4T001374,48.066987,-44.293631,LRG,0.18577995,1.0000,false
V4T001375,344.533391,-39.243996,BGS,0.53578553,0.4500,false
V4T001376,3.267175,-32.869126,ELG,0.65782698,1.0000,false
V4T001377,49.406089,-43.139774,BGS,1.63510682,0.4500,false
V4T001378,25.825812,-61.715212,Star,5.26844766,0.3000,false
V4T001379,347.780002,-16.153192,Star,3.59420161,0.3000,false
V4T001380,31.171375,-54.488448,BGS,1.19675771,0.4500,true
V4T001381,358.075451,-26.031060,ELG,0.59016695,1.0000,false
V4T001382,354.598365,-34.845463,ELG,0.32034758,1.0000,false
V4T001383,24.041682,-39.852410,BGS,1.37788408,0.4500,false
V4T001384,33.188687,-40.921029,ELG,0.37632675,1.0000,false
V4T001385,350.815289,-36.763677,BGS,1.59000442,0.4500,false
V4T001386,36.080122,-54.319379,ELG,1.03580830,1.0000,false
V4T001387,342.690334,-18.004410,ELG,0.52050958,1.0000,false
V4T001388,336.657688,-30.032655,Star,4.33096027,0.3000,true
V4T001389,29.139094,-51.034889,QSO,0.19910071,1.7000,false
V4T001390,355.429589,-34.848429,BGS,1.23378302,0.4500,false
V4T001391,357.924808,-26.186123,LRG,0.28047251,1.0000,false
V4T001392,35.108671,-41.342463,BGS,1.15907246,0.4500,false
V4T001393,346.741721,-34.008874,BGS,0.98572855,0.4500,false
V4T001394,337.479089,-24.969670,ELG,0.22050406,1.0000,false
V4T001395,336.664572,-31.261828,ELG,0.59981673,1.0000,false
V4T001396,351.861623,-38.362468,BGS,3.42660553,0.4500,false
V4T001397,25.975688,-39.864244,BGS,1.64744154,0.4500,false
V4T001398,343.997380,-26.155580,ELG,0.33910299,1.0000,false
V4T001399,344.556126,-20.982774,LRG,0.26980856,1.0000,false
V4T001400,49.260247,-46.950499,LRG,0.20594177,1.0000,false
V4T001401,32.935232,-36.532730,QSO,0.12521016,1.7000,false
V4T001402,342.621115,-26.695583,ELG,0.56998881,1.0000,false
V4T001403,351.103931,-30.127375,ELG,0.50436303,1.0000,false
V4T001404,353.341267,-32.056096,Star,3.11391727,0.3000,false
V4T001405,42.412289,-51.009210,BGS,1.99832051,0.4500,false
V4T001406,359.029284,-26.255126,BGS,1.17848451,0.4500,false
V4T001407,350.713094,-37.199035,ELG,0.44756642,1.0000,false
V4T001408,345.340644,-20.851449,BGS,1.05422551,0.4500,false
V4T001409,29.110427,-58.888112,ELG,0.44327455,1.0000,false
V4T001410,354.735225,-38.569009,QSO,0.30112219,1.7000,false
V4T001411,346.075774,-12.457466,Star,4.03405315,0.3000,false
V4T001412,336.842091,-31.866330,ELG,0.56172799,1.0000,true
V4T001413,350.437491,-18.543964,LRG,0.22220413,1.0000,false
V4T001414,356.073938,-35.011484,BGS,1.32495314,0.4500,false
V4T001415,19.312947,-53.472600,ELG,0.41257323,1.0000,false
V4T001416,39.213607,-57.933490,ELG,0.51103657,1.0000,false
V4T001417,0.799837,-28.898921,BGS,1.66712888,0.4500,false
V4T001418,358.010676,-14.924374,QSO,0.12691080,1.7000,false
V4T001419,34.240882,-37.768923,LRG,0.29562364,1.0000,false
V4T001420,358.197655,-26.847089,QSO,0.25489131,1.7000,false
V4T001421,346.038059,-29.124158,LRG,0.56181029,1.0000,false
V4T001422,346.350698,-20.421683,ELG,0.26904507,1.0000,false
V4T001423,27.883912,-40.020632,LRG,0.47879894,1.0000,false
V4T001424,37.908798,-43.913297,ELG,0.51975914,1.0000,false
V4T001425,341.366599,-21.189051,LRG,0.43700118,1.0000,false
V4T001426,27.994911,-41.554691,ELG,0.64334784,1.0000,false
V4T001427,26.008707,-45.202117,LRG,0.36416130,1.0000,false
V4T001428,31.326231,-59.857996,BGS,1.90790911,0.4500,false
V4T001429,340.511076,-37.724328,ELG,1.50500810,1.0000,true
V4T001430,351.227237,-25.524298,Star,7.15003732,0.3000,true
V4T001431,352.250172,-38.724055,BGS,2.39662288,0.4500,false
V4T001432,352.931055,-14.122965,BGS,1.06563149,0.4500,false
V4T001433,49.749012,-52.984244,ELG,0.53565054,1.0000,false
V4T001434,353.517094,-37.568357,ELG,0.25666834,1.0000,true
V4T001435,345.777115,-28.146989,BGS,0.91190312,0.4500,false
V4T001436,0.704291,-31.974865,ELG,0.35998349,1.0000,false
V4T001437,32.058428,-59.087515,BGS,1.14867036,0.4500,false
V4T001438,29.965649,-59.501120,ELG,0.50250238,1.0000,false
V4T001439,346.010220,-13.142779,ELG,0.60307103,1.0000,false
V4T001440,31.363107,-58.862625,LRG,0.59935049,1.0000,false
V4T001441,33.186837,-37.302178,Star,4.28759918,0.3000,false
V4T001442,37.748035,-52.362588,ELG,0.82885492,1.0000,true
V4T001443,44.849089,-59.537402,ELG,0.41554957,1.0000,false
V4T001444,346.042234,-27.396496,BGS,1.17738453,0.4500,false
V4T001445,351.221864,-35.877458,ELG,0.92707433,1.0000,true
V4T001446,42.939276,-58.240555,LRG,0.32347725,1.0000,false
V4T001447,22.726363,-56.254609,ELG,0.48263724,1.0000,false
V4T001448,32.276152,-36.526551,LRG,0.44080047,1.0000,false
V4T001449,356.823564,-13.403715,ELG,0.33599206,1.0000,false
V4T001450,354.242630,-27.273584,LRG,0.29858800,1.0000,false
V4T001451,345.582978,-18.022241,QSO,0.07760723,1.7000,false
V4T001452,343.897254,-31.536298,QSO,0.14519696,1.7000,false
V4T001453,354.849039,-24.483430,ELG,0.78657922,1.0000,false
V4T001454,21.463581,-42.486963,ELG,0.47823252,1.0000,false
V4T001455,357.254088,-22.560643,LRG,0.30043722,1.0000,false
V4T001456,24.038931,-45.338790,Star,4.35922811,0.3000,false
V4T001457,40.773111,-41.839025,ELG,0.43231827,1.0000,false
V4T001458,337.859446,-22.772926,LRG,0.60276199,1.0000,false
V4T001459,25.574146,-57.561424,LRG,0.36336941,1.0000,true
V4T001460,351.309282,-37.520885,QSO,0.16288391,1.7000,false
V4T001461,347.874536,-27.884192,ELG,0.49967283,1.0000,false
V4T001462,344.217537,-21.704488,BGS,1.08037845,0.4500,false
V4T001463,353.947063,-35.247250,BGS,0.80615623,0.4500,false
V4T001464,348.140804,-14.095029,QSO,0.09298689,1.7000,false
V4T001465,353.863707,-38.738264,LRG,0.37390040,1.0000,false
V4T001466,353.424541,-38.238763,BGS,1.10015353,0.4500,false
V4T001467,3.559043,-28.582192,ELG,0.57625454,1.0000,false
V4T001468,351.410333,-27.242629,BGS,1.37991902,0.4500,true
V4T001469,24.619664,-45.513066,BGS,1.30961814,0.4500,false
V4T001470,0.789887,-23.709813,ELG,1.36281859,1.0000,false
V4T001471,31.965864,-37.408396,ELG,0.30907302,1.0000,false
V4T001472,33.847140,-37.320495,LRG,0.31202899,1.0000,false
V4T001473,345.995415,-28.748449,QSO,0.23170583,1.7000,false
V4T001474,52.912779,-44.480717,BGS,0.98151154,0.4500,false
V4T001475,51.885809,-49.224813,BGS,1.61366048,0.4500,true
V4T001476,341.344288,-20.147923,QSO,0.34069201,1.7000,false
V4T001477,345.557862,-39.787010,LRG,0.33777378,1.0000,false
V4T001478,0.351018,-19.536968,LRG,0.30634995,1.0000,false
V4T001479,350.868091,-36.718784,Star,3.14370895,0.3000,false
V4T001480,337.556111,-23.641797,BGS,0.91562732,0.4500,false
V4T001481,51.000911,-52.236490,LRG,0.30296710,1.0000,false
V4T001482,356.737099,-15.893699,LRG,0.38968409,1.0000,false
V4T001483,35.274424,-54.494526,BGS,1.46391875,0.4500,false
V4T001484,35.585104,-45.625259,QSO,0.13582385,1.7000,false
V4T001485,351.343862,-23.457980,BGS,1.98396380,0.4500,false
V4T001486,33.875730,-37.126675,QSO,0.31738871,1.7000,false
V4T001487,349.192486,-16.707187,ELG,1.07022295,1.0000,false
V4T001488,20.394222,-51.846860,LRG,0.31065404,1.0000,false
V4T001489,345.794362,-20.553849,BGS,0.90561009,0.4500,false
V4T001490,43.902511,-60.152532,LRG,0.61945817,1.0000,false
V4T001491,350.818397,-36.561032,ELG,0.72773430,1.0000,false
V4T001492,34.583276,-38.446265,LRG,0.56575100,1.0000,false
V4T001493,353.792627,-39.108375,BGS,1.52608803,0.4500,false
V4T001494,43.469190,-42.945652,LRG,0.28695377,1.0000,false
V4T001495,351.694967,-39.546971,BGS,1.33976941,0.4500,false
V4T001496,34.972330,-53.384231,ELG,0.63424362,1.0000,false
V4T001497,22.404743,-47.962578,BGS,0.98833375,0.4500,false
V4T001498,359.861699,-24.815721,BGS,0.84238337,0.4500,false
V4T001499,355.439888,-18.004290,Star,3.82245576,0.3000,false
V4T001500,349.749946,-22.774372,BGS,2.07412603,0.4500,false
V4T001501,344.751366,-18.082254,BGS,1.06710038,0.4500,true
V4T001502,340.411486,-26.408233,Star,3.48510680,0.3000,false
V4T001503,49.952785,-40.991523,ELG,0.62550375,1.0000,false
V4T001504,348.232149,-13.936132,ELG,0.32920110,1.0000,false
V4T001505,20.152523,-46.666567,LRG,0.90921714,1.0000,false
V4T001506,22.878116,-49.169989,ELG,0.75849399,1.0000,false
V4T001507,347.269912,-31.918222,ELG,0.53144806,1.0000,false
V4T001508,33.110599,-58.638110,BGS,1.13118563,0.4500,false
V4T001509,358.741390,-16.176634,LRG,0.30399854,1.0000,false
V4T001510,341.080168,-23.929898,ELG,0.88028290,1.0000,false
V4T001511,356.022440,-34.755401,ELG,0.30919171,1.0000,false
V4T001512,358.328400,-25.918276,ELG,1.43127683,1.0000,false
V4T001513,353.671131,-38.881731,QSO,0.55364982,1.7000,false
V4T001514,23.493353,-43.360377,BGS,1.00888928,0.4500,false
V4T001515,350.652156,-20.569685,BGS,0.83969798,0.4500,false
V4T001516,0.588140,-25.749350,BGS,1.03350852,0.4500,false
V4T001517,336.904684,-30.079425,ELG,0.40989117,1.0000,false
V4T001518,353.971415,-35.323710,ELG,0.53674047,1.0000,false
V4T001519,346.175738,-29.345541,ELG,0.82666655,1.0000,true
V4T001520,353.224619,-38.312538,QSO,0.33805095,1.7000,false
V4T001521,30.322998,-59.394063,QSO,0.24532171,1.7000,false
V4T001522,342.396394,-29.602620,ELG,1.01012581,1.0000,false
V4T001523,353.328543,-38.171411,BGS,2.17546268,0.4500,false
V4T001524,49.898491,-44.950305,QSO,0.11186492,1.7000,false
V4T001525,355.396860,-29.893678,BGS,1.10277805,0.4500,true
V4T001526,349.528077,-32.906703,ELG,0.36591920,1.0000,false
V4T001527,27.793417,-49.292028,LRG,0.49170738,1.0000,false
V4T001528,42.219963,-45.650351,QSO,0.13540850,1.7000,false
V4T001529,49.639420,-44.354713,Star,4.64124633,0.3000,false
V4T001530,49.953748,-44.117864,LRG,0.37229319,1.0000,false
V4T001531,49.287846,-45.080725,ELG,0.66259111,1.0000,false
V4T001532,36.906646,-48.288766,QSO,0.15817567,1.7000,false
V4T001533,20.160437,-54.233758,LRG,0.24204184,1.0000,false
V4T001534,31.794469,-59.295118,QSO,0.08556292,1.7000,false
V4T001535,351.959973,-38.755840,BGS,1.18144034,0.4500,false
V4T001536,340.629067,-26.009727,ELG,0.46769964,1.0000,false
V4T001537,3.933046,-32.045513,BGS,1.05911755,0.4500,false
V4T001538,347.827125,-26.399054,LRG,0.62173435,1.0000,false
V4T001539,21.582044,-52.002308,BGS,1.07284964,0.4500,true
V4T001540,358.249228,-26.439116,BGS,1.08072447,0.4500,false
V4T001541,19.444378,-51.744659,Star,4.39548004,0.3000,false
V4T001542,28.082362,-52.038510,BGS,1.24098472,0.4500,false
V4T001543,358.696934,-26.684398,LRG,0.36677429,1.0000,false
V4T001544,339.017591,-27.597450,LRG,0.23551009,1.0000,false
V4T001545,345.027680,-28.792138,Star,3.71207895,0.3000,false
V4T001546,24.830002,-43.699761,LRG,0.31282621,1.0000,false
V4T001547,344.620080,-26.080666,ELG,0.34695021,1.0000,false
V4T001548,352.680711,-28.227603,BGS,0.92735150,0.4500,false
V4T001549,49.979546,-43.987387,QSO,0.15624105,1.7000,false
V4T001550,31.749246,-46.687590,BGS,1.23980715,0.4500,false
V4T001551,34.960414,-53.050046,ELG,0.72173876,1.0000,false
V4T001552,357.879944,-27.094541,ELG,0.63976354,1.0000,false
V4T001553,345.127746,-29.048589,BGS,1.28815898,0.4500,false
V4T001554,346.451057,-34.949399,ELG,0.60791021,1.0000,false
V4T001555,339.475907,-19.097674,BGS,1.24723606,0.4500,false
V4T001556,354.163065,-39.010302,ELG,0.86577283,1.0000,false
V4T001557,358.964466,-26.412878,ELG,0.67354823,1.0000,false
V4T001558,340.448703,-19.479207,Star,3.96788238,0.3000,false
V4T001559,37.087051,-46.185297,LRG,0.37507761,1.0000,false
V4T001560,27.177705,-38.177179,ELG,0.66397407,1.0000,false
V4T001561,26.594043,-55.991315,BGS,1.23094406,0.4500,true
V4T001562,350.494872,-36.692170,BGS,1.19847494,0.4500,false
V4T001563,351.727634,-39.857514,ELG,0.79804952,1.0000,false
V4T001564,354.154152,-35.000317,ELG,0.62753484,1.0000,false
V4T001565,353.314607,-16.192936,ELG,0.54883738,1.0000,false
V4T001566,357.735811,-18.635385,BGS,1.56945377,0.4500,false
V4T001567,53.643380,-49.983622,LRG,0.27391481,1.0000,false
V4T001568,350.048224,-16.698973,ELG,0.76149023,1.0000,false
V4T001569,27.390065,-45.433107,LRG,0.43602306,1.0000,false
V4T001570,32.020781,-58.651652,LRG,0.50071775,1.0000,false
V4T001571,30.739850,-37.190313,LRG,0.43150734,1.0000,false
V4T001572,355.402930,-30.747962,BGS,1.24747129,0.4500,false
V4T001573,355.591134,-34.264259,BGS,1.08965706,0.4500,false
V4T001574,353.964410,-34.615526,BGS,0.96035728,0.4500,false
V4T001575,43.638810,-45.697370,Star,3.76825858,0.3000,false
V4T001576,40.493995,-54.730006,QSO,0.09904505,1.7000,false
V4T001577,4.049853,-26.438066,BGS,1.25339106,0.4500,false
V4T001578,49.532281,-44.698808,ELG,0.45607288,1.0000,false
V4T001579,41.502480,-42.114162,ELG,0.75325840,1.0000,false
V4T001580,34.421570,-43.567359,ELG,0.43766211,1.0000,false
V4T001581,354.439395,-23.013551,ELG,0.69845122,1.0000,false
V4T001582,344.816795,-20.326621,BGS,1.14988048,0.4500,false
V4T001583,356.779329,-26.287670,ELG,0.31633034,1.0000,false
V4T001584,355.716456,-21.196915,LRG,0.26350212,1.0000,false
V4T001585,348.046686,-36.189614,ELG,0.30449847,1.0000,false
V4T001586,49.080430,-49.897776,BGS,1.16140510,0.4500,false
V4T001587,32.661001,-37.543334,ELG,0.57501284,1.0000,false
V4T001588,350.970762,-36.370241,BGS,1.32304107,0.4500,false
V4T001589,20.475749,-48.414025,QSO,0.14777164,1.7000,false
V4T001590,50.417540,-44.245840,Star,6.23417668,0.3000,false
V4T001591,345.455594,-19.908075,BGS,1.28810422,0.4500,false
V4T001592,352.343723,-39.582421,QSO,0.12567450,1.7000,false
V4T001593,352.266708,-18.928545,BGS,0.98816074,0.4500,false
V4T001594,350.842836,-14.185130,QSO,0.08646918,1.7000,false
V4T001595,348.483883,-35.093397,LRG,0.31131171,1.0000,false
V4T001596,351.450300,-33.239517,BGS,1.08223887,0.4500,false
V4T001597,44.458960,-42.104596,Star,2.87946387,0.3000,false
V4T001598,338.677755,-23.380679,ELG,0.89798066,1.0000,false
V4T001599,353.729401,-27.815516,Star,2.90421557,0.3000,false
V4T001600,32.862879,-35.991185,ELG,0.60856548,1.0000,false
V4T001601,344.676098,-21.125060,ELG,0.72938783,1.0000,false
V4T001602,353.979460,-38.491036,BGS,1.21199006,0.4500,false
V4T001603,48.252856,-44.277860,ELG,0.65706130,1.0000,false
V4T001604,352.108035,-24.379799,QSO,0.06712300,1.7000,false
V4T001605,344.031459,-32.318102,LRG,0.98613115,1.0000,false
V4T001606,24.438091,-39.029351,BGS,0.98058175,0.4500,false
V4T001607,2.393262,-33.382420,ELG,0.94792216,1.0000,false
V4T001608,44.431721,-55.345231,LRG,0.43192075,1.0000,false
V4T001609,39.288109,-58.156850,ELG,0.59176686,1.0000,true
V4T001610,26.678727,-44.100503,BGS,1.38841448,0.4500,false
V4T001611,30.672749,-59.426916,QSO,0.15864288,1.7000,false
V4T001612,50.259987,-44.804232,ELG,0.32790634,1.0000,false
V4T001613,347.205531,-30.109018,ELG,0.47956995,1.0000,false
V4T001614,38.591657,-48.860486,ELG,0.37390762,1.0000,false
V4T001615,43.917050,-42.414109,ELG,0.87943589,1.0000,false
V4T001616,338.495594,-23.195785,QSO,0.22226145,1.7000,false
V4T001617,32.199958,-36.323951,ELG,0.70042622,1.0000,false
V4T001618,354.200526,-35.623835,LRG,0.22875994,1.0000,false
V4T001619,358.131732,-27.077519,BGS,0.99064736,0.4500,true
V4T001620,24.977876,-47.498636,ELG,0.37958927,1.0000,false
V4T001621,2.662670,-30.188550,QSO,0.14626562,1.7000,false
V4T001622,50.101437,-50.827647,QSO,0.30464115,1.7000,false
V4T001623,38.630361,-52.633823,Star,4.55517051,0.3000,false
V4T001624,344.382385,-27.163157,BGS,1.35433378,0.4500,false
V4T001625,32.398768,-59.421626,ELG,0.45276632,1.0000,false
V4T001626,357.752844,-30.930903,ELG,0.18139559,1.0000,false
V4T001627,46.776845,-60.307862,BGS,1.24040936,0.4500,false
V4T001628,351.385652,-36.869117,LRG,0.29272279,1.0000,false
V4T001629,1.306784,-29.471164,BGS,1.04924102,0.4500,false
V4T001630,354.738540,-38.103184,LRG,0.25436202,1.0000,false
V4T001631,1.021036,-27.099435,ELG,0.28673686,1.0000,false
V4T001632,339.868144,-16.656879,Star,5.35619797,0.3000,false
V4T001633,38.827525,-45.019305,QSO,0.27579190,1.7000,false
V4T001634,351.071094,-37.042674,ELG,0.43163286,1.0000,false
V4T001635,52.526336,-54.389171,Star,5.03943478,0.3000,false
V4T001636,346.777525,-19.509927,LRG,0.26502716,1.0000,false
V4T001637,32.197716,-37.084769,ELG,0.34259069,1.0000,true
V4T001638,351.153239,-39.147422,QSO,0.07657442,1.7000,false
V4T001639,26.031523,-45.201722,QSO,0.38050462,1.7000,false
V4T001640,27.875121,-51.031854,BGS,1.51428827,0.4500,false
V4T001641,348.636378,-16.416226,ELG,1.33060091,1.0000,false
V4T001642,31.125587,-58.343488,ELG,0.59457258,1.0000,false
V4T001643,344.965861,-34.871825,BGS,0.81747933,0.4500,false
V4T001644,25.432243,-40.770086,ELG,0.67543627,1.0000,false
V4T001645,354.896483,-34.998256,ELG,0.45783314,1.0000,false
V4T001646,52.953963,-46.465242,LRG,0.56758278,1.0000,false
V4T001647,355.140705,-34.393586,LRG,0.28588302,1.0000,false
V4T001648,39.047788,-39.891374,LRG,0.44394376,1.0000,false
V4T001649,350.223555,-39.010837,ELG,0.76353441,1.0000,false
V4T001650,351.414985,-36.658047,BGS,1.24702937,0.4500,false
V4T001651,353.252320,-35.148216,BGS,1.65175302,0.4500,false
V4T001652,353.888801,-39.751329,ELG,0.39340339,1.0000,false
V4T001653,38.274198,-56.734576,QSO,0.22739007,1.7000,false
V4T001654,356.885587,-32.637101,LRG,0.26990555,1.0000,false
V4T001655,347.756553,-30.006478,BGS,0.76221098,0.4500,false
V4T001656,338.364701,-36.194161,LRG,0.38164220,1.0000,true
V4T001657,353.388194,-38.995040,ELG,0.76494119,1.0000,false
V4T001658,4.043228,-32.419397,QSO,0.17259214,1.7000,false
V4T001659,33.724668,-37.089279,QSO,0.10610246,1.7000,false
V4T001660,4.223125,-31.511699,BGS,2.02153327,0.4500,false
V4T001661,36.086091,-52.975183,LRG,0.20597749,1.0000,false
V4T001662,32.647477,-36.972094,ELG,0.49042915,1.0000,false
V4T001663,3.102257,-22.969234,BGS,2.23818877,0.4500,false
V4T001664,31.599289,-49.902431,ELG,0.63915515,1.0000,false
V4T001665,32.573557,-36.327124,Star,4.21421633,0.3000,false
V4T001666,38.505636,-36.148397,LRG,0.44239098,1.0000,false
V4T001667,0.014947,-26.932184,ELG,0.52376753,1.0000,true
V4T001668,42.478784,-47.177666,BGS,1.52081617,0.4500,false
V4T001669,48.154287,-43.053262,BGS,0.71745990,0.4500,false
V4T001670,41.663812,-44.840852,ELG,0.51084734,1.0000,false
V4T001671,36.671193,-52.130401,ELG,0.31744335,1.0000,false
V4T001672,352.929651,-38.896339,ELG,0.76990945,1.0000,true
V4T001673,346.648209,-31.058828,BGS,1.19790824,0.4500,false
V4T001674,338.808707,-21.224171,LRG,0.25672010,1.0000,false
V4T001675,28.718204,-46.432660,BGS,2.23677151,0.4500,false
V4T001676,27.376604,-51.074470,BGS,1.16069373,0.4500,false
V4T001677,354.492794,-35.433074,LRG,0.45761472,1.0000,false
V4T001678,43.128099,-60.928915,ELG,0.67295086,1.0000,false
V4T001679,350.329611,-24.110180,ELG,0.51320540,1.0000,false
V4T001680,23.259313,-45.990284,BGS,1.57506566,0.4500,false
V4T001681,48.802897,-54.358565,ELG,0.45922521,1.0000,false
V4T001682,352.593462,-20.046417,ELG,0.61924539,1.0000,false
V4T001683,36.606610,-44.058403,ELG,0.39754918,1.0000,false
V4T001684,353.541204,-39.066168,ELG,0.68371111,1.0000,false
V4T001685,344.544407,-21.359718,ELG,0.58191966,1.0000,false
V4T001686,350.131709,-17.975281,BGS,1.37545757,0.4500,false
V4T001687,352.537464,-39.036701,LRG,0.23568258,1.0000,false
V4T001688,351.882465,-17.765777,ELG,0.92060554,1.0000,true
V4T001689,35.406423,-36.439766,ELG,0.36558966,1.0000,false
V4T001690,342.244928,-36.704589,BGS,1.45932477,0.4500,false
V4T001691,357.539577,-27.160805,QSO,0.07980108,1.7000,false
V4T001692,33.485208,-58.431834,BGS,1.18739456,0.4500,false
V4T001693,354.141473,-34.725744,ELG,0.34739882,1.0000,false
V4T001694,355.666282,-34.263532,BGS,2.58895487,0.4500,true
V4T001695,46.237682,-48.579136,ELG,0.28236337,1.0000,false
V4T001696,42.119556,-44.402934,ELG,0.37754097,1.0000,false
V4T001697,354.682212,-34.625461,LRG,0.47766445,1.0000,false
V4T001698,29.406257,-44.097512,Star,5.14754359,0.3000,false
V4T001699,35.916709,-49.976333,LRG,0.45617540,1.0000,false
V4T001700,46.859119,-54.252646,ELG,0.81709223,1.0000,false
V4T001701,28.249875,-59.521468,ELG,0.50173418,1.0000,false
V4T001702,355.929733,-34.513754,ELG,0.49713522,1.0000,false
V4T001703,345.419412,-28.471437,LRG,0.41907592,1.0000,false
V4T001704,349.114503,-37.845148,BGS,1.62428177,0.4500,false
V4T001705,29.599105,-58.963547,BGS,1.05206414,0.4500,false
V4T001706,349.690341,-15.433083,ELG,0.76934125,1.0000,false
V4T001707,353.624664,-39.143122,ELG,0.70954905,1.0000,false
V4T001708,23.961332,-49.140839,Star,3.60357571,0.3000,false
V4T001709,48.721164,-54.359731,ELG,0.35981576,1.0000,false
V4T001710,356.799856,-13.593627,LRG,0.43615047,1.0000,true
V4T001711,46.258404,-45.690597,QSO,0.32463077,1.7000,false
V4T001712,353.929954,-39.336216,BGS,0.95841485,0.4500,false
V4T001713,337.504365,-26.020002,LRG,0.59887622,1.0000,false
V4T001714,20.085229,-46.234659,ELG,0.42236516,1.0000,false
V4T001715,339.469716,-19.273081,ELG,2.17572159,1.0000,false
V4T001716,349.723777,-39.296284,LRG,0.21556559,1.0000,false
V4T001717,1.108048,-35.982906,ELG,0.90971068,1.0000,false
V4T001718,345.387086,-20.694043,Star,6.07187159,0.3000,false
V4T001719,4.476976,-26.185178,Star,2.73350973,0.3000,false
V4T001720,350.969717,-18.515760,ELG,0.55704404,1.0000,true
V4T001721,3.333219,-26.379310,ELG,0.30332235,1.0000,false
V4T001722,33.652374,-37.686153,BGS,1.57567507,0.4500,false
V4T001723,35.017596,-48.753942,Star,5.80390218,0.3000,false
V4T001724,349.666829,-24.142212,Star,4.42624694,0.3000,false
V4T001725,35.412442,-51.306935,ELG,0.76086041,1.0000,false
V4T001726,355.017033,-35.139836,ELG,0.97050345,1.0000,true
V4T001727,31.580240,-60.728879,BGS,1.79874911,0.4500,true
V4T001728,32.418684,-59.235397,ELG,0.46365461,1.0000,false
V4T001729,358.462871,-26.147147,ELG,0.43455768,1.0000,false
V4T001730,356.742158,-17.214371,LRG,0.31473522,1.0000,false
V4T001731,49.525631,-45.303687,ELG,0.57602943,1.0000,true
V4T001732,3.414060,-33.920540,QSO,0.09972332,1.7000,true
V4T001733,22.429783,-42.532247,LRG,0.25011309,1.0000,false
V4T001734,353.416911,-16.068643,ELG,0.50188019,1.0000,false
V4T001735,24.626194,-40.650430,Star,3.15462845,0.3000,false
V4T001736,47.389059,-53.311091,ELG,0.39808249,1.0000,false
V4T001737,0.685705,-28.173735,ELG,1.05195019,1.0000,false
V4T001738,339.772623,-20.093748,LRG,0.25992718,1.0000,false
V4T001739,337.841174,-23.964727,ELG,1.21976451,1.0000,false
V4T001740,4.448398,-27.113777,BGS,2.05176774,0.4500,false
V4T001741,44.075453,-54.793244,ELG,0.73470713,1.0000,false
V4T001742,348.937075,-38.226903,QSO,0.31493230,1.7000,false
V4T001743,337.928959,-29.854127,ELG,1.05763914,1.0000,false
V4T001744,355.868222,-21.576698,ELG,1.22644308,1.0000,false
V4T001745,344.736114,-27.618469,BGS,1.03343610,0.4500,false
V4T001746,355.837139,-34.753427,ELG,0.43983307,1.0000,false
V4T001747,340.711884,-30.676856,QSO,0.06867466,1.7000,false
V4T001748,340.066173,-30.438068,QSO,0.16026905,1.7000,false
V4T001749,347.702393,-20.194886,QSO,0.16830020,1.7000,false
V4T001750,31.240883,-59.265407,Star,3.27466677,0.3000,false
V4T001751,23.519970,-56.257005,QSO,0.11905749,1.7000,false
V4T001752,347.342606,-25.156290,Star,2.86505060,0.3000,false
V4T001753,32.147771,-52.701301,Star,4.67236281,0.3000,false
V4T001754,357.520209,-21.982455,QSO,0.21549070,1.7000,false
V4T001755,358.856006,-22.173433,ELG,0.57096824,1.0000,false
V4T001756,348.612436,-18.360496,BGS,1.03025266,0.4500,false
V4T001757,334.910343,-30.866026,BGS,1.15155197,0.4500,true
V4T001758,343.960836,-31.428218,ELG,0.84305886,1.0000,false
V4T001759,348.541646,-29.966273,ELG,0.59418430,1.0000,false
V4T001760,335.593314,-28.015407,ELG,0.61347756,1.0000,false
V4T001761,30.946960,-42.343577,QSO,0.30225041,1.7000,false
V4T001762,336.880947,-32.029150,ELG,0.61473414,1.0000,false
V4T001763,354.170781,-38.222323,ELG,0.25690728,1.0000,false
V4T001764,39.170851,-62.199698,ELG,0.60387073,1.0000,false
V4T001765,27.105916,-40.918717,LRG,0.39185901,1.0000,false
V4T001766,24.750694,-61.146237,LRG,0.23063366,1.0000,false
V4T001767,340.378967,-16.138830,ELG,0.59880953,1.0000,false
V4T001768,31.749136,-40.971782,LRG,0.39722839,1.0000,false
V4T001769,31.099276,-57.160390,ELG,0.45247679,1.0000,true
V4T001770,352.255143,-22.062360,BGS,0.90975227,0.4500,false
V4T001771,28.452328,-41.716966,LRG,0.36157842,1.0000,false
V4T001772,344.728068,-14.736116,ELG,0.47113662,1.0000,false
V4T001773,348.844690,-33.923619,BGS,1.13739367,0.4500,false
V4T001774,353.324665,-38.409602,BGS,0.94808912,0.4500,false
V4T001775,351.404553,-15.952038,ELG,0.33922283,1.0000,false
V4T001776,352.809910,-38.552707,ELG,0.34705267,1.0000,true
V4T001777,350.469084,-12.822307,LRG,0.41307118,1.0000,false
V4T001778,350.190802,-36.487867,QSO,0.18490798,1.7000,false
V4T001779,355.732133,-35.283540,LRG,0.52097288,1.0000,false
V4T001780,355.957385,-33.261656,BGS,1.01577727,0.4500,false
V4T001781,29.249235,-55.872024,ELG,0.31903012,1.0000,false
V4T001782,48.200891,-40.402155,ELG,0.43680926,1.0000,false
V4T001783,345.289935,-19.410413,BGS,0.91771313,0.4500,false
V4T001784,32.197800,-37.821977,ELG,0.51681978,1.0000,false
V4T001785,29.083386,-47.569960,ELG,0.25003126,1.0000,false
V4T001786,356.676245,-13.727704,Star,3.68537305,0.3000,false
V4T001787,353.380544,-32.927209,BGS,1.62743766,0.4500,false
V4T001788,350.685159,-33.638427,ELG,1.04879229,1.0000,false
V4T001789,345.632678,-30.183601,BGS,2.29933594,0.4500,false
V4T001790,43.130322,-48.346363,Star,2.59767074,0.3000,false
V4T001791,352.301891,-38.817501,ELG,0.45129711,1.0000,false
V4T001792,31.807085,-36.632264,ELG,0.52198932,1.0000,false
V4T001793,48.815289,-46.083653,LRG,0.40471477,1.0000,false
V4T001794,344.899575,-28.199975,ELG,0.55727355,1.0000,false
V4T001795,351.351959,-40.402953,QSO,0.22422816,1.7000,false
V4T001796,345.015212,-28.749653,ELG,0.52958333,1.0000,false
V4T001797,337.608502,-23.967734,ELG,0.76232410,1.0000,false
V4T001798,41.005148,-54.378628,LRG,0.32807315,1.0000,false
V4T001799,33.558094,-48.696571,LRG,0.40532613,1.0000,false
V4T001800,335.315452,-24.611945,LRG,0.30390094,1.0000,false
V4T001801,23.731893,-60.154231,Star,4.77266983,0.3000,false
V4T001802,351.486091,-18.928779,ELG,0.85309869,1.0000,false
V4T001803,343.784872,-20.712502,QSO,0.10787119,1.7000,false
V4T001804,346.539671,-30.531398,BGS,1.20054811,0.4500,false
V4T001805,355.720438,-34.781324,LRG,0.54815123,1.0000,true
V4T001806,348.172444,-34.316195,ELG,0.61899929,1.0000,false
V4T001807,351.437438,-36.360402,LRG,0.44244839,1.0000,false
V4T001808,357.645634,-16.165002,QSO,0.10888681,1.7000,false
V4T001809,1.563146,-22.992906,Star,3.59811906,0.3000,false
V4T001810,344.308289,-23.353660,Star,3.34449577,0.3000,false
V4T001811,3.281318,-28.513817,BGS,1.25372341,0.4500,false
V4T001812,50.203074,-44.761160,BGS,1.26726167,0.4500,false
V4T001813,35.551426,-56.646523,ELG,0.54697926,1.0000,false
V4T001814,30.693125,-46.211148,ELG,0.47270997,1.0000,false
V4T001815,358.308316,-26.503286,ELG,0.66216941,1.0000,false
V4T001816,346.020446,-28.688887,LRG,0.45336949,1.0000,false
V4T001817,346.183060,-14.955627,ELG,0.84069938,1.0000,false
V4T001818,340.563576,-33.869554,ELG,0.74488948,1.0000,false
V4T001819,42.479021,-42.597366,ELG,0.66800927,1.0000,false
V4T001820,357.742745,-36.769817,ELG,0.61056717,1.0000,false
V4T001821,352.128872,-36.476835,ELG,0.55779593,1.0000,false
V4T001822,354.693609,-33.396086,BGS,1.64251080,0.4500,false
V4T001823,352.270890,-19.440618,Star,3.76743456,0.3000,false
V4T001824,23.303047,-59.811724,BGS,2.02146085,0.4500,false
V4T001825,357.363907,-16.682798,BGS,1.02264268,0.4500,false
V4T001826,32.829573,-36.778811,Star,4.97212797,0.3000,false
V4T001827,29.133789,-46.165872,BGS,0.84789228,0.4500,false
V4T001828,351.194926,-38.411541,ELG,0.59372251,1.0000,false
V4T001829,0.970691,-23.524253,LRG,0.39071202,1.0000,false
V4T001830,345.309851,-20.782498,BGS,2.12169539,0.4500,false
V4T001831,52.353079,-53.129869,BGS,1.34908578,0.4500,false
V4T001832,50.015695,-44.535815,ELG,0.46725269,1.0000,false
V4T001833,31.465275,-60.124638,ELG,0.63990603,1.0000,false
V4T001834,354.993174,-28.264776,BGS,1.39668327,0.4500,false
V4T001835,344.996183,-27.991175,Star,4.31647611,0.3000,false
V4T001836,33.257507,-41.239688,ELG,0.94050144,1.0000,false
V4T001837,354.889859,-34.719754,Star,4.44242178,0.3000,false
V4T001838,345.232056,-20.864079,ELG,0.42149382,1.0000,false
V4T001839,44.256141,-41.844567,LRG,0.26596302,1.0000,false
V4T001840,49.297757,-42.557171,BGS,1.14583705,0.4500,false
V4T001841,356.358028,-15.558972,ELG,0.93114233,1.0000,false
V4T001842,340.862960,-34.177501,QSO,0.17008482,1.7000,false
V4T001843,342.316240,-35.427067,BGS,1.44540548,0.4500,false
V4T001844,354.628560,-19.332453,ELG,0.36654735,1.0000,false
V4T001845,357.173453,-33.219082,LRG,0.47254351,1.0000,false
V4T001846,350.173653,-39.270063,BGS,1.38167703,0.4500,false
V4T001847,49.452716,-47.923579,LRG,0.26568796,1.0000,false
V4T001848,30.863827,-44.746509,ELG,0.33172698,1.0000,false
V4T001849,4.447084,-25.510937,ELG,0.55237737,1.0000,false
V4T001850,29.946281,-46.265831,QSO,0.11549394,1.7000,false
V4T001851,29.029796,-54.135133,BGS,0.99503151,0.4500,false
V4T001852,50.536720,-45.343056,BGS,1.35700164,0.4500,false
V4T001853,47.728014,-39.061259,LRG,0.44240150,1.0000,false
V4T001854,39.042780,-37.465464,ELG,0.48492159,1.0000,false
V4T001855,39.329804,-58.865808,ELG,0.44791522,1.0000,false
V4T001856,352.230741,-39.097188,ELG,0.56331107,1.0000,false
V4T001857,346.290928,-18.510432,BGS,1.38630686,0.4500,false
V4T001858,345.829735,-28.255415,Star,5.51839943,0.3000,false
V4T001859,47.617926,-54.125629,ELG,0.41252935,1.0000,false
V4T001860,27.159556,-54.345100,BGS,0.72954479,0.4500,false
V4T001861,350.919688,-36.347245,QSO,0.18964371,1.7000,false
V4T001862,344.750662,-20.683129,QSO,0.07562692,1.7000,false
V4T001863,358.834031,-25.913708,LRG,0.33014165,1.0000,false
V4T001864,345.213283,-27.567638,Star,4.51245798,0.3000,false
V4T001865,353.546967,-37.546277,BGS,1.15903239,0.4500,false
V4T001866,353.465992,-20.882994,Star,3.21090860,0.3000,false
V4T001867,355.896259,-33.343298,ELG,0.25936485,1.0000,false
V4T001868,341.412232,-30.020163,BGS,1.46856921,0.4500,false
V4T001869,352.300111,-38.459765,LRG,0.23656921,1.0000,false
V4T001870,346.005457,-29.261788,ELG,0.62051405,1.0000,false
V4T001871,41.617188,-36.689330,Star,5.31232370,0.3000,false
V4T001872,353.272178,-38.989549,ELG,0.46680248,1.0000,false
V4T001873,43.384802,-45.615195,LRG,0.34730992,1.0000,false
V4T001874,348.095079,-27.064384,ELG,0.66133837,1.0000,false
V4T001875,33.392356,-41.709094,LRG,0.34015736,1.0000,false
V4T001876,347.754282,-35.155977,ELG,0.46259601,1.0000,true
V4T001877,345.883069,-18.439564,ELG,0.40030727,1.0000,false
V4T001878,350.840514,-17.945409,ELG,0.45461412,1.0000,false
V4T001879,354.732838,-38.816950,ELG,1.17724947,1.0000,false
V4T001880,354.871536,-36.063450,QSO,0.28471393,1.7000,false
V4T001881,46.022411,-53.154290,ELG,0.85329683,1.0000,false
V4T001882,338.920533,-20.763821,Star,3.28065762,0.3000,false
V4T001883,355.256832,-34.922077,ELG,0.45483168,1.0000,false
V4T001884,343.098565,-25.718827,QSO,0.14014752,1.7000,false
V4T001885,29.741031,-39.250951,BGS,1.53868911,0.4500,true
V4T001886,359.147137,-26.477500,LRG,0.33683316,1.0000,false
V4T001887,50.046583,-45.555622,BGS,1.41247928,0.4500,false
V4T001888,345.125309,-24.883982,Star,5.39051166,0.3000,false
V4T001889,42.881549,-58.425205,LRG,0.22156443,1.0000,false
V4T001890,33.842714,-37.365606,BGS,1.02800974,0.4500,false
V4T001891,27.264423,-60.250131,QSO,0.27398781,1.7000,false
V4T001892,31.106496,-50.456796,ELG,0.45471514,1.0000,false
V4T001893,343.802479,-15.832165,LRG,0.33343635,1.0000,false
V4T001894,39.590508,-40.862877,QSO,0.42479832,1.7000,true
V4T001895,29.175131,-46.484842,ELG,0.49315186,1.0000,false
V4T001896,52.246756,-48.209908,QSO,0.43187157,1.7000,false
V4T001897,353.160286,-38.225632,BGS,1.18184041,0.4500,false
V4T001898,3.317588,-31.501180,BGS,0.71923588,0.4500,false
V4T001899,338.205335,-19.155582,LRG,0.58017068,1.0000,false
V4T001900,351.592721,-38.645183,ELG,0.33829782,1.0000,false
V4T001901,343.902963,-18.645478,ELG,0.26467041,1.0000,false
V4T001902,349.846981,-36.735027,QSO,0.09918449,1.7000,false
V4T001903,346.822162,-37.698254,LRG,0.41442265,1.0000,false
V4T001904,351.035553,-39.417568,ELG,0.59750430,1.0000,false
V4T001905,343.493139,-15.867659,ELG,0.82811664,1.0000,false
V4T001906,34.788350,-37.800528,Star,7.17047969,0.3000,false
V4T001907,351.845656,-35.884981,ELG,0.22403556,1.0000,false
V4T001908,340.088763,-27.412387,BGS,0.75317794,0.4500,false
V4T001909,41.621789,-39.512946,BGS,0.85233658,0.4500,false
V4T001910,347.123993,-39.014003,QSO,0.13393823,1.7000,false
V4T001911,342.503686,-24.504480,BGS,1.36713166,0.4500,false
V4T001912,0.055112,-23.671011,LRG,0.27321456,1.0000,false
V4T001913,48.148949,-49.157620,QSO,0.13752137,1.7000,false
V4T001914,343.056017,-30.851994,LRG,0.39443378,1.0000,false
V4T001915,19.960259,-53.703564,ELG,1.47143978,1.0000,false
V4T001916,346.303035,-19.998887,ELG,0.72456652,1.0000,false
V4T001917,341.530670,-26.172406,LRG,0.43912187,1.0000,false
V4T001918,353.071801,-38.756073,ELG,0.53229224,1.0000,false
V4T001919,20.371634,-57.732998,ELG,0.55383147,1.0000,false
V4T001920,357.830710,-16.406701,QSO,0.08240593,1.7000,false
V4T001921,29.486098,-55.566192,QSO,0.09651809,1.7000,false
V4T001922,346.420239,-29.641086,BGS,1.79968526,0.4500,false
V4T001923,344.636046,-17.977198,LRG,0.38940725,1.0000,false
V4T001924,46.652022,-50.097397,QSO,0.10593044,1.7000,false
V4T001925,20.657451,-48.231323,ELG,0.27330521,1.0000,false
V4T001926,350.793830,-20.305803,LRG,0.47528277,1.0000,false
V4T001927,34.091047,-52.434319,QSO,0.13353159,1.7000,false
V4T001928,351.324615,-37.101746,LRG,0.43894393,1.0000,false
V4T001929,354.909520,-35.282649,BGS,0.75909387,0.4500,false
V4T001930,351.241988,-40.207670,BGS,1.81752633,0.4500,false
V4T001931,24.167010,-45.856838,ELG,0.88324267,1.0000,false
V4T001932,345.843588,-25.383568,LRG,0.28489567,1.0000,false
V4T001933,35.219233,-40.283125,LRG,0.30064515,1.0000,false
V4T001934,47.592376,-55.759717,LRG,0.33229732,1.0000,false
V4T001935,28.597508,-46.983914,LRG,0.42082066,1.0000,false
V4T001936,1.519900,-30.810234,ELG,0.42528999,1.0000,false
V4T001937,27.176837,-56.271813,ELG,0.84579269,1.0000,false
V4T001938,31.820431,-42.140159,BGS,1.13227387,0.4500,true
V4T001939,41.997871,-42.587938,BGS,1.31387754,0.4500,false
V4T001940,348.832672,-29.809020,QSO,0.25194655,1.7000,false
V4T001941,30.655311,-58.665388,ELG,0.32720862,1.0000,false
V4T001942,1.843762,-22.642519,Star,3.42035103,0.3000,false
V4T001943,32.721065,-36.959781,ELG,0.52688367,1.0000,false
V4T001944,32.356568,-36.213063,ELG,1.13280419,1.0000,false
V4T001945,34.914637,-41.762175,LRG,0.44323265,1.0000,false
V4T001946,30.349135,-41.585487,LRG,0.48843100,1.0000,false
V4T001947,350.915055,-38.591481,QSO,0.36601243,1.7000,false
V4T001948,2.732243,-21.656189,QSO,0.13378540,1.7000,false
V4T001949,358.035616,-26.403881,BGS,1.16330537,0.4500,false
V4T001950,336.649060,-21.769414,LRG,0.20278840,1.0000,false
V4T001951,351.209923,-22.384790,QSO,0.15668764,1.7000,false
V4T001952,345.604502,-20.293359,BGS,1.75385937,0.4500,false
V4T001953,353.115206,-31.118278,Star,4.02892021,0.3000,false
V4T001954,350.941440,-39.362849,ELG,0.67480253,1.0000,false
V4T001955,49.873583,-42.480472,LRG,0.24414008,1.0000,false
V4T001956,0.615014,-21.346479,LRG,0.30812682,1.0000,false
V4T001957,2.486207,-26.170238,ELG,0.55714073,1.0000,false
V4T001958,24.919663,-53.472407,QSO,0.22319753,1.7000,false
V4T001959,338.386437,-23.522089,LRG,0.20324791,1.0000,false
V4T001960,19.524013,-53.080106,LRG,0.42492182,1.0000,false
V4T001961,356.523021,-34.191361,ELG,0.65308556,1.0000,true
V4T001962,29.017758,-59.483921,Star,4.09699969,0.3000,false
V4T001963,350.611100,-16.470790,BGS,2.07152543,0.4500,false
V4T001964,356.502630,-22.993592,BGS,1.25926036,0.4500,false
V4T001965,353.491971,-15.650229,QSO,0.37840207,1.7000,false
V4T001966,342.567194,-22.932405,LRG,0.36080294,1.0000,false
V4T001967,52.368181,-51.168083,LRG,0.49294482,1.0000,false
V4T001968,346.643742,-13.484581,ELG,0.24579054,1.0000,false
V4T001969,32.136144,-59.738816,Star,2.19626165,0.3000,false
V4T001970,31.667121,-59.189075,QSO,0.14870952,1.7000,false
V4T001971,345.256686,-14.573673,LRG,0.47156750,1.0000,false
V4T001972,345.888321,-26.331645,ELG,0.65949810,1.0000,false
V4T001973,44.297118,-43.734332,LRG,0.26587089,1.0000,false
V4T001974,3.497849,-22.343769,BGS,1.25353948,0.4500,false
V4T001975,345.170301,-25.884937,Star,4.15081285,0.3000,false
V4T001976,34.433165,-41.697563,ELG,0.52731788,1.0000,false
V4T001977,40.898197,-59.661063,ELG,0.41097683,1.0000,false
V4T001978,351.723390,-39.486506,QSO,0.20565990,1.7000,false
V4T001979,357.160173,-26.874596,Star,4.84612745,0.3000,false
V4T001980,357.640404,-21.251482,BGS,0.99223767,0.4500,false
V4T001981,352.070272,-38.942525,ELG,0.72100463,1.0000,false
V4T001982,31.117502,-60.680822,LRG,0.41856166,1.0000,false
V4T001983,0.817719,-24.577268,LRG,0.18971985,1.0000,false
V4T001984,38.571142,-43.028350,Star,3.19059871,0.3000,false
V4T001985,343.478870,-16.344943,QSO,0.26414348,1.7000,false
V4T001986,35.024421,-39.496474,ELG,0.36445988,1.0000,false
V4T001987,45.146875,-47.676481,LRG,0.50312316,1.0000,false
V4T001988,359.358437,-16.034566,BGS,1.07417956,0.4500,false
V4T001989,344.062235,-20.210621,ELG,0.61188356,1.0000,false
V4T001990,348.779266,-28.465804,BGS,1.99400779,0.4500,false
V4T001991,342.724990,-21.794049,Star,4.18346838,0.3000,false
V4T001992,22.805673,-57.082650,ELG,0.54470802,1.0000,false
V4T001993,341.528890,-26.306009,ELG,0.37425087,1.0000,false
V4T001994,32.728020,-37.074560,ELG,1.14215386,1.0000,false
V4T001995,0.466407,-37.310543,LRG,0.26893181,1.0000,false
V4T001996,340.936198,-22.801186,ELG,0.39022972,1.0000,true
V4T001997,354.955714,-17.147975,ELG,0.63299373,1.0000,false
V4T001998,357.804871,-27.046326,ELG,1.01678387,1.0000,false
V4T001999,351.256048,-38.365526,ELG,0.27538606,1.0000,false
V4T002000,345.452374,-20.949345,ELG,0.46954177,1.0000,false
V4T002001,49.933902,-45.018034,QSO,0.60847636,1.7000,false
V4T002002,32.890775,-57.532120,ELG,0.36074384,1.0000,false
V4T002003,33.321493,-37.421217,LRG,0.33855459,1.0000,false
V4T002004,358.545073,-24.668695,ELG,0.85200318,1.0000,false
V4T002005,359.786471,-28.539325,ELG,1.07954432,1.0000,false
V4T002006,350.867491,-39.513841,LRG,0.26310111,1.0000,false
V4T002007,345.287459,-34.138248,QSO,0.20236440,1.7000,false
V4T002008,358.667355,-14.698168,LRG,0.29112515,1.0000,false
V4T002009,43.279535,-50.442749,QSO,0.23652332,1.7000,false
V4T002010,353.721314,-35.113044,ELG,0.29063922,1.0000,false
V4T002011,355.440801,-25.266507,LRG,0.34421581,1.0000,false
V4T002012,36.805202,-46.268398,LRG,0.44214926,1.0000,false
V4T002013,50.443549,-44.664278,LRG,0.53424224,1.0000,false
V4T002014,23.220852,-40.395009,ELG,0.83369073,1.0000,false
V4T002015,349.120591,-32.851622,LRG,0.41507879,1.0000,false
V4T002016,18.870181,-53.751793,ELG,0.47160463,1.0000,false
V4T002017,50.947398,-43.748077,ELG,0.32349084,1.0000,false
V4T002018,34.576525,-50.509935,ELG,0.34386348,1.0000,false
V4T002019,345.464887,-20.428011,ELG,0.51909936,1.0000,false
V4T002020,32.870622,-37.078055,LRG,0.51144166,1.0000,false
V4T002021,351.642496,-36.308147,QSO,0.14690349,1.7000,true
V4T002022,50.621534,-45.155280,QSO,0.16255625,1.7000,false
V4T002023,359.988550,-23.631661,LRG,0.30668611,1.0000,false
V4T002024,343.976293,-23.068569,LRG,0.48294457,1.0000,false
V4T002025,350.281393,-35.617005,QSO,0.11985103,1.7000,false
V4T002026,345.642206,-20.365583,QSO,0.16841957,1.7000,false
V4T002027,344.887211,-28.866978,LRG,0.28224727,1.0000,false
V4T002028,340.967024,-24.537862,ELG,0.70578624,1.0000,false
V4T002029,353.577164,-13.620165,QSO,0.14125938,1.7000,false
V4T002030,357.810666,-34.871598,ELG,0.42340406,1.0000,false
V4T002031,353.516799,-38.103191,ELG,0.40822902,1.0000,false
V4T002032,358.724568,-15.316813,BGS,1.27904212,0.4500,false
V4T002033,40.696316,-59.033562,BGS,1.03689977,0.4500,false
V4T002034,34.840221,-60.118265,LRG,0.63001446,1.0000,false
V4T002035,335.689476,-24.455199,LRG,0.35486292,1.0000,false
V4T002036,351.027283,-36.481389,LRG,0.26027749,1.0000,false
V4T002037,48.207695,-39.279340,LRG,0.30576616,1.0000,false
V4T002038,36.380701,-44.350807,BGS,1.06778639,0.4500,false
V4T002039,334.977603,-23.695483,BGS,1.10604337,0.4500,false
V4T002040,41.418316,-40.209076,BGS,1.64593932,0.4500,false
V4T002041,26.527448,-37.153085,ELG,0.62728121,1.0000,false
V4T002042,30.179581,-41.509423,BGS,1.10435270,0.4500,false
V4T002043,37.187384,-44.828732,BGS,1.08559147,0.4500,false
V4T002044,341.578064,-30.767669,QSO,0.39046392,1.7000,false
V4T002045,31.586930,-36.510302,LRG,0.30626077,1.0000,false
V4T002046,31.278338,-58.343504,BGS,1.08153398,0.4500,false
V4T002047,1.216292,-27.084664,ELG,0.57636740,1.0000,false
V4T002048,38.389339,-41.703705,ELG,0.52477118,1.0000,false
V4T002049,355.333606,-33.981031,ELG,0.33886890,1.0000,false
V4T002050,46.420967,-59.320254,BGS,1.03312330,0.4500,false
V4T002051,355.606228,-34.991154,QSO,0.13482007,1.7000,false
V4T002052,32.975345,-38.632596,LRG,0.47083207,1.0000,false
V4T002053,346.220644,-20.601747,BGS,1.99694199,0.4500,false
V4T002054,350.878229,-37.903730,LRG,0.40437222,1.0000,false
V4T002055,38.897931,-47.336547,ELG,0.46982562,1.0000,false
V4T002056,31.800229,-37.542578,BGS,1.43774030,0.4500,false
V4T002057,351.362095,-16.728090,ELG,1.05736052,1.0000,false
V4T002058,35.827614,-52.066493,ELG,0.88461456,1.0000,false
V4T002059,38.251754,-58.030237,ELG,0.24960357,1.0000,false
V4T002060,43.322080,-57.686561,LRG,0.31522909,1.0000,false
V4T002061,337.632353,-25.110979,BGS,1.10014228,0.4500,false
V4T002062,345.296267,-29.076503,ELG,0.71483349,1.0000,false
V4T002063,27.660008,-58.901222,ELG,0.55814200,1.0000,false
V4T002064,348.605317,-30.717696,BGS,2.44427159,0.4500,false
V4T002065,30.868834,-60.358894,LRG,0.37875762,1.0000,false
V4T002066,344.673081,-20.396338,BGS,1.05942139,0.4500,false
V4T002067,30.250780,-46.645985,LRG,0.30183384,1.0000,false
V4T002068,345.577460,-27.466700,LRG,0.13475051,1.0000,true
V4T002069,355.811769,-34.700155,LRG,0.48789664,1.0000,false
V4T002070,352.264385,-39.599395,BGS,1.44391836,0.4500,false
V4T002071,357.047639,-25.539946,BGS,0.82750310,0.4500,false
V4T002072,23.800784,-51.161823,BGS,0.98377057,0.4500,false
V4T002073,27.750001,-62.223263,ELG,0.53207753,1.0000,false
V4T002074,347.064229,-39.970553,QSO,0.28260934,1.7000,false
V4T002075,20.153196,-50.364117,LRG,0.28533819,1.0000,true
V4T002076,345.374609,-29.700006,ELG,0.36645874,1.0000,false
V4T002077,37.540137,-58.568195,ELG,0.63187925,1.0000,false
V4T002078,21.927522,-49.987690,Star,3.18643391,0.3000,false
V4T002079,350.909023,-39.118863,LRG,0.28667003,1.0000,false
V4T002080,29.709104,-42.512545,LRG,0.41018821,1.0000,false
V4T002081,354.869317,-34.019696,BGS,0.88970807,0.4500,false
V4T002082,345.769981,-28.223339,ELG,0.46546517,1.0000,false
V4T002083,345.465769,-20.642893,ELG,0.32037315,1.0000,false
V4T002084,31.918143,-60.278045,LRG,0.24511432,1.0000,false
V4T002085,31.319198,-58.948261,ELG,0.33832073,1.0000,false
V4T002086,355.707766,-20.889369,ELG,0.35355123,1.0000,false
V4T002087,27.861820,-56.422935,LRG,0.44332205,1.0000,false
V4T002088,337.339068,-21.993182,QSO,0.32012539,1.7000,false
V4T002089,47.345109,-54.269307,ELG,0.30049031,1.0000,false
V4T002090,354.461584,-35.385767,QSO,0.16256194,1.7000,true
V4T002091,352.337661,-25.060697,LRG,0.37014761,1.0000,false
V4T002092,21.464997,-44.038832,QSO,0.09115944,1.7000,false
V4T002093,34.918051,-44.276204,BGS,1.27541252,0.4500,false
V4T002094,31.273978,-42.014513,QSO,0.29656978,1.7000,false
V4T002095,354.703132,-30.769037,QSO,0.13923632,1.7000,false
V4T002096,350.232885,-39.024566,BGS,0.85330254,0.4500,false
V4T002097,30.739422,-58.885244,ELG,0.41715005,1.0000,false
V4T002098,354.523327,-34.509102,LRG,0.26090724,1.0000,false
V4T002099,37.901780,-39.202378,LRG,0.82187742,1.0000,false
V4T002100,43.391005,-41.747491,Star,2.99427137,0.3000,false
V4T002101,47.548784,-52.122535,ELG,0.65273818,1.0000,false
V4T002102,355.295895,-24.082210,ELG,0.60538192,1.0000,false
V4T002103,30.729838,-59.799019,BGS,1.13755499,0.4500,false
V4T002104,34.302221,-50.889263,ELG,0.55684131,1.0000,false
V4T002105,1.466075,-29.595314,Star,4.21744982,0.3000,false
V4T002106,33.447716,-36.379903,QSO,0.06255290,1.7000,false
V4T002107,357.243061,-20.803960,BGS,1.27835064,0.4500,false
V4T002108,358.701761,-19.619455,QSO,0.09501126,1.7000,false
V4T002109,341.961103,-28.016853,LRG,0.59025909,1.0000,false
V4T002110,355.325905,-36.637251,LRG,0.31344169,1.0000,false
V4T002111,349.211111,-40.075321,BGS,1.53476179,0.4500,false
V4T002112,50.775163,-45.456210,QSO,0.08660114,1.7000,false
V4T002113,2.919280,-29.280521,BGS,0.94628558,0.4500,false
V4T002114,345.893449,-25.328135,ELG,0.69015546,1.0000,false
V4T002115,350.922658,-25.552007,BGS,1.22005732,0.4500,false
V4T002116,352.263009,-16.188547,BGS,1.52767457,0.4500,false
V4T002117,358.322956,-25.519695,ELG,0.64708944,1.0000,false
V4T002118,344.098410,-32.864667,BGS,1.55295956,0.4500,false
V4T002119,24.965404,-58.684584,ELG,0.49388823,1.0000,false
V4T002120,354.127313,-34.739587,BGS,1.29418438,0.4500,false
V4T002121,353.484652,-39.739383,Star,3.40971351,0.3000,false
V4T002122,349.520067,-39.242522,ELG,0.63688823,1.0000,false
V4T002123,353.912062,-38.842457,QSO,0.11396700,1.7000,false
V4T002124,345.011859,-29.064395,QSO,0.23614977,1.7000,false
V4T002125,351.627543,-19.754400,BGS,1.32700551,0.4500,false
V4T002126,345.306006,-28.561573,BGS,1.08781871,0.4500,false
V4T002127,351.123928,-37.358424,BGS,1.40319850,0.4500,false
V4T002128,354.468146,-13.226557,ELG,1.17338483,1.0000,false
V4T002129,337.956536,-21.768233,Star,4.01565000,0.3000,false
V4T002130,354.297181,-38.134261,BGS,0.98286188,0.4500,false
V4T002131,351.497284,-19.840554,Star,2.16971401,0.3000,false
V4T002132,356.633940,-35.281621,QSO,0.28804878,1.7000,false
V4T002133,29.649156,-43.998505,LRG,0.38013840,1.0000,false
V4T002134,341.628101,-33.833917,BGS,0.92438330,0.4500,false
V4T002135,342.865340,-15.253115,LRG,0.45339274,1.0000,false
V4T002136,39.740589,-38.497304,BGS,0.58576534,0.4500,false
V4T002137,351.117082,-36.181807,ELG,0.45154568,1.0000,false
V4T002138,21.956115,-56.802026,Star,2.83201663,0.3000,false
V4T002139,339.979804,-30.972702,QSO,0.06368593,1.7000,false
V4T002140,4.275401,-30.862267,LRG,0.25449571,1.0000,false
V4T002141,37.286180,-57.993927,LRG,0.29775095,1.0000,false
V4T002142,354.760912,-39.152150,ELG,0.80770419,1.0000,false
V4T002143,354.812863,-18.445100,LRG,0.37710108,1.0000,false
V4T002144,338.977837,-33.986721,ELG,0.60695393,1.0000,false
V4T002145,354.193400,-16.144153,Star,3.18158655,0.3000,false
V4T002146,336.093166,-28.016599,ELG,0.74707171,1.0000,false
V4T002147,0.131248,-21.747544,LRG,0.24145661,1.0000,false
V4T002148,343.863963,-20.878930,ELG,0.30701034,1.0000,true
V4T002149,357.858235,-34.266667,LRG,0.35214238,1.0000,false
V4T002150,40.118874,-41.169614,LRG,0.29602795,1.0000,false
V4T002151,351.664114,-36.365313,ELG,0.44108597,1.0000,false
V4T002152,38.587875,-39.627341,BGS,1.63399370,0.4500,false
V4T002153,354.711367,-35.280319,BGS,0.84749770,0.4500,false
V4T002154,350.168381,-31.790544,QSO,0.12851296,1.7000,false
V4T002155,341.564671,-35.391865,LRG,0.20940856,1.0000,false
V4T002156,344.483616,-17.093341,BGS,1.44529187,0.4500,false
V4T002157,46.158938,-58.773236,ELG,0.50985006,1.0000,false
V4T002158,351.755081,-38.894384,Star,2.98058891,0.3000,true
V4T002159,29.058539,-39.742692,QSO,0.25227187,1.7000,false
V4T002160,342.892890,-22.975864,LRG,0.48043701,1.0000,false
V4T002161,22.177096,-43.881987,LRG,0.34132760,1.0000,false
V4T002162,345.636548,-28.258924,BGS,1.04453469,0.4500,false
V4T002163,350.421631,-36.506348,BGS,0.99379940,0.4500,false
V4T002164,338.181747,-24.162334,ELG,0.45761777,1.0000,false
V4T002165,357.315347,-26.766171,QSO,0.24629737,1.7000,false
V4T002166,346.905695,-22.046939,ELG,0.54089111,1.0000,false
V4T002167,348.690690,-13.331428,BGS,1.09333892,0.4500,false
V4T002168,0.858720,-17.236850,ELG,0.76578111,1.0000,false
V4T002169,341.705875,-24.149247,ELG,0.62123869,1.0000,false
V4T002170,354.037878,-38.190866,BGS,1.45432253,0.4500,false
V4T002171,340.437485,-24.963584,BGS,0.85652234,0.4500,false
V4T002172,51.756732,-43.577085,BGS,1.01230576,0.4500,false
V4T002173,1.830184,-22.716003,ELG,0.55813667,1.0000,false
V4T002174,346.469478,-21.233870,BGS,1.24751905,0.4500,false
V4T002175,359.146177,-34.049035,BGS,1.92335128,0.4500,false
V4T002176,354.463671,-23.934182,LRG,0.49743894,1.0000,false
V4T002177,26.144219,-54.238496,BGS,1.66748318,0.4500,false
V4T002178,34.656648,-49.104074,LRG,0.54265432,1.0000,false
V4T002179,353.815472,-38.689548,BGS,1.25535889,0.4500,false
V4T002180,24.079631,-49.454746,QSO,0.12712150,1.7000,false
V4T002181,35.847961,-53.356573,QSO,0.21177328,1.7000,false
V4T002182,50.282464,-44.398895,ELG,1.01470301,1.0000,false
V4T002183,339.390463,-27.002244,ELG,0.47347133,1.0000,false
V4T002184,344.358452,-20.185668,Star,3.68497267,0.3000,false
V4T002185,32.543752,-56.347294,LRG,0.24420284,1.0000,false
V4T002186,26.740856,-60.053567,Star,4.78598434,0.3000,false
V4T002187,345.977717,-28.331928,LRG,0.51721258,1.0000,false
V4T002188,347.652214,-17.587890,ELG,0.72574001,1.0000,false
V4T002189,346.003988,-20.642529,ELG,0.68142150,1.0000,false
V4T002190,335.749398,-28.373177,QSO,0.21065124,1.7000,false
V4T002191,35.217276,-57.812710,ELG,0.56306907,1.0000,false
V4T002192,359.718162,-29.361979,Star,4.01054844,0.3000,false
V4T002193,350.650690,-39.055448,ELG,0.97477346,1.0000,false
V4T002194,351.243119,-27.931822,LRG,0.34694675,1.0000,false
V4T002195,337.867715,-33.951244,ELG,1.00935382,1.0000,false
V4T002196,352.934215,-39.744451,BGS,1.75607154,0.4500,false
V4T002197,49.072233,-52.757317,ELG,1.45732999,1.0000,false
V4T002198,339.430957,-30.215037,BGS,1.25736804,0.4500,false
V4T002199,20.115443,-53.500156,QSO,0.16137968,1.7000,false
V4T002200,34.239967,-43.293972,ELG,0.23447904,1.0000,false
V4T002201,4.013236,-30.924762,BGS,0.84416954,0.4500,false
V4T002202,43.390607,-54.914698,QSO,0.20465987,1.7000,false
V4T002203,354.622501,-35.173137,QSO,0.15122081,1.7000,false
V4T002204,34.100404,-47.078246,Star,3.77202663,0.3000,false
V4T002205,34.335218,-43.679806,ELG,0.41207296,1.0000,false
V4T002206,350.027761,-36.919813,ELG,0.28564391,1.0000,false
V4T002207,35.498143,-38.624878,ELG,0.63919360,1.0000,false
V4T002208,35.411869,-43.183625,LRG,0.37810456,1.0000,false
V4T002209,338.533822,-26.532386,BGS,1.11566156,0.4500,false
V4T002210,340.683814,-18.304728,LRG,0.65230222,1.0000,false
V4T002211,41.298484,-36.912104,QSO,0.13748165,1.7000,false
V4T002212,40.322700,-62.393375,ELG,0.40177905,1.0000,false
V4T002213,344.961760,-14.996030,QSO,0.18041037,1.7000,false
V4T002214,31.520260,-59.271685,BGS,1.90376971,0.4500,false
V4T002215,355.097253,-34.326122,LRG,0.33888581,1.0000,true
V4T002216,335.771416,-25.000788,ELG,0.73289364,1.0000,false
V4T002217,32.379674,-47.277050,QSO,0.13197333,1.7000,false
V4T002218,357.214458,-35.120278,QSO,0.28034647,1.7000,false
V4T002219,41.348719,-58.602189,BGS,1.21792906,0.4500,false
V4T002220,3.694690,-27.264809,BGS,1.61558014,0.4500,false
V4T002221,336.113450,-32.904991,ELG,0.65039483,1.0000,false
V4T002222,354.661098,-25.172147,BGS,2.71693350,0.4500,false
V4T002223,357.532811,-26.046856,QSO,0.27001404,1.7000,false
V4T002224,348.939622,-20.324564,Star,6.77170770,0.3000,false
V4T002225,338.457671,-17.962966,BGS,1.39565576,0.4500,false
V4T002226,355.034792,-34.765975,LRG,0.60771870,1.0000,true
V4T002227,336.162337,-20.463219,ELG,0.79185978,1.0000,false
V4T002228,346.862592,-39.196920,ELG,0.74272795,1.0000,false
V4T002229,351.018315,-13.640016,BGS,1.08202719,0.4500,false
V4T002230,359.036632,-33.573031,ELG,0.50739608,1.0000,false
V4T002231,46.982731,-46.656384,Star,4.57409527,0.3000,false
V4T002232,49.399651,-44.880637,ELG,0.43387441,1.0000,false
V4T002233,27.614504,-54.218919,ELG,0.76793466,1.0000,false
V4T002234,52.824926,-48.494953,ELG,0.82374300,1.0000,false
V4T002235,37.937362,-43.806874,LRG,0.23363769,1.0000,false
V4T002236,25.804718,-42.922618,BGS,1.80110276,0.4500,false
V4T002237,51.244016,-45.663081,LRG,0.39425797,1.0000,false
V4T002238,353.132535,-12.910542,ELG,1.07061697,1.0000,false
V4T002239,335.511021,-27.954681,Star,3.81327126,0.3000,false
V4T002240,355.876035,-34.159289,QSO,0.14027174,1.7000,false
V4T002241,349.842812,-37.633936,QSO,0.13015319,1.7000,false
V4T002242,31.558475,-38.119456,ELG,0.72647707,1.0000,false
V4T002243,354.405886,-35.752561,ELG,0.89806617,1.0000,false
V4T002244,355.167902,-34.426716,ELG,0.64603418,1.0000,false
V4T002245,356.496941,-28.818097,BGS,1.65335126,0.4500,true
V4T002246,351.800903,-36.443764,BGS,1.36553094,0.4500,false
V4T002247,1.102098,-31.215742,BGS,1.24011064,0.4500,false
V4T002248,355.995467,-34.633195,LRG,0.19803113,1.0000,false
V4T002249,341.875547,-21.864024,LRG,0.36859876,1.0000,false
V4T002250,351.077274,-13.871425,ELG,0.49044986,1.0000,false
V4T002251,350.532793,-25.740037,ELG,0.33789055,1.0000,false
V4T002252,345.498219,-21.004913,ELG,0.72371538,1.0000,false
V4T002253,39.488379,-38.950934,ELG,0.82352185,1.0000,false
V4T002254,31.448119,-37.154092,Star,4.29954652,0.3000,false
V4T002255,32.717246,-52.925037,ELG,0.43022030,1.0000,false
V4T002256,350.422808,-19.439075,Star,5.02525683,0.3000,false
V4T002257,358.852051,-26.838362,LRG,0.36045909,1.0000,false
V4T002258,27.887715,-41.204644,BGS,1.26984256,0.4500,false
V4T002259,20.956180,-48.445216,ELG,0.72437228,1.0000,false
V4T002260,49.273571,-45.000718,LRG,0.32954881,1.0000,false
V4T002261,51.296391,-43.649808,ELG,0.36850587,1.0000,false
V4T002262,351.388330,-20.581657,BGS,2.80399701,0.4500,false
V4T002263,359.269859,-34.289272,ELG,0.75475835,1.0000,false
V4T002264,37.905950,-42.174693,ELG,0.28833929,1.0000,false
V4T002265,31.892500,-59.796252,ELG,0.37953211,1.0000,false
V4T002266,34.584087,-54.999616,ELG,0.87094741,1.0000,false
V4T002267,44.904867,-44.367652,BGS,1.63193189,0.4500,false
V4T002268,358.058839,-23.259437,LRG,0.37434535,1.0000,false
V4T002269,344.655195,-17.973883,BGS,1.08014734,0.4500,true
V4T002270,39.261950,-45.762608,LRG,0.40345518,1.0000,false
V4T002271,49.278189,-54.389210,LRG,0.49426704,1.0000,false
V4T002272,28.689693,-40.980475,LRG,0.28517793,1.0000,false
V4T002273,358.622514,-28.704303,QSO,0.17076831,1.7000,false
V4T002274,353.761954,-38.187834,ELG,0.76006239,1.0000,false
V4T002275,25.819726,-61.144552,ELG,0.43307976,1.0000,true
V4T002276,338.922451,-16.965217,BGS,2.01903834,0.4500,false
V4T002277,336.302272,-20.328984,BGS,1.18719096,0.4500,false
V4T002278,353.116234,-39.094596,BGS,1.35519507,0.4500,false
V4T002279,355.609362,-34.525835,ELG,0.64948933,1.0000,true
V4T002280,45.375993,-38.320454,QSO,0.17925180,1.7000,false
V4T002281,345.813495,-29.182840,ELG,0.37999511,1.0000,false
V4T002282,348.540363,-27.699226,ELG,0.29029421,1.0000,false
V4T002283,345.054797,-19.742699,QSO,0.10433139,1.7000,false
V4T002284,350.763969,-36.188048,BGS,1.02886047,0.4500,true
V4T002285,340.038420,-26.341405,ELG,0.68487206,1.0000,false
V4T002286,33.167692,-37.607082,Star,5.65315486,0.3000,false
V4T002287,32.686542,-62.072329,LRG,0.23382725,1.0000,false
V4T002288,355.854111,-35.362987,ELG,0.36289693,1.0000,false
V4T002289,356.956504,-39.055809,LRG,0.57167367,1.0000,true
V4T002290,350.263933,-18.723204,BGS,1.49816934,0.4500,false
V4T002291,38.323363,-56.333773,Star,3.30334760,0.3000,false
V4T002292,354.496214,-35.243718,BGS,1.02465920,0.4500,false
V4T002293,31.861159,-59.791061,BGS,0.83886640,0.4500,false
V4T002294,25.912285,-37.908618,ELG,0.51774434,1.0000,false
V4T002295,27.441617,-48.472409,LRG,0.46607901,1.0000,true
V4T002296,345.324036,-21.454367,ELG,0.50871399,1.0000,false
V4T002297,358.861451,-37.070373,BGS,1.42024161,0.4500,false
V4T002298,52.160158,-53.745397,BGS,1.21547247,0.4500,false
V4T002299,31.669465,-59.247979,LRG,0.36589899,1.0000,false
V4T002300,356.694890,-34.984866,ELG,1.12174788,1.0000,false
V4T002301,353.620514,-35.455089,ELG,0.38657397,1.0000,false
V4T002302,353.135713,-37.468475,BGS,1.27025352,0.4500,false
V4T002303,342.728864,-29.964447,QSO,0.04369425,1.7000,false
V4T002304,36.416876,-50.502863,LRG,0.48403027,1.0000,false
V4T002305,53.239474,-49.428335,LRG,0.39869573,1.0000,false
V4T002306,358.049868,-27.018259,ELG,0.49627543,1.0000,false
V4T002307,346.131751,-28.881174,BGS,1.38374693,0.4500,true
V4T002308,350.389151,-39.455475,ELG,0.17442611,1.0000,false
V4T002309,50.297870,-44.341156,QSO,0.23220865,1.7000,false
V4T002310,350.250942,-38.803053,LRG,0.37623462,1.0000,false
V4T002311,40.929938,-48.834716,QSO,0.12210096,1.7000,true
V4T002312,341.166875,-16.510914,ELG,1.49129814,1.0000,false
V4T002313,351.863682,-14.457654,ELG,0.75115459,1.0000,false
V4T002314,32.396653,-37.791818,LRG,0.31646532,1.0000,false
V4T002315,45.916296,-40.086678,QSO,0.16244549,1.7000,false
V4T002316,2.123259,-30.162193,QSO,0.12822246,1.7000,false
V4T002317,20.828464,-43.109290,ELG,0.25812393,1.0000,false
V4T002318,342.753813,-16.241420,QSO,0.18513539,1.7000,true
V4T002319,50.936004,-44.380740,QSO,0.33340687,1.7000,false
V4T002320,345.709637,-22.785435,LRG,0.28995682,1.0000,true
V4T002321,350.376561,-24.254827,BGS,2.69306944,0.4500,false
V4T002322,338.494349,-20.761448,BGS,1.40018314,0.4500,false
V4T002323,358.149104,-27.127644,LRG,0.22716643,1.0000,false
V4T002324,0.106135,-22.685074,Star,4.74907493,0.3000,false
V4T002325,345.900629,-27.969006,LRG,0.39569647,1.0000,false
V4T002326,19.024338,-52.566812,BGS,1.54166560,0.4500,false
V4T002327,352.344265,-39.290037,QSO,0.09888478,1.7000,false
V4T002328,41.166077,-46.926526,ELG,0.60649150,1.0000,false
V4T002329,43.514513,-60.425073,LRG,0.18074960,1.0000,false
V4T002330,357.659823,-38.880875,ELG,1.16693192,1.0000,false
V4T002331,32.094100,-45.667780,BGS,1.03906278,0.4500,false
V4T002332,346.829084,-30.877994,QSO,0.17583952,1.7000,false
V4T002333,353.830169,-18.117236,LRG,0.54023377,1.0000,false
V4T002334,336.402828,-20.806320,BGS,0.77881285,0.4500,false
V4T002335,47.175887,-55.035928,ELG,0.55121407,1.0000,false
V4T002336,353.938869,-35.311632,LRG,0.38474650,1.0000,true
V4T002337,46.614432,-44.803597,BGS,1.35670437,0.4500,false
V4T002338,31.205688,-43.827555,QSO,0.11902062,1.7000,false
V4T002339,50.060092,-44.650767,QSO,0.12422158,1.7000,false
V4T002340,358.523248,-26.407713,BGS,1.61727782,0.4500,false
V4T002341,340.765581,-28.239894,ELG,0.34314577,1.0000,false
V4T002342,34.597531,-61.364725,ELG,0.26767107,1.0000,false
V4T002343,28.747377,-60.192774,QSO,0.23926905,1.7000,false
V4T002344,358.162027,-26.991504,ELG,0.99882176,1.0000,false
V4T002345,351.836707,-39.946216,QSO,0.11632408,1.7000,false
V4T002346,348.657585,-31.973478,ELG,0.36588370,1.0000,false
V4T002347,335.536695,-22.612066,Star,6.11756115,0.3000,false
V4T002348,32.373132,-58.954544,LRG,0.22419177,1.0000,false
V4T002349,340.107918,-31.139570,ELG,0.43695306,1.0000,false
V4T002350,359.164966,-29.584942,ELG,0.45780561,1.0000,false
V4T002351,2.064507,-23.288886,ELG,0.53957545,1.0000,false
V4T002352,49.906144,-44.780719,ELG,0.47416557,1.0000,false
V4T002353,28.574318,-39.953999,ELG,0.68961175,1.0000,true
V4T002354,33.719685,-59.531558,ELG,0.50140560,1.0000,false
V4T002355,34.226307,-36.624339,ELG,0.39113156,1.0000,false
V4T002356,31.016101,-39.169375,ELG,0.21631567,1.0000,false
V4T002357,3.810473,-25.443703,ELG,0.47041885,1.0000,false
V4T002358,2.089982,-26.682443,ELG,0.45654256,1.0000,false
V4T002359,350.146613,-40.273319,BGS,1.07037936,0.4500,false
V4T002360,350.830918,-36.942635,LRG,0.34060438,1.0000,false
V4T002361,359.712096,-36.074780,QSO,0.29770009,1.7000,false
V4T002362,352.082761,-39.590983,ELG,0.31053844,1.0000,false
V4T002363,27.725218,-54.474534,BGS,2.57267785,0.4500,false
V4T002364,354.902875,-14.704725,ELG,0.80390736,1.0000,false
V4T002365,356.893951,-34.358566,ELG,0.56022772,1.0000,false
V4T002366,38.122935,-47.597947,LRG,0.47866697,1.0000,false
V4T002367,32.658028,-37.080329,BGS,1.13536757,0.4500,false
V4T002368,31.824492,-51.628963,ELG,0.72380125,1.0000,false
V4T002369,31.271485,-58.325841,ELG,0.50100366,1.0000,false
V4T002370,26.000219,-49.842578,ELG,0.55556680,1.0000,false
V4T002371,34.097504,-58.927679,LRG,0.11150484,1.0000,false
V4T002372,30.438251,-59.587332,BGS,1.19604509,0.4500,false
V4T002373,344.480693,-34.632517,ELG,0.81712088,1.0000,false
V4T002374,28.382381,-46.563272,LRG,0.34401967,1.0000,false
V4T002375,30.961379,-51.315877,ELG,0.42159715,1.0000,false
V4T002376,29.967700,-59.143423,BGS,1.65287801,0.4500,false
V4T002377,359.449921,-37.153326,QSO,0.15082184,1.7000,false
V4T002378,340.574115,-36.001414,BGS,1.31693983,0.4500,false
V4T002379,23.732294,-49.788610,Star,6.01736510,0.3000,false
V4T002380,28.479688,-60.558453,Star,2.67700643,0.3000,false
V4T002381,35.511640,-54.626354,BGS,1.12932100,0.4500,false
V4T002382,26.019615,-55.913755,QSO,0.08465529,1.7000,false
V4T002383,0.983402,-30.240720,QSO,0.48376991,1.7000,false
V4T002384,337.780634,-22.792239,ELG,0.69738065,1.0000,false
V4T002385,45.582972,-41.119599,QSO,0.18126565,1.7000,false
V4T002386,30.067671,-49.877658,QSO,0.15773532,1.7000,false
V4T002387,351.116249,-21.016996,LRG,0.30974173,1.0000,false
V4T002388,27.938629,-53.333772,Star,2.19398312,0.3000,false
V4T002389,350.647064,-22.110376,QSO,0.18758918,1.7000,false
V4T002390,35.306209,-54.839239,Star,3.15451847,0.3000,false
V4T002391,339.852439,-33.111047,Star,6.01783531,0.3000,false
V4T002392,339.675689,-30.097000,LRG,0.29912711,1.0000,false
V4T002393,0.940060,-22.915285,Star,4.45293421,0.3000,false
V4T002394,32.373933,-59.038611,ELG,0.48633385,1.0000,false
V4T002395,339.814730,-35.046774,QSO,0.12894822,1.7000,false
V4T002396,356.250955,-29.505792,QSO,0.15534944,1.7000,false
V4T002397,0.639535,-17.389475,ELG,0.67730697,1.0000,false
V4T002398,348.962195,-33.123548,QSO,0.38844488,1.7000,false
V4T002399,353.514194,-38.358291,LRG,0.27622166,1.0000,false
V4T002400,347.391217,-38.158537,BGS,1.53524862,0.4500,false
V4T002401,34.076208,-36.861651,ELG,0.44678778,1.0000,false
V4T002402,354.857315,-33.998243,ELG,0.60919289,1.0000,false
V4T002403,50.921557,-44.499718,BGS,0.79834872,0.4500,false
V4T002404,33.916411,-37.302146,ELG,0.53814581,1.0000,false
V4T002405,344.427846,-36.318638,ELG,0.77748039,1.0000,false
V4T002406,49.713898,-43.333541,ELG,0.46455175,1.0000,false
V4T002407,347.927048,-23.389935,BGS,1.72695008,0.4500,false
V4T002408,356.521183,-18.522023,Star,4.18648541,0.3000,false
V4T002409,32.427320,-36.667407,ELG,0.66670609,1.0000,false
V4T002410,354.004112,-35.195700,ELG,0.53337967,1.0000,false
V4T002411,43.806877,-61.183792,LRG,0.21605402,1.0000,false
V4T002412,356.133086,-33.722523,ELG,0.71813901,1.0000,false
V4T002413,43.810339,-39.111375,ELG,0.61786031,1.0000,false
V4T002414,43.948194,-38.559743,LRG,0.46168088,1.0000,false
V4T002415,345.598452,-28.346486,Star,2.77879310,0.3000,false
V4T002416,344.109745,-25.856526,LRG,0.83571851,1.0000,false
V4T002417,42.630771,-37.548356,BGS,2.27817467,0.4500,false
V4T002418,23.095711,-39.632249,LRG,0.39687907,1.0000,false
V4T002419,358.832760,-37.287250,BGS,0.92369120,0.4500,false
V4T002420,351.631716,-19.789109,BGS,0.73804971,0.4500,false
V4T002421,43.970414,-40.512729,ELG,0.52541634,1.0000,false
V4T002422,23.545684,-46.179746,LRG,0.32009811,1.0000,false
V4T002423,21.874970,-43.391173,ELG,0.73559543,1.0000,false
V4T002424,350.156395,-36.738441,ELG,0.59554531,1.0000,false
V4T002425,27.925583,-53.970623,ELG,0.50717008,1.0000,false
V4T002426,30.226447,-59.045471,BGS,1.16296078,0.4500,false
V4T002427,351.535746,-33.206612,ELG,0.27110299,1.0000,false
V4T002428,344.333354,-30.055277,LRG,0.30198697,1.0000,false
V4T002429,32.463186,-37.686068,LRG,0.18161689,1.0000,false
V4T002430,34.109979,-47.683065,ELG,0.60513062,1.0000,false
V4T002431,42.389951,-57.539162,QSO,0.13275199,1.7000,false
V4T002432,351.419073,-15.550445,ELG,0.57536713,1.0000,false
V4T002433,45.307482,-52.269988,ELG,0.52742107,1.0000,false
V4T002434,357.898213,-25.790774,ELG,0.52431683,1.0000,true
V4T002435,34.189332,-40.416585,ELG,0.46695955,1.0000,false
V4T002436,26.898640,-52.559385,BGS,0.86414955,0.4500,false
V4T002437,344.487467,-36.897137,Star,4.57399388,0.3000,false
V4T002438,42.558274,-41.413535,BGS,1.92560653,0.4500,false
V4T002439,355.992795,-35.249841,ELG,0.33374602,1.0000,false
V4T002440,355.192281,-35.595378,LRG,0.32607396,1.0000,false
V4T002441,37.607809,-36.434586,ELG,0.94025506,1.0000,false
V4T002442,343.486156,-30.570333,QSO,0.29853155,1.7000,false
V4T002443,31.186496,-41.755028,QSO,0.14703001,1.7000,false
V4T002444,31.531247,-59.197030,LRG,0.27196017,1.0000,false
V4T002445,353.661218,-21.020003,LRG,0.21803782,1.0000,false
V4T002446,30.367592,-44.197893,QSO,0.13736998,1.7000,false
V4T002447,36.110880,-42.023892,BGS,1.91368085,0.4500,false
V4T002448,345.606298,-30.123699,QSO,0.08739665,1.7000,false
V4T002449,351.434797,-39.070394,ELG,0.39354316,1.0000,false
V4T002450,352.716595,-38.393327,ELG,0.53478746,1.0000,false
V4T002451,40.097357,-62.125928,QSO,0.24924873,1.7000,true
V4T002452,342.770765,-26.992662,LRG,0.34972054,1.0000,false
V4T002453,21.944934,-44.279825,LRG,0.24009745,1.0000,false
V4T002454,351.534131,-38.886150,QSO,0.14360766,1.7000,false
V4T002455,355.110644,-34.425922,ELG,0.51859363,1.0000,false
V4T002456,342.255933,-25.984062,ELG,0.70148384,1.0000,false
V4T002457,0.351795,-20.435720,ELG,0.57719466,1.0000,false
V4T002458,353.607182,-34.518515,BGS,0.97469509,0.4500,false
V4T002459,36.381373,-61.341882,Star,3.67537942,0.3000,false
V4T002460,345.559005,-19.389027,BGS,0.89840390,0.4500,false
V4T002461,33.593808,-58.474579,ELG,0.58347192,1.0000,false
V4T002462,51.894885,-48.363274,ELG,0.75329512,1.0000,false
V4T002463,32.356532,-36.824145,LRG,0.36475527,1.0000,false
V4T002464,45.404566,-39.245571,LRG,0.23870358,1.0000,false
V4T002465,340.831516,-27.027198,BGS,1.56547908,0.4500,false
V4T002466,354.438018,-34.438580,BGS,0.82083947,0.4500,false
V4T002467,345.916551,-18.040021,LRG,0.21081282,1.0000,false
V4T002468,350.047755,-15.025188,LRG,0.52410572,1.0000,false
V4T002469,351.020323,-39.836255,LRG,0.26585716,1.0000,false
V4T002470,354.125915,-20.642701,LRG,0.60184945,1.0000,false
V4T002471,49.683820,-45.050339,LRG,0.24771348,1.0000,false
V4T002472,359.116787,-26.422492,Star,4.15476109,0.3000,false
V4T002473,350.773485,-18.863592,Star,3.17841411,0.3000,false
V4T002474,37.493067,-45.543371,ELG,0.60995344,1.0000,false
V4T002475,28.076718,-56.479485,ELG,0.55363296,1.0000,false
V4T002476,34.290591,-60.114826,BGS,0.77024202,0.4500,false
V4T002477,352.774807,-38.536069,ELG,0.95618656,1.0000,false
V4T002478,348.891271,-18.048192,LRG,0.64757164,1.0000,false
V4T002479,357.810278,-36.841205,BGS,1.29983609,0.4500,false
V4T002480,356.259199,-32.230093,ELG,1.67340521,1.0000,false
V4T002481,344.542998,-32.280629,BGS,2.41978985,0.4500,true
V4T002482,355.016689,-26.830180,LRG,0.24838978,1.0000,false
V4T002483,352.215894,-36.431524,QSO,0.09558155,1.7000,false
V4T002484,50.012617,-44.065065,ELG,0.53793814,1.0000,true
V4T002485,358.646108,-19.026416,LRG,0.33654854,1.0000,false
V4T002486,35.251393,-47.000787,ELG,0.92154257,1.0000,false
V4T002487,337.420891,-18.949322,ELG,1.28825129,1.0000,false
V4T002488,345.108290,-20.030830,LRG,0.42925004,1.0000,false
V4T002489,47.968211,-46.464326,QSO,0.10797227,1.7000,false
V4T002490,50.944712,-43.945711,ELG,0.74217145,1.0000,false
V4T002491,346.305841,-14.501172,QSO,0.13094217,1.7000,true
V4T002492,347.025109,-28.978919,ELG,0.35190565,1.0000,false
V4T002493,31.294754,-39.727271,BGS,1.29497487,0.4500,false
V4T002494,345.818757,-21.403371,LRG,0.32888126,1.0000,false
V4T002495,31.115806,-58.814890,ELG,0.87238533,1.0000,false
V4T002496,335.587846,-23.358252,ELG,0.71131119,1.0000,false
V4T002497,341.563683,-21.578180,ELG,0.48580071,1.0000,false
V4T002498,32.596781,-41.256178,QSO,0.17437677,1.7000,true
V4T002499,0.708449,-27.997590,BGS,1.03281463,0.4500,false
V4T002500,354.549921,-36.084933,ELG,0.21812527,1.0000,false
V4T002501,1.925722,-36.288378,ELG,0.59245413,1.0000,false
V4T002502,349.995470,-36.676317,ELG,0.95633488,1.0000,false
V4T002503,344.586179,-28.153276,BGS,0.67428864,0.4500,false
V4T002504,35.058169,-37.319417,ELG,0.36099351,1.0000,false
V4T002505,41.413273,-62.201406,BGS,1.30190550,0.4500,false
V4T002506,339.462979,-36.180264,ELG,0.30929374,1.0000,false
V4T002507,354.509071,-35.138718,BGS,1.54352336,0.4500,false
V4T002508,349.979795,-36.564277,BGS,1.60272381,0.4500,false
V4T002509,347.584032,-28.747721,BGS,1.97534494,0.4500,false
V4T002510,343.436208,-37.614958,BGS,1.54670655,0.4500,false
V4T002511,51.603877,-52.562915,ELG,0.55777711,1.0000,false
V4T002512,33.478069,-56.647438,ELG,0.32053383,1.0000,false
V4T002513,52.307290,-47.330521,LRG,0.19529677,1.0000,false
V4T002514,351.028507,-36.697003,LRG,0.34170704,1.0000,false
V4T002515,358.232321,-26.649380,BGS,1.71764117,0.4500,false
V4T002516,25.514560,-45.945781,QSO,0.20253753,1.7000,true
V4T002517,346.810040,-21.144143,LRG,0.42891702,1.0000,false
V4T002518,343.813873,-23.070320,LRG,0.21426148,1.0000,false
V4T002519,345.691025,-20.888991,ELG,0.48442591,1.0000,false
V4T002520,47.527017,-48.819597,ELG,0.77261829,1.0000,false
V4T002521,24.878591,-53.206599,BGS,1.84333421,0.4500,false
V4T002522,31.027296,-59.352466,LRG,0.56184687,1.0000,false
V4T002523,348.438091,-28.548769,Star,5.46629646,0.3000,false
V4T002524,37.428861,-44.112855,ELG,0.43120177,1.0000,false
V4T002525,41.255130,-37.874615,ELG,0.67320174,1.0000,false
V4T002526,26.958226,-57.199923,ELG,0.59821307,1.0000,false
V4T002527,356.487296,-39.369121,QSO,0.27899478,1.7000,false
V4T002528,350.955284,-36.301901,LRG,0.36313944,1.0000,false
V4T002529,36.865519,-37.624803,ELG,0.54801250,1.0000,false
V4T002530,349.042501,-37.866130,BGS,1.63896559,0.4500,true
V4T002531,35.404053,-45.241281,BGS,2.70790945,0.4500,false
V4T002532,46.416058,-47.924778,ELG,0.38497116,1.0000,false
V4T002533,39.415894,-53.526951,ELG,0.30342713,1.0000,false
V4T002534,50.318221,-43.164461,BGS,1.22809190,0.4500,false
V4T002535,341.800004,-25.303583,Star,4.33188301,0.3000,false
V4T002536,49.522180,-44.002255,QSO,0.12772905,1.7000,false
V4T002537,342.858306,-20.342000,QSO,0.27056736,1.7000,false
V4T002538,339.870106,-24.392006,LRG,0.51335014,1.0000,false
V4T002539,343.376433,-14.872767,QSO,0.26970566,1.7000,false
V4T002540,30.350568,-41.447257,QSO,0.11741921,1.7000,false
V4T002541,351.417284,-21.802453,BGS,2.93214328,0.4500,false
V4T002542,336.415279,-33.288085,BGS,1.04076035,0.4500,false
V4T002543,350.864736,-36.389488,LRG,0.33768887,1.0000,false
V4T002544,335.298862,-28.472136,BGS,1.29929004,0.4500,false
V4T002545,49.624101,-56.572994,ELG,0.50577205,1.0000,false
V4T002546,41.495787,-58.850221,BGS,1.14040067,0.4500,false
V4T002547,354.573192,-14.582321,BGS,1.24627274,0.4500,false
V4T002548,357.596816,-26.405863,BGS,1.99134040,0.4500,false
V4T002549,346.189990,-15.152971,BGS,0.64698189,0.4500,false
V4T002550,50.357736,-46.573670,QSO,0.65566469,1.7000,false
V4T002551,353.081020,-40.431398,QSO,0.09571397,1.7000,false
V4T002552,357.740351,-25.756676,ELG,0.35954171,1.0000,false
V4T002553,356.772476,-36.783273,ELG,0.53092270,1.0000,true
V4T002554,334.437703,-28.539274,BGS,0.48558749,0.4500,false
V4T002555,50.237254,-44.891747,Star,3.72917864,0.3000,false
V4T002556,33.984857,-44.433097,BGS,1.36450798,0.4500,false
V4T002557,30.257876,-49.393831,ELG,0.35216504,1.0000,false
V4T002558,342.562042,-14.222353,ELG,0.55560401,1.0000,false
V4T002559,340.300798,-28.074432,ELG,0.35282038,1.0000,false
V4T002560,336.421408,-25.710182,Star,3.81232697,0.3000,false
V4T002561,351.701403,-33.092371,QSO,0.29486066,1.7000,false
V4T002562,357.077375,-22.487572,LRG,0.39658413,1.0000,false
V4T002563,345.869344,-26.892646,LRG,0.33690962,1.0000,false
V4T002564,340.643521,-23.238038,BGS,0.97361514,0.4500,false
V4T002565,27.525232,-40.655760,LRG,0.29400476,1.0000,false
V4T002566,24.968725,-44.552256,LRG,0.18720492,1.0000,false
V4T002567,353.702185,-17.443964,ELG,0.99544755,1.0000,false
V4T002568,349.500566,-24.558524,Star,3.64726127,0.3000,false
V4T002569,26.133718,-57.093396,BGS,0.94004277,0.4500,false
V4T002570,345.537594,-25.295394,ELG,1.07633121,1.0000,true
V4T002571,347.943103,-12.917945,QSO,0.16136788,1.7000,false
V4T002572,342.267542,-25.581292,ELG,0.18857621,1.0000,false
V4T002573,44.686506,-42.058710,BGS,1.09979515,0.4500,false
V4T002574,42.374259,-51.555227,Star,4.20685312,0.3000,false
V4T002575,4.076148,-28.370268,QSO,0.11076492,1.7000,false
V4T002576,23.084800,-48.028755,ELG,0.58427624,1.0000,false
V4T002577,21.621448,-45.817676,BGS,1.07628945,0.4500,false
V4T002578,357.589193,-26.993759,BGS,0.82858057,0.4500,false
V4T002579,350.247609,-30.884516,BGS,1.20352578,0.4500,false
V4T002580,48.548062,-57.356122,ELG,0.81750284,1.0000,false
V4T002581,21.838831,-42.425834,BGS,2.43293237,0.4500,false
V4T002582,344.195374,-19.832781,ELG,0.46643246,1.0000,false
V4T002583,352.216376,-36.302620,ELG,0.35432774,1.0000,false
V4T002584,26.054196,-40.273494,ELG,0.81625896,1.0000,false
V4T002585,345.789478,-20.965522,LRG,0.43628386,1.0000,false
V4T002586,341.197930,-29.656698,ELG,0.47522538,1.0000,false
V4T002587,339.161015,-36.827682,ELG,0.78942490,1.0000,false
V4T002588,356.844662,-13.736081,BGS,1.03906426,0.4500,false
V4T002589,352.508294,-31.779856,BGS,0.80411660,0.4500,false
V4T002590,49.703726,-43.689931,Star,4.54554225,0.3000,false
V4T002591,351.592582,-29.855923,ELG,0.77131265,1.0000,false
V4T002592,31.526539,-59.434889,Star,3.35288063,0.3000,false
V4T002593,349.346742,-12.714042,QSO,0.10003083,1.7000,false
V4T002594,40.006355,-57.798206,BGS,0.92872305,0.4500,false
V4T002595,33.974345,-55.270744,QSO,0.24502828,1.7000,false
V4T002596,343.349564,-23.117933,QSO,0.22731275,1.7000,false
V4T002597,22.015959,-51.150979,ELG,0.46673102,1.0000,false
V4T002598,343.447895,-13.435593,ELG,0.41270220,1.0000,true
V4T002599,353.287426,-38.123644,Star,3.50312739,0.3000,false
V4T002600,42.376666,-58.065690,LRG,0.16679421,1.0000,false
V4T002601,344.179397,-33.713995,BGS,1.29942594,0.4500,true
V4T002602,358.311493,-26.843500,QSO,0.25124250,1.7000,false
V4T002603,25.139594,-42.052824,QSO,0.54838556,1.7000,false
V4T002604,30.439074,-59.373607,ELG,0.47798621,1.0000,false
V4T002605,30.228099,-40.951052,LRG,0.45722038,1.0000,false
V4T002606,0.568635,-29.382618,Star,4.51570699,0.3000,false
V4T002607,40.454576,-58.484708,Star,4.37541541,0.3000,false
V4T002608,27.716324,-62.399639,BGS,0.80869059,0.4500,false
V4T002609,345.351407,-20.465795,ELG,0.50603748,1.0000,false
V4T002610,354.729205,-18.587858,BGS,1.49813679,0.4500,false
V4T002611,355.725705,-16.247227,ELG,0.39735242,1.0000,false
V4T002612,343.848506,-22.179630,BGS,0.93858812,0.4500,false
V4T002613,354.261343,-26.478963,BGS,1.23364641,0.4500,false
V4T002614,43.813516,-48.591242,Star,3.38066125,0.3000,false
V4T002615,31.354422,-42.004068,LRG,0.40526937,1.0000,false
V4T002616,354.014262,-34.170997,BGS,1.77272230,0.4500,true
V4T002617,44.405583,-37.632753,ELG,0.96802283,1.0000,false
V4T002618,345.169067,-28.595772,LRG,0.24956556,1.0000,false
V4T002619,18.763208,-53.428981,LRG,0.39334089,1.0000,false
V4T002620,349.035070,-31.506870,BGS,1.16727669,0.4500,false
V4T002621,356.646966,-21.471707,ELG,1.07184332,1.0000,false
V4T002622,351.174366,-37.092430,ELG,1.72844071,1.0000,false
V4T002623,351.019231,-39.607112,ELG,0.94787304,1.0000,false
V4T002624,348.079819,-15.783460,BGS,1.35732531,0.4500,false
V4T002625,335.640260,-25.439908,BGS,2.08191143,0.4500,false
V4T002626,38.605805,-54.423425,Star,2.07647028,0.3000,false
V4T002627,354.556133,-22.151811,ELG,1.34908684,1.0000,false
V4T002628,345.627616,-27.198655,QSO,0.18622196,1.7000,false
V4T002629,45.632894,-38.131503,ELG,0.32812051,1.0000,false
V4T002630,354.026218,-36.066961,ELG,0.83232139,1.0000,false
V4T002631,356.309552,-28.969551,QSO,0.32636797,1.7000,false
V4T002632,339.642743,-20.569459,BGS,1.13708558,0.4500,false
V4T002633,30.724326,-40.085575,BGS,1.25997349,0.4500,false
V4T002634,35.062210,-61.191074,ELG,0.18895113,1.0000,false
V4T002635,28.869846,-55.434399,ELG,0.45830072,1.0000,false
V4T002636,351.178020,-19.121739,QSO,0.14999246,1.7000,false
V4T002637,24.413897,-43.629069,QSO,0.09612408,1.7000,false
V4T002638,39.677085,-49.619991,ELG,0.33684504,1.0000,false
V4T002639,348.057919,-13.188022,ELG,0.51656742,1.0000,false
V4T002640,351.757844,-38.949177,ELG,0.71735927,1.0000,false
V4T002641,0.044653,-34.147431,QSO,0.95991187,1.7000,false
V4T002642,348.692871,-34.628238,ELG,0.46310910,1.0000,false
V4T002643,350.735138,-17.264679,QSO,0.09833491,1.7000,false
V4T002644,35.773412,-39.529510,BGS,1.09852900,0.4500,false
V4T002645,345.412803,-28.189255,LRG,0.41452589,1.0000,false
V4T002646,341.223483,-17.265830,ELG,0.63765150,1.0000,false
V4T002647,336.372974,-24.560271,Star,5.61591757,0.3000,false
V4T002648,337.911460,-26.878670,BGS,1.74593670,0.4500,false
V4T002649,341.245537,-33.693738,QSO,0.26791729,1.7000,false
V4T002650,351.715737,-36.878807,LRG,0.53950738,1.0000,false
V4T002651,353.431084,-38.553570,ELG,0.68568191,1.0000,false
V4T002652,344.564113,-16.854387,LRG,0.35860646,1.0000,false
V4T002653,351.551719,-36.615884,QSO,0.19944309,1.7000,false
V4T002654,46.604922,-38.718781,QSO,0.19710341,1.7000,false
V4T002655,31.853507,-59.299404,LRG,0.30588427,1.0000,false
V4T002656,337.491460,-25.979948,Star,3.88283787,0.3000,false
V4T002657,351.342758,-39.884997,ELG,0.13726456,1.0000,false
V4T002658,356.109375,-37.281185,BGS,1.35263261,0.4500,false
V4T002659,29.528668,-37.836828,BGS,0.83188653,0.4500,false
V4T002660,349.865391,-27.480139,BGS,0.96965648,0.4500,false
V4T002661,351.895520,-37.655059,LRG,0.29107242,1.0000,false
V4T002662,2.483992,-19.484012,ELG,0.55330785,1.0000,false
V4T002663,38.995120,-57.767813,LRG,0.18037324,1.0000,false
V4T002664,43.825295,-41.096518,QSO,0.07712306,1.7000,false
V4T002665,338.241252,-21.616880,BGS,0.69359203,0.4500,false
V4T002666,351.868959,-13.094668,ELG,1.03620540,1.0000,false
V4T002667,52.859979,-46.207828,ELG,0.61156556,1.0000,false
V4T002668,38.769398,-38.787892,ELG,0.99794302,1.0000,false
V4T002669,339.662740,-23.025785,ELG,0.29508349,1.0000,false
V4T002670,355.981448,-21.132190,Star,4.10462634,0.3000,false
V4T002671,340.675099,-30.193233,BGS,0.74049516,0.4500,false
V4T002672,343.177104,-33.055539,BGS,1.83638444,0.4500,false
V4T002673,31.554799,-39.423077,QSO,0.17830799,1.7000,true
V4T002674,30.863987,-37.069727,BGS,0.84851281,0.4500,false
V4T002675,346.121331,-34.988585,QSO,0.08514990,1.7000,false
V4T002676,343.066470,-23.889598,LRG,0.32632818,1.0000,false
V4T002677,45.116784,-54.951054,BGS,0.66705440,0.4500,true
V4T002678,32.471338,-54.863698,BGS,0.87248700,0.4500,false
V4T002679,41.924564,-41.429185,Star,3.01930151,0.3000,false
V4T002680,346.632134,-30.678252,QSO,1.01236853,1.7000,false
V4T002681,1.263137,-30.859124,BGS,1.56827883,0.4500,false
V4T002682,359.477617,-15.347133,ELG,0.55102545,1.0000,false
V4T002683,46.394084,-40.642015,BGS,1.41486276,0.4500,false
V4T002684,344.733905,-21.224570,QSO,0.05602537,1.7000,true
V4T002685,341.578656,-24.849435,QSO,0.33836480,1.7000,false
V4T002686,355.626912,-35.336806,ELG,0.97240579,1.0000,false
V4T002687,47.583774,-44.067202,LRG,0.41132854,1.0000,false
V4T002688,45.711302,-48.695028,BGS,0.79929010,0.4500,false
V4T002689,359.249087,-18.717699,BGS,1.01091910,0.4500,false
V4T002690,348.925023,-33.907976,ELG,0.25657100,1.0000,false
V4T002691,2.055709,-31.519959,BGS,1.00250309,0.4500,false
V4T002692,42.870333,-37.157045,ELG,0.43267282,1.0000,false
V4T002693,342.460719,-22.686135,ELG,0.52096337,1.0000,false
V4T002694,39.668279,-60.152127,QSO,0.16156417,1.7000,false
V4T002695,25.900081,-49.797327,ELG,0.25451208,1.0000,false
V4T002696,345.150611,-28.674108,Star,5.29014971,0.3000,false
V4T002697,26.701526,-44.056211,LRG,0.25188856,1.0000,false
V4T002698,343.427607,-25.454097,Star,3.02463020,0.3000,false
V4T002699,48.388871,-39.943622,BGS,0.88921489,0.4500,false
V4T002700,50.659774,-45.997874,LRG,0.26165633,1.0000,false
V4T002701,357.191882,-16.955144,BGS,1.01466641,0.4500,false
V4T002702,24.192569,-54.130488,Star,3.13517145,0.3000,true
V4T002703,49.915690,-48.126468,QSO,0.48671206,1.7000,false
V4T002704,339.485023,-22.015325,QSO,0.46726669,1.7000,false
V4T002705,355.432264,-34.105168,LRG,0.23968016,1.0000,false
V4T002706,51.358752,-49.257503,ELG,0.42947255,1.0000,false
V4T002707,347.332860,-20.101167,ELG,0.70615690,1.0000,false
V4T002708,348.290680,-23.287556,ELG,0.68969365,1.0000,false
V4T002709,359.895993,-34.342533,BGS,1.47922513,0.4500,false
V4T002710,38.193473,-54.220720,ELG,0.58507642,1.0000,false
V4T002711,4.272827,-32.149098,LRG,0.32523812,1.0000,true
V4T002712,343.976199,-14.515122,LRG,0.28313759,1.0000,false
V4T002713,355.397657,-34.212732,LRG,0.41998216,1.0000,true
V4T002714,24.672645,-41.492961,QSO,0.14389074,1.7000,false
V4T002715,30.260673,-58.335365,QSO,0.30657874,1.7000,false
V4T002716,345.139015,-18.364412,LRG,0.42350592,1.0000,false
V4T002717,354.074053,-38.603694,LRG,0.74537968,1.0000,false
V4T002718,41.110848,-48.778722,ELG,0.25904701,1.0000,false
V4T002719,51.020896,-44.628271,Star,3.58919366,0.3000,false
V4T002720,44.111949,-42.396690,ELG,0.47830142,1.0000,false
V4T002721,347.261500,-36.747077,BGS,0.95948152,0.4500,false
V4T002722,32.647280,-36.887265,BGS,1.85908835,0.4500,false
V4T002723,352.783033,-36.000401,ELG,0.38821310,1.0000,false
V4T002724,355.519805,-34.349471,BGS,0.73909182,0.4500,false
V4T002725,24.186879,-60.616296,QSO,0.14465532,1.7000,false
V4T002726,334.441742,-29.322006,QSO,0.35256666,1.7000,false
V4T002727,341.563207,-38.145206,Star,5.38326024,0.3000,false
V4T002728,335.793257,-33.745419,ELG,0.54897959,1.0000,false
V4T002729,356.974915,-14.273875,ELG,0.65854146,1.0000,false
V4T002730,345.524985,-27.957948,ELG,0.59066115,1.0000,false
V4T002731,51.669345,-42.517923,QSO,0.21976933,1.7000,false
V4T002732,49.215659,-44.265263,QSO,0.06934978,1.7000,false
V4T002733,52.172368,-53.642043,LRG,0.33274465,1.0000,false
V4T002734,20.150460,-47.744169,LRG,0.37034023,1.0000,false
V4T002735,357.641657,-35.205599,ELG,1.52331538,1.0000,false
V4T002736,38.439320,-58.006227,ELG,0.56132163,1.0000,false
V4T002737,353.343025,-34.487205,ELG,0.68064373,1.0000,false
V4T002738,36.432281,-49.806866,BGS,1.74786487,0.4500,false
V4T002739,52.682251,-52.934347,LRG,0.19968417,1.0000,false
V4T002740,0.024131,-19.646454,BGS,0.98573668,0.4500,false
V4T002741,351.022453,-36.456522,ELG,0.32788674,1.0000,false
V4T002742,359.452339,-18.531839,BGS,1.85660608,0.4500,true
V4T002743,34.587466,-57.206947,ELG,0.57853108,1.0000,false
V4T002744,51.349092,-44.934694,ELG,0.65583127,1.0000,false
V4T002745,358.197727,-26.665351,ELG,0.47612458,1.0000,false
V4T002746,351.732041,-21.166762,ELG,0.38366879,1.0000,false
V4T002747,352.015919,-39.559810,BGS,1.14720098,0.4500,false
V4T002748,30.899896,-58.115044,QSO,0.10023050,1.7000,false
V4T002749,33.000088,-60.647724,LRG,0.23487705,1.0000,false
V4T002750,0.338180,-34.880949,QSO,0.12305577,1.7000,false
V4T002751,354.303161,-34.886093,BGS,0.94590558,0.4500,false
V4T002752,345.138417,-26.317228,ELG,0.73508668,1.0000,false
V4T002753,353.962626,-38.413727,BGS,1.05479662,0.4500,false
V4T002754,350.867376,-37.152373,BGS,1.19563887,0.4500,false
V4T002755,357.807931,-29.499198,LRG,0.25416162,1.0000,false
V4T002756,42.310588,-41.084835,LRG,0.35782091,1.0000,false
V4T002757,357.457306,-23.186863,LRG,0.46596587,1.0000,false
V4T002758,354.027673,-13.344930,ELG,0.48098143,1.0000,true
V4T002759,354.499003,-33.756755,BGS,1.28086961,0.4500,false
V4T002760,38.001827,-49.324984,LRG,0.28353489,1.0000,false
V4T002761,32.048213,-59.399751,BGS,1.69890544,0.4500,false
V4T002762,356.156061,-33.713225,LRG,0.47166614,1.0000,false
V4T002763,358.750408,-30.340394,ELG,0.36796053,1.0000,false
V4T002764,349.643315,-39.989855,BGS,1.07731054,0.4500,false
V4T002765,349.381524,-36.032768,BGS,1.21724975,0.4500,false
V4T002766,344.410836,-38.388931,QSO,0.20913686,1.7000,false
V4T002767,349.268286,-26.692998,QSO,0.14952840,1.7000,false
V4T002768,39.867039,-62.283589,LRG,0.31913873,1.0000,false
V4T002769,351.906924,-27.843096,LRG,0.34906570,1.0000,false
V4T002770,24.719148,-42.046604,LRG,0.53145604,1.0000,false
V4T002771,343.700035,-32.743995,BGS,0.85576025,0.4500,false
V4T002772,356.639826,-14.058143,BGS,1.27122121,0.4500,false
V4T002773,27.198624,-60.332357,LRG,0.26940219,1.0000,false
V4T002774,355.971897,-18.727552,Star,4.04835842,0.3000,false
V4T002775,354.508751,-37.841023,ELG,0.88165011,1.0000,false
V4T002776,352.262989,-30.265635,LRG,0.27267720,1.0000,false
V4T002777,345.400050,-20.529382,ELG,0.64437511,1.0000,false
V4T002778,345.559014,-29.316413,ELG,0.86857412,1.0000,true
V4T002779,353.951011,-16.268993,BGS,2.47970879,0.4500,false
V4T002780,49.400187,-44.771389,QSO,0.16655110,1.7000,false
V4T002781,44.562935,-57.991752,ELG,1.11677542,1.0000,false
V4T002782,341.239870,-31.322433,ELG,0.75260003,1.0000,false
V4T002783,356.613206,-26.215069,BGS,1.09560855,0.4500,false
V4T002784,359.122294,-15.296013,ELG,0.47602588,1.0000,false
V4T002785,2.673502,-33.559179,ELG,0.75432391,1.0000,false
V4T002786,358.762432,-22.033683,ELG,0.58128822,1.0000,false
V4T002787,346.835911,-20.093544,QSO,0.26895525,1.7000,false
V4T002788,343.051524,-13.995977,ELG,0.46613464,1.0000,false
V4T002789,39.901735,-41.998310,ELG,0.22925324,1.0000,false
V4T002790,21.682196,-56.168502,BGS,1.09785313,0.4500,false
V4T002791,33.839717,-36.344833,LRG,0.54092158,1.0000,false
V4T002792,3.411282,-27.271779,ELG,0.47657197,1.0000,false
V4T002793,355.864077,-28.649159,QSO,0.17184884,1.7000,false
V4T002794,358.309263,-26.533113,LRG,0.63177850,1.0000,false
V4T002795,353.219971,-37.841052,ELG,0.65867592,1.0000,false
V4T002796,50.015825,-43.466368,BGS,1.13176451,0.4500,false
V4T002797,335.936150,-24.230767,ELG,0.65378771,1.0000,false
V4T002798,357.217391,-34.667595,ELG,0.32015571,1.0000,false
V4T002799,36.037267,-42.259220,ELG,0.65111346,1.0000,false
V4T002800,45.275993,-45.119380,Star,3.42145280,0.3000,false
V4T002801,347.516785,-26.502484,QSO,0.12495039,1.7000,false
V4T002802,353.052649,-36.623094,ELG,0.70182903,1.0000,false
V4T002803,45.795616,-56.916569,QSO,0.19381642,1.7000,false
V4T002804,38.689004,-54.303622,BGS,1.87483925,0.4500,false
V4T002805,345.662064,-27.620987,LRG,0.43016584,1.0000,false
V4T002806,358.419211,-18.649181,QSO,0.30118601,1.7000,true
V4T002807,352.182621,-39.063773,BGS,1.30058842,0.4500,false
V4T002808,348.536497,-30.454272,Star,3.08428332,0.3000,false
V4T002809,28.167129,-61.737182,BGS,1.46694657,0.4500,false
V4T002810,359.830133,-18.173156,ELG,0.44894060,1.0000,false
V4T002811,49.584433,-44.794794,ELG,0.54548770,1.0000,false
V4T002812,50.822368,-47.269726,ELG,0.41459346,1.0000,false
V4T002813,42.929097,-58.982337,ELG,0.67193918,1.0000,false
V4T002814,50.665751,-51.886515,ELG,0.53000611,1.0000,true
V4T002815,28.836334,-48.637255,LRG,0.29078033,1.0000,false
V4T002816,355.604305,-23.777922,LRG,0.49805402,1.0000,false
V4T002817,350.895016,-39.782694,Star,2.26545296,0.3000,false
V4T002818,353.393281,-13.413732,ELG,0.35694159,1.0000,false
V4T002819,354.894588,-32.404604,ELG,0.37834162,1.0000,false
V4T002820,346.623862,-12.394981,ELG,1.41142107,1.0000,false
V4T002821,35.835830,-55.468276,LRG,0.37043357,1.0000,false
V4T002822,30.274891,-36.655216,QSO,0.22310653,1.7000,false
V4T002823,341.724715,-32.633124,ELG,0.42708407,1.0000,false
V4T002824,31.132929,-59.344453,ELG,0.34552481,1.0000,false
V4T002825,1.957108,-19.017277,QSO,0.23702574,1.7000,false
V4T002826,45.503212,-42.993004,LRG,0.31968388,1.0000,false
V4T002827,24.422248,-40.132426,BGS,1.84643240,0.4500,false
V4T002828,35.333776,-56.199355,BGS,1.28049850,0.4500,false
V4T002829,352.696925,-18.305040,QSO,0.17168984,1.7000,false
V4T002830,340.698158,-16.394349,QSO,0.12303576,1.7000,false
V4T002831,347.448644,-21.043262,ELG,0.75010814,1.0000,false
V4T002832,359.841983,-26.165356,ELG,0.55572371,1.0000,false
V4T002833,356.430218,-34.496947,ELG,0.36000565,1.0000,false
V4T002834,345.376613,-20.591238,Star,5.00302650,0.3000,false
V4T002835,339.410710,-32.960743,QSO,0.12204943,1.7000,false
V4T002836,48.389686,-41.527908,ELG,0.39799270,1.0000,false
V4T002837,358.334266,-35.951403,BGS,1.21307222,0.4500,false
V4T002838,29.049726,-38.400609,ELG,0.37482028,1.0000,false
V4T002839,346.020472,-21.407805,Star,4.13306574,0.3000,false
V4T002840,0.976268,-25.642793,LRG,0.32223626,1.0000,false
V4T002841,347.393952,-21.642525,LRG,0.29803122,1.0000,false
V4T002842,36.445709,-47.863680,ELG,1.17093303,1.0000,false
V4T002843,352.449205,-23.625290,ELG,0.52181755,1.0000,false
V4T002844,28.378822,-44.151082,LRG,0.23504146,1.0000,false
V4T002845,338.339664,-27.455414,LRG,0.45383317,1.0000,false
V4T002846,352.347284,-17.078015,ELG,0.55021654,1.0000,false
V4T002847,345.783481,-21.207350,LRG,0.40483422,1.0000,false
V4T002848,35.727426,-60.830013,BGS,1.77204270,0.4500,false
V4T002849,354.422192,-39.240087,BGS,1.73178320,0.4500,false
V4T002850,345.981487,-21.268853,BGS,0.87212916,0.4500,false
V4T002851,355.761105,-13.161461,BGS,1.12498932,0.4500,false
V4T002852,350.515885,-31.784964,ELG,0.37708955,1.0000,false
V4T002853,34.681316,-36.829557,ELG,0.44525620,1.0000,false
V4T002854,40.764725,-49.595450,QSO,0.19791725,1.7000,false
V4T002855,49.622188,-44.064699,LRG,0.53065826,1.0000,false
V4T002856,337.228884,-18.929004,BGS,1.70809777,0.4500,false
V4T002857,345.566125,-13.422724,BGS,1.88342995,0.4500,false
V4T002858,41.233604,-43.723301,QSO,0.06127273,1.7000,false
V4T002859,32.461037,-36.819756,BGS,0.83278403,0.4500,false
V4T002860,352.683621,-18.415032,ELG,0.56901730,1.0000,false
V4T002861,22.297422,-52.562475,LRG,0.31205524,1.0000,false
V4T002862,344.686491,-20.535074,LRG,0.32717393,1.0000,false
V4T002863,340.048564,-32.150657,BGS,1.66361753,0.4500,false
V4T002864,359.893293,-28.072007,LRG,0.15403813,1.0000,false
V4T002865,351.947088,-36.466360,ELG,0.42512520,1.0000,false
V4T002866,23.626136,-42.807681,Star,3.65327951,0.3000,false
V4T002867,345.873952,-27.940955,ELG,1.47454897,1.0000,false
V4T002868,354.248480,-39.086812,Star,5.19216595,0.3000,false
V4T002869,355.290028,-14.971102,BGS,1.20553349,0.4500,false
V4T002870,1.096042,-27.909518,QSO,0.20994062,1.7000,false
V4T002871,356.363570,-34.274476,ELG,0.43162290,1.0000,false
V4T002872,342.111329,-27.111838,LRG,0.40855890,1.0000,false
V4T002873,339.828980,-17.194763,LRG,0.23134559,1.0000,true
V4T002874,30.409439,-46.425462,ELG,0.35197067,1.0000,false
V4T002875,344.689106,-27.734840,BGS,1.10374751,0.4500,false
V4T002876,355.769207,-34.960846,QSO,0.15905368,1.7000,false
V4T002877,49.699883,-45.049588,LRG,0.49889859,1.0000,false
V4T002878,45.351406,-50.039030,QSO,0.16980976,1.7000,false
V4T002879,46.588190,-48.268719,ELG,1.02193436,1.0000,false
V4T002880,45.711208,-41.565207,BGS,2.13577854,0.4500,false
V4T002881,30.560150,-45.699477,LRG,0.28891888,1.0000,false
V4T002882,339.528578,-33.961154,LRG,0.28436612,1.0000,false
V4T002883,31.858444,-59.309204,LRG,0.27210532,1.0000,false
V4T002884,22.672181,-54.146789,BGS,0.85583954,0.4500,false
V4T002885,351.275375,-36.669056,ELG,0.36685782,1.0000,false
V4T002886,358.411378,-32.466787,BGS,1.00524903,0.4500,false
V4T002887,335.246068,-32.874976,BGS,1.14638068,0.4500,false
V4T002888,19.868532,-49.200119,Star,4.51795384,0.3000,false
V4T002889,347.303162,-27.715054,BGS,0.91535220,0.4500,false
V4T002890,36.925768,-46.209432,QSO,0.08372224,1.7000,false
V4T002891,356.694347,-34.922898,ELG,0.34699927,1.0000,false
V4T002892,336.142964,-28.181498,LRG,0.26210994,1.0000,false
V4T002893,347.236059,-31.195883,ELG,0.42389708,1.0000,false
V4T002894,0.711605,-30.832954,LRG,0.26571973,1.0000,false
V4T002895,351.929180,-21.978439,QSO,0.18471756,1.7000,false
V4T002896,0.988226,-19.877968,ELG,0.31883313,1.0000,false
V4T002897,354.351531,-34.682347,Star,5.15247819,0.3000,false
V4T002898,352.399518,-22.887992,Star,4.81621027,0.3000,false
V4T002899,358.055802,-15.613526,Star,3.44215016,0.3000,false
V4T002900,41.404179,-56.629320,ELG,0.24162567,1.0000,false
V4T002901,35.976639,-44.931426,ELG,0.54048789,1.0000,false
V4T002902,43.415520,-47.661425,ELG,0.82597141,1.0000,false
V4T002903,352.391582,-38.914808,BGS,1.13212126,0.4500,true
V4T002904,53.024357,-46.185436,BGS,1.23967084,0.4500,false
V4T002905,41.759819,-56.489787,LRG,0.54199377,1.0000,false
V4T002906,354.339691,-37.634016,ELG,0.61927436,1.0000,true
V4T002907,350.991835,-38.366943,QSO,0.38262511,1.7000,false
V4T002908,342.569286,-26.702964,LRG,0.23338893,1.0000,true
V4T002909,3.131494,-22.985502,ELG,0.60217039,1.0000,false
V4T002910,340.601985,-19.748301,QSO,0.14953697,1.7000,false
V4T002911,344.933952,-29.024155,BGS,0.91261236,0.4500,false
V4T002912,344.986536,-21.069166,Star,3.73164177,0.3000,false
V4T002913,32.154286,-59.331301,BGS,1.64967259,0.4500,false
V4T002914,48.564373,-55.504848,BGS,1.74769939,0.4500,false
V4T002915,348.132288,-14.300766,BGS,1.30238043,0.4500,true
V4T002916,26.280632,-40.261262,LRG,0.39097801,1.0000,false
V4T002917,353.926015,-38.990133,BGS,1.33508573,0.4500,false
V4T002918,344.522799,-35.563689,QSO,0.13188557,1.7000,false
V4T002919,358.946835,-27.043662,BGS,1.67357391,0.4500,false
V4T002920,351.466467,-35.691297,Star,4.98075294,0.3000,false
V4T002921,350.061269,-36.701615,Star,6.02783275,0.3000,false
V4T002922,345.410553,-27.517649,LRG,0.30079838,1.0000,false
V4T002923,347.527075,-38.943511,ELG,0.37353131,1.0000,false
V4T002924,28.195941,-37.266114,Star,5.18189268,0.3000,false
V4T002925,353.375910,-38.355922,ELG,0.40026779,1.0000,false
V4T002926,351.397990,-39.281711,ELG,0.54345623,1.0000,false
V4T002927,24.378831,-44.365120,ELG,0.82821908,1.0000,false
V4T002928,47.010699,-54.624161,BGS,1.18357204,0.4500,false
V4T002929,356.774382,-26.042564,Star,3.79478658,0.3000,false
V4T002930,349.369730,-26.942510,LRG,0.43096843,1.0000,false
V4T002931,344.123351,-21.371991,ELG,0.68554258,1.0000,false
V4T002932,2.448493,-27.399045,BGS,2.02082820,0.4500,false
V4T002933,345.166623,-15.208387,QSO,0.10954731,1.7000,true
V4T002934,24.127560,-42.928876,Star,2.80061114,0.3000,false
V4T002935,32.789068,-60.185778,ELG,0.92940855,1.0000,false
V4T002936,350.806144,-36.862224,BGS,1.57484975,0.4500,false
V4T002937,31.994182,-37.720998,LRG,0.36641390,1.0000,false
V4T002938,351.782004,-23.950988,ELG,0.42419226,1.0000,false
V4T002939,356.142392,-34.211543,BGS,1.28770722,0.4500,false
V4T002940,338.585391,-33.999756,BGS,1.71475185,0.4500,false
V4T002941,345.039732,-24.518418,ELG,0.58554654,1.0000,false
V4T002942,49.914488,-44.460479,ELG,0.83441183,1.0000,false
V4T002943,0.519667,-32.746418,LRG,0.29851928,1.0000,false
V4T002944,51.135089,-44.027729,LRG,0.34880191,1.0000,false
V4T002945,346.675639,-18.904462,BGS,0.93922046,0.4500,false
V4T002946,23.609338,-44.600030,LRG,0.50259686,1.0000,false
V4T002947,341.045326,-19.281329,ELG,0.75649116,1.0000,false
V4T002948,50.458629,-43.043350,ELG,0.73758308,1.0000,false
V4T002949,358.594785,-26.777391,ELG,0.46376628,1.0000,false
V4T002950,43.298104,-57.122671,BGS,0.79418346,0.4500,false
V4T002951,50.167534,-44.390598,ELG,0.75587104,1.0000,false
V4T002952,3.876890,-25.148436,BGS,0.97213152,0.4500,false
V4T002953,350.915177,-12.265232,BGS,1.32647961,0.4500,false
V4T002954,1.557382,-24.369255,Star,3.19758192,0.3000,false
V4T002955,340.716001,-18.371182,LRG,0.49967714,1.0000,false
V4T002956,356.470531,-28.459154,QSO,0.17779956,1.7000,false
V4T002957,34.435926,-48.667722,BGS,1.93137897,0.4500,false
V4T002958,27.239913,-51.970722,ELG,0.45955742,1.0000,false
V4T002959,26.202970,-50.955778,BGS,1.58725676,0.4500,false
V4T002960,49.528397,-50.699735,LRG,0.40369145,1.0000,false
V4T002961,353.329650,-38.232716,QSO,0.19442237,1.7000,false
V4T002962,354.817375,-34.129109,ELG,0.61788518,1.0000,false
V4T002963,23.605646,-53.241525,LRG,0.27813273,1.0000,false
V4T002964,25.717849,-59.086146,QSO,0.24059082,1.7000,false
V4T002965,358.450741,-23.060679,ELG,0.45014631,1.0000,false
V4T002966,355.038871,-35.152718,Star,3.17936415,0.3000,true
V4T002967,353.287463,-37.920444,BGS,1.11544908,0.4500,false
V4T002968,344.303062,-21.766228,ELG,0.42076289,1.0000,false
V4T002969,19.984801,-55.998967,BGS,1.61355213,0.4500,false
V4T002970,31.020530,-41.546523,Star,2.68697668,0.3000,false
V4T002971,37.118379,-63.022585,ELG,0.41545846,1.0000,false
V4T002972,353.450757,-35.957573,QSO,0.16838023,1.7000,false
V4T002973,45.701592,-46.315596,QSO,0.24235463,1.7000,false
V4T002974,352.918685,-16.537064,LRG,0.63043654,1.0000,false
V4T002975,344.526013,-27.802052,BGS,0.98840021,0.4500,false
V4T002976,28.697989,-46.862294,LRG,0.29929507,1.0000,false
V4T002977,50.289146,-48.785084,BGS,1.15510005,0.4500,false
V4T002978,49.976627,-44.158545,ELG,0.81713180,1.0000,false
V4T002979,30.821716,-59.282941,Star,6.03220613,0.3000,false
V4T002980,338.456600,-23.743019,ELG,0.61857535,1.0000,false
V4T002981,355.334079,-39.849934,LRG,0.29838155,1.0000,false
V4T002982,353.622905,-34.489694,ELG,0.45292035,1.0000,false
V4T002983,37.976182,-53.489319,BGS,1.42255699,0.4500,false
V4T002984,38.062291,-41.020648,QSO,0.12602670,1.7000,false
V4T002985,348.882451,-19.487039,BGS,1.27840542,0.4500,false
V4T002986,340.456298,-19.553407,LRG,0.48208546,1.0000,false
V4T002987,335.187176,-25.509793,ELG,0.61602284,1.0000,false
V4T002988,358.328413,-26.063503,BGS,1.26540094,0.4500,false
V4T002989,53.321218,-47.691051,ELG,0.64271428,1.0000,false
V4T002990,350.253261,-20.899085,LRG,0.55411627,1.0000,true
V4T002991,352.055286,-38.266015,BGS,1.85620174,0.4500,false
V4T002992,351.171106,-26.005251,ELG,0.65652152,1.0000,false
V4T002993,39.933554,-42.048402,QSO,0.18824601,1.7000,true
V4T002994,348.492535,-23.625340,BGS,2.32821632,0.4500,false
V4T002995,44.805978,-39.900509,BGS,1.19812360,0.4500,false
V4T002996,42.560516,-53.325848,ELG,0.35303156,1.0000,false
V4T002997,353.268147,-14.303566,LRG,0.39529818,1.0000,false
V4T002998,4.421406,-29.288083,QSO,0.31864968,1.7000,false
V4T002999,357.510428,-26.074585,QSO,0.17792812,1.7000,false
V4T003000,31.128982,-58.787309,QSO,0.20162501,1.7000,false
V4T003001,347.573992,-27.168455,Star,3.60257711,0.3000,false
V4T003002,345.259506,-21.063672,ELG,0.44173824,1.0000,false
V4T003003,38.050951,-35.902929,ELG,0.35291754,1.0000,false
V4T003004,354.976756,-17.832942,QSO,0.16907819,1.7000,false
V4T003005,36.139402,-50.281662,Star,3.78890236,0.3000,false
V4T003006,345.362314,-14.205860,BGS,1.24031748,0.4500,false
V4T003007,335.870279,-22.285001,QSO,0.25287027,1.7000,false
V4T003008,346.197947,-28.866015,BGS,1.69186713,0.4500,false
V4T003009,19.942605,-55.890381,BGS,1.06860818,0.4500,false
V4T003010,35.128516,-58.646328,LRG,0.71924514,1.0000,false
V4T003011,355.020773,-34.899208,Star,4.71451850,0.3000,false
V4T003012,350.620157,-37.656377,BGS,1.32210027,0.4500,false
V4T003013,49.271652,-43.544770,BGS,1.19652254,0.4500,false
V4T003014,337.729417,-18.334344,LRG,0.33165355,1.0000,false
V4T003015,354.700514,-35.203587,LRG,0.45140847,1.0000,false
V4T003016,350.481604,-29.970703,LRG,0.30887280,1.0000,false
V4T003017,350.963566,-26.911451,QSO,0.11556604,1.7000,false
V4T003018,351.692956,-39.766426,ELG,0.88129242,1.0000,false
V4T003019,21.288260,-43.443538,Star,3.83199240,0.3000,false
V4T003020,20.923003,-49.392718,BGS,0.97988198,0.4500,false
V4T003021,345.322915,-28.698316,BGS,1.34113508,0.4500,false
V4T003022,50.625504,-44.562587,QSO,0.07464250,1.7000,false
V4T003023,345.548935,-25.884780,LRG,0.46404426,1.0000,false
V4T003024,35.271952,-50.518743,QSO,0.16794196,1.7000,false
V4T003025,344.859125,-24.868633,QSO,0.13218550,1.7000,false
V4T003026,351.317617,-39.730232,ELG,0.48271514,1.0000,false
V4T003027,32.312797,-35.808566,BGS,1.44654558,0.4500,false
V4T003028,36.049415,-50.489490,LRG,0.50120780,1.0000,false
V4T003029,0.405404,-34.954358,BGS,1.14802783,0.4500,false
V4T003030,46.379341,-60.279386,QSO,0.21935177,1.7000,false
V4T003031,23.158119,-44.252275,ELG,0.42654424,1.0000,false
V4T003032,33.442430,-59.380311,ELG,0.78170705,1.0000,false
V4T003033,1.362835,-22.069561,BGS,1.05383776,0.4500,false
V4T003034,39.005799,-54.375153,Star,4.59593399,0.3000,false
V4T003035,344.113102,-28.018409,ELG,0.35274963,1.0000,false
V4T003036,30.031986,-51.117383,LRG,0.22684894,1.0000,false
V4T003037,38.336104,-53.972671,BGS,1.49066033,0.4500,false
V4T003038,45.770166,-59.031803,ELG,1.03018198,1.0000,false
V4T003039,353.257391,-35.316015,QSO,0.13412884,1.7000,false
V4T003040,35.650512,-36.420196,BGS,1.45184878,0.4500,false
V4T003041,355.054656,-35.141298,ELG,0.39491936,1.0000,false
V4T003042,53.080894,-49.291805,BGS,0.85137347,0.4500,false
V4T003043,341.979198,-32.623148,BGS,2.13386413,0.4500,false
V4T003044,48.869389,-44.681581,BGS,1.53479532,0.4500,false
V4T003045,355.219847,-35.437704,BGS,1.03954511,0.4500,false
V4T003046,357.727948,-27.373649,BGS,1.35869861,0.4500,false
V4T003047,0.130814,-26.031424,Star,3.70355008,0.3000,false
V4T003048,348.280321,-24.851615,LRG,0.39969664,1.0000,false
V4T003049,356.437536,-27.955366,LRG,0.31467797,1.0000,false
V4T003050,349.118293,-13.896653,LRG,0.50004659,1.0000,false
V4T003051,39.137547,-48.678200,LRG,0.31442770,1.0000,false
V4T003052,353.425788,-39.088181,QSO,0.26649787,1.7000,false
V4T003053,345.375003,-27.734839,LRG,0.34178145,1.0000,false
V4T003054,49.229749,-50.983444,Star,3.06983639,0.3000,false
V4T003055,348.335726,-37.826779,Star,2.68636623,0.3000,false
V4T003056,0.532963,-28.297738,LRG,0.22582049,1.0000,false
V4T003057,358.754429,-25.950387,LRG,0.72549721,1.0000,false
V4T003058,353.811751,-16.824672,ELG,0.33241835,1.0000,false
V4T003059,353.128069,-39.281855,LRG,0.51472301,1.0000,false
V4T003060,35.278966,-47.152672,ELG,0.40839406,1.0000,false
V4T003061,40.286767,-36.530535,ELG,0.49935939,1.0000,false
V4T003062,348.307742,-39.272923,LRG,0.79950112,1.0000,false
V4T003063,353.979886,-38.293090,LRG,0.40000645,1.0000,false
V4T003064,36.690733,-37.904806,LRG,0.23813223,1.0000,true
V4T003065,38.152509,-44.633964,QSO,0.16274244,1.7000,true
V4T003066,352.152872,-39.205396,QSO,0.23856703,1.7000,false
V4T003067,347.944292,-21.726623,QSO,0.27575668,1.7000,false
V4T003068,25.342665,-53.823888,QSO,0.10480172,1.7000,false
V4T003069,341.099700,-36.316521,ELG,0.39496080,1.0000,false
V4T003070,356.819346,-39.040816,LRG,0.53510344,1.0000,false
V4T003071,352.487893,-14.510450,ELG,0.51924916,1.0000,false
V4T003072,338.371331,-34.599355,ELG,0.49561888,1.0000,false
V4T003073,354.063644,-16.190680,BGS,1.67834928,0.4500,false
V4T003074,345.543332,-21.217333,ELG,0.97608338,1.0000,false
V4T003075,354.365353,-32.103572,QSO,0.15399745,1.7000,false
V4T003076,36.323161,-56.489859,LRG,0.61478249,1.0000,false
V4T003077,334.161407,-30.029738,QSO,0.16805860,1.7000,false
V4T003078,348.214702,-29.843856,BGS,0.81607919,0.4500,false
V4T003079,20.384693,-47.920990,ELG,0.89633477,1.0000,false
V4T003080,351.163183,-17.617570,BGS,1.82253506,0.4500,false
V4T003081,31.046727,-36.106158,QSO,0.29247444,1.7000,false
V4T003082,353.391688,-25.078574,ELG,0.35679383,1.0000,true
V4T003083,1.272624,-34.007433,QSO,0.14873710,1.7000,false
V4T003084,27.769685,-40.268296,BGS,1.30794301,0.4500,false
V4T003085,348.314802,-33.424296,BGS,1.01478425,0.4500,false
V4T003086,352.560801,-38.406802,ELG,0.71167309,1.0000,false
V4T003087,344.940352,-28.695148,LRG,0.38438347,1.0000,false
V4T003088,355.245453,-34.389868,Star,3.01230636,0.3000,false
V4T003089,31.980815,-46.019109,ELG,0.60455589,1.0000,false
V4T003090,354.406451,-21.674070,LRG,0.33545680,1.0000,false
V4T003091,343.245519,-13.722232,QSO,0.18684033,1.7000,false
V4T003092,352.151223,-39.248759,LRG,0.86200879,1.0000,false
V4T003093,31.654852,-39.495136,Star,6.33007140,0.3000,false
V4T003094,340.272177,-29.257038,QSO,0.15007005,1.7000,false
V4T003095,42.403281,-48.975631,ELG,0.19579944,1.0000,false
V4T003096,345.650308,-21.504741,ELG,0.67954952,1.0000,false
V4T003097,346.302054,-30.144130,BGS,0.90833484,0.4500,false
V4T003098,354.875668,-25.092464,BGS,1.14668416,0.4500,false
V4T003099,40.269021,-39.446763,ELG,0.45225362,1.0000,false
V4T003100,347.562814,-21.345861,BGS,1.10953830,0.4500,false
V4T003101,354.633703,-35.379304,LRG,0.39224826,1.0000,false
V4T003102,21.497629,-42.185591,QSO,0.47071942,1.7000,false
V4T003103,43.204706,-54.009758,LRG,0.29571348,1.0000,false
V4T003104,49.546999,-52.562902,QSO,0.11583249,1.7000,false
V4T003105,352.113806,-38.580887,Star,5.10583199,0.3000,false
V4T003106,341.170679,-25.449999,BGS,0.98911114,0.4500,false
V4T003107,43.365037,-42.003070,LRG,0.49383418,1.0000,false
V4T003108,349.891188,-13.791732,LRG,0.43506973,1.0000,false
V4T003109,27.601815,-47.370606,QSO,0.30274336,1.7000,false
V4T003110,29.626692,-47.318138,ELG,0.37281435,1.0000,false
V4T003111,53.034638,-49.957860,BGS,1.23192791,0.4500,false
V4T003112,334.972327,-23.655482,ELG,0.49844741,1.0000,false
V4T003113,50.155048,-43.905828,ELG,0.69601415,1.0000,false
V4T003114,344.292112,-22.421703,ELG,0.54681492,1.0000,false
V4T003115,356.164946,-22.053524,LRG,0.52858417,1.0000,false
V4T003116,340.537410,-25.444153,ELG,0.52627506,1.0000,false
V4T003117,357.043642,-25.605999,BGS,1.22480687,0.4500,false
V4T003118,41.224615,-45.008725,LRG,0.81578045,1.0000,false
V4T003119,26.117796,-45.361250,BGS,1.79609712,0.4500,false
V4T003120,0.342232,-21.889931,BGS,1.04392127,0.4500,false
V4T003121,35.687347,-53.983297,LRG,0.33597894,1.0000,false
V4T003122,1.139313,-32.679141,ELG,0.72232186,1.0000,false
V4T003123,350.142245,-36.354348,LRG,0.56248276,1.0000,false
V4T003124,348.608005,-31.814408,BGS,1.36202950,0.4500,false
V4T003125,350.279632,-38.854222,ELG,0.42906412,1.0000,false
V4T003126,344.762212,-32.640318,BGS,1.33316129,0.4500,false
V4T003127,51.529033,-43.510357,ELG,0.50187733,1.0000,false
V4T003128,358.526111,-26.450636,ELG,0.65625740,1.0000,false
V4T003129,25.418195,-58.711566,LRG,0.47998335,1.0000,false
V4T003130,23.475686,-40.455352,ELG,0.42100942,1.0000,false
V4T003131,344.565054,-17.639598,BGS,1.15625510,0.4500,false
V4T003132,351.430532,-39.615958,ELG,0.81168176,1.0000,false
V4T003133,23.607846,-44.422103,ELG,0.67480763,1.0000,false
V4T003134,37.596030,-50.786156,Star,3.59363092,0.3000,false
V4T003135,343.207593,-34.480950,ELG,0.84628241,1.0000,false
V4T003136,25.264519,-50.979813,BGS,1.26805925,0.4500,false
V4T003137,347.250413,-13.864124,Star,3.99600404,0.3000,false
V4T003138,0.053105,-36.516134,Star,3.36211888,0.3000,false
V4T003139,345.862929,-16.529985,ELG,0.45041366,1.0000,false
V4T003140,33.000344,-54.572272,BGS,2.20680927,0.4500,false
V4T003141,31.226038,-57.841829,LRG,0.32877366,1.0000,false
V4T003142,32.288390,-36.252065,QSO,0.29840179,1.7000,false
V4T003143,347.320683,-30.791758,LRG,0.38611996,1.0000,false
V4T003144,52.170255,-44.995272,Star,4.63591627,0.3000,false
V4T003145,354.837905,-34.813093,ELG,0.28175272,1.0000,false
V4T003146,342.075653,-15.734692,ELG,0.40321228,1.0000,false
V4T003147,339.925059,-18.595831,BGS,1.24219370,0.4500,false
V4T003148,359.585497,-26.221951,BGS,1.71859857,0.4500,false
V4T003149,349.089571,-14.892467,LRG,0.42761936,1.0000,false
V4T003150,33.882542,-38.597247,LRG,0.24742964,1.0000,false
V4T003151,39.219304,-44.463192,ELG,0.35223301,1.0000,false
V4T003152,341.505637,-30.248546,LRG,0.29817628,1.0000,false
V4T003153,355.829142,-34.390549,ELG,0.54445944,1.0000,false
V4T003154,45.196796,-45.648551,LRG,0.26753792,1.0000,false
V4T003155,40.836153,-50.664033,LRG,0.62512604,1.0000,false
V4T003156,31.618416,-58.819760,BGS,2.14539437,0.4500,false
V4T003157,353.059198,-35.397602,LRG,0.23956583,1.0000,false
V4T003158,49.058555,-45.558766,ELG,0.65395313,1.0000,false
V4T003159,34.503810,-47.749620,LRG,0.26358849,1.0000,false
V4T003160,345.942251,-15.810688,ELG,0.72197415,1.0000,false
V4T003161,358.774798,-26.811939,ELG,0.65602525,1.0000,false
V4T003162,49.189960,-41.873791,Star,2.25000770,0.3000,false
V4T003163,356.335202,-37.995736,ELG,0.78393608,1.0000,false
V4T003164,358.725141,-24.210323,ELG,0.34191813,1.0000,false
V4T003165,41.867975,-43.270682,BGS,1.26275463,0.4500,false
V4T003166,359.344247,-25.246927,ELG,0.25160338,1.0000,false
V4T003167,23.013323,-47.905237,BGS,1.41766526,0.4500,false
V4T003168,338.912179,-32.585094,ELG,0.64973556,1.0000,false
V4T003169,345.574676,-29.335986,QSO,0.14814457,1.7000,true
V4T003170,24.323069,-40.876900,ELG,0.37554795,1.0000,false
V4T003171,344.438637,-20.953233,QSO,0.23699944,1.7000,false
V4T003172,32.422408,-62.881719,BGS,1.24812077,0.4500,false
V4T003173,339.851372,-21.493621,QSO,0.21928658,1.7000,false
V4T003174,352.903101,-38.361414,ELG,0.57232828,1.0000,false
V4T003175,354.827352,-35.214195,Star,5.17174581,0.3000,false
V4T003176,354.453354,-35.201339,LRG,0.54374676,1.0000,false
V4T003177,356.093066,-34.474717,ELG,0.53423580,1.0000,false
V4T003178,358.645864,-34.896443,BGS,1.22805064,0.4500,false
V4T003179,38.970204,-59.427996,ELG,0.79442507,1.0000,false
V4T003180,22.481280,-57.746459,BGS,0.89837854,0.4500,false
V4T003181,357.051362,-25.211779,ELG,0.66458317,1.0000,false
V4T003182,33.564617,-55.681571,BGS,1.10720117,0.4500,false
V4T003183,24.716326,-47.964371,ELG,0.59184589,1.0000,false
V4T003184,356.946114,-18.844812,ELG,0.63839443,1.0000,false
V4T003185,45.590771,-58.125974,ELG,0.47003873,1.0000,false
V4T003186,345.599767,-26.884963,BGS,1.10413983,0.4500,false
V4T003187,339.215992,-27.281359,ELG,0.44826892,1.0000,true
V4T003188,29.034492,-43.470239,LRG,0.36834770,1.0000,false
V4T003189,35.956552,-39.057113,LRG,0.26085782,1.0000,false
V4T003190,350.289567,-36.341480,ELG,0.83235297,1.0000,false
V4T003191,343.376116,-26.379814,LRG,0.26530184,1.0000,false
V4T003192,337.322898,-21.326476,ELG,0.35562239,1.0000,false
V4T003193,349.365196,-34.156693,Star,5.03542501,0.3000,false
V4T003194,30.910686,-57.076286,BGS,1.25029033,0.4500,false
V4T003195,351.981685,-24.666394,BGS,1.30291292,0.4500,false
V4T003196,343.521153,-24.570148,QSO,0.20215870,1.7000,false
V4T003197,352.372791,-33.107318,ELG,0.64104550,1.0000,false
V4T003198,357.162353,-34.546384,BGS,1.70775733,0.4500,true
V4T003199,31.321271,-37.748657,QSO,0.10758546,1.7000,false
V4T003200,28.650052,-40.807756,ELG,0.53334615,1.0000,false
V4T003201,349.276347,-32.260272,ELG,0.47362605,1.0000,false
V4T003202,345.288545,-20.211871,ELG,0.66991182,1.0000,false
V4T003203,34.335841,-44.658524,BGS,1.13145441,0.4500,false
V4T003204,340.954181,-37.045570,QSO,0.21219831,1.7000,false
V4T003205,30.799962,-58.865144,BGS,1.05363911,0.4500,false
V4T003206,351.678259,-17.225279,ELG,0.66052281,1.0000,true
V4T003207,341.258480,-25.091856,ELG,0.39457667,1.0000,false
V4T003208,348.155277,-25.603275,ELG,0.80905527,1.0000,false
V4T003209,352.380376,-15.925192,ELG,0.50707794,1.0000,false
V4T003210,34.349110,-39.719437,ELG,0.63822308,1.0000,false
V4T003211,32.757198,-36.183532,QSO,0.25376950,1.7000,false
V4T003212,353.060631,-38.889430,ELG,0.32019800,1.0000,false
V4T003213,43.853793,-48.178983,ELG,0.63038787,1.0000,false
V4T003214,353.896784,-35.314799,LRG,0.23767169,1.0000,false
V4T003215,29.623053,-53.685929,ELG,0.64703877,1.0000,false
V4T003216,21.350494,-50.210413,BGS,0.63571017,0.4500,false
V4T003217,346.578881,-36.785323,ELG,1.22542247,1.0000,true
V4T003218,352.460778,-33.319796,Star,5.18625475,0.3000,false
V4T003219,357.951118,-25.667336,QSO,0.22298733,1.7000,false
V4T003220,341.496899,-16.398214,QSO,0.19056419,1.7000,false
V4T003221,355.058462,-35.067144,Star,4.73186366,0.3000,false
V4T003222,28.716445,-39.563402,BGS,1.28776259,0.4500,false
V4T003223,30.776294,-52.939534,BGS,1.39572373,0.4500,false
V4T003224,50.849477,-44.144108,ELG,0.56244293,1.0000,false
V4T003225,46.247615,-45.740656,BGS,1.02297680,0.4500,false
V4T003226,37.752560,-36.935797,BGS,1.22558680,0.4500,false
V4T003227,23.872459,-56.679048,QSO,0.16666126,1.7000,false
V4T003228,26.178193,-56.833353,Star,6.50263215,0.3000,false
V4T003229,48.793196,-56.464655,QSO,0.18147790,1.7000,false
V4T003230,50.644997,-44.638295,ELG,0.57363645,1.0000,false
V4T003231,38.055555,-60.046295,ELG,0.76550345,1.0000,false
V4T003232,42.708005,-51.979656,BGS,1.02644858,0.4500,false
V4T003233,50.999750,-44.192765,ELG,0.36646529,1.0000,false
V4T003234,353.437206,-38.095602,QSO,0.12241227,1.7000,false
V4T003235,41.293068,-46.147517,ELG,0.80654527,1.0000,false
V4T003236,43.024458,-54.498969,LRG,0.28271892,1.0000,false
V4T003237,26.475220,-49.861309,ELG,0.65985176,1.0000,false
V4T003238,345.407618,-28.033697,ELG,0.22947567,1.0000,false
V4T003239,38.466069,-41.300990,ELG,0.24543144,1.0000,false
V4T003240,41.761620,-38.452102,LRG,0.33023803,1.0000,true
V4T003241,356.119675,-34.656257,BGS,1.45912517,0.4500,false
V4T003242,33.052072,-59.830499,BGS,1.12386453,0.4500,false
V4T003243,355.146542,-34.174295,BGS,1.27098034,0.4500,false
V4T003244,32.927213,-49.400074,BGS,1.26679822,0.4500,false
V4T003245,50.305263,-45.736296,BGS,0.77256207,0.4500,false
V4T003246,357.880759,-26.234456,BGS,0.73977356,0.4500,false
V4T003247,350.441255,-36.059339,QSO,0.24981483,1.7000,false
V4T003248,344.672537,-13.050382,QSO,0.14852111,1.7000,false
V4T003249,347.841698,-34.282608,BGS,1.07199928,0.4500,false
V4T003250,355.146178,-34.041583,QSO,0.07443229,1.7000,false
V4T003251,345.865674,-28.529657,BGS,1.52729294,0.4500,false
V4T003252,50.476840,-44.556252,BGS,1.00626458,0.4500,false
V4T003253,51.655747,-44.696609,QSO,0.14520735,1.7000,false
V4T003254,29.819942,-58.491553,ELG,0.45398765,1.0000,true
V4T003255,32.657055,-51.883638,BGS,1.35469407,0.4500,false
V4T003256,25.221902,-52.862215,Star,3.07079305,0.3000,false
V4T003257,45.972259,-47.341432,QSO,0.07703729,1.7000,false
V4T003258,34.579320,-51.267948,BGS,1.74820344,0.4500,false
V4T003259,350.134400,-36.666117,LRG,0.45062515,1.0000,false
V4T003260,341.484153,-36.071458,QSO,0.10588460,1.7000,false
V4T003261,45.309618,-48.515823,BGS,1.11425237,0.4500,false
V4T003262,44.232634,-44.360433,QSO,0.13035990,1.7000,false
V4T003263,336.351995,-31.814520,QSO,0.07557948,1.7000,false
V4T003264,357.132672,-16.311977,ELG,0.64422102,1.0000,false
V4T003265,53.712887,-50.469592,QSO,0.26584501,1.7000,false
V4T003266,40.933419,-58.090698,BGS,0.99260262,0.4500,false
V4T003267,345.078343,-21.218540,ELG,0.82572059,1.0000,false
V4T003268,354.105326,-18.843617,ELG,0.86730331,1.0000,false
V4T003269,347.105750,-19.949478,LRG,0.18265406,1.0000,true
V4T003270,345.680750,-28.278988,BGS,0.81555908,0.4500,false
V4T003271,40.586419,-61.735533,ELG,0.40513813,1.0000,false
V4T003272,342.168431,-19.461359,LRG,0.50846665,1.0000,false
V4T003273,46.554540,-46.570748,ELG,0.73677449,1.0000,false
V4T003274,45.540041,-43.657844,ELG,0.45600972,1.0000,false
V4T003275,34.098425,-41.867959,ELG,0.63018878,1.0000,false
V4T003276,354.360781,-35.724760,LRG,0.54458935,1.0000,false
V4T003277,351.004991,-37.158838,LRG,0.29448819,1.0000,false
V4T003278,32.738548,-39.713607,ELG,0.58730354,1.0000,false
V4T003279,356.817957,-34.400738,Star,3.55021662,0.3000,false
V4T003280,30.963640,-58.843732,ELG,0.50805692,1.0000,false
V4T003281,35.453137,-57.121961,Star,3.06737309,0.3000,false
V4T003282,45.189700,-37.875904,ELG,0.31098636,1.0000,false
V4T003283,341.266033,-15.962955,Star,3.92056508,0.3000,false
V4T003284,30.811721,-44.252125,ELG,0.34980257,1.0000,false
V4T003285,352.461468,-20.543006,QSO,0.12122679,1.7000,false
V4T003286,2.308628,-22.502363,LRG,0.37431639,1.0000,false
V4T003287,31.481637,-58.675975,ELG,0.39728391,1.0000,false
V4T003288,344.887753,-28.274835,BGS,1.14549489,0.4500,false
V4T003289,42.829267,-55.506043,BGS,1.26994941,0.4500,false
V4T003290,26.246459,-38.343171,LRG,0.32214524,1.0000,true
V4T003291,32.309709,-58.942364,Star,3.99021704,0.3000,false
V4T003292,349.694795,-35.907577,ELG,0.84813455,1.0000,false
V4T003293,32.353318,-45.273846,BGS,0.94935007,0.4500,false
V4T003294,344.606924,-17.012354,BGS,1.88519089,0.4500,false
V4T003295,356.755807,-16.829230,ELG,0.79104369,1.0000,false
V4T003296,345.687121,-22.197840,QSO,0.39401818,1.7000,false
V4T003297,350.179261,-37.191298,ELG,0.55809262,1.0000,false
V4T003298,355.946625,-34.667920,Star,3.47363071,0.3000,false
V4T003299,358.153651,-17.074391,ELG,0.66926443,1.0000,false
V4T003300,357.159715,-36.223656,LRG,0.65551523,1.0000,false
V4T003301,351.087601,-16.151709,BGS,1.62189203,0.4500,false
V4T003302,344.451337,-28.502074,LRG,0.67330811,1.0000,false
V4T003303,358.854438,-22.236784,ELG,0.42968210,1.0000,false
V4T003304,335.980516,-28.951537,BGS,1.45700621,0.4500,false
V4T003305,334.880224,-30.914638,QSO,0.16029459,1.7000,false
V4T003306,43.762394,-37.890730,BGS,0.84579497,0.4500,true
V4T003307,3.501370,-25.394376,ELG,0.52642651,1.0000,true
V4T003308,345.815735,-28.635424,QSO,0.24793320,1.7000,false
V4T003309,28.389020,-61.004404,ELG,0.34698257,1.0000,true
V4T003310,354.413824,-29.883891,BGS,1.57510924,0.4500,false
V4T003311,357.053431,-26.883850,LRG,0.20199091,1.0000,false
V4T003312,0.166027,-26.417541,QSO,0.16395208,1.7000,false
V4T003313,23.501186,-56.471508,QSO,0.19434736,1.7000,false
V4T003314,343.066053,-25.865894,ELG,0.47472655,1.0000,false
V4T003315,36.462747,-36.105418,ELG,0.68926876,1.0000,false
V4T003316,355.511201,-34.582347,LRG,0.45673048,1.0000,false
V4T003317,356.872681,-28.790868,BGS,1.25621540,0.4500,false
V4T003318,0.925489,-29.115890,ELG,0.55104069,1.0000,false
V4T003319,33.706322,-36.746962,QSO,0.41411653,1.7000,false
V4T003320,353.681583,-37.948706,BGS,1.55216554,0.4500,false
V4T003321,42.963644,-50.593069,QSO,0.30808242,1.7000,false
V4T003322,357.202548,-26.491530,QSO,0.19931963,1.7000,false
V4T003323,39.089585,-57.093640,BGS,1.05395646,0.4500,false
V4T003324,46.835127,-49.647875,LRG,0.22087807,1.0000,false
V4T003325,345.882270,-21.478901,Star,3.05771112,0.3000,false
V4T003326,31.969075,-42.631284,LRG,0.37062944,1.0000,false
V4T003327,20.367833,-50.139100,LRG,0.39103753,1.0000,false
V4T003328,345.633812,-21.244187,QSO,0.09024230,1.7000,false
V4T003329,32.156218,-61.685555,LRG,0.18042997,1.0000,false
V4T003330,350.778074,-36.982086,ELG,0.61585841,1.0000,false
V4T003331,1.939118,-22.215869,ELG,0.43565356,1.0000,true
V4T003332,354.799670,-18.548747,LRG,0.33842626,1.0000,false
V4T003333,345.261389,-28.332994,BGS,1.33355840,0.4500,false
V4T003334,353.635845,-38.495573,ELG,0.59083873,1.0000,false
V4T003335,29.533613,-58.988505,LRG,0.36617964,1.0000,false
V4T003336,346.368327,-13.464904,Star,3.42468783,0.3000,false
V4T003337,44.699342,-55.645746,LRG,0.17567357,1.0000,false
V4T003338,340.170209,-29.828165,Star,5.31750900,0.3000,false
V4T003339,29.899894,-42.894868,LRG,0.35495202,1.0000,false
V4T003340,49.659554,-44.399461,ELG,0.37608162,1.0000,false
V4T003341,32.372107,-51.931493,ELG,0.59997875,1.0000,false
V4T003342,357.814038,-27.284430,ELG,0.48832274,1.0000,false
V4T003343,50.569491,-52.202577,ELG,0.41299044,1.0000,false
V4T003344,50.471764,-45.262538,ELG,0.74627136,1.0000,false
V4T003345,39.941523,-41.995534,LRG,0.25616853,1.0000,false
V4T003346,39.300965,-55.772794,LRG,0.48370582,1.0000,false
V4T003347,33.137091,-36.518716,ELG,0.92414854,1.0000,false
V4T003348,21.153229,-53.062011,LRG,0.15363793,1.0000,false
V4T003349,23.463983,-40.103760,ELG,0.62240194,1.0000,false
V4T003350,351.371608,-38.797009,BGS,0.78646517,0.4500,false
V4T003351,344.121792,-30.768477,ELG,0.59125003,1.0000,false
V4T003352,354.440536,-35.014030,ELG,0.64354373,1.0000,false
V4T003353,343.344660,-14.649066,Star,5.33075049,0.3000,false
V4T003354,38.048766,-54.479858,BGS,0.62217647,0.4500,true
V4T003355,355.083984,-37.918825,Star,6.40020961,0.3000,false
V4T003356,345.518606,-27.885560,QSO,0.11453585,1.7000,false
V4T003357,346.803402,-19.259880,QSO,0.17105801,1.7000,false
V4T003358,44.602905,-46.054757,Star,3.82304945,0.3000,false
V4T003359,348.592738,-40.030643,QSO,0.22627121,1.7000,false
V4T003360,356.568858,-34.033985,Star,2.75879472,0.3000,false
V4T003361,345.978346,-28.101445,LRG,0.35865633,1.0000,true
V4T003362,348.440588,-29.997234,ELG,0.30170151,1.0000,false
V4T003363,355.350736,-39.027787,QSO,0.30645181,1.7000,false
V4T003364,358.684567,-26.334289,LRG,0.30827816,1.0000,false
V4T003365,342.112828,-38.077703,BGS,1.32453885,0.4500,false
V4T003366,45.285195,-42.536150,BGS,1.09688797,0.4500,false
V4T003367,0.768305,-29.627949,Star,4.20955249,0.3000,false
V4T003368,355.966576,-33.255978,QSO,0.39564961,1.7000,false
V4T003369,353.619283,-38.115048,ELG,0.14136438,1.0000,false
V4T003370,353.667604,-37.661891,Star,4.28143608,0.3000,false
V4T003371,35.743981,-40.317518,BGS,0.61923537,0.4500,false
V4T003372,349.649561,-15.631277,BGS,1.47392970,0.4500,false
V4T003373,28.539522,-44.675686,LRG,0.45931010,1.0000,false
V4T003374,354.770781,-35.093722,ELG,0.72672009,1.0000,false
V4T003375,356.202596,-16.769616,QSO,0.33217250,1.7000,false
V4T003376,345.849874,-38.862616,Star,3.01691622,0.3000,false
V4T003377,49.841954,-44.179071,BGS,1.95716860,0.4500,false
V4T003378,355.411039,-34.523107,ELG,0.48193840,1.0000,false
V4T003379,355.767110,-21.080714,ELG,0.86922218,1.0000,false
V4T003380,33.089299,-41.579097,LRG,0.40531113,1.0000,false
V4T003381,52.245992,-46.696735,ELG,0.57170376,1.0000,false
V4T003382,348.294951,-15.477438,BGS,1.40016404,0.4500,false
V4T003383,345.394936,-27.320526,ELG,0.35999480,1.0000,false
V4T003384,352.529553,-33.014060,Star,4.16923372,0.3000,false
V4T003385,43.954022,-37.243070,ELG,1.06646394,1.0000,false
V4T003386,20.782055,-54.649287,BGS,1.28746597,0.4500,false
V4T003387,353.792472,-38.639207,BGS,1.49370798,0.4500,false
V4T003388,351.634322,-39.450257,BGS,1.01758115,0.4500,false
V4T003389,355.578175,-34.477674,ELG,0.57038085,1.0000,false
V4T003390,350.532094,-36.431882,BGS,1.55546840,0.4500,false
V4T003391,50.702229,-44.644998,ELG,0.86631555,1.0000,false
V4T003392,25.420198,-44.953506,ELG,0.52160179,1.0000,true
V4T003393,353.496385,-16.938867,BGS,1.58078594,0.4500,false
V4T003394,346.138098,-16.271118,ELG,0.65178508,1.0000,false
V4T003395,347.781174,-35.569786,ELG,0.33304376,1.0000,false
V4T003396,39.890442,-43.450959,LRG,0.42870750,1.0000,false
V4T003397,345.278937,-35.224155,LRG,0.37294136,1.0000,false
V4T003398,40.362826,-57.678357,QSO,0.33025044,1.7000,false
V4T003399,350.848274,-36.395330,QSO,0.26642164,1.7000,false
V4T003400,26.335977,-55.936215,Star,2.82711309,0.3000,false
V4T003401,34.352333,-40.268448,LRG,0.39306567,1.0000,false
V4T003402,50.439111,-44.506552,ELG,0.62217911,1.0000,false
V4T003403,354.817578,-23.928394,QSO,0.37025616,1.7000,false
V4T003404,356.609454,-31.432234,ELG,0.60045550,1.0000,false
V4T003405,356.118211,-39.221476,ELG,0.97589863,1.0000,false
V4T003406,30.756864,-60.012098,ELG,0.46348340,1.0000,false
V4T003407,48.604235,-57.516333,QSO,0.15486616,1.7000,false
V4T003408,19.800966,-56.847990,ELG,0.29546819,1.0000,false
V4T003409,22.676600,-46.695281,BGS,1.22598760,0.4500,false
V4T003410,26.159817,-42.459177,QSO,0.10960059,1.7000,false
V4T003411,37.777049,-35.823558,BGS,1.09835400,0.4500,false
V4T003412,351.791727,-39.554084,BGS,1.16241023,0.4500,false
V4T003413,341.206700,-24.741073,ELG,0.39548822,1.0000,false
V4T003414,26.517769,-58.985647,BGS,0.74853207,0.4500,false
V4T003415,23.721636,-41.296537,ELG,0.37081727,1.0000,false
V4T003416,354.365712,-37.424712,Star,3.29108901,0.3000,false
V4T003417,40.110436,-43.001825,ELG,0.43822901,1.0000,false
V4T003418,348.407352,-17.422015,LRG,0.30016445,1.0000,false
V4T003419,351.524872,-37.048965,BGS,1.40718020,0.4500,false
V4T003420,354.025682,-28.303219,ELG,0.73579928,1.0000,false
V4T003421,31.853630,-37.032510,ELG,1.33316765,1.0000,false
V4T003422,349.184534,-18.058542,BGS,0.76575019,0.4500,false
V4T003423,341.692669,-14.921328,Star,4.29125282,0.3000,false
V4T003424,345.877456,-28.280236,BGS,2.84923142,0.4500,false
V4T003425,338.961700,-26.308759,ELG,0.60077181,1.0000,false
V4T003426,334.397221,-25.004910,BGS,1.20966179,0.4500,true
V4T003427,354.481222,-34.597168,LRG,0.33522709,1.0000,false
V4T003428,351.459177,-36.107766,ELG,0.80014296,1.0000,false
V4T003429,357.362231,-36.857436,LRG,0.31165508,1.0000,false
V4T003430,358.143304,-24.555574,LRG,0.33881204,1.0000,false
V4T003431,24.293620,-38.668112,ELG,0.55752276,1.0000,false
V4T003432,345.151685,-20.916054,ELG,0.53039949,1.0000,false
V4T003433,33.132111,-36.843602,LRG,0.24286684,1.0000,false
V4T003434,334.874763,-30.521040,BGS,0.87253869,0.4500,false
V4T003435,344.452703,-27.815844,LRG,0.36800971,1.0000,false
V4T003436,354.782757,-34.629121,ELG,0.37886474,1.0000,false
V4T003437,348.711611,-38.934589,ELG,0.71511336,1.0000,false
V4T003438,32.582779,-47.381710,QSO,0.27404604,1.7000,false
V4T003439,347.099790,-22.492936,ELG,1.02423242,1.0000,false
V4T003440,37.708179,-39.729515,ELG,0.55678435,1.0000,false
V4T003441,341.914156,-32.131394,LRG,0.35418157,1.0000,false
V4T003442,1.887706,-21.862311,ELG,0.30015772,1.0000,false
V4T003443,340.965138,-22.946106,ELG,0.62399870,1.0000,false
V4T003444,353.601812,-35.583124,LRG,0.48305837,1.0000,false
V4T003445,347.777383,-19.633552,LRG,0.54686330,1.0000,false
V4T003446,356.185655,-20.005424,ELG,0.80872047,1.0000,false
V4T003447,41.162716,-59.046377,ELG,0.97692687,1.0000,false
V4T003448,346.523943,-38.293848,ELG,0.84522394,1.0000,false
V4T003449,358.245662,-32.109956,ELG,0.68750881,1.0000,false
V4T003450,39.596639,-46.116075,Star,2.96470830,0.3000,true
V4T003451,358.624246,-26.438061,LRG,0.29811061,1.0000,false
V4T003452,39.539621,-50.728683,LRG,0.36554553,1.0000,false
V4T003453,358.143915,-26.228331,BGS,1.64074541,0.4500,false
V4T003454,33.410355,-36.523894,LRG,0.45459207,1.0000,false
V4T003455,33.192631,-61.598777,BGS,0.98827122,0.4500,false
V4T003456,358.248753,-22.184603,ELG,0.55715340,1.0000,false
V4T003457,342.535758,-17.945515,ELG,0.76506409,1.0000,true
V4T003458,357.245061,-33.179076,QSO,0.12513852,1.7000,false
V4T003459,50.187203,-44.341696,LRG,0.53219693,1.0000,false
V4T003460,345.021451,-21.457648,ELG,0.44507490,1.0000,false
V4T003461,352.427631,-16.838801,BGS,1.21203726,0.4500,false
V4T003462,30.731296,-48.963610,ELG,0.65026749,1.0000,false
V4T003463,350.382451,-25.041441,BGS,0.82917831,0.4500,false
V4T003464,350.720033,-26.283450,LRG,0.19219107,1.0000,false
V4T003465,335.513081,-24.771375,BGS,1.26160966,0.4500,false
V4T003466,21.447249,-57.459065,ELG,0.66517740,1.0000,false
V4T003467,23.550403,-40.033942,ELG,0.45453701,1.0000,false
V4T003468,35.817709,-36.860084,LRG,0.39396179,1.0000,false
V4T003469,358.320823,-22.371496,ELG,0.63263831,1.0000,false
V4T003470,24.797312,-50.333376,ELG,0.29424623,1.0000,false
V4T003471,38.487086,-38.808369,BGS,0.82574432,0.4500,true
V4T003472,357.746713,-26.615138,LRG,0.34326750,1.0000,false
V4T003473,354.032723,-17.304677,ELG,0.83933951,1.0000,false
V4T003474,337.258115,-20.269684,LRG,0.25988042,1.0000,false
V4T003475,351.067264,-38.919512,QSO,0.13108698,1.7000,false
V4T003476,32.023403,-61.612483,LRG,0.23345574,1.0000,false
V4T003477,39.530554,-38.495323,BGS,1.31515071,0.4500,true
V4T003478,47.787246,-49.712022,QSO,0.08714195,1.7000,false
V4T003479,50.190877,-44.621846,QSO,0.28875170,1.7000,false
V4T003480,31.210072,-37.098383,ELG,0.44514874,1.0000,false
V4T003481,42.371070,-51.804081,BGS,1.23397087,0.4500,false
V4T003482,2.779209,-29.955759,ELG,0.38505754,1.0000,false
V4T003483,342.076818,-27.691259,Star,4.00555363,0.3000,false
V4T003484,356.814330,-34.449941,BGS,0.82050140,0.4500,false
V4T003485,353.826869,-38.908086,Star,2.97487420,0.3000,false
V4T003486,357.388977,-38.800150,BGS,1.63032787,0.4500,false
V4T003487,45.615723,-59.195546,QSO,0.19723824,1.7000,false
V4T003488,350.590199,-39.320786,BGS,1.09296891,0.4500,false
V4T003489,353.884719,-36.045438,ELG,0.68065241,1.0000,false
V4T003490,352.390530,-12.166530,BGS,1.59260418,0.4500,false
V4T003491,32.579804,-38.827000,ELG,1.06670604,1.0000,false
V4T003492,47.496290,-47.640929,LRG,0.23515318,1.0000,false
V4T003493,31.828184,-36.109773,BGS,1.55645755,0.4500,false
V4T003494,336.393421,-25.413827,ELG,0.53302801,1.0000,false
V4T003495,49.724660,-45.106242,BGS,1.58302811,0.4500,false
V4T003496,352.361280,-33.572497,BGS,0.98665026,0.4500,false
V4T003497,25.715692,-52.956711,ELG,0.64740096,1.0000,false
V4T003498,334.917585,-26.937097,Star,2.36793650,0.3000,false
V4T003499,355.819907,-34.298174,LRG,0.39020484,1.0000,false
V4T003500,348.981677,-35.527342,ELG,0.93931621,1.0000,false
V4T003501,3.810754,-29.053469,LRG,0.37675228,1.0000,false
V4T003502,346.748716,-25.162390,ELG,0.71850668,1.0000,false
V4T003503,350.062660,-28.977796,Star,2.65642267,0.3000,false
V4T003504,344.788878,-28.213363,QSO,0.11039798,1.7000,false
V4T003505,41.833765,-42.137928,QSO,0.18496628,1.7000,false
V4T003506,354.047726,-35.619034,BGS,1.53391424,0.4500,false
V4T003507,50.206522,-44.277918,ELG,0.78288574,1.0000,false
V4T003508,341.906719,-25.618059,QSO,0.07568372,1.7000,false
V4T003509,354.102441,-37.599018,ELG,0.44924001,1.0000,false
V4T003510,350.919203,-36.903147,LRG,0.39597897,1.0000,false
V4T003511,353.503223,-31.931170,QSO,0.20790587,1.7000,false
V4T003512,38.881461,-57.324426,BGS,2.12866462,0.4500,false
V4T003513,30.168943,-43.860140,ELG,0.42634257,1.0000,false
V4T003514,50.418748,-44.283383,ELG,0.92636829,1.0000,false
V4T003515,338.453669,-20.706816,BGS,1.17587549,0.4500,false
V4T003516,358.468546,-17.415941,ELG,0.99089208,1.0000,false
V4T003517,44.904290,-45.981880,ELG,0.58854038,1.0000,false
V4T003518,344.637654,-20.238882,LRG,0.50232828,1.0000,false
V4T003519,34.759445,-42.859450,Star,3.27993616,0.3000,false
V4T003520,344.828170,-19.948895,BGS,1.05003466,0.4500,false
V4T003521,44.846939,-49.846004,LRG,0.36693038,1.0000,false
V4T003522,344.975258,-39.432578,BGS,1.20348573,0.4500,false
V4T003523,358.772975,-27.211645,ELG,0.65478575,1.0000,false
V4T003524,22.424798,-51.758885,LRG,0.30351523,1.0000,false
V4T003525,2.604658,-31.588567,BGS,1.15682808,0.4500,false
V4T003526,21.515643,-45.527689,Star,4.48067791,0.3000,false
V4T003527,31.481361,-59.769730,LRG,0.32424600,1.0000,false
V4T003528,39.180636,-62.745094,LRG,0.28685002,1.0000,false
V4T003529,349.663129,-18.702282,BGS,0.93268291,0.4500,false
V4T003530,337.961177,-27.487015,Star,4.03632966,0.3000,false
V4T003531,49.179338,-45.005060,QSO,0.18828913,1.7000,false
V4T003532,43.857651,-60.218836,LRG,0.20291130,1.0000,false
V4T003533,345.248000,-19.474128,BGS,1.38321232,0.4500,false
V4T003534,356.128688,-26.392686,ELG,0.15524863,1.0000,false
V4T003535,345.624525,-21.234384,ELG,0.34562855,1.0000,false
V4T003536,50.425110,-43.575225,BGS,1.51913817,0.4500,false
V4T003537,1.791081,-21.528970,QSO,0.07741598,1.7000,false
V4T003538,356.012509,-34.077661,ELG,0.46452137,1.0000,false
V4T003539,36.908329,-43.299857,ELG,0.43082972,1.0000,false
V4T003540,354.808199,-35.010413,QSO,0.29133718,1.7000,false
V4T003541,352.042436,-34.622702,ELG,0.40582890,1.0000,false
V4T003542,26.329129,-40.313593,ELG,0.99638387,1.0000,false
V4T003543,43.664854,-39.674312,BGS,1.21151396,0.4500,false
V4T003544,40.401300,-41.605346,QSO,0.10835738,1.7000,false
V4T003545,51.779655,-49.445433,Star,3.71871376,0.3000,false
V4T003546,47.350829,-41.733799,Star,1.82772369,0.3000,false
V4T003547,354.057661,-39.247098,ELG,0.44841815,1.0000,false
V4T003548,26.864830,-58.217178,LRG,0.27323628,1.0000,false
V4T003549,343.257004,-37.207419,BGS,1.39225337,0.4500,true
V4T003550,36.160291,-49.650089,ELG,1.28059203,1.0000,false
V4T003551,35.456112,-52.119028,QSO,0.17277366,1.7000,false
V4T003552,348.570525,-21.531989,Star,4.03968741,0.3000,false
V4T003553,26.476621,-41.599391,ELG,0.56909755,1.0000,false
V4T003554,344.285991,-23.153604,ELG,0.55633726,1.0000,false
V4T003555,346.461915,-14.975986,LRG,0.16186677,1.0000,false
V4T003556,355.357918,-39.946663,BGS,1.72781652,0.4500,false
V4T003557,31.160987,-59.461727,BGS,0.87284981,0.4500,false
V4T003558,345.076282,-28.258468,Star,3.89425451,0.3000,false
V4T003559,358.557407,-37.523533,ELG,0.58222493,1.0000,false
V4T003560,359.740243,-33.568193,LRG,0.29939446,1.0000,false
V4T003561,349.824773,-37.037491,BGS,1.00363252,0.4500,false
V4T003562,30.230774,-44.144648,BGS,0.73165248,0.4500,false
V4T003563,31.404973,-59.810096,ELG,0.46432852,1.0000,false
V4T003564,345.814597,-14.677697,ELG,0.53117055,1.0000,false
V4T003565,352.535324,-32.374493,QSO,0.25926391,1.7000,false
V4T003566,345.500709,-28.237678,LRG,0.30910258,1.0000,false
V4T003567,355.703825,-34.999784,LRG,0.33693733,1.0000,false
V4T003568,35.985392,-39.143511,LRG,0.49765934,1.0000,false
V4T003569,345.533366,-20.648505,BGS,1.06279231,0.4500,false
V4T003570,352.585120,-18.707915,LRG,0.25479893,1.0000,true
V4T003571,351.459493,-17.602607,ELG,0.98480126,1.0000,false
V4T003572,33.382977,-36.678758,BGS,1.17346657,0.4500,false
V4T003573,21.799101,-50.907163,BGS,0.80463870,0.4500,false
V4T003574,32.846032,-58.663365,BGS,1.32536848,0.4500,false
V4T003575,25.056736,-55.964124,ELG,0.56196666,1.0000,false
V4T003576,31.502302,-50.567069,BGS,1.58992466,0.4500,false
V4T003577,41.285410,-48.706483,LRG,0.21925593,1.0000,false
V4T003578,348.886340,-22.018952,BGS,0.82056087,0.4500,false
V4T003579,355.858034,-19.700926,LRG,0.20931770,1.0000,false
V4T003580,33.715471,-39.652983,ELG,0.52962984,1.0000,false
V4T003581,342.409217,-29.541979,ELG,0.42530093,1.0000,false
V4T003582,352.740069,-33.108511,LRG,0.27975428,1.0000,false
V4T003583,30.016696,-60.264093,LRG,0.22207667,1.0000,false
V4T003584,43.630053,-44.983592,LRG,0.52205996,1.0000,false
V4T003585,33.919825,-52.188781,ELG,0.39943353,1.0000,false
V4T003586,0.075142,-20.866586,BGS,1.24112958,0.4500,false
V4T003587,356.939717,-28.995803,ELG,0.46902846,1.0000,false
V4T003588,49.268342,-44.933374,ELG,0.51933552,1.0000,false
V4T003589,0.791223,-31.840306,BGS,1.51701333,0.4500,false
V4T003590,31.055744,-38.010155,ELG,0.80023613,1.0000,false
V4T003591,32.533116,-55.925356,ELG,0.73416097,1.0000,false
V4T003592,19.269281,-50.428204,Star,4.39177190,0.3000,false
V4T003593,346.511609,-23.957393,BGS,1.26257961,0.4500,false
V4T003594,357.250174,-26.351398,QSO,0.28464477,1.7000,false
V4T003595,355.799681,-17.815419,ELG,0.47494356,1.0000,false
V4T003596,27.372681,-56.715061,QSO,0.32974885,1.7000,false
V4T003597,22.804797,-52.952494,QSO,0.14990093,1.7000,false
V4T003598,34.243114,-53.213233,ELG,0.92072516,1.0000,false
V4T003599,49.145461,-44.065058,Star,3.97284223,0.3000,false
V4T003600,353.947083,-24.472348,QSO,0.27255746,1.7000,false
V4T003601,352.859156,-13.488935,BGS,1.31004450,0.4500,false
V4T003602,345.871021,-28.341326,ELG,0.43069360,1.0000,false
V4T003603,36.806118,-50.882617,ELG,0.68564314,1.0000,false
V4T003604,42.082738,-44.807575,BGS,1.49683520,0.4500,false
V4T003605,335.301113,-30.731086,Star,3.98101776,0.3000,false
V4T003606,338.900348,-22.946081,ELG,0.99283512,1.0000,false
V4T003607,49.148844,-43.844927,QSO,0.07111507,1.7000,false
V4T003608,37.968393,-57.410421,LRG,0.35142901,1.0000,false
V4T003609,42.418379,-40.148270,Star,2.66095723,0.3000,false
V4T003610,341.623483,-28.013032,ELG,0.86358283,1.0000,false
V4T003611,37.488598,-61.133569,LRG,0.30113380,1.0000,false
V4T003612,33.249618,-37.101529,ELG,0.77986240,1.0000,false
V4T003613,342.159078,-18.272135,QSO,0.20858095,1.7000,false
V4T003614,354.487058,-38.603048,ELG,0.76442737,1.0000,false
V4T003615,344.516755,-15.316974,BGS,1.84389143,0.4500,false
V4T003616,3.042125,-27.767082,LRG,0.25148294,1.0000,false
V4T003617,23.343984,-49.985701,BGS,1.68354444,0.4500,false
V4T003618,3.967804,-28.166110,LRG,0.27904107,1.0000,false
V4T003619,46.401147,-57.205984,QSO,0.38463845,1.7000,false
V4T003620,359.571112,-17.289054,BGS,0.85713753,0.4500,false
V4T003621,33.621990,-36.777389,ELG,1.45179179,1.0000,false
V4T003622,36.991038,-50.645611,BGS,1.77744519,0.4500,false
V4T003623,20.378376,-58.557000,LRG,0.29689387,1.0000,false
V4T003624,33.734249,-60.918344,ELG,0.57257802,1.0000,false
V4T003625,46.988649,-59.521967,LRG,0.25281962,1.0000,false
V4T003626,348.198707,-23.170899,QSO,0.28907538,1.7000,false
V4T003627,49.564937,-44.596211,Star,5.87444179,0.3000,false
V4T003628,49.568687,-44.040646,BGS,1.52679314,0.4500,false
V4T003629,48.482992,-44.676539,Star,4.46277960,0.3000,false
V4T003630,356.967572,-27.139179,ELG,1.02438434,1.0000,false
V4T003631,36.854146,-38.782684,Star,2.85398576,0.3000,false
V4T003632,343.008391,-29.127560,ELG,1.57824359,1.0000,false
V4T003633,355.814129,-35.529555,ELG,0.49363305,1.0000,false
V4T003634,38.175975,-55.271590,QSO,0.20975244,1.7000,false
V4T003635,341.592993,-31.384500,ELG,0.74292707,1.0000,false
V4T003636,356.578396,-35.446006,QSO,0.18840045,1.7000,false
V4T003637,357.430747,-27.009088,BGS,1.66489771,0.4500,false
V4T003638,340.957108,-15.510330,LRG,0.36617524,1.0000,false
V4T003639,353.818894,-38.594220,BGS,1.51746887,0.4500,false
V4T003640,341.881204,-31.505048,LRG,0.23672181,1.0000,false
V4T003641,35.457596,-36.582658,BGS,1.19778672,0.4500,false
V4T003642,355.289492,-35.128184,BGS,1.00585759,0.4500,false
V4T003643,24.094058,-40.536072,BGS,1.22081090,0.4500,false
V4T003644,341.976412,-18.568985,ELG,0.47526417,1.0000,false
V4T003645,33.714314,-40.218577,BGS,1.62973387,0.4500,false
V4T003646,33.002960,-43.076601,ELG,0.52681149,1.0000,false
V4T003647,42.201262,-43.109466,ELG,0.45181944,1.0000,false
V4T003648,344.586818,-28.215714,Star,3.61672676,0.3000,false
V4T003649,352.450501,-33.438004,ELG,0.40849121,1.0000,false
V4T003650,357.678799,-26.131462,BGS,1.75564417,0.4500,false
V4T003651,32.405757,-36.979714,QSO,0.17995576,1.7000,false
V4T003652,352.025479,-39.134101,ELG,0.80030179,1.0000,false
V4T003653,359.981576,-28.417259,Star,2.23746594,0.3000,false
V4T003654,353.142282,-36.559694,ELG,0.70040271,1.0000,false
V4T003655,33.289281,-36.415093,LRG,0.41096110,1.0000,true
V4T003656,31.736649,-36.947712,ELG,0.54026813,1.0000,false
V4T003657,42.399293,-41.359318,LRG,0.39851167,1.0000,false
V4T003658,345.577877,-37.087220,LRG,0.17833963,1.0000,false
V4T003659,41.724186,-59.272445,LRG,0.39805267,1.0000,false
V4T003660,24.788452,-52.443266,LRG,0.35351520,1.0000,false
V4T003661,335.732182,-25.593319,BGS,1.14040115,0.4500,false
V4T003662,32.984680,-59.384243,QSO,0.11497089,1.7000,false
V4T003663,354.852454,-13.528859,BGS,1.74520797,0.4500,false
V4T003664,2.349015,-27.546839,ELG,0.59891958,1.0000,false
V4T003665,31.151232,-59.715088,ELG,0.51520343,1.0000,true
V4T003666,354.000688,-35.047865,LRG,0.45790244,1.0000,false
V4T003667,340.801023,-34.777870,BGS,1.23767327,0.4500,false
V4T003668,349.645838,-34.930698,BGS,1.37740954,0.4500,false
V4T003669,340.558314,-19.483362,BGS,2.22991130,0.4500,false
V4T003670,32.115298,-59.861043,Star,3.41759544,0.3000,false
V4T003671,346.304382,-28.640896,ELG,0.66627706,1.0000,false
V4T003672,32.155611,-58.873711,ELG,0.69348800,1.0000,false
V4T003673,357.147002,-29.052951,LRG,0.29200888,1.0000,false
V4T003674,341.900551,-24.237716,BGS,1.68073418,0.4500,false
V4T003675,3.643917,-24.012079,BGS,1.28717754,0.4500,false
V4T003676,358.050125,-22.966920,LRG,0.43930796,1.0000,false
V4T003677,345.097274,-29.012279,Star,2.60288640,0.3000,false
V4T003678,21.538352,-43.644610,LRG,0.37714783,1.0000,false
V4T003679,29.649516,-40.950784,ELG,1.18326985,1.0000,false
V4T003680,34.484261,-39.818062,ELG,0.74967690,1.0000,false
V4T003681,41.076808,-43.509781,ELG,0.43831089,1.0000,false
V4T003682,52.557555,-44.713990,ELG,0.40374833,1.0000,false
V4T003683,3.649340,-26.368672,ELG,0.56543764,1.0000,false
V4T003684,351.687821,-36.884494,QSO,0.46442556,1.7000,false
V4T003685,345.700801,-21.872249,BGS,1.07311458,0.4500,false
V4T003686,353.269501,-36.034835,BGS,1.63258316,0.4500,true
V4T003687,344.906835,-20.822523,QSO,0.08707178,1.7000,false
V4T003688,350.159102,-30.651753,LRG,0.43250030,1.0000,false
V4T003689,343.929371,-21.959349,ELG,1.01945437,1.0000,false
V4T003690,355.088099,-16.287949,LRG,0.36777230,1.0000,false
V4T003691,45.320855,-44.201717,LRG,0.49327983,1.0000,false
V4T003692,50.806562,-46.212002,ELG,0.46306124,1.0000,false
V4T003693,337.662728,-24.707981,BGS,1.12413233,0.4500,false
V4T003694,31.523233,-58.504834,ELG,0.51935848,1.0000,false
V4T003695,358.726420,-27.095398,BGS,1.42942070,0.4500,false
V4T003696,46.633241,-56.235822,QSO,0.67226990,1.7000,false
V4T003697,2.320830,-25.953841,BGS,1.41233914,0.4500,false
V4T003698,347.400508,-32.736193,QSO,0.14043715,1.7000,false
V4T003699,20.472037,-51.495223,BGS,1.11685302,0.4500,false
V4T003700,34.385240,-49.156167,QSO,0.34420697,1.7000,false
V4T003701,1.267058,-33.643854,LRG,0.39040432,1.0000,false
V4T003702,353.067905,-38.079409,LRG,0.79499739,1.0000,false
V4T003703,20.587548,-49.520960,BGS,1.25802721,0.4500,false
V4T003704,347.363896,-13.643449,ELG,0.52525537,1.0000,false
V4T003705,353.243786,-24.027010,ELG,0.40945153,1.0000,false
V4T003706,25.624990,-44.722742,ELG,0.36322085,1.0000,true
V4T003707,341.656065,-28.975537,LRG,0.30740672,1.0000,false
V4T003708,350.591361,-23.404881,ELG,0.51888873,1.0000,false
V4T003709,26.618776,-59.353718,BGS,1.58347132,0.4500,false
V4T003710,356.406952,-34.809496,LRG,0.42343718,1.0000,false
V4T003711,342.499871,-27.833187,LRG,0.37130277,1.0000,false
V4T003712,41.862615,-39.946859,ELG,0.70961202,1.0000,false
V4T003713,356.560795,-13.359738,Star,4.31307319,0.3000,false
V4T003714,348.445914,-36.764069,QSO,0.31157963,1.7000,false
V4T003715,355.799590,-34.543460,BGS,1.34156297,0.4500,false
V4T003716,38.002577,-37.932387,ELG,0.63421543,1.0000,false
V4T003717,346.506732,-39.575512,LRG,0.26942035,1.0000,false
V4T003718,353.497996,-38.193672,Star,3.97572967,0.3000,false
V4T003719,44.810652,-43.052324,ELG,0.66214822,1.0000,true
V4T003720,29.007430,-49.000620,LRG,0.41798449,1.0000,true
V4T003721,341.617194,-18.171123,LRG,0.46831823,1.0000,false
V4T003722,355.045426,-34.768793,ELG,0.35979443,1.0000,false
V4T003723,350.854584,-15.824215,LRG,0.33226672,1.0000,false
V4T003724,0.526216,-21.582106,ELG,0.83805755,1.0000,false
V4T003725,42.404879,-53.041584,ELG,0.78259917,1.0000,false
V4T003726,343.352049,-34.290998,BGS,1.03814760,0.4500,false
V4T003727,358.327645,-26.985333,BGS,1.05018292,0.4500,false
V4T003728,1.223274,-29.459275,LRG,0.26122260,1.0000,false
V4T003729,25.082662,-44.881886,LRG,0.42089088,1.0000,false
V4T003730,352.246942,-15.743165,QSO,0.12565778,1.7000,false
V4T003731,27.246434,-40.390913,BGS,2.83866501,0.4500,false
V4T003732,26.159726,-60.990624,BGS,1.62750341,0.4500,false
V4T003733,29.500235,-39.107938,ELG,0.70758263,1.0000,false
V4T003734,335.779676,-31.567690,ELG,0.45922780,1.0000,false
V4T003735,51.102678,-44.551888,BGS,1.65687846,0.4500,false
V4T003736,33.293326,-55.253033,ELG,0.43911746,1.0000,false
V4T003737,352.941344,-37.920199,LRG,0.43550686,1.0000,false
V4T003738,335.965348,-31.118209,ELG,0.33813230,1.0000,false
V4T003739,355.774708,-35.171656,Star,3.30398556,0.3000,false
V4T003740,0.635243,-25.013226,QSO,0.25873258,1.7000,false
V4T003741,33.901849,-47.697449,BGS,1.26766365,0.4500,false
V4T003742,353.627566,-35.215297,LRG,0.33817318,1.0000,false
V4T003743,347.163884,-29.311724,QSO,0.12606719,1.7000,false
V4T003744,41.636332,-38.743398,ELG,0.36512921,1.0000,false
V4T003745,352.544835,-28.659238,ELG,0.37642970,1.0000,false
V4T003746,345.701259,-20.765608,QSO,0.22871567,1.7000,false
V4T003747,354.144598,-39.024418,LRG,0.28173418,1.0000,false
V4T003748,30.448425,-48.836756,LRG,0.23462577,1.0000,false
V4T003749,352.230354,-16.106305,ELG,0.68611605,1.0000,false
V4T003750,31.014552,-42.436692,BGS,1.08862599,0.4500,false
V4T003751,350.446388,-22.289757,BGS,0.63466604,0.4500,false
V4T003752,357.901529,-27.169136,BGS,1.33659779,0.4500,false
V4T003753,346.092384,-20.811108,LRG,0.50101835,1.0000,true
V4T003754,358.855102,-24.505404,LRG,0.39036270,1.0000,false
V4T003755,356.052983,-35.564949,ELG,0.90830145,1.0000,false
V4T003756,1.180024,-28.887922,QSO,0.16518265,1.7000,false
V4T003757,29.086109,-59.072046,Star,4.74283575,0.3000,false
V4T003758,345.283505,-34.390525,BGS,1.00394515,0.4500,false
V4T003759,340.993140,-25.780927,BGS,1.24036810,0.4500,false
V4T003760,344.385231,-15.100498,QSO,0.34809215,1.7000,false
V4T003761,351.438043,-37.024049,BGS,1.80151638,0.4500,false
V4T003762,335.762853,-28.939695,ELG,0.54342867,1.0000,true
V4T003763,345.486812,-21.065880,BGS,1.27161809,0.4500,false
V4T003764,344.416198,-20.015528,LRG,0.64862170,1.0000,false
V4T003765,341.451019,-23.159582,ELG,0.22688632,1.0000,false
V4T003766,356.162712,-13.778326,ELG,0.60606051,1.0000,false
V4T003767,50.874735,-56.938304,ELG,0.73263626,1.0000,false
V4T003768,40.840340,-51.353731,ELG,1.49523991,1.0000,false
V4T003769,346.275814,-12.441847,BGS,1.68910739,0.4500,false
V4T003770,352.885686,-38.847697,QSO,0.13786335,1.7000,false
V4T003771,43.961921,-53.787904,LRG,0.26884880,1.0000,false
V4T003772,1.598066,-32.361449,LRG,0.39284654,1.0000,true
V4T003773,38.540266,-43.195808,BGS,0.90822210,0.4500,false
V4T003774,31.046862,-60.674345,QSO,0.10111375,1.7000,false
V4T003775,28.990922,-43.142833,QSO,0.09124149,1.7000,false
V4T003776,350.550332,-35.781115,ELG,0.42423864,1.0000,false
V4T003777,44.284367,-52.782131,ELG,0.33121748,1.0000,false
V4T003778,350.617976,-37.839859,QSO,0.16076857,1.7000,false
V4T003779,27.806127,-49.572918,BGS,1.96238827,0.4500,false
V4T003780,28.226497,-54.317528,BGS,1.29470195,0.4500,false
V4T003781,338.519035,-32.803472,ELG,0.33217745,1.0000,false
V4T003782,46.436512,-54.138691,Star,2.52857906,0.3000,false
V4T003783,343.227241,-33.172087,BGS,2.00826555,0.4500,false
V4T003784,34.701660,-44.578945,BGS,0.91007239,0.4500,false
V4T003785,1.365575,-22.103263,ELG,0.44318020,1.0000,false
V4T003786,0.653429,-35.601333,QSO,0.32035618,1.7000,false
V4T003787,50.172414,-45.178998,BGS,1.39708936,0.4500,false
V4T003788,353.970290,-35.109413,ELG,0.39053490,1.0000,false
V4T003789,348.409245,-18.536299,BGS,1.20573781,0.4500,false
V4T003790,23.052069,-44.884368,ELG,0.22560228,1.0000,false
V4T003791,354.447471,-17.788496,Star,3.41586824,0.3000,false
V4T003792,346.717532,-35.933733,BGS,0.89492302,0.4500,false
V4T003793,23.104401,-41.096801,ELG,0.74119479,1.0000,false
V4T003794,34.286852,-37.052106,QSO,0.15893196,1.7000,false
V4T003795,38.543597,-42.554909,LRG,0.45351099,1.0000,false
V4T003796,48.744745,-53.118752,BGS,0.89540396,0.4500,false
V4T003797,350.998112,-35.891542,BGS,1.27700732,0.4500,false
V4T003798,356.287329,-24.650663,ELG,0.74192230,1.0000,false
V4T003799,350.522434,-33.046553,QSO,0.34949376,1.7000,false
V4T003800,31.742917,-58.915276,ELG,0.45703883,1.0000,false
V4T003801,33.541885,-56.667919,BGS,1.60355661,0.4500,true
V4T003802,353.435660,-39.903136,LRG,0.49701497,1.0000,false
V4T003803,50.907714,-55.730218,BGS,0.73284037,0.4500,false
V4T003804,45.954705,-50.327362,QSO,0.12396210,1.7000,false
V4T003805,27.626710,-53.885546,LRG,0.38790536,1.0000,true
V4T003806,50.081694,-43.990293,LRG,0.19818630,1.0000,false
V4T003807,342.169260,-33.716881,QSO,0.11759253,1.7000,false
V4T003808,337.361125,-24.582807,ELG,0.38008628,1.0000,false
V4T003809,344.322884,-13.702941,QSO,0.16639455,1.7000,false
V4T003810,27.471506,-57.969308,Star,3.65052540,0.3000,false
V4T003811,343.495994,-36.282053,ELG,0.40834223,1.0000,false
V4T003812,343.914064,-30.610962,Star,3.70951362,0.3000,false
V4T003813,359.440772,-20.976318,Star,4.61903995,0.3000,false
V4T003814,350.723476,-18.595061,BGS,1.73699851,0.4500,false
V4T003815,342.901292,-20.091432,BGS,1.48863231,0.4500,false
V4T003816,344.715070,-20.489425,Star,3.43704708,0.3000,false
V4T003817,21.952512,-55.707798,Star,5.63999522,0.3000,true
V4T003818,349.803069,-12.942607,Star,2.98033922,0.3000,false
V4T003819,31.526639,-57.062116,ELG,0.33501305,1.0000,false
V4T003820,357.848977,-22.909054,ELG,0.61276116,1.0000,false
V4T003821,358.063105,-27.748768,ELG,0.61066352,1.0000,false
V4T003822,348.759197,-29.227929,BGS,1.74416517,0.4500,false
V4T003823,351.754503,-39.509782,BGS,1.14719665,0.4500,false
V4T003824,357.494388,-36.958938,QSO,0.32518524,1.7000,false
V4T003825,25.105480,-60.967174,ELG,0.30300691,1.0000,false
V4T003826,340.157462,-17.455280,LRG,0.48082615,1.0000,false
V4T003827,338.676193,-30.383443,QSO,0.15084124,1.7000,false
V4T003828,348.068270,-11.873424,ELG,0.37119508,1.0000,false
V4T003829,32.129492,-36.689112,LRG,0.45327168,1.0000,false
V4T003830,39.871521,-52.177339,QSO,0.28842450,1.7000,false
V4T003831,352.052752,-32.800389,BGS,1.28290869,0.4500,false
V4T003832,37.472540,-53.348678,ELG,0.46972983,1.0000,false
V4T003833,38.423746,-53.287061,ELG,0.72767677,1.0000,false
V4T003834,33.156457,-44.163900,QSO,0.08951558,1.7000,false
V4T003835,35.501875,-53.916916,QSO,0.26857495,1.7000,false
V4T003836,342.575997,-36.207841,ELG,0.73644209,1.0000,false
V4T003837,32.614231,-37.031991,QSO,0.21087754,1.7000,false
V4T003838,31.760767,-37.509976,BGS,1.70344456,0.4500,false
V4T003839,347.743602,-31.300904,ELG,0.23418315,1.0000,true
V4T003840,44.372935,-54.746648,ELG,0.45221697,1.0000,false
V4T003841,52.766453,-44.883914,QSO,0.31066061,1.7000,false
V4T003842,355.767925,-28.855085,ELG,0.36626249,1.0000,false
V4T003843,345.523867,-28.387469,Star,4.60182987,0.3000,false
V4T003844,353.741207,-38.621160,ELG,0.84389717,1.0000,false
V4T003845,341.190549,-32.824375,Star,3.71081122,0.3000,false
V4T003846,358.420029,-30.701972,ELG,0.33836627,1.0000,false
V4T003847,344.423146,-20.574096,LRG,0.39560790,1.0000,false
V4T003848,344.534713,-13.267455,BGS,1.57254631,0.4500,false
V4T003849,25.901729,-40.559982,LRG,0.24414609,1.0000,false
V4T003850,346.222510,-27.606393,Star,5.57865020,0.3000,false
V4T003851,358.189796,-26.409606,BGS,0.80773126,0.4500,false
V4T003852,338.034764,-19.107266,BGS,0.99116033,0.4500,false
V4T003853,340.455550,-16.344636,BGS,0.77117557,0.4500,false
V4T003854,4.230228,-29.846797,ELG,0.31314708,1.0000,false
V4T003855,43.656995,-47.669952,ELG,0.53183000,1.0000,false
V4T003856,3.894911,-30.124002,LRG,0.25179109,1.0000,false
V4T003857,357.219533,-24.790708,ELG,0.38569977,1.0000,false
V4T003858,351.350738,-18.557879,LRG,0.39021731,1.0000,false
V4T003859,353.112774,-16.879349,ELG,0.89627758,1.0000,false
V4T003860,30.346064,-38.379745,LRG,0.48788926,1.0000,false
V4T003861,356.145260,-26.975698,LRG,0.31619547,1.0000,false
V4T003862,31.128268,-41.145831,ELG,0.46622008,1.0000,false
V4T003863,23.616913,-46.355520,Star,3.75235397,0.3000,false
V4T003864,350.106078,-14.773974,BGS,1.00689042,0.4500,false
V4T003865,354.837300,-12.940622,ELG,0.75425274,1.0000,false
V4T003866,344.451160,-21.250793,BGS,1.36053065,0.4500,false
V4T003867,339.439708,-25.603970,ELG,0.38875631,1.0000,false
V4T003868,357.958812,-25.909639,Star,3.32804530,0.3000,false
V4T003869,35.571155,-53.214825,ELG,0.28583706,1.0000,false
V4T003870,353.388401,-38.253862,ELG,0.85401283,1.0000,false
V4T003871,35.376582,-55.156577,LRG,0.35509285,1.0000,false
V4T003872,43.590949,-51.233373,BGS,1.09497562,0.4500,false
V4T003873,342.793618,-32.930874,BGS,0.93706695,0.4500,false
V4T003874,45.191148,-49.038780,LRG,0.27588843,1.0000,false
V4T003875,355.212207,-34.726122,QSO,0.16058134,1.7000,false
V4T003876,345.037779,-28.988715,QSO,0.11140288,1.7000,false
V4T003877,0.555782,-22.382536,QSO,0.34070570,1.7000,false
V4T003878,32.358568,-56.211908,QSO,0.21326621,1.7000,false
V4T003879,0.157272,-28.786701,BGS,1.22112152,0.4500,false
V4T003880,358.103515,-26.779046,ELG,0.54345043,1.0000,false
V4T003881,33.194510,-41.590080,ELG,0.49212538,1.0000,false
V4T003882,354.742055,-35.125532,ELG,0.58053406,1.0000,false
V4T003883,359.764218,-36.320738,ELG,1.02898679,1.0000,false
V4T003884,341.062218,-37.732894,ELG,1.07265044,1.0000,false
V4T003885,53.078690,-47.458367,ELG,0.50711070,1.0000,false
V4T003886,1.198213,-24.887069,ELG,0.56175853,1.0000,false
V4T003887,38.166615,-40.361266,ELG,0.53050858,1.0000,false
V4T003888,357.656299,-29.103327,BGS,1.22632610,0.4500,false
V4T003889,348.790502,-23.629315,LRG,0.27023281,1.0000,false
V4T003890,358.500494,-28.398030,BGS,1.24067779,0.4500,false
V4T003891,351.221984,-36.667195,LRG,0.08944417,1.0000,false
V4T003892,353.617679,-37.512049,QSO,0.45309456,1.7000,false
V4T003893,351.008476,-37.325836,BGS,1.50505550,0.4500,true
V4T003894,357.246029,-26.530822,Star,4.39794457,0.3000,false
V4T003895,23.395395,-50.874765,BGS,1.08377368,0.4500,false
V4T003896,30.022880,-59.099339,ELG,0.65685672,1.0000,false
V4T003897,31.856369,-36.664053,LRG,0.30306650,1.0000,false
V4T003898,30.600287,-59.135955,QSO,0.10885037,1.7000,false
V4T003899,51.244185,-44.237703,ELG,0.36199288,1.0000,false
V4T003900,354.355427,-19.003999,ELG,0.42240873,1.0000,false
V4T003901,349.325382,-16.313304,ELG,0.66647474,1.0000,false
V4T003902,349.200274,-16.676592,ELG,0.27369240,1.0000,false
V4T003903,337.813856,-30.801607,LRG,0.26370034,1.0000,false
V4T003904,352.828843,-36.917851,BGS,1.39608783,0.4500,false
V4T003905,33.129442,-36.294308,ELG,0.30405043,1.0000,false
V4T003906,32.755096,-61.352460,BGS,2.01653152,0.4500,false
V4T003907,33.494404,-36.928972,BGS,1.28376128,0.4500,false
V4T003908,3.883873,-27.369076,BGS,1.44352045,0.4500,false
V4T003909,356.102402,-31.362400,ELG,0.71356454,1.0000,false
V4T003910,31.298837,-59.760004,ELG,0.49871835,1.0000,false
V4T003911,39.942761,-36.107728,BGS,1.16323069,0.4500,false
V4T003912,342.981148,-20.343728,QSO,0.26372016,1.7000,false
V4T003913,351.202093,-15.686188,LRG,0.29102122,1.0000,false
V4T003914,354.312709,-37.692450,LRG,0.29446662,1.0000,false
V4T003915,49.028343,-45.450380,LRG,0.30753177,1.0000,false
V4T003916,22.755664,-44.754688,QSO,0.16652186,1.7000,false
V4T003917,353.688644,-35.123708,BGS,1.19843351,0.4500,false
V4T003918,351.456751,-36.955633,BGS,0.73792873,0.4500,false
V4T003919,354.593527,-31.918917,Star,4.09633444,0.3000,false
V4T003920,40.147830,-40.479947,LRG,0.31178659,1.0000,false
V4T003921,25.715742,-42.150099,LRG,0.38033409,1.0000,false
V4T003922,354.208631,-35.389419,LRG,0.38885786,1.0000,false
V4T003923,340.936150,-19.711327,ELG,0.50885039,1.0000,false
V4T003924,348.560716,-40.110718,BGS,1.49379633,0.4500,false
V4T003925,342.769247,-31.472112,ELG,0.77037421,1.0000,false
V4T003926,344.479584,-21.029817,BGS,2.13747723,0.4500,false
V4T003927,347.699422,-24.310882,BGS,0.73539877,0.4500,false
V4T003928,49.654651,-44.876432,ELG,0.33493918,1.0000,false
V4T003929,20.999967,-55.098112,QSO,0.09153221,1.7000,false
V4T003930,346.721151,-35.770450,LRG,0.42155035,1.0000,false
V4T003931,48.538319,-58.995658,QSO,0.13333589,1.7000,false
V4T003932,359.751119,-31.578735,QSO,0.30435190,1.7000,false
V4T003933,356.683405,-20.572260,ELG,0.51103168,1.0000,false
V4T003934,42.656691,-37.070282,BGS,1.11792864,0.4500,false
V4T003935,351.963169,-38.844565,ELG,0.43507437,1.0000,false
V4T003936,344.620423,-30.896537,ELG,0.51051619,1.0000,false
V4T003937,351.647280,-37.781039,ELG,0.33710961,1.0000,false
V4T003938,30.005565,-60.105188,BGS,0.97332622,0.4500,false
V4T003939,35.299794,-44.795395,Star,6.03677151,0.3000,false
V4T003940,347.297396,-19.873473,ELG,0.17483854,1.0000,false
V4T003941,347.579769,-15.915310,BGS,1.57179186,0.4500,false
V4T003942,36.073023,-59.837898,LRG,0.31453152,1.0000,false
V4T003943,358.897020,-25.628911,ELG,0.54665140,1.0000,false
V4T003944,347.846487,-19.453832,BGS,1.51455044,0.4500,false
V4T003945,31.806978,-58.653955,BGS,0.75348198,0.4500,false
V4T003946,23.640687,-41.922500,QSO,0.19734867,1.7000,false
V4T003947,354.465451,-22.215681,ELG,0.61488093,1.0000,false
V4T003948,350.803551,-32.830783,ELG,0.68384806,1.0000,false
V4T003949,47.516152,-43.583166,ELG,0.55178239,1.0000,false
V4T003950,26.097722,-38.918983,BGS,1.24515790,0.4500,false
V4T003951,346.180206,-37.288930,BGS,0.92754588,0.4500,false
V4T003952,18.849567,-54.733746,LRG,0.30390554,1.0000,true
V4T003953,50.351631,-49.256690,ELG,0.48712992,1.0000,true
V4T003954,351.332161,-14.363422,LRG,0.09425628,1.0000,false
V4T003955,359.216428,-34.780322,ELG,0.68500275,1.0000,false
V4T003956,347.283076,-24.542779,ELG,0.40147900,1.0000,false
V4T003957,23.216711,-46.123867,QSO,0.19330672,1.7000,true
V4T003958,345.857266,-28.612527,QSO,0.24418761,1.7000,false
V4T003959,351.013619,-37.095509,QSO,0.15734770,1.7000,false
V4T003960,353.417316,-25.244336,ELG,0.68595368,1.0000,false
V4T003961,26.064578,-43.281311,LRG,0.52144727,1.0000,false
V4T003962,359.372495,-26.608356,LRG,0.19681600,1.0000,false
V4T003963,359.246806,-21.487011,ELG,0.75125131,1.0000,true
V4T003964,31.473493,-57.737014,BGS,1.02682608,0.4500,false
V4T003965,334.165302,-29.761600,BGS,1.21915275,0.4500,false
V4T003966,31.320704,-47.350922,ELG,1.48640284,1.0000,false
V4T003967,25.212122,-42.352054,ELG,0.62411124,1.0000,false
V4T003968,355.526213,-34.532448,ELG,0.67582261,1.0000,true
V4T003969,49.404101,-42.266165,LRG,0.53888827,1.0000,false
V4T003970,355.275168,-34.658293,LRG,0.79337144,1.0000,false
V4T003971,29.395251,-36.748581,LRG,0.62115681,1.0000,false
V4T003972,352.182090,-33.706708,LRG,0.41933992,1.0000,false
V4T003973,50.756882,-51.096214,QSO,0.22637273,1.7000,true
V4T003974,346.405443,-28.032254,BGS,1.95087210,0.4500,false
V4T003975,42.445315,-38.209703,BGS,0.92116598,0.4500,false
V4T003976,350.975089,-36.503672,ELG,0.50182015,1.0000,false
V4T003977,33.291528,-37.301750,ELG,0.45758176,1.0000,false
V4T003978,2.357616,-33.665098,Star,3.05198942,0.3000,false
V4T003979,345.277973,-20.318157,Star,3.70214058,0.3000,false
V4T003980,346.114404,-27.589633,QSO,0.19363747,1.7000,false
V4T003981,337.833065,-21.707658,LRG,0.51050331,1.0000,false
V4T003982,31.164676,-48.801965,BGS,1.19855480,0.4500,false
V4T003983,353.723214,-34.462653,BGS,1.64954321,0.4500,false
V4T003984,345.684529,-37.091072,BGS,1.46254482,0.4500,false
V4T003985,349.701697,-22.701527,BGS,0.94615414,0.4500,false
V4T003986,22.301741,-55.536491,BGS,1.36179204,0.4500,false
V4T003987,29.343724,-42.035177,LRG,0.18229412,1.0000,false
V4T003988,353.511159,-37.539841,LRG,0.81106332,1.0000,false
V4T003989,355.842597,-33.859384,ELG,0.66321937,1.0000,false
V4T003990,43.185122,-60.001330,ELG,0.46931673,1.0000,true
V4T003991,345.872598,-12.637324,ELG,0.42784888,1.0000,false
V4T003992,39.905750,-46.654436,BGS,2.37604065,0.4500,false
V4T003993,343.255764,-37.320451,Star,3.02662567,0.3000,false
V4T003994,44.076815,-43.181045,ELG,0.55508330,1.0000,false
V4T003995,355.079409,-35.175948,LRG,0.29885339,1.0000,false
V4T003996,41.971817,-39.993632,LRG,0.39758171,1.0000,false
V4T003997,357.563594,-27.437376,BGS,1.35808739,0.4500,false
V4T003998,339.729352,-16.107657,QSO,0.06243081,1.7000,false
V4T003999,354.406614,-34.685176,BGS,1.66760957,0.4500,false
V4T004000,35.842002,-59.891666,ELG,1.31050700,1.0000,false
V4T004001,49.953873,-45.398445,BGS,1.45601029,0.4500,false
V4T004002,1.955648,-24.393525,ELG,0.43934078,1.0000,false
V4T004003,1.781426,-33.543909,LRG,0.23094411,1.0000,false
V4T004004,33.010987,-57.422532,QSO,0.16644180,1.7000,false
V4T004005,354.345212,-38.103833,LRG,0.27799937,1.0000,false
V4T004006,335.871207,-29.675246,ELG,0.71383834,1.0000,false
V4T004007,346.578977,-18.707692,QSO,0.08562896,1.7000,false
V4T004008,336.738576,-24.043571,LRG,0.27501270,1.0000,false
V4T004009,358.302246,-26.826900,ELG,0.91520768,1.0000,false
V4T004010,342.273098,-26.762120,ELG,0.40786366,1.0000,false
V4T004011,29.172378,-37.280319,BGS,1.62887128,0.4500,false
V4T004012,48.741334,-58.657540,BGS,1.06274430,0.4500,false
V4T004013,49.845791,-44.589314,QSO,0.29984924,1.7000,false
V4T004014,345.788712,-20.181842,QSO,0.13409195,1.7000,false
V4T004015,21.011665,-48.519047,ELG,0.59760057,1.0000,false
V4T004016,50.401673,-41.835418,ELG,0.58786957,1.0000,false
V4T004017,3.175445,-25.323432,BGS,1.10637614,0.4500,false
V4T004018,32.588318,-36.745001,ELG,1.13089984,1.0000,false
V4T004019,27.300227,-56.642351,ELG,0.51812656,1.0000,false
V4T004020,32.205565,-37.472835,LRG,0.40821135,1.0000,false
V4T004021,42.182374,-56.489757,QSO,0.17141299,1.7000,false
V4T004022,335.874788,-29.369077,ELG,0.46555249,1.0000,false
V4T004023,352.921172,-31.246004,ELG,0.44449734,1.0000,false
V4T004024,0.268387,-24.970179,ELG,0.52853596,1.0000,false
V4T004025,20.197754,-50.561222,ELG,0.54894139,1.0000,false
V4T004026,348.115210,-30.603878,ELG,0.71163534,1.0000,false
V4T004027,346.708108,-35.358543,BGS,0.78986974,0.4500,false
V4T004028,354.206733,-16.068514,LRG,0.32104303,1.0000,false
V4T004029,43.377137,-49.815101,BGS,2.01138863,0.4500,false
V4T004030,0.269264,-31.314282,LRG,0.23081960,1.0000,false
V4T004031,354.751412,-35.344009,BGS,1.19385866,0.4500,false
V4T004032,30.397571,-43.086561,QSO,0.25171876,1.7000,false
V4T004033,0.423880,-26.171716,BGS,1.29687303,0.4500,false
V4T004034,356.348650,-26.591635,LRG,0.32428296,1.0000,false
V4T004035,358.494212,-15.747036,QSO,0.23317140,1.7000,false
V4T004036,351.482597,-39.920841,BGS,1.51012173,0.4500,false
V4T004037,45.232048,-55.813018,LRG,0.32742785,1.0000,false
V4T004038,352.679937,-17.580625,ELG,0.81971615,1.0000,false
V4T004039,346.032552,-28.071456,LRG,0.29544041,1.0000,false
V4T004040,32.860858,-36.848849,BGS,1.65804352,0.4500,false
V4T004041,339.757059,-23.688127,LRG,0.29539119,1.0000,false
V4T004042,42.097692,-43.713421,Star,3.89245464,0.3000,true
V4T004043,355.724681,-34.326975,ELG,0.85828983,1.0000,false
V4T004044,344.776123,-20.308215,LRG,0.31130349,1.0000,false
V4T004045,356.380448,-15.230982,LRG,0.31972378,1.0000,false
V4T004046,29.786018,-55.431539,QSO,0.18955168,1.7000,false
V4T004047,356.469850,-19.069426,LRG,0.31895869,1.0000,false
V4T004048,36.849924,-41.757970,BGS,1.53013207,0.4500,false
V4T004049,30.139460,-41.660718,LRG,0.47601989,1.0000,false
V4T004050,358.411296,-25.963151,ELG,0.63904145,1.0000,false
V4T004051,352.434672,-28.403242,ELG,0.52039041,1.0000,false
V4T004052,346.024213,-29.640516,Star,5.09838057,0.3000,false
V4T004053,30.249374,-59.191194,QSO,0.32935438,1.7000,false
V4T004054,352.043898,-39.095870,ELG,0.43109766,1.0000,false
V4T004055,26.719455,-55.014232,ELG,0.90323052,1.0000,false
V4T004056,355.429702,-34.730850,BGS,1.86290690,0.4500,false
V4T004057,48.914977,-44.531678,ELG,0.48285616,1.0000,false
V4T004058,33.265492,-36.924185,ELG,0.48876641,1.0000,false
V4T004059,40.002810,-42.920594,BGS,1.23759146,0.4500,false
V4T004060,355.756627,-14.942411,LRG,0.67910122,1.0000,false
V4T004061,350.337546,-16.036889,ELG,0.71617068,1.0000,false
V4T004062,341.803778,-17.697323,QSO,0.08733567,1.7000,false
V4T004063,357.084524,-26.846042,BGS,1.40888467,0.4500,false
V4T004064,1.548752,-23.134554,LRG,0.41343403,1.0000,false
V4T004065,45.913213,-54.961320,Star,4.63032404,0.3000,false
V4T004066,31.854462,-37.374890,ELG,0.90582522,1.0000,false
V4T004067,24.405145,-56.311034,BGS,1.79282205,0.4500,false
V4T004068,38.781586,-41.938027,BGS,1.13419310,0.4500,false
V4T004069,47.297001,-44.248960,LRG,0.48577717,1.0000,false
V4T004070,354.940866,-33.599562,ELG,0.87707786,1.0000,false
V4T004071,348.996613,-40.038593,ELG,0.42512770,1.0000,false
V4T004072,33.584999,-52.868792,BGS,3.07687454,0.4500,false
V4T004073,338.552412,-27.070195,ELG,0.61937737,1.0000,false
V4T004074,353.820641,-17.354415,LRG,0.36549330,1.0000,true
V4T004075,33.306402,-54.132077,QSO,0.30202596,1.7000,false
V4T004076,32.598938,-36.834728,BGS,1.22261865,0.4500,false
V4T004077,0.934387,-34.736920,LRG,0.41226014,1.0000,false
V4T004078,40.345008,-55.788261,LRG,0.33466740,1.0000,false
V4T004079,356.242397,-17.283151,ELG,0.44464183,1.0000,false
V4T004080,42.557353,-60.418331,BGS,1.00688365,0.4500,false
V4T004081,42.702507,-43.750744,ELG,0.76654447,1.0000,false
V4T004082,358.164551,-26.130631,QSO,0.49084289,1.7000,false
V4T004083,346.092310,-26.278686,BGS,1.08331648,0.4500,false
V4T004084,355.329887,-34.454582,ELG,1.08163751,1.0000,false
V4T004085,349.527076,-26.432344,LRG,0.38081994,1.0000,false
V4T004086,42.096489,-45.955297,ELG,0.71126087,1.0000,false
V4T004087,24.900882,-57.568697,BGS,1.53252444,0.4500,false
V4T004088,27.172510,-39.104116,LRG,0.27001929,1.0000,true
V4T004089,23.250991,-42.418108,Star,6.25661721,0.3000,false
V4T004090,354.197085,-16.981128,BGS,0.81124643,0.4500,false
V4T004091,47.548232,-43.660155,LRG,0.33289574,1.0000,false
V4T004092,45.790804,-54.398563,ELG,0.77655291,1.0000,false
V4T004093,345.379327,-28.390702,QSO,0.21842060,1.7000,false
V4T004094,4.352955,-28.430433,BGS,0.89890812,0.4500,false
V4T004095,26.075741,-44.651957,ELG,0.69051395,1.0000,false
V4T004096,0.399839,-35.788061,LRG,0.47572723,1.0000,false
V4T004097,354.231615,-24.117657,ELG,0.57448626,1.0000,false
V4T004098,23.866470,-54.569528,QSO,0.04944417,1.7000,false
V4T004099,37.516596,-47.565570,LRG,0.56863808,1.0000,true
V4T004100,350.642221,-24.442383,BGS,1.04616451,0.4500,false
V4T004101,350.049028,-15.128232,ELG,1.35677893,1.0000,false
V4T004102,47.026293,-45.771439,BGS,1.68416568,0.4500,false
V4T004103,49.174632,-43.232518,BGS,1.43015724,0.4500,false
V4T004104,351.240559,-35.946816,ELG,0.91956589,1.0000,false
V4T004105,20.922191,-43.787803,LRG,0.40931163,1.0000,false
V4T004106,40.401953,-61.810089,ELG,0.71631460,1.0000,true
V4T004107,4.131491,-31.675422,LRG,0.19998281,1.0000,false
V4T004108,349.356289,-14.912708,ELG,0.30295933,1.0000,false
V4T004109,349.970460,-18.278586,ELG,1.23268408,1.0000,false
V4T004110,28.042817,-37.143664,LRG,0.37164758,1.0000,true
V4T004111,357.564751,-18.527951,Star,5.53111227,0.3000,false
V4T004112,342.749711,-37.080523,ELG,0.38890099,1.0000,false
V4T004113,30.147769,-59.638752,ELG,0.27071266,1.0000,false
V4T004114,356.694376,-26.363579,LRG,0.24555765,1.0000,false
V4T004115,344.832126,-38.411091,QSO,0.18887731,1.7000,false
V4T004116,3.798411,-23.518609,ELG,0.94399769,1.0000,true
V4T004117,30.885939,-55.284254,QSO,0.11810743,1.7000,false
V4T004118,41.086061,-51.760093,ELG,0.48609659,1.0000,false
V4T004119,351.542813,-38.770669,ELG,0.39412172,1.0000,false
V4T004120,357.002699,-16.210161,BGS,1.13238148,0.4500,false
V4T004121,338.290938,-23.658447,QSO,0.16845523,1.7000,false
V4T004122,339.690352,-30.006403,ELG,0.57231246,1.0000,false
V4T004123,45.095275,-39.075475,ELG,0.30222675,1.0000,false
V4T004124,346.637871,-37.936333,BGS,1.20823730,0.4500,true
V4T004125,21.797432,-48.774436,LRG,0.24267766,1.0000,false
V4T004126,36.928949,-45.429780,LRG,0.47286970,1.0000,false
V4T004127,355.431807,-38.196823,Star,3.93834948,0.3000,false
V4T004128,34.512443,-42.865672,ELG,0.62089226,1.0000,false
V4T004129,30.484112,-51.619742,ELG,0.47215226,1.0000,false
V4T004130,33.492335,-56.980965,ELG,0.56375936,1.0000,false
V4T004131,352.313257,-38.938309,ELG,0.64848697,1.0000,false
V4T004132,44.310102,-57.273014,Star,3.91379604,0.3000,false
V4T004133,337.805726,-20.675727,BGS,1.80806552,0.4500,false
V4T004134,338.286171,-24.317053,LRG,0.60474651,1.0000,false
V4T004135,344.823084,-28.106062,LRG,0.36412278,1.0000,false
V4T004136,49.935155,-44.981552,Star,4.74544577,0.3000,false
V4T004137,32.344131,-57.101851,LRG,0.53715853,1.0000,false
V4T004138,23.555037,-43.675254,LRG,0.34789323,1.0000,false
V4T004139,359.445224,-28.791928,ELG,0.91648983,1.0000,false
V4T004140,26.447295,-39.840249,ELG,0.38320587,1.0000,false
V4T004141,347.891721,-35.926116,ELG,0.49745575,1.0000,false
V4T004142,32.497241,-35.857781,LRG,0.32215829,1.0000,false
V4T004143,36.630981,-50.262309,ELG,0.79077568,1.0000,false
V4T004144,354.428847,-39.582475,BGS,1.36948282,0.4500,false
V4T004145,346.478950,-20.867009,ELG,1.01623787,1.0000,false
V4T004146,350.698023,-36.165785,QSO,0.27546957,1.7000,false
V4T004147,20.790037,-56.659622,QSO,0.18677229,1.7000,false
V4T004148,350.991150,-13.134435,ELG,0.39495570,1.0000,false
V4T004149,349.722718,-29.787635,BGS,1.30979543,0.4500,false
V4T004150,32.779331,-36.945182,ELG,1.03021604,1.0000,false
V4T004151,39.595215,-53.205573,BGS,1.55769663,0.4500,false
V4T004152,346.633491,-32.187413,LRG,0.37966742,1.0000,false
V4T004153,45.118952,-58.639007,BGS,2.13778239,0.4500,true
V4T004154,338.641530,-33.176151,LRG,0.29215877,1.0000,false
V4T004155,49.752794,-43.918377,BGS,1.17891229,0.4500,false
V4T004156,32.035393,-43.677234,ELG,0.60600267,1.0000,false
V4T004157,350.429866,-15.240421,ELG,0.83657285,1.0000,false
V4T004158,43.945009,-54.790435,ELG,1.14788712,1.0000,false
V4T004159,29.510835,-56.123653,LRG,0.49593838,1.0000,false
V4T004160,34.603382,-52.752017,LRG,0.25646014,1.0000,false
V4T004161,23.039163,-57.100384,QSO,0.14773956,1.7000,false
V4T004162,344.389357,-26.842095,ELG,0.66542311,1.0000,false
V4T004163,30.048901,-56.569463,LRG,0.39603106,1.0000,false
V4T004164,349.753289,-39.558012,LRG,0.33552826,1.0000,false
V4T004165,345.967921,-20.077372,ELG,0.40464957,1.0000,false
V4T004166,28.553082,-55.688799,BGS,1.41026683,0.4500,false
V4T004167,0.487620,-17.678248,Star,5.56310932,0.3000,false
V4T004168,28.420226,-40.598256,ELG,0.45016151,1.0000,false
V4T004169,32.661260,-37.723674,BGS,1.05069602,0.4500,false
V4T004170,349.334839,-15.689642,LRG,0.37869120,1.0000,true
V4T004171,340.716996,-24.320195,ELG,1.15592788,1.0000,false
V4T004172,35.647879,-57.412728,ELG,0.53328510,1.0000,false
V4T004173,49.210347,-46.265858,ELG,0.84990747,1.0000,false
V4T004174,49.782281,-57.999602,BGS,1.27350547,0.4500,false
V4T004175,44.161461,-46.219464,QSO,0.16860542,1.7000,false
V4T004176,50.801550,-48.166377,ELG,0.35811802,1.0000,false
V4T004177,27.699981,-57.036311,LRG,0.23200328,1.0000,false
V4T004178,359.889700,-23.630296,QSO,0.10391325,1.7000,false
V4T004179,46.829249,-51.738618,ELG,0.29748847,1.0000,false
V4T004180,350.387367,-12.623196,QSO,0.09930553,1.7000,false
V4T004181,346.931301,-12.621335,LRG,0.27922023,1.0000,false
V4T004182,339.010951,-29.003045,LRG,0.28709638,1.0000,false
V4T004183,357.087813,-26.757310,ELG,0.75134922,1.0000,false
V4T004184,354.830397,-24.322751,QSO,0.16663664,1.7000,false
V4T004185,36.303755,-60.148124,BGS,1.14643566,0.4500,false
V4T004186,341.518375,-37.573360,BGS,0.99431574,0.4500,false
V4T004187,348.092476,-14.731445,QSO,0.08829581,1.7000,false
V4T004188,42.343177,-36.608982,ELG,0.39307893,1.0000,false
V4T004189,345.497806,-30.958562,BGS,0.67758482,0.4500,false
V4T004190,43.153287,-42.422497,ELG,0.72503249,1.0000,false
V4T004191,356.097299,-34.138419,QSO,0.07946648,1.7000,false
V4T004192,352.326937,-39.635205,BGS,1.12976229,0.4500,false
V4T004193,1.031803,-32.632419,BGS,1.85217688,0.4500,false
V4T004194,351.517172,-36.905959,ELG,0.88618175,1.0000,false
V4T004195,345.204359,-28.803614,ELG,0.76057950,1.0000,false
V4T004196,19.118007,-51.368472,LRG,0.34261960,1.0000,false
V4T004197,345.203181,-20.461307,ELG,0.50964357,1.0000,false
V4T004198,36.314150,-60.697303,LRG,0.40966904,1.0000,false
V4T004199,336.834450,-26.846816,ELG,0.49727358,1.0000,false
V4T004200,355.423778,-24.173377,ELG,0.24422214,1.0000,false
V4T004201,44.474936,-47.849534,ELG,0.64334549,1.0000,false
V4T004202,50.166753,-55.869688,Star,3.81234271,0.3000,false
V4T004203,50.019243,-46.672517,LRG,0.50470544,1.0000,false
V4T004204,345.569903,-32.300806,BGS,1.47358770,0.4500,true
V4T004205,348.186598,-35.413321,QSO,0.26443779,1.7000,false
V4T004206,351.849495,-31.596021,Star,4.89122171,0.3000,false
V4T004207,36.806652,-54.255426,LRG,0.25410944,1.0000,false
V4T004208,345.073576,-29.044519,ELG,0.26146530,1.0000,true
V4T004209,42.553119,-54.367255,ELG,0.46704003,1.0000,false
V4T004210,47.072865,-45.489075,BGS,1.33774788,0.4500,false
V4T004211,33.764806,-43.235887,QSO,0.21456034,1.7000,false
V4T004212,44.350854,-47.463574,ELG,0.35170374,1.0000,false
V4T004213,338.878249,-31.073262,QSO,0.25266773,1.7000,false
V4T004214,335.435235,-31.156000,ELG,0.45390067,1.0000,false
V4T004215,31.161549,-57.390745,QSO,0.32513391,1.7000,false
V4T004216,355.723938,-24.251234,QSO,0.18817675,1.7000,false
V4T004217,31.797181,-41.046867,Star,3.10109175,0.3000,false
V4T004218,351.290971,-37.437083,ELG,0.50239357,1.0000,false
V4T004219,2.795368,-27.107031,QSO,0.36647227,1.7000,false
V4T004220,36.827254,-52.258156,BGS,1.51484919,0.4500,false
V4T004221,51.824328,-55.771774,ELG,0.40241977,1.0000,false
V4T004222,348.958513,-17.448173,ELG,0.77265945,1.0000,false
V4T004223,353.874807,-38.030629,ELG,0.37827010,1.0000,false
V4T004224,348.377486,-14.999977,Star,4.88364544,0.3000,false
V4T004225,32.313493,-51.181385,ELG,0.70216110,1.0000,false
V4T004226,340.853928,-16.902603,ELG,1.03953679,1.0000,true
V4T004227,359.101873,-30.741365,ELG,0.42548426,1.0000,false
V4T004228,1.464170,-22.007980,ELG,0.79382273,1.0000,false
V4T004229,0.437512,-33.784703,ELG,0.35518152,1.0000,false
V4T004230,355.974968,-25.374260,ELG,0.43706195,1.0000,false
V4T004231,350.737614,-23.172013,LRG,0.23692421,1.0000,false
V4T004232,355.571955,-34.259727,BGS,0.95283028,0.4500,true
V4T004233,350.047819,-38.196507,LRG,0.25041415,1.0000,false
V4T004234,31.143728,-58.224830,ELG,0.55745439,1.0000,false
V4T004235,32.560247,-37.517848,ELG,1.14621399,1.0000,false
V4T004236,339.043414,-18.371494,ELG,0.46441111,1.0000,false
V4T004237,30.361001,-55.840472,LRG,0.41478409,1.0000,false
V4T004238,344.867879,-19.698390,ELG,0.48180770,1.0000,false
V4T004239,355.769674,-38.770248,Star,5.18602548,0.3000,false
V4T004240,335.145575,-30.691382,LRG,0.38166068,1.0000,true
V4T004241,335.515636,-27.977671,ELG,0.88183731,1.0000,false
V4T004242,345.664369,-22.804420,ELG,0.75124636,1.0000,false
V4T004243,335.959521,-29.809536,BGS,1.44739958,0.4500,false
V4T004244,40.438871,-56.423145,LRG,0.32281720,1.0000,false
V4T004245,353.395477,-15.438981,LRG,0.39943012,1.0000,false
V4T004246,31.789410,-46.668278,ELG,0.81973902,1.0000,false
V4T004247,43.432635,-55.012361,LRG,0.21875008,1.0000,false
V4T004248,350.775625,-12.296118,ELG,0.58543432,1.0000,false
V4T004249,346.117986,-20.961536,ELG,0.55272199,1.0000,false
V4T004250,50.751200,-49.005872,BGS,1.01779255,0.4500,false
V4T004251,2.883265,-23.646447,ELG,0.54348371,1.0000,false
V4T004252,354.533130,-34.080988,ELG,0.28811904,1.0000,true
V4T004253,339.815670,-33.748242,BGS,2.62458668,0.4500,false
V4T004254,354.828699,-26.904011,ELG,0.68634619,1.0000,false
V4T004255,343.696805,-37.893836,ELG,0.27962726,1.0000,false
V4T004256,49.994585,-44.698526,ELG,0.47363393,1.0000,false
V4T004257,22.766840,-51.641963,LRG,0.48569244,1.0000,false
V4T004258,37.867519,-58.450312,LRG,0.39381043,1.0000,false
V4T004259,38.628471,-52.726030,ELG,0.57063424,1.0000,false
V4T004260,31.770628,-49.238373,LRG,0.33772196,1.0000,false
V4T004261,354.950036,-34.769413,QSO,0.11408709,1.7000,false
V4T004262,22.643608,-48.861709,LRG,0.21907425,1.0000,false
V4T004263,338.777135,-36.803045,ELG,0.29272321,1.0000,false
V4T004264,336.375249,-33.658604,BGS,1.46054396,0.4500,false
V4T004265,348.900291,-12.304772,BGS,2.02392367,0.4500,false
V4T004266,359.547874,-35.338088,ELG,0.92342296,1.0000,false
V4T004267,359.882238,-35.987325,Star,3.39913379,0.3000,false
V4T004268,351.040504,-14.661215,LRG,0.39937794,1.0000,false
V4T004269,349.654924,-34.666807,BGS,0.69649575,0.4500,false
V4T004270,354.508982,-35.971747,BGS,0.65769007,0.4500,false
V4T004271,31.784506,-59.909783,QSO,0.21839481,1.7000,false
V4T004272,359.710431,-17.220499,ELG,0.77729582,1.0000,false
V4T004273,353.775760,-23.704033,BGS,1.32144167,0.4500,false
V4T004274,354.903927,-34.883083,LRG,0.47929683,1.0000,false
V4T004275,38.549394,-42.111624,LRG,0.36582603,1.0000,false
V4T004276,355.172992,-34.574155,ELG,0.46026462,1.0000,false
V4T004277,346.486004,-33.938887,ELG,0.32269096,1.0000,false
V4T004278,345.120588,-37.219984,LRG,0.33329789,1.0000,false
V4T004279,352.640403,-39.614264,ELG,0.85685764,1.0000,false
V4T004280,30.742739,-59.742629,LRG,0.40573931,1.0000,false
V4T004281,46.589588,-52.225685,QSO,0.29605592,1.7000,false
V4T004282,351.640902,-37.261169,BGS,0.96856382,0.4500,false
V4T004283,356.150214,-31.194786,ELG,0.67842825,1.0000,false
V4T004284,21.252425,-48.569155,BGS,1.77457352,0.4500,false
V4T004285,355.517491,-30.953938,Star,4.71176252,0.3000,false
V4T004286,30.576541,-62.196833,LRG,0.50629139,1.0000,false
V4T004287,34.850768,-37.026518,BGS,0.90274423,0.4500,false
V4T004288,345.704393,-27.865636,LRG,0.44534867,1.0000,true
V4T004289,343.671603,-15.892183,LRG,0.64155563,1.0000,false
V4T004290,343.005001,-15.645193,LRG,0.29044787,1.0000,false
V4T004291,31.777526,-45.260134,QSO,0.14483581,1.7000,false
V4T004292,355.788996,-34.352492,BGS,1.43547439,0.4500,false
V4T004293,353.594316,-38.197435,ELG,0.37277168,1.0000,false
V4T004294,354.232656,-35.454423,LRG,0.31154571,1.0000,false
V4T004295,341.869547,-15.292752,Star,2.85180089,0.3000,false
V4T004296,32.788611,-62.122107,QSO,0.17182315,1.7000,false
V4T004297,347.876631,-36.222776,QSO,0.20636310,1.7000,false
V4T004298,354.326802,-12.467680,QSO,0.26006097,1.7000,false
V4T004299,357.523515,-34.750897,ELG,0.53486767,1.0000,false
V4T004300,356.364272,-23.408086,ELG,0.92909667,1.0000,false
V4T004301,27.285595,-37.811534,BGS,1.63951308,0.4500,false
V4T004302,342.389295,-26.657926,BGS,1.66265692,0.4500,false
V4T004303,358.417726,-26.012437,ELG,0.53834385,1.0000,false
V4T004304,45.751003,-56.853074,QSO,0.16655645,1.7000,false
V4T004305,348.949816,-40.301578,BGS,1.49262717,0.4500,false
V4T004306,344.881661,-20.704539,QSO,0.55310754,1.7000,false
V4T004307,44.402937,-40.926332,LRG,0.25250869,1.0000,false
V4T004308,345.654523,-20.818555,ELG,0.31977925,1.0000,false
V4T004309,346.037674,-20.212739,LRG,0.27199711,1.0000,false
V4T004310,36.504371,-52.718102,QSO,0.18062314,1.7000,false
V4T004311,41.225588,-57.587978,BGS,0.90994495,0.4500,false
V4T004312,358.238063,-26.311228,BGS,2.47538252,0.4500,false
V4T004313,357.335128,-36.363772,QSO,0.09624611,1.7000,false
V4T004314,49.381597,-57.199638,QSO,0.18434341,1.7000,false
V4T004315,349.393701,-35.981557,BGS,0.85495432,0.4500,false
V4T004316,24.377575,-59.288314,LRG,0.26577107,1.0000,false
V4T004317,31.109717,-35.950590,Star,2.94484963,0.3000,true
V4T004318,352.600536,-38.700896,BGS,1.00829533,0.4500,false
V4T004319,29.646513,-48.419168,LRG,0.30952426,1.0000,false
V4T004320,353.959911,-20.604506,ELG,0.42857348,1.0000,false
V4T004321,354.476148,-12.687148,ELG,0.54258052,1.0000,false
V4T004322,358.731551,-26.095739,ELG,0.47939183,1.0000,false
V4T004323,357.792672,-16.464322,BGS,1.06174614,0.4500,false
V4T004324,354.146866,-34.736121,LRG,0.34390422,1.0000,false
V4T004325,350.825362,-22.919021,BGS,0.93634647,0.4500,false
V4T004326,22.190438,-49.514476,BGS,0.79948830,0.4500,false
V4T004327,357.992437,-26.371999,ELG,0.43720134,1.0000,false
V4T004328,344.254117,-13.893438,ELG,0.53249891,1.0000,false
V4T004329,344.805481,-30.958250,QSO,0.21589074,1.7000,false
V4T004330,347.079197,-37.333233,ELG,0.48440340,1.0000,false
V4T004331,358.664274,-20.042305,QSO,0.13799327,1.7000,false
V4T004332,351.198660,-39.470991,ELG,0.76914233,1.0000,false
V4T004333,42.185335,-56.504016,ELG,0.83529712,1.0000,false
V4T004334,345.127906,-19.984400,LRG,0.14770679,1.0000,false
V4T004335,48.716546,-57.913672,BGS,0.95916483,0.4500,false
V4T004336,46.192750,-44.882229,ELG,1.31858927,1.0000,false
V4T004337,347.899310,-18.341481,ELG,0.39870112,1.0000,false
V4T004338,34.316639,-35.585995,ELG,0.79820427,1.0000,false
V4T004339,359.740673,-16.813945,ELG,0.53690016,1.0000,false
V4T004340,350.892708,-12.976339,ELG,0.80019183,1.0000,false
V4T004341,2.224280,-31.350376,ELG,0.43433094,1.0000,false
V4T004342,345.812813,-15.283412,BGS,1.51006243,0.4500,false
V4T004343,50.656220,-44.653044,ELG,0.50835942,1.0000,false
V4T004344,22.375433,-49.479309,Star,2.75866231,0.3000,false
V4T004345,44.570319,-49.257162,QSO,0.12949058,1.7000,false
V4T004346,347.800824,-33.008438,BGS,1.15169334,0.4500,false
V4T004347,30.873816,-42.435837,QSO,0.14339122,1.7000,false
V4T004348,352.516676,-38.111249,Star,3.74028320,0.3000,false
V4T004349,342.205494,-14.175258,BGS,1.13536699,0.4500,false
V4T004350,33.974589,-48.753554,ELG,0.34656420,1.0000,false
V4T004351,51.032594,-43.076949,BGS,1.54546839,0.4500,false
V4T004352,338.748226,-31.058704,ELG,1.03377016,1.0000,false
V4T004353,31.298460,-60.396497,Star,4.13698589,0.3000,false
V4T004354,50.088999,-43.218702,QSO,0.11764134,1.7000,false
V4T004355,350.385505,-16.148606,BGS,1.41206070,0.4500,false
V4T004356,341.386474,-33.908007,BGS,1.35852559,0.4500,false
V4T004357,50.471528,-44.368276,ELG,0.38341747,1.0000,true
V4T004358,32.756951,-37.297863,ELG,0.53732264,1.0000,false
V4T004359,44.532019,-43.372899,QSO,0.26967505,1.7000,true
V4T004360,359.077168,-27.733297,LRG,0.18683535,1.0000,true
V4T004361,354.858028,-31.069546,BGS,0.95688119,0.4500,false
V4T004362,45.231269,-46.711695,ELG,0.46184092,1.0000,false
V4T004363,351.392805,-23.415441,ELG,0.49347837,1.0000,false
V4T004364,49.948037,-52.906292,LRG,0.56157297,1.0000,false
V4T004365,353.188687,-39.390629,ELG,0.46825449,1.0000,false
V4T004366,0.209497,-19.818519,ELG,0.95074160,1.0000,false
V4T004367,344.544689,-27.997980,ELG,0.69816112,1.0000,false
V4T004368,350.275095,-36.111350,ELG,0.36583871,1.0000,false
V4T004369,32.177633,-46.629743,LRG,0.51006057,1.0000,false
V4T004370,352.035558,-36.642882,QSO,0.32028168,1.7000,false
V4T004371,334.850797,-31.957350,ELG,0.63343050,1.0000,false
V4T004372,341.308285,-37.296036,BGS,0.83998069,0.4500,false
V4T004373,350.773875,-32.537602,QSO,0.21569439,1.7000,false
V4T004374,34.150776,-50.134646,ELG,1.21953327,1.0000,false
V4T004375,345.128370,-19.749159,BGS,1.63584404,0.4500,false
V4T004376,29.055374,-51.087693,Star,2.60417198,0.3000,false
V4T004377,1.500833,-28.099611,LRG,0.39045134,1.0000,false
V4T004378,30.616886,-59.182165,QSO,0.18688794,1.7000,false
V4T004379,335.061406,-29.132182,Star,3.88259990,0.3000,false
V4T004380,352.881320,-22.186553,Star,2.90628953,0.3000,false
V4T004381,356.589442,-34.791498,ELG,0.61086381,1.0000,false
V4T004382,38.874085,-56.257248,BGS,1.34689832,0.4500,false
V4T004383,33.062653,-39.910888,ELG,0.54905057,1.0000,false
V4T004384,354.452525,-35.431542,BGS,2.30318354,0.4500,false
V4T004385,342.760054,-28.818924,BGS,0.81728871,0.4500,false
V4T004386,344.806681,-25.705604,ELG,1.07247392,1.0000,false
V4T004387,342.152943,-18.647805,BGS,1.26938570,0.4500,true
V4T004388,357.796133,-26.320814,LRG,0.28951423,1.0000,false
V4T004389,39.869615,-49.764094,ELG,0.64501986,1.0000,false
V4T004390,29.996248,-59.337571,LRG,0.39731134,1.0000,false
V4T004391,336.928251,-25.613925,Star,4.06147271,0.3000,false
V4T004392,344.222195,-30.632354,ELG,0.74104926,1.0000,false
V4T004393,350.813005,-35.441637,ELG,0.50375793,1.0000,false
V4T004394,38.787237,-36.089755,ELG,0.29970831,1.0000,false
V4T004395,344.909716,-20.848952,ELG,1.02824028,1.0000,false
V4T004396,26.068700,-44.807371,BGS,1.49460372,0.4500,false
V4T004397,346.034399,-19.701056,LRG,0.27974450,1.0000,false
V4T004398,354.866381,-17.085360,ELG,0.70680825,1.0000,false
V4T004399,358.220125,-34.648517,ELG,0.51683146,1.0000,false
V4T004400,350.325283,-16.983607,QSO,0.16658799,1.7000,false
V4T004401,32.405274,-36.956322,ELG,0.56465729,1.0000,false
V4T004402,342.273331,-26.337314,BGS,0.83682747,0.4500,false
V4T004403,335.369458,-30.701756,ELG,0.35107421,1.0000,false
V4T004404,28.072000,-40.913668,BGS,2.70102413,0.4500,false
V4T004405,346.734532,-13.009177,ELG,0.47976811,1.0000,false
V4T004406,39.869394,-53.918776,ELG,0.53822885,1.0000,false
V4T004407,355.927332,-19.705269,ELG,1.13251795,1.0000,false
V4T004408,45.174268,-44.608757,ELG,0.35712439,1.0000,false
V4T004409,352.196208,-23.829906,ELG,0.62280236,1.0000,false
V4T004410,353.357901,-39.039090,LRG,0.34803410,1.0000,false
V4T004411,334.750424,-25.720867,BGS,1.32050917,0.4500,false
V4T004412,345.128722,-28.229707,ELG,0.58779547,1.0000,false
V4T004413,359.760959,-24.430625,LRG,0.23682326,1.0000,false
V4T004414,337.840872,-27.693627,ELG,0.75738769,1.0000,false
V4T004415,340.942096,-16.945894,ELG,0.93258213,1.0000,false
V4T004416,351.750940,-38.958310,BGS,0.91746435,0.4500,false
V4T004417,345.230806,-36.579409,QSO,0.21107602,1.7000,false
V4T004418,31.147282,-59.220426,LRG,0.57804085,1.0000,false
V4T004419,47.002440,-58.072726,LRG,0.38066157,1.0000,false
V4T004420,351.179140,-17.101569,BGS,1.94453574,0.4500,false
V4T004421,352.203696,-14.181709,LRG,0.26209302,1.0000,false
V4T004422,30.495727,-43.542686,ELG,0.57496203,1.0000,false
V4T004423,338.284110,-23.133982,BGS,1.94372718,0.4500,false
V4T004424,345.083995,-12.908688,ELG,0.89941270,1.0000,false
V4T004425,31.352474,-59.663556,ELG,0.99648744,1.0000,false
V4T004426,349.871951,-37.289445,LRG,0.79426371,1.0000,true
V4T004427,28.456204,-47.484546,LRG,0.63809438,1.0000,false
V4T004428,356.108842,-34.219637,LRG,0.45509316,1.0000,false
V4T004429,355.400010,-19.567427,BGS,1.12360963,0.4500,false
V4T004430,342.845747,-30.860036,QSO,0.29403156,1.7000,false
V4T004431,340.607414,-18.846077,ELG,0.91347823,1.0000,false
V4T004432,338.831318,-33.019280,ELG,0.47006234,1.0000,false
V4T004433,335.488550,-31.417714,ELG,0.15978982,1.0000,false
V4T004434,351.499666,-38.974210,BGS,1.24731364,0.4500,false
V4T004435,46.145387,-54.390453,ELG,0.43962811,1.0000,false
V4T004436,352.857006,-19.697691,ELG,0.31982511,1.0000,false
V4T004437,41.117837,-47.576027,QSO,0.12968053,1.7000,false
V4T004438,31.659352,-49.265872,QSO,0.12191392,1.7000,true
V4T004439,350.922096,-35.969213,LRG,0.47336855,1.0000,false
V4T004440,43.221514,-53.796444,Star,2.95544909,0.3000,false
V4T004441,344.309316,-25.144008,ELG,0.65726637,1.0000,false
V4T004442,41.679366,-37.949601,BGS,1.87181652,0.4500,false
V4T004443,24.541365,-41.257049,ELG,0.98456480,1.0000,false
V4T004444,335.463016,-27.281784,Star,3.74586337,0.3000,false
V4T004445,44.703573,-38.788929,ELG,0.58669028,1.0000,false
V4T004446,32.125383,-36.719015,QSO,0.27984107,1.7000,false
V4T004447,50.138323,-44.547065,LRG,0.28583324,1.0000,false
V4T004448,350.816732,-38.766058,BGS,0.64722675,0.4500,false
V4T004449,357.462209,-15.834856,ELG,0.44294830,1.0000,false
V4T004450,352.094675,-38.517138,ELG,0.61275585,1.0000,false
V4T004451,28.810993,-41.848065,ELG,0.29928218,1.0000,false
V4T004452,348.223455,-21.022904,ELG,0.88955904,1.0000,false
V4T004453,353.508762,-37.418852,ELG,0.72293560,1.0000,false
V4T004454,30.637470,-53.599978,ELG,0.75803017,1.0000,false
V4T004455,51.615422,-46.628369,LRG,0.21132491,1.0000,false
V4T004456,335.222906,-30.107808,LRG,0.18043340,1.0000,false
V4T004457,41.099559,-45.781539,ELG,1.19739608,1.0000,false
V4T004458,40.722350,-55.907273,QSO,0.10253566,1.7000,false
V4T004459,39.401696,-60.407284,ELG,0.48230790,1.0000,false
V4T004460,351.152821,-38.630150,LRG,0.14729104,1.0000,false
V4T004461,46.145444,-44.333912,LRG,0.24962094,1.0000,false
V4T004462,29.201572,-42.557606,ELG,0.63517685,1.0000,false
V4T004463,49.664329,-44.708837,Star,4.12500819,0.3000,false
V4T004464,31.186226,-38.277553,ELG,0.45976749,1.0000,false
V4T004465,351.160068,-38.891478,Star,3.04821115,0.3000,false
V4T004466,49.391978,-45.345633,LRG,0.33582920,1.0000,false
V4T004467,43.976690,-45.486228,LRG,0.36859445,1.0000,false
V4T004468,345.338770,-19.516279,LRG,0.22113936,1.0000,false
V4T004469,32.113385,-59.868200,BGS,1.64876207,0.4500,false
V4T004470,354.099421,-38.608946,BGS,1.23016173,0.4500,false
V4T004471,350.654103,-35.272325,QSO,0.42752152,1.7000,false
V4T004472,23.550127,-39.943002,ELG,0.67169487,1.0000,false
V4T004473,345.356274,-20.263010,LRG,0.46336609,1.0000,false
V4T004474,346.640468,-27.807754,ELG,0.32301904,1.0000,false
V4T004475,50.770793,-50.023386,QSO,0.40317036,1.7000,false
V4T004476,44.962014,-42.297945,ELG,0.45190369,1.0000,false
V4T004477,35.041588,-56.763319,ELG,0.83326362,1.0000,false
V4T004478,353.543264,-21.230160,LRG,0.30221223,1.0000,false
V4T004479,28.433319,-43.999120,Star,2.35540807,0.3000,false
V4T004480,41.423258,-57.717410,BGS,1.59320969,0.4500,false
V4T004481,352.655388,-38.972613,LRG,0.39439209,1.0000,false
V4T004482,27.623635,-54.619278,BGS,1.15073253,0.4500,false
V4T004483,39.109364,-52.851762,BGS,1.51175799,0.4500,false
V4T004484,344.196289,-13.949989,BGS,1.21107122,0.4500,false
V4T004485,48.467133,-50.596725,QSO,0.33213649,1.7000,false
V4T004486,31.388359,-53.092988,Star,3.51827997,0.3000,false
V4T004487,347.804981,-31.155538,ELG,0.46836532,1.0000,false
V4T004488,40.350695,-58.023599,ELG,0.64084149,1.0000,false
V4T004489,351.691943,-39.279385,Star,2.80578963,0.3000,false
V4T004490,353.599587,-29.202197,ELG,0.94971035,1.0000,false
V4T004491,338.464706,-20.772449,LRG,0.28477883,1.0000,false
V4T004492,38.076738,-51.717990,Star,5.62494620,0.3000,false
V4T004493,351.671900,-14.455269,Star,3.55101651,0.3000,false
V4T004494,358.006998,-18.916471,LRG,0.56988278,1.0000,false
V4T004495,345.213126,-29.426181,ELG,0.72630443,1.0000,false
V4T004496,22.206918,-48.089405,ELG,0.38724851,1.0000,false
V4T004497,344.884604,-27.456296,QSO,0.22915669,1.7000,false
V4T004498,353.901650,-35.329376,ELG,0.82265594,1.0000,false
V4T004499,346.553486,-24.837692,LRG,0.21992494,1.0000,false
V4T004500,346.000954,-20.746280,Star,3.28931931,0.3000,false
V4T004501,40.468861,-45.085160,BGS,1.24287255,0.4500,false
V4T004502,339.830117,-25.181456,QSO,0.20923752,1.7000,false
V4T004503,349.229912,-22.330753,BGS,1.63757670,0.4500,false
V4T004504,351.193239,-36.580760,QSO,0.34566072,1.7000,false
V4T004505,33.247255,-37.595078,BGS,2.91860844,0.4500,false
V4T004506,21.444811,-51.093651,BGS,1.45707038,0.4500,false
V4T004507,354.231236,-36.351702,QSO,0.12721839,1.7000,false
V4T004508,32.907573,-58.684067,ELG,0.76802759,1.0000,false
V4T004509,350.227486,-36.614746,Star,3.26183558,0.3000,false
V4T004510,32.262461,-58.619942,BGS,1.39505451,0.4500,false
V4T004511,338.089498,-30.751150,QSO,0.14709514,1.7000,true
V4T004512,46.722351,-43.774815,BGS,0.92929300,0.4500,false
V4T004513,27.180753,-44.835179,BGS,1.61046103,0.4500,false
V4T004514,34.293356,-45.581926,BGS,1.05745303,0.4500,false
V4T004515,3.545548,-33.673025,ELG,0.43747242,1.0000,false
V4T004516,343.302514,-37.834581,Star,3.33757511,0.3000,false
V4T004517,347.374244,-40.040177,BGS,1.28104038,0.4500,false
V4T004518,23.646362,-51.206976,BGS,0.84524948,0.4500,false
V4T004519,31.182118,-46.557026,ELG,0.51754264,1.0000,false
V4T004520,25.585595,-37.857842,LRG,0.47419676,1.0000,false
V4T004521,38.177717,-55.507413,LRG,0.37920759,1.0000,false
V4T004522,35.531025,-45.940955,Star,2.68539335,0.3000,true
V4T004523,33.128892,-36.843461,LRG,0.39187741,1.0000,false
V4T004524,2.550790,-23.377613,ELG,0.83741494,1.0000,false
V4T004525,46.604731,-47.661365,ELG,0.26591768,1.0000,false
V4T004526,346.907400,-33.279372,ELG,0.76652719,1.0000,false
V4T004527,340.647289,-27.811513,Star,3.98889046,0.3000,false
V4T004528,27.160848,-40.260143,ELG,0.49946058,1.0000,false
V4T004529,1.982566,-19.441631,LRG,0.24251750,1.0000,false
V4T004530,349.914337,-36.309564,BGS,1.09076248,0.4500,false
V4T004531,346.074208,-28.205885,ELG,0.40414805,1.0000,false
V4T004532,25.093176,-40.931221,ELG,0.56341528,1.0000,false
V4T004533,344.996550,-18.418586,Star,3.63368550,0.3000,false
V4T004534,344.727051,-20.253859,ELG,0.56960860,1.0000,false
V4T004535,35.360650,-60.178909,Star,4.30511396,0.3000,false
V4T004536,342.641169,-35.296441,Star,5.21010642,0.3000,false
V4T004537,46.770301,-42.437627,Star,4.48842232,0.3000,false
V4T004538,344.557919,-15.478333,ELG,0.65061483,1.0000,false
V4T004539,46.189737,-60.514747,Star,3.88262469,0.3000,false
V4T004540,343.639504,-19.300068,Star,2.50554532,0.3000,false
V4T004541,337.322262,-19.421053,QSO,0.19467865,1.7000,true
V4T004542,359.266338,-37.029389,Star,4.00030174,0.3000,false
V4T004543,353.967527,-37.864734,ELG,0.57695213,1.0000,false
V4T004544,353.644217,-38.303991,ELG,0.56302531,1.0000,false
V4T004545,24.262430,-52.993537,ELG,0.61991952,1.0000,false
V4T004546,356.499456,-15.702148,BGS,1.27651417,0.4500,false
V4T004547,33.686383,-37.069822,QSO,0.48363515,1.7000,true
V4T004548,345.065784,-13.043064,ELG,0.75180690,1.0000,false
V4T004549,339.444063,-31.577596,ELG,0.39058376,1.0000,false
V4T004550,345.519905,-20.304362,QSO,0.28235918,1.7000,false
V4T004551,21.973282,-57.931264,BGS,1.19963923,0.4500,false
V4T004552,43.796945,-39.190069,BGS,1.56116836,0.4500,false
V4T004553,351.428360,-35.358044,LRG,0.34741556,1.0000,true
V4T004554,356.197838,-18.929957,BGS,1.20020678,0.4500,false
V4T004555,342.727034,-29.240958,LRG,0.25002292,1.0000,false
V4T004556,1.553839,-21.519436,QSO,0.20790374,1.7000,false
V4T004557,21.275409,-54.458633,ELG,0.25455322,1.0000,false
V4T004558,345.730046,-20.856452,ELG,0.41564063,1.0000,false
V4T004559,347.596918,-14.821298,ELG,0.72345184,1.0000,false
V4T004560,42.027683,-41.412889,LRG,0.31038665,1.0000,false
V4T004561,351.401540,-30.708446,LRG,0.59282548,1.0000,false
V4T004562,37.207286,-46.944751,BGS,1.13698150,0.4500,false
V4T004563,355.423310,-35.164073,Star,2.78886904,0.3000,false
V4T004564,40.591264,-58.942665,ELG,0.48945979,1.0000,false
V4T004565,28.112629,-39.040453,BGS,1.02298052,0.4500,false
V4T004566,34.946647,-48.355514,ELG,0.46453526,1.0000,false
V4T004567,23.782618,-39.669473,LRG,0.31804114,1.0000,false
V4T004568,32.361649,-36.425147,ELG,0.54108874,1.0000,false
V4T004569,43.156369,-43.220917,QSO,0.05657742,1.7000,false
V4T004570,351.354676,-36.325721,BGS,1.23122523,0.4500,false
V4T004571,353.686799,-37.942104,LRG,0.41523368,1.0000,false
V4T004572,40.374464,-57.510488,BGS,0.88716820,0.4500,false
V4T004573,357.142574,-34.724222,LRG,0.34412261,1.0000,false
V4T004574,345.756879,-28.315005,BGS,1.06631131,0.4500,false
V4T004575,358.388149,-26.755304,LRG,0.42757713,1.0000,false
V4T004576,357.724400,-32.933703,Star,3.54412521,0.3000,false
V4T004577,50.189557,-44.518058,ELG,0.20493549,1.0000,false
V4T004578,343.247235,-23.522046,BGS,0.92528893,0.4500,false
V4T004579,24.502193,-47.444841,Star,4.71441566,0.3000,false
V4T004580,354.925778,-33.709229,ELG,0.59694396,1.0000,false
V4T004581,31.638963,-44.073900,LRG,0.39586991,1.0000,false
V4T004582,2.522043,-20.093778,ELG,0.37154829,1.0000,false
V4T004583,354.413522,-14.699205,Star,4.48401549,0.3000,true
V4T004584,345.756098,-37.830937,LRG,0.33458165,1.0000,false
V4T004585,345.352055,-20.960818,LRG,0.28304384,1.0000,false
V4T004586,353.493296,-34.596320,Star,3.38545161,0.3000,false
V4T004587,353.940386,-38.091043,BGS,1.19081130,0.4500,false
V4T004588,36.172613,-47.243839,ELG,0.52980190,1.0000,false
V4T004589,23.834091,-44.142161,LRG,0.46908863,1.0000,false
V4T004590,37.672599,-42.315567,LRG,0.31321115,1.0000,false
V4T004591,336.912647,-33.890009,LRG,0.55016951,1.0000,false
V4T004592,344.098235,-28.722127,BGS,1.57778925,0.4500,false
V4T004593,344.881582,-30.752446,ELG,0.86694059,1.0000,false
V4T004594,340.304499,-21.369766,QSO,0.28103182,1.7000,false
V4T004595,354.721841,-38.129791,ELG,0.54076979,1.0000,true
V4T004596,351.083949,-22.415225,BGS,0.55556748,0.4500,false
V4T004597,0.096320,-22.607979,QSO,0.12264242,1.7000,false
V4T004598,23.286410,-50.692435,ELG,0.80970590,1.0000,false
V4T004599,337.984773,-19.171124,LRG,0.24201364,1.0000,false
V4T004600,49.767833,-44.280144,BGS,1.16381524,0.4500,false
V4T004601,341.130668,-31.546787,Star,4.68280478,0.3000,false
V4T004602,347.019194,-33.078581,QSO,0.22918370,1.7000,false
V4T004603,356.415288,-35.534513,ELG,0.60091730,1.0000,false
V4T004604,339.379268,-22.226266,ELG,0.85553260,1.0000,false
V4T004605,351.215071,-36.086021,LRG,0.37834802,1.0000,false
V4T004606,345.787540,-24.187559,BGS,0.93304858,0.4500,false
V4T004607,351.371607,-28.968013,ELG,0.52174744,1.0000,false
V4T004608,348.158007,-32.034512,LRG,0.38765563,1.0000,false
V4T004609,3.932130,-32.783693,BGS,1.44223505,0.4500,false
V4T004610,24.858842,-60.252461,ELG,0.22181012,1.0000,false
V4T004611,345.577933,-28.286096,ELG,0.57622821,1.0000,false
V4T004612,338.267496,-28.814522,Star,4.31918263,0.3000,true
V4T004613,48.652617,-52.696687,ELG,0.62331712,1.0000,false
V4T004614,355.433409,-34.717337,BGS,1.33559933,0.4500,false
V4T004615,22.828527,-41.781005,ELG,0.73389190,1.0000,false
V4T004616,351.219880,-36.489641,BGS,0.81521311,0.4500,false
V4T004617,353.369474,-35.023468,ELG,0.79064577,1.0000,false
V4T004618,340.970951,-37.722390,LRG,0.58283941,1.0000,false
V4T004619,32.384924,-41.614562,QSO,0.20231372,1.7000,false
V4T004620,31.412236,-59.185141,Star,3.49468048,0.3000,false
V4T004621,350.978667,-17.861093,ELG,0.41568694,1.0000,false
V4T004622,3.904331,-24.799919,QSO,0.31933588,1.7000,false
V4T004623,355.540379,-34.296931,ELG,0.60780422,1.0000,false
V4T004624,30.221063,-43.244380,LRG,0.40038757,1.0000,false
V4T004625,354.045883,-39.207963,ELG,0.19111795,1.0000,false
V4T004626,27.986698,-54.601893,QSO,0.14748441,1.7000,false
V4T004627,21.361568,-48.898532,QSO,0.13451977,1.7000,false
V4T004628,21.909639,-43.093422,ELG,0.62372419,1.0000,false
V4T004629,354.760447,-34.586935,BGS,1.31152230,0.4500,false
V4T004630,353.409552,-31.422182,ELG,0.72693891,1.0000,false
V4T004631,358.378030,-18.877964,QSO,0.29460339,1.7000,false
V4T004632,33.758376,-36.955695,ELG,0.31887670,1.0000,false
V4T004633,348.482762,-25.585897,ELG,0.40233004,1.0000,false
V4T004634,37.513403,-55.834813,LRG,0.27183245,1.0000,false
V4T004635,350.316078,-36.529663,LRG,0.40820205,1.0000,false
V4T004636,32.439850,-37.572482,BGS,1.24106926,0.4500,true
V4T004637,1.166761,-24.520481,LRG,0.75694832,1.0000,false
V4T004638,35.202528,-45.788025,Star,3.09826148,0.3000,false
V4T004639,344.728546,-24.119190,ELG,0.49662604,1.0000,false
V4T004640,36.799714,-51.190879,ELG,0.43968014,1.0000,false
V4T004641,340.299689,-22.602172,LRG,0.34629448,1.0000,false
V4T004642,343.781695,-33.484838,BGS,1.39936167,0.4500,false
V4T004643,51.090644,-45.166404,ELG,0.18281328,1.0000,false
V4T004644,33.688582,-61.378138,LRG,0.41604865,1.0000,false
V4T004645,24.844592,-41.715432,ELG,0.44538226,1.0000,false
V4T004646,352.395177,-24.772356,ELG,0.83844874,1.0000,false
V4T004647,40.894908,-45.200954,ELG,0.48459743,1.0000,false
V4T004648,42.181926,-44.133903,LRG,0.41352294,1.0000,false
V4T004649,33.958521,-41.415145,ELG,0.63034899,1.0000,false
V4T004650,2.164392,-25.354000,QSO,0.12188797,1.7000,false
V4T004651,31.796174,-43.377247,BGS,1.03965364,0.4500,false
V4T004652,37.208240,-44.548792,ELG,0.33119167,1.0000,false
V4T004653,34.416236,-47.243761,BGS,1.85424983,0.4500,false
V4T004654,345.050364,-28.468495,LRG,0.71222554,1.0000,false
V4T004655,31.008475,-59.633422,BGS,0.77812975,0.4500,false
V4T004656,45.788052,-38.010998,LRG,0.25335370,1.0000,false
V4T004657,49.583544,-42.359601,LRG,0.44909924,1.0000,false
V4T004658,345.410887,-20.307047,LRG,0.28005754,1.0000,false
V4T004659,344.437005,-23.890221,ELG,0.36892830,1.0000,false
V4T004660,2.705391,-32.810839,ELG,0.49364145,1.0000,false
V4T004661,349.386397,-12.547530,LRG,0.23241838,1.0000,false
V4T004662,31.831296,-59.769710,QSO,0.55263237,1.7000,false
V4T004663,43.595776,-52.523466,BGS,1.04241119,0.4500,false
V4T004664,34.856663,-43.456981,ELG,1.08018179,1.0000,false
V4T004665,36.842330,-61.335860,LRG,0.34964716,1.0000,false
V4T004666,50.040207,-44.509143,LRG,0.21516434,1.0000,false
V4T004667,348.971615,-31.149628,ELG,0.69005230,1.0000,false
V4T004668,32.848535,-36.931119,BGS,0.85733825,0.4500,false
V4T004669,350.488933,-36.787884,ELG,0.61483051,1.0000,false
V4T004670,351.222573,-36.984112,ELG,0.36692995,1.0000,false
V4T004671,354.864454,-14.414140,LRG,0.47518128,1.0000,false
V4T004672,358.116771,-26.103644,QSO,0.32095804,1.7000,false
V4T004673,358.869664,-26.256860,ELG,0.46264015,1.0000,false
V4T004674,345.242294,-20.760001,QSO,0.11461229,1.7000,false
V4T004675,356.554234,-35.119857,QSO,0.10549300,1.7000,false
V4T004676,26.448897,-51.787042,LRG,0.35039820,1.0000,false
V4T004677,33.851033,-48.722827,ELG,0.23738505,1.0000,false
V4T004678,357.683983,-26.596871,ELG,1.05915389,1.0000,false
V4T004679,38.896559,-43.254466,ELG,0.46643268,1.0000,false
V4T004680,339.293630,-28.637317,QSO,0.16390508,1.7000,false
V4T004681,353.648936,-37.695333,QSO,0.22185729,1.7000,false
V4T004682,354.579922,-36.114333,BGS,0.97928210,0.4500,false
V4T004683,354.784260,-34.597133,BGS,1.22676039,0.4500,false
V4T004684,351.047466,-20.669466,BGS,1.28937755,0.4500,true
V4T004685,20.936970,-44.319856,ELG,0.70870894,1.0000,false
V4T004686,341.032684,-29.768162,LRG,0.37346098,1.0000,false
V4T004687,345.201801,-32.271976,ELG,0.66005830,1.0000,false
V4T004688,341.960828,-36.789206,ELG,0.51445919,1.0000,false
V4T004689,350.591152,-36.589658,BGS,1.12950344,0.4500,false
V4T004690,36.908888,-36.615496,LRG,0.33495710,1.0000,false
V4T004691,35.927427,-48.306532,BGS,1.25914512,0.4500,false
V4T004692,345.899220,-28.647747,LRG,0.33588176,1.0000,false
V4T004693,355.680532,-38.149736,LRG,0.37391940,1.0000,false
V4T004694,32.623349,-58.827209,Star,6.62301975,0.3000,false
V4T004695,350.526160,-36.936282,Star,3.31521801,0.3000,false
V4T004696,345.013371,-20.525112,ELG,0.39228092,1.0000,false
V4T004697,348.397593,-30.927449,Star,3.63191396,0.3000,true
V4T004698,352.188090,-38.766970,Star,3.26701095,0.3000,false
V4T004699,353.545919,-15.313297,QSO,0.33559154,1.7000,false
V4T004700,31.416317,-54.465062,LRG,0.35614578,1.0000,false
V4T004701,336.373484,-32.375785,BGS,1.77500393,0.4500,false
V4T004702,355.864999,-17.133124,ELG,0.35667955,1.0000,false
V4T004703,350.326707,-17.070128,ELG,0.35615184,1.0000,false
V4T004704,32.443551,-36.704785,LRG,0.43292783,1.0000,false
V4T004705,24.930120,-43.145314,Star,5.98252578,0.3000,false
V4T004706,36.956833,-56.698212,BGS,0.92116337,0.4500,false
V4T004707,345.175428,-28.270199,BGS,1.23431995,0.4500,false
V4T004708,21.420979,-43.452161,ELG,0.33810291,1.0000,false
V4T004709,335.895757,-26.371866,Star,3.89123664,0.3000,false
V4T004710,42.938815,-45.859112,ELG,0.55016661,1.0000,false
V4T004711,40.322137,-51.119438,ELG,0.69304390,1.0000,false
V4T004712,32.354764,-60.281963,QSO,0.17084013,1.7000,false
V4T004713,354.241558,-26.545242,Star,3.86440037,0.3000,false
V4T004714,51.232107,-54.535486,LRG,0.18637619,1.0000,false
V4T004715,341.658117,-37.893304,ELG,0.38062509,1.0000,false
V4T004716,20.119075,-45.744880,ELG,0.53209047,1.0000,false
V4T004717,349.715765,-36.440174,LRG,0.31601527,1.0000,false
V4T004718,354.223647,-34.577460,QSO,0.34684600,1.7000,false
V4T004719,355.980447,-34.517145,BGS,1.72516042,0.4500,true
V4T004720,36.493117,-53.815645,QSO,0.05865194,1.7000,false
V4T004721,351.499981,-40.222689,Star,2.67948624,0.3000,false
V4T004722,341.905358,-14.691353,BGS,1.18962409,0.4500,false
V4T004723,349.186574,-29.843142,LRG,0.41758480,1.0000,false
V4T004724,350.136320,-22.653130,LRG,0.38176268,1.0000,false
V4T004725,32.930441,-37.077428,ELG,0.40657718,1.0000,false
V4T004726,344.084603,-13.878856,LRG,0.31582492,1.0000,false
V4T004727,32.290539,-37.312343,QSO,0.12276104,1.7000,false
V4T004728,351.575703,-39.023633,ELG,0.39987841,1.0000,false
V4T004729,354.690474,-34.993210,LRG,0.33419714,1.0000,false
V4T004730,347.863117,-32.938543,ELG,0.40141318,1.0000,false
V4T004731,355.762634,-18.139600,BGS,1.30843454,0.4500,false
V4T004732,354.490191,-34.701519,ELG,0.44677477,1.0000,false
V4T004733,349.293046,-17.559408,LRG,0.42256537,1.0000,false
V4T004734,341.637844,-25.173258,BGS,1.44649298,0.4500,false
V4T004735,351.308910,-36.688016,ELG,0.49449818,1.0000,false
V4T004736,49.811580,-44.795269,BGS,0.72592662,0.4500,false
V4T004737,350.853214,-35.477091,ELG,0.16948272,1.0000,false
V4T004738,38.421214,-61.986005,BGS,0.99653075,0.4500,false
V4T004739,51.280781,-53.445983,ELG,0.34128724,1.0000,false
V4T004740,25.869109,-37.760220,BGS,1.55353697,0.4500,false
V4T004741,354.611510,-34.092502,ELG,0.54493880,1.0000,false
V4T004742,341.693710,-25.352546,ELG,0.35928480,1.0000,false
V4T004743,350.736912,-35.811730,BGS,1.32871302,0.4500,false
V4T004744,36.011681,-49.917177,QSO,0.15299927,1.7000,false
V4T004745,22.888191,-53.852175,Star,3.36803870,0.3000,false
V4T004746,353.947717,-14.007649,ELG,0.63785796,1.0000,false
V4T004747,354.169490,-34.835724,ELG,0.69707970,1.0000,false
V4T004748,349.922479,-17.420421,ELG,0.41570605,1.0000,false
V4T004749,344.105889,-28.295526,ELG,0.23386686,1.0000,false
V4T004750,32.071183,-44.038158,ELG,0.55682461,1.0000,false
V4T004751,354.693798,-21.847834,BGS,1.43109340,0.4500,false
V4T004752,339.236828,-22.279073,BGS,1.47266942,0.4500,false
V4T004753,345.481421,-21.327023,ELG,0.69113023,1.0000,false
V4T004754,358.690659,-18.034052,Star,5.71784187,0.3000,false
V4T004755,345.486183,-21.093165,BGS,1.58334146,0.4500,false
V4T004756,347.607247,-24.099422,ELG,0.92780245,1.0000,false
V4T004757,20.706228,-44.182855,Star,6.25563703,0.3000,false
V4T004758,46.907878,-49.547243,ELG,0.58076068,1.0000,false
V4T004759,350.509357,-36.659054,ELG,0.52707582,1.0000,false
V4T004760,32.302392,-42.633855,LRG,0.23880969,1.0000,false
V4T004761,344.971522,-28.656579,ELG,0.49278902,1.0000,false
V4T004762,0.106344,-31.629163,ELG,0.90134266,1.0000,false
V4T004763,342.500588,-24.017231,BGS,1.72672981,0.4500,false
V4T004764,354.821452,-34.413942,BGS,0.85286196,0.4500,false
V4T004765,28.239110,-39.148459,LRG,0.27510662,1.0000,false
V4T004766,340.706272,-27.309081,LRG,0.40043877,1.0000,false
V4T004767,23.225907,-47.889817,LRG,0.20566978,1.0000,false
V4T004768,346.757070,-29.693318,LRG,0.45809187,1.0000,false
V4T004769,31.159009,-52.945866,QSO,0.07648472,1.7000,false
V4T004770,46.623222,-49.688204,BGS,1.47316187,0.4500,false
V4T004771,27.574559,-38.709840,ELG,0.45593360,1.0000,false
V4T004772,29.329187,-62.270235,BGS,0.99193125,0.4500,false
V4T004773,359.220118,-18.455524,LRG,0.34996798,1.0000,false
V4T004774,23.312324,-50.692234,BGS,1.05258599,0.4500,false
V4T004775,31.731155,-58.595479,ELG,0.33064224,1.0000,false
V4T004776,39.943214,-52.437761,BGS,1.44732262,0.4500,false
V4T004777,358.475008,-26.277187,ELG,0.40382547,1.0000,false
V4T004778,339.850529,-22.557924,LRG,0.59113989,1.0000,false
V4T004779,346.087847,-27.400048,ELG,0.51057568,1.0000,false
V4T004780,352.001135,-37.510845,Star,4.09372365,0.3000,false
V4T004781,39.008004,-61.335196,BGS,1.27621494,0.4500,false
V4T004782,354.492510,-35.650959,BGS,0.97160734,0.4500,false
V4T004783,353.709270,-38.548492,Star,3.72112438,0.3000,false
V4T004784,356.046874,-25.942539,BGS,0.83592763,0.4500,false
V4T004785,35.710580,-38.621879,ELG,0.89925061,1.0000,false
V4T004786,355.380748,-19.847294,ELG,1.43663942,1.0000,false
V4T004787,31.715729,-59.288728,BGS,1.16591899,0.4500,true
V4T004788,350.709973,-36.723466,LRG,0.54124080,1.0000,false
V4T004789,38.617424,-45.889397,BGS,0.72636452,0.4500,false
V4T004790,1.391302,-33.593965,ELG,0.42241443,1.0000,false
V4T004791,354.103735,-27.963913,QSO,0.20068118,1.7000,false
V4T004792,352.918715,-32.740664,LRG,0.16135294,1.0000,false
V4T004793,342.425531,-37.956662,BGS,1.39287129,0.4500,false
V4T004794,31.545622,-59.582312,BGS,0.96058220,0.4500,false
V4T004795,46.762100,-48.372579,ELG,0.56701895,1.0000,false
V4T004796,342.244135,-17.843380,ELG,0.86453656,1.0000,false
V4T004797,345.306906,-19.698112,BGS,1.22701841,0.4500,false
V4T004798,356.391760,-14.589266,QSO,0.13698232,1.7000,true
V4T004799,350.899259,-35.853895,LRG,0.81423890,1.0000,false
V4T004800,51.519452,-47.704267,QSO,0.09914574,1.7000,false
V4T004801,353.649245,-38.560512,ELG,0.39712451,1.0000,false
V4T004802,347.524934,-28.901319,ELG,0.38970268,1.0000,false
V4T004803,355.387396,-34.382782,ELG,0.66320602,1.0000,false
V4T004804,348.334914,-17.855810,LRG,0.24035860,1.0000,false
V4T004805,22.701503,-55.306746,ELG,0.90226487,1.0000,false
V4T004806,352.217214,-29.617586,ELG,0.88558443,1.0000,false
V4T004807,41.009181,-62.421628,ELG,0.42356734,1.0000,false
V4T004808,345.007326,-30.307332,ELG,0.42196447,1.0000,false
V4T004809,32.758269,-36.126695,LRG,0.32214628,1.0000,false
V4T004810,40.425813,-45.575365,ELG,0.66978071,1.0000,true
V4T004811,351.467781,-36.184420,BGS,1.64831849,0.4500,false
V4T004812,40.374396,-38.609291,BGS,1.46122172,0.4500,false
V4T004813,358.523708,-26.234215,BGS,0.99829454,0.4500,false
V4T004814,344.954479,-20.526242,LRG,0.31352384,1.0000,false
V4T004815,347.716458,-17.353818,LRG,0.35645422,1.0000,false
V4T004816,351.346007,-37.316440,ELG,0.60415098,1.0000,true
V4T004817,3.176336,-28.879462,ELG,0.64055524,1.0000,false
V4T004818,343.893929,-23.081817,LRG,0.42961794,1.0000,false
V4T004819,339.157321,-33.411498,ELG,0.37623509,1.0000,false
V4T004820,354.468451,-40.040044,LRG,0.29187801,1.0000,false
V4T004821,338.233731,-19.508196,BGS,0.99766751,0.4500,false
V4T004822,24.618113,-47.076600,BGS,0.67826386,0.4500,false
V4T004823,30.973867,-41.666569,BGS,1.82490708,0.4500,false
V4T004824,29.701108,-42.241681,BGS,1.08772624,0.4500,false
V4T004825,353.371436,-34.895041,ELG,0.70460090,1.0000,false
V4T004826,358.536191,-26.588420,BGS,1.33277276,0.4500,false
V4T004827,353.936601,-35.215841,ELG,0.44170723,1.0000,true
V4T004828,354.736336,-35.705088,BGS,1.00858693,0.4500,false
V4T004829,341.059115,-26.547676,LRG,0.40557913,1.0000,false
V4T004830,347.333309,-37.405513,LRG,0.35868269,1.0000,false
V4T004831,27.739166,-46.198955,LRG,0.17238715,1.0000,false
V4T004832,352.651460,-37.751363,QSO,0.16690428,1.7000,false
V4T004833,49.200532,-44.879055,QSO,0.13902282,1.7000,false
V4T004834,349.899386,-36.665415,LRG,0.38319861,1.0000,false
V4T004835,42.570149,-61.006755,ELG,0.52441834,1.0000,false
V4T004836,349.874675,-19.424031,QSO,0.06918337,1.7000,false
V4T004837,343.594302,-15.839421,ELG,0.63506912,1.0000,true
V4T004838,355.909710,-31.299755,QSO,0.18187062,1.7000,false
V4T004839,345.146242,-20.761302,LRG,0.51172284,1.0000,false
V4T004840,358.545430,-27.428943,ELG,0.90986961,1.0000,false
V4T004841,355.432443,-19.566118,ELG,0.38988041,1.0000,false
V4T004842,343.827508,-34.045248,BGS,1.33900072,0.4500,false
V4T004843,351.334216,-39.541957,BGS,1.32641724,0.4500,true
V4T004844,357.668382,-17.657696,Star,3.07692606,0.3000,false
V4T004845,334.997867,-31.424840,ELG,0.71293944,1.0000,false
V4T004846,358.708560,-26.186190,ELG,0.47400172,1.0000,false
V4T004847,28.141811,-61.836300,ELG,1.39962668,1.0000,false
V4T004848,345.952820,-37.464919,QSO,0.16490805,1.7000,false
V4T004849,354.287196,-34.862587,ELG,0.34236168,1.0000,true
V4T004850,358.322246,-26.639129,QSO,0.18715498,1.7000,false
V4T004851,345.475661,-15.128346,LRG,0.43542374,1.0000,true
V4T004852,22.586310,-52.796562,BGS,0.82316828,0.4500,false
V4T004853,354.095002,-30.893538,BGS,2.00422016,0.4500,false
V4T004854,338.527300,-25.936336,BGS,1.33779976,0.4500,false
V4T004855,30.477176,-54.861216,ELG,0.40876983,1.0000,false
V4T004856,352.192674,-31.422308,BGS,0.93392208,0.4500,false
V4T004857,340.829640,-24.136889,BGS,1.48585785,0.4500,false
V4T004858,358.074380,-26.244464,ELG,0.39304730,1.0000,false
V4T004859,49.627031,-45.239096,ELG,0.82482814,1.0000,false
V4T004860,31.427953,-61.088570,QSO,0.12889592,1.7000,false
V4T004861,349.642401,-12.946572,ELG,0.44750815,1.0000,false
V4T004862,36.548668,-35.656598,QSO,0.12350667,1.7000,false
V4T004863,338.852141,-34.967807,BGS,1.26898310,0.4500,false
V4T004864,344.796296,-38.608735,BGS,1.40956615,0.4500,false
V4T004865,50.010917,-44.680693,ELG,0.88112135,1.0000,false
V4T004866,358.592916,-34.050635,LRG,0.54291189,1.0000,false
V4T004867,50.383105,-44.432350,BGS,1.16214960,0.4500,false
V4T004868,355.839236,-25.749113,ELG,0.73404071,1.0000,false
V4T004869,351.734463,-15.425963,ELG,1.02683715,1.0000,false
V4T004870,26.263344,-45.686340,ELG,0.64925224,1.0000,false
V4T004871,351.853582,-25.735643,BGS,1.07763852,0.4500,false
V4T004872,359.183565,-16.632413,LRG,0.67622315,1.0000,false
V4T004873,344.391500,-20.251889,QSO,0.30892084,1.7000,false
V4T004874,359.861260,-23.775475,BGS,2.90139094,0.4500,false
V4T004875,349.886532,-39.598878,QSO,0.08905000,1.7000,false
V4T004876,35.131645,-54.135836,BGS,1.50729486,0.4500,false
V4T004877,357.981097,-26.081188,LRG,0.22612387,1.0000,false
V4T004878,354.110433,-23.253424,Star,4.77967399,0.3000,false
V4T004879,351.252523,-39.286017,ELG,0.70175849,1.0000,false
V4T004880,32.289663,-37.665935,BGS,1.10643046,0.4500,false
V4T004881,23.984683,-40.209017,ELG,0.49609533,1.0000,false
V4T004882,337.122443,-24.925471,ELG,0.88590206,1.0000,false
V4T004883,34.181792,-52.949023,LRG,0.37848283,1.0000,false
V4T004884,34.321451,-41.008059,BGS,2.23068211,0.4500,false
V4T004885,354.863053,-24.133359,QSO,0.28117873,1.7000,true
V4T004886,354.597472,-38.449037,ELG,0.40076191,1.0000,true
V4T004887,26.516996,-45.196992,ELG,0.31826334,1.0000,false
V4T004888,34.601099,-59.690188,ELG,0.32159697,1.0000,false
V4T004889,345.122331,-28.949655,BGS,1.38592372,0.4500,false
V4T004890,346.692733,-40.014430,LRG,0.47686363,1.0000,false
V4T004891,32.558441,-36.265205,BGS,0.99904443,0.4500,false
V4T004892,27.776072,-54.838690,ELG,0.21155356,1.0000,false
V4T004893,48.303197,-44.012354,LRG,0.51871247,1.0000,false
V4T004894,354.617179,-35.168790,BGS,1.50485375,0.4500,false
V4T004895,343.602716,-17.268425,BGS,1.26570003,0.4500,false
V4T004896,36.429135,-58.345210,ELG,0.56418971,1.0000,false
V4T004897,43.067749,-41.144873,LRG,0.27634984,1.0000,true
V4T004898,38.390356,-37.269603,BGS,1.49082306,0.4500,false
V4T004899,37.084709,-61.872530,BGS,2.22853907,0.4500,false
V4T004900,354.258179,-34.714033,Star,3.09553526,0.3000,false
V4T004901,345.091912,-28.108787,ELG,0.76406657,1.0000,false
V4T004902,353.368647,-38.310218,LRG,0.39159627,1.0000,false
V4T004903,33.083189,-37.233515,BGS,1.31892197,0.4500,false
V4T004904,47.072915,-47.102482,QSO,0.15230837,1.7000,false
V4T004905,51.186683,-45.158706,ELG,0.53800744,1.0000,false
V4T004906,339.699796,-26.681444,LRG,0.43562364,1.0000,false
V4T004907,342.959443,-35.721979,BGS,2.00821417,0.4500,false
V4T004908,44.190808,-44.859048,ELG,0.49298670,1.0000,false
V4T004909,353.432268,-28.265846,ELG,0.97250544,1.0000,false
V4T004910,31.846908,-36.611331,QSO,0.20380978,1.7000,false
V4T004911,40.455753,-37.551727,BGS,2.03494511,0.4500,false
V4T004912,40.991791,-62.171630,ELG,0.44262451,1.0000,false
V4T004913,345.149821,-24.700175,LRG,0.47969543,1.0000,false
V4T004914,351.398376,-39.207595,ELG,0.69912941,1.0000,false
V4T004915,350.313926,-36.432142,LRG,0.40072762,1.0000,false
V4T004916,32.833659,-36.769566,ELG,0.68797096,1.0000,false
V4T004917,357.581475,-27.530362,QSO,0.19649446,1.7000,false
V4T004918,39.902259,-41.888378,Star,4.26355965,0.3000,false
V4T004919,3.245986,-34.617917,ELG,1.04823166,1.0000,true
V4T004920,358.516757,-26.945210,ELG,0.43106849,1.0000,false
V4T004921,50.560676,-45.850345,Star,4.70274449,0.3000,false
V4T004922,50.162116,-40.786886,BGS,0.58460682,0.4500,false
V4T004923,345.663934,-21.381310,BGS,1.25863658,0.4500,false
V4T004924,30.741075,-42.467474,QSO,0.65425232,1.7000,false
V4T004925,0.982765,-24.738985,ELG,0.47753583,1.0000,false
V4T004926,343.206242,-38.907335,QSO,0.11266634,1.7000,false
V4T004927,346.119035,-37.634227,QSO,0.11703697,1.7000,false
V4T004928,36.235840,-35.543088,LRG,0.57200575,1.0000,false
V4T004929,344.531373,-34.018228,LRG,0.42650108,1.0000,false
V4T004930,357.832185,-26.196393,BGS,2.48229900,0.4500,false
V4T004931,348.830099,-38.834792,BGS,1.15993387,0.4500,true
V4T004932,350.289768,-27.457456,LRG,0.48281673,1.0000,false
V4T004933,358.454842,-33.295982,ELG,0.60227646,1.0000,false
V4T004934,36.117077,-57.770249,LRG,0.79080032,1.0000,false
V4T004935,52.064005,-49.621420,ELG,0.47803402,1.0000,false
V4T004936,43.355650,-58.828215,LRG,0.59885890,1.0000,false
V4T004937,355.305848,-33.613310,LRG,0.34967994,1.0000,false
V4T004938,351.747255,-37.292536,ELG,0.35940012,1.0000,false
V4T004939,21.445697,-45.920552,BGS,1.59266295,0.4500,false
V4T004940,345.066826,-20.199913,ELG,1.17968267,1.0000,false
V4T004941,39.972447,-45.665646,ELG,0.50736134,1.0000,false
V4T004942,39.208493,-40.542020,ELG,1.26568910,1.0000,false
V4T004943,21.860280,-50.313682,ELG,0.37716935,1.0000,true
V4T004944,349.786865,-37.443045,ELG,0.73310974,1.0000,false
V4T004945,30.418074,-59.763889,QSO,0.07228612,1.7000,false
V4T004946,50.995416,-43.529357,ELG,0.69912015,1.0000,false
V4T004947,340.053178,-20.398837,BGS,1.54783317,0.4500,false
V4T004948,50.556705,-44.537537,LRG,0.39488688,1.0000,false
V4T004949,357.045606,-16.526827,ELG,1.00179300,1.0000,false
V4T004950,33.230295,-41.152361,ELG,0.33884111,1.0000,false
V4T004951,345.352057,-20.924774,ELG,0.61737179,1.0000,false
V4T004952,352.861522,-39.476122,ELG,0.83838829,1.0000,false
V4T004953,32.233425,-49.790499,ELG,0.69902309,1.0000,false
V4T004954,354.484194,-30.904067,ELG,0.88004270,1.0000,true
V4T004955,22.314094,-57.920962,QSO,0.31025723,1.7000,false
V4T004956,352.737092,-34.912709,LRG,0.22658433,1.0000,false
V4T004957,354.240503,-34.564412,ELG,1.28332877,1.0000,false
V4T004958,345.064631,-20.589422,BGS,2.64444890,0.4500,false
V4T004959,359.429206,-25.875107,ELG,0.78223895,1.0000,false
V4T004960,44.759520,-51.999665,ELG,0.51231981,1.0000,true
V4T004961,35.424366,-56.481238,LRG,0.31927550,1.0000,true
V4T004962,347.855235,-29.208247,ELG,0.59426134,1.0000,false
V4T004963,356.606092,-35.178830,QSO,0.07588503,1.7000,false
V4T004964,359.021958,-30.495958,ELG,0.70947006,1.0000,false
V4T004965,340.320638,-28.803454,LRG,0.47250033,1.0000,false
V4T004966,31.705616,-59.066658,LRG,0.21848940,1.0000,false
V4T004967,22.291513,-54.869223,QSO,0.16840817,1.7000,false
V4T004968,342.658051,-33.328133,BGS,1.36431144,0.4500,false
V4T004969,31.896480,-58.331560,ELG,0.38459100,1.0000,false
V4T004970,352.254843,-16.423615,ELG,1.07847181,1.0000,false
V4T004971,42.227733,-57.879337,QSO,0.13985715,1.7000,false
V4T004972,23.694205,-58.562267,ELG,0.63210730,1.0000,false
V4T004973,345.579552,-28.837889,BGS,0.98032369,0.4500,false
V4T004974,52.936087,-45.429943,ELG,0.79647523,1.0000,false
V4T004975,4.243276,-26.385617,QSO,0.12437097,1.7000,false
V4T004976,355.152472,-35.165117,ELG,0.27673707,1.0000,false
V4T004977,354.905174,-34.742835,BGS,1.33980969,0.4500,false
V4T004978,334.659991,-27.243767,BGS,1.27834742,0.4500,false
V4T004979,35.644691,-53.826515,BGS,1.51806907,0.4500,false
V4T004980,347.864703,-37.652544,BGS,0.85022360,0.4500,false
V4T004981,348.272525,-33.990514,ELG,0.31820786,1.0000,false
V4T004982,344.465241,-16.362928,LRG,0.19002675,1.0000,false
V4T004983,2.305664,-32.364819,ELG,0.79858213,1.0000,false
V4T004984,340.570315,-15.766325,QSO,0.08385031,1.7000,false
V4T004985,27.386704,-40.473557,BGS,0.92473701,0.4500,false
V4T004986,344.848307,-19.850954,ELG,0.29930290,1.0000,false
V4T004987,357.347811,-21.655174,LRG,0.18416867,1.0000,false
V4T004988,42.827570,-38.384405,ELG,0.37562370,1.0000,false
V4T004989,42.931682,-54.957575,QSO,0.21321610,1.7000,false
V4T004990,35.477069,-49.286236,LRG,0.37864200,1.0000,false
V4T004991,32.754904,-36.905193,ELG,0.28306470,1.0000,false
V4T004992,354.357493,-21.568365,BGS,0.96207750,0.4500,false
V4T004993,0.043926,-31.097720,QSO,0.33911630,1.7000,false
V4T004994,2.048798,-26.905276,Star,4.06789304,0.3000,false
V4T004995,31.840362,-43.619862,LRG,0.35222256,1.0000,false
V4T004996,352.135206,-30.813666,ELG,0.50345580,1.0000,true
V4T004997,344.651609,-35.739406,LRG,0.37569279,1.0000,true
V4T004998,346.657273,-20.531072,ELG,0.57867405,1.0000,false
V4T004999,354.997614,-14.379050,ELG,0.69039776,1.0000,false
V4T005000,350.611189,-36.440572,ELG,0.79313838,1.0000,false
V4T005001,353.453460,-38.377373,ELG,0.67921689,1.0000,false
V4T005002,50.130482,-54.181945,LRG,0.23679609,1.0000,false
V4T005003,353.022510,-37.781011,ELG,1.43554296,1.0000,false
V4T005004,347.629550,-15.846370,ELG,0.72759961,1.0000,false
V4T005005,336.989392,-20.582113,ELG,0.34552631,1.0000,false
V4T005006,2.469898,-31.284683,LRG,0.23347384,1.0000,false
V4T005007,349.210237,-23.972789,LRG,0.29020059,1.0000,true
V4T005008,21.231820,-47.061913,ELG,1.02805472,1.0000,false
V4T005009,334.586101,-26.473057,ELG,0.58917393,1.0000,false
V4T005010,28.963672,-44.081108,BGS,0.80731038,0.4500,false
V4T005011,39.022105,-50.536296,ELG,0.79551876,1.0000,false
V4T005012,342.750395,-21.048193,LRG,0.41326639,1.0000,false
V4T005013,355.074959,-36.254004,LRG,0.23982564,1.0000,false
V4T005014,353.913996,-31.937063,ELG,0.62069578,1.0000,false
V4T005015,1.108818,-31.157886,QSO,0.23754270,1.7000,true
V4T005016,354.999613,-34.609449,BGS,1.21834773,0.4500,false
V4T005017,353.634884,-38.588544,ELG,0.58127827,1.0000,false
V4T005018,3.421132,-33.486881,ELG,0.78632192,1.0000,false
V4T005019,34.614450,-36.965496,Star,2.83237252,0.3000,false
V4T005020,32.163547,-40.576633,QSO,0.19486220,1.7000,true
V4T005021,358.344388,-27.239104,LRG,0.28086333,1.0000,false
V4T005022,36.051179,-37.982503,LRG,0.48321821,1.0000,false
V4T005023,350.968751,-36.533146,ELG,0.65981299,1.0000,false
V4T005024,30.851562,-35.954748,LRG,0.51095204,1.0000,false
V4T005025,355.133239,-34.780901,LRG,0.36501496,1.0000,false
V4T005026,346.201583,-28.582599,BGS,1.32169568,0.4500,false
V4T005027,345.615756,-28.389038,LRG,0.37697640,1.0000,false
V4T005028,32.733710,-36.775729,ELG,0.33099462,1.0000,false
V4T005029,351.810271,-28.324702,BGS,1.62187013,0.4500,false
V4T005030,31.675298,-53.177225,LRG,0.73996401,1.0000,false
V4T005031,340.867808,-32.398609,ELG,0.33363348,1.0000,false
V4T005032,338.913657,-32.517046,LRG,0.30269154,1.0000,false
V4T005033,341.015812,-30.874133,BGS,1.09594266,0.4500,false
V4T005034,350.752939,-35.687476,ELG,0.64240342,1.0000,false
V4T005035,352.688440,-38.632845,LRG,0.30100594,1.0000,false
V4T005036,31.340346,-58.792767,BGS,1.25616318,0.4500,false
V4T005037,353.819962,-34.462254,BGS,1.14281877,0.4500,false
V4T005038,354.888065,-35.163667,QSO,0.20030758,1.7000,false
V4T005039,353.506237,-38.540585,QSO,0.19856799,1.7000,false
V4T005040,51.764042,-44.797180,BGS,0.88240196,0.4500,false
V4T005041,350.664299,-19.638604,BGS,1.32225609,0.4500,false
V4T005042,346.226737,-28.066645,LRG,0.26294319,1.0000,false
V4T005043,46.036239,-53.565699,QSO,0.37239044,1.7000,false
V4T005044,30.158268,-59.046811,BGS,1.04375300,0.4500,false
V4T005045,359.066005,-33.210853,ELG,0.59339288,1.0000,false
V4T005046,358.206211,-16.539882,ELG,1.36743233,1.0000,false
V4T005047,25.748774,-59.866357,LRG,0.52257381,1.0000,false
V4T005048,352.947100,-17.282540,LRG,0.31055307,1.0000,false
V4T005049,351.643798,-14.123613,Star,5.23893842,0.3000,false
V4T005050,350.314514,-30.283647,ELG,0.30959993,1.0000,true
V4T005051,347.417422,-20.458151,ELG,0.35478460,1.0000,false
V4T005052,340.503191,-20.219061,Star,5.13020810,0.3000,false
V4T005053,350.833400,-40.048040,Star,2.82514827,0.3000,false
V4T005054,354.379248,-15.532135,ELG,0.71069670,1.0000,false
V4T005055,346.907354,-35.994525,QSO,0.24448277,1.7000,false
V4T005056,342.622132,-25.324545,ELG,0.55129068,1.0000,false
V4T005057,49.564885,-44.593146,ELG,0.36584107,1.0000,false
V4T005058,340.892737,-24.310173,BGS,0.80120619,0.4500,false
V4T005059,345.484361,-28.223120,ELG,0.46359215,1.0000,false
V4T005060,347.616609,-30.522997,QSO,0.20588171,1.7000,false
V4T005061,340.445917,-26.885839,QSO,0.21675262,1.7000,false
V4T005062,0.958737,-17.422160,BGS,1.51727575,0.4500,false
V4T005063,348.791220,-34.525911,ELG,0.63049218,1.0000,false
V4T005064,351.470842,-36.602069,BGS,0.80178095,0.4500,false
V4T005065,354.807850,-21.254520,ELG,0.27106409,1.0000,false
V4T005066,358.930773,-25.914792,LRG,0.13898369,1.0000,false
V4T005067,342.070252,-30.963991,QSO,0.09315866,1.7000,false
V4T005068,28.034944,-57.971643,ELG,0.41162973,1.0000,false
V4T005069,344.961226,-37.704936,BGS,1.47287264,0.4500,false
V4T005070,354.175893,-34.766909,LRG,0.35687984,1.0000,false
V4T005071,359.125229,-20.739410,Star,2.06753644,0.3000,false
V4T005072,345.300097,-29.023918,BGS,1.55020990,0.4500,false
V4T005073,346.766005,-21.017914,LRG,0.29277889,1.0000,false
V4T005074,354.017069,-28.645943,ELG,0.62205520,1.0000,false
V4T005075,354.871067,-38.598038,BGS,1.38482649,0.4500,false
V4T005076,31.791738,-53.716330,QSO,0.19594264,1.7000,false
V4T005077,347.171428,-21.127433,ELG,0.27894121,1.0000,false
V4T005078,32.025609,-48.168109,QSO,0.10104813,1.7000,false
V4T005079,336.500188,-29.991244,ELG,0.49806327,1.0000,false
V4T005080,351.797921,-31.093146,ELG,0.56977724,1.0000,false
V4T005081,351.991369,-18.327974,LRG,0.30660032,1.0000,false
V4T005082,357.582071,-21.352628,ELG,0.59738671,1.0000,false
V4T005083,1.640333,-27.356275,ELG,0.95612570,1.0000,true
V4T005084,0.470014,-33.526668,ELG,0.73864268,1.0000,false
V4T005085,30.669834,-59.772342,QSO,0.15178802,1.7000,false
V4T005086,347.510115,-12.594920,ELG,0.44448610,1.0000,false
V4T005087,37.038536,-40.173722,BGS,0.86081118,0.4500,false
V4T005088,337.373581,-21.788564,LRG,0.29566742,1.0000,false
V4T005089,356.182160,-31.490169,ELG,0.36867443,1.0000,false
V4T005090,342.669716,-23.673772,Star,4.96331236,0.3000,false
V4T005091,356.181768,-23.895569,Star,4.41998202,0.3000,false
V4T005092,52.388478,-47.106759,Star,6.34069540,0.3000,false
V4T005093,346.903383,-32.513600,ELG,0.52079193,1.0000,false
V4T005094,38.050137,-52.527202,BGS,1.21087182,0.4500,false
V4T005095,44.945362,-57.903049,ELG,0.49370009,1.0000,false
V4T005096,38.828478,-58.316883,Star,4.27590139,0.3000,false
V4T005097,36.538084,-36.657935,LRG,0.52568669,1.0000,false
V4T005098,345.187445,-28.338262,LRG,0.23500312,1.0000,false
V4T005099,356.078549,-34.863889,ELG,0.69966263,1.0000,false
V4T005100,32.894157,-36.821809,BGS,1.12738895,0.4500,false
V4T005101,33.768018,-37.687350,BGS,1.90517491,0.4500,false
V4T005102,350.064954,-36.805978,BGS,1.12832423,0.4500,false
V4T005103,343.387344,-37.668403,Star,4.47255257,0.3000,true
V4T005104,50.988806,-51.059008,ELG,0.17182677,1.0000,false
V4T005105,353.675675,-36.191396,LRG,0.43693258,1.0000,false
V4T005106,42.992845,-43.620041,LRG,0.35154466,1.0000,false
V4T005107,344.669074,-28.246117,LRG,0.35328273,1.0000,false
V4T005108,348.555942,-31.770410,LRG,0.32664920,1.0000,false
V4T005109,336.859829,-23.504330,BGS,1.54512476,0.4500,false
V4T005110,39.501063,-52.912129,ELG,0.69427614,1.0000,false
V4T005111,351.041358,-40.499539,Star,5.73522118,0.3000,false
V4T005112,354.814775,-35.254077,ELG,0.79058446,1.0000,false
V4T005113,49.543838,-45.138830,LRG,0.27816733,1.0000,false
V4T005114,47.868200,-53.636125,BGS,1.87904955,0.4500,false
V4T005115,30.893417,-41.123724,LRG,0.32362522,1.0000,false
V4T005116,22.334464,-50.369635,QSO,0.26485513,1.7000,false
V4T005117,351.786140,-38.839268,BGS,1.16094935,0.4500,false
V4T005118,2.302766,-22.840151,ELG,0.46975464,1.0000,false
V4T005119,33.153782,-37.432615,BGS,1.00628377,0.4500,false
V4T005120,348.749111,-18.959529,QSO,0.14277280,1.7000,false
V4T005121,22.960413,-54.156165,BGS,1.77249280,0.4500,false
V4T005122,31.249750,-41.920224,Star,5.43236343,0.3000,false
V4T005123,359.903971,-22.714137,BGS,0.84287829,0.4500,false
V4T005124,28.324371,-57.350816,ELG,0.45694092,1.0000,false
V4T005125,39.257993,-49.063142,LRG,0.31059695,1.0000,false
V4T005126,357.905896,-19.541496,LRG,0.35206601,1.0000,false
V4T005127,355.261987,-34.953448,ELG,0.67083209,1.0000,false
V4T005128,345.376595,-20.790354,ELG,0.32238519,1.0000,false
V4T005129,353.976000,-34.792498,BGS,0.68204922,0.4500,false
V4T005130,30.234648,-57.234407,ELG,0.65081611,1.0000,false
V4T005131,339.914480,-32.977500,ELG,0.69998509,1.0000,false
V4T005132,355.474753,-34.609936,BGS,1.21383642,0.4500,false
V4T005133,353.053069,-37.923005,QSO,0.12321370,1.7000,false
V4T005134,353.360829,-27.215804,BGS,1.73404565,0.4500,false
V4T005135,37.884900,-40.913961,QSO,0.30068817,1.7000,false
V4T005136,51.152401,-44.447736,BGS,1.36944792,0.4500,false
V4T005137,349.864595,-12.089094,ELG,1.45021684,1.0000,false
V4T005138,358.264950,-32.486482,LRG,0.13615110,1.0000,false
V4T005139,352.692656,-20.706752,BGS,1.48782569,0.4500,false
V4T005140,0.569635,-32.179475,ELG,0.58483237,1.0000,false
V4T005141,43.678007,-60.699436,QSO,0.24065068,1.7000,false
V4T005142,350.850943,-38.825199,ELG,0.83958890,1.0000,false
V4T005143,33.442913,-37.286948,ELG,0.18391850,1.0000,false
V4T005144,354.686621,-21.186834,LRG,0.41565622,1.0000,false
V4T005145,47.999213,-50.350419,QSO,0.10021454,1.7000,false
V4T005146,34.313796,-62.468527,BGS,1.09015124,0.4500,false
V4T005147,48.053079,-48.594459,QSO,0.24021635,1.7000,false
V4T005148,30.438479,-59.079963,BGS,0.91418882,0.4500,false
V4T005149,336.240261,-31.186347,ELG,0.69085510,1.0000,false
V4T005150,352.322626,-35.940906,QSO,0.41667623,1.7000,false
V4T005151,346.888105,-20.616383,BGS,1.18737375,0.4500,false
V4T005152,337.690722,-26.383137,BGS,1.26119520,0.4500,false
V4T005153,50.887683,-44.720229,LRG,0.17280370,1.0000,false
V4T005154,346.613149,-18.043059,LRG,0.34177667,1.0000,false
V4T005155,340.814816,-22.615196,QSO,0.28786170,1.7000,false
V4T005156,35.276331,-61.587254,ELG,0.55497554,1.0000,false
V4T005157,345.773175,-35.478195,QSO,0.17288027,1.7000,true
V4T005158,32.183207,-59.733597,ELG,0.57441476,1.0000,false
V4T005159,32.953540,-37.190464,ELG,0.77478553,1.0000,false
V4T005160,45.095730,-60.556972,LRG,0.52099583,1.0000,false
V4T005161,345.750515,-27.926505,BGS,1.59654224,0.4500,false
V4T005162,32.593149,-49.955170,Star,4.80890935,0.3000,false
V4T005163,49.427955,-44.691508,ELG,0.49048740,1.0000,false
V4T005164,351.048236,-36.378785,QSO,0.17329903,1.7000,false
V4T005165,30.799163,-62.202649,ELG,0.43011415,1.0000,false
V4T005166,39.330463,-36.160665,ELG,0.31090806,1.0000,true
V4T005167,45.302419,-45.853631,Star,3.68244302,0.3000,false
V4T005168,357.639274,-15.704317,ELG,0.36198480,1.0000,false
V4T005169,46.448283,-53.708283,LRG,0.51252080,1.0000,false
V4T005170,349.929680,-27.519842,ELG,0.42876963,1.0000,false
V4T005171,37.876937,-62.189327,QSO,0.08126357,1.7000,false
V4T005172,343.072975,-25.205517,ELG,0.45899300,1.0000,false
V4T005173,347.436542,-15.533944,BGS,1.61429886,0.4500,false
V4T005174,346.084318,-18.234865,LRG,0.69653444,1.0000,false
V4T005175,32.865947,-59.558192,LRG,0.23980037,1.0000,false
V4T005176,346.646743,-32.330016,BGS,1.08892324,0.4500,false
V4T005177,32.383386,-37.202247,QSO,0.12342994,1.7000,false
V4T005178,49.161305,-42.699730,LRG,0.35638879,1.0000,false
V4T005179,50.626833,-44.294699,ELG,0.75522813,1.0000,false
V4T005180,21.276173,-42.240956,LRG,0.22202946,1.0000,false
V4T005181,356.351705,-32.792925,BGS,0.73725856,0.4500,false
V4T005182,35.665346,-56.054787,LRG,0.37788447,1.0000,false
V4T005183,354.785459,-38.500970,ELG,0.59481239,1.0000,false
V4T005184,344.635964,-21.407110,ELG,1.13155090,1.0000,false
V4T005185,343.657256,-39.075129,LRG,0.34985612,1.0000,false
V4T005186,35.240630,-49.299003,ELG,0.52184239,1.0000,false
V4T005187,350.413169,-20.222795,BGS,2.69293661,0.4500,false
V4T005188,355.870481,-19.886304,ELG,0.95859929,1.0000,false
V4T005189,350.767653,-14.491420,LRG,0.36608737,1.0000,false
V4T005190,25.854781,-49.184680,BGS,1.13416193,0.4500,false
V4T005191,340.122728,-17.807958,ELG,0.41517190,1.0000,false
V4T005192,45.156772,-42.777378,BGS,1.09997538,0.4500,false
V4T005193,345.259153,-28.767232,LRG,0.59899689,1.0000,false
V4T005194,20.826014,-56.933117,LRG,0.18531839,1.0000,false
V4T005195,354.811787,-31.066294,LRG,0.35902539,1.0000,true
V4T005196,31.471109,-59.153145,QSO,0.13042097,1.7000,false
V4T005197,348.025937,-30.084492,ELG,0.64590076,1.0000,false
V4T005198,22.055836,-44.285145,BGS,0.89556359,0.4500,false
V4T005199,341.253115,-23.628671,BGS,0.84892079,0.4500,false
V4T005200,340.962896,-28.360973,LRG,0.40304525,1.0000,true
V4T005201,26.847051,-60.712808,ELG,0.27272113,1.0000,false
V4T005202,357.534391,-19.650883,ELG,0.45336275,1.0000,false
V4T005203,27.101446,-39.405519,Star,2.79447544,0.3000,false
V4T005204,0.156518,-37.602496,BGS,1.02474169,0.4500,false
V4T005205,345.878039,-35.948866,ELG,0.80507739,1.0000,false
V4T005206,49.817702,-45.021074,ELG,0.47482886,1.0000,false
V4T005207,4.359110,-26.328320,ELG,0.19043942,1.0000,false
V4T005208,339.780477,-26.323901,ELG,0.81036748,1.0000,false
V4T005209,35.933653,-47.685873,ELG,0.67372539,1.0000,false
V4T005210,346.861806,-16.460601,ELG,0.53343795,1.0000,false
V4T005211,356.463604,-32.973550,ELG,0.73475333,1.0000,false
V4T005212,31.239517,-36.384332,LRG,0.26658807,1.0000,false
V4T005213,348.968240,-32.811970,LRG,0.44657397,1.0000,false
V4T005214,1.108160,-35.677373,LRG,0.33368408,1.0000,false
V4T005215,32.407988,-42.105510,BGS,2.87573873,0.4500,false
V4T005216,350.767340,-36.147674,ELG,0.53033622,1.0000,false
V4T005217,351.056076,-31.312766,ELG,0.26000025,1.0000,true
V4T005218,343.610743,-35.183521,LRG,0.57323305,1.0000,false
V4T005219,343.143028,-36.407952,ELG,1.02039112,1.0000,false
V4T005220,30.517742,-50.093893,ELG,0.37098264,1.0000,false
V4T005221,351.509741,-37.367645,Star,4.21045377,0.3000,false
V4T005222,348.073386,-28.485827,BGS,1.03542478,0.4500,false
V4T005223,350.093604,-32.528482,LRG,0.52492197,1.0000,false
V4T005224,351.667968,-38.906579,ELG,0.47577693,1.0000,false
V4T005225,347.508836,-33.609607,BGS,1.22159900,0.4500,false
V4T005226,355.576649,-23.774328,BGS,0.78640263,0.4500,false
V4T005227,349.569295,-32.010478,LRG,0.40593715,1.0000,false
V4T005228,33.327626,-56.473147,QSO,0.13676771,1.7000,false
V4T005229,353.814802,-38.519990,BGS,1.37040953,0.4500,false
V4T005230,343.911924,-29.472108,BGS,2.23505226,0.4500,false
V4T005231,32.674909,-36.504833,QSO,0.16424972,1.7000,false
V4T005232,1.921305,-18.533057,BGS,1.15374309,0.4500,false
V4T005233,345.580765,-21.343612,Star,3.30754442,0.3000,false
V4T005234,38.309884,-50.083858,QSO,0.10618830,1.7000,false
V4T005235,52.782742,-52.236783,BGS,1.99021396,0.4500,false
V4T005236,28.854951,-41.806547,BGS,0.93892027,0.4500,false
V4T005237,348.919982,-39.272690,LRG,0.46535030,1.0000,false
V4T005238,343.335838,-29.616794,ELG,0.42446362,1.0000,false
V4T005239,340.264366,-23.394884,ELG,0.37710141,1.0000,false
V4T005240,358.288038,-25.318831,ELG,0.42929580,1.0000,false
V4T005241,353.845082,-14.635951,BGS,0.89428094,0.4500,false
V4T005242,50.237351,-45.655395,BGS,1.59206259,0.4500,false
V4T005243,358.987195,-33.359043,LRG,0.54913016,1.0000,false
V4T005244,49.601041,-44.922005,QSO,0.16809392,1.7000,false
V4T005245,353.255687,-26.433332,BGS,0.86798281,0.4500,false
V4T005246,358.434465,-27.030807,LRG,0.33303755,1.0000,false
V4T005247,41.912175,-54.236911,BGS,1.79856692,0.4500,false
V4T005248,356.231842,-33.720785,LRG,0.34748543,1.0000,false
V4T005249,0.593063,-26.882671,ELG,0.42419135,1.0000,false
V4T005250,28.465601,-37.861238,ELG,0.36171209,1.0000,false
V4T005251,32.620678,-36.781311,BGS,0.57159254,0.4500,false
V4T005252,23.052032,-43.123613,Star,5.22399990,0.3000,false
V4T005253,33.843529,-58.675627,BGS,1.07340987,0.4500,false
V4T005254,51.158589,-56.134170,ELG,0.96002468,1.0000,false
V4T005255,49.573778,-42.327203,LRG,0.27889238,1.0000,false
V4T005256,352.391113,-19.913422,ELG,0.32627076,1.0000,false
V4T005257,50.098951,-45.166155,Star,4.39922514,0.3000,false
V4T005258,351.514616,-39.403577,QSO,0.10791242,1.7000,false
V4T005259,353.725303,-15.542462,ELG,1.02420040,1.0000,false
V4T005260,20.775141,-50.628723,LRG,0.37654375,1.0000,false
V4T005261,37.550835,-45.805249,ELG,0.38740273,1.0000,false
V4T005262,346.673355,-20.647433,BGS,1.21528171,0.4500,false
V4T005263,38.767788,-60.166973,LRG,0.66744408,1.0000,false
V4T005264,335.741700,-28.099611,QSO,0.13034526,1.7000,true
V4T005265,351.338787,-15.837193,Star,3.85353316,0.3000,false
V4T005266,354.645352,-35.112645,ELG,0.73346308,1.0000,false
V4T005267,47.341939,-58.605568,BGS,1.80195201,0.4500,false
V4T005268,35.772139,-39.985793,BGS,1.91136175,0.4500,false
V4T005269,30.294574,-41.865798,LRG,0.39468521,1.0000,false
V4T005270,358.596882,-25.865498,Star,5.15650529,0.3000,false
V4T005271,32.832869,-40.014115,ELG,0.53114202,1.0000,false
V4T005272,354.828693,-34.506078,ELG,0.79045722,1.0000,false
V4T005273,358.995400,-18.453679,QSO,0.16658347,1.7000,false
V4T005274,350.297695,-28.087313,QSO,0.34403917,1.7000,false
V4T005275,345.638544,-28.923201,ELG,0.33620170,1.0000,false
V4T005276,32.403108,-59.268364,BGS,1.23656263,0.4500,false
V4T005277,29.951546,-51.602109,BGS,1.12813420,0.4500,false
V4T005278,32.963240,-37.813884,Star,4.44464390,0.3000,false
V4T005279,26.806475,-59.104448,QSO,0.48103681,1.7000,false
V4T005280,47.663038,-41.216638,QSO,0.07593529,1.7000,false
V4T005281,34.811994,-37.444114,QSO,0.14778923,1.7000,false
V4T005282,50.010070,-44.953005,Star,4.39408994,0.3000,false
V4T005283,23.506935,-50.877534,LRG,0.13517091,1.0000,false
V4T005284,347.338709,-30.052416,ELG,0.66507126,1.0000,false
V4T005285,41.256351,-55.142369,ELG,0.40596724,1.0000,false
V4T005286,350.064385,-15.031330,ELG,0.64705699,1.0000,false
V4T005287,348.514575,-24.385771,LRG,0.23522486,1.0000,false
V4T005288,26.703520,-56.280176,ELG,0.49496262,1.0000,false
V4T005289,350.313564,-37.911561,ELG,0.67378635,1.0000,false
V4T005290,44.585040,-61.411092,BGS,0.78814238,0.4500,false
V4T005291,29.890972,-51.247018,LRG,0.38301931,1.0000,false
V4T005292,28.657504,-49.192144,LRG,0.23254544,1.0000,false
V4T005293,30.863306,-62.326966,LRG,0.42896998,1.0000,false
V4T005294,351.291376,-36.879194,QSO,0.10381361,1.7000,false
V4T005295,345.493831,-18.814232,ELG,0.34133374,1.0000,false
V4T005296,22.899891,-58.227962,BGS,0.47588343,0.4500,false
V4T005297,49.199502,-45.084249,BGS,0.78140253,0.4500,false
V4T005298,19.572667,-54.815392,BGS,1.81945129,0.4500,false
V4T005299,0.545942,-19.974060,ELG,0.47194173,1.0000,false
V4T005300,29.829586,-36.218585,ELG,0.61154750,1.0000,false
V4T005301,20.359685,-56.418362,QSO,0.23386629,1.7000,false
V4T005302,27.190995,-47.331998,ELG,0.48080997,1.0000,true
V4T005303,27.667469,-45.105149,ELG,0.99849668,1.0000,false
V4T005304,359.005225,-16.553359,Star,4.38165098,0.3000,false
V4T005305,346.901335,-30.770864,ELG,0.41021674,1.0000,false
V4T005306,32.967641,-40.434920,Star,3.24640163,0.3000,false
V4T005307,345.372476,-21.359099,BGS,1.11005999,0.4500,false
V4T005308,31.472969,-45.418372,BGS,1.14509555,0.4500,false
V4T005309,36.655972,-62.265563,ELG,0.62116968,1.0000,false
V4T005310,34.576939,-41.149957,ELG,0.62931534,1.0000,false
V4T005311,352.682002,-35.450214,BGS,1.65881508,0.4500,false
V4T005312,35.925113,-36.576933,ELG,0.75443985,1.0000,false
V4T005313,351.097456,-22.552271,BGS,2.30639428,0.4500,false
V4T005314,356.542680,-25.099861,Star,3.48250048,0.3000,false
V4T005315,0.878986,-32.090191,QSO,0.20362922,1.7000,false
V4T005316,351.687681,-25.076076,BGS,1.21120649,0.4500,false
V4T005317,349.655337,-17.684082,BGS,0.86354209,0.4500,false
V4T005318,355.753847,-15.413116,BGS,2.19889068,0.4500,false
V4T005319,45.326879,-45.890658,ELG,0.71640471,1.0000,true
V4T005320,357.483973,-35.647311,BGS,1.40343992,0.4500,false
V4T005321,347.770333,-38.013812,LRG,0.62968777,1.0000,false
V4T005322,358.452082,-25.909046,ELG,0.62243715,1.0000,false
V4T005323,335.822344,-31.144413,BGS,1.61927873,0.4500,false
V4T005324,48.312812,-43.011002,ELG,0.43378226,1.0000,false
V4T005325,31.742807,-37.118919,BGS,1.65979589,0.4500,false
V4T005326,357.936739,-25.467139,BGS,1.14665364,0.4500,false
V4T005327,355.807210,-35.338768,BGS,1.02896879,0.4500,false
V4T005328,27.885974,-50.570914,ELG,0.57519334,1.0000,false
V4T005329,344.864312,-20.365010,ELG,0.43542192,1.0000,false
V4T005330,45.584161,-51.460568,ELG,0.33870424,1.0000,false
V4T005331,353.914964,-38.595278,BGS,0.84987242,0.4500,false
V4T005332,29.682311,-44.099191,BGS,0.77161110,0.4500,false
V4T005333,345.343958,-25.119466,BGS,1.26254326,0.4500,false
V4T005334,350.847688,-29.598819,Star,4.70015645,0.3000,false
V4T005335,33.803797,-58.303672,LRG,0.24728012,1.0000,false
V4T005336,0.549068,-29.210633,LRG,0.61631829,1.0000,false
V4T005337,35.433946,-36.535583,BGS,2.26260614,0.4500,false
V4T005338,29.714194,-40.938578,ELG,0.57283921,1.0000,false
V4T005339,40.910773,-51.562667,Star,3.11286515,0.3000,false
V4T005340,352.323484,-30.519553,QSO,0.06486996,1.7000,false
V4T005341,350.810030,-39.978951,ELG,0.82890388,1.0000,true
V4T005342,349.387284,-14.165776,Star,2.90702230,0.3000,false
V4T005343,354.668839,-34.490936,ELG,0.69551922,1.0000,false
V4T005344,352.303828,-38.983539,LRG,0.40681093,1.0000,false
V4T005345,345.090354,-22.715535,QSO,0.22877781,1.7000,false
V4T005346,355.482885,-35.554775,ELG,0.70750781,1.0000,false
V4T005347,47.613402,-50.122427,LRG,0.39555532,1.0000,false
V4T005348,50.839557,-44.613853,QSO,0.27730981,1.7000,false
V4T005349,43.365700,-42.883292,BGS,1.77398251,0.4500,false
V4T005350,37.559130,-41.020701,QSO,0.32374136,1.7000,false
V4T005351,22.837616,-47.254620,LRG,0.35109329,1.0000,false
V4T005352,350.271725,-38.610308,LRG,0.35515454,1.0000,false
V4T005353,353.149894,-34.548172,ELG,0.74953169,1.0000,false
V4T005354,29.232394,-47.535358,BGS,1.36554193,0.4500,true
V4T005355,357.670099,-26.535362,BGS,0.76656898,0.4500,false
V4T005356,342.808301,-35.109086,ELG,0.56603873,1.0000,false
V4T005357,45.034137,-40.168724,Star,3.36190338,0.3000,false
V4T005358,350.554248,-13.395159,BGS,1.11778560,0.4500,false
V4T005359,341.940429,-30.466207,BGS,1.03076483,0.4500,false
V4T005360,357.942964,-26.404159,QSO,0.13288532,1.7000,false
V4T005361,349.871753,-24.862596,LRG,0.38321514,1.0000,false
V4T005362,351.972759,-25.810480,QSO,0.16548555,1.7000,false
V4T005363,341.175685,-25.312950,BGS,0.68058593,0.4500,false
V4T005364,50.350337,-46.844224,ELG,0.49103970,1.0000,false
V4T005365,346.850766,-15.842142,ELG,0.67323298,1.0000,false
V4T005366,44.352674,-37.374429,ELG,0.77134525,1.0000,false
V4T005367,350.179337,-36.459590,BGS,1.22950771,0.4500,false
V4T005368,354.698218,-35.297304,BGS,1.91054659,0.4500,false
V4T005369,350.983368,-36.252873,LRG,0.44596815,1.0000,false
V4T005370,351.374212,-40.230134,ELG,1.07360352,1.0000,false
V4T005371,348.525125,-25.435344,QSO,0.29062621,1.7000,false
V4T005372,346.536449,-21.434676,LRG,0.38632801,1.0000,false
V4T005373,28.960196,-37.427089,BGS,1.74425072,0.4500,false
V4T005374,358.542693,-15.826234,LRG,0.78799689,1.0000,false
V4T005375,27.639957,-41.025813,LRG,0.37575419,1.0000,false
V4T005376,337.906793,-30.048838,QSO,0.16040942,1.7000,false
V4T005377,347.375680,-20.616556,BGS,1.17046660,0.4500,false
V4T005378,356.035462,-17.002555,BGS,1.45167915,0.4500,false
V4T005379,358.109875,-31.864592,ELG,0.32420069,1.0000,false
V4T005380,350.301671,-37.958862,QSO,0.22594526,1.7000,false
V4T005381,358.795782,-30.239351,LRG,0.16871957,1.0000,false
V4T005382,354.013497,-38.605197,QSO,0.17424043,1.7000,true
V4T005383,355.320028,-27.633721,QSO,0.19179679,1.7000,false
V4T005384,1.412831,-20.720454,BGS,0.94437538,0.4500,false
V4T005385,36.767979,-49.339243,ELG,0.32215840,1.0000,true
V4T005386,350.482220,-39.728616,BGS,1.20013050,0.4500,false
V4T005387,35.997513,-39.851130,ELG,0.24787219,1.0000,false
V4T005388,345.161821,-20.651208,ELG,0.80115682,1.0000,false
V4T005389,33.358805,-37.077415,ELG,0.66736770,1.0000,false
V4T005390,50.466021,-44.749310,ELG,0.41240792,1.0000,false
V4T005391,32.742995,-36.567002,BGS,1.03857591,0.4500,false
V4T005392,357.716331,-26.150641,LRG,0.33536054,1.0000,false
V4T005393,35.136156,-60.131106,QSO,0.21746887,1.7000,true
V4T005394,358.146717,-26.729464,BGS,0.97679253,0.4500,false
V4T005395,342.850394,-20.805976,LRG,0.39088437,1.0000,false
V4T005396,357.271948,-34.297722,Star,3.74704360,0.3000,false
V4T005397,350.859532,-38.896036,BGS,1.16876505,0.4500,false
V4T005398,355.197866,-38.239931,LRG,0.27678304,1.0000,false
V4T005399,33.153836,-58.894186,BGS,1.17503947,0.4500,false
V4T005400,346.599391,-19.814781,BGS,0.84761945,0.4500,false
V4T005401,24.508288,-52.794011,QSO,0.16086787,1.7000,false
V4T005402,32.425799,-43.815912,BGS,1.49729077,0.4500,false
V4T005403,353.580073,-38.120686,BGS,1.20718825,0.4500,false
V4T005404,52.343134,-43.422475,ELG,0.22662030,1.0000,true
V4T005405,351.557191,-39.131878,LRG,0.25701731,1.0000,false
V4T005406,44.624008,-57.008868,BGS,0.79187267,0.4500,false
V4T005407,38.602309,-47.553881,BGS,0.90710860,0.4500,false
V4T005408,26.183546,-51.655793,ELG,0.49007987,1.0000,false
V4T005409,356.738863,-19.496509,ELG,0.40177445,1.0000,false
V4T005410,32.996486,-53.218691,ELG,0.45922941,1.0000,false
V4T005411,22.935993,-43.820261,LRG,0.33245875,1.0000,false
V4T005412,23.367592,-52.541447,QSO,0.17705476,1.7000,false
V4T005413,32.649165,-59.964857,LRG,0.19917671,1.0000,false
V4T005414,346.837763,-28.360733,BGS,1.03131148,0.4500,false
V4T005415,350.752080,-37.043861,ELG,0.51259733,1.0000,false
V4T005416,25.352142,-60.465350,LRG,0.28706349,1.0000,false
V4T005417,30.553403,-59.037830,LRG,0.41844253,1.0000,false
V4T005418,49.913086,-44.564817,Star,4.12504763,0.3000,false
V4T005419,355.532890,-35.318428,ELG,0.57539388,1.0000,false
V4T005420,39.015624,-41.109295,LRG,0.31987274,1.0000,false
V4T005421,359.377168,-31.416319,BGS,1.98610737,0.4500,false
V4T005422,4.615304,-28.089763,ELG,0.64554447,1.0000,false
V4T005423,356.245658,-34.517392,ELG,0.77176879,1.0000,false
V4T005424,30.329959,-59.145794,ELG,1.27618170,1.0000,false
V4T005425,356.268221,-23.745063,BGS,1.70221441,0.4500,false
V4T005426,352.779089,-19.758326,Star,3.44833249,0.3000,false
V4T005427,36.320214,-44.456097,QSO,0.23952271,1.7000,false
V4T005428,334.119840,-27.146428,ELG,0.58737523,1.0000,false
V4T005429,353.475660,-34.456073,BGS,1.06029140,0.4500,false
V4T005430,48.937700,-41.035774,ELG,0.66351234,1.0000,false
V4T005431,44.922140,-56.996214,Star,5.31967453,0.3000,false
V4T005432,342.710864,-14.199053,ELG,0.64557092,1.0000,false
V4T005433,49.383417,-42.532392,ELG,0.62436886,1.0000,false
V4T005434,353.876487,-38.656317,ELG,0.53189286,1.0000,false
V4T005435,36.725145,-62.687767,LRG,0.29788398,1.0000,false
V4T005436,36.213072,-55.558819,BGS,1.15361491,0.4500,false
V4T005437,32.760712,-42.055163,Star,3.14383650,0.3000,false
V4T005438,348.339734,-37.062796,BGS,1.46610420,0.4500,false
V4T005439,357.288326,-25.474753,QSO,0.11655723,1.7000,false
V4T005440,50.710885,-44.612635,QSO,0.57183442,1.7000,false
V4T005441,343.650663,-23.495490,LRG,0.29959033,1.0000,false
V4T005442,28.444602,-50.803076,ELG,1.14924119,1.0000,false
V4T005443,340.939941,-26.928734,BGS,1.05943010,0.4500,false
V4T005444,34.402214,-50.967660,LRG,0.16775913,1.0000,false
V4T005445,24.231177,-46.042585,ELG,0.78152522,1.0000,false
V4T005446,33.606422,-37.338681,BGS,0.77173425,0.4500,true
V4T005447,342.586889,-30.436614,LRG,0.35100901,1.0000,false
V4T005448,342.199188,-23.318198,QSO,0.17944103,1.7000,false
V4T005449,2.348031,-33.636158,LRG,0.33057612,1.0000,false
V4T005450,354.541455,-32.792964,BGS,1.72602617,0.4500,false
V4T005451,354.622058,-35.875560,ELG,0.52995820,1.0000,false
V4T005452,38.193671,-58.203089,BGS,1.28114409,0.4500,false
V4T005453,3.577501,-31.819124,ELG,0.96855209,1.0000,false
V4T005454,359.532574,-20.866752,BGS,1.18893440,0.4500,false
V4T005455,342.484167,-23.095169,BGS,1.11617731,0.4500,false
V4T005456,50.216842,-43.616002,ELG,0.43424395,1.0000,false
V4T005457,31.968374,-59.425674,QSO,0.30364874,1.7000,false
V4T005458,353.457155,-38.728704,ELG,0.62336512,1.0000,false
V4T005459,345.290118,-19.592177,ELG,0.66319014,1.0000,false
V4T005460,25.463352,-55.470987,BGS,1.14998701,0.4500,false
V4T005461,338.829593,-36.135331,ELG,0.31355434,1.0000,false
V4T005462,2.193348,-20.184216,BGS,1.74899914,0.4500,false
V4T005463,53.193583,-45.497773,ELG,0.76008264,1.0000,false
V4T005464,342.989009,-22.841867,LRG,0.33076374,1.0000,false
V4T005465,358.343258,-26.357104,BGS,1.82550111,0.4500,false
V4T005466,36.522938,-46.404454,ELG,0.86611601,1.0000,false
V4T005467,50.417231,-45.115441,QSO,0.21457640,1.7000,false
V4T005468,45.230103,-38.676294,ELG,0.56208723,1.0000,false
V4T005469,345.380769,-28.631342,LRG,0.32379048,1.0000,false
V4T005470,344.651495,-28.316225,ELG,0.82284143,1.0000,false
V4T005471,346.519082,-28.839485,LRG,0.32966736,1.0000,false
V4T005472,335.549401,-28.852545,QSO,0.17700537,1.7000,false
V4T005473,24.473890,-58.880774,ELG,0.48659773,1.0000,false
V4T005474,51.386955,-43.750703,ELG,1.27111194,1.0000,false
V4T005475,53.320007,-48.029063,ELG,0.82752549,1.0000,false
V4T005476,0.440539,-33.299013,QSO,0.10782017,1.7000,false
V4T005477,52.991664,-47.731894,QSO,0.11874837,1.7000,false
V4T005478,351.031943,-30.374127,LRG,0.44970281,1.0000,false
V4T005479,352.262979,-27.750931,LRG,0.37633675,1.0000,false
V4T005480,341.866339,-27.550924,ELG,0.59809078,1.0000,false
V4T005481,34.230388,-46.055864,LRG,0.19945313,1.0000,false
V4T005482,335.346840,-29.534761,LRG,0.32703800,1.0000,true
V4T005483,32.232771,-45.140273,BGS,1.08328576,0.4500,false
V4T005484,50.298613,-46.289946,Star,3.06040426,0.3000,false
V4T005485,345.189976,-28.100041,LRG,0.54681958,1.0000,false
V4T005486,342.831611,-27.626287,BGS,1.62836126,0.4500,false
V4T005487,350.933162,-37.178715,LRG,0.33427222,1.0000,false
V4T005488,345.847533,-20.418894,Star,3.76581264,0.3000,false
V4T005489,35.179879,-47.068493,LRG,0.23579676,1.0000,false
V4T005490,354.579164,-38.295061,BGS,1.87115521,0.4500,false
V4T005491,356.345142,-34.445608,ELG,0.32888478,1.0000,false
V4T005492,39.062624,-59.683287,BGS,1.43239183,0.4500,false
V4T005493,22.418616,-40.913170,BGS,1.32050269,0.4500,false
V4T005494,354.164532,-38.500468,ELG,0.76897966,1.0000,false
V4T005495,355.367122,-20.607972,LRG,0.38569875,1.0000,false
V4T005496,352.955324,-38.683125,QSO,0.10836581,1.7000,false
V4T005497,347.625325,-13.109483,BGS,1.38814342,0.4500,false
V4T005498,32.719622,-37.552286,ELG,0.39029918,1.0000,false
V4T005499,31.628375,-43.267770,BGS,1.12233747,0.4500,false
V4T005500,349.950325,-34.971482,ELG,0.61820288,1.0000,false
V4T005501,43.569614,-41.760891,ELG,0.91553976,1.0000,false
V4T005502,341.090834,-34.012050,LRG,0.79496829,1.0000,false
V4T005503,46.524959,-38.726255,BGS,1.72058013,0.4500,false
V4T005504,342.684284,-30.829500,LRG,0.35203019,1.0000,false
V4T005505,344.180436,-24.607401,LRG,0.59903481,1.0000,false
V4T005506,49.241487,-44.269819,BGS,1.52661263,0.4500,false
V4T005507,28.331641,-57.395714,ELG,0.54568607,1.0000,false
V4T005508,49.780556,-42.177740,ELG,0.72969278,1.0000,false
V4T005509,353.051665,-39.444955,ELG,0.28134544,1.0000,false
V4T005510,45.074866,-49.144972,LRG,0.39452734,1.0000,false
V4T005511,352.170214,-38.881446,LRG,0.24493970,1.0000,false
V4T005512,344.910703,-28.664210,QSO,0.30625836,1.7000,false
V4T005513,352.904084,-38.872756,ELG,0.45295117,1.0000,true
V4T005514,32.779328,-36.609730,QSO,0.15519962,1.7000,false
V4T005515,41.070078,-55.193427,ELG,0.78013789,1.0000,false
V4T005516,31.852504,-37.827164,BGS,1.62614697,0.4500,false
V4T005517,345.048717,-20.252162,ELG,0.69944246,1.0000,false
V4T005518,356.858083,-33.986653,ELG,0.69361235,1.0000,false
V4T005519,22.947469,-44.333839,Star,3.71552524,0.3000,false
V4T005520,358.821481,-27.149415,LRG,0.26849693,1.0000,false
V4T005521,42.695716,-43.389224,ELG,0.31190773,1.0000,false
V4T005522,354.269498,-35.080218,QSO,0.26820143,1.7000,false
V4T005523,356.703769,-30.129163,Star,3.51938326,0.3000,false
V4T005524,46.521211,-59.805209,QSO,0.10224964,1.7000,false
V4T005525,354.249990,-35.978586,ELG,0.48970069,1.0000,false
V4T005526,350.833226,-39.963706,LRG,0.22188344,1.0000,false
V4T005527,341.409400,-15.438271,ELG,0.41010924,1.0000,false
V4T005528,346.238890,-32.873432,QSO,0.15562174,1.7000,false
V4T005529,355.080128,-34.255906,BGS,0.98420992,0.4500,false
V4T005530,38.032653,-45.882868,LRG,0.39212207,1.0000,false
V4T005531,355.705390,-25.050600,BGS,1.34854250,0.4500,false
V4T005532,22.320141,-52.624397,BGS,1.43209167,0.4500,false
V4T005533,345.376889,-20.832803,BGS,1.07499586,0.4500,false
V4T005534,357.526377,-17.956593,ELG,0.63670612,1.0000,false
V4T005535,350.697852,-35.332928,ELG,0.86290390,1.0000,false
V4T005536,353.729782,-37.951770,LRG,0.42834269,1.0000,false
V4T005537,337.458101,-32.181849,BGS,1.33170753,0.4500,false
V4T005538,340.431770,-16.363013,LRG,0.27206293,1.0000,false
V4T005539,344.521048,-25.274328,ELG,0.45149717,1.0000,false
V4T005540,345.342543,-31.837373,BGS,0.77470881,0.4500,false
V4T005541,338.740475,-27.728396,QSO,0.11022224,1.7000,false
V4T005542,357.997739,-27.907713,QSO,0.12328866,1.7000,false
V4T005543,27.425270,-54.966297,QSO,0.12900269,1.7000,false
V4T005544,0.549439,-33.363764,LRG,0.58434994,1.0000,false
V4T005545,344.791591,-27.952901,Star,3.66495131,0.3000,false
V4T005546,344.799276,-21.233877,LRG,0.45814907,1.0000,false
V4T005547,344.749680,-20.653500,LRG,0.49254204,1.0000,false
V4T005548,48.092081,-41.322850,BGS,1.52980466,0.4500,false
V4T005549,43.600974,-53.755019,BGS,1.89008421,0.4500,false
V4T005550,350.408404,-28.303087,LRG,0.36254505,1.0000,false
V4T005551,45.236358,-44.306892,LRG,0.65021508,1.0000,false
V4T005552,346.552002,-22.556569,ELG,0.73024625,1.0000,false
V4T005553,341.975190,-31.872278,BGS,1.17670026,0.4500,false
V4T005554,46.201527,-56.331321,ELG,0.18589972,1.0000,false
V4T005555,1.524212,-32.221484,QSO,0.06561272,1.7000,true
V4T005556,30.401244,-60.359632,ELG,0.92193738,1.0000,false
V4T005557,49.821800,-44.598842,ELG,0.65096856,1.0000,false
V4T005558,44.850876,-51.652090,QSO,0.09999538,1.7000,false
V4T005559,31.088648,-58.328349,Star,2.20908728,0.3000,false
V4T005560,2.435296,-34.513156,Star,2.81343852,0.3000,false
V4T005561,29.595650,-58.601026,ELG,0.60795097,1.0000,false
V4T005562,350.586704,-39.234222,QSO,0.24683497,1.7000,false
V4T005563,337.126023,-23.039025,LRG,0.24666487,1.0000,false
V4T005564,39.166029,-60.366223,BGS,0.78001406,0.4500,false
V4T005565,344.704426,-20.823866,LRG,0.21712683,1.0000,false
V4T005566,354.024064,-35.609004,LRG,0.40479052,1.0000,false
V4T005567,334.937322,-29.271287,QSO,0.36198367,1.7000,false
V4T005568,1.596334,-30.920486,BGS,1.17018694,0.4500,false
V4T005569,351.442440,-29.956510,BGS,0.86473143,0.4500,false
V4T005570,334.224273,-27.118128,Star,2.95705396,0.3000,false
V4T005571,345.993944,-20.147489,ELG,0.51866167,1.0000,false
V4T005572,0.583430,-17.052210,LRG,0.31063132,1.0000,false
V4T005573,357.618786,-26.486662,ELG,0.31167146,1.0000,true
V4T005574,357.184804,-17.014164,BGS,1.35456443,0.4500,false
V4T005575,352.866692,-38.859424,ELG,0.29629758,1.0000,false
V4T005576,355.223625,-23.297475,LRG,0.29705351,1.0000,false
V4T005577,31.655675,-62.325805,ELG,1.00773767,1.0000,false
V4T005578,44.625440,-40.163320,BGS,2.01724698,0.4500,false
V4T005579,356.040574,-35.258407,Star,3.28993889,0.3000,false
V4T005580,345.695340,-22.617680,QSO,0.16905668,1.7000,false
V4T005581,354.424274,-37.921212,Star,3.04594079,0.3000,false
V4T005582,344.598750,-27.963084,BGS,1.43333009,0.4500,false
V4T005583,37.422372,-38.621286,ELG,0.68742729,1.0000,true
V4T005584,25.596283,-48.939512,BGS,1.05237122,0.4500,false
V4T005585,32.214194,-37.011513,BGS,1.08618035,0.4500,false
V4T005586,357.891332,-20.762344,LRG,0.21156018,1.0000,false
V4T005587,42.276251,-42.280629,BGS,0.58942241,0.4500,false
V4T005588,24.482482,-43.237564,BGS,0.84963339,0.4500,false
V4T005589,350.345337,-37.230985,QSO,0.21797663,1.7000,false
V4T005590,1.810188,-35.343713,ELG,0.59998986,1.0000,false
V4T005591,31.533739,-59.599620,QSO,0.41390678,1.7000,false
V4T005592,33.719533,-37.282570,BGS,1.08184623,0.4500,false
V4T005593,355.759844,-16.805849,Star,4.92629813,0.3000,false
V4T005594,48.419473,-51.522791,ELG,0.54134825,1.0000,false
V4T005595,354.936957,-33.985480,BGS,0.83024123,0.4500,false
V4T005596,344.879181,-28.433245,BGS,1.05979727,0.4500,false
V4T005597,43.519936,-52.590398,LRG,0.22748999,1.0000,false
V4T005598,50.764821,-43.862000,LRG,0.42379567,1.0000,false
V4T005599,3.867573,-27.344909,ELG,0.63805634,1.0000,false
V4T005600,21.364836,-51.304233,Star,2.69797898,0.3000,false
V4T005601,353.722216,-38.607749,BGS,1.12289671,0.4500,false
V4T005602,347.427322,-14.918256,LRG,0.33593148,1.0000,false
V4T005603,30.906357,-47.280338,BGS,1.30783142,0.4500,false
V4T005604,29.730879,-46.191226,Star,4.08216177,0.3000,false
V4T005605,45.889414,-43.396086,ELG,0.50163282,1.0000,false
V4T005606,348.045384,-15.795132,BGS,1.20734641,0.4500,false
V4T005607,46.756586,-45.838721,ELG,0.80218636,1.0000,false
V4T005608,47.000501,-54.533527,LRG,0.32521375,1.0000,false
V4T005609,2.213010,-34.205048,LRG,0.31113517,1.0000,false
V4T005610,355.094280,-31.146342,ELG,0.74461075,1.0000,false
V4T005611,335.989305,-28.482828,ELG,0.54538887,1.0000,false
V4T005612,359.190735,-23.350261,ELG,0.52130887,1.0000,false
V4T005613,40.119989,-52.348922,QSO,0.16558596,1.7000,false
V4T005614,342.427928,-20.906291,LRG,0.19859094,1.0000,false
V4T005615,49.201207,-43.998195,ELG,0.37087300,1.0000,false
V4T005616,345.078908,-28.279073,Star,4.28267101,0.3000,false
V4T005617,351.842588,-39.391080,LRG,0.23587918,1.0000,false
V4T005618,47.181156,-57.544518,BGS,1.23016169,0.4500,false
V4T005619,1.606874,-24.660796,QSO,0.12882443,1.7000,false
V4T005620,354.924120,-33.847412,QSO,0.10091247,1.7000,false
V4T005621,52.182151,-54.990366,QSO,0.11278232,1.7000,false
V4T005622,352.305388,-39.138559,Star,6.21889029,0.3000,false
V4T005623,343.760913,-22.363515,QSO,0.19165638,1.7000,false
V4T005624,47.514852,-52.372744,LRG,0.32619229,1.0000,false
V4T005625,334.024918,-28.975201,LRG,0.36436013,1.0000,false
V4T005626,336.751557,-27.729915,BGS,1.14726631,0.4500,false
V4T005627,355.355341,-33.559698,ELG,0.81417994,1.0000,false
V4T005628,355.483602,-34.667135,BGS,1.00806245,0.4500,false
V4T005629,34.197096,-45.369406,ELG,0.39572846,1.0000,false
V4T005630,357.428762,-34.545479,ELG,0.36132167,1.0000,false
V4T005631,53.126187,-46.451598,QSO,0.42742177,1.7000,true
V4T005632,357.474587,-28.915588,ELG,0.82627823,1.0000,false
V4T005633,30.588870,-41.384392,LRG,0.28567632,1.0000,false
V4T005634,49.662143,-44.234901,LRG,0.31322672,1.0000,false
V4T005635,38.791814,-49.268657,BGS,1.50146518,0.4500,false
V4T005636,23.916208,-60.176304,ELG,0.60695023,1.0000,false
V4T005637,30.833306,-52.941498,BGS,1.67659906,0.4500,false
V4T005638,354.590338,-38.701680,QSO,0.18673488,1.7000,false
V4T005639,24.578835,-51.904124,BGS,0.84769061,0.4500,false
V4T005640,354.339492,-36.054815,ELG,0.29091232,1.0000,false
V4T005641,0.954442,-33.215076,QSO,0.16473771,1.7000,false
V4T005642,338.495029,-26.497300,ELG,0.61308907,1.0000,true
V4T005643,337.851770,-18.101667,ELG,0.90640717,1.0000,false
V4T005644,351.193483,-26.806607,BGS,1.01643461,0.4500,false
V4T005645,52.745678,-44.497881,ELG,0.64310985,1.0000,false
V4T005646,33.509099,-38.564283,Star,4.79944535,0.3000,false
V4T005647,353.608445,-18.784155,ELG,0.91418980,1.0000,false
V4T005648,344.722220,-20.299564,LRG,0.46909033,1.0000,false
V4T005649,343.146963,-29.082328,ELG,0.35573449,1.0000,false
V4T005650,53.240361,-51.314958,Star,4.35649762,0.3000,false
V4T005651,350.258286,-39.003559,Star,2.89312939,0.3000,false
V4T005652,3.236643,-33.998840,BGS,1.48253287,0.4500,false
V4T005653,345.775142,-21.152611,BGS,1.67216667,0.4500,false
V4T005654,348.972299,-39.161748,ELG,0.65051796,1.0000,false
V4T005655,31.201536,-36.841055,BGS,1.72534548,0.4500,false
V4T005656,27.978888,-57.501104,QSO,0.21496065,1.7000,false
V4T005657,349.717714,-21.969304,LRG,0.36001557,1.0000,false
V4T005658,31.838529,-37.465186,Star,2.49519784,0.3000,false
V4T005659,39.610467,-53.353494,ELG,1.18624154,1.0000,false
V4T005660,353.427782,-35.620072,ELG,0.47268885,1.0000,false
V4T005661,50.411100,-44.699120,BGS,0.78746894,0.4500,false
V4T005662,346.139327,-21.614759,QSO,0.28315180,1.7000,false
V4T005663,23.319150,-45.608473,BGS,1.36537554,0.4500,false
V4T005664,344.909030,-20.711376,LRG,0.22234425,1.0000,false
V4T005665,0.729603,-28.840659,LRG,0.33977971,1.0000,false
V4T005666,340.449051,-20.569483,BGS,0.84568095,0.4500,false
V4T005667,36.476950,-48.941490,LRG,0.28523566,1.0000,false
V4T005668,1.123314,-36.120562,BGS,1.12172299,0.4500,false
V4T005669,1.852542,-25.889228,LRG,0.46978356,1.0000,false
V4T005670,339.859155,-30.760034,BGS,1.40648357,0.4500,false
V4T005671,357.738429,-19.508144,ELG,0.41281644,1.0000,false
V4T005672,355.587651,-34.488909,LRG,0.41807213,1.0000,false
V4T005673,345.895566,-20.800072,ELG,0.37682925,1.0000,false
V4T005674,33.094596,-59.307314,LRG,0.53092514,1.0000,false
V4T005675,344.059014,-23.038160,LRG,0.27752274,1.0000,false
V4T005676,31.805185,-37.099860,LRG,0.30144586,1.0000,false
V4T005677,345.977881,-28.765735,LRG,0.20253101,1.0000,false
V4T005678,37.638722,-49.698246,BGS,1.69542513,0.4500,false
V4T005679,353.196355,-22.896051,ELG,0.54778079,1.0000,false
V4T005680,355.800998,-30.634029,BGS,1.45151799,0.4500,false
V4T005681,359.545413,-28.575603,Star,6.01472108,0.3000,false
V4T005682,346.045464,-29.766601,BGS,1.43985005,0.4500,false
V4T005683,51.220761,-44.264721,ELG,1.05859162,1.0000,false
V4T005684,345.058600,-28.009709,BGS,0.80358474,0.4500,false
V4T005685,31.063618,-60.710492,ELG,1.16359919,1.0000,false
V4T005686,36.598252,-50.764628,BGS,0.85456764,0.4500,false
V4T005687,338.048815,-30.986556,ELG,0.68300471,1.0000,false
V4T005688,354.501900,-35.613031,ELG,0.66102420,1.0000,false
V4T005689,348.140883,-23.059283,ELG,0.30946909,1.0000,false
V4T005690,50.868106,-45.314959,BGS,2.13369093,0.4500,false
V4T005691,350.601452,-26.271900,QSO,0.19643031,1.7000,false
V4T005692,337.743009,-28.714247,Star,4.01608900,0.3000,false
V4T005693,27.950571,-38.020173,QSO,0.10994593,1.7000,false
V4T005694,354.441177,-29.072588,QSO,0.16038586,1.7000,false
V4T005695,357.717281,-36.374801,Star,2.59348748,0.3000,false
V4T005696,356.904796,-35.396109,LRG,0.36848629,1.0000,false
V4T005697,47.037249,-53.640179,LRG,0.43456479,1.0000,false
V4T005698,335.897016,-26.936187,BGS,1.04894792,0.4500,false
V4T005699,344.828446,-38.323204,Star,5.07826088,0.3000,false
V4T005700,346.638414,-28.729802,ELG,0.54808561,1.0000,false
V4T005701,3.122010,-26.062026,ELG,0.53572252,1.0000,false
V4T005702,352.162473,-38.771556,BGS,1.03749254,0.4500,false
V4T005703,356.749747,-29.719949,ELG,0.51652963,1.0000,false
V4T005704,346.757755,-21.411934,BGS,0.68894937,0.4500,false
V4T005705,350.981356,-37.504929,BGS,1.21142380,0.4500,false
V4T005706,355.066205,-37.872389,QSO,0.21098152,1.7000,false
V4T005707,41.472910,-53.970436,BGS,1.44979006,0.4500,false
V4T005708,345.166465,-19.557062,BGS,0.93527387,0.4500,false
V4T005709,345.406629,-20.084317,Star,3.60057144,0.3000,false
V4T005710,343.153643,-26.235128,BGS,1.19053070,0.4500,false
V4T005711,35.399020,-50.018529,ELG,0.52557449,1.0000,false
V4T005712,354.560975,-35.243142,BGS,0.94185998,0.4500,false
V4T005713,355.471144,-34.330502,ELG,0.36169870,1.0000,false
V4T005714,353.281137,-37.879541,BGS,1.43979435,0.4500,false
V4T005715,340.612432,-25.748633,ELG,0.38366852,1.0000,false
V4T005716,352.859341,-37.605717,ELG,0.62868092,1.0000,false
V4T005717,33.908963,-40.757853,Star,3.32174777,0.3000,false
V4T005718,345.255992,-28.079107,ELG,0.55335836,1.0000,false
V4T005719,344.776616,-36.579731,ELG,0.29976414,1.0000,false
V4T005720,345.536964,-19.420476,ELG,0.32965820,1.0000,false
V4T005721,33.009622,-39.055842,ELG,0.39077729,1.0000,false
V4T005722,0.804638,-17.902982,ELG,0.55219111,1.0000,false
V4T005723,49.157301,-44.206523,ELG,0.56721575,1.0000,false
V4T005724,353.828841,-35.710674,BGS,1.01460174,0.4500,false
V4T005725,345.246208,-28.469290,BGS,1.36055196,0.4500,false
V4T005726,345.770852,-38.527716,ELG,0.61789982,1.0000,true
V4T005727,38.180339,-61.861544,ELG,0.62045733,1.0000,false
V4T005728,351.931450,-39.498879,QSO,0.19193122,1.7000,false
V4T005729,24.795298,-51.732338,BGS,0.95690609,0.4500,false
V4T005730,33.936742,-59.232229,LRG,0.18245044,1.0000,false
V4T005731,340.128351,-16.184034,LRG,0.20334648,1.0000,false
V4T005732,349.854757,-35.794165,ELG,0.92131744,1.0000,false
V4T005733,340.579400,-23.745412,ELG,0.86020073,1.0000,false
V4T005734,342.548762,-16.417206,BGS,0.99155050,0.4500,true
V4T005735,338.213776,-25.049019,ELG,0.83244483,1.0000,false
V4T005736,31.999665,-40.272189,BGS,2.00504977,0.4500,false
V4T005737,29.208938,-52.017125,ELG,0.31437944,1.0000,false
V4T005738,342.916877,-39.015692,LRG,0.40947233,1.0000,false
V4T005739,36.405427,-49.356280,ELG,0.55450685,1.0000,false
V4T005740,338.589022,-34.778391,ELG,0.78460742,1.0000,false
V4T005741,32.100120,-58.296603,ELG,0.46179507,1.0000,false
V4T005742,353.180273,-38.531733,LRG,0.35923771,1.0000,false
V4T005743,339.942998,-22.707967,BGS,1.41526935,0.4500,false
V4T005744,354.657071,-35.876845,QSO,0.26822807,1.7000,true
V4T005745,351.814401,-38.536809,LRG,0.52739812,1.0000,false
V4T005746,347.634677,-32.239178,BGS,1.87944349,0.4500,false
V4T005747,352.287512,-38.884533,Star,3.68237746,0.3000,false
V4T005748,353.299986,-37.859861,ELG,0.75719655,1.0000,false
V4T005749,350.411951,-37.530099,QSO,0.29535946,1.7000,false
V4T005750,338.233147,-17.766219,Star,2.59803685,0.3000,false
V4T005751,358.115339,-27.739014,ELG,0.20569418,1.0000,false
V4T005752,50.762035,-53.507838,ELG,0.41402677,1.0000,false
V4T005753,339.902195,-21.302798,Star,4.36391665,0.3000,false
V4T005754,350.465701,-39.715730,QSO,0.07975345,1.7000,false
V4T005755,3.535626,-30.305198,BGS,1.35425202,0.4500,false
V4T005756,345.919006,-28.225164,QSO,0.22552139,1.7000,false
V4T005757,359.430116,-27.856085,ELG,0.40491206,1.0000,false
V4T005758,353.604534,-38.542044,LRG,0.55230227,1.0000,false
V4T005759,347.862741,-17.102390,ELG,0.46215350,1.0000,false
V4T005760,353.230748,-25.893664,LRG,0.26226379,1.0000,false
V4T005761,345.070524,-35.317063,ELG,0.39877100,1.0000,false
V4T005762,37.544066,-43.191174,BGS,1.24092910,0.4500,false
V4T005763,33.993654,-58.032838,ELG,0.52707550,1.0000,false
V4T005764,339.921191,-30.454415,Star,6.26322517,0.3000,false
V4T005765,49.527287,-43.956540,ELG,0.41216036,1.0000,false
V4T005766,344.182410,-15.661353,BGS,1.27842575,0.4500,false
V4T005767,32.100708,-40.372290,BGS,0.67490869,0.4500,false
V4T005768,348.816405,-26.321908,BGS,1.64244569,0.4500,false
V4T005769,345.866382,-28.112774,BGS,1.06659091,0.4500,false
V4T005770,42.365973,-50.126444,Star,4.80092985,0.3000,false
V4T005771,355.465000,-15.857593,ELG,0.62694165,1.0000,false
V4T005772,354.095503,-28.930634,LRG,0.39977688,1.0000,false
V4T005773,345.160384,-21.061974,ELG,0.48639560,1.0000,false
V4T005774,41.383098,-42.359331,LRG,0.41864838,1.0000,false
V4T005775,22.715302,-41.865347,BGS,1.00207431,0.4500,false
V4T005776,336.229428,-25.209785,Star,3.82299978,0.3000,false
V4T005777,340.844307,-15.271666,ELG,0.63362947,1.0000,false
V4T005778,41.406215,-37.580255,Star,4.68955615,0.3000,false
V4T005779,29.918979,-46.178515,ELG,0.71929869,1.0000,true
V4T005780,0.334775,-23.819475,ELG,0.68089498,1.0000,false
V4T005781,354.339677,-21.945379,BGS,0.69071682,0.4500,false
V4T005782,355.653165,-35.971838,ELG,0.34661999,1.0000,false
V4T005783,40.781264,-44.965698,BGS,1.17001556,0.4500,false
V4T005784,42.360416,-56.114351,Star,3.77629949,0.3000,false
V4T005785,356.235454,-24.620519,BGS,1.01218218,0.4500,false
V4T005786,350.284507,-36.484084,Star,4.63836375,0.3000,false
V4T005787,349.146393,-20.540297,ELG,1.04284596,1.0000,false
V4T005788,349.882336,-13.729260,QSO,0.10242570,1.7000,false
V4T005789,0.473519,-27.276330,ELG,0.54841482,1.0000,false
V4T005790,47.747576,-39.157066,QSO,0.28873725,1.7000,false
V4T005791,22.277329,-50.969548,ELG,0.45139702,1.0000,false
V4T005792,26.600668,-49.872959,ELG,0.74699812,1.0000,false
V4T005793,359.320156,-32.983101,Star,4.10408162,0.3000,false
V4T005794,30.839703,-59.256016,BGS,1.56037755,0.4500,false
V4T005795,343.633741,-34.852519,BGS,1.30255447,0.4500,false
V4T005796,349.391914,-35.294322,BGS,1.04678646,0.4500,false
V4T005797,344.941575,-20.548090,ELG,0.46141983,1.0000,false
V4T005798,37.976517,-50.180987,ELG,1.04884136,1.0000,false
V4T005799,342.664277,-28.680910,BGS,0.90952884,0.4500,false
V4T005800,27.576337,-41.462388,QSO,0.15971359,1.7000,false
V4T005801,22.796553,-44.012703,ELG,0.29187296,1.0000,false
V4T005802,41.756050,-55.324847,Star,3.33535783,0.3000,false
V4T005803,53.619147,-49.375586,LRG,0.65965836,1.0000,false
V4T005804,349.327850,-23.042444,ELG,0.74908131,1.0000,false
V4T005805,344.971794,-21.177796,LRG,0.32429991,1.0000,false
V4T005806,341.579353,-38.309663,BGS,1.02758361,0.4500,false
V4T005807,30.739374,-59.615112,LRG,0.38337998,1.0000,false
V4T005808,335.818889,-23.680271,ELG,0.85528434,1.0000,false
V4T005809,32.409755,-37.176200,BGS,0.75639532,0.4500,false
V4T005810,48.826997,-45.616960,ELG,0.57078427,1.0000,false
V4T005811,21.717244,-47.122833,ELG,0.40806121,1.0000,false
V4T005812,42.791996,-51.743964,ELG,0.55359976,1.0000,false
V4T005813,348.016934,-26.721213,ELG,0.75710742,1.0000,false
V4T005814,353.817381,-19.085192,LRG,0.43805517,1.0000,false
V4T005815,357.776262,-26.819379,BGS,1.69995472,0.4500,false
V4T005816,31.554342,-59.619389,BGS,0.68460632,0.4500,false
V4T005817,347.770625,-14.228271,LRG,0.33195785,1.0000,true
V4T005818,359.175831,-36.464895,LRG,0.29327037,1.0000,false
V4T005819,24.684923,-51.454872,LRG,0.50950957,1.0000,false
V4T005820,33.268590,-35.919723,ELG,0.58151218,1.0000,false
V4T005821,345.471362,-29.907477,Star,3.13849702,0.3000,false
V4T005822,52.142483,-50.716938,BGS,1.05641960,0.4500,true
V4T005823,41.988300,-40.405995,ELG,0.64021482,1.0000,false
V4T005824,37.266845,-60.623643,ELG,1.07341420,1.0000,false
V4T005825,338.459974,-27.106342,LRG,0.49825719,1.0000,false
V4T005826,48.689108,-49.840875,ELG,0.35680913,1.0000,false
V4T005827,352.770769,-19.540174,QSO,0.34242497,1.7000,false
V4T005828,338.135038,-22.285364,ELG,0.44570202,1.0000,false
V4T005829,350.758641,-31.760253,ELG,0.60528321,1.0000,false
V4T005830,355.635076,-34.792532,Star,3.42754594,0.3000,false
V4T005831,0.107706,-37.631988,BGS,0.90270658,0.4500,false
V4T005832,355.666349,-23.038861,QSO,0.25792431,1.7000,false
V4T005833,354.138599,-28.392301,QSO,0.20583270,1.7000,false
V4T005834,352.220042,-30.830874,QSO,0.17802579,1.7000,false
V4T005835,343.969993,-22.792787,BGS,0.86370404,0.4500,false
V4T005836,32.108323,-36.565901,LRG,0.30319986,1.0000,false
V4T005837,32.001673,-58.609057,LRG,0.29960384,1.0000,false
V4T005838,35.355139,-46.307139,LRG,0.39169948,1.0000,false
V4T005839,350.336805,-12.340045,ELG,0.73768732,1.0000,false
V4T005840,355.474749,-21.867957,BGS,0.99336850,0.4500,false
V4T005841,358.355854,-27.375030,LRG,0.38626632,1.0000,false
V4T005842,20.448718,-45.048127,LRG,0.87970770,1.0000,false
V4T005843,0.738728,-34.869730,Star,4.50573153,0.3000,false
V4T005844,50.611433,-56.656718,ELG,0.38175730,1.0000,false
V4T005845,21.298501,-47.620256,QSO,0.12100099,1.7000,false
V4T005846,44.004754,-51.815205,BGS,1.17692660,0.4500,false
V4T005847,30.765511,-58.647842,LRG,0.24537346,1.0000,false
V4T005848,346.504028,-12.273141,BGS,1.40246952,0.4500,false
V4T005849,353.614007,-34.826186,Star,3.59560691,0.3000,false
V4T005850,352.060292,-39.015059,BGS,1.46915073,0.4500,false
V4T005851,46.702032,-60.333714,QSO,0.12139106,1.7000,false
V4T005852,346.083353,-36.712303,Star,4.28778899,0.3000,false
V4T005853,359.834900,-27.421721,ELG,0.72230999,1.0000,false
V4T005854,52.522123,-52.458080,BGS,1.53554779,0.4500,false
V4T005855,25.745941,-38.569400,QSO,0.35046177,1.7000,false
V4T005856,346.039054,-28.648826,LRG,0.36447456,1.0000,false
V4T005857,350.584749,-35.771207,BGS,1.17027320,0.4500,false
V4T005858,353.106896,-15.795912,LRG,0.25578279,1.0000,false
V4T005859,50.850909,-47.169053,BGS,0.98110358,0.4500,false
V4T005860,33.008036,-36.245972,ELG,0.49009871,1.0000,false
V4T005861,351.164304,-36.229545,QSO,0.07919681,1.7000,false
V4T005862,347.040737,-21.646567,ELG,0.71338433,1.0000,false
V4T005863,33.575365,-39.327405,ELG,0.16756872,1.0000,false
V4T005864,4.386121,-26.401649,ELG,0.46540651,1.0000,false
V4T005865,45.678581,-44.801998,ELG,0.75796727,1.0000,false
V4T005866,21.301681,-47.970319,Star,2.80212081,0.3000,false
V4T005867,358.111938,-21.629906,QSO,0.06986277,1.7000,false
V4T005868,359.557177,-32.974863,BGS,1.20368236,0.4500,false
V4T005869,348.156467,-39.675247,BGS,1.35527525,0.4500,false
V4T005870,49.592665,-44.894114,LRG,0.36359167,1.0000,false
V4T005871,29.756196,-53.433809,BGS,2.03878052,0.4500,false
V4T005872,350.488031,-37.152710,ELG,0.59389765,1.0000,false
V4T005873,353.372606,-27.420440,ELG,0.45106476,1.0000,false
V4T005874,341.889628,-32.237299,BGS,1.12943466,0.4500,false
V4T005875,350.667756,-15.357041,ELG,0.62768575,1.0000,false
V4T005876,37.057307,-38.846270,Star,4.26625509,0.3000,false
V4T005877,31.255151,-60.481606,LRG,0.49725160,1.0000,false
V4T005878,45.231304,-42.255094,BGS,1.50042019,0.4500,false
V4T005879,342.203537,-14.885641,ELG,0.39226829,1.0000,false
V4T005880,355.630250,-34.484365,ELG,0.55284767,1.0000,false
V4T005881,38.798641,-46.166512,LRG,0.29858144,1.0000,true
V4T005882,28.244674,-42.044155,ELG,0.51399479,1.0000,false
V4T005883,336.483091,-27.896436,LRG,0.31209053,1.0000,false
V4T005884,355.715591,-32.536409,QSO,0.09904718,1.7000,false
V4T005885,359.048757,-36.968140,QSO,0.10238546,1.7000,false
V4T005886,32.980207,-37.194741,ELG,0.56487123,1.0000,false
V4T005887,40.832810,-53.096000,ELG,0.55261478,1.0000,false
V4T005888,41.353979,-51.770393,BGS,1.72717062,0.4500,false
V4T005889,33.729442,-54.373528,ELG,0.28005089,1.0000,true
V4T005890,351.752101,-38.724813,BGS,1.20388315,0.4500,true
V4T005891,26.287135,-52.615129,BGS,1.11334269,0.4500,false
V4T005892,353.532490,-35.915002,ELG,0.66086056,1.0000,false
V4T005893,35.165193,-48.043968,ELG,0.41397102,1.0000,false
V4T005894,359.793067,-33.625644,QSO,0.14399524,1.7000,false
V4T005895,358.330008,-25.844343,ELG,0.62185920,1.0000,false
V4T005896,33.079409,-36.836721,QSO,0.25480807,1.7000,false
V4T005897,34.243829,-37.505544,LRG,0.52858340,1.0000,false
V4T005898,44.927001,-59.944144,ELG,0.39072657,1.0000,false
V4T005899,355.142070,-38.407908,QSO,0.22454816,1.7000,true
V4T005900,32.205313,-37.428483,QSO,0.12013588,1.7000,false
V4T005901,35.278216,-45.961900,LRG,0.35178785,1.0000,false
V4T005902,341.773464,-28.501419,BGS,1.88378961,0.4500,false
V4T005903,2.904465,-33.112044,ELG,0.38494848,1.0000,false
V4T005904,351.327581,-37.223458,BGS,1.13781228,0.4500,false
V4T005905,345.267974,-33.371470,QSO,0.15964283,1.7000,false
V4T005906,355.729602,-25.986695,BGS,1.21451530,0.4500,false
V4T005907,345.836685,-29.233222,BGS,2.25909726,0.4500,false
V4T005908,46.933814,-49.354473,ELG,1.01752556,1.0000,true
V4T005909,38.954704,-50.627068,QSO,0.23657595,1.7000,false
V4T005910,28.858821,-40.547827,ELG,0.59679819,1.0000,false
V4T005911,346.832701,-12.847127,LRG,0.26155151,1.0000,false
V4T005912,354.474728,-23.539113,ELG,0.31028385,1.0000,false
V4T005913,50.197077,-45.707090,BGS,1.22856463,0.4500,false
V4T005914,0.657415,-26.044365,LRG,0.71740098,1.0000,false
V4T005915,345.354651,-20.554252,BGS,1.09555357,0.4500,false
V4T005916,347.702608,-13.339102,BGS,1.12230993,0.4500,false
V4T005917,358.212456,-24.562051,QSO,0.39262235,1.7000,false
V4T005918,33.184616,-37.340537,BGS,1.61782463,0.4500,false
V4T005919,38.286294,-39.520197,ELG,0.43895486,1.0000,false
V4T005920,349.741130,-36.026792,LRG,0.32622538,1.0000,true
V4T005921,354.151840,-35.463779,LRG,0.52574078,1.0000,false
V4T005922,352.744437,-38.653769,ELG,0.25808109,1.0000,false
V4T005923,356.837257,-20.874472,LRG,0.24371353,1.0000,false
V4T005924,350.165709,-28.016469,Star,4.03121268,0.3000,false
V4T005925,53.057865,-49.479264,LRG,0.70717798,1.0000,false
V4T005926,51.122029,-45.153345,QSO,0.18027858,1.7000,false
V4T005927,345.470948,-21.257383,BGS,1.88657215,0.4500,false
V4T005928,28.307910,-48.223211,BGS,0.75847980,0.4500,false
V4T005929,29.835525,-49.999530,ELG,0.46812206,1.0000,false
V4T005930,346.646931,-27.908086,QSO,0.11072098,1.7000,false
V4T005931,38.442802,-46.686295,ELG,0.96432004,1.0000,false
V4T005932,48.564278,-42.521979,BGS,1.91798510,0.4500,false
V4T005933,352.208573,-38.135199,ELG,1.15707248,1.0000,false
V4T005934,47.341663,-40.095965,ELG,0.41111136,1.0000,false
V4T005935,354.663851,-34.638462,ELG,0.55900860,1.0000,false
V4T005936,47.463445,-40.581027,LRG,0.23143715,1.0000,false
V4T005937,35.734331,-57.935488,BGS,1.20431231,0.4500,false
V4T005938,351.790945,-17.447584,ELG,0.43875839,1.0000,false
V4T005939,339.438938,-24.998488,ELG,0.59014297,1.0000,false
V4T005940,35.541290,-50.893046,ELG,0.52361618,1.0000,false
V4T005941,32.712299,-58.927045,LRG,0.42176746,1.0000,false
V4T005942,355.205579,-34.831467,LRG,0.55560754,1.0000,false
V4T005943,1.236252,-28.344472,QSO,0.14699203,1.7000,false
V4T005944,2.103058,-27.400566,QSO,0.18281003,1.7000,false
V4T005945,24.808217,-45.617627,QSO,0.10876117,1.7000,false
V4T005946,341.363285,-14.922826,QSO,0.16428010,1.7000,false
V4T005947,0.265976,-24.964873,ELG,0.91565716,1.0000,false
V4T005948,339.257258,-31.260280,LRG,0.34439976,1.0000,false
V4T005949,355.418285,-37.794046,ELG,0.63984274,1.0000,false
V4T005950,46.109479,-49.421462,ELG,0.47150438,1.0000,false
V4T005951,50.106791,-43.213877,LRG,0.21101114,1.0000,false
V4T005952,353.278724,-38.252045,BGS,1.29941873,0.4500,false
V4T005953,39.096237,-44.168450,LRG,0.92242876,1.0000,false
V4T005954,354.112159,-36.200536,LRG,0.24911122,1.0000,false
V4T005955,355.224765,-34.745378,ELG,0.66014754,1.0000,false
V4T005956,30.653913,-58.459384,LRG,0.50356933,1.0000,false
V4T005957,29.709902,-43.641410,BGS,1.08273064,0.4500,false
V4T005958,344.847307,-35.308594,ELG,0.41143699,1.0000,false
V4T005959,358.635842,-25.429872,ELG,0.83177004,1.0000,false
V4T005960,24.590472,-40.999695,BGS,1.87643754,0.4500,false
V4T005961,354.585109,-34.849988,BGS,0.91706214,0.4500,false
V4T005962,49.401953,-44.536295,ELG,0.62782524,1.0000,false
V4T005963,41.819596,-45.415534,LRG,0.25416628,1.0000,false
V4T005964,30.265257,-47.527455,Star,6.21793848,0.3000,false
V4T005965,352.337908,-37.000127,BGS,2.21496270,0.4500,false
V4T005966,37.853503,-43.893353,ELG,0.46915696,1.0000,false
V4T005967,51.613402,-45.947083,BGS,0.71807017,0.4500,false
V4T005968,23.046888,-43.042375,BGS,1.37096818,0.4500,false
V4T005969,23.231800,-46.650973,ELG,0.25370679,1.0000,false
V4T005970,346.090509,-19.117413,ELG,1.11974327,1.0000,false
V4T005971,337.479007,-18.534637,BGS,1.61111654,0.4500,false
V4T005972,49.958413,-54.636201,QSO,0.35890300,1.7000,false
V4T005973,351.674119,-39.854977,BGS,0.96838597,0.4500,false
V4T005974,338.956492,-34.917397,ELG,0.38604318,1.0000,false
V4T005975,50.290936,-57.663035,ELG,0.56005001,1.0000,false
V4T005976,4.601298,-30.107316,QSO,0.20030233,1.7000,false
V4T005977,352.330550,-38.367606,ELG,0.84660148,1.0000,false
V4T005978,46.609248,-47.046143,ELG,0.37437442,1.0000,false
V4T005979,32.632683,-36.561768,ELG,0.48309419,1.0000,false
V4T005980,354.399514,-34.232245,ELG,0.85783839,1.0000,false
V4T005981,357.369945,-25.914112,BGS,1.50300665,0.4500,false
V4T005982,349.559110,-14.103925,ELG,0.38924488,1.0000,false
V4T005983,53.519938,-48.774902,LRG,0.29635649,1.0000,false
V4T005984,53.026704,-50.538342,BGS,1.95832414,0.4500,false
V4T005985,334.690038,-25.550647,ELG,0.73653580,1.0000,false
V4T005986,51.339800,-44.767913,BGS,1.57966248,0.4500,false
V4T005987,25.762492,-44.122836,QSO,0.17972745,1.7000,false
V4T005988,335.218283,-28.916353,ELG,0.84993384,1.0000,false
V4T005989,347.847295,-11.993155,LRG,0.44079151,1.0000,false
V4T005990,343.907990,-16.935689,BGS,1.02390264,0.4500,false
V4T005991,335.880742,-31.910480,ELG,0.67452776,1.0000,false
V4T005992,359.442829,-27.273742,LRG,0.25307120,1.0000,false
V4T005993,40.599353,-43.566306,BGS,1.65731930,0.4500,false
V4T005994,34.745520,-41.482443,BGS,1.41800332,0.4500,true
V4T005995,338.950698,-24.633475,BGS,1.03400625,0.4500,false
V4T005996,31.099560,-59.316160,ELG,0.41923952,1.0000,false
V4T005997,35.292974,-47.189709,BGS,1.72331145,0.4500,false
V4T005998,345.157917,-20.529518,QSO,0.22294170,1.7000,false
V4T005999,353.253081,-39.864019,BGS,0.66592771,0.4500,false
V4T006000,352.418039,-39.440368,QSO,0.27289127,1.7000,false
V4T006001,339.165911,-17.283984,BGS,0.86424946,0.4500,false
V4T006002,350.849760,-17.534598,QSO,0.08656008,1.7000,false
V4T006003,344.313148,-13.867703,LRG,0.21429712,1.0000,false
V4T006004,351.059966,-36.695507,ELG,0.59082073,1.0000,false
V4T006005,45.835537,-47.263157,ELG,0.56830146,1.0000,false
V4T006006,350.377146,-17.560817,ELG,0.71284728,1.0000,false
V4T006007,1.652821,-21.748285,ELG,0.87705173,1.0000,false
V4T006008,19.829022,-48.587131,ELG,0.23474811,1.0000,false
V4T006009,347.742947,-24.958867,Star,4.01009568,0.3000,false
V4T006010,21.222623,-47.003777,ELG,1.07425404,1.0000,false
V4T006011,355.068421,-37.074634,ELG,0.53697017,1.0000,false
V4T006012,44.250542,-55.445804,ELG,0.63955820,1.0000,false
V4T006013,353.514747,-35.587226,LRG,0.11618113,1.0000,false
V4T006014,350.099867,-36.161282,ELG,0.35709102,1.0000,false
V4T006015,359.932696,-20.212070,ELG,1.07578991,1.0000,false
V4T006016,350.629058,-37.694389,LRG,0.47938265,1.0000,true
V4T006017,26.127058,-59.575831,BGS,0.99299573,0.4500,false
V4T006018,353.845408,-38.406511,Star,4.08536391,0.3000,false
V4T006019,339.345642,-24.131494,LRG,0.36600610,1.0000,true
V4T006020,358.068898,-26.834432,BGS,1.80782759,0.4500,false
V4T006021,345.528124,-37.764574,BGS,1.83714621,0.4500,false
V4T006022,345.198013,-13.622562,QSO,0.22099828,1.7000,false
V4T006023,26.812310,-46.934476,BGS,1.13741669,0.4500,false
V4T006024,357.727622,-27.443671,QSO,0.18630910,1.7000,true
V4T006025,345.297977,-28.642995,BGS,1.31483012,0.4500,false
V4T006026,20.735293,-46.224376,LRG,0.72161008,1.0000,false
V4T006027,359.519380,-23.003551,LRG,0.31619238,1.0000,false
V4T006028,20.963050,-44.214158,BGS,0.99391288,0.4500,false
V4T006029,31.608364,-59.867264,LRG,0.20003981,1.0000,false
V4T006030,340.194296,-29.434067,QSO,0.15175141,1.7000,true
V4T006031,22.609609,-44.302734,ELG,0.51004663,1.0000,false
V4T006032,1.289730,-21.061929,ELG,0.54070464,1.0000,false
V4T006033,354.069202,-34.422443,ELG,0.42364484,1.0000,false
V4T006034,352.192624,-19.727590,Star,3.68666163,0.3000,false
V4T006035,2.663116,-34.435277,LRG,0.40421001,1.0000,false
V4T006036,352.270921,-34.119370,BGS,0.99290034,0.4500,false
V4T006037,44.795667,-47.412398,ELG,0.67005437,1.0000,false
V4T006038,354.913093,-35.591728,BGS,1.65545368,0.4500,false
V4T006039,336.795761,-25.197359,QSO,0.10557682,1.7000,false
V4T006040,353.248497,-35.443929,Star,4.36991829,0.3000,false
V4T006041,353.207445,-37.525964,ELG,0.22597412,1.0000,false
V4T006042,356.105747,-14.141040,LRG,0.34540204,1.0000,false
V4T006043,50.161294,-54.800692,ELG,0.53597968,1.0000,false
V4T006044,354.139916,-35.107578,BGS,0.87481575,0.4500,false
V4T006045,50.170244,-44.926715,BGS,1.19284326,0.4500,false
V4T006046,24.147677,-50.241235,LRG,0.30359046,1.0000,false
V4T006047,50.121858,-44.282411,ELG,0.80250279,1.0000,false
V4T006048,30.446009,-36.931600,QSO,0.07233412,1.7000,false
V4T006049,0.803536,-22.382805,QSO,0.09828836,1.7000,false
V4T006050,359.453163,-30.476909,Star,5.28188994,0.3000,false
V4T006051,30.693309,-50.398772,Star,2.65662806,0.3000,false
V4T006052,48.978530,-51.191600,ELG,0.39478981,1.0000,false
V4T006053,39.350887,-52.550027,ELG,1.05226607,1.0000,false
V4T006054,43.445089,-48.761966,BGS,1.01192370,0.4500,false
V4T006055,358.149589,-37.102391,ELG,0.62207490,1.0000,false
V4T006056,358.333083,-25.892640,ELG,0.59337358,1.0000,false
V4T006057,0.158073,-32.705152,ELG,0.25484815,1.0000,false
V4T006058,32.073655,-62.285813,BGS,0.58996828,0.4500,false
V4T006059,353.857844,-38.540885,QSO,0.15908262,1.7000,false
V4T006060,3.304781,-24.162377,QSO,0.13710889,1.7000,false
V4T006061,49.956068,-44.046999,Star,3.72483222,0.3000,false
V4T006062,353.028429,-23.267684,LRG,0.26322317,1.0000,false
V4T006063,351.461498,-21.201313,BGS,1.04640233,0.4500,false
V4T006064,28.070090,-41.220031,ELG,0.55462144,1.0000,false
V4T006065,355.064537,-19.365180,ELG,0.47005034,1.0000,false
V4T006066,346.082804,-20.482753,LRG,0.36728241,1.0000,false
V4T006067,354.808855,-35.679501,QSO,0.25014214,1.7000,false
V4T006068,1.338360,-19.171181,ELG,0.72642671,1.0000,false
V4T006069,352.877691,-12.301860,BGS,1.68503484,0.4500,false
V4T006070,349.407470,-27.325311,ELG,0.96382696,1.0000,false
V4T006071,341.718475,-20.187450,LRG,0.28708262,1.0000,false
V4T006072,354.511190,-39.108329,BGS,0.49513124,0.4500,false
V4T006073,350.774425,-38.743527,BGS,0.81718020,0.4500,false
V4T006074,338.385742,-27.477115,QSO,0.16720241,1.7000,false
V4T006075,345.126420,-31.664371,QSO,0.19310424,1.7000,false
V4T006076,358.644764,-26.514511,BGS,1.56295237,0.4500,false
V4T006077,25.152504,-57.705752,LRG,0.22923258,1.0000,false
V4T006078,46.205492,-39.431802,LRG,0.25223648,1.0000,false
V4T006079,349.740631,-36.956847,LRG,0.21337961,1.0000,false
V4T006080,356.742132,-22.429072,ELG,0.50652270,1.0000,false
V4T006081,345.078250,-20.190409,QSO,0.06060089,1.7000,false
V4T006082,351.779826,-39.114220,LRG,0.32036833,1.0000,false
V4T006083,348.053067,-38.649056,QSO,0.08009537,1.7000,false
V4T006084,1.334597,-33.397504,BGS,1.60235447,0.4500,false
V4T006085,22.868070,-50.343291,LRG,0.34730505,1.0000,true
V4T006086,31.269385,-49.457623,ELG,0.51713366,1.0000,false
V4T006087,31.930799,-58.938789,BGS,1.84858397,0.4500,true
V4T006088,3.298241,-28.745657,ELG,0.59497897,1.0000,false
V4T006089,345.260061,-28.471468,ELG,0.41840041,1.0000,false
V4T006090,32.838254,-36.617035,ELG,0.64399847,1.0000,false
V4T006091,37.455068,-51.861298,LRG,0.43128256,1.0000,false
V4T006092,44.336959,-59.580679,LRG,0.25309821,1.0000,false
V4T006093,26.111839,-44.991082,QSO,0.32920078,1.7000,true
V4T006094,23.952409,-58.557420,QSO,0.30686308,1.7000,false
V4T006095,355.983782,-33.623921,LRG,0.31830462,1.0000,true
V4T006096,35.201027,-46.241988,LRG,0.24442271,1.0000,false
V4T006097,29.441624,-49.475477,QSO,0.35636174,1.7000,false
V4T006098,28.727155,-42.043586,LRG,0.20467929,1.0000,false
V4T006099,351.002610,-27.063414,LRG,0.34794890,1.0000,false
V4T006100,22.651679,-52.252997,LRG,0.23724557,1.0000,false
V4T006101,335.566232,-22.144779,QSO,0.09327204,1.7000,false
V4T006102,352.351222,-37.712206,QSO,0.26359434,1.7000,false
V4T006103,351.153277,-35.532146,ELG,0.70078132,1.0000,false
V4T006104,30.900377,-55.614327,ELG,0.22603369,1.0000,false
V4T006105,45.967171,-56.226354,BGS,0.94833895,0.4500,false
V4T006106,337.061875,-22.126565,ELG,0.72182933,1.0000,false
V4T006107,357.891788,-25.758493,QSO,0.23360932,1.7000,false
V4T006108,351.562131,-20.670851,QSO,0.11421681,1.7000,false
V4T006109,355.672405,-34.902490,LRG,0.34619606,1.0000,false
V4T006110,34.949203,-54.004658,LRG,0.55424630,1.0000,false
V4T006111,345.767876,-28.307307,QSO,0.24159845,1.7000,false
V4T006112,355.835817,-35.143006,QSO,0.33400412,1.7000,false
V4T006113,22.081012,-50.922176,LRG,0.22487653,1.0000,false
V4T006114,350.279889,-37.666778,ELG,0.39954396,1.0000,false
V4T006115,31.330210,-47.439322,LRG,0.26176678,1.0000,false
V4T006116,340.705094,-26.741950,LRG,0.31233722,1.0000,false
V4T006117,350.010520,-36.390504,ELG,0.44056238,1.0000,false
V4T006118,344.314700,-26.311145,ELG,0.41234338,1.0000,false
V4T006119,32.464949,-36.865964,ELG,0.33688780,1.0000,false
V4T006120,352.484141,-38.485357,QSO,0.18797784,1.7000,false
V4T006121,341.999695,-21.553646,QSO,0.10627542,1.7000,false
V4T006122,3.053040,-28.295699,ELG,0.71339780,1.0000,false
V4T006123,32.141097,-37.917783,LRG,0.20446702,1.0000,false
V4T006124,351.030635,-33.492151,ELG,0.51908455,1.0000,false
V4T006125,356.159254,-34.815945,Star,3.00547725,0.3000,false
V4T006126,354.385105,-35.197088,QSO,0.18942616,1.7000,false
V4T006127,354.092292,-22.064628,ELG,0.54616993,1.0000,false
V4T006128,35.853512,-52.289399,LRG,0.52733854,1.0000,false
V4T006129,40.411087,-56.143598,ELG,0.79300500,1.0000,false
V4T006130,49.752874,-43.697397,BGS,1.36665096,0.4500,false
V4T006131,351.123279,-33.557538,QSO,0.25893731,1.7000,false
V4T006132,358.448623,-26.293505,BGS,1.30189221,0.4500,false
V4T006133,351.534952,-38.960965,ELG,0.60707575,1.0000,false
V4T006134,345.559288,-27.855415,BGS,1.64821393,0.4500,false
V4T006135,349.166125,-14.463115,BGS,1.57555027,0.4500,false
V4T006136,358.475860,-19.961479,ELG,0.53527923,1.0000,false
V4T006137,32.121199,-58.965488,QSO,0.09802664,1.7000,false
V4T006138,28.895511,-41.599756,BGS,0.74234462,0.4500,false
V4T006139,38.820525,-57.422924,ELG,0.54452284,1.0000,false
V4T006140,2.479776,-26.467683,BGS,1.54229253,0.4500,false
V4T006141,349.847873,-22.521482,QSO,0.18668444,1.7000,true
V4T006142,4.114181,-28.157494,LRG,0.64230246,1.0000,false
V4T006143,31.815440,-42.752375,ELG,1.44622832,1.0000,false
V4T006144,1.085946,-33.290434,BGS,1.54026016,0.4500,true
V4T006145,346.955530,-23.428875,ELG,0.71985651,1.0000,false
V4T006146,37.518987,-43.768410,LRG,0.32062368,1.0000,false
V4T006147,344.999183,-20.123926,LRG,0.43761907,1.0000,false
V4T006148,37.483120,-44.886528,ELG,0.52274768,1.0000,false
V4T006149,357.616755,-25.405812,LRG,0.23865817,1.0000,false
V4T006150,351.922668,-39.262314,Star,3.04620663,0.3000,false
V4T006151,358.293925,-26.743717,ELG,0.38238949,1.0000,false
V4T006152,349.610173,-35.584496,ELG,0.42978391,1.0000,false
V4T006153,344.091362,-32.300704,QSO,0.23327554,1.7000,false
V4T006154,346.020153,-19.986448,ELG,0.58275720,1.0000,false
V4T006155,49.455617,-44.153261,Star,3.08588098,0.3000,false
V4T006156,51.591387,-45.925208,ELG,0.53013448,1.0000,false
V4T006157,352.992511,-38.706631,BGS,1.05515028,0.4500,false
V4T006158,26.377379,-42.259295,BGS,0.78922147,0.4500,false
V4T006159,357.350552,-26.515635,LRG,0.53451568,1.0000,false
V4T006160,44.198302,-55.691591,Star,3.66463919,0.3000,false
V4T006161,29.687289,-53.344145,ELG,0.44636818,1.0000,false
V4T006162,353.697277,-38.267934,BGS,0.96085778,0.4500,false
V4T006163,351.972878,-39.210633,BGS,1.62718052,0.4500,false
V4T006164,45.488464,-45.017010,ELG,0.64351353,1.0000,false
V4T006165,351.040894,-38.864760,Star,4.49631311,0.3000,false
V4T006166,336.672969,-25.803193,ELG,0.86425896,1.0000,false
V4T006167,354.411497,-38.236326,Star,4.98257129,0.3000,false
V4T006168,355.523401,-34.353064,QSO,0.22939190,1.7000,false
V4T006169,348.209543,-18.685119,QSO,0.15101715,1.7000,false
V4T006170,345.542416,-20.790046,ELG,0.42727785,1.0000,false
V4T006171,354.895953,-37.883560,BGS,1.38610645,0.4500,false
V4T006172,1.211936,-21.757810,BGS,0.83513625,0.4500,false
V4T006173,359.715765,-23.791783,ELG,1.31505403,1.0000,true
V4T006174,346.788290,-13.790003,LRG,0.25508871,1.0000,false
V4T006175,36.676072,-59.327722,QSO,0.16823762,1.7000,false
V4T006176,49.780203,-41.196020,QSO,0.10932198,1.7000,false
V4T006177,345.713872,-19.478349,BGS,2.09818332,0.4500,false
V4T006178,338.833478,-16.926937,Star,2.57430362,0.3000,false
V4T006179,47.711071,-42.412886,ELG,0.52208913,1.0000,false
V4T006180,353.184405,-33.272393,ELG,0.89648786,1.0000,false
V4T006181,341.266706,-33.686396,BGS,1.78938278,0.4500,false
V4T006182,347.319002,-25.086576,QSO,0.14376293,1.7000,false
V4T006183,40.782561,-59.126505,LRG,0.64977630,1.0000,false
V4T006184,354.964320,-35.557464,BGS,0.92496475,0.4500,false
V4T006185,346.269974,-20.152996,LRG,0.32719942,1.0000,false
V4T006186,350.917765,-39.010545,BGS,1.16010237,0.4500,false
V4T006187,357.957452,-27.102218,QSO,0.30089498,1.7000,false
V4T006188,343.985911,-18.155560,ELG,0.70285322,1.0000,false
V4T006189,32.034646,-37.680381,BGS,0.86822543,0.4500,false
V4T006190,356.536616,-34.585350,BGS,1.98300797,0.4500,false
V4T006191,33.935349,-59.982919,LRG,0.50589707,1.0000,false
V4T006192,346.955210,-16.262404,QSO,0.12307603,1.7000,false
V4T006193,34.890486,-63.023023,QSO,0.19311483,1.7000,false
V4T006194,40.036691,-43.693000,ELG,0.29155579,1.0000,false
V4T006195,342.266697,-24.015248,ELG,0.35078173,1.0000,false
V4T006196,34.404735,-51.856276,BGS,1.20177071,0.4500,false
V4T006197,353.774548,-13.815464,ELG,0.65577474,1.0000,false
V4T006198,343.304850,-28.238400,ELG,0.33298119,1.0000,false
V4T006199,43.216402,-48.782122,QSO,0.12981621,1.7000,true
V4T006200,2.023322,-22.874370,QSO,0.18920286,1.7000,false
V4T006201,33.588406,-57.806237,Star,3.74473206,0.3000,false
V4T006202,354.948538,-13.460272,BGS,0.91361725,0.4500,false
V4T006203,353.238307,-39.099747,LRG,0.27552311,1.0000,false
V4T006204,354.315447,-34.886498,ELG,0.46098786,1.0000,false
V4T006205,22.904698,-44.444324,Star,3.90820870,0.3000,false
V4T006206,349.985977,-32.487755,LRG,0.28736387,1.0000,false
V4T006207,352.968592,-38.372414,BGS,1.04737635,0.4500,false
V4T006208,355.364579,-34.488821,LRG,0.29276471,1.0000,false
V4T006209,45.963231,-48.497130,BGS,0.56969631,0.4500,false
V4T006210,31.383695,-59.135206,ELG,0.83373859,1.0000,false
V4T006211,339.520665,-24.135340,LRG,0.33771841,1.0000,false
V4T006212,43.273664,-56.440901,BGS,1.57445900,0.4500,false
V4T006213,353.468390,-38.962338,QSO,0.09770545,1.7000,false
V4T006214,40.969566,-53.079083,ELG,0.73850752,1.0000,false
V4T006215,51.146479,-52.646423,BGS,1.39917481,0.4500,false
V4T006216,48.659003,-53.061809,ELG,0.97439510,1.0000,false
V4T006217,356.131873,-35.248428,LRG,0.48484122,1.0000,false
V4T006218,358.061358,-34.255490,QSO,0.31168487,1.7000,false
V4T006219,35.310909,-39.033247,BGS,1.67304304,0.4500,false
V4T006220,357.728193,-19.899085,QSO,0.09820092,1.7000,false
V4T006221,32.453692,-59.589586,LRG,0.44373618,1.0000,false
V4T006222,39.552786,-39.201157,Star,2.47304684,0.3000,false
V4T006223,345.005746,-27.468199,ELG,0.46606368,1.0000,true
V4T006224,358.089784,-27.250302,BGS,1.05008676,0.4500,false
V4T006225,29.148661,-57.146871,ELG,0.34123924,1.0000,false
V4T006226,355.656020,-37.012871,ELG,0.54430388,1.0000,false
V4T006227,3.115173,-26.267662,ELG,0.62562951,1.0000,false
V4T006228,343.124424,-13.709799,ELG,0.53592430,1.0000,false
V4T006229,358.198540,-26.487612,ELG,0.86224791,1.0000,false
V4T006230,351.504730,-38.575828,ELG,0.31496805,1.0000,true
V4T006231,339.399715,-16.999270,LRG,0.51946923,1.0000,false
V4T006232,27.807971,-36.580284,BGS,0.86867386,0.4500,false
V4T006233,359.830260,-16.396158,Star,3.15648155,0.3000,false
V4T006234,356.186942,-34.531856,ELG,0.82290022,1.0000,false
V4T006235,26.256619,-54.737837,LRG,0.31571080,1.0000,false
V4T006236,36.892206,-54.797146,ELG,0.50830728,1.0000,false
V4T006237,349.302988,-35.092608,LRG,0.17763266,1.0000,false
V4T006238,347.995209,-19.179734,BGS,1.26892900,0.4500,false
V4T006239,24.951796,-50.008778,BGS,1.00496952,0.4500,false
V4T006240,354.714139,-21.153106,Star,3.58597183,0.3000,false
V4T006241,345.388507,-28.082948,LRG,0.38782043,1.0000,false
V4T006242,25.435158,-57.542378,ELG,0.39582971,1.0000,false
V4T006243,28.043197,-41.766455,LRG,0.21208166,1.0000,false
V4T006244,349.015187,-37.652843,ELG,0.76515913,1.0000,false
V4T006245,352.891784,-38.400155,LRG,0.28980006,1.0000,false
V4T006246,353.478059,-22.150049,ELG,0.69463025,1.0000,false
V4T006247,350.363715,-21.856162,ELG,0.40585493,1.0000,false
V4T006248,36.851724,-50.043147,BGS,1.48496784,0.4500,false
V4T006249,349.711548,-35.968370,LRG,0.33623621,1.0000,false
V4T006250,355.357260,-34.409790,ELG,0.88998976,1.0000,false
V4T006251,344.837938,-28.246998,BGS,0.76876010,0.4500,false
V4T006252,339.694528,-34.200101,BGS,0.98139260,0.4500,false
V4T006253,46.351504,-53.325983,ELG,0.53694320,1.0000,false
V4T006254,45.337725,-50.038700,ELG,0.53500879,1.0000,false
V4T006255,357.368057,-15.559667,ELG,0.42183974,1.0000,false
V4T006256,352.844519,-38.422956,BGS,1.84283972,0.4500,false
V4T006257,357.847861,-26.727772,QSO,0.12324885,1.7000,false
V4T006258,33.465172,-59.739304,ELG,0.63759563,1.0000,false
V4T006259,353.884173,-38.726751,ELG,0.56122239,1.0000,false
V4T006260,50.179243,-52.809902,QSO,0.14362226,1.7000,false
V4T006261,334.153199,-26.192328,ELG,0.72257371,1.0000,false
V4T006262,354.741669,-35.242116,LRG,0.40106732,1.0000,false
V4T006263,357.851727,-17.530060,QSO,0.12601571,1.7000,false
V4T006264,355.576716,-24.159820,BGS,0.93186586,0.4500,false
V4T006265,42.023901,-56.538613,LRG,0.32333769,1.0000,false
V4T006266,48.898147,-54.540183,ELG,0.66435498,1.0000,false
V4T006267,335.135557,-26.754764,LRG,0.41216335,1.0000,false
V4T006268,44.809823,-39.497584,ELG,0.51462354,1.0000,false
V4T006269,352.488167,-26.510613,ELG,0.67797684,1.0000,false
V4T006270,352.766034,-15.012921,BGS,1.35084206,0.4500,false
V4T006271,340.998768,-28.185899,LRG,0.12720781,1.0000,false
V4T006272,353.987437,-26.804925,ELG,0.61080412,1.0000,true
V4T006273,352.150001,-36.546391,BGS,0.99210959,0.4500,false
V4T006274,24.300347,-61.222739,QSO,0.14884166,1.7000,false
V4T006275,50.449801,-45.913253,LRG,0.34145178,1.0000,false
V4T006276,353.170757,-35.093552,ELG,0.37383418,1.0000,false
V4T006277,34.992070,-46.875979,LRG,0.32878311,1.0000,false
V4T006278,350.698541,-36.849306,ELG,0.45596431,1.0000,false
V4T006279,347.738951,-14.890208,BGS,1.52591582,0.4500,false
V4T006280,351.136455,-38.928203,Star,3.83878601,0.3000,false
V4T006281,28.380142,-37.018498,QSO,0.19901066,1.7000,false
V4T006282,339.288418,-17.830322,BGS,1.36371404,0.4500,false
V4T006283,354.248640,-26.793778,BGS,0.88298730,0.4500,false
V4T006284,1.708068,-25.164503,BGS,0.90002895,0.4500,false
V4T006285,43.615033,-48.889031,ELG,0.94996997,1.0000,false
V4T006286,345.281812,-15.088188,ELG,0.36524695,1.0000,false
V4T006287,357.711538,-18.752757,ELG,0.63885540,1.0000,false
V4T006288,355.663239,-20.461634,BGS,0.93178009,0.4500,false
V4T006289,350.069327,-37.901790,Star,4.34896260,0.3000,false
V4T006290,348.531542,-18.774717,BGS,1.26874866,0.4500,false
V4T006291,346.201729,-15.575257,BGS,0.79784673,0.4500,false
V4T006292,22.808890,-47.735635,Star,3.32144168,0.3000,false
V4T006293,50.880859,-44.649132,BGS,0.97791180,0.4500,false
V4T006294,343.851328,-38.147538,ELG,0.32574166,1.0000,false
V4T006295,42.782140,-45.315726,QSO,0.60089832,1.7000,false
V4T006296,354.804271,-34.733859,ELG,0.67699107,1.0000,false
V4T006297,343.481266,-34.761391,ELG,0.50576313,1.0000,false
V4T006298,351.204385,-39.111489,ELG,0.50932292,1.0000,false
V4T006299,353.965030,-37.654873,QSO,0.29684706,1.7000,false
V4T006300,338.287672,-36.057468,ELG,0.26658427,1.0000,false
V4T006301,24.663354,-49.826641,ELG,0.86117553,1.0000,false
V4T006302,31.643422,-41.353878,ELG,0.55682656,1.0000,false
V4T006303,341.961071,-34.011268,LRG,0.29561503,1.0000,false
V4T006304,25.217306,-40.899203,QSO,0.21514400,1.7000,false
V4T006305,49.482120,-44.571769,QSO,0.36839284,1.7000,false
V4T006306,349.845444,-30.882329,BGS,0.96589805,0.4500,false
V4T006307,29.126855,-37.423398,QSO,0.16142325,1.7000,false
V4T006308,28.969523,-49.702491,BGS,1.36122793,0.4500,false
V4T006309,354.714549,-36.359078,ELG,0.24415741,1.0000,false
V4T006310,337.763825,-26.579498,BGS,0.88739237,0.4500,false
V4T006311,342.507075,-32.361596,ELG,0.63681195,1.0000,false
V4T006312,344.777234,-21.231800,ELG,0.85874852,1.0000,false
V4T006313,38.772250,-55.094892,BGS,1.68337185,0.4500,false
V4T006314,39.120317,-51.856592,QSO,0.22242954,1.7000,false
V4T006315,4.251466,-28.060574,BGS,1.53486254,0.4500,false
V4T006316,349.876709,-15.785747,ELG,0.65454614,1.0000,false
V4T006317,31.496995,-59.321893,ELG,0.30276082,1.0000,false
V4T006318,33.394848,-51.749581,QSO,0.15531714,1.7000,true
V4T006319,358.081334,-26.500403,LRG,0.35794492,1.0000,false
V4T006320,345.156375,-27.925756,ELG,0.64778918,1.0000,false
V4T006321,340.191612,-18.005647,ELG,0.56899066,1.0000,false
V4T006322,30.956828,-48.834616,LRG,0.29976624,1.0000,false
V4T006323,357.354046,-20.909759,LRG,0.26366030,1.0000,false
V4T006324,28.504188,-43.656184,BGS,1.02531642,0.4500,false
V4T006325,353.530267,-38.238704,BGS,0.98985689,0.4500,false
V4T006326,357.919226,-27.006839,QSO,0.09487668,1.7000,false
V4T006327,338.427222,-26.624544,QSO,0.38475524,1.7000,false
V4T006328,50.522492,-44.383305,LRG,0.30582335,1.0000,false
V4T006329,45.234347,-41.888366,BGS,1.24912066,0.4500,false
V4T006330,346.303172,-28.057988,ELG,0.47266129,1.0000,false
V4T006331,34.623441,-37.379001,QSO,0.15369478,1.7000,false
V4T006332,358.770160,-15.067634,ELG,0.62937760,1.0000,false
V4T006333,354.193767,-35.070806,LRG,0.27150651,1.0000,false
V4T006334,351.663051,-39.734030,ELG,0.71223991,1.0000,false
V4T006335,45.382987,-48.193742,Star,3.66918148,0.3000,false
V4T006336,22.575399,-50.807081,ELG,0.25728238,1.0000,true
V4T006337,41.268431,-44.988662,ELG,0.35053139,1.0000,false
V4T006338,32.860481,-40.538594,BGS,1.20221503,0.4500,false
V4T006339,352.043125,-21.293602,BGS,2.02309035,0.4500,false
V4T006340,354.101273,-38.279451,Star,4.05824862,0.3000,false
V4T006341,31.675424,-62.164288,ELG,0.76185679,1.0000,false
V4T006342,21.726840,-47.168255,QSO,0.22191352,1.7000,false
V4T006343,41.311595,-56.722124,ELG,0.53785897,1.0000,false
V4T006344,355.472458,-15.783866,BGS,0.87479553,0.4500,false
V4T006345,341.194923,-24.388180,LRG,0.16041207,1.0000,false
V4T006346,344.805906,-20.898383,QSO,0.24003094,1.7000,false
V4T006347,351.577350,-39.306760,QSO,0.18130950,1.7000,false
V4T006348,40.451806,-61.128847,Star,4.61113827,0.3000,false
V4T006349,339.316529,-16.864271,BGS,1.45237448,0.4500,false
V4T006350,30.777506,-43.074255,Star,6.51549378,0.3000,false
V4T006351,341.325848,-19.057877,BGS,1.15921027,0.4500,false
V4T006352,47.264675,-45.977086,ELG,0.49740835,1.0000,false
V4T006353,346.871203,-38.749731,ELG,0.52284483,1.0000,false
V4T006354,358.861462,-16.037777,QSO,0.16313932,1.7000,false
V4T006355,359.166856,-34.536932,QSO,0.21186059,1.7000,false
V4T006356,350.496231,-37.107462,LRG,0.33533677,1.0000,false
V4T006357,354.429207,-34.326160,BGS,1.18157093,0.4500,false
V4T006358,346.022166,-28.812664,BGS,1.15999641,0.4500,false
V4T006359,25.014480,-50.916385,BGS,1.12731886,0.4500,false
V4T006360,358.948556,-38.062929,BGS,1.31020681,0.4500,false
V4T006361,37.849047,-44.627427,ELG,0.52288672,1.0000,false
V4T006362,43.465227,-57.872403,ELG,0.67007956,1.0000,false
V4T006363,350.400988,-33.018467,ELG,0.70612821,1.0000,false
V4T006364,49.671714,-44.294917,ELG,0.51953176,1.0000,false
V4T006365,356.315773,-35.340789,ELG,0.51382922,1.0000,false
V4T006366,349.176711,-16.221929,LRG,0.39080064,1.0000,false
V4T006367,28.341227,-51.933794,BGS,1.23435764,0.4500,false
V4T006368,52.197864,-47.532081,ELG,0.66518149,1.0000,false
V4T006369,338.409731,-18.654976,Star,3.92994613,0.3000,false
V4T006370,36.150765,-54.785918,QSO,0.12142319,1.7000,false
V4T006371,355.943958,-35.108957,ELG,0.62379285,1.0000,false
V4T006372,32.549162,-36.622073,ELG,0.65922466,1.0000,false
V4T006373,41.997693,-47.605293,BGS,1.16051725,0.4500,false
V4T006374,53.488100,-46.029910,ELG,0.33637388,1.0000,false
V4T006375,40.180962,-42.605077,QSO,0.20173537,1.7000,false
V4T006376,0.136699,-24.371732,BGS,1.70936033,0.4500,false
V4T006377,351.436465,-35.330098,BGS,2.13240535,0.4500,false
V4T006378,339.069125,-23.919184,QSO,0.50294957,1.7000,false
V4T006379,350.476210,-30.371052,BGS,1.07245004,0.4500,false
V4T006380,2.675308,-29.445175,LRG,0.37251715,1.0000,false
V4T006381,39.540081,-50.111120,BGS,1.50266648,0.4500,false
V4T006382,0.086184,-28.444243,Star,5.60664175,0.3000,false
V4T006383,345.585201,-20.059156,ELG,0.78686113,1.0000,false
V4T006384,345.949460,-28.102612,ELG,0.39102961,1.0000,false
V4T006385,344.917886,-33.997644,QSO,0.16509625,1.7000,false
V4T006386,350.865491,-18.477914,ELG,0.60079164,1.0000,false
V4T006387,355.205681,-34.652911,ELG,0.54905727,1.0000,false
V4T006388,353.581526,-34.791346,QSO,0.13563057,1.7000,false
V4T006389,48.369135,-42.608679,QSO,0.16392776,1.7000,false
V4T006390,44.195341,-55.030603,ELG,0.34823544,1.0000,false
V4T006391,43.857253,-55.193352,Star,4.28103257,0.3000,true
V4T006392,345.744873,-20.927161,ELG,0.40681510,1.0000,false
V4T006393,344.403447,-38.020595,ELG,0.26180760,1.0000,false
V4T006394,352.079757,-12.153588,ELG,0.41828036,1.0000,false
V4T006395,22.609904,-47.647072,QSO,0.14200741,1.7000,false
V4T006396,33.620893,-39.174093,LRG,0.28343860,1.0000,false
V4T006397,358.619113,-26.492895,QSO,0.08232074,1.7000,false
V4T006398,353.825204,-37.660968,ELG,0.59535684,1.0000,false
V4T006399,45.878830,-50.828312,BGS,0.87604407,0.4500,false
V4T006400,21.876213,-46.455049,BGS,1.21473384,0.4500,false
V4T006401,356.758293,-26.244628,ELG,0.34711834,1.0000,false
V4T006402,26.309753,-51.336406,BGS,1.50487917,0.4500,false
V4T006403,30.311718,-37.641664,Star,4.75724073,0.3000,true
V4T006404,341.472767,-30.192602,BGS,1.10224877,0.4500,false
V4T006405,348.635643,-32.425780,ELG,0.54178198,1.0000,false
V4T006406,28.467586,-45.730469,QSO,0.35538109,1.7000,true
V4T006407,36.897883,-55.894787,ELG,0.49776239,1.0000,false
V4T006408,46.192309,-60.341685,BGS,0.79866963,0.4500,false
V4T006409,353.674555,-37.793921,BGS,1.50541682,0.4500,false
V4T006410,353.935166,-23.393794,ELG,0.85771642,1.0000,false
V4T006411,46.931796,-50.060822,ELG,0.68823025,1.0000,false
V4T006412,345.235505,-21.091788,BGS,0.93265479,0.4500,false
V4T006413,51.757773,-43.530676,LRG,0.39279969,1.0000,false
V4T006414,23.194747,-59.548000,BGS,1.33615542,0.4500,false
V4T006415,31.281033,-59.390277,ELG,0.42703781,1.0000,true
V4T006416,35.753720,-46.205146,BGS,1.53785714,0.4500,false
V4T006417,358.903897,-23.554756,ELG,0.73131391,1.0000,false
V4T006418,353.676956,-15.484144,BGS,1.48219600,0.4500,false
V4T006419,359.556651,-32.975424,BGS,1.47563793,0.4500,false
V4T006420,338.015325,-27.629367,ELG,0.78527852,1.0000,false
V4T006421,32.486954,-35.543826,ELG,0.84841068,1.0000,false
V4T006422,25.564563,-37.759328,ELG,0.30798556,1.0000,false
V4T006423,33.516935,-36.608247,BGS,1.91022970,0.4500,false
V4T006424,339.976916,-28.009413,LRG,0.35338572,1.0000,false
V4T006425,343.990057,-27.902076,ELG,0.42436443,1.0000,false
V4T006426,33.216772,-36.231982,ELG,0.42342211,1.0000,false
V4T006427,351.781318,-38.762098,LRG,0.54066952,1.0000,false
V4T006428,20.594761,-55.735659,LRG,0.27992768,1.0000,false
V4T006429,345.134614,-20.592106,ELG,0.22514352,1.0000,false
V4T006430,2.948390,-21.958271,BGS,2.23733058,0.4500,false
V4T006431,32.164573,-52.014944,LRG,0.26867541,1.0000,false
V4T006432,1.237430,-36.937767,ELG,0.46302018,1.0000,false
V4T006433,22.236120,-47.238749,QSO,0.14016243,1.7000,false
V4T006434,345.560466,-20.232714,ELG,0.28425877,1.0000,false
V4T006435,21.906766,-54.471015,LRG,0.38203460,1.0000,false
V4T006436,355.967270,-31.220325,ELG,0.39816728,1.0000,false
V4T006437,343.257390,-24.608727,LRG,0.19443798,1.0000,false
V4T006438,30.523284,-45.000590,ELG,0.57974773,1.0000,false
V4T006439,44.622103,-52.695204,QSO,0.34763143,1.7000,false
V4T006440,346.560787,-13.354527,BGS,1.08390762,0.4500,false
V4T006441,42.861949,-41.858560,BGS,0.73850412,0.4500,false
V4T006442,350.055504,-32.258114,ELG,0.84991381,1.0000,false
V4T006443,0.459484,-36.426082,BGS,1.29506345,0.4500,false
V4T006444,353.242720,-37.562981,BGS,1.09359587,0.4500,false
V4T006445,33.100315,-41.120293,ELG,0.45989435,1.0000,false
V4T006446,345.000837,-28.912858,QSO,0.18001258,1.7000,false
V4T006447,350.200870,-35.099213,BGS,0.63353401,0.4500,false
V4T006448,2.358137,-23.935263,ELG,0.73237392,1.0000,false
V4T006449,350.738716,-21.555350,BGS,1.45432934,0.4500,false
V4T006450,349.554704,-16.069428,BGS,1.67514499,0.4500,false
V4T006451,2.133622,-32.077542,Star,4.86076201,0.3000,false
V4T006452,32.123091,-59.120077,ELG,0.32060677,1.0000,false
V4T006453,354.121680,-34.239001,LRG,0.68036991,1.0000,false
V4T006454,1.608680,-19.551000,Star,4.72679685,0.3000,false
V4T006455,38.601213,-54.743884,ELG,0.36813015,1.0000,false
V4T006456,358.612621,-26.942954,LRG,0.35794826,1.0000,true
V4T006457,354.953517,-20.644668,Star,3.22034468,0.3000,false
V4T006458,31.836708,-47.770848,LRG,0.31395840,1.0000,false
V4T006459,41.806553,-44.860565,BGS,1.41619542,0.4500,false
V4T006460,355.394016,-35.085428,BGS,1.04899870,0.4500,true
V4T006461,338.799172,-24.719765,Star,3.30607408,0.3000,false
V4T006462,345.427802,-28.304350,ELG,0.45648495,1.0000,false
V4T006463,40.894130,-36.593582,ELG,0.64602893,1.0000,false
V4T006464,359.440644,-31.510027,BGS,1.09438595,0.4500,false
V4T006465,345.376774,-27.965459,ELG,0.53800190,1.0000,false
V4T006466,337.243963,-27.587146,ELG,0.61132746,1.0000,false
V4T006467,30.567878,-59.066663,LRG,0.21575799,1.0000,false
V4T006468,351.795701,-28.724017,LRG,0.37749082,1.0000,false
V4T006469,30.688489,-58.279253,LRG,0.26116762,1.0000,false
V4T006470,355.455504,-34.771701,LRG,0.21811887,1.0000,false
V4T006471,47.185097,-50.317544,QSO,0.15720443,1.7000,true
V4T006472,36.751304,-37.252581,BGS,1.08752930,0.4500,false
V4T006473,30.572478,-61.272005,BGS,1.06161023,0.4500,false
V4T006474,355.821253,-29.982220,QSO,0.25185985,1.7000,false
V4T006475,2.854347,-32.767917,LRG,0.28775383,1.0000,false
V4T006476,41.494648,-38.866974,BGS,1.53674690,0.4500,false
V4T006477,341.380264,-38.314590,BGS,2.20076742,0.4500,true
V4T006478,351.996466,-18.096896,ELG,0.50070120,1.0000,false
V4T006479,344.639900,-22.577577,BGS,1.16993000,0.4500,false
V4T006480,351.487121,-35.997858,BGS,1.37885473,0.4500,false
V4T006481,43.554192,-45.549193,ELG,0.94456017,1.0000,false
V4T006482,44.791818,-43.685473,QSO,0.10772554,1.7000,false
V4T006483,344.935551,-15.376026,ELG,0.44820455,1.0000,false
V4T006484,347.573666,-35.218391,ELG,0.37245619,1.0000,false
V4T006485,26.946567,-62.023282,ELG,0.45576840,1.0000,false
V4T006486,47.735827,-42.933905,BGS,2.33670785,0.4500,false
V4T006487,342.819840,-31.981953,BGS,1.16248422,0.4500,false
V4T006488,345.555420,-28.028799,QSO,0.18958020,1.7000,false
V4T006489,43.045733,-51.276913,QSO,0.41886369,1.7000,false
V4T006490,47.926421,-54.958305,LRG,0.46302790,1.0000,false
V4T006491,340.231757,-15.748351,ELG,0.32765561,1.0000,false
V4T006492,0.242151,-27.603647,LRG,0.40383187,1.0000,false
V4T006493,346.600221,-36.683365,ELG,0.34787627,1.0000,false
V4T006494,45.308491,-44.871255,Star,5.06251124,0.3000,false
V4T006495,346.030279,-28.448188,ELG,0.24909755,1.0000,false
V4T006496,22.713406,-46.516025,BGS,0.91678405,0.4500,false
V4T006497,21.572188,-50.277584,Star,8.84130580,0.3000,false
V4T006498,354.378067,-35.344475,BGS,0.82716170,0.4500,false
V4T006499,336.575882,-20.105149,ELG,0.78626101,1.0000,true
V4T006500,343.946627,-35.478576,LRG,0.28920583,1.0000,false
V4T006501,49.613657,-44.074721,BGS,1.10030258,0.4500,false
V4T006502,349.633036,-14.585708,ELG,0.87532344,1.0000,false
V4T006503,357.428375,-26.758710,ELG,0.39361897,1.0000,false
V4T006504,44.492117,-44.391092,LRG,0.22853784,1.0000,false
V4T006505,344.663005,-20.935054,ELG,0.69514791,1.0000,false
V4T006506,353.722985,-38.493820,BGS,0.88561753,0.4500,false
V4T006507,355.224461,-37.067864,LRG,0.16613071,1.0000,false
V4T006508,20.987695,-44.524280,QSO,0.27541937,1.7000,false
V4T006509,50.153800,-44.209165,BGS,1.16951048,0.4500,false
V4T006510,33.750406,-41.590197,QSO,0.11361740,1.7000,false
V4T006511,351.085159,-31.888760,BGS,1.28998077,0.4500,false
V4T006512,29.057375,-39.724380,LRG,0.22064785,1.0000,false
V4T006513,28.853804,-36.612901,Star,4.84389069,0.3000,false
V4T006514,350.998693,-36.388665,QSO,0.09349172,1.7000,false
V4T006515,354.250058,-34.743450,BGS,1.25372921,0.4500,false
V4T006516,31.183500,-48.814899,ELG,0.61567063,1.0000,false
V4T006517,345.313756,-28.947629,BGS,1.66500943,0.4500,false
V4T006518,347.100854,-15.776564,ELG,0.56160133,1.0000,false
V4T006519,355.628374,-31.814416,ELG,0.74801810,1.0000,false
V4T006520,336.189507,-25.273231,BGS,1.68954600,0.4500,false
V4T006521,36.166030,-42.606996,ELG,0.72930409,1.0000,false
V4T006522,355.306502,-35.128258,BGS,1.65916984,0.4500,false
V4T006523,342.877187,-32.291497,BGS,1.25870095,0.4500,false
V4T006524,25.291369,-61.483756,LRG,0.42069149,1.0000,false
V4T006525,52.150022,-43.539743,BGS,1.49599429,0.4500,false
V4T006526,344.255586,-36.313452,QSO,0.26177509,1.7000,false
V4T006527,350.997441,-17.519234,LRG,0.49384442,1.0000,false
V4T006528,336.883398,-35.111939,QSO,0.22329377,1.7000,false
V4T006529,354.155443,-22.729747,BGS,0.90236875,0.4500,false
V4T006530,36.384794,-37.753858,ELG,0.42027749,1.0000,false
V4T006531,345.632407,-15.550441,LRG,0.38532675,1.0000,false
V4T006532,31.857352,-40.445428,ELG,0.40680225,1.0000,false
V4T006533,24.746171,-42.226333,ELG,0.58504954,1.0000,false
V4T006534,51.185003,-44.833234,BGS,1.08836698,0.4500,false
V4T006535,342.836381,-29.002214,LRG,0.61173807,1.0000,false
V4T006536,20.112251,-46.767162,ELG,0.41194988,1.0000,false
V4T006537,48.534032,-47.169109,ELG,0.79332776,1.0000,true
V4T006538,351.592168,-39.521000,LRG,0.24462651,1.0000,false
V4T006539,50.665137,-44.648105,LRG,0.40777853,1.0000,false
V4T006540,32.190693,-36.051174,Star,4.84030639,0.3000,false
V4T006541,30.270668,-62.891428,BGS,0.96568181,0.4500,false
V4T006542,349.920781,-37.438400,QSO,0.40769970,1.7000,false
V4T006543,1.725279,-28.838578,LRG,0.21851383,1.0000,false
V4T006544,344.216568,-20.140661,ELG,0.55498391,1.0000,false
V4T006545,2.315996,-30.557505,ELG,0.46530316,1.0000,false
V4T006546,345.372023,-28.915457,ELG,1.12117420,1.0000,false
V4T006547,345.608469,-19.046921,ELG,0.61174863,1.0000,false
V4T006548,33.100210,-49.892931,LRG,0.38704970,1.0000,false
V4T006549,351.231165,-37.090695,QSO,0.10066733,1.7000,false
V4T006550,359.059308,-19.336756,QSO,0.37464674,1.7000,false
V4T006551,344.844448,-28.133547,ELG,0.59118761,1.0000,false
V4T006552,346.060054,-14.007343,LRG,0.24951671,1.0000,false
V4T006553,345.478357,-21.059760,ELG,0.66518120,1.0000,false
V4T006554,29.004612,-44.862098,BGS,1.47076182,0.4500,false
V4T006555,35.507224,-49.578458,BGS,1.71142543,0.4500,false
V4T006556,49.930096,-43.601987,LRG,0.36856351,1.0000,false
V4T006557,352.484778,-22.988283,LRG,0.53085826,1.0000,false
V4T006558,353.083557,-18.716533,QSO,0.17061270,1.7000,false
V4T006559,353.543170,-39.371875,BGS,1.32699705,0.4500,false
V4T006560,26.693247,-51.084270,QSO,0.41550145,1.7000,false
V4T006561,350.700261,-34.561934,BGS,0.75877234,0.4500,false
V4T006562,4.234485,-31.049230,Star,3.14196472,0.3000,false
V4T006563,352.228816,-20.980555,LRG,0.21263910,1.0000,false
V4T006564,29.993590,-58.703118,BGS,1.83759731,0.4500,false
V4T006565,337.425627,-22.258420,ELG,1.20200515,1.0000,false
V4T006566,357.694936,-36.498232,BGS,1.44922861,0.4500,false
V4T006567,49.660231,-49.560832,QSO,0.29510158,1.7000,false
V4T006568,350.523476,-38.475946,ELG,0.43573388,1.0000,false
V4T006569,350.593397,-36.603521,BGS,1.38113212,0.4500,false
V4T006570,47.014298,-51.258930,Star,4.30874113,0.3000,false
V4T006571,342.964586,-33.935559,BGS,0.78083073,0.4500,false
V4T006572,345.429428,-21.492228,LRG,0.75039861,1.0000,false
V4T006573,351.925793,-20.651714,ELG,0.51914258,1.0000,false
V4T006574,20.196336,-46.086697,ELG,0.35354263,1.0000,false
V4T006575,23.290226,-45.365185,ELG,0.69196141,1.0000,false
V4T006576,31.297225,-60.298927,ELG,0.98385672,1.0000,false
V4T006577,50.641794,-44.047034,LRG,0.26654751,1.0000,false
V4T006578,36.565953,-39.575949,ELG,0.84713067,1.0000,false
V4T006579,22.503990,-57.407180,QSO,0.32679819,1.7000,false
V4T006580,49.681532,-44.513699,ELG,0.89303073,1.0000,false
V4T006581,350.111987,-14.506929,QSO,0.23717007,1.7000,false
V4T006582,350.083217,-36.853153,LRG,0.37997579,1.0000,true
V4T006583,39.182083,-58.450647,LRG,0.47513412,1.0000,false
V4T006584,37.542422,-56.584899,QSO,0.20951374,1.7000,false
V4T006585,344.016743,-15.356129,BGS,0.74215804,0.4500,false
V4T006586,1.967927,-27.532447,QSO,0.30145575,1.7000,false
V4T006587,355.141350,-29.223371,ELG,0.49294838,1.0000,false
V4T006588,46.001053,-52.931048,ELG,0.42141552,1.0000,false
V4T006589,355.512417,-35.030687,QSO,0.16454763,1.7000,false
V4T006590,30.911072,-58.291327,ELG,0.49973142,1.0000,false
V4T006591,32.931071,-36.379032,QSO,0.12794859,1.7000,false
V4T006592,344.418953,-35.002059,ELG,0.54502986,1.0000,false
V4T006593,49.238830,-40.202127,BGS,1.82422693,0.4500,false
V4T006594,36.299074,-53.448687,Star,5.29312064,0.3000,true
V4T006595,359.137017,-21.320876,Star,3.38872301,0.3000,false
V4T006596,349.159576,-17.803708,ELG,0.48824369,1.0000,false
V4T006597,41.988012,-45.592180,BGS,1.14643349,0.4500,false
V4T006598,355.388344,-12.719442,Star,2.94303470,0.3000,false
V4T006599,21.824173,-52.153245,LRG,0.48175897,1.0000,false
V4T006600,358.422651,-26.284844,ELG,0.83275587,1.0000,false
V4T006601,345.173057,-27.865140,LRG,0.29338029,1.0000,false
V4T006602,40.255765,-61.298819,ELG,0.40342432,1.0000,false
V4T006603,339.851354,-16.180955,ELG,0.83391067,1.0000,true
V4T006604,0.702425,-35.675286,BGS,1.04736606,0.4500,false
V4T006605,345.712484,-21.820308,ELG,0.34813710,1.0000,false
V4T006606,1.168645,-32.993177,ELG,0.43891877,1.0000,false
V4T006607,345.665158,-27.277202,ELG,0.33257547,1.0000,true
V4T006608,41.714565,-41.001244,Star,3.66341459,0.3000,false
V4T006609,32.321607,-48.629256,LRG,0.24166176,1.0000,false
V4T006610,340.907854,-26.303676,QSO,0.20590321,1.7000,false
V4T006611,49.622887,-44.953875,BGS,1.47299828,0.4500,false
V4T006612,358.690247,-32.714035,BGS,2.08598008,0.4500,false
V4T006613,357.810753,-27.146513,ELG,0.62225812,1.0000,false
V4T006614,1.664938,-30.460150,QSO,0.12927911,1.7000,false
V4T006615,47.990896,-41.285042,BGS,1.42634918,0.4500,false
V4T006616,36.938307,-47.859039,ELG,0.28352660,1.0000,false
V4T006617,33.251723,-37.995008,LRG,0.46544459,1.0000,false
V4T006618,29.656434,-36.280677,Star,3.20690778,0.3000,false
V4T006619,356.543240,-35.039560,BGS,0.66906961,0.4500,true
V4T006620,358.013620,-26.447412,QSO,0.16623206,1.7000,false
V4T006621,345.496859,-28.133472,BGS,1.10827476,0.4500,false
V4T006622,356.669661,-17.639704,BGS,0.75726814,0.4500,false
V4T006623,43.859819,-60.078579,ELG,1.05518555,1.0000,false
V4T006624,355.166775,-35.552235,ELG,0.66422283,1.0000,false
V4T006625,351.275740,-38.156483,ELG,0.73176601,1.0000,false
V4T006626,359.978804,-35.326664,Star,4.20016633,0.3000,false
V4T006627,351.491344,-39.017096,ELG,0.46449449,1.0000,false
V4T006628,348.900508,-21.498297,BGS,1.10120384,0.4500,true
V4T006629,35.850387,-41.266750,ELG,0.40839536,1.0000,false
V4T006630,355.057579,-35.585144,ELG,0.42226374,1.0000,false
V4T006631,349.645354,-13.348682,LRG,0.27452985,1.0000,false
V4T006632,21.881493,-43.469299,LRG,0.77861788,1.0000,false
V4T006633,44.691230,-56.274725,LRG,0.23405230,1.0000,false
V4T006634,33.808093,-36.551640,BGS,0.98191612,0.4500,false
V4T006635,354.595528,-35.573176,ELG,0.75358769,1.0000,false
V4T006636,35.497060,-57.203677,ELG,0.37072344,1.0000,false
V4T006637,348.173963,-16.745209,ELG,0.25699963,1.0000,false
V4T006638,355.842932,-34.114617,ELG,0.52757506,1.0000,false
V4T006639,340.664927,-28.993688,QSO,0.21899956,1.7000,false
V4T006640,39.671800,-41.147379,ELG,0.45220015,1.0000,false
V4T006641,1.322274,-21.095434,ELG,0.35582802,1.0000,false
V4T006642,338.632979,-36.395780,LRG,0.48554556,1.0000,false
V4T006643,2.416247,-33.590767,BGS,1.49489703,0.4500,false
V4T006644,341.135146,-28.944271,BGS,1.68374133,0.4500,false
V4T006645,354.031385,-25.590836,BGS,1.38251100,0.4500,false
V4T006646,44.580978,-53.872688,LRG,0.22846129,1.0000,false
V4T006647,24.108037,-46.299015,QSO,0.24350681,1.7000,false
V4T006648,337.330350,-31.428529,QSO,0.18520156,1.7000,false
V4T006649,357.030638,-28.914278,QSO,0.20954738,1.7000,false
V4T006650,51.356590,-48.012986,BGS,2.00742176,0.4500,false
V4T006651,51.529017,-45.078679,ELG,0.72761108,1.0000,false
V4T006652,354.335593,-35.578521,BGS,1.29764038,0.4500,false
V4T006653,355.771116,-34.045975,LRG,0.41194947,1.0000,false
V4T006654,346.295381,-28.854150,ELG,0.72812983,1.0000,false
V4T006655,354.867383,-34.336480,ELG,0.37849020,1.0000,true
V4T006656,358.310770,-19.674143,QSO,0.10729971,1.7000,false
V4T006657,339.361843,-24.689156,ELG,1.06084769,1.0000,false
V4T006658,338.004837,-23.952449,BGS,1.03180695,0.4500,false
V4T006659,346.381415,-25.275615,ELG,0.60007162,1.0000,false
V4T006660,26.166802,-57.062045,LRG,0.37737857,1.0000,false
V4T006661,24.257182,-40.373253,ELG,0.59850036,1.0000,true
V4T006662,357.184558,-22.074206,QSO,0.17701433,1.7000,false
V4T006663,43.834506,-48.796981,ELG,0.98607802,1.0000,false
V4T006664,359.920324,-15.891255,BGS,1.11736274,0.4500,false
V4T006665,31.226167,-58.636358,ELG,0.66357696,1.0000,false
V4T006666,351.943451,-38.667035,BGS,1.02431780,0.4500,false
V4T006667,43.656804,-42.598963,BGS,1.20287072,0.4500,false
V4T006668,341.555166,-37.703587,LRG,0.80025604,1.0000,false
V4T006669,345.486504,-28.755217,LRG,0.61521754,1.0000,false
V4T006670,21.429433,-42.585514,LRG,0.61941150,1.0000,false
V4T006671,351.365058,-24.863509,LRG,0.70511304,1.0000,false
V4T006672,21.819119,-53.573008,BGS,1.59659341,0.4500,false
V4T006673,354.222062,-35.466297,LRG,0.29416280,1.0000,true
V4T006674,353.459051,-38.494168,Star,4.46317711,0.3000,false
V4T006675,345.386262,-22.268005,ELG,0.45286589,1.0000,false
V4T006676,345.710499,-21.291920,BGS,1.19955930,0.4500,false
V4T006677,342.261721,-24.301220,LRG,0.47088057,1.0000,false
V4T006678,346.147528,-21.743852,LRG,0.48860562,1.0000,false
V4T006679,354.114132,-38.718193,ELG,0.68192715,1.0000,false
V4T006680,344.759866,-28.683864,LRG,0.45758001,1.0000,false
V4T006681,334.425856,-30.367912,LRG,0.24342610,1.0000,false
V4T006682,41.069836,-52.891086,LRG,0.41936635,1.0000,false
V4T006683,26.777161,-57.492388,LRG,0.18825161,1.0000,false
V4T006684,341.088898,-31.024354,QSO,0.35193740,1.7000,false
V4T006685,354.674107,-33.383211,Star,2.54269649,0.3000,false
V4T006686,46.141046,-59.179484,ELG,0.52472453,1.0000,false
V4T006687,27.359539,-58.316020,ELG,0.47785710,1.0000,false
V4T006688,44.388666,-41.189252,BGS,1.68328704,0.4500,false
V4T006689,22.347508,-43.930383,BGS,0.66266236,0.4500,false
V4T006690,38.835285,-53.291448,QSO,0.30857653,1.7000,false
V4T006691,32.431612,-36.196146,BGS,1.68887107,0.4500,false
V4T006692,340.396413,-30.255805,BGS,1.02045929,0.4500,false
V4T006693,355.548084,-34.060439,ELG,0.26166805,1.0000,false
V4T006694,39.962137,-44.463750,LRG,0.53579184,1.0000,false
V4T006695,49.337140,-44.385426,QSO,0.14078958,1.7000,false
V4T006696,347.489630,-26.152077,LRG,0.62357937,1.0000,false
V4T006697,353.534787,-37.960919,ELG,0.56575155,1.0000,false
V4T006698,346.264397,-36.974081,LRG,0.31604553,1.0000,false
V4T006699,343.727159,-21.203058,BGS,1.04313856,0.4500,false
V4T006700,346.437168,-26.968136,BGS,2.09982093,0.4500,false
V4T006701,22.318262,-53.520421,LRG,0.31034625,1.0000,true
V4T006702,344.457274,-38.107608,ELG,0.63215881,1.0000,false
V4T006703,47.887249,-55.629923,LRG,0.30506030,1.0000,false
V4T006704,32.733164,-59.008588,QSO,0.43651717,1.7000,false
V4T006705,345.811929,-28.193269,BGS,1.84301007,0.4500,false
V4T006706,349.215785,-17.643144,LRG,0.59552119,1.0000,false
V4T006707,342.222281,-17.720960,QSO,0.34327618,1.7000,false
V4T006708,336.336031,-20.999090,ELG,0.40042961,1.0000,false
V4T006709,352.828041,-38.751728,ELG,0.55395889,1.0000,true
V4T006710,24.395121,-38.509120,BGS,1.41400964,0.4500,false
V4T006711,351.878297,-18.590579,ELG,0.74847743,1.0000,false
V4T006712,32.804725,-60.951942,ELG,0.15756920,1.0000,false
V4T006713,32.896885,-58.071833,ELG,0.49329341,1.0000,false
V4T006714,34.933966,-48.015472,Star,3.48829249,0.3000,false
V4T006715,354.156942,-34.999179,QSO,0.30917391,1.7000,false
V4T006716,34.038888,-37.491479,LRG,0.37960801,1.0000,false
V4T006717,354.003329,-34.929712,BGS,1.99317781,0.4500,false
V4T006718,338.690051,-25.243778,ELG,0.74615694,1.0000,false
V4T006719,2.265936,-26.163366,QSO,0.09986885,1.7000,false
V4T006720,28.981509,-46.530958,ELG,0.68482550,1.0000,false
V4T006721,355.421067,-34.585362,ELG,0.45557899,1.0000,false
V4T006722,341.149442,-25.325623,LRG,0.20068935,1.0000,false
V4T006723,357.936920,-30.975044,QSO,0.26229819,1.7000,false
V4T006724,34.606953,-55.943092,LRG,0.23723701,1.0000,false
V4T006725,30.307015,-59.055645,BGS,1.95837524,0.4500,false
V4T006726,355.008202,-37.560887,QSO,0.12960191,1.7000,false
V4T006727,345.390975,-16.464743,LRG,0.37650823,1.0000,true
V4T006728,50.783324,-44.162431,QSO,0.46691426,1.7000,false
V4T006729,345.877845,-35.783828,BGS,1.80331899,0.4500,false
V4T006730,351.660262,-38.688341,BGS,0.76135224,0.4500,false
V4T006731,31.705270,-49.032164,BGS,1.56161175,0.4500,true
V4T006732,2.179871,-31.916830,QSO,0.17019074,1.7000,false
V4T006733,336.175134,-22.138577,BGS,0.83468850,0.4500,false
V4T006734,3.070984,-30.029513,QSO,0.54453168,1.7000,false
V4T006735,346.310405,-16.889627,LRG,0.29267061,1.0000,false
V4T006736,343.013744,-34.435920,QSO,0.23144821,1.7000,true
V4T006737,357.361487,-14.492528,LRG,0.15593874,1.0000,false
V4T006738,336.486634,-22.402371,ELG,0.66609684,1.0000,false
V4T006739,33.383976,-36.555348,QSO,0.11285163,1.7000,false
V4T006740,337.328634,-29.545959,Star,3.41139707,0.3000,false
V4T006741,342.090297,-30.369471,QSO,0.14506699,1.7000,false
V4T006742,345.113463,-28.091023,BGS,0.77448787,0.4500,false
V4T006743,27.357493,-56.621630,ELG,0.82602468,1.0000,false
V4T006744,27.691264,-39.957513,BGS,1.92708772,0.4500,false
V4T006745,336.111844,-23.071564,LRG,0.22982314,1.0000,false
V4T006746,37.404823,-58.158569,QSO,0.15607623,1.7000,false
V4T006747,21.929469,-43.267407,QSO,0.22923211,1.7000,false
V4T006748,349.989534,-36.343872,BGS,1.28665330,0.4500,false
V4T006749,28.849789,-38.634231,BGS,0.84927441,0.4500,false
V4T006750,49.476749,-44.738493,Star,3.61198467,0.3000,false
V4T006751,352.911066,-17.087782,BGS,1.80138484,0.4500,false
V4T006752,357.819649,-26.111366,Star,2.89814270,0.3000,false
V4T006753,36.490326,-57.237489,BGS,1.52625404,0.4500,false
V4T006754,27.487116,-54.282617,LRG,0.37607816,1.0000,false
V4T006755,29.509171,-41.381213,Star,3.99234484,0.3000,false
V4T006756,336.667265,-32.192425,ELG,0.47186054,1.0000,true
V4T006757,40.273038,-60.042401,LRG,0.47175501,1.0000,false
V4T006758,39.991100,-45.373989,ELG,0.50818662,1.0000,false
V4T006759,53.254474,-51.859791,ELG,0.56917842,1.0000,false
V4T006760,33.016490,-42.145028,ELG,0.66621912,1.0000,false
V4T006761,357.922162,-19.963045,BGS,2.14007643,0.4500,true
V4T006762,355.550797,-35.164166,ELG,0.26047793,1.0000,false
V4T006763,359.631934,-20.644151,BGS,1.06687447,0.4500,false
V4T006764,38.022370,-49.559456,ELG,0.34417434,1.0000,false
V4T006765,356.626829,-39.542006,Star,3.92575082,0.3000,false
V4T006766,51.245450,-43.982430,LRG,0.43385998,1.0000,false
V4T006767,355.669922,-35.236132,BGS,1.31552227,0.4500,false
V4T006768,336.655647,-22.114309,BGS,0.98250661,0.4500,false
V4T006769,352.799908,-39.055140,BGS,1.15254320,0.4500,false
V4T006770,41.738925,-37.432656,ELG,0.23526624,1.0000,false
V4T006771,353.069006,-27.554927,ELG,0.63688671,1.0000,false
V4T006772,50.302639,-50.674931,Star,3.79037729,0.3000,false
V4T006773,358.258547,-31.799311,QSO,0.07682779,1.7000,false
V4T006774,354.810730,-34.474688,BGS,1.43747637,0.4500,false
V4T006775,353.808908,-35.335269,BGS,1.23169245,0.4500,true
V4T006776,343.423426,-15.689555,BGS,1.47117165,0.4500,false
V4T006777,37.951877,-61.404508,QSO,0.13392197,1.7000,false
V4T006778,345.550097,-36.535668,BGS,1.33731110,0.4500,false
V4T006779,2.083649,-19.155478,QSO,0.05998367,1.7000,false
V4T006780,44.288825,-45.116719,BGS,1.06545256,0.4500,true
V4T006781,42.607823,-44.320555,ELG,0.48427135,1.0000,false
V4T006782,349.992405,-39.069083,BGS,1.68085935,0.4500,false
V4T006783,39.159555,-38.708142,BGS,1.48216325,0.4500,false
V4T006784,335.547289,-28.388845,LRG,0.15955081,1.0000,false
V4T006785,343.808550,-15.045583,ELG,0.47763005,1.0000,false
V4T006786,351.686858,-36.082796,ELG,0.67169890,1.0000,false
V4T006787,47.001942,-43.704969,LRG,0.48781240,1.0000,false
V4T006788,346.203902,-20.952094,ELG,0.33286006,1.0000,false
V4T006789,50.169604,-43.884725,LRG,0.40941232,1.0000,false
V4T006790,341.752589,-25.914410,ELG,0.42166409,1.0000,false
V4T006791,359.073633,-37.455128,ELG,0.71420900,1.0000,false
V4T006792,33.586947,-37.748255,ELG,0.61881529,1.0000,true
V4T006793,345.397915,-20.167530,QSO,0.24030198,1.7000,false
V4T006794,350.325604,-30.996317,ELG,0.23905986,1.0000,false
V4T006795,28.362319,-51.805540,LRG,0.32624778,1.0000,true
V4T006796,34.074295,-36.888899,BGS,2.58399604,0.4500,false
V4T006797,44.566476,-47.062859,Star,6.03737454,0.3000,false
V4T006798,349.555087,-36.722638,ELG,1.06153907,1.0000,false
V4T006799,50.295487,-44.943709,QSO,0.13569819,1.7000,false
V4T006800,41.106084,-51.239562,BGS,1.25055416,0.4500,false
V4T006801,49.992453,-44.319401,ELG,0.92661573,1.0000,false
V4T006802,345.698458,-21.726749,ELG,0.39050364,1.0000,false
V4T006803,356.206761,-31.387358,LRG,0.29212721,1.0000,false
V4T006804,356.479089,-35.146892,QSO,0.08566920,1.7000,false
V4T006805,345.759047,-32.452383,LRG,0.33899833,1.0000,false
V4T006806,345.795894,-20.678178,ELG,0.70584510,1.0000,false
V4T006807,343.644830,-35.096089,ELG,0.73979836,1.0000,false
V4T006808,50.434802,-54.356677,ELG,1.92972534,1.0000,false
V4T006809,354.514958,-21.676709,QSO,0.22666189,1.7000,false
V4T006810,352.075563,-39.924242,QSO,0.35278588,1.7000,false
V4T006811,352.986468,-15.574294,BGS,1.40252090,0.4500,false
V4T006812,346.032950,-29.374409,LRG,0.30407952,1.0000,false
V4T006813,345.780848,-19.966305,BGS,1.25862371,0.4500,false
V4T006814,344.922951,-29.515768,ELG,1.14517672,1.0000,false
V4T006815,23.103511,-40.992030,ELG,0.49153855,1.0000,false
V4T006816,0.796436,-24.120765,Star,2.98700794,0.3000,false
V4T006817,36.225156,-43.634644,QSO,0.20167294,1.7000,false
V4T006818,350.160581,-36.320339,BGS,0.78031206,0.4500,false
V4T006819,23.849705,-55.099253,ELG,0.90023656,1.0000,false
V4T006820,27.049444,-61.640905,BGS,1.48782224,0.4500,false
V4T006821,355.312777,-34.898698,Star,4.14576149,0.3000,false
V4T006822,28.700120,-55.620724,BGS,1.07840448,0.4500,false
V4T006823,358.288026,-15.837190,ELG,0.48180397,1.0000,false
V4T006824,350.735758,-39.577019,QSO,0.23643693,1.7000,false
V4T006825,350.917975,-18.109059,BGS,1.09202729,0.4500,false
V4T006826,48.202260,-56.655721,LRG,0.29602075,1.0000,false
V4T006827,49.988769,-44.686208,Star,3.08740234,0.3000,false
V4T006828,37.076180,-50.455322,QSO,0.09024801,1.7000,false
V4T006829,45.280343,-53.373917,ELG,0.29007412,1.0000,false
V4T006830,2.834228,-34.273104,Star,3.21049126,0.3000,false
V4T006831,32.994170,-56.217827,BGS,1.37667892,0.4500,false
V4T006832,353.201100,-35.127352,BGS,1.19550049,0.4500,false
V4T006833,358.323272,-26.462613,BGS,1.16011141,0.4500,false
V4T006834,346.920129,-12.943215,ELG,0.61580095,1.0000,false
V4T006835,36.344589,-47.194344,Star,4.42825659,0.3000,false
V4T006836,358.067172,-25.834050,LRG,0.45418440,1.0000,true
V4T006837,40.370478,-61.477297,ELG,0.43097545,1.0000,false
V4T006838,349.872711,-36.390529,LRG,0.29910140,1.0000,false
V4T006839,23.727252,-53.850873,Star,3.14195369,0.3000,false
V4T006840,38.663013,-54.809333,BGS,1.20309379,0.4500,false
V4T006841,355.516870,-30.858608,ELG,0.84470842,1.0000,false
V4T006842,22.521456,-55.423737,ELG,0.49525443,1.0000,false
V4T006843,344.933625,-28.436992,BGS,0.99406776,0.4500,false
V4T006844,353.518643,-18.869500,QSO,0.18351421,1.7000,false
V4T006845,358.884690,-25.903007,ELG,0.50072480,1.0000,false
V4T006846,345.905227,-28.675968,BGS,1.95119799,0.4500,false
V4T006847,351.263385,-36.876897,QSO,0.08810052,1.7000,false
V4T006848,25.935113,-41.996575,ELG,0.49477748,1.0000,false
V4T006849,345.800207,-26.381356,ELG,0.54968190,1.0000,false
V4T006850,0.604826,-34.573147,LRG,0.65737244,1.0000,false
V4T006851,46.411345,-53.521609,ELG,0.56501943,1.0000,false
V4T006852,351.239183,-39.523052,QSO,0.08961911,1.7000,false
V4T006853,347.778596,-17.264104,QSO,0.30362531,1.7000,false
V4T006854,342.391609,-29.866955,Star,3.51947877,0.3000,false
V4T006855,40.228846,-55.097694,ELG,0.27563660,1.0000,false
V4T006856,358.492484,-28.200688,ELG,0.51743094,1.0000,false
V4T006857,350.146737,-18.196197,LRG,0.27679427,1.0000,false
V4T006858,345.749827,-37.383935,Star,3.93138038,0.3000,false
V4T006859,345.471029,-28.328554,QSO,0.18644489,1.7000,false
V4T006860,51.656988,-48.134289,Star,4.42498378,0.3000,true
V4T006861,357.892281,-16.371855,LRG,0.17243152,1.0000,false
V4T006862,30.574291,-59.497931,BGS,1.10100615,0.4500,false
V4T006863,30.513508,-41.065688,Star,3.97753370,0.3000,false
V4T006864,345.249755,-20.950623,ELG,1.07486360,1.0000,false
V4T006865,43.509824,-58.209427,BGS,1.36690871,0.4500,false
V4T006866,354.491500,-35.806545,QSO,0.10142419,1.7000,false
V4T006867,42.887393,-50.138318,LRG,0.66392366,1.0000,false
V4T006868,355.730830,-34.389450,ELG,0.43373603,1.0000,false
V4T006869,25.656531,-54.658910,QSO,0.18004723,1.7000,false
V4T006870,351.323192,-18.321659,ELG,0.56065474,1.0000,false
V4T006871,357.691938,-19.464530,BGS,1.30237883,0.4500,false
V4T006872,342.485018,-28.173965,BGS,1.14995333,0.4500,false
V4T006873,0.720731,-20.090322,QSO,0.26497644,1.7000,false
V4T006874,355.270589,-19.552208,LRG,0.52280346,1.0000,false
V4T006875,52.095121,-47.959296,ELG,0.30864256,1.0000,false
V4T006876,353.695391,-34.577859,ELG,0.54827565,1.0000,false
V4T006877,357.281723,-13.782729,ELG,1.12663130,1.0000,false
V4T006878,348.701744,-18.058865,ELG,0.71829593,1.0000,false
V4T006879,349.998703,-36.861663,BGS,1.54236971,0.4500,false
V4T006880,351.491826,-38.953387,Star,4.77589542,0.3000,false
V4T006881,345.291133,-20.773074,ELG,0.31977805,1.0000,false
V4T006882,356.543550,-33.060529,ELG,0.36756660,1.0000,false
V4T006883,351.669621,-26.902040,BGS,1.31517734,0.4500,false
V4T006884,34.006690,-49.146809,BGS,1.20644055,0.4500,false
V4T006885,23.178421,-48.534043,BGS,1.87879047,0.4500,false
V4T006886,343.851679,-13.819653,QSO,0.14209262,1.7000,false
V4T006887,36.207332,-47.478408,ELG,1.17916979,1.0000,false
V4T006888,357.573150,-19.781160,BGS,1.20104257,0.4500,false
V4T006889,36.104668,-44.383122,QSO,0.26319903,1.7000,false
V4T006890,347.584641,-25.169956,ELG,0.95168728,1.0000,false
V4T006891,32.662627,-57.434579,BGS,1.05692758,0.4500,true
V4T006892,354.021637,-34.766115,ELG,0.66771955,1.0000,false
V4T006893,43.575177,-54.520187,LRG,0.44063163,1.0000,false
V4T006894,354.077577,-39.016095,Star,4.89222543,0.3000,false
V4T006895,38.423476,-43.435493,Star,4.10172544,0.3000,false
V4T006896,47.123320,-40.119450,QSO,0.20822815,1.7000,false
V4T006897,49.672745,-43.940265,QSO,0.08682578,1.7000,false
V4T006898,34.863724,-51.649861,BGS,1.07886382,0.4500,false
V4T006899,355.454781,-34.409302,LRG,0.39235895,1.0000,false
V4T006900,347.250567,-26.804212,LRG,0.23408128,1.0000,false
V4T006901,351.817805,-39.334469,ELG,0.80034957,1.0000,false
V4T006902,0.124291,-19.216989,LRG,0.58621561,1.0000,true
V4T006903,348.827604,-14.422176,ELG,0.57415309,1.0000,false
V4T006904,339.430886,-36.695532,QSO,0.12664589,1.7000,false
V4T006905,38.281337,-40.187914,LRG,0.27741878,1.0000,false
V4T006906,342.846741,-14.913239,Star,2.48923498,0.3000,false
V4T006907,29.303883,-38.000014,BGS,0.94506115,0.4500,false
V4T006908,31.638630,-44.955289,BGS,1.49498655,0.4500,false
V4T006909,23.879993,-51.792663,ELG,0.32674918,1.0000,false
V4T006910,1.479687,-34.371957,BGS,0.96223312,0.4500,false
V4T006911,43.275871,-52.448521,LRG,0.42204580,1.0000,false
V4T006912,43.462823,-46.499624,ELG,0.35726028,1.0000,false
V4T006913,350.870355,-38.616322,LRG,0.35252885,1.0000,false
V4T006914,358.244413,-25.495876,BGS,1.11685021,0.4500,false
V4T006915,349.156535,-27.842746,QSO,0.30149135,1.7000,false
V4T006916,350.102306,-12.203039,BGS,1.85075539,0.4500,false
V4T006917,355.164044,-32.411386,LRG,0.39561632,1.0000,false
V4T006918,37.508636,-40.243267,Star,5.77103005,0.3000,false
V4T006919,26.042131,-51.637281,LRG,0.37118947,1.0000,false
V4T006920,353.990514,-35.566806,ELG,0.55825583,1.0000,false
V4T006921,1.888726,-28.625810,ELG,0.36005765,1.0000,false
V4T006922,355.361342,-25.001620,LRG,0.33978405,1.0000,false
V4T006923,351.429958,-36.326018,ELG,0.76813399,1.0000,false
V4T006924,50.657315,-44.798761,ELG,0.43863148,1.0000,false
V4T006925,32.969912,-59.225881,BGS,1.30739572,0.4500,false
V4T006926,48.434527,-58.267181,ELG,1.05003223,1.0000,false
V4T006927,351.624101,-37.614073,ELG,0.84733739,1.0000,false
V4T006928,343.355595,-18.029580,QSO,0.22355492,1.7000,false
V4T006929,345.794044,-20.991539,ELG,0.86913280,1.0000,false
V4T006930,42.165383,-44.086214,QSO,0.25338181,1.7000,false
V4T006931,21.930762,-50.456377,LRG,0.21352828,1.0000,false
V4T006932,42.727582,-58.839358,Star,4.42536013,0.3000,false
V4T006933,38.757903,-47.747482,ELG,0.32349211,1.0000,false
V4T006934,351.892992,-38.806968,BGS,1.88387751,0.4500,false
V4T006935,339.212694,-30.858415,ELG,0.58145748,1.0000,false
V4T006936,357.527389,-26.477679,BGS,1.49815043,0.4500,false
V4T006937,345.649564,-21.960189,ELG,0.96057260,1.0000,false
V4T006938,336.772408,-31.081674,QSO,0.13656724,1.7000,false
V4T006939,46.656735,-59.965859,Star,3.87126988,0.3000,false
V4T006940,45.150650,-49.328541,BGS,1.05835266,0.4500,false
V4T006941,351.265898,-39.189782,ELG,0.38729556,1.0000,false
V4T006942,358.168926,-26.576510,ELG,0.93054421,1.0000,false
V4T006943,31.532380,-37.957363,Star,6.01452631,0.3000,false
V4T006944,358.912094,-22.280063,ELG,0.89959662,1.0000,false
V4T006945,353.684375,-37.929446,BGS,1.59301394,0.4500,false
V4T006946,40.632965,-44.903302,BGS,1.28364475,0.4500,false
V4T006947,351.403628,-13.498251,ELG,0.44187399,1.0000,false
V4T006948,29.779202,-54.598561,ELG,0.63273916,1.0000,false
V4T006949,21.565011,-42.054924,ELG,0.52509632,1.0000,false
V4T006950,351.079936,-37.251220,Star,3.69970386,0.3000,false
V4T006951,344.735149,-13.215791,BGS,0.76923210,0.4500,false
V4T006952,42.528519,-54.627478,LRG,0.37580334,1.0000,true
V4T006953,351.839940,-11.797172,LRG,0.40151913,1.0000,false
V4T006954,357.555184,-27.381298,ELG,0.56748998,1.0000,false
V4T006955,345.154240,-34.335186,QSO,0.15195110,1.7000,false
V4T006956,356.183055,-14.773964,ELG,0.43285215,1.0000,false
V4T006957,345.910714,-28.484661,ELG,0.43364645,1.0000,false
V4T006958,351.802589,-39.140656,ELG,0.58413290,1.0000,false
V4T006959,354.638728,-32.830501,QSO,0.27641016,1.7000,false
V4T006960,45.491780,-38.835076,LRG,0.49478112,1.0000,false
V4T006961,38.180858,-58.957985,ELG,0.50338465,1.0000,false
V4T006962,26.478136,-44.785241,ELG,0.80571145,1.0000,false
V4T006963,345.713430,-28.526418,BGS,1.03942330,0.4500,false
V4T006964,42.194688,-41.135252,BGS,0.98986707,0.4500,true
V4T006965,43.469284,-48.678996,LRG,0.23157847,1.0000,false
V4T006966,32.973839,-37.546080,QSO,0.21835124,1.7000,false
V4T006967,351.184185,-24.164241,BGS,1.22815428,0.4500,false
V4T006968,2.840687,-22.833307,BGS,0.66885090,0.4500,false
V4T006969,352.544229,-29.873872,ELG,0.85916361,1.0000,false
V4T006970,345.808205,-28.548723,QSO,0.09711763,1.7000,false
V4T006971,33.791349,-58.133142,BGS,1.08411510,0.4500,false
V4T006972,358.707263,-33.750351,ELG,0.32322483,1.0000,false
V4T006973,339.778361,-26.220641,LRG,0.36116170,1.0000,false
V4T006974,36.307022,-48.471798,QSO,0.39826231,1.7000,false
V4T006975,345.176586,-29.089933,QSO,0.20351784,1.7000,false
V4T006976,29.447448,-42.500674,BGS,1.55321053,0.4500,false
V4T006977,335.849570,-25.707873,BGS,1.21899853,0.4500,true
V4T006978,353.429209,-38.843186,LRG,0.24384573,1.0000,false
V4T006979,20.872259,-54.546466,ELG,0.70369045,1.0000,false
V4T006980,32.324959,-40.605361,BGS,1.25256352,0.4500,false
V4T006981,351.168802,-35.316533,Star,3.96947510,0.3000,true
V4T006982,45.160161,-38.107236,Star,3.56752716,0.3000,false
V4T006983,38.772919,-47.887177,LRG,0.43370280,1.0000,false
V4T006984,351.351109,-38.663055,LRG,0.38328376,1.0000,false
V4T006985,45.358720,-38.204620,ELG,0.68885190,1.0000,false
V4T006986,1.004048,-24.960108,LRG,0.79763840,1.0000,false
V4T006987,31.779902,-47.147727,ELG,0.34106356,1.0000,false
V4T006988,1.452550,-25.235461,BGS,1.35558211,0.4500,false
V4T006989,353.667908,-38.663738,LRG,0.56204497,1.0000,false
V4T006990,354.266786,-39.293609,ELG,0.76854586,1.0000,false
V4T006991,358.755594,-26.250569,ELG,0.55249263,1.0000,false
V4T006992,355.380562,-27.649933,LRG,0.31147993,1.0000,false
V4T006993,334.963335,-25.381858,BGS,1.26096607,0.4500,false
V4T006994,349.636737,-40.281709,LRG,0.33965404,1.0000,false
V4T006995,26.338186,-43.947966,ELG,0.35106623,1.0000,false
V4T006996,27.685904,-46.806429,BGS,1.30184152,0.4500,false
V4T006997,39.735200,-45.517336,ELG,0.19326835,1.0000,false
V4T006998,343.822454,-36.753340,LRG,0.51502080,1.0000,false
V4T006999,353.365494,-22.315693,ELG,0.54547946,1.0000,false
V4T007000,354.692553,-34.242406,BGS,1.31972441,0.4500,false
V4T007001,350.150756,-13.448302,ELG,0.62256467,1.0000,false
V4T007002,337.290873,-26.962210,ELG,0.64896400,1.0000,false
V4T007003,355.847059,-36.157766,BGS,1.20119843,0.4500,false
V4T007004,346.315435,-28.447695,LRG,0.28662467,1.0000,false
V4T007005,346.157250,-20.499583,BGS,0.84470110,0.4500,false
V4T007006,24.938186,-46.677603,BGS,1.33486953,0.4500,false
V4T007007,33.154575,-51.228507,BGS,1.14761567,0.4500,false
V4T007008,349.733169,-22.301414,ELG,0.29685817,1.0000,false
V4T007009,45.024464,-53.882087,BGS,1.25231110,0.4500,false
V4T007010,33.295742,-37.541878,ELG,0.69687923,1.0000,false
V4T007011,350.466770,-36.528120,ELG,0.67593925,1.0000,false
V4T007012,340.823044,-36.599318,LRG,0.62452466,1.0000,false
V4T007013,44.790636,-40.703045,LRG,0.30562283,1.0000,false
V4T007014,47.183724,-50.412494,BGS,1.08788412,0.4500,true
V4T007015,32.320752,-53.613459,ELG,1.04031739,1.0000,false
V4T007016,353.370646,-33.413868,ELG,0.41131904,1.0000,false
V4T007017,2.950577,-32.011657,Star,3.97848211,0.3000,false
V4T007018,355.338848,-34.553778,LRG,0.50720613,1.0000,false
V4T007019,358.782633,-27.414984,LRG,0.30832822,1.0000,false
V4T007020,338.692388,-33.777799,QSO,0.10162430,1.7000,true
V4T007021,50.203093,-45.133405,LRG,0.24465753,1.0000,false
V4T007022,345.381658,-17.581239,LRG,0.32200763,1.0000,true
V4T007023,340.542450,-28.314732,QSO,0.19972707,1.7000,false
V4T007024,34.570727,-61.354747,ELG,0.56111631,1.0000,true
V4T007025,1.849933,-19.261572,LRG,0.33727874,1.0000,false
V4T007026,31.765953,-37.413970,ELG,0.91910902,1.0000,false
V4T007027,27.201345,-49.915972,ELG,0.48950384,1.0000,false
V4T007028,349.326198,-16.049944,BGS,1.39076389,0.4500,false
V4T007029,357.561867,-29.616035,ELG,0.44844860,1.0000,false
V4T007030,350.228511,-16.712092,LRG,0.49944719,1.0000,false
V4T007031,345.035910,-39.129745,BGS,1.63637886,0.4500,false
V4T007032,27.294848,-51.723155,Star,3.88399280,0.3000,false
V4T007033,349.070211,-28.903250,Star,5.92209889,0.3000,false
V4T007034,28.784868,-59.073626,BGS,1.28952356,0.4500,false
V4T007035,347.466006,-30.378573,LRG,0.29155856,1.0000,false
V4T007036,30.210816,-44.618900,Star,6.93405696,0.3000,false
V4T007037,353.603474,-23.608220,ELG,0.45919152,1.0000,false
V4T007038,349.776181,-36.975953,ELG,0.26155964,1.0000,false
V4T007039,1.703900,-23.319194,ELG,0.46646656,1.0000,false
V4T007040,354.826164,-34.401817,BGS,1.30902879,0.4500,false
V4T007041,32.782662,-59.023201,ELG,0.62862447,1.0000,false
V4T007042,25.913844,-51.330024,ELG,0.48039539,1.0000,false
V4T007043,357.868428,-34.715138,Star,2.47394513,0.3000,false
V4T007044,355.645618,-34.511624,LRG,0.48515045,1.0000,false
V4T007045,349.510789,-33.888679,LRG,0.38925197,1.0000,false
V4T007046,357.785818,-26.388152,Star,4.88237104,0.3000,false
V4T007047,49.310832,-43.929657,LRG,0.26092602,1.0000,false
V4T007048,359.002067,-15.257835,BGS,1.01777010,0.4500,false
V4T007049,31.155371,-39.502214,QSO,0.15730814,1.7000,false
V4T007050,38.178424,-38.535601,BGS,0.93434830,0.4500,false
V4T007051,30.346132,-58.612616,BGS,0.82102392,0.4500,false
V4T007052,31.085904,-39.155887,BGS,1.08794448,0.4500,false
V4T007053,51.976076,-44.360336,BGS,1.92206398,0.4500,false
V4T007054,49.663599,-44.590259,LRG,0.28395847,1.0000,false
V4T007055,343.128696,-13.879734,BGS,1.03484735,0.4500,false
V4T007056,38.382816,-60.282334,BGS,0.68415595,0.4500,false
V4T007057,345.030046,-25.470088,ELG,0.40848087,1.0000,false
V4T007058,33.879271,-36.538204,ELG,0.82063379,1.0000,false
V4T007059,349.727193,-36.049157,LRG,0.41661545,1.0000,false
V4T007060,357.692051,-26.278560,ELG,0.42648430,1.0000,false
V4T007061,40.946221,-37.778688,Star,3.99667451,0.3000,false
V4T007062,354.991777,-38.340529,LRG,0.23724876,1.0000,true
V4T007063,33.402187,-55.758868,LRG,0.44600474,1.0000,false
V4T007064,347.447766,-17.452716,LRG,0.14415318,1.0000,false
V4T007065,355.646486,-15.056680,ELG,0.28191700,1.0000,false
V4T007066,34.889081,-47.313576,ELG,0.82329110,1.0000,false
V4T007067,2.826102,-26.466010,ELG,0.42293654,1.0000,false
V4T007068,39.145647,-58.953934,LRG,0.43266412,1.0000,false
V4T007069,41.446860,-38.742237,LRG,0.69493367,1.0000,false
V4T007070,358.586181,-25.873914,QSO,0.11370933,1.7000,false
V4T007071,28.629321,-47.428768,LRG,0.48332299,1.0000,false
V4T007072,343.451370,-23.992158,QSO,0.11548328,1.7000,false
V4T007073,0.675667,-26.508965,LRG,0.42856845,1.0000,false
V4T007074,351.276949,-36.909187,QSO,0.22505652,1.7000,false
V4T007075,340.266614,-22.615109,ELG,0.27969705,1.0000,false
V4T007076,343.936985,-31.952087,BGS,1.77569983,0.4500,false
V4T007077,345.553578,-28.542967,BGS,0.72918965,0.4500,false
V4T007078,347.119829,-17.390127,ELG,0.81274399,1.0000,false
V4T007079,350.960735,-35.990188,ELG,0.75754785,1.0000,false
V4T007080,346.187158,-16.361608,BGS,1.37010918,0.4500,false
V4T007081,2.724965,-21.918809,QSO,0.10918276,1.7000,false
V4T007082,337.986052,-18.782362,BGS,1.37528374,0.4500,false
V4T007083,354.967024,-35.305300,ELG,0.54700890,1.0000,false
V4T007084,345.228697,-27.783532,BGS,1.05890889,0.4500,false
V4T007085,22.887031,-50.890644,Star,3.15454720,0.3000,false
V4T007086,345.283188,-28.453675,ELG,0.97403096,1.0000,false
V4T007087,352.893096,-34.020812,ELG,0.53414145,1.0000,false
V4T007088,335.068426,-26.311194,BGS,1.52409983,0.4500,false
V4T007089,356.176907,-14.104557,BGS,1.11242120,0.4500,false
V4T007090,353.846943,-37.291722,ELG,1.00855167,1.0000,false
V4T007091,351.245953,-15.468915,Star,4.63509075,0.3000,false
V4T007092,32.526530,-58.978255,BGS,1.83335041,0.4500,false
V4T007093,50.064846,-49.524504,BGS,1.17278887,0.4500,false
V4T007094,353.651891,-38.207849,LRG,0.41774497,1.0000,false
V4T007095,352.907612,-35.752123,ELG,0.39826238,1.0000,true
V4T007096,355.629266,-35.051403,LRG,0.43225447,1.0000,false
V4T007097,47.335527,-51.398852,LRG,0.18976214,1.0000,false
V4T007098,356.587742,-32.137007,QSO,0.27170495,1.7000,false
V4T007099,341.667923,-36.934634,BGS,1.32405764,0.4500,false
V4T007100,355.220698,-34.230529,BGS,2.03860678,0.4500,true
V4T007101,34.016609,-57.576957,ELG,0.56174817,1.0000,false
V4T007102,346.343259,-13.463243,LRG,0.35732954,1.0000,true
V4T007103,24.448477,-54.015884,LRG,0.44705485,1.0000,false
V4T007104,339.588877,-32.863153,ELG,0.38980470,1.0000,false
V4T007105,356.359699,-34.148013,QSO,0.20499756,1.7000,false
V4T007106,24.465212,-42.475715,BGS,2.10202366,0.4500,false
V4T007107,348.427518,-34.755918,QSO,0.13546580,1.7000,false
V4T007108,49.075823,-44.705783,BGS,1.70044817,0.4500,false
V4T007109,344.943134,-28.471021,ELG,0.68588294,1.0000,false
V4T007110,352.463613,-23.884360,Star,3.67412053,0.3000,true
V4T007111,354.564974,-34.863390,Star,3.13419958,0.3000,false
V4T007112,35.070919,-56.644825,QSO,0.08128369,1.7000,false
V4T007113,337.272799,-30.261116,ELG,0.30716116,1.0000,false
V4T007114,358.851848,-29.747915,QSO,0.17036592,1.7000,false
V4T007115,356.167180,-35.747988,QSO,0.10810373,1.7000,false
V4T007116,23.322473,-43.090478,ELG,0.56710571,1.0000,false
V4T007117,357.589520,-17.932248,BGS,0.86953230,0.4500,false
V4T007118,32.712980,-37.643621,ELG,0.86823571,1.0000,false
V4T007119,33.521543,-37.196608,ELG,0.28547958,1.0000,false
V4T007120,38.272433,-38.258844,Star,2.82041466,0.3000,false
V4T007121,41.822954,-40.854211,BGS,1.15215899,0.4500,false
V4T007122,347.388669,-18.906682,QSO,0.12538012,1.7000,false
V4T007123,351.026994,-36.546041,ELG,0.33610115,1.0000,false
V4T007124,354.449476,-38.255288,QSO,0.23194753,1.7000,false
V4T007125,351.825771,-38.839714,ELG,0.54747582,1.0000,true
V4T007126,34.967880,-44.028545,LRG,0.31069620,1.0000,false
V4T007127,354.532833,-38.575757,Star,3.08623633,0.3000,false
V4T007128,26.533294,-39.061992,BGS,1.40123948,0.4500,false
V4T007129,26.727809,-48.638923,ELG,0.79225012,1.0000,false
V4T007130,340.704302,-21.893035,LRG,0.27292414,1.0000,false
V4T007131,355.833797,-34.242496,LRG,0.21629684,1.0000,false
V4T007132,353.164925,-17.336885,QSO,0.11530133,1.7000,false
V4T007133,43.496832,-61.215517,LRG,0.44866735,1.0000,false
V4T007134,359.001503,-32.236980,ELG,0.81774197,1.0000,false
V4T007135,359.332238,-24.097189,ELG,0.54039734,1.0000,false
V4T007136,344.893878,-27.089708,QSO,0.34453168,1.7000,false
V4T007137,348.060444,-12.189919,Star,2.81088780,0.3000,false
V4T007138,342.261533,-24.127666,ELG,0.45467212,1.0000,false
V4T007139,0.508467,-34.441637,ELG,0.42523661,1.0000,true
V4T007140,51.347684,-44.432323,ELG,0.70785483,1.0000,false
V4T007141,358.574312,-27.611593,QSO,0.17731775,1.7000,false
V4T007142,25.247437,-40.237216,BGS,1.19127509,0.4500,false
V4T007143,0.898894,-35.114547,ELG,1.32002142,1.0000,false
V4T007144,19.533977,-50.614539,BGS,1.29037766,0.4500,false
V4T007145,33.599973,-38.823422,LRG,0.32615795,1.0000,false
V4T007146,28.787257,-56.463234,ELG,0.49677018,1.0000,false
V4T007147,32.195374,-36.696620,LRG,0.37413633,1.0000,false
V4T007148,30.560507,-39.046484,QSO,0.36958310,1.7000,false
V4T007149,39.741496,-48.484470,LRG,0.36046820,1.0000,false
V4T007150,27.908165,-52.345183,ELG,1.19292792,1.0000,false
V4T007151,2.261836,-33.995557,BGS,1.16887895,0.4500,false
V4T007152,351.254470,-21.194633,ELG,0.51101021,1.0000,false
V4T007153,32.357805,-59.059526,ELG,0.32730933,1.0000,false
V4T007154,356.026394,-35.292875,ELG,0.33122533,1.0000,false
V4T007155,32.520656,-57.674412,ELG,0.41978760,1.0000,false
V4T007156,338.027251,-28.049868,Star,4.75967526,0.3000,false
V4T007157,46.459841,-50.502966,Star,3.13427396,0.3000,false
V4T007158,32.179393,-58.844608,LRG,0.43512718,1.0000,false
V4T007159,31.962851,-59.097841,BGS,1.54761294,0.4500,false
V4T007160,343.438472,-15.948227,BGS,1.72844403,0.4500,false
V4T007161,339.604977,-22.556343,BGS,1.03600804,0.4500,false
V4T007162,356.129400,-16.026010,LRG,0.33302408,1.0000,false
V4T007163,43.786597,-41.832616,LRG,0.62598781,1.0000,false
V4T007164,354.598276,-34.465287,QSO,0.20714513,1.7000,false
V4T007165,345.449559,-28.409673,BGS,1.50893114,0.4500,false
V4T007166,357.252284,-21.649798,ELG,0.21049332,1.0000,false
V4T007167,352.660170,-27.846539,ELG,0.24187053,1.0000,false
V4T007168,45.936152,-55.596454,ELG,0.96494587,1.0000,false
V4T007169,358.659220,-26.746092,LRG,0.49589381,1.0000,true
V4T007170,343.180815,-23.280504,QSO,0.12374580,1.7000,false
V4T007171,49.591934,-55.728297,ELG,0.27007219,1.0000,false
V4T007172,338.633764,-20.574780,LRG,0.20105249,1.0000,false
V4T007173,41.998805,-42.742186,ELG,0.40462040,1.0000,false
V4T007174,352.822615,-37.810862,BGS,1.11777207,0.4500,false
V4T007175,355.553993,-13.867386,ELG,0.65972739,1.0000,false
V4T007176,1.774585,-29.353473,ELG,0.40895214,1.0000,false
V4T007177,343.936544,-18.255575,LRG,0.29539115,1.0000,false
V4T007178,24.889677,-46.808621,ELG,0.72286410,1.0000,false
V4T007179,32.785451,-44.146426,BGS,2.17951113,0.4500,false
V4T007180,44.414396,-46.676855,ELG,0.96057925,1.0000,true
V4T007181,352.209939,-38.206822,LRG,0.46255978,1.0000,false
V4T007182,350.885634,-36.813792,LRG,0.25798984,1.0000,false
V4T007183,337.388910,-27.900645,Star,3.44921612,0.3000,false
V4T007184,350.857878,-36.465857,ELG,0.30397816,1.0000,false
V4T007185,357.718781,-32.992068,ELG,0.83664406,1.0000,false
V4T007186,35.188284,-52.890936,QSO,0.59634807,1.7000,false
V4T007187,29.468548,-36.472568,QSO,0.18975936,1.7000,false
V4T007188,33.605726,-37.962694,ELG,0.48908909,1.0000,false
V4T007189,49.940918,-54.140211,QSO,0.29868239,1.7000,false
V4T007190,344.598187,-17.336902,ELG,0.16450762,1.0000,false
V4T007191,32.120751,-37.107854,ELG,0.55019684,1.0000,false
V4T007192,347.381067,-24.643343,BGS,0.75463257,0.4500,false
V4T007193,350.515275,-30.190898,QSO,0.18658616,1.7000,false
V4T007194,46.879603,-53.989383,ELG,0.31439167,1.0000,false
V4T007195,340.719439,-33.869530,ELG,0.49127583,1.0000,false
V4T007196,343.341560,-25.750087,ELG,0.67584805,1.0000,false
V4T007197,27.924990,-36.919345,BGS,0.88422171,0.4500,false
V4T007198,51.480930,-56.292121,BGS,1.68958477,0.4500,false
V4T007199,42.670984,-51.679132,ELG,0.83036712,1.0000,false
V4T007200,348.538425,-30.005243,LRG,0.30017716,1.0000,false
V4T007201,357.460157,-38.290624,QSO,0.25724165,1.7000,false
V4T007202,348.004503,-32.803081,BGS,1.34027207,0.4500,false
V4T007203,359.624698,-24.418798,QSO,0.12602742,1.7000,false
V4T007204,32.090858,-58.905907,ELG,0.52901385,1.0000,false
V4T007205,354.549387,-35.422829,BGS,1.94840613,0.4500,false
V4T007206,338.339317,-35.400363,Star,4.91525375,0.3000,false
V4T007207,43.940973,-41.745458,BGS,1.20678149,0.4500,false
V4T007208,354.427762,-18.340660,ELG,0.53506297,1.0000,false
V4T007209,354.589560,-35.393065,LRG,0.26506424,1.0000,true
V4T007210,355.011251,-34.260835,ELG,0.57363928,1.0000,false
V4T007211,355.286699,-34.690251,BGS,0.91704865,0.4500,false
V4T007212,32.728610,-37.034190,ELG,0.50369456,1.0000,false
V4T007213,33.035509,-37.087172,QSO,0.10037661,1.7000,false
V4T007214,348.766439,-22.106803,QSO,0.29052188,1.7000,false
V4T007215,41.768594,-38.634927,ELG,0.43966906,1.0000,false
V4T007216,338.131169,-32.197131,QSO,0.09369338,1.7000,false
V4T007217,351.545904,-26.572619,QSO,0.24376574,1.7000,false
V4T007218,44.956402,-40.775160,LRG,0.42066959,1.0000,false
V4T007219,40.694481,-45.026190,Star,3.41718247,0.3000,true
V4T007220,36.343993,-56.539352,QSO,0.22732344,1.7000,false
V4T007221,350.391926,-39.085102,QSO,0.35004162,1.7000,false
V4T007222,355.173543,-19.342847,BGS,1.54737969,0.4500,false
V4T007223,353.857213,-35.896453,BGS,1.91978070,0.4500,false
V4T007224,353.631155,-36.056891,BGS,1.52263401,0.4500,false
V4T007225,337.751552,-31.994972,ELG,0.43822754,1.0000,false
V4T007226,345.910818,-34.491633,BGS,2.36716981,0.4500,false
V4T007227,38.332575,-48.183172,Star,4.74341061,0.3000,false
V4T007228,28.748476,-43.782354,LRG,0.18993488,1.0000,false
V4T007229,356.460870,-31.266608,ELG,0.40309708,1.0000,false
V4T007230,32.161672,-41.505067,BGS,1.57666664,0.4500,false
V4T007231,33.375877,-44.235925,Star,4.97399614,0.3000,false
V4T007232,1.318260,-34.438601,ELG,0.25384873,1.0000,false
V4T007233,345.448625,-20.089733,BGS,0.92051478,0.4500,false
V4T007234,36.579308,-41.957582,ELG,0.43003114,1.0000,false
V4T007235,29.110560,-41.142625,LRG,0.37401033,1.0000,false
V4T007236,358.856129,-37.620668,BGS,1.52339333,0.4500,false
V4T007237,346.601375,-38.476012,LRG,0.40131327,1.0000,false
V4T007238,345.988096,-27.929467,LRG,0.26734761,1.0000,false
V4T007239,353.519788,-37.800802,Star,3.49272923,0.3000,false
V4T007240,33.570394,-44.467361,LRG,0.36112237,1.0000,false
V4T007241,349.065509,-35.430586,ELG,0.66884746,1.0000,false
V4T007242,32.076519,-36.950618,ELG,0.32618055,1.0000,false
V4T007243,356.373915,-25.788764,LRG,0.36133679,1.0000,false
V4T007244,32.121299,-58.506882,BGS,1.28237163,0.4500,false
V4T007245,353.096966,-24.655464,ELG,0.47269003,1.0000,false
V4T007246,350.124911,-32.012058,ELG,0.85733874,1.0000,false
V4T007247,351.445831,-39.300615,ELG,0.54063263,1.0000,false
V4T007248,352.249666,-21.661682,LRG,0.27988157,1.0000,false
V4T007249,354.847160,-32.851595,ELG,0.69249518,1.0000,false
V4T007250,34.458027,-50.146420,BGS,2.15689351,0.4500,false
V4T007251,349.529015,-36.218944,ELG,0.66772030,1.0000,false
V4T007252,355.816849,-33.070729,BGS,1.46694874,0.4500,false
V4T007253,340.248456,-25.776442,BGS,1.84593522,0.4500,false
V4T007254,30.519570,-50.980349,LRG,0.26773200,1.0000,false
V4T007255,27.909890,-42.794021,LRG,0.39629805,1.0000,false
V4T007256,335.680579,-33.404127,BGS,0.95787237,0.4500,true
V4T007257,44.941858,-52.420944,BGS,0.89485347,0.4500,false
V4T007258,32.784477,-38.509997,QSO,0.09017421,1.7000,false
V4T007259,30.418150,-36.208264,BGS,1.34388085,0.4500,false
V4T007260,347.231687,-17.887563,LRG,0.40521519,1.0000,false
V4T007261,29.883720,-45.603202,Star,3.83946569,0.3000,false
V4T007262,354.217135,-36.318320,ELG,0.74535504,1.0000,false
V4T007263,357.862136,-26.791956,BGS,1.03328850,0.4500,false
V4T007264,353.549907,-38.620542,ELG,0.93122371,1.0000,false
V4T007265,358.527799,-19.073424,QSO,0.20285569,1.7000,false
V4T007266,31.552574,-56.514128,ELG,0.66677037,1.0000,false
V4T007267,342.825955,-36.621751,QSO,0.09643041,1.7000,false
V4T007268,2.556011,-30.396365,BGS,1.37140507,0.4500,false
V4T007269,20.968911,-57.112658,ELG,0.48852915,1.0000,false
V4T007270,341.602055,-36.142032,ELG,0.55784508,1.0000,false
V4T007271,3.489303,-30.560221,ELG,0.57425663,1.0000,false
V4T007272,354.315131,-24.052802,QSO,0.18467985,1.7000,false
V4T007273,357.695762,-30.589605,BGS,0.62336778,0.4500,false
V4T007274,31.780717,-53.935004,ELG,0.61980097,1.0000,false
V4T007275,46.178684,-51.073686,ELG,0.72226453,1.0000,false
V4T007276,352.582467,-38.379400,ELG,0.33680709,1.0000,false
V4T007277,344.818095,-20.283823,ELG,0.43822653,1.0000,false
V4T007278,50.821434,-44.001095,ELG,0.54977439,1.0000,false
V4T007279,46.178739,-55.410797,ELG,0.43392618,1.0000,false
V4T007280,359.760557,-26.924861,ELG,0.61102804,1.0000,false
V4T007281,1.713019,-33.011803,LRG,0.76068599,1.0000,true
V4T007282,42.694518,-54.551852,LRG,0.47289259,1.0000,false
V4T007283,32.761583,-37.025250,Star,3.52107567,0.3000,false
V4T007284,50.515201,-44.013795,LRG,0.31084300,1.0000,false
V4T007285,346.175159,-20.026553,BGS,1.20071474,0.4500,false
V4T007286,355.685978,-34.363788,LRG,0.51785579,1.0000,false
V4T007287,29.020321,-39.613323,ELG,0.33181154,1.0000,false
V4T007288,2.659334,-24.796097,BGS,1.69724805,0.4500,false
V4T007289,38.644239,-48.003074,BGS,0.87188098,0.4500,false
V4T007290,350.218906,-33.173002,QSO,0.15191900,1.7000,false
V4T007291,31.915930,-59.559891,QSO,0.09152967,1.7000,false
V4T007292,24.709672,-54.420413,ELG,0.39635457,1.0000,false
V4T007293,1.711137,-20.763687,ELG,0.30625304,1.0000,false
V4T007294,350.759241,-36.303064,ELG,0.49858597,1.0000,false
V4T007295,2.142790,-21.190968,ELG,0.21606825,1.0000,false
V4T007296,339.517844,-28.881425,LRG,0.73350198,1.0000,false
V4T007297,25.504482,-58.716839,QSO,0.32298756,1.7000,false
V4T007298,343.897385,-28.328311,ELG,0.90187666,1.0000,true
V4T007299,354.107106,-18.891013,ELG,0.33292426,1.0000,false
V4T007300,36.182938,-38.130225,BGS,1.23288361,0.4500,false
V4T007301,43.047522,-56.651366,ELG,0.86663948,1.0000,false
V4T007302,344.445544,-36.660368,ELG,0.38945140,1.0000,false
V4T007303,0.527743,-33.663838,BGS,0.88745105,0.4500,false
V4T007304,359.647397,-16.192361,BGS,1.49741756,0.4500,false
V4T007305,342.152154,-32.312338,BGS,2.32215859,0.4500,false
V4T007306,342.609218,-30.344237,ELG,0.93159653,1.0000,false
V4T007307,0.334102,-24.208023,LRG,0.56453208,1.0000,false
V4T007308,335.656402,-22.095049,BGS,1.07544963,0.4500,true
V4T007309,355.119248,-24.027065,BGS,0.95930206,0.4500,false
V4T007310,356.829110,-39.261856,ELG,0.41307380,1.0000,false
V4T007311,345.316675,-27.655739,ELG,0.20783629,1.0000,false
V4T007312,51.210310,-44.235316,BGS,1.09721506,0.4500,false
V4T007313,350.192012,-25.997694,BGS,1.49101074,0.4500,false
V4T007314,32.264830,-56.974177,LRG,0.27269719,1.0000,false
V4T007315,51.210125,-50.358467,ELG,0.29714696,1.0000,false
V4T007316,24.527817,-50.875202,ELG,0.49050399,1.0000,false
V4T007317,351.284570,-39.560881,ELG,0.49485030,1.0000,false
V4T007318,354.343692,-14.240748,BGS,0.94024110,0.4500,false
V4T007319,39.483306,-45.375600,Star,3.61306818,0.3000,false
V4T007320,30.736040,-57.766882,QSO,0.15618382,1.7000,false
V4T007321,344.280268,-23.363751,ELG,0.56274719,1.0000,false
V4T007322,345.470295,-20.609375,ELG,1.30734889,1.0000,false
V4T007323,354.362208,-38.903123,BGS,1.91313163,0.4500,false
V4T007324,345.597477,-21.138269,Star,5.01176466,0.3000,false
V4T007325,342.410283,-30.021994,BGS,0.94914934,0.4500,false
V4T007326,43.213477,-39.632539,BGS,1.08759614,0.4500,false
V4T007327,31.609249,-57.237310,ELG,0.49695304,1.0000,false
V4T007328,354.835850,-35.820916,LRG,0.45562461,1.0000,false
V4T007329,338.350874,-18.687684,BGS,1.67682258,0.4500,false
V4T007330,343.654332,-20.513673,BGS,1.19014444,0.4500,false
V4T007331,37.248465,-58.404627,ELG,0.22716449,1.0000,false
V4T007332,345.595762,-28.176004,QSO,0.22198408,1.7000,false
V4T007333,27.052304,-41.445740,QSO,0.57963173,1.7000,false
V4T007334,358.244712,-36.851184,BGS,1.43916752,0.4500,false
V4T007335,341.594503,-26.971495,ELG,0.52592703,1.0000,false
V4T007336,32.438486,-59.482692,ELG,0.46117061,1.0000,false
V4T007337,22.104440,-42.912412,ELG,0.38311374,1.0000,false
V4T007338,337.441064,-21.008391,ELG,0.43968915,1.0000,false
V4T007339,350.444316,-36.114185,QSO,0.09132271,1.7000,false
V4T007340,350.176288,-38.169130,Star,5.09594698,0.3000,false
V4T007341,358.271350,-19.549524,BGS,0.84063436,0.4500,false
V4T007342,2.608195,-21.338434,BGS,1.24532619,0.4500,false
V4T007343,29.650123,-60.170927,ELG,0.68625982,1.0000,false
V4T007344,2.341475,-25.488347,Star,3.83342117,0.3000,false
V4T007345,354.654397,-32.807573,BGS,1.20293457,0.4500,false
V4T007346,25.858542,-38.177888,QSO,0.29859542,1.7000,false
V4T007347,354.844961,-18.684167,ELG,0.56741077,1.0000,false
V4T007348,47.562897,-53.075034,LRG,0.43407030,1.0000,false
V4T007349,30.728964,-58.993157,ELG,0.83328387,1.0000,false
V4T007350,43.463685,-44.842901,Star,6.00487605,0.3000,false
V4T007351,27.411930,-62.104637,BGS,1.99130090,0.4500,false
V4T007352,336.018093,-27.440449,LRG,0.55532926,1.0000,false
V4T007353,22.230098,-47.835881,ELG,0.38246815,1.0000,false
V4T007354,0.513116,-23.855739,QSO,0.18933716,1.7000,false
V4T007355,358.622084,-26.387768,LRG,0.28081012,1.0000,false
V4T007356,338.599442,-32.709091,ELG,0.64727975,1.0000,false
V4T007357,355.508869,-34.738212,QSO,0.19172414,1.7000,false
V4T007358,358.710501,-16.157187,Star,3.80066417,0.3000,false
V4T007359,336.686679,-23.205404,BGS,1.65870508,0.4500,false
V4T007360,42.116473,-39.274299,BGS,1.40707967,0.4500,false
V4T007361,25.548109,-40.886699,ELG,0.57318727,1.0000,false
V4T007362,38.612611,-48.052282,BGS,0.86214176,0.4500,false
V4T007363,357.669332,-14.080634,BGS,0.84648015,0.4500,false
V4T007364,345.379416,-37.541368,LRG,0.19020788,1.0000,false
V4T007365,342.295649,-22.468381,QSO,0.23299694,1.7000,false
V4T007366,345.207046,-28.743633,BGS,0.89709615,0.4500,false
V4T007367,358.855445,-30.750134,BGS,1.28609861,0.4500,false
V4T007368,49.912602,-48.583561,BGS,2.09540151,0.4500,false
V4T007369,354.320840,-35.462843,BGS,1.88040605,0.4500,false
V4T007370,22.983885,-53.007768,QSO,0.35977815,1.7000,false
V4T007371,358.325889,-26.702565,ELG,0.91477313,1.0000,false
V4T007372,353.835427,-39.198015,ELG,0.47207472,1.0000,false
V4T007373,353.626758,-14.525374,ELG,0.55118951,1.0000,false
V4T007374,343.137798,-17.693757,ELG,1.07638147,1.0000,false
V4T007375,345.564062,-20.862298,BGS,1.31393101,0.4500,false
V4T007376,45.566917,-49.149975,ELG,0.40324175,1.0000,false
V4T007377,345.814547,-37.337963,ELG,0.47035019,1.0000,false
V4T007378,31.056268,-47.690369,BGS,1.02615167,0.4500,false
V4T007379,23.448750,-45.513592,ELG,0.36462542,1.0000,false
V4T007380,46.537309,-41.022644,BGS,0.87255473,0.4500,false
V4T007381,32.243245,-35.650389,QSO,0.21159803,1.7000,true
V4T007382,32.640924,-36.810396,LRG,0.49233258,1.0000,false
V4T007383,346.264188,-14.776285,BGS,1.12845842,0.4500,false
V4T007384,1.593335,-19.173846,QSO,0.22586800,1.7000,false
V4T007385,344.479697,-17.356589,ELG,0.61882683,1.0000,false
V4T007386,39.906226,-39.004151,LRG,0.24621315,1.0000,false
V4T007387,340.121590,-19.972745,ELG,0.36382450,1.0000,false
V4T007388,349.675179,-35.121848,BGS,0.96517855,0.4500,false
V4T007389,47.709015,-48.733496,QSO,0.10113187,1.7000,false
V4T007390,34.907008,-61.070125,BGS,1.33727370,0.4500,false
V4T007391,357.469284,-26.904586,QSO,0.31716902,1.7000,false
V4T007392,341.844926,-17.571113,LRG,0.51375424,1.0000,false
V4T007393,30.752083,-59.169852,BGS,1.06980035,0.4500,false
V4T007394,356.119166,-35.079599,QSO,0.07577049,1.7000,true
V4T007395,31.600729,-36.863648,BGS,1.03130283,0.4500,false
V4T007396,34.274330,-55.927515,QSO,0.18266507,1.7000,false
V4T007397,50.626399,-42.432098,ELG,0.53809074,1.0000,false
V4T007398,1.579954,-26.112287,LRG,0.29116813,1.0000,false
V4T007399,350.226888,-31.321345,ELG,0.87404701,1.0000,false
V4T007400,350.612751,-33.722130,LRG,0.39517785,1.0000,false
V4T007401,27.708984,-59.545121,ELG,0.43382509,1.0000,false
V4T007402,336.312064,-29.629723,ELG,0.63291137,1.0000,false
V4T007403,340.910106,-23.894750,ELG,0.37136711,1.0000,false
V4T007404,24.148385,-39.332241,ELG,0.64370448,1.0000,false
V4T007405,356.161437,-34.730402,BGS,2.09268306,0.4500,false
V4T007406,358.023469,-30.782262,ELG,0.61110704,1.0000,false
V4T007407,1.794224,-21.263234,QSO,0.06833880,1.7000,false
V4T007408,345.628313,-21.236334,LRG,0.31218677,1.0000,false
V4T007409,43.326463,-39.980420,ELG,0.40416859,1.0000,false
V4T007410,32.228939,-36.851327,ELG,1.25488292,1.0000,false
V4T007411,345.210222,-38.042025,BGS,1.20232286,0.4500,false
V4T007412,354.821328,-34.664803,ELG,0.31579584,1.0000,true
V4T007413,3.509610,-27.188152,ELG,1.42459549,1.0000,false
V4T007414,359.287431,-26.269815,QSO,0.14750056,1.7000,false
V4T007415,345.398512,-22.733149,LRG,0.30816621,1.0000,false
V4T007416,339.848304,-34.809177,BGS,1.26983840,0.4500,false
V4T007417,338.566747,-23.624056,BGS,1.45435056,0.4500,false
V4T007418,30.423023,-38.104346,BGS,1.44626066,0.4500,true
V4T007419,349.980001,-28.039880,Star,4.94021727,0.3000,false
V4T007420,49.371262,-45.726117,ELG,0.40895649,1.0000,false
V4T007421,40.388669,-54.564072,BGS,1.85949622,0.4500,false
V4T007422,350.272267,-23.036684,QSO,0.13926553,1.7000,false
V4T007423,359.090160,-25.931584,QSO,0.29095844,1.7000,false
V4T007424,353.962044,-35.231733,QSO,0.11399664,1.7000,false
V4T007425,344.635893,-23.830039,BGS,1.24753893,0.4500,false
V4T007426,46.698958,-51.804287,BGS,0.84505798,0.4500,false
V4T007427,47.721021,-45.473931,BGS,1.04016255,0.4500,true
V4T007428,356.349822,-29.929165,ELG,0.33384449,1.0000,false
V4T007429,50.859835,-43.549979,ELG,0.99762770,1.0000,false
V4T007430,347.877733,-18.985628,BGS,1.55773896,0.4500,false
V4T007431,357.649105,-26.193237,ELG,1.27222050,1.0000,false
V4T007432,0.314162,-30.639635,ELG,1.06925384,1.0000,false
V4T007433,37.421223,-51.357728,ELG,0.79460395,1.0000,false
V4T007434,42.630999,-53.397704,ELG,0.37363970,1.0000,false
V4T007435,351.369894,-36.595912,BGS,1.01537189,0.4500,false
V4T007436,44.783310,-38.328216,BGS,0.85868250,0.4500,false
V4T007437,38.349775,-39.796417,ELG,0.55935180,1.0000,false
V4T007438,49.133958,-41.393946,LRG,0.21383909,1.0000,true
V4T007439,338.210375,-19.145226,BGS,1.72482832,0.4500,false
V4T007440,22.607886,-52.204681,QSO,0.18196040,1.7000,false
V4T007441,351.743556,-39.840364,QSO,0.18558788,1.7000,false
V4T007442,27.922660,-37.242626,ELG,0.60319797,1.0000,false
V4T007443,353.414621,-38.500773,QSO,0.13007660,1.7000,false
V4T007444,46.548031,-47.811020,LRG,0.44564151,1.0000,false
V4T007445,31.960468,-39.295826,LRG,0.28403391,1.0000,true
V4T007446,357.990650,-16.800679,ELG,0.35953735,1.0000,false
V4T007447,24.691037,-60.772842,ELG,0.68875132,1.0000,false
V4T007448,29.896232,-57.979922,ELG,0.91429108,1.0000,false
V4T007449,1.421031,-25.093467,LRG,0.39096457,1.0000,false
V4T007450,34.120554,-55.928661,ELG,0.34363460,1.0000,false
V4T007451,39.334790,-42.727576,BGS,1.60538393,0.4500,false
V4T007452,356.457171,-15.032870,ELG,0.56722927,1.0000,false
V4T007453,354.234235,-36.354261,QSO,0.06762991,1.7000,false
V4T007454,32.759284,-37.231188,LRG,0.20527525,1.0000,false
V4T007455,354.274047,-34.601654,BGS,1.14651223,0.4500,false
V4T007456,357.691657,-27.314916,LRG,0.46952088,1.0000,false
V4T007457,334.473585,-28.182037,LRG,0.53950942,1.0000,false
V4T007458,30.166896,-51.610646,QSO,0.27101784,1.7000,false
V4T007459,354.582023,-35.357562,LRG,0.39400377,1.0000,false
V4T007460,354.973341,-21.400992,ELG,0.42289983,1.0000,false
V4T007461,351.793192,-39.332899,Star,3.39015614,0.3000,false
V4T007462,345.596184,-20.568641,BGS,1.26514149,0.4500,false
V4T007463,352.107540,-39.293024,Star,5.76955871,0.3000,false
V4T007464,0.420129,-35.157482,BGS,1.25796012,0.4500,false
V4T007465,34.326210,-56.514221,BGS,1.44519084,0.4500,false
V4T007466,355.207379,-12.658549,LRG,0.66992807,1.0000,false
V4T007467,40.258774,-41.913171,BGS,1.85549955,0.4500,false
V4T007468,348.341599,-19.840464,BGS,1.12812147,0.4500,false
V4T007469,354.318012,-34.291167,LRG,0.24877607,1.0000,false
V4T007470,338.757290,-23.081832,LRG,0.31517844,1.0000,false
V4T007471,345.052953,-37.304090,LRG,0.32119927,1.0000,false
V4T007472,338.241441,-34.246039,BGS,1.84560166,0.4500,false
V4T007473,0.349498,-30.220899,QSO,0.08139009,1.7000,false
V4T007474,25.182136,-55.877692,QSO,0.22663827,1.7000,false
V4T007475,357.897351,-26.997184,BGS,0.77162227,0.4500,false
V4T007476,355.706643,-22.562178,LRG,0.30668720,1.0000,false
V4T007477,20.205414,-51.879679,ELG,0.72017560,1.0000,false
V4T007478,28.758484,-57.930026,BGS,1.64041833,0.4500,false
V4T007479,355.320036,-32.901499,ELG,0.49150079,1.0000,false
V4T007480,352.065984,-39.363487,BGS,1.37020990,0.4500,false
V4T007481,340.826765,-22.247205,ELG,0.91862879,1.0000,false
V4T007482,36.013146,-55.417413,BGS,1.25798386,0.4500,false
V4T007483,335.794421,-23.335409,BGS,1.41939511,0.4500,false
V4T007484,353.184586,-37.982205,Star,5.34702499,0.3000,false
V4T007485,357.087570,-21.359771,ELG,0.30896096,1.0000,false
V4T007486,25.324897,-41.494738,ELG,0.44940961,1.0000,false
V4T007487,36.345328,-42.213522,LRG,0.22823408,1.0000,false
V4T007488,33.134699,-55.061046,QSO,0.21972892,1.7000,false
V4T007489,27.658884,-57.689671,ELG,0.33223852,1.0000,true
V4T007490,47.050272,-56.338411,BGS,1.28110592,0.4500,false
V4T007491,346.401253,-28.685877,BGS,0.84380812,0.4500,false
V4T007492,345.076003,-20.592768,LRG,0.25643264,1.0000,false
V4T007493,345.604465,-18.665905,BGS,1.54397309,0.4500,false
V4T007494,32.036784,-49.090030,ELG,0.53026121,1.0000,true
V4T007495,23.252741,-45.732062,BGS,1.50521392,0.4500,false
V4T007496,43.410109,-38.581280,LRG,0.38481403,1.0000,false
V4T007497,29.646432,-40.062568,BGS,0.88040718,0.4500,false
V4T007498,47.399094,-40.466494,LRG,0.33095466,1.0000,false
V4T007499,345.854630,-21.078067,LRG,0.48391409,1.0000,false
V4T007500,345.685342,-14.401526,LRG,0.40597958,1.0000,false
V4T007501,345.722350,-20.767462,ELG,0.71425187,1.0000,false
V4T007502,349.903356,-20.660741,QSO,0.08013761,1.7000,false
V4T007503,27.758850,-54.288370,LRG,0.19251186,1.0000,false
V4T007504,351.449236,-34.035238,ELG,0.50859551,1.0000,false
V4T007505,346.050879,-30.223547,Star,5.82585428,0.3000,false
V4T007506,45.910776,-42.016829,LRG,0.40007262,1.0000,false
V4T007507,1.793044,-32.387558,LRG,0.41095287,1.0000,true
V4T007508,359.877410,-31.959808,LRG,0.44861689,1.0000,false
V4T007509,38.782716,-42.385491,BGS,1.52550064,0.4500,false
V4T007510,344.586712,-25.228783,Star,4.44165181,0.3000,false
V4T007511,338.447166,-30.459204,Star,3.78669478,0.3000,false
V4T007512,28.873873,-43.050454,ELG,0.81072128,1.0000,false
V4T007513,345.191296,-20.904221,BGS,1.98252318,0.4500,false
V4T007514,37.477843,-35.952061,LRG,0.38998264,1.0000,false
V4T007515,30.423710,-48.592666,QSO,0.08238801,1.7000,false
V4T007516,357.701285,-26.282850,ELG,0.52431172,1.0000,false
V4T007517,345.816643,-29.698728,Star,2.75632629,0.3000,false
V4T007518,345.650260,-20.061431,Star,2.58653362,0.3000,false
V4T007519,32.761727,-50.312892,ELG,0.35262527,1.0000,false
V4T007520,343.774307,-34.078421,ELG,0.49225876,1.0000,false
V4T007521,32.855217,-38.587239,BGS,1.22018602,0.4500,false
V4T007522,29.739771,-45.480521,QSO,0.17109031,1.7000,false
V4T007523,32.583303,-37.149787,LRG,0.32600398,1.0000,false
V4T007524,357.159696,-19.864550,BGS,0.94954276,0.4500,false
V4T007525,34.800641,-53.611666,BGS,2.16726882,0.4500,false
V4T007526,335.751072,-22.645484,Star,4.18596456,0.3000,false
V4T007527,350.541431,-20.863021,BGS,1.44548716,0.4500,false
V4T007528,47.223465,-38.775905,BGS,1.95482098,0.4500,false
V4T007529,33.927534,-52.551579,LRG,0.17894917,1.0000,false
V4T007530,351.685766,-38.152890,QSO,0.09297058,1.7000,true
V4T007531,355.731398,-19.320354,LRG,0.62168165,1.0000,false
V4T007532,30.710142,-59.754506,BGS,1.32906468,0.4500,false
V4T007533,347.781174,-23.756508,QSO,0.20391920,1.7000,false
V4T007534,30.545781,-48.889639,ELG,0.59411273,1.0000,false
V4T007535,352.746010,-39.092286,ELG,0.58518437,1.0000,false
V4T007536,340.664705,-20.393883,ELG,0.67015888,1.0000,false
V4T007537,348.240420,-18.476496,Star,3.21304178,0.3000,false
V4T007538,37.534538,-46.803693,Star,3.02353960,0.3000,false
V4T007539,355.987219,-34.909270,LRG,0.44122396,1.0000,false
V4T007540,22.893029,-60.288982,ELG,0.84643138,1.0000,false
V4T007541,354.441834,-33.280956,ELG,0.51335309,1.0000,false
V4T007542,49.558924,-43.811025,BGS,1.24674799,0.4500,false
V4T007543,50.305563,-44.546623,BGS,1.35893711,0.4500,false
V4T007544,357.471566,-17.306855,ELG,0.67340183,1.0000,false
V4T007545,359.744023,-24.631364,Star,3.35142775,0.3000,false
V4T007546,356.007346,-29.676899,BGS,1.01235161,0.4500,false
V4T007547,31.119799,-58.167998,ELG,0.87951801,1.0000,false
V4T007548,39.175740,-54.338498,LRG,0.34978263,1.0000,true
V4T007549,45.974529,-50.219088,ELG,0.36876373,1.0000,false
V4T007550,342.488840,-25.095098,ELG,0.89263556,1.0000,false
V4T007551,349.004456,-14.602792,LRG,0.32883606,1.0000,false
V4T007552,338.970759,-31.146093,ELG,0.48982364,1.0000,false
V4T007553,345.861316,-28.692833,Star,4.86605314,0.3000,false
V4T007554,28.810688,-37.884760,QSO,0.20768429,1.7000,false
V4T007555,358.579759,-17.652325,BGS,0.82069600,0.4500,false
V4T007556,44.287143,-46.833401,LRG,0.41350546,1.0000,false
V4T007557,38.946160,-45.549722,BGS,0.79046579,0.4500,false
V4T007558,21.750463,-56.202138,BGS,1.53069406,0.4500,false
V4T007559,340.637587,-17.619608,ELG,0.47548057,1.0000,false
V4T007560,340.699434,-21.019139,LRG,0.47043541,1.0000,true
V4T007561,36.580744,-62.307159,QSO,0.20679644,1.7000,true
V4T007562,352.219470,-39.694852,BGS,1.33066553,0.4500,false
V4T007563,349.634716,-35.618372,QSO,0.29814086,1.7000,false
V4T007564,24.641088,-54.429901,LRG,0.25700760,1.0000,false
V4T007565,32.796753,-37.544164,QSO,0.44700730,1.7000,false
V4T007566,346.436116,-28.545066,BGS,1.15791303,0.4500,false
V4T007567,345.165642,-28.864696,QSO,0.22893166,1.7000,false
V4T007568,355.506266,-31.842256,ELG,0.70845543,1.0000,false
V4T007569,346.901127,-16.884764,BGS,0.98519555,0.4500,false
V4T007570,2.565810,-29.087214,Star,1.72651863,0.3000,false
V4T007571,355.808715,-29.043568,LRG,0.31153732,1.0000,false
V4T007572,35.248245,-47.535249,LRG,0.22557795,1.0000,false
V4T007573,344.849726,-26.396499,ELG,0.42553518,1.0000,false
V4T007574,50.955439,-43.188282,LRG,0.31232708,1.0000,false
V4T007575,32.702961,-36.899871,BGS,1.45032911,0.4500,false
V4T007576,32.862986,-54.421860,ELG,0.46721525,1.0000,false
V4T007577,19.993981,-46.531887,QSO,0.16993256,1.7000,false
V4T007578,351.065577,-20.714615,LRG,0.43489312,1.0000,false
V4T007579,45.188453,-59.361209,ELG,0.64919823,1.0000,false
V4T007580,352.076049,-39.994835,ELG,0.51653607,1.0000,false
V4T007581,41.337445,-38.111520,BGS,0.69092421,0.4500,false
V4T007582,26.114190,-53.756192,ELG,0.32845808,1.0000,false
V4T007583,337.519576,-21.915033,Star,4.13598032,0.3000,false
V4T007584,354.359485,-34.599595,LRG,0.33645382,1.0000,false
V4T007585,50.482785,-56.045052,BGS,1.21259012,0.4500,false
V4T007586,29.374801,-50.846691,QSO,0.22620838,1.7000,false
V4T007587,42.618807,-37.212387,BGS,1.31979869,0.4500,true
V4T007588,27.163627,-41.809594,BGS,1.16999153,0.4500,false
V4T007589,355.957062,-27.935565,LRG,0.30454457,1.0000,false
V4T007590,343.730428,-28.994736,ELG,0.54401865,1.0000,false
V4T007591,36.816456,-49.282227,BGS,1.58118686,0.4500,false
V4T007592,351.093708,-38.459798,ELG,0.52157150,1.0000,false
V4T007593,29.306161,-48.522121,ELG,0.45603974,1.0000,false
V4T007594,48.553150,-44.314721,ELG,0.34306234,1.0000,false
V4T007595,338.157699,-20.267514,QSO,0.11250405,1.7000,false
V4T007596,354.890209,-35.306704,ELG,0.61315974,1.0000,false
V4T007597,344.685655,-20.662631,ELG,0.47399195,1.0000,false
V4T007598,353.469398,-38.671527,LRG,0.32374884,1.0000,true
V4T007599,20.911484,-47.365753,BGS,1.26687071,0.4500,false
V4T007600,27.019175,-44.628135,ELG,0.33609729,1.0000,true
V4T007601,344.896468,-30.329215,Star,6.26443451,0.3000,false
V4T007602,44.031468,-42.643248,BGS,0.92335304,0.4500,false
V4T007603,357.586135,-27.382719,BGS,0.85079536,0.4500,false
V4T007604,357.763148,-26.412371,ELG,0.35559190,1.0000,false
V4T007605,348.483184,-37.617733,BGS,0.80998940,0.4500,false
V4T007606,35.542341,-36.068882,LRG,0.47093676,1.0000,false
V4T007607,25.027630,-57.320766,BGS,0.57509245,0.4500,false
V4T007608,344.600026,-28.245940,LRG,0.45428308,1.0000,false
V4T007609,349.793183,-23.535114,QSO,0.07608545,1.7000,false
V4T007610,32.578869,-59.433161,LRG,0.34265577,1.0000,false
V4T007611,3.997411,-25.196185,QSO,0.14269881,1.7000,false
V4T007612,353.457155,-12.458972,LRG,0.46974235,1.0000,false
V4T007613,29.399425,-39.168837,ELG,0.46542268,1.0000,false
V4T007614,353.654086,-38.929217,LRG,0.21189911,1.0000,false
V4T007615,352.917027,-24.174337,ELG,0.75209281,1.0000,false
V4T007616,350.836453,-37.091790,BGS,0.84602543,0.4500,false
V4T007617,353.887690,-38.088358,BGS,0.93110533,0.4500,false
V4T007618,358.204087,-30.389510,ELG,0.45054466,1.0000,false
V4T007619,337.572526,-18.450589,LRG,0.39770049,1.0000,false
V4T007620,33.070657,-56.737723,LRG,0.36746764,1.0000,false
V4T007621,48.740866,-41.831664,BGS,1.65824263,0.4500,false
V4T007622,31.723023,-40.212209,ELG,1.01560227,1.0000,false
V4T007623,358.046550,-26.960526,ELG,0.66799455,1.0000,false
V4T007624,353.972150,-34.424844,LRG,0.36818750,1.0000,false
V4T007625,352.344508,-39.432997,Star,4.30692899,0.3000,false
V4T007626,346.318060,-13.556334,Star,3.14026622,0.3000,false
V4T007627,351.481355,-40.421014,ELG,0.51267509,1.0000,false
V4T007628,357.563054,-19.263872,LRG,0.42316722,1.0000,false
V4T007629,347.943160,-14.775229,BGS,0.63075228,0.4500,false
V4T007630,354.675832,-35.041788,QSO,0.14976103,1.7000,false
V4T007631,41.322618,-45.433441,Star,4.73067109,0.3000,false
V4T007632,351.345095,-36.579616,BGS,0.92283223,0.4500,false
V4T007633,39.864616,-36.116836,LRG,0.27843001,1.0000,false
V4T007634,334.418856,-25.921552,LRG,0.28606312,1.0000,false
V4T007635,50.279090,-42.633520,LRG,0.40767848,1.0000,false
V4T007636,336.829244,-28.875393,LRG,0.35918597,1.0000,false
V4T007637,31.701888,-37.009138,ELG,1.41988980,1.0000,false
V4T007638,350.835413,-39.036342,QSO,0.18360050,1.7000,false
V4T007639,44.799176,-56.799783,QSO,0.18533780,1.7000,false
V4T007640,340.101726,-37.457858,LRG,0.13881946,1.0000,false
V4T007641,32.137610,-59.279417,LRG,0.33061727,1.0000,false
V4T007642,346.286449,-17.639878,ELG,0.38529951,1.0000,false
V4T007643,351.937783,-35.914016,ELG,0.56973159,1.0000,false
V4T007644,339.084405,-26.764340,Star,4.35265489,0.3000,false
V4T007645,29.072515,-44.034527,BGS,1.73308366,0.4500,false
V4T007646,27.361576,-54.167676,Star,6.31257412,0.3000,false
V4T007647,340.229114,-35.539960,Star,2.90708282,0.3000,false
V4T007648,355.892088,-34.666237,LRG,0.33753052,1.0000,false
V4T007649,354.529283,-35.916120,BGS,0.80029067,0.4500,false
V4T007650,353.888374,-37.614048,BGS,0.86030499,0.4500,false
V4T007651,41.614439,-48.680539,QSO,0.21766729,1.7000,false
V4T007652,42.147558,-52.109790,Star,4.34431436,0.3000,false
V4T007653,353.242479,-38.771668,LRG,0.24346401,1.0000,false
V4T007654,351.560235,-39.029235,BGS,1.65633955,0.4500,false
V4T007655,41.758067,-49.259324,QSO,0.17666921,1.7000,false
V4T007656,25.252429,-44.559192,LRG,0.31848128,1.0000,false
V4T007657,356.426476,-38.349051,BGS,1.56540453,0.4500,false
V4T007658,350.160593,-37.278950,QSO,0.37807828,1.7000,false
V4T007659,350.895720,-36.863255,ELG,0.73385261,1.0000,false
V4T007660,354.099060,-35.426027,LRG,0.36272071,1.0000,false
V4T007661,345.296025,-28.808664,ELG,0.90064850,1.0000,false
V4T007662,347.256214,-16.614178,BGS,1.14868803,0.4500,false
V4T007663,354.377606,-38.106806,BGS,1.12770897,0.4500,false
V4T007664,48.996574,-44.946705,ELG,1.13266132,1.0000,false
V4T007665,49.764171,-44.595910,Star,5.64042232,0.3000,false
V4T007666,34.580871,-56.165987,QSO,0.11926101,1.7000,false
V4T007667,23.181214,-49.711941,QSO,0.26884348,1.7000,false
V4T007668,350.028517,-36.566303,ELG,0.46540925,1.0000,false
V4T007669,353.578540,-15.908562,QSO,0.31911645,1.7000,false
V4T007670,40.652618,-48.363457,BGS,1.57041981,0.4500,false
V4T007671,346.157549,-22.847593,BGS,1.28832331,0.4500,false
V4T007672,31.729468,-37.758058,ELG,0.79857583,1.0000,false
V4T007673,351.116629,-38.526979,Star,3.24013463,0.3000,false
V4T007674,357.012698,-28.474006,Star,4.38067614,0.3000,false
V4T007675,353.438950,-23.663165,ELG,0.38312554,1.0000,false
V4T007676,351.238569,-23.445281,BGS,1.21495515,0.4500,false
V4T007677,23.304930,-51.304440,LRG,0.39071379,1.0000,false
V4T007678,46.309282,-57.542470,ELG,0.55218417,1.0000,true
V4T007679,33.260944,-39.481434,LRG,0.42762444,1.0000,false
V4T007680,26.438948,-43.214821,ELG,0.64617521,1.0000,false
V4T007681,358.910015,-16.000520,Star,3.49996722,0.3000,false
V4T007682,344.646956,-23.528741,QSO,0.16442543,1.7000,false
V4T007683,352.613779,-38.794382,ELG,0.30954233,1.0000,false
V4T007684,336.525111,-33.155749,BGS,1.17448679,0.4500,false
V4T007685,349.830895,-37.353820,QSO,0.22619141,1.7000,false
V4T007686,19.441606,-53.457665,BGS,1.62541081,0.4500,false
V4T007687,34.531172,-58.302366,BGS,2.03777482,0.4500,false
V4T007688,2.268096,-35.470974,ELG,1.00030150,1.0000,false
V4T007689,342.900060,-24.946571,ELG,0.64188776,1.0000,false
V4T007690,353.163399,-23.488394,QSO,0.10586222,1.7000,false
V4T007691,340.002943,-36.615461,LRG,0.32044266,1.0000,false
V4T007692,43.114572,-55.050287,LRG,0.29894231,1.0000,false
V4T007693,351.688519,-39.059222,LRG,0.43967936,1.0000,true
V4T007694,0.007579,-20.565053,BGS,1.02200598,0.4500,false
V4T007695,356.757103,-34.372149,ELG,0.65697930,1.0000,false
V4T007696,345.420412,-28.417599,Star,4.55924740,0.3000,false
V4T007697,29.399859,-53.150752,LRG,0.34508308,1.0000,false
V4T007698,28.643362,-58.023175,QSO,0.24524361,1.7000,false
V4T007699,350.766709,-38.361197,Star,5.20454570,0.3000,false
V4T007700,343.565040,-22.233834,LRG,0.21108310,1.0000,false
V4T007701,44.879936,-43.927577,ELG,0.57032805,1.0000,false
V4T007702,353.404905,-38.060760,QSO,0.11054206,1.7000,false
V4T007703,351.251679,-14.160052,ELG,0.50486786,1.0000,false
V4T007704,351.070310,-36.660726,ELG,0.68411672,1.0000,false
V4T007705,24.433071,-38.695288,BGS,1.40176865,0.4500,false
V4T007706,346.718224,-36.895785,QSO,0.18540172,1.7000,false
V4T007707,359.563114,-32.129618,ELG,0.62652122,1.0000,true
V4T007708,32.754858,-37.274928,QSO,0.21724897,1.7000,false
V4T007709,20.542258,-45.718927,QSO,0.19825408,1.7000,false
V4T007710,351.645643,-35.751076,LRG,0.32897453,1.0000,false
V4T007711,349.919831,-37.295752,ELG,0.23662314,1.0000,false
V4T007712,42.258529,-37.059148,QSO,0.26722557,1.7000,false
V4T007713,337.485709,-29.746185,LRG,0.30781394,1.0000,false
V4T007714,29.743592,-43.155586,ELG,0.40596779,1.0000,false
V4T007715,357.626854,-24.002967,ELG,0.53415483,1.0000,false
V4T007716,356.461716,-30.735484,QSO,0.11242496,1.7000,false
V4T007717,50.845311,-47.008651,QSO,0.34811106,1.7000,false
V4T007718,354.918170,-18.970481,Star,4.39283537,0.3000,false
V4T007719,355.260881,-34.750249,ELG,0.43399932,1.0000,false
V4T007720,346.388739,-20.151191,ELG,0.60392411,1.0000,false
V4T007721,46.400070,-44.636911,ELG,0.54289205,1.0000,false
V4T007722,345.533656,-12.725611,ELG,0.41540292,1.0000,false
V4T007723,32.952598,-59.690307,BGS,1.51043679,0.4500,false
V4T007724,35.611800,-43.662898,ELG,1.11690850,1.0000,false
V4T007725,355.973447,-33.688937,LRG,0.37426365,1.0000,false
V4T007726,31.852015,-37.046264,BGS,1.17471848,0.4500,false
V4T007727,22.541888,-53.496728,BGS,1.09996157,0.4500,false
V4T007728,343.632904,-30.297710,BGS,1.55993638,0.4500,false
V4T007729,1.257556,-26.760324,ELG,0.59362642,1.0000,true
V4T007730,49.732311,-44.673138,QSO,0.18607777,1.7000,false
V4T007731,350.200526,-37.227876,BGS,1.08002965,0.4500,true
V4T007732,3.439950,-28.945636,BGS,1.22121664,0.4500,true
V4T007733,358.840612,-27.221474,Star,5.01887806,0.3000,false
V4T007734,354.129012,-25.193707,BGS,1.66097645,0.4500,false
V4T007735,42.449997,-60.651216,BGS,0.75762382,0.4500,false
V4T007736,356.414078,-26.351400,QSO,0.18133276,1.7000,false
V4T007737,31.525826,-58.737194,QSO,0.17689562,1.7000,false
V4T007738,353.942977,-28.412205,LRG,0.29597254,1.0000,false
V4T007739,25.881018,-60.552144,LRG,0.23673158,1.0000,false
V4T007740,356.519791,-20.227084,LRG,0.23654202,1.0000,false
V4T007741,32.127729,-53.468312,ELG,0.58055636,1.0000,false
V4T007742,345.558494,-28.439455,BGS,0.89424738,0.4500,false
V4T007743,334.560078,-29.183982,BGS,2.62024134,0.4500,false
V4T007744,355.307266,-35.961625,LRG,0.48115362,1.0000,false
V4T007745,0.021223,-29.281311,LRG,0.37804026,1.0000,false
V4T007746,24.228398,-40.754457,BGS,1.00834105,0.4500,false
V4T007747,353.828920,-39.374514,ELG,0.77195035,1.0000,false
V4T007748,345.107391,-27.984090,BGS,0.76672249,0.4500,false
V4T007749,339.965514,-35.945862,LRG,0.48570264,1.0000,false
V4T007750,31.629817,-58.282623,ELG,0.71586330,1.0000,false
V4T007751,47.845443,-56.590358,QSO,0.31301922,1.7000,false
V4T007752,357.205052,-19.290314,ELG,0.26481120,1.0000,false
V4T007753,342.206306,-31.319929,ELG,0.84546025,1.0000,false
V4T007754,346.536935,-34.396599,BGS,1.33623050,0.4500,false
V4T007755,351.747084,-39.620779,Star,2.47795221,0.3000,false
V4T007756,340.569273,-16.268366,BGS,1.32927660,0.4500,false
V4T007757,29.504001,-40.117599,QSO,0.16719830,1.7000,false
V4T007758,352.911491,-18.354263,ELG,0.23664225,1.0000,false
V4T007759,348.372807,-22.553997,LRG,0.31947144,1.0000,false
V4T007760,35.792656,-57.162579,ELG,0.56057984,1.0000,false
V4T007761,3.476948,-23.751492,Star,3.01318243,0.3000,true
V4T007762,32.499869,-37.360663,ELG,0.53871269,1.0000,false
V4T007763,338.007317,-26.885804,QSO,0.35890740,1.7000,false
V4T007764,355.121762,-26.301382,Star,3.58977676,0.3000,false
V4T007765,41.328513,-58.347109,ELG,0.24379088,1.0000,false
V4T007766,344.018806,-13.469301,ELG,0.59506177,1.0000,false
V4T007767,341.458797,-14.933715,ELG,0.43477211,1.0000,false
V4T007768,0.644342,-30.883727,ELG,0.39602508,1.0000,false
V4T007769,33.796572,-36.056155,BGS,1.68659203,0.4500,false
V4T007770,50.653853,-44.700579,ELG,0.21168378,1.0000,false
V4T007771,42.585380,-52.715716,ELG,0.58368708,1.0000,false
V4T007772,344.767306,-28.179074,ELG,0.69596596,1.0000,false
V4T007773,336.828581,-24.979136,ELG,0.52551774,1.0000,false
V4T007774,20.470197,-54.253534,ELG,0.92303443,1.0000,false
V4T007775,32.206922,-37.603593,BGS,1.10306171,0.4500,false
V4T007776,51.395922,-44.692208,ELG,0.75654479,1.0000,true
V4T007777,342.342137,-26.770369,QSO,0.11545635,1.7000,false
V4T007778,26.822064,-38.399680,BGS,0.97993883,0.4500,false
V4T007779,355.318507,-24.244232,BGS,1.37397879,0.4500,false
V4T007780,353.943705,-35.467331,LRG,0.31433133,1.0000,false
V4T007781,31.536233,-46.243596,ELG,0.25503250,1.0000,false
V4T007782,354.751612,-29.758449,BGS,1.63916510,0.4500,false
V4T007783,345.487783,-30.183923,BGS,1.53172038,0.4500,false
V4T007784,354.045328,-35.651236,ELG,0.40174728,1.0000,false
V4T007785,337.721790,-19.198792,Star,2.81871213,0.3000,false
V4T007786,32.378845,-43.803132,ELG,0.47738308,1.0000,false
V4T007787,22.583793,-57.250364,ELG,0.36589588,1.0000,false
V4T007788,351.425688,-39.095754,ELG,0.55969570,1.0000,false
V4T007789,34.865951,-59.623650,LRG,0.27411442,1.0000,false
V4T007790,350.276102,-37.377563,QSO,0.24458047,1.7000,false
V4T007791,350.495438,-39.241096,LRG,0.26467172,1.0000,false
V4T007792,354.999129,-12.953448,BGS,1.06773373,0.4500,false
V4T007793,354.803216,-34.967168,LRG,0.48069859,1.0000,false
V4T007794,351.396415,-38.377293,QSO,0.20602710,1.7000,false
V4T007795,351.783625,-35.934649,ELG,0.49374852,1.0000,false
V4T007796,31.868078,-55.543209,ELG,0.44847175,1.0000,false
V4T007797,44.875737,-60.584663,BGS,1.60829375,0.4500,false
V4T007798,344.701309,-37.127616,ELG,0.64318758,1.0000,false
V4T007799,40.316933,-46.070643,ELG,0.77938005,1.0000,false
V4T007800,350.852999,-37.280002,Star,4.43020926,0.3000,false
V4T007801,355.987648,-15.725798,ELG,0.58438654,1.0000,false
V4T007802,31.532848,-58.454773,QSO,0.31847391,1.7000,false
V4T007803,43.742674,-37.316996,BGS,1.15088807,0.4500,false
V4T007804,338.572143,-29.830369,ELG,0.65622751,1.0000,false
V4T007805,335.858371,-24.334223,ELG,0.61579689,1.0000,false
V4T007806,1.561208,-25.131911,ELG,0.39512682,1.0000,false
V4T007807,336.957424,-22.312700,QSO,0.18204834,1.7000,false
V4T007808,357.723430,-25.536455,ELG,0.89250694,1.0000,false
V4T007809,357.996958,-25.978994,BGS,1.27912228,0.4500,false
V4T007810,342.794743,-30.091229,LRG,0.29127693,1.0000,false
V4T007811,37.231714,-36.513726,LRG,0.31985691,1.0000,false
V4T007812,350.422442,-36.789938,LRG,0.25733926,1.0000,false
V4T007813,45.600717,-55.673180,ELG,0.70347708,1.0000,false
V4T007814,34.323626,-36.833274,BGS,1.30971217,0.4500,false
V4T007815,351.044919,-37.217465,LRG,0.25645011,1.0000,false
V4T007816,357.156785,-25.998431,ELG,1.11490445,1.0000,false
V4T007817,22.288938,-57.103277,LRG,0.39608418,1.0000,false
V4T007818,355.019231,-35.048054,QSO,0.13075807,1.7000,false
V4T007819,29.253654,-37.202297,LRG,0.43648085,1.0000,false
V4T007820,337.449860,-21.765657,ELG,0.98926457,1.0000,false
V4T007821,343.172216,-31.578822,BGS,2.00937031,0.4500,false
V4T007822,334.078656,-27.106382,QSO,0.22826251,1.7000,false
V4T007823,49.741493,-55.471395,LRG,0.54603918,1.0000,false
V4T007824,354.118424,-35.265232,QSO,0.14492227,1.7000,false
V4T007825,349.433778,-20.914599,LRG,0.26170796,1.0000,false
V4T007826,51.575269,-44.403755,ELG,0.64262705,1.0000,false
V4T007827,357.019112,-37.441906,LRG,0.17418974,1.0000,false
V4T007828,341.342751,-25.966715,BGS,1.14831139,0.4500,false
V4T007829,31.466994,-59.351357,ELG,0.75977281,1.0000,false
V4T007830,33.003376,-36.658714,ELG,0.57373618,1.0000,false
V4T007831,36.493763,-53.995005,BGS,1.06260607,0.4500,false
V4T007832,358.124602,-26.431909,Star,4.05614896,0.3000,false
V4T007833,351.175161,-39.487064,ELG,0.36418975,1.0000,false
V4T007834,354.136095,-37.960720,ELG,0.25597564,1.0000,false
V4T007835,1.996913,-32.948902,BGS,1.56171443,0.4500,false
V4T007836,358.422258,-25.973467,ELG,0.28347539,1.0000,false
V4T007837,31.607654,-48.673996,LRG,0.20031651,1.0000,false
V4T007838,337.513076,-29.356427,BGS,1.52134859,0.4500,false
V4T007839,352.964610,-12.013301,LRG,0.30862627,1.0000,false
V4T007840,42.062718,-43.522057,LRG,0.24406454,1.0000,false
V4T007841,34.943302,-42.753761,BGS,0.86229441,0.4500,false
V4T007842,340.751817,-32.159953,QSO,0.14686604,1.7000,false
V4T007843,2.537359,-25.157512,LRG,0.46276967,1.0000,false
V4T007844,346.005126,-28.330333,Star,4.58749247,0.3000,false
V4T007845,346.668815,-23.389770,LRG,0.30346465,1.0000,false
V4T007846,37.525953,-49.993038,LRG,0.55360626,1.0000,false
V4T007847,46.744053,-52.808901,ELG,0.19232249,1.0000,false
V4T007848,46.390789,-56.370013,BGS,1.00218713,0.4500,false
V4T007849,50.604762,-43.656502,LRG,0.45935482,1.0000,false
V4T007850,28.206327,-44.507367,BGS,1.31639522,0.4500,false
V4T007851,33.697648,-36.473962,LRG,0.52993698,1.0000,false
V4T007852,344.457027,-36.992733,LRG,0.26264677,1.0000,false
V4T007853,50.494932,-45.326847,QSO,0.07785359,1.7000,false
V4T007854,339.798317,-20.206464,ELG,0.70630050,1.0000,false
V4T007855,344.142235,-25.576706,BGS,1.37839297,0.4500,false
V4T007856,336.737935,-21.453579,QSO,0.11350079,1.7000,false
V4T007857,344.346743,-22.292317,BGS,0.86815442,0.4500,false
V4T007858,341.205676,-35.453632,ELG,0.50339449,1.0000,false
V4T007859,349.381640,-24.851601,BGS,1.38435278,0.4500,false
V4T007860,48.588275,-58.295963,ELG,0.59552368,1.0000,false
V4T007861,36.157814,-41.285146,ELG,0.39264460,1.0000,false
V4T007862,354.190582,-35.349056,LRG,0.76418076,1.0000,false
V4T007863,0.550000,-17.204287,ELG,0.57607543,1.0000,false
V4T007864,3.817048,-25.447914,BGS,1.95739188,0.4500,false
V4T007865,346.081370,-25.716111,BGS,1.28832556,0.4500,false
V4T007866,358.590167,-33.134020,LRG,0.32040615,1.0000,false
V4T007867,346.181003,-14.595576,BGS,1.65095875,0.4500,false
V4T007868,340.717646,-30.657269,ELG,0.29211194,1.0000,false
V4T007869,26.159233,-57.595344,ELG,0.48676022,1.0000,false
V4T007870,40.183387,-47.729667,ELG,0.64036353,1.0000,false
V4T007871,357.611378,-28.359861,QSO,0.20004162,1.7000,false
V4T007872,29.895625,-47.400974,ELG,0.57037629,1.0000,false
V4T007873,38.160344,-60.306834,LRG,0.27321201,1.0000,false
V4T007874,353.460075,-37.561290,BGS,1.69814408,0.4500,false
V4T007875,358.821630,-27.052913,QSO,0.09178049,1.7000,false
V4T007876,356.407506,-27.764105,QSO,0.17202408,1.7000,false
V4T007877,36.965698,-37.993109,QSO,0.64829371,1.7000,true
V4T007878,354.458358,-35.199120,QSO,0.10643045,1.7000,false
V4T007879,350.579653,-36.024997,QSO,0.20119214,1.7000,false
V4T007880,358.614972,-38.322214,BGS,1.75398232,0.4500,false
V4T007881,357.526272,-35.648592,ELG,0.61644498,1.0000,false
V4T007882,349.370374,-37.644921,ELG,0.42313460,1.0000,false
V4T007883,33.377173,-36.639061,LRG,0.37191178,1.0000,false
V4T007884,350.983646,-38.748750,QSO,0.20323007,1.7000,false
V4T007885,352.991314,-21.203195,Star,3.54573365,0.3000,false
V4T007886,32.434884,-36.923440,LRG,0.71372773,1.0000,false
V4T007887,358.504583,-35.589959,LRG,0.29073976,1.0000,false
V4T007888,358.199038,-26.750854,ELG,0.38433255,1.0000,false
V4T007889,51.344799,-46.202660,ELG,0.81038148,1.0000,false
V4T007890,50.593603,-44.072922,ELG,0.30761986,1.0000,false
V4T007891,350.104334,-38.007070,ELG,0.74595151,1.0000,false
V4T007892,49.354892,-45.561647,BGS,1.35018775,0.4500,false
V4T007893,45.533529,-48.216829,QSO,0.19930141,1.7000,false
V4T007894,45.421586,-55.241602,BGS,1.54883932,0.4500,false
V4T007895,355.538249,-34.002578,LRG,0.33595683,1.0000,false
V4T007896,353.547210,-39.307662,BGS,1.64063936,0.4500,false
V4T007897,39.814989,-61.293398,ELG,0.30750118,1.0000,false
V4T007898,349.009523,-32.993897,QSO,0.18825520,1.7000,false
V4T007899,358.062342,-28.649807,BGS,1.28182969,0.4500,false
V4T007900,355.726105,-35.249098,ELG,0.51009194,1.0000,false
V4T007901,355.557145,-34.340583,LRG,0.37838237,1.0000,false
V4T007902,38.256748,-55.135306,BGS,0.77466226,0.4500,false
V4T007903,1.508466,-21.069965,BGS,1.10874050,0.4500,false
V4T007904,357.410227,-21.471677,ELG,0.53375058,1.0000,false
V4T007905,46.758218,-44.272825,BGS,1.57857338,0.4500,false
V4T007906,3.176157,-27.959338,Star,4.90905281,0.3000,false
V4T007907,352.950444,-39.731776,LRG,0.37058970,1.0000,false
V4T007908,356.759099,-32.434005,Star,4.95439274,0.3000,false
V4T007909,39.150374,-37.769440,ELG,1.12209151,1.0000,false
V4T007910,33.731087,-38.113976,ELG,0.19336111,1.0000,false
V4T007911,26.282424,-51.098908,ELG,0.83561018,1.0000,false
V4T007912,42.853804,-47.128085,ELG,0.42174197,1.0000,false
V4T007913,26.774950,-57.258549,BGS,1.57690166,0.4500,false
V4T007914,344.613361,-20.387599,BGS,0.73120404,0.4500,false
V4T007915,355.810500,-21.890636,ELG,0.49755488,1.0000,false
V4T007916,336.716106,-34.631975,QSO,0.13150023,1.7000,false
V4T007917,35.733527,-35.578457,LRG,0.63803151,1.0000,false
V4T007918,350.775440,-32.489699,QSO,0.07809568,1.7000,false
V4T007919,26.714108,-38.198468,BGS,1.27176955,0.4500,false
V4T007920,38.349480,-37.616274,ELG,0.84928428,1.0000,false
V4T007921,50.525276,-46.812093,LRG,0.46894105,1.0000,false
V4T007922,354.203029,-18.012854,QSO,0.05569844,1.7000,false
V4T007923,354.118908,-35.560539,ELG,0.56940514,1.0000,false
V4T007924,36.329803,-36.215013,LRG,0.29027869,1.0000,false
V4T007925,336.330710,-24.151628,Star,3.87559634,0.3000,false
V4T007926,342.553091,-37.552879,ELG,0.72634033,1.0000,false
V4T007927,25.655741,-40.210711,ELG,0.44774266,1.0000,false
V4T007928,348.624227,-30.282458,Star,3.64468029,0.3000,false
V4T007929,1.987207,-36.116182,LRG,0.54635318,1.0000,false
V4T007930,38.660089,-60.099972,BGS,0.95340937,0.4500,false
V4T007931,351.986758,-38.078786,LRG,0.41040206,1.0000,false
V4T007932,355.466219,-12.864445,LRG,0.49539204,1.0000,false
V4T007933,35.386712,-42.651664,Star,4.16729895,0.3000,false
V4T007934,353.347737,-35.018362,QSO,0.07865820,1.7000,false
V4T007935,350.712016,-13.803171,LRG,0.18258117,1.0000,false
V4T007936,44.575115,-37.876747,QSO,0.36627728,1.7000,true
V4T007937,344.173065,-21.231366,ELG,0.40369584,1.0000,false
V4T007938,49.288033,-52.013877,BGS,2.33789598,0.4500,false
V4T007939,31.693748,-35.945005,BGS,1.67150340,0.4500,false
V4T007940,351.556072,-11.941335,BGS,1.91921200,0.4500,false
V4T007941,358.023175,-25.350326,BGS,1.41452221,0.4500,false
V4T007942,22.293500,-45.592005,ELG,0.83342869,1.0000,false
V4T007943,2.738206,-21.554346,ELG,1.34088330,1.0000,false
V4T007944,349.652781,-22.412432,LRG,0.31731625,1.0000,false
V4T007945,353.987394,-20.187859,BGS,1.75459294,0.4500,false
V4T007946,33.095811,-37.024468,QSO,0.13535137,1.7000,false
V4T007947,353.772164,-38.283127,BGS,1.64390858,0.4500,true
V4T007948,43.002179,-42.329349,BGS,0.97485278,0.4500,false
V4T007949,25.402818,-51.731995,QSO,0.14972378,1.7000,false
V4T007950,25.187849,-47.558048,ELG,0.63898603,1.0000,false
V4T007951,22.353776,-57.127507,QSO,0.28901419,1.7000,false
V4T007952,26.265259,-47.358022,ELG,0.29890212,1.0000,false
V4T007953,351.268205,-36.447563,QSO,0.24613279,1.7000,false
V4T007954,345.295878,-21.420772,Star,4.66213534,0.3000,false
V4T007955,1.487154,-35.944765,BGS,1.44912742,0.4500,false
V4T007956,350.820595,-23.060663,ELG,0.51230096,1.0000,false
V4T007957,37.426123,-50.231995,ELG,0.41465573,1.0000,false
V4T007958,340.999902,-16.753338,BGS,1.05978249,0.4500,false
V4T007959,39.812202,-41.058160,LRG,0.61746309,1.0000,false
V4T007960,2.053323,-29.887843,BGS,1.23995434,0.4500,false
V4T007961,344.064362,-39.029310,BGS,1.13860079,0.4500,false
V4T007962,29.461118,-48.340307,BGS,2.08903681,0.4500,false
V4T007963,357.772806,-19.905950,ELG,1.15076745,1.0000,false
V4T007964,0.926277,-24.588166,ELG,0.28717236,1.0000,false
V4T007965,1.182048,-21.594031,ELG,0.28030693,1.0000,false
V4T007966,354.316535,-35.166599,ELG,0.35670969,1.0000,false
V4T007967,350.791257,-38.866633,BGS,1.33459129,0.4500,false
V4T007968,342.454929,-21.555499,QSO,0.14990188,1.7000,false
V4T007969,36.729417,-51.921721,LRG,0.27209245,1.0000,false
V4T007970,32.379617,-36.965443,ELG,0.65081329,1.0000,false
V4T007971,343.925260,-17.308368,ELG,0.87859150,1.0000,false
V4T007972,37.541919,-43.183612,ELG,0.92608298,1.0000,true
V4T007973,345.419264,-28.839440,ELG,0.37257313,1.0000,false
V4T007974,355.833638,-35.099929,ELG,0.27675104,1.0000,false
V4T007975,350.123925,-32.201522,LRG,0.89738554,1.0000,false
V4T007976,355.726855,-34.655556,QSO,0.18549893,1.7000,false
V4T007977,353.568087,-24.809429,ELG,0.69261347,1.0000,false
V4T007978,347.472295,-36.638826,ELG,1.47098173,1.0000,false
V4T007979,51.620567,-46.567072,BGS,0.91181631,0.4500,false
V4T007980,26.227685,-60.689427,ELG,0.54942889,1.0000,false
V4T007981,351.803151,-17.102073,ELG,0.94072300,1.0000,false
V4T007982,335.519715,-27.104556,BGS,1.72134246,0.4500,false
V4T007983,49.546518,-44.816493,ELG,0.44164448,1.0000,false
V4T007984,356.229465,-22.313801,LRG,0.39320675,1.0000,false
V4T007985,50.228933,-44.350644,QSO,0.10462801,1.7000,false
V4T007986,355.267257,-34.993935,BGS,1.99005045,0.4500,false
V4T007987,23.201305,-44.833366,QSO,0.18028010,1.7000,false
V4T007988,31.887665,-50.860860,ELG,0.35625879,1.0000,false
V4T007989,38.842668,-45.184669,LRG,0.33959536,1.0000,false
V4T007990,351.387816,-30.096275,ELG,0.78647157,1.0000,false
V4T007991,346.528526,-32.791517,ELG,0.72421547,1.0000,false
V4T007992,31.853915,-59.668558,BGS,1.81264711,0.4500,false
V4T007993,35.463752,-36.554568,BGS,1.06312696,0.4500,false
V4T007994,31.413950,-60.659658,QSO,0.12101272,1.7000,false
V4T007995,347.154617,-18.666823,LRG,0.36582795,1.0000,false
V4T007996,358.328518,-19.255031,LRG,0.33357371,1.0000,false
V4T007997,24.281027,-43.700715,LRG,0.31794729,1.0000,false
V4T007998,334.471084,-26.495614,LRG,0.46386643,1.0000,false
V4T007999,40.685485,-51.859612,ELG,1.10117026,1.0000,false
V4T008000,39.758451,-53.218741,ELG,0.35755049,1.0000,false
V4T008001,33.193563,-40.891871,ELG,0.78421768,1.0000,false
V4T008002,345.719748,-21.734007,QSO,0.10820702,1.7000,false
V4T008003,44.166151,-51.185292,BGS,1.13878778,0.4500,false
V4T008004,355.758514,-21.928714,Star,3.77529337,0.3000,false
V4T008005,351.999189,-27.266844,LRG,0.39811033,1.0000,false
V4T008006,352.320252,-39.015188,QSO,0.09162439,1.7000,false
V4T008007,38.434438,-49.619122,ELG,0.51498359,1.0000,false
V4T008008,35.397198,-56.817038,LRG,0.43923708,1.0000,false
V4T008009,1.184199,-30.400983,QSO,0.16235548,1.7000,false
V4T008010,4.297770,-30.370847,LRG,0.36215053,1.0000,false
V4T008011,44.888060,-40.881151,QSO,0.19470375,1.7000,false
V4T008012,50.149686,-44.300115,ELG,0.76962041,1.0000,false
V4T008013,24.872820,-51.927378,BGS,1.38736192,0.4500,false
V4T008014,52.129829,-45.949573,ELG,0.63402844,1.0000,false
V4T008015,29.330869,-43.279578,BGS,0.70022422,0.4500,false
V4T008016,28.163168,-40.126543,ELG,0.87638525,1.0000,false
V4T008017,350.261595,-20.331679,QSO,0.09459098,1.7000,false
V4T008018,49.298855,-44.619176,ELG,0.49263118,1.0000,false
V4T008019,354.169229,-28.852414,BGS,1.76986204,0.4500,false
V4T008020,38.054948,-41.240332,ELG,0.82379161,1.0000,false
V4T008021,340.812869,-22.263683,BGS,1.00651024,0.4500,false
V4T008022,21.526851,-44.033704,ELG,0.46426884,1.0000,false
V4T008023,33.673615,-53.058546,ELG,0.33867755,1.0000,false
V4T008024,355.502137,-34.278994,BGS,1.32925754,0.4500,false
V4T008025,44.809171,-38.105963,QSO,0.11567027,1.7000,false
V4T008026,22.947843,-47.014902,BGS,1.43316221,0.4500,false
V4T008027,30.136586,-44.024155,LRG,0.52328836,1.0000,false
V4T008028,358.998936,-26.283910,QSO,0.22809517,1.7000,false
V4T008029,345.419905,-27.641345,BGS,1.09301083,0.4500,false
V4T008030,44.592569,-47.963581,QSO,0.06716562,1.7000,false
V4T008031,355.952477,-15.561650,Star,4.83325696,0.3000,false
V4T008032,30.515299,-50.518185,LRG,0.35977559,1.0000,false
V4T008033,38.563169,-53.624662,QSO,0.13358596,1.7000,false
V4T008034,350.446110,-38.586601,Star,2.74009850,0.3000,false
V4T008035,33.581468,-37.018999,Star,3.88346685,0.3000,false
V4T008036,345.362957,-27.908790,BGS,1.61886536,0.4500,false
V4T008037,30.815907,-56.969573,LRG,0.25831127,1.0000,false
V4T008038,26.601067,-54.366685,ELG,0.72776192,1.0000,false
V4T008039,346.172527,-20.335703,ELG,0.52459746,1.0000,false
V4T008040,352.295718,-13.290338,LRG,0.31139390,1.0000,false
V4T008041,344.872612,-20.236878,LRG,0.45367911,1.0000,false
V4T008042,356.593206,-34.989653,QSO,0.18017941,1.7000,false
V4T008043,357.141631,-23.499842,QSO,0.25539503,1.7000,false
V4T008044,343.693775,-16.233642,ELG,0.42122291,1.0000,false
V4T008045,344.472016,-24.058484,ELG,0.71804623,1.0000,false
V4T008046,353.807044,-35.760371,BGS,1.52034661,0.4500,false
V4T008047,39.807454,-51.372051,LRG,0.29079864,1.0000,false
V4T008048,353.204513,-15.602520,LRG,0.41888993,1.0000,false
V4T008049,345.512763,-21.214058,QSO,0.38513603,1.7000,false
V4T008050,354.105094,-34.572920,ELG,0.91701549,1.0000,false
V4T008051,357.893540,-37.132406,ELG,0.61861596,1.0000,false
V4T008052,356.960452,-34.038628,QSO,0.21091246,1.7000,false
V4T008053,38.271979,-38.211699,ELG,0.27243847,1.0000,false
V4T008054,34.663008,-42.978383,BGS,1.83776098,0.4500,false
V4T008055,350.790228,-39.412134,ELG,0.57647638,1.0000,false
V4T008056,352.842653,-30.082637,Star,4.11271246,0.3000,true
V4T008057,38.347264,-48.969008,QSO,0.13909993,1.7000,false
V4T008058,50.897508,-44.447226,ELG,0.68734508,1.0000,true
V4T008059,354.286672,-35.424894,ELG,0.84309693,1.0000,false
V4T008060,29.998821,-38.985430,ELG,0.24617119,1.0000,false
V4T008061,37.729183,-38.801208,QSO,0.21657168,1.7000,false
V4T008062,32.223409,-43.794288,ELG,0.55516624,1.0000,false
V4T008063,335.814929,-31.790111,LRG,0.12367516,1.0000,false
V4T008064,343.232327,-27.565947,ELG,0.65438003,1.0000,false
V4T008065,350.824958,-21.229112,Star,5.72948318,0.3000,false
V4T008066,22.349593,-50.266860,QSO,0.27746840,1.7000,false
V4T008067,46.070809,-41.731387,ELG,0.40766684,1.0000,false
V4T008068,343.880924,-29.426052,QSO,0.14824321,1.7000,false
V4T008069,21.020971,-54.788779,ELG,0.77916950,1.0000,false
V4T008070,23.026039,-59.754981,Star,5.17903539,0.3000,false
V4T008071,342.183188,-36.144229,QSO,0.11924116,1.7000,false
V4T008072,345.980161,-17.514966,Star,3.98423614,0.3000,false
V4T008073,355.326417,-35.107734,LRG,0.33638382,1.0000,false
V4T008074,37.482394,-42.185821,BGS,1.29581453,0.4500,false
V4T008075,0.314843,-35.695608,LRG,0.50570289,1.0000,false
V4T008076,350.763803,-31.028675,BGS,0.68193111,0.4500,true
V4T008077,51.978343,-49.577170,Star,2.70264801,0.3000,false
V4T008078,344.672656,-33.929152,ELG,0.32335699,1.0000,false
V4T008079,348.252095,-17.671952,ELG,0.50602015,1.0000,false
V4T008080,336.947211,-25.780151,BGS,1.00871212,0.4500,false
V4T008081,355.389663,-35.015400,BGS,1.34238414,0.4500,false
V4T008082,1.198476,-22.989069,Star,5.10466174,0.3000,false
V4T008083,35.074381,-43.326547,ELG,0.98681978,1.0000,true
V4T008084,359.186798,-38.153586,QSO,0.07860586,1.7000,false
V4T008085,52.815276,-48.865104,Star,3.35864716,0.3000,false
V4T008086,334.354810,-27.087388,LRG,0.29614689,1.0000,false
V4T008087,24.691664,-56.562580,ELG,0.45393850,1.0000,false
V4T008088,31.278864,-58.789928,ELG,0.52064933,1.0000,false
V4T008089,358.991919,-37.543981,Star,2.90521549,0.3000,false
V4T008090,342.531854,-37.543226,ELG,0.87387497,1.0000,false
V4T008091,357.223058,-26.262256,BGS,1.73391234,0.4500,false
V4T008092,31.341673,-45.441516,ELG,0.42307861,1.0000,false
V4T008093,22.852992,-44.736212,LRG,0.40347262,1.0000,false
V4T008094,347.539829,-23.829570,ELG,0.41840836,1.0000,false
V4T008095,33.026704,-37.044414,QSO,0.09749282,1.7000,false
V4T008096,346.320960,-16.169479,ELG,0.73454899,1.0000,false
V4T008097,36.700034,-60.540939,ELG,0.58023286,1.0000,false
V4T008098,346.494545,-37.073757,LRG,0.44434676,1.0000,false
V4T008099,353.150949,-14.692357,ELG,0.31079994,1.0000,false
V4T008100,20.417645,-51.628059,ELG,0.69604090,1.0000,false
V4T008101,358.148920,-16.289828,QSO,0.51973998,1.7000,false
V4T008102,343.684649,-20.782387,BGS,1.22951544,0.4500,false
V4T008103,358.182928,-26.901478,BGS,1.01875840,0.4500,false
V4T008104,33.265109,-36.442098,Star,4.36460934,0.3000,false
V4T008105,358.938182,-17.068437,BGS,1.46854642,0.4500,false
V4T008106,32.005012,-51.807144,ELG,0.29875303,1.0000,false
V4T008107,344.522704,-17.099340,ELG,0.58926167,1.0000,false
V4T008108,30.713221,-46.077464,ELG,0.54557139,1.0000,false
V4T008109,36.555338,-43.291998,LRG,0.45578381,1.0000,false
V4T008110,42.898897,-43.760079,LRG,0.37287690,1.0000,false
V4T008111,356.994305,-14.125906,LRG,0.32867968,1.0000,false
V4T008112,47.370101,-60.114700,BGS,1.27957781,0.4500,false
V4T008113,356.495794,-34.175409,BGS,1.60984539,0.4500,false
V4T008114,343.301083,-28.439925,BGS,1.10817979,0.4500,false
V4T008115,40.062135,-58.865734,BGS,1.20238555,0.4500,false
V4T008116,23.235902,-43.005500,QSO,0.27835562,1.7000,false
V4T008117,26.044203,-61.492525,QSO,0.07666003,1.7000,false
V4T008118,32.934752,-44.755517,ELG,0.51135119,1.0000,false
V4T008119,353.296753,-38.637202,BGS,1.32275412,0.4500,false
V4T008120,32.256591,-50.361806,Star,5.16397953,0.3000,false
V4T008121,40.450684,-47.841153,Star,3.47119574,0.3000,false
V4T008122,46.473191,-57.263215,ELG,1.17443537,1.0000,false
V4T008123,356.138521,-18.257654,ELG,0.49256183,1.0000,true
V4T008124,358.679648,-25.934892,LRG,0.27887088,1.0000,false
V4T008125,354.186366,-38.850216,ELG,0.40952421,1.0000,false
V4T008126,338.512241,-31.328916,LRG,0.47581182,1.0000,false
V4T008127,41.175090,-38.998868,ELG,0.55017971,1.0000,false
V4T008128,25.478384,-58.878064,BGS,1.42003231,0.4500,false
V4T008129,347.824992,-13.621714,LRG,0.40555202,1.0000,false
V4T008130,346.322543,-23.245269,LRG,0.36533415,1.0000,false
V4T008131,49.762171,-47.333780,QSO,0.12871723,1.7000,false
V4T008132,32.291033,-56.253307,ELG,0.40439763,1.0000,false
V4T008133,354.824425,-36.050040,LRG,0.26633851,1.0000,false
V4T008134,30.959584,-58.387924,Star,4.79579133,0.3000,false
V4T008135,32.170448,-48.177607,ELG,0.56915466,1.0000,false
V4T008136,355.030840,-34.952050,LRG,0.40787965,1.0000,false
V4T008137,31.780350,-59.823885,ELG,0.77967673,1.0000,false
V4T008138,344.620003,-23.242315,LRG,0.38355729,1.0000,false
V4T008139,36.374114,-41.501227,LRG,0.16618876,1.0000,false
V4T008140,350.034967,-22.366428,BGS,1.62783332,0.4500,false
V4T008141,41.027446,-42.194669,BGS,1.74715210,0.4500,false
V4T008142,355.420633,-34.138610,ELG,0.32624922,1.0000,false
V4T008143,349.121152,-21.511043,QSO,0.20272725,1.7000,false
V4T008144,355.544676,-35.158222,ELG,0.56987049,1.0000,false
V4T008145,341.691287,-27.643780,Star,4.23361139,0.3000,false
V4T008146,29.043608,-50.106838,ELG,0.47078092,1.0000,false
V4T008147,32.676287,-44.012146,ELG,0.62583867,1.0000,false
V4T008148,354.862334,-34.692458,QSO,0.11585186,1.7000,false
V4T008149,37.349127,-41.400224,ELG,0.55808567,1.0000,false
V4T008150,51.673403,-51.214715,LRG,0.50858289,1.0000,false
V4T008151,352.180051,-39.033275,LRG,0.41550363,1.0000,false
V4T008152,37.866019,-39.168759,ELG,0.59188152,1.0000,false
V4T008153,47.379556,-54.394552,BGS,1.64657991,0.4500,false
V4T008154,355.895095,-34.497114,ELG,0.60188487,1.0000,false
V4T008155,47.964851,-47.667144,ELG,0.52776699,1.0000,false
V4T008156,33.257376,-42.777344,LRG,0.30150006,1.0000,false
V4T008157,347.520518,-23.582478,LRG,0.21329551,1.0000,false
V4T008158,35.375397,-54.052793,ELG,1.18431790,1.0000,false
V4T008159,32.103500,-59.141353,LRG,0.30801054,1.0000,false
V4T008160,339.710302,-35.581453,ELG,0.38840810,1.0000,false
V4T008161,34.634600,-39.535715,QSO,0.24965119,1.7000,false
V4T008162,43.107907,-38.764471,LRG,0.22894421,1.0000,false
V4T008163,349.567654,-37.108027,BGS,1.28446725,0.4500,false
V4T008164,347.153092,-20.619312,BGS,1.39488148,0.4500,false
V4T008165,51.601032,-43.311400,LRG,0.65781730,1.0000,false
V4T008166,335.075456,-28.464684,ELG,0.64865606,1.0000,false
V4T008167,345.055712,-28.375716,ELG,0.36454975,1.0000,false
V4T008168,41.566863,-44.992050,LRG,0.20042249,1.0000,false
V4T008169,338.278075,-28.692494,QSO,0.17159600,1.7000,false
V4T008170,26.492955,-40.197253,Star,5.11564123,0.3000,false
V4T008171,336.586246,-31.070267,ELG,0.58005329,1.0000,false
V4T008172,41.775805,-52.515866,LRG,0.25369583,1.0000,false
V4T008173,359.441683,-23.003280,ELG,0.26703518,1.0000,false
V4T008174,358.644312,-27.296847,BGS,1.12700842,0.4500,false
V4T008175,351.292823,-38.854396,LRG,0.52079594,1.0000,false
V4T008176,359.669593,-31.301956,QSO,0.26579634,1.7000,false
V4T008177,32.785483,-56.180272,ELG,0.80672444,1.0000,false
V4T008178,0.123857,-37.296153,BGS,1.13413399,0.4500,false
V4T008179,41.482301,-43.731940,Star,4.77134698,0.3000,false
V4T008180,40.591827,-36.920142,QSO,0.23320954,1.7000,false
V4T008181,355.588931,-36.364345,LRG,0.41281815,1.0000,false
V4T008182,32.792392,-36.450284,BGS,0.93447641,0.4500,false
V4T008183,356.779307,-29.504096,LRG,0.47843181,1.0000,false
V4T008184,49.649562,-44.580806,ELG,0.36016080,1.0000,false
V4T008185,355.667911,-34.662490,BGS,1.28040394,0.4500,false
V4T008186,39.368302,-56.493091,LRG,0.33460055,1.0000,false
V4T008187,350.221026,-17.819156,ELG,0.91889191,1.0000,false
V4T008188,32.924023,-36.710175,ELG,0.47531982,1.0000,false
V4T008189,352.582170,-37.401335,LRG,0.72102622,1.0000,false
V4T008190,30.387350,-59.492336,ELG,0.63458527,1.0000,false
V4T008191,345.181204,-28.200316,ELG,0.77139941,1.0000,false
V4T008192,31.381605,-57.608422,LRG,0.37286410,1.0000,false
V4T008193,49.281083,-44.789611,LRG,0.74660187,1.0000,true
V4T008194,44.835160,-37.834695,BGS,1.55113999,0.4500,false
V4T008195,354.778180,-35.795653,Star,3.55695451,0.3000,false
V4T008196,341.249910,-18.506760,Star,5.17531714,0.3000,false
V4T008197,352.772813,-38.518295,ELG,0.95389429,1.0000,false
V4T008198,345.820805,-34.195881,ELG,0.91870898,1.0000,false
V4T008199,45.602688,-42.973643,ELG,0.76663726,1.0000,false
V4T008200,353.976520,-35.646757,BGS,1.54937887,0.4500,false
V4T008201,27.465072,-57.580334,LRG,0.49631779,1.0000,false
V4T008202,27.719459,-51.182116,BGS,1.12774722,0.4500,false
V4T008203,357.887855,-26.662619,BGS,2.19384450,0.4500,false
V4T008204,350.719636,-18.421826,ELG,0.46687405,1.0000,false
V4T008205,356.469292,-22.093740,LRG,0.25302699,1.0000,false
V4T008206,357.401982,-25.604248,Star,3.15726127,0.3000,false
V4T008207,39.806858,-46.121834,ELG,0.48395922,1.0000,false
V4T008208,47.221886,-42.753952,BGS,1.21226936,0.4500,false
V4T008209,358.236769,-34.454493,QSO,0.25714628,1.7000,false
V4T008210,350.377136,-39.659624,ELG,0.27526578,1.0000,true
V4T008211,42.914363,-39.503698,ELG,0.33528553,1.0000,false
V4T008212,353.522376,-25.423723,ELG,0.82522385,1.0000,false
V4T008213,345.540165,-23.056515,LRG,0.25828965,1.0000,false
V4T008214,32.611206,-58.920628,BGS,0.97587233,0.4500,false
V4T008215,348.117287,-12.598036,ELG,0.74418238,1.0000,false
V4T008216,20.632827,-56.931255,ELG,0.55543613,1.0000,false
V4T008217,29.599050,-53.339269,BGS,0.75112326,0.4500,false
V4T008218,1.558686,-18.127574,LRG,0.48502089,1.0000,false
V4T008219,355.799056,-32.852559,BGS,1.08227764,0.4500,false
V4T008220,349.163186,-27.216877,ELG,0.56882347,1.0000,false
V4T008221,343.592924,-36.973403,ELG,1.00332428,1.0000,false
V4T008222,40.547806,-45.741180,LRG,0.43622315,1.0000,false
V4T008223,357.876610,-16.733999,LRG,0.47456643,1.0000,false
V4T008224,21.246833,-45.454475,LRG,0.33477236,1.0000,false
V4T008225,349.332685,-31.479379,ELG,0.74062767,1.0000,false
V4T008226,49.057372,-50.784391,ELG,0.79557805,1.0000,false
V4T008227,342.585017,-16.351175,ELG,0.31112939,1.0000,false
V4T008228,352.677415,-37.386728,Star,6.02919706,0.3000,false
V4T008229,335.008198,-25.700344,ELG,1.52590756,1.0000,false
V4T008230,1.168061,-21.691180,ELG,0.38320382,1.0000,false
V4T008231,336.407733,-30.103813,QSO,0.18695016,1.7000,false
V4T008232,351.072631,-16.271691,ELG,0.85576892,1.0000,false
V4T008233,345.056951,-22.726736,QSO,0.10889818,1.7000,false
V4T008234,26.942138,-51.990826,LRG,0.33135333,1.0000,false
V4T008235,34.948295,-52.812667,ELG,0.53420812,1.0000,false
V4T008236,350.151703,-37.198603,BGS,1.26113568,0.4500,false
V4T008237,351.199798,-36.800270,QSO,0.19117721,1.7000,false
V4T008238,48.354990,-58.197229,LRG,0.47665665,1.0000,false
V4T008239,45.246156,-53.422015,ELG,0.84463020,1.0000,false
V4T008240,351.776941,-39.040108,BGS,0.76462333,0.4500,false
V4T008241,351.503487,-38.835632,ELG,0.75432100,1.0000,false
V4T008242,354.490338,-36.841748,LRG,0.29252057,1.0000,false
V4T008243,335.738190,-32.433689,BGS,1.27078433,0.4500,false
V4T008244,43.550080,-42.455276,BGS,1.85011343,0.4500,false
V4T008245,32.842447,-59.202678,ELG,0.51982452,1.0000,false
V4T008246,346.384476,-26.832432,LRG,0.33083608,1.0000,false
V4T008247,347.846657,-17.360134,BGS,1.22822853,0.4500,false
V4T008248,348.575537,-18.540802,BGS,1.56883678,0.4500,false
V4T008249,344.951890,-20.446853,ELG,0.42782994,1.0000,false
V4T008250,40.849050,-49.452131,BGS,1.14366419,0.4500,false
V4T008251,338.201938,-33.728453,QSO,0.31625701,1.7000,false
V4T008252,350.434752,-27.454226,Star,6.57738238,0.3000,false
V4T008253,345.518946,-36.746251,LRG,0.24148132,1.0000,false
V4T008254,335.185898,-30.589152,ELG,0.47131455,1.0000,true
V4T008255,346.347730,-20.457595,ELG,0.63439045,1.0000,false
V4T008256,42.331286,-57.710889,ELG,0.60922056,1.0000,false
V4T008257,355.981328,-34.357571,LRG,0.23915416,1.0000,false
V4T008258,52.517515,-54.255374,ELG,0.80031410,1.0000,false
V4T008259,30.887885,-59.250675,QSO,0.07057400,1.7000,false
V4T008260,1.317140,-22.994325,ELG,0.71925157,1.0000,false
V4T008261,39.808656,-43.955195,LRG,0.30446428,1.0000,false
V4T008262,353.941729,-35.323787,QSO,0.10249676,1.7000,false
V4T008263,23.858361,-45.376139,ELG,0.66753499,1.0000,false
V4T008264,35.522325,-39.679727,Star,4.83099037,0.3000,false
V4T008265,354.680201,-25.460059,ELG,0.37962782,1.0000,false
V4T008266,23.673244,-41.862946,BGS,2.02361407,0.4500,false
V4T008267,345.787657,-21.586548,QSO,0.10426950,1.7000,false
V4T008268,50.221570,-44.991532,Star,5.31510380,0.3000,false
V4T008269,19.418037,-49.633425,LRG,0.51393645,1.0000,false
V4T008270,33.747108,-52.929036,LRG,0.45520801,1.0000,false
V4T008271,359.354519,-18.300464,ELG,0.41650220,1.0000,false
V4T008272,353.505149,-33.697764,QSO,0.16672411,1.7000,false
V4T008273,354.746557,-13.567944,QSO,0.08696498,1.7000,false
V4T008274,343.081459,-22.420824,LRG,0.39099733,1.0000,false
V4T008275,347.863760,-39.632474,ELG,0.46405608,1.0000,false
V4T008276,350.709971,-20.746712,ELG,0.52094733,1.0000,false
V4T008277,32.667755,-59.126527,ELG,0.42253870,1.0000,false
V4T008278,345.916657,-27.677445,ELG,0.44859962,1.0000,false
V4T008279,353.750637,-34.796135,BGS,1.53207078,0.4500,false
V4T008280,3.787084,-25.140488,Star,3.76467797,0.3000,false
V4T008281,49.309950,-56.478842,BGS,1.31783479,0.4500,false
V4T008282,31.012439,-58.087353,ELG,0.24439305,1.0000,false
V4T008283,352.733535,-38.541046,ELG,0.70539400,1.0000,false
V4T008284,353.084276,-34.880241,LRG,0.24410361,1.0000,false
V4T008285,342.907972,-15.996901,BGS,0.71796193,0.4500,false
V4T008286,41.597093,-57.902309,BGS,2.11665600,0.4500,false
V4T008287,31.220702,-44.801167,BGS,1.35260409,0.4500,false
V4T008288,34.769269,-48.166241,BGS,1.63442986,0.4500,false
V4T008289,46.886450,-43.175884,BGS,1.32766195,0.4500,false
V4T008290,352.038475,-15.463073,ELG,0.37486715,1.0000,false
V4T008291,347.993440,-29.585484,BGS,0.93723743,0.4500,false
V4T008292,39.289377,-41.472991,BGS,1.30862179,0.4500,false
V4T008293,24.937470,-41.795751,QSO,0.17515579,1.7000,false
V4T008294,28.542175,-55.739851,BGS,1.06685740,0.4500,false
V4T008295,31.658960,-48.531716,ELG,0.76722765,1.0000,false
V4T008296,357.885460,-25.645282,ELG,0.42750878,1.0000,false
V4T008297,344.484711,-20.433179,ELG,1.17287597,1.0000,false
V4T008298,350.649389,-13.447861,ELG,0.82945474,1.0000,false
V4T008299,48.759895,-44.162266,QSO,0.08586157,1.7000,false
V4T008300,39.351617,-57.229549,BGS,1.07548181,0.4500,false
V4T008301,336.269899,-24.235981,QSO,0.70708243,1.7000,false
V4T008302,345.106668,-27.688139,LRG,0.56367654,1.0000,false
V4T008303,359.186375,-28.715030,ELG,0.89264646,1.0000,false
V4T008304,345.998906,-35.154029,BGS,1.35648140,0.4500,false
V4T008305,334.168915,-27.047244,QSO,0.13502786,1.7000,false
V4T008306,342.919183,-22.627605,Star,3.07826100,0.3000,true
V4T008307,347.055081,-30.012197,QSO,0.07190242,1.7000,false
V4T008308,32.504168,-59.860757,ELG,1.25134245,1.0000,false
V4T008309,350.800052,-35.874713,ELG,0.41354939,1.0000,false
V4T008310,32.514198,-61.845357,BGS,1.69350205,0.4500,false
V4T008311,1.709246,-23.800034,LRG,0.30363544,1.0000,true
V4T008312,37.437407,-47.621192,ELG,0.48931142,1.0000,false
V4T008313,48.805507,-44.847173,Star,3.43348943,0.3000,false
V4T008314,346.912729,-26.418315,LRG,0.56961935,1.0000,false
V4T008315,345.268273,-35.550413,Star,3.09706273,0.3000,false
V4T008316,36.991361,-51.449248,LRG,0.36646847,1.0000,false
V4T008317,355.037691,-35.551226,LRG,0.40476141,1.0000,false
V4T008318,24.374798,-57.366057,BGS,1.38820434,0.4500,false
V4T008319,336.784681,-19.912895,QSO,0.11062012,1.7000,false
V4T008320,351.574424,-27.820075,QSO,0.29223071,1.7000,false
V4T008321,24.680452,-54.739008,ELG,0.65214986,1.0000,false
V4T008322,350.661310,-17.776296,ELG,1.22513239,1.0000,false
V4T008323,48.954126,-42.816671,LRG,0.33562020,1.0000,false
V4T008324,44.678332,-38.707270,LRG,0.34969753,1.0000,false
V4T008325,354.136099,-38.472334,QSO,0.29557197,1.7000,false
V4T008326,354.537845,-35.094060,BGS,1.90063291,0.4500,false
V4T008327,51.763374,-48.343485,QSO,0.20085043,1.7000,false
V4T008328,3.792303,-31.661865,ELG,0.62176488,1.0000,false
V4T008329,346.822044,-27.766869,ELG,1.31159861,1.0000,false
V4T008330,347.806966,-21.969740,BGS,1.15968485,0.4500,false
V4T008331,354.128757,-38.494436,BGS,1.01061341,0.4500,false
V4T008332,351.236050,-36.032812,QSO,0.16079288,1.7000,false
V4T008333,335.525647,-22.607099,BGS,0.91429659,0.4500,false
V4T008334,345.564262,-28.120789,BGS,1.13994547,0.4500,false
V4T008335,346.342258,-20.724719,ELG,0.36708270,1.0000,false
V4T008336,32.741375,-37.438521,ELG,0.99734563,1.0000,false
V4T008337,352.141345,-39.033832,ELG,0.99435425,1.0000,false
V4T008338,337.358335,-22.176159,ELG,0.74435118,1.0000,false
V4T008339,342.688454,-38.855397,ELG,0.47282968,1.0000,false
V4T008340,32.615629,-36.218472,BGS,1.31398715,0.4500,false
V4T008341,350.284189,-36.159405,BGS,1.60843406,0.4500,false
V4T008342,346.076630,-21.739797,Star,3.30150234,0.3000,false
V4T008343,354.606050,-20.285209,Star,5.26256715,0.3000,false
V4T008344,345.604017,-28.117714,BGS,1.00668322,0.4500,false
V4T008345,345.036447,-20.744634,ELG,0.19216896,1.0000,false
V4T008346,339.488424,-34.883108,BGS,0.81033544,0.4500,false
V4T008347,32.682015,-60.603426,LRG,0.35406281,1.0000,false
V4T008348,338.639687,-33.655222,ELG,0.66358419,1.0000,false
V4T008349,354.887498,-27.981114,QSO,0.27787292,1.7000,false
V4T008350,32.928756,-53.108188,QSO,0.09259987,1.7000,false
V4T008351,351.621663,-24.208583,QSO,0.20694787,1.7000,false
V4T008352,354.335168,-15.915214,BGS,1.36739017,0.4500,false
V4T008353,340.065657,-21.579696,ELG,0.74553057,1.0000,false
V4T008354,42.429399,-62.000549,LRG,0.40543194,1.0000,false
V4T008355,354.351517,-38.294425,ELG,0.33046465,1.0000,false
V4T008356,356.489284,-36.163591,ELG,0.36098833,1.0000,false
V4T008357,339.475023,-30.641269,BGS,1.03314455,0.4500,false
V4T008358,0.250808,-33.488907,LRG,0.29409122,1.0000,false
V4T008359,352.687207,-12.832020,QSO,0.16352271,1.7000,false
V4T008360,39.185384,-39.763768,BGS,1.39661428,0.4500,false
V4T008361,22.797108,-40.843898,BGS,1.05407788,0.4500,false
V4T008362,3.256204,-24.934053,LRG,0.22999432,1.0000,false
V4T008363,51.630660,-46.533880,ELG,0.63262148,1.0000,false
V4T008364,30.687407,-59.597294,LRG,0.54856456,1.0000,false
V4T008365,345.243959,-20.592085,ELG,1.30521883,1.0000,false
V4T008366,4.088658,-27.624431,ELG,0.44417333,1.0000,false
V4T008367,343.545310,-30.856308,ELG,0.14673417,1.0000,false
V4T008368,348.961369,-26.170302,BGS,0.91597464,0.4500,false
V4T008369,356.376982,-17.141375,ELG,0.41223302,1.0000,false
V4T008370,354.252529,-28.171182,ELG,0.40398985,1.0000,false
V4T008371,44.787025,-54.503416,BGS,1.08065398,0.4500,false
V4T008372,34.854226,-36.719678,ELG,0.40057592,1.0000,false
V4T008373,28.853026,-39.557644,QSO,0.14522275,1.7000,false
V4T008374,355.339008,-34.350660,Star,4.38042872,0.3000,false
V4T008375,49.544848,-49.815629,ELG,0.40870666,1.0000,false
V4T008376,338.570747,-23.023038,BGS,2.18993560,0.4500,false
V4T008377,339.139130,-31.752183,LRG,0.19526722,1.0000,false
V4T008378,344.483697,-34.943410,QSO,0.10178472,1.7000,false
V4T008379,345.409744,-20.570024,BGS,1.24267030,0.4500,false
V4T008380,355.812498,-24.909404,BGS,1.19171340,0.4500,false
V4T008381,343.414366,-15.758234,ELG,0.92260334,1.0000,false
V4T008382,355.402395,-35.414731,QSO,0.40322115,1.7000,false
V4T008383,350.595790,-11.628876,ELG,0.34378262,1.0000,false
V4T008384,32.398150,-36.616258,BGS,1.13096073,0.4500,false
V4T008385,351.375784,-38.833282,ELG,0.72911830,1.0000,false
V4T008386,358.373672,-27.462350,Star,4.25445023,0.3000,false
V4T008387,347.882602,-24.955634,BGS,1.16054784,0.4500,true
V4T008388,50.863139,-45.061989,Star,3.89177796,0.3000,false
V4T008389,348.497439,-37.158409,ELG,0.68745829,1.0000,false
V4T008390,47.606047,-48.911471,ELG,0.47334606,1.0000,false
V4T008391,28.723728,-39.033523,BGS,1.87226362,0.4500,false
V4T008392,35.336755,-59.946234,BGS,1.03372329,0.4500,false
V4T008393,347.519265,-14.300534,ELG,0.35635077,1.0000,false
V4T008394,35.980921,-40.957202,BGS,1.21817921,0.4500,false
V4T008395,22.801486,-45.382087,QSO,0.12676846,1.7000,false
V4T008396,34.820815,-46.804298,QSO,0.12329877,1.7000,false
V4T008397,356.633286,-35.205917,BGS,1.13425441,0.4500,false
V4T008398,348.471008,-32.282354,ELG,0.44690807,1.0000,false
V4T008399,352.803497,-37.544368,LRG,0.60891501,1.0000,true
V4T008400,1.356762,-27.291401,ELG,0.98439524,1.0000,false
V4T008401,45.641520,-44.607059,ELG,1.03232993,1.0000,false
V4T008402,349.025395,-29.066050,LRG,0.56165789,1.0000,false
V4T008403,334.968318,-24.132200,BGS,1.33085338,0.4500,false
V4T008404,358.127964,-35.705004,ELG,0.51567808,1.0000,false
V4T008405,341.986764,-18.031545,LRG,0.41560490,1.0000,false
V4T008406,356.287106,-36.352696,BGS,1.80982006,0.4500,false
V4T008407,34.856052,-51.080757,LRG,0.32559723,1.0000,false
V4T008408,354.801491,-35.592630,ELG,0.59214234,1.0000,false
V4T008409,345.872249,-27.724857,QSO,0.11888940,1.7000,false
V4T008410,353.919143,-29.391683,ELG,0.77315920,1.0000,false
V4T008411,345.168516,-20.459797,BGS,1.19717850,0.4500,false
V4T008412,355.713540,-27.442664,ELG,0.51152743,1.0000,false
V4T008413,358.866355,-15.347431,LRG,0.41558082,1.0000,false
V4T008414,354.183725,-38.987069,LRG,0.40829947,1.0000,false
V4T008415,349.528669,-14.387985,QSO,0.22381896,1.7000,false
V4T008416,346.489334,-21.429832,ELG,1.02254989,1.0000,false
V4T008417,359.320625,-37.828737,ELG,1.39509986,1.0000,false
V4T008418,33.206277,-40.509275,QSO,0.24557556,1.7000,false
V4T008419,43.241475,-60.952436,Star,4.59450265,0.3000,false
V4T008420,351.921372,-38.934793,LRG,0.47807532,1.0000,false
V4T008421,351.683762,-38.748841,ELG,0.64797239,1.0000,false
V4T008422,41.525007,-45.700403,ELG,0.94452638,1.0000,false
V4T008423,47.748073,-55.691357,LRG,0.88096464,1.0000,false
V4T008424,338.700830,-21.398625,ELG,0.26509766,1.0000,false
V4T008425,335.067582,-24.213473,BGS,1.26084640,0.4500,false
V4T008426,338.169935,-33.525049,ELG,0.56127071,1.0000,false
V4T008427,27.554939,-57.874123,Star,3.81270707,0.3000,false
V4T008428,356.215474,-35.435836,LRG,0.37268752,1.0000,false
V4T008429,359.929346,-30.404015,QSO,0.20871341,1.7000,false
V4T008430,337.038377,-30.466817,QSO,0.30413040,1.7000,false
V4T008431,351.595301,-39.395334,BGS,1.39406174,0.4500,false
V4T008432,353.854833,-39.846498,ELG,0.85150660,1.0000,false
V4T008433,29.598232,-56.919563,ELG,0.56480631,1.0000,false
V4T008434,337.810754,-34.998868,LRG,0.25533354,1.0000,false
V4T008435,345.166372,-20.807974,BGS,0.87588561,0.4500,false
V4T008436,29.313984,-52.769765,Star,3.25017754,0.3000,false
V4T008437,2.542610,-19.738193,QSO,0.16105469,1.7000,false
V4T008438,345.828608,-20.540714,BGS,0.99095722,0.4500,false
V4T008439,3.695142,-23.382411,LRG,0.38505515,1.0000,false
V4T008440,353.953241,-35.385727,Star,5.50567618,0.3000,false
V4T008441,52.881452,-44.951768,LRG,0.32789692,1.0000,false
V4T008442,352.614771,-38.760451,QSO,0.10954505,1.7000,false
V4T008443,32.505140,-35.871628,ELG,1.26003829,1.0000,false
V4T008444,351.491100,-39.067592,QSO,0.12748190,1.7000,false
V4T008445,29.754506,-58.683221,Star,4.37022972,0.3000,false
V4T008446,344.931739,-20.548477,LRG,0.23421645,1.0000,false
V4T008447,43.713987,-56.849742,ELG,0.48972761,1.0000,false
V4T008448,36.155243,-39.859723,Star,3.53457693,0.3000,false
V4T008449,32.748457,-47.794339,ELG,0.81456164,1.0000,false
V4T008450,49.398793,-45.894584,ELG,0.42886104,1.0000,false
V4T008451,345.694829,-28.100575,BGS,2.22851251,0.4500,true
V4T008452,31.560848,-44.032121,BGS,1.39570483,0.4500,false
V4T008453,27.488876,-46.378639,ELG,0.74853972,1.0000,false
V4T008454,339.931473,-34.501398,BGS,0.94737155,0.4500,false
V4T008455,27.824729,-40.666310,LRG,0.61635272,1.0000,false
V4T008456,353.859272,-34.828798,LRG,0.94887576,1.0000,false
V4T008457,32.724986,-36.863073,ELG,1.39484209,1.0000,false
V4T008458,344.474706,-20.089259,BGS,1.45050411,0.4500,false
V4T008459,354.486590,-35.189045,ELG,0.46131118,1.0000,false
V4T008460,32.811879,-59.326594,ELG,0.20746554,1.0000,false
V4T008461,41.083985,-56.386858,BGS,1.19128057,0.4500,false
V4T008462,20.762079,-45.575468,Star,4.02661364,0.3000,false
V4T008463,26.339890,-55.309359,ELG,0.80354650,1.0000,false
V4T008464,37.458094,-40.874626,BGS,1.90704026,0.4500,false
V4T008465,39.731790,-60.194634,BGS,1.70386050,0.4500,false
V4T008466,51.144115,-44.351880,ELG,0.47586558,1.0000,false
V4T008467,48.925780,-43.531508,ELG,0.48734619,1.0000,false
V4T008468,2.393581,-29.254173,ELG,0.53719235,1.0000,false
V4T008469,39.957252,-43.227963,BGS,1.38847636,0.4500,false
V4T008470,40.935661,-44.470924,ELG,0.72524055,1.0000,false
V4T008471,347.406246,-21.109896,ELG,0.29262173,1.0000,false
V4T008472,345.519703,-28.558311,ELG,1.11645585,1.0000,false
V4T008473,32.111644,-37.406759,QSO,0.31357044,1.7000,false
V4T008474,351.319595,-38.665443,Star,3.38417448,0.3000,false
V4T008475,349.086215,-15.348451,ELG,0.47623163,1.0000,false
V4T008476,345.812574,-20.358709,ELG,0.85513418,1.0000,false
V4T008477,355.475586,-34.337467,LRG,0.71921124,1.0000,false
V4T008478,39.544739,-40.154909,ELG,1.04335291,1.0000,false
V4T008479,345.846493,-27.364764,ELG,0.41421973,1.0000,false
V4T008480,350.815660,-38.079460,ELG,0.65305335,1.0000,true
V4T008481,357.150223,-26.697182,ELG,0.45339686,1.0000,false
V4T008482,357.533122,-26.144940,ELG,0.81999915,1.0000,false
V4T008483,351.562602,-39.620588,LRG,0.52207718,1.0000,false
V4T008484,344.199779,-28.468462,Star,4.34002135,0.3000,false
V4T008485,43.062768,-40.188696,Star,3.33897505,0.3000,false
V4T008486,359.853734,-34.982845,ELG,0.41025727,1.0000,false
V4T008487,30.052270,-59.137496,ELG,0.45297383,1.0000,false
V4T008488,22.675567,-43.112543,BGS,1.15013551,0.4500,false
V4T008489,43.342379,-54.972218,ELG,0.95291808,1.0000,false
V4T008490,21.686016,-55.079931,BGS,1.31585527,0.4500,false
V4T008491,354.378717,-13.554418,QSO,0.11123645,1.7000,false
V4T008492,355.789028,-13.416388,BGS,1.09563152,0.4500,true
V4T008493,23.549797,-55.797891,BGS,1.29338093,0.4500,false
V4T008494,348.340062,-32.622767,Star,4.40159769,0.3000,false
V4T008495,47.651637,-42.490262,QSO,0.22819276,1.7000,false
V4T008496,31.946179,-37.044708,ELG,0.34648757,1.0000,false
V4T008497,353.001897,-35.549526,LRG,0.38359963,1.0000,false
V4T008498,348.987137,-29.133176,ELG,0.35721053,1.0000,false
V4T008499,50.016068,-44.901849,ELG,0.59864580,1.0000,true
V4T008500,351.199882,-36.829654,BGS,0.94219822,0.4500,false
V4T008501,32.489630,-36.868553,BGS,1.18853318,0.4500,false
V4T008502,25.325768,-41.158725,LRG,0.29334699,1.0000,false
V4T008503,356.533222,-36.271674,ELG,0.45776345,1.0000,false
V4T008504,356.272340,-22.956650,ELG,0.61851919,1.0000,false
V4T008505,351.622800,-38.757048,BGS,0.96985485,0.4500,true
V4T008506,51.367720,-44.643957,ELG,0.35563347,1.0000,false
V4T008507,32.000748,-50.323910,BGS,2.68055280,0.4500,false
V4T008508,342.686547,-18.889270,BGS,1.20721834,0.4500,false
V4T008509,351.327419,-39.096908,LRG,0.27011180,1.0000,false
V4T008510,346.522183,-12.749263,ELG,0.48046229,1.0000,false
V4T008511,46.678269,-58.741460,QSO,0.17074101,1.7000,false
V4T008512,346.136393,-20.407218,ELG,0.65691507,1.0000,false
V4T008513,48.306062,-47.781114,QSO,0.35566356,1.7000,false
V4T008514,343.968289,-13.206867,LRG,0.45595358,1.0000,false
V4T008515,30.914172,-58.898114,Star,6.62983371,0.3000,false
V4T008516,354.772234,-38.247611,BGS,1.39652174,0.4500,false
V4T008517,347.990397,-29.522980,Star,5.29613140,0.3000,false
V4T008518,31.687470,-59.205195,LRG,0.57095394,1.0000,false
V4T008519,339.987997,-26.241747,LRG,0.40628040,1.0000,false
V4T008520,32.647929,-36.166235,BGS,1.08905058,0.4500,false
V4T008521,336.046292,-26.130752,ELG,0.35833273,1.0000,false
V4T008522,342.963003,-31.212355,LRG,0.47510851,1.0000,false
V4T008523,27.919636,-40.945182,ELG,0.48780886,1.0000,false
V4T008524,33.450833,-46.446771,LRG,0.37138941,1.0000,false
V4T008525,345.427377,-28.230381,BGS,0.84950000,0.4500,false
V4T008526,20.014101,-50.180066,LRG,0.39112190,1.0000,false
V4T008527,47.127040,-50.264826,LRG,0.56069442,1.0000,false
V4T008528,345.401287,-17.093058,LRG,0.39472297,1.0000,false
V4T008529,354.416293,-38.741326,LRG,0.32832490,1.0000,true
V4T008530,344.423752,-22.336146,LRG,0.28754284,1.0000,false
V4T008531,355.706504,-34.756989,QSO,0.08919129,1.7000,false
V4T008532,49.034656,-52.414407,LRG,0.40180899,1.0000,false
V4T008533,32.281009,-36.182877,LRG,0.33352686,1.0000,false
V4T008534,344.820935,-28.447928,QSO,0.39867846,1.7000,false
V4T008535,358.187054,-27.161034,LRG,0.29835797,1.0000,false
V4T008536,339.837258,-16.182457,BGS,1.59666829,0.4500,false
V4T008537,29.185459,-59.391707,ELG,0.95318531,1.0000,false
V4T008538,35.811407,-57.907347,BGS,1.07497192,0.4500,true
V4T008539,31.512580,-55.873700,LRG,0.35323630,1.0000,false
V4T008540,353.561901,-37.320375,LRG,0.21522874,1.0000,false
V4T008541,352.587504,-39.181867,ELG,0.53355049,1.0000,false
V4T008542,1.431927,-26.739991,LRG,0.30769996,1.0000,false
V4T008543,32.829513,-36.250075,QSO,0.08637575,1.7000,false
V4T008544,353.313307,-26.814639,LRG,0.40127820,1.0000,false
V4T008545,347.749391,-22.662751,ELG,0.36619434,1.0000,false
V4T008546,348.536037,-16.152924,BGS,1.29162092,0.4500,false
V4T008547,353.979260,-20.300737,QSO,0.23089246,1.7000,false
V4T008548,354.254536,-35.977818,BGS,1.22223709,0.4500,false
V4T008549,359.261819,-18.712324,LRG,0.32026261,1.0000,false
V4T008550,47.747348,-46.718427,BGS,1.17018715,0.4500,false
V4T008551,25.784243,-44.451543,QSO,0.18167185,1.7000,false
V4T008552,345.887155,-20.244555,BGS,1.41871906,0.4500,false
V4T008553,31.041079,-47.466718,ELG,0.42771296,1.0000,false
V4T008554,23.241710,-53.481345,ELG,0.53380463,1.0000,true
V4T008555,342.074817,-23.988641,ELG,0.61590093,1.0000,false
V4T008556,342.285188,-15.861221,BGS,1.72220084,0.4500,true
V4T008557,350.977453,-37.722424,BGS,2.19941500,0.4500,false
V4T008558,340.169230,-17.972893,BGS,1.41196432,0.4500,false
V4T008559,29.055129,-58.423158,BGS,0.83322731,0.4500,false
V4T008560,27.289759,-49.687723,ELG,0.85112020,1.0000,false
V4T008561,51.293402,-44.386858,ELG,0.38613314,1.0000,false
V4T008562,340.366594,-29.878225,BGS,1.03355716,0.4500,false
V4T008563,2.585597,-30.014064,ELG,0.35880809,1.0000,false
V4T008564,345.650898,-22.246005,LRG,0.40624286,1.0000,false
V4T008565,339.375590,-21.228979,LRG,0.40961962,1.0000,false
V4T008566,352.657848,-20.053935,LRG,0.52108274,1.0000,false
V4T008567,341.296767,-22.104664,Star,5.75043341,0.3000,false
V4T008568,4.065602,-23.818312,ELG,0.54848277,1.0000,false
V4T008569,348.473314,-30.042511,BGS,0.95763036,0.4500,false
V4T008570,344.724713,-20.862158,ELG,0.43081843,1.0000,false
V4T008571,354.806124,-34.636684,ELG,0.45145827,1.0000,false
V4T008572,3.917226,-23.583326,QSO,0.14383424,1.7000,false
V4T008573,3.478475,-24.090607,QSO,0.07994046,1.7000,false
V4T008574,343.546648,-33.125435,LRG,0.31902687,1.0000,false
V4T008575,351.278247,-36.119999,ELG,0.67033533,1.0000,false
V4T008576,29.334834,-58.734207,ELG,0.61983471,1.0000,false
V4T008577,44.414731,-45.726418,LRG,0.44626849,1.0000,false
V4T008578,344.621855,-29.133226,ELG,0.36141465,1.0000,false
V4T008579,351.526593,-30.118357,ELG,0.39979460,1.0000,false
V4T008580,49.527750,-50.821762,LRG,0.37027105,1.0000,false
V4T008581,49.524525,-44.876508,Star,4.86613969,0.3000,false
V4T008582,346.190182,-16.928302,BGS,1.07046862,0.4500,false
V4T008583,354.473367,-38.932523,BGS,1.50987296,0.4500,false
V4T008584,28.230153,-56.870369,LRG,0.29625784,1.0000,false
V4T008585,52.198232,-51.337263,BGS,1.55050074,0.4500,false
V4T008586,345.736545,-20.133604,LRG,0.35831033,1.0000,false
V4T008587,28.001155,-52.097702,BGS,1.81857270,0.4500,false
V4T008588,351.218757,-15.529523,BGS,1.58679477,0.4500,false
V4T008589,337.292649,-33.743328,QSO,0.13944763,1.7000,false
V4T008590,39.608222,-45.349913,BGS,1.25138363,0.4500,false
V4T008591,348.600336,-20.127360,BGS,1.27961369,0.4500,false
V4T008592,350.991445,-39.707701,Star,2.62580521,0.3000,false
V4T008593,340.390111,-37.050417,ELG,0.52823182,1.0000,false
V4T008594,31.442731,-59.018401,LRG,0.46467574,1.0000,false
V4T008595,350.665344,-36.126481,QSO,0.10166357,1.7000,false
V4T008596,336.608007,-32.196563,ELG,0.43720006,1.0000,false
V4T008597,53.721772,-48.082824,QSO,0.16463105,1.7000,false
V4T008598,349.438865,-36.200329,LRG,0.54551739,1.0000,false
V4T008599,3.036147,-21.247643,LRG,0.22717740,1.0000,false
V4T008600,355.007331,-21.655942,BGS,1.58710419,0.4500,false
V4T008601,31.410188,-59.477244,LRG,0.37523796,1.0000,false
V4T008602,352.294141,-38.281778,QSO,0.14947975,1.7000,true
V4T008603,354.267465,-38.418220,ELG,0.94266924,1.0000,false
V4T008604,358.252649,-27.493648,ELG,0.44632740,1.0000,false
V4T008605,49.405077,-44.720559,BGS,0.91551260,0.4500,false
V4T008606,50.159167,-49.722665,ELG,0.74791963,1.0000,false
V4T008607,30.654312,-46.902709,QSO,0.13646450,1.7000,false
V4T008608,340.899819,-18.932049,BGS,0.87048318,0.4500,false
V4T008609,340.891126,-22.362247,BGS,0.75962707,0.4500,false
V4T008610,355.061154,-14.064057,ELG,0.97751793,1.0000,false
V4T008611,356.768950,-21.180120,LRG,0.31824648,1.0000,false
V4T008612,23.881504,-52.545408,ELG,0.35558167,1.0000,false
V4T008613,48.275147,-56.321131,ELG,0.42451091,1.0000,false
V4T008614,350.343792,-23.310882,BGS,0.96912875,0.4500,false
V4T008615,352.824011,-27.348053,LRG,0.12626475,1.0000,false
V4T008616,338.547120,-20.165626,BGS,1.38765085,0.4500,false
V4T008617,347.068677,-24.082183,ELG,0.87150485,1.0000,false
V4T008618,39.129176,-44.003866,ELG,0.54811281,1.0000,false
V4T008619,348.082219,-37.882977,ELG,0.41081586,1.0000,false
V4T008620,51.313352,-44.114202,LRG,0.34714147,1.0000,false
V4T008621,342.575449,-34.660857,QSO,0.20340280,1.7000,false
V4T008622,34.986720,-52.633435,BGS,1.92042456,0.4500,true
V4T008623,348.205118,-26.393011,BGS,1.09061229,0.4500,false
V4T008624,357.691553,-27.391596,LRG,0.46264665,1.0000,false
V4T008625,357.496452,-26.565451,ELG,0.84344426,1.0000,false
V4T008626,357.617371,-39.002725,ELG,0.71381418,1.0000,true
V4T008627,358.304644,-26.038635,Star,6.00595789,0.3000,false
V4T008628,37.886468,-60.218357,LRG,0.55197867,1.0000,false
V4T008629,0.706568,-28.684995,LRG,0.31867024,1.0000,false
V4T008630,38.746516,-53.492568,BGS,1.55789245,0.4500,false
V4T008631,349.672453,-36.431607,QSO,0.03651704,1.7000,false
V4T008632,29.426708,-62.167553,BGS,1.30479616,0.4500,false
V4T008633,353.717804,-39.323539,BGS,1.35598449,0.4500,false
V4T008634,339.529303,-34.606850,ELG,0.30070118,1.0000,false
V4T008635,341.738156,-35.123334,Star,4.22940014,0.3000,false
V4T008636,351.257297,-36.349403,ELG,0.77766754,1.0000,false
V4T008637,343.107373,-19.883178,ELG,0.37604284,1.0000,false
V4T008638,356.503578,-14.279664,ELG,0.58253285,1.0000,false
V4T008639,351.059877,-36.917181,ELG,0.77758341,1.0000,false
V4T008640,354.958348,-35.343088,BGS,1.26023634,0.4500,false
V4T008641,358.278604,-22.238122,BGS,0.98169058,0.4500,false
V4T008642,34.837954,-35.895787,LRG,0.27182779,1.0000,false
V4T008643,42.564856,-50.210730,LRG,0.35922906,1.0000,false
V4T008644,356.430304,-24.423546,BGS,1.72181148,0.4500,false
V4T008645,40.065360,-42.462804,LRG,0.43533412,1.0000,true
V4T008646,26.117442,-38.588011,LRG,0.34847310,1.0000,false
V4T008647,32.365198,-57.526361,BGS,2.15047407,0.4500,false
V4T008648,345.425291,-20.463925,BGS,0.67008932,0.4500,false
V4T008649,1.862095,-32.058530,Star,3.40038352,0.3000,false
V4T008650,352.085111,-36.792144,LRG,0.44655612,1.0000,false
V4T008651,350.918271,-38.956200,ELG,0.28076368,1.0000,false
V4T008652,358.515386,-26.181570,ELG,0.73881860,1.0000,true
V4T008653,355.566059,-34.790618,BGS,0.74334853,0.4500,false
V4T008654,22.845109,-41.520215,QSO,0.18033551,1.7000,false
V4T008655,337.744325,-20.885525,ELG,0.45847526,1.0000,false
V4T008656,48.205237,-54.152006,LRG,0.38419534,1.0000,false
V4T008657,27.320952,-38.238097,LRG,0.49018416,1.0000,false
V4T008658,350.891748,-36.171035,BGS,1.15971834,0.4500,false
V4T008659,38.584620,-61.560231,BGS,1.73964522,0.4500,false
V4T008660,345.186931,-28.781807,ELG,0.35189439,1.0000,false
V4T008661,347.205079,-20.924668,BGS,1.15052047,0.4500,false
V4T008662,357.610025,-24.480040,ELG,0.64458164,1.0000,false
V4T008663,26.968247,-45.162353,ELG,0.71813074,1.0000,false
V4T008664,30.735709,-38.655963,LRG,0.21142688,1.0000,false
V4T008665,349.321885,-17.975058,BGS,1.02316372,0.4500,false
V4T008666,20.936980,-54.611255,ELG,0.57470216,1.0000,false
V4T008667,357.759163,-26.006096,ELG,0.93453336,1.0000,false
V4T008668,359.069363,-32.057759,ELG,1.54395580,1.0000,false
V4T008669,353.516194,-38.393691,BGS,1.60933651,0.4500,false
V4T008670,29.103691,-52.861670,ELG,0.61000545,1.0000,false
V4T008671,355.954797,-34.668384,BGS,1.08008129,0.4500,false
V4T008672,343.632296,-28.392687,BGS,1.23534127,0.4500,false
V4T008673,345.329850,-28.701054,ELG,0.30076975,1.0000,false
V4T008674,354.065009,-14.405967,LRG,0.48152073,1.0000,false
V4T008675,50.092676,-44.801283,ELG,0.37938232,1.0000,false
V4T008676,20.709073,-47.297477,ELG,0.38676750,1.0000,false
V4T008677,36.803204,-40.756143,QSO,0.21145402,1.7000,false
V4T008678,48.968773,-44.987265,BGS,1.51142434,0.4500,false
V4T008679,35.718823,-40.519190,ELG,0.60303036,1.0000,false
V4T008680,48.374028,-40.870103,QSO,0.17587854,1.7000,false
V4T008681,51.408437,-43.644255,ELG,0.65595462,1.0000,false
V4T008682,30.133643,-43.224355,LRG,0.35171745,1.0000,false
V4T008683,34.371708,-60.458618,QSO,0.19642930,1.7000,false
V4T008684,340.216580,-23.525762,LRG,0.17687801,1.0000,false
V4T008685,45.666450,-52.404810,QSO,0.26862731,1.7000,false
V4T008686,37.342062,-43.598362,ELG,0.37758384,1.0000,false
V4T008687,40.604377,-48.196456,ELG,0.18225394,1.0000,false
V4T008688,37.687383,-54.117412,LRG,0.33291998,1.0000,false
V4T008689,40.067967,-47.004591,LRG,0.22065006,1.0000,false
V4T008690,50.114245,-44.748045,QSO,0.21869451,1.7000,false
V4T008691,36.243643,-40.323130,ELG,1.14250126,1.0000,false
V4T008692,350.288865,-11.736793,LRG,0.22677867,1.0000,false
V4T008693,40.573079,-61.542224,BGS,1.27273530,0.4500,false
V4T008694,22.981482,-41.465459,ELG,0.75049907,1.0000,false
V4T008695,21.809781,-58.996814,LRG,0.39889887,1.0000,false
V4T008696,21.528191,-58.047806,ELG,0.60100215,1.0000,false
V4T008697,1.133917,-19.483150,QSO,0.10635675,1.7000,false
V4T008698,31.331131,-45.716950,QSO,0.12833458,1.7000,false
V4T008699,354.505029,-34.425579,LRG,0.29107782,1.0000,false
V4T008700,31.373048,-53.817770,LRG,0.32797005,1.0000,false
V4T008701,43.364216,-46.167095,Star,3.87493541,0.3000,false
V4T008702,351.518591,-36.647787,LRG,0.18715078,1.0000,false
V4T008703,41.322720,-40.315412,LRG,0.43076709,1.0000,false
V4T008704,22.051346,-41.530315,ELG,0.52669620,1.0000,false
V4T008705,354.684341,-13.798892,LRG,0.36588680,1.0000,false
V4T008706,20.268511,-57.050598,LRG,0.32268528,1.0000,false
V4T008707,46.129984,-51.454626,Star,5.12365369,0.3000,false
V4T008708,40.202880,-61.566925,BGS,1.06817713,0.4500,false
V4T008709,32.370423,-36.692835,LRG,0.49004534,1.0000,false
V4T008710,27.225112,-47.397909,BGS,0.99711221,0.4500,false
V4T008711,41.558628,-45.908024,LRG,0.23686849,1.0000,true
V4T008712,351.885771,-19.011973,QSO,0.16019933,1.7000,false
V4T008713,355.858566,-19.954683,ELG,0.51426655,1.0000,false
V4T008714,39.988276,-46.798213,QSO,0.13994128,1.7000,false
V4T008715,1.172544,-25.497163,LRG,0.27835422,1.0000,false
V4T008716,352.875921,-18.216513,LRG,0.25195975,1.0000,false
V4T008717,351.046169,-37.171671,BGS,1.27272387,0.4500,false
V4T008718,46.233981,-45.721166,ELG,0.89928172,1.0000,false
V4T008719,344.296011,-32.191656,BGS,2.09329222,0.4500,false
V4T008720,39.565598,-41.878198,ELG,0.79094393,1.0000,false
V4T008721,21.995614,-57.735281,BGS,1.24034884,0.4500,false
V4T008722,46.979563,-59.608451,LRG,0.52193307,1.0000,false
V4T008723,346.782195,-24.108886,ELG,0.74893197,1.0000,false
V4T008724,27.358927,-44.661443,ELG,0.43269990,1.0000,false
V4T008725,357.356479,-26.001660,ELG,0.87131737,1.0000,false
V4T008726,0.510806,-31.815318,Star,3.32727136,0.3000,false
V4T008727,43.142450,-41.360674,LRG,0.27528299,1.0000,false
V4T008728,357.951668,-25.082098,BGS,1.14132025,0.4500,false
V4T008729,32.715219,-59.064258,LRG,0.24671409,1.0000,false
V4T008730,31.634084,-38.822778,ELG,0.35411416,1.0000,true
V4T008731,342.250842,-17.457597,ELG,0.30448080,1.0000,false
V4T008732,345.507340,-20.730396,Star,3.58126338,0.3000,false
V4T008733,26.478483,-49.451104,LRG,0.48640342,1.0000,false
V4T008734,4.030373,-26.925826,QSO,0.25683621,1.7000,false
V4T008735,355.830230,-23.708234,QSO,0.22614887,1.7000,false
V4T008736,46.487427,-50.443115,QSO,0.13018851,1.7000,false
V4T008737,346.824142,-40.025643,BGS,1.52473600,0.4500,false
V4T008738,3.392324,-23.821010,QSO,0.08303597,1.7000,false
V4T008739,344.208830,-28.023953,QSO,0.40820140,1.7000,true
V4T008740,358.761871,-35.485310,BGS,1.23832128,0.4500,false
V4T008741,30.125794,-36.857139,LRG,0.13804659,1.0000,false
V4T008742,25.562443,-45.488791,BGS,1.04945112,0.4500,false
V4T008743,351.274844,-39.175527,LRG,0.45010650,1.0000,false
V4T008744,0.762928,-26.277600,QSO,0.15869421,1.7000,false
V4T008745,345.222057,-20.679192,LRG,0.25330196,1.0000,false
V4T008746,345.306357,-20.193722,BGS,1.06481087,0.4500,false
V4T008747,27.755649,-40.364698,LRG,0.13708564,1.0000,false
V4T008748,38.424482,-42.271356,ELG,0.31098928,1.0000,false
V4T008749,30.851898,-36.492582,ELG,1.21908241,1.0000,false
V4T008750,340.956123,-24.669061,Star,2.68395309,0.3000,false
V4T008751,350.445036,-36.793031,ELG,0.72657705,1.0000,false
V4T008752,344.607145,-23.899206,ELG,1.19990525,1.0000,false
V4T008753,33.083203,-55.800214,BGS,0.91668303,0.4500,false
V4T008754,343.118283,-17.532445,BGS,1.45200786,0.4500,false
V4T008755,0.622825,-30.018455,BGS,1.30187672,0.4500,false
V4T008756,30.771849,-59.312186,ELG,0.94395093,1.0000,false
V4T008757,350.777633,-39.213145,ELG,0.63005504,1.0000,false
V4T008758,349.587030,-27.855937,ELG,0.51939534,1.0000,false
V4T008759,354.629473,-37.979184,ELG,0.63068034,1.0000,false
V4T008760,0.577468,-20.474083,ELG,0.85755418,1.0000,false
V4T008761,348.183680,-38.000883,Star,5.24386117,0.3000,false
V4T008762,336.323305,-30.972822,ELG,0.36237652,1.0000,false
V4T008763,359.078096,-25.909704,Star,4.02386411,0.3000,false
V4T008764,34.868075,-41.674983,QSO,0.26088307,1.7000,false
V4T008765,349.358050,-36.003208,BGS,1.70830889,0.4500,false
V4T008766,353.913265,-35.146157,ELG,0.96708942,1.0000,false
V4T008767,359.871111,-28.556940,LRG,0.41486987,1.0000,false
V4T008768,351.597930,-38.361356,ELG,0.29743957,1.0000,false
V4T008769,359.816251,-32.029194,Star,6.08171793,0.3000,false
V4T008770,21.455455,-44.775366,ELG,0.55160894,1.0000,false
V4T008771,31.712364,-54.490758,ELG,0.46734735,1.0000,false
V4T008772,27.010065,-51.630334,ELG,0.86756506,1.0000,false
V4T008773,357.071960,-17.273454,LRG,0.91908737,1.0000,true
V4T008774,47.499966,-46.851010,QSO,0.29591147,1.7000,false
V4T008775,344.375105,-28.620437,ELG,0.31134728,1.0000,false
V4T008776,32.415845,-46.231842,LRG,0.40494300,1.0000,false
V4T008777,31.959313,-58.852092,BGS,0.99329624,0.4500,false
V4T008778,39.904948,-37.828117,ELG,0.65966235,1.0000,false
V4T008779,345.072944,-20.715818,ELG,0.47837134,1.0000,false
V4T008780,30.477073,-59.946471,QSO,0.25982809,1.7000,false
V4T008781,51.622280,-50.097041,LRG,0.38749687,1.0000,false
V4T008782,45.023523,-59.272895,QSO,0.12177825,1.7000,false
V4T008783,23.067920,-46.922777,ELG,0.41660105,1.0000,false
V4T008784,33.503533,-36.709723,ELG,0.46635409,1.0000,false
V4T008785,342.885348,-20.367266,ELG,0.57197561,1.0000,false
V4T008786,33.737416,-59.513784,ELG,0.61393267,1.0000,false
V4T008787,358.528428,-19.076995,ELG,0.63914189,1.0000,false
V4T008788,358.584017,-27.004919,LRG,0.33509607,1.0000,false
V4T008789,347.036977,-22.440044,ELG,1.07143770,1.0000,false
V4T008790,338.079742,-34.069177,ELG,0.59045548,1.0000,false
V4T008791,25.964197,-49.638505,BGS,0.74840271,0.4500,false
V4T008792,358.390196,-29.742922,LRG,0.26531291,1.0000,false
V4T008793,49.833540,-43.273293,BGS,0.89504243,0.4500,false
V4T008794,52.061668,-46.110580,BGS,1.50069243,0.4500,false
V4T008795,42.913631,-40.414472,LRG,0.30152292,1.0000,false
V4T008796,352.886452,-25.423251,ELG,0.32273401,1.0000,false
V4T008797,44.899635,-55.764296,ELG,0.55992033,1.0000,false
V4T008798,349.391656,-15.119296,BGS,1.00331171,0.4500,false
V4T008799,35.743186,-52.375955,BGS,1.29595268,0.4500,false
V4T008800,345.869605,-21.725900,LRG,0.37253416,1.0000,false
V4T008801,47.874244,-54.204619,BGS,1.11644326,0.4500,false
V4T008802,345.621372,-21.412218,LRG,0.54897378,1.0000,false
V4T008803,49.681497,-44.501091,BGS,0.85989596,0.4500,false
V4T008804,45.174923,-53.246038,QSO,0.29950786,1.7000,false
V4T008805,345.062953,-28.574383,BGS,1.27567922,0.4500,false
V4T008806,41.880416,-50.100167,BGS,1.76873491,0.4500,false
V4T008807,35.019844,-57.185566,LRG,0.46749154,1.0000,false
V4T008808,345.362520,-28.462650,Star,4.61160842,0.3000,false
V4T008809,3.537467,-21.957173,Star,4.19620035,0.3000,false
V4T008810,28.051463,-56.438807,Star,3.91154538,0.3000,false
V4T008811,350.553071,-37.114431,ELG,0.71370799,1.0000,false
V4T008812,359.837826,-36.661773,LRG,0.53381146,1.0000,false
V4T008813,354.284735,-14.127018,Star,2.67141699,0.3000,false
V4T008814,357.959180,-26.000813,ELG,0.39410116,1.0000,false
V4T008815,353.823466,-15.765010,LRG,0.60386234,1.0000,false
V4T008816,350.208868,-37.082842,BGS,1.56715187,0.4500,false
V4T008817,348.665574,-38.137876,BGS,0.92069250,0.4500,false
V4T008818,23.401746,-55.072300,ELG,0.39849877,1.0000,false
V4T008819,22.863793,-51.523704,BGS,0.87116311,0.4500,false
V4T008820,26.295030,-37.493283,QSO,0.09737266,1.7000,false
V4T008821,359.236299,-18.316578,QSO,0.21162083,1.7000,false
V4T008822,31.015566,-59.035958,LRG,0.48200445,1.0000,false
V4T008823,354.488740,-24.504929,ELG,0.50378493,1.0000,false
V4T008824,25.090508,-54.854711,LRG,0.39899433,1.0000,false
V4T008825,349.230821,-17.276011,LRG,0.28553951,1.0000,false
V4T008826,351.074655,-37.008282,BGS,1.88108796,0.4500,false
V4T008827,22.419794,-49.552622,BGS,1.31466797,0.4500,false
V4T008828,355.082865,-34.506442,ELG,0.63520417,1.0000,false
V4T008829,346.943486,-19.619248,ELG,0.53911984,1.0000,false
V4T008830,337.626427,-31.943417,ELG,0.44229225,1.0000,false
V4T008831,349.724901,-33.758513,ELG,0.54533644,1.0000,false
V4T008832,53.393613,-49.344613,QSO,0.06655965,1.7000,false
V4T008833,24.270367,-56.233175,LRG,0.83523326,1.0000,false
V4T008834,50.730013,-45.237449,QSO,0.19824462,1.7000,false
V4T008835,37.008312,-50.636185,ELG,0.42087042,1.0000,false
V4T008836,341.679812,-15.194833,Star,3.90155099,0.3000,false
V4T008837,354.449481,-39.088944,QSO,0.29205029,1.7000,false
V4T008838,356.965056,-29.872590,ELG,0.28759892,1.0000,false
V4T008839,50.578434,-44.147271,BGS,0.61910334,0.4500,false
V4T008840,341.027426,-32.052001,ELG,0.79208332,1.0000,false
V4T008841,340.309296,-31.309298,BGS,1.10882872,0.4500,false
V4T008842,47.489637,-52.440800,QSO,0.18722111,1.7000,false
V4T008843,344.500424,-19.795571,QSO,0.15539386,1.7000,false
V4T008844,347.147271,-16.820535,ELG,1.02594806,1.0000,false
V4T008845,43.079160,-57.588045,ELG,0.34036131,1.0000,false
V4T008846,51.982067,-54.797803,ELG,0.58662163,1.0000,false
V4T008847,338.878417,-25.986011,ELG,0.52686491,1.0000,false
V4T008848,345.878072,-28.627400,LRG,0.28455443,1.0000,false
V4T008849,351.245442,-37.128654,QSO,0.15397221,1.7000,false
V4T008850,354.311389,-35.169873,BGS,1.32267032,0.4500,false
V4T008851,347.501858,-25.828965,QSO,0.20289049,1.7000,false
V4T008852,344.702654,-27.705463,ELG,0.72461073,1.0000,false
V4T008853,339.645197,-17.399321,ELG,0.41131512,1.0000,false
V4T008854,352.342394,-17.214150,QSO,0.16712079,1.7000,false
V4T008855,29.449893,-40.321619,QSO,0.33752382,1.7000,false
V4T008856,41.976127,-48.285648,LRG,0.39345668,1.0000,false
V4T008857,33.914575,-60.090555,ELG,0.42348020,1.0000,false
V4T008858,352.507087,-36.361449,LRG,0.47095592,1.0000,false
V4T008859,35.421328,-41.791082,LRG,0.23261691,1.0000,false
V4T008860,33.507787,-57.440354,ELG,0.56069058,1.0000,false
V4T008861,352.768930,-35.978743,Star,4.06936607,0.3000,false
V4T008862,345.115340,-27.415695,ELG,0.39504654,1.0000,false
V4T008863,351.052369,-20.858878,ELG,0.77715873,1.0000,false
V4T008864,31.217957,-60.406814,QSO,0.27167657,1.7000,false
V4T008865,39.076805,-41.428423,LRG,0.28659000,1.0000,false
V4T008866,26.378121,-44.003876,BGS,1.61647393,0.4500,false
V4T008867,21.963990,-59.135897,ELG,1.10322303,1.0000,false
V4T008868,47.447123,-49.957873,BGS,1.73772636,0.4500,false
V4T008869,31.640710,-36.922206,ELG,1.20609693,1.0000,false
V4T008870,351.116263,-36.342913,ELG,0.44020635,1.0000,false
V4T008871,357.869519,-26.132668,ELG,0.27249561,1.0000,false
V4T008872,41.304589,-38.101400,LRG,0.19689953,1.0000,false
V4T008873,49.364209,-44.105268,ELG,0.28040707,1.0000,false
V4T008874,344.259932,-20.248064,LRG,0.17945441,1.0000,false
V4T008875,50.486580,-50.721264,Star,4.10895105,0.3000,false
V4T008876,340.767839,-30.390288,ELG,1.04143640,1.0000,false
V4T008877,339.929615,-19.597712,BGS,1.59898458,0.4500,true
V4T008878,357.067907,-17.996235,Star,6.39622483,0.3000,true
V4T008879,337.008596,-32.469366,ELG,0.65788153,1.0000,false
V4T008880,27.586140,-42.998467,Star,2.67212676,0.3000,false
V4T008881,35.479697,-62.599714,Star,3.67912523,0.3000,false
V4T008882,354.828232,-38.285566,BGS,0.85091437,0.4500,false
V4T008883,341.402718,-21.487040,QSO,0.08414274,1.7000,false
V4T008884,46.133740,-48.051404,BGS,1.06055195,0.4500,false
V4T008885,30.090026,-46.588428,LRG,0.34376968,1.0000,false
V4T008886,358.771236,-34.412635,QSO,0.14571900,1.7000,false
V4T008887,345.477656,-27.100537,LRG,0.64164564,1.0000,false
V4T008888,37.202849,-56.953755,BGS,1.16566052,0.4500,false
V4T008889,49.858254,-44.912543,BGS,1.21565547,0.4500,false
V4T008890,343.654825,-35.766393,BGS,1.35217601,0.4500,false
V4T008891,344.885609,-39.044607,Star,2.48504265,0.3000,false
V4T008892,356.928336,-18.383885,Star,3.75877402,0.3000,false
V4T008893,355.795717,-28.313754,BGS,0.71308487,0.4500,false
V4T008894,49.002227,-44.905775,QSO,0.09652793,1.7000,false
V4T008895,351.926530,-28.060587,QSO,0.17371317,1.7000,false
V4T008896,354.970617,-33.867014,BGS,1.04824541,0.4500,false
V4T008897,359.520758,-24.240766,ELG,0.54197367,1.0000,false
V4T008898,357.338861,-26.345991,BGS,2.04841106,0.4500,false
V4T008899,31.262822,-44.706293,BGS,1.42633214,0.4500,false
V4T008900,31.785639,-59.449512,BGS,0.86569400,0.4500,false
V4T008901,356.098298,-26.387531,LRG,0.37531109,1.0000,false
V4T008902,350.959473,-19.921886,ELG,0.34716464,1.0000,false
V4T008903,44.638834,-60.466381,BGS,0.91653287,0.4500,false
V4T008904,348.047392,-36.015681,ELG,0.60091616,1.0000,false
V4T008905,355.192566,-34.620481,LRG,0.36516190,1.0000,false
V4T008906,338.038945,-24.707684,QSO,0.22240655,1.7000,false
V4T008907,344.648873,-32.775347,BGS,1.31075637,0.4500,false
V4T008908,41.127683,-50.464542,QSO,0.13488096,1.7000,false
V4T008909,351.782089,-18.694637,BGS,0.82052555,0.4500,false
V4T008910,39.326716,-37.028505,BGS,1.05799065,0.4500,false
V4T008911,351.193829,-39.824179,ELG,0.70986436,1.0000,false
V4T008912,36.496865,-47.271389,BGS,0.85695114,0.4500,false
V4T008913,345.558662,-20.303475,BGS,2.11796030,0.4500,false
V4T008914,354.941368,-26.650348,ELG,0.27452404,1.0000,false
V4T008915,345.192764,-28.208613,LRG,0.50840545,1.0000,false
V4T008916,358.093971,-28.212995,BGS,1.92998727,0.4500,false
V4T008917,2.067759,-27.763347,QSO,0.05428924,1.7000,false
V4T008918,345.734542,-21.131028,BGS,1.48598798,0.4500,false
V4T008919,358.275272,-25.573154,ELG,0.85877061,1.0000,false
V4T008920,32.128977,-37.112736,ELG,0.49062070,1.0000,true
V4T008921,34.395795,-38.482154,ELG,0.49654080,1.0000,false
V4T008922,341.109965,-29.096632,BGS,1.49902920,0.4500,false
V4T008923,46.759491,-47.086629,BGS,0.97649270,0.4500,false
V4T008924,30.402375,-60.096343,BGS,0.91653608,0.4500,false
V4T008925,28.440968,-37.041530,QSO,0.07168594,1.7000,false
V4T008926,50.931021,-45.766806,LRG,0.38790234,1.0000,false
V4T008927,39.747029,-36.207841,ELG,0.42296032,1.0000,false
V4T008928,1.163609,-22.256806,ELG,0.61845242,1.0000,false
V4T008929,345.425918,-14.931530,Star,4.50851718,0.3000,false
V4T008930,38.540717,-47.614468,ELG,0.52870239,1.0000,false
V4T008931,343.345006,-30.334329,ELG,0.44248120,1.0000,false
V4T008932,339.356883,-19.718664,Star,5.68041720,0.3000,false
V4T008933,336.935671,-27.532443,ELG,0.53911268,1.0000,false
V4T008934,45.678383,-53.473098,ELG,0.39043718,1.0000,false
V4T008935,346.443539,-29.216126,BGS,1.41491283,0.4500,false
V4T008936,22.981373,-52.626762,BGS,0.94095147,0.4500,false
V4T008937,346.008959,-29.264512,LRG,0.36777802,1.0000,false
V4T008938,350.813577,-39.100275,ELG,0.53011506,1.0000,false
V4T008939,357.441447,-25.720442,ELG,0.29644194,1.0000,false
V4T008940,341.406327,-32.374483,LRG,0.35896618,1.0000,false
V4T008941,0.732159,-21.754326,Star,3.72856663,0.3000,false
V4T008942,50.336733,-44.900853,LRG,0.24317524,1.0000,false
V4T008943,41.432921,-57.545749,ELG,0.28836401,1.0000,false
V4T008944,51.988968,-54.741539,ELG,0.60421060,1.0000,false
V4T008945,2.949021,-34.037185,BGS,1.32106583,0.4500,false
V4T008946,47.057766,-50.989008,BGS,1.76317223,0.4500,false
V4T008947,52.592083,-54.156284,ELG,0.26853757,1.0000,false
V4T008948,350.552575,-36.749012,ELG,0.34592482,1.0000,false
V4T008949,53.007903,-45.636561,LRG,0.47783807,1.0000,false
V4T008950,20.947827,-47.718691,Star,4.28385402,0.3000,false
V4T008951,353.198393,-28.256900,LRG,0.49374950,1.0000,false
V4T008952,344.487236,-28.699539,ELG,0.64752704,1.0000,false
V4T008953,341.195229,-27.334141,BGS,1.40092979,0.4500,false
V4T008954,354.446285,-34.967496,BGS,1.40148480,0.4500,false
V4T008955,355.760704,-24.510634,LRG,0.27161722,1.0000,false
V4T008956,353.802195,-33.040600,Star,3.73937397,0.3000,false
V4T008957,349.178073,-28.616537,QSO,0.18285614,1.7000,true
V4T008958,346.088127,-38.527818,Star,2.94621234,0.3000,false
V4T008959,350.845859,-37.685204,LRG,0.40651532,1.0000,false
V4T008960,353.819263,-38.594750,Star,3.25576973,0.3000,false
V4T008961,340.795499,-24.251435,LRG,0.28114077,1.0000,false
V4T008962,338.611924,-26.551704,LRG,0.40484749,1.0000,true
V4T008963,34.972953,-55.812749,ELG,0.65931713,1.0000,false
V4T008964,25.849938,-57.410070,LRG,0.23557010,1.0000,false
V4T008965,35.476843,-62.129007,LRG,0.22347876,1.0000,false
V4T008966,352.799407,-38.719601,LRG,0.24368080,1.0000,false
V4T008967,33.083466,-38.230519,LRG,0.35438743,1.0000,false
V4T008968,340.314005,-23.406779,ELG,0.46618191,1.0000,false
V4T008969,350.755320,-36.874175,LRG,0.33482307,1.0000,false
V4T008970,40.216428,-54.475624,LRG,0.22309352,1.0000,false
V4T008971,341.245998,-29.199548,QSO,0.13922239,1.7000,false
V4T008972,358.493051,-38.461799,ELG,0.41754997,1.0000,false
V4T008973,342.483475,-30.270270,BGS,1.23304298,0.4500,false
V4T008974,354.177662,-15.726023,ELG,1.50249643,1.0000,false
V4T008975,344.853433,-37.377201,ELG,0.18009098,1.0000,false
V4T008976,352.994604,-21.324208,LRG,0.38952691,1.0000,false
V4T008977,351.914260,-34.853809,ELG,0.73535287,1.0000,false
V4T008978,33.658287,-36.186723,BGS,1.39062755,0.4500,false
V4T008979,338.689680,-20.059675,LRG,0.26385906,1.0000,true
V4T008980,31.370621,-59.463105,BGS,1.53622600,0.4500,false
V4T008981,49.888175,-44.393969,LRG,0.48429329,1.0000,false
V4T008982,359.256544,-27.574707,ELG,0.28676224,1.0000,false
V4T008983,50.865126,-43.702096,LRG,0.21126074,1.0000,true
V4T008984,344.015969,-38.355997,LRG,0.58644463,1.0000,true
V4T008985,349.237521,-28.329242,BGS,1.90935567,0.4500,false
V4T008986,357.313910,-22.049543,LRG,0.36510301,1.0000,false
V4T008987,29.531890,-57.455129,ELG,0.45579319,1.0000,false
V4T008988,338.017511,-26.808883,ELG,0.31001173,1.0000,true
V4T008989,346.362423,-28.401510,LRG,0.59640168,1.0000,false
V4T008990,349.150812,-36.808991,LRG,0.18714662,1.0000,false
V4T008991,48.294558,-58.599357,ELG,0.48706226,1.0000,false
V4T008992,357.304526,-38.093322,ELG,0.39501126,1.0000,false
V4T008993,357.836603,-30.630392,LRG,0.26580222,1.0000,false
V4T008994,354.882085,-21.462043,ELG,1.31684173,1.0000,false
V4T008995,354.256693,-34.732016,LRG,0.31774151,1.0000,false
V4T008996,353.587629,-35.159729,BGS,1.25647282,0.4500,false
V4T008997,359.148398,-29.880528,QSO,0.32735313,1.7000,false
V4T008998,355.767655,-24.818264,BGS,1.74412959,0.4500,false
V4T008999,354.226722,-34.474796,ELG,1.41332014,1.0000,false
V4T009000,2.639901,-22.346375,ELG,0.51766165,1.0000,false
V4T009001,334.062361,-29.001746,QSO,0.12421027,1.7000,true
V4T009002,344.083576,-38.267852,ELG,0.69200400,1.0000,false
V4T009003,28.614133,-48.867788,LRG,1.17301043,1.0000,false
V4T009004,354.330574,-34.738756,LRG,0.26247832,1.0000,false
V4T009005,337.918024,-21.705795,ELG,0.46019340,1.0000,false
V4T009006,3.393190,-22.613042,ELG,0.51749825,1.0000,false
V4T009007,354.019923,-33.026552,QSO,0.26849642,1.7000,false
V4T009008,358.385010,-26.080666,ELG,1.17021483,1.0000,false
V4T009009,29.837235,-40.933800,LRG,0.45515795,1.0000,false
V4T009010,43.013132,-37.859786,BGS,1.49861956,0.4500,true
V4T009011,357.683565,-26.016401,BGS,1.39638889,0.4500,false
V4T009012,346.962086,-19.881338,QSO,0.28455792,1.7000,false
V4T009013,345.472715,-32.559301,ELG,0.51294958,1.0000,false
V4T009014,33.043883,-36.564370,Star,4.32759162,0.3000,false
V4T009015,358.775936,-26.730807,ELG,0.29233533,1.0000,false
V4T009016,350.323063,-36.962850,LRG,0.51413828,1.0000,false
V4T009017,37.924493,-60.387889,BGS,1.59993997,0.4500,false
V4T009018,347.953706,-26.343880,LRG,0.22423367,1.0000,false
V4T009019,38.211174,-52.744237,LRG,0.28284340,1.0000,false
V4T009020,32.702614,-58.825894,BGS,1.90218687,0.4500,true
V4T009021,4.174720,-27.168991,LRG,0.55886676,1.0000,false
V4T009022,355.872877,-34.534905,ELG,0.91074300,1.0000,false
V4T009023,50.574329,-44.703676,ELG,0.85419394,1.0000,false
V4T009024,359.677991,-19.303625,BGS,0.84460939,0.4500,false
V4T009025,28.266533,-52.285632,Star,4.85204398,0.3000,false
V4T009026,353.523675,-23.124325,ELG,0.46888949,1.0000,false
V4T009027,31.015500,-51.223484,ELG,0.55011261,1.0000,false
V4T009028,357.882621,-25.551384,QSO,0.16094860,1.7000,false
V4T009029,337.922301,-25.882794,LRG,0.26812405,1.0000,false
V4T009030,32.725621,-58.699142,Star,3.55276566,0.3000,false
V4T009031,350.674506,-39.254039,ELG,0.42038073,1.0000,false
V4T009032,2.000816,-32.823824,ELG,0.36126046,1.0000,false
V4T009033,33.775009,-36.774470,ELG,0.53692087,1.0000,false
V4T009034,352.077138,-23.583956,ELG,0.87557831,1.0000,false
V4T009035,33.046586,-59.166122,BGS,0.94980257,0.4500,false
V4T009036,38.713991,-41.894680,LRG,0.37222204,1.0000,false
V4T009037,353.948369,-25.974647,ELG,1.23979362,1.0000,false
V4T009038,22.403099,-40.558641,LRG,0.20895306,1.0000,false
V4T009039,41.671072,-49.108717,ELG,0.45242745,1.0000,false
V4T009040,356.470166,-28.331992,BGS,1.04136805,0.4500,false
V4T009041,340.162816,-17.737921,QSO,0.13171155,1.7000,false
V4T009042,1.782737,-34.756622,ELG,0.81741366,1.0000,false
V4T009043,24.792970,-47.646832,LRG,0.48830264,1.0000,false
V4T009044,19.404707,-54.621346,ELG,0.55631076,1.0000,false
V4T009045,357.669374,-26.375437,ELG,0.50031102,1.0000,false
V4T009046,345.748298,-28.467007,BGS,1.34162983,0.4500,false
V4T009047,50.747307,-44.602809,QSO,0.09556336,1.7000,false
V4T009048,353.390822,-39.125165,ELG,0.50538662,1.0000,false
V4T009049,357.745216,-28.475353,LRG,0.50130717,1.0000,false
V4T009050,0.529601,-30.831331,ELG,0.63311797,1.0000,false
V4T009051,349.162770,-21.435305,QSO,0.32519836,1.7000,false
V4T009052,21.886740,-45.892867,LRG,0.43031001,1.0000,false
V4T009053,356.807385,-32.407996,BGS,0.83157334,0.4500,false
V4T009054,356.517505,-31.714441,QSO,0.15653001,1.7000,false
V4T009055,49.161522,-46.233154,QSO,0.29478692,1.7000,false
V4T009056,356.426429,-24.534508,BGS,1.32222278,0.4500,false
V4T009057,343.616316,-35.604967,QSO,0.26205059,1.7000,false
V4T009058,350.994413,-38.749228,QSO,0.18197187,1.7000,false
V4T009059,28.109822,-51.170763,ELG,0.68122699,1.0000,false
V4T009060,52.421322,-53.572937,ELG,0.65465429,1.0000,false
V4T009061,351.285821,-23.814247,ELG,0.55834959,1.0000,false
V4T009062,32.279752,-55.789010,ELG,0.48542242,1.0000,false
V4T009063,46.353759,-46.222927,QSO,0.20912140,1.7000,false
V4T009064,357.896022,-27.003813,ELG,0.64739390,1.0000,false
V4T009065,2.388975,-30.406620,BGS,0.96853875,0.4500,false
V4T009066,51.351816,-47.886034,ELG,0.81077672,1.0000,false
V4T009067,343.293093,-23.028488,LRG,0.38384104,1.0000,false
V4T009068,356.673315,-31.081030,LRG,0.48529478,1.0000,false
V4T009069,43.263094,-37.495899,ELG,0.69941715,1.0000,false
V4T009070,349.815485,-36.894519,LRG,0.49953178,1.0000,false
V4T009071,359.766383,-31.877784,ELG,0.88893671,1.0000,false
V4T009072,31.808516,-59.778835,BGS,0.89101211,0.4500,false
V4T009073,339.877807,-35.428176,ELG,0.85880828,1.0000,false
V4T009074,358.481852,-36.239462,BGS,0.83268932,0.4500,false
V4T009075,351.309398,-36.464806,BGS,2.17812818,0.4500,false
V4T009076,340.565005,-25.903704,ELG,0.43121797,1.0000,false
V4T009077,350.377562,-37.527678,ELG,0.33261553,1.0000,false
V4T009078,21.412888,-44.151568,BGS,1.50915104,0.4500,false
V4T009079,22.032608,-58.814892,LRG,0.54757410,1.0000,false
V4T009080,357.650191,-14.670740,BGS,1.19993215,0.4500,false
V4T009081,0.584264,-34.009580,ELG,0.56736396,1.0000,false
V4T009082,359.414292,-26.303117,LRG,0.50616199,1.0000,false
V4T009083,358.111312,-26.954063,ELG,0.27182966,1.0000,false
V4T009084,336.542488,-29.074649,ELG,0.40755013,1.0000,false
V4T009085,32.505506,-38.249640,Star,3.84007942,0.3000,false
V4T009086,1.805388,-34.818975,BGS,0.92499938,0.4500,false
V4T009087,355.170111,-34.591274,Star,2.88397474,0.3000,false
V4T009088,339.865607,-34.720772,BGS,1.73284929,0.4500,false
V4T009089,335.770746,-33.561076,LRG,0.27248423,1.0000,false
V4T009090,344.824252,-35.022446,QSO,0.13272817,1.7000,false
V4T009091,341.400744,-36.867110,BGS,1.12779265,0.4500,false
V4T009092,31.930547,-59.455055,BGS,0.87434271,0.4500,false
V4T009093,348.834929,-39.705193,ELG,1.22384152,1.0000,false
V4T009094,342.323088,-16.300729,BGS,0.69658180,0.4500,false
V4T009095,342.274968,-28.851546,Star,2.99621428,0.3000,false
V4T009096,337.297144,-26.734891,Star,2.82909141,0.3000,true
V4T009097,358.179699,-28.113938,QSO,0.15862188,1.7000,false
V4T009098,345.592938,-28.783398,ELG,0.45525406,1.0000,false
V4T009099,352.247272,-39.037784,ELG,0.40422542,1.0000,false
V4T009100,342.750039,-14.254580,Star,3.43236279,0.3000,false
V4T009101,356.654392,-18.097641,BGS,1.08787916,0.4500,false
V4T009102,359.420289,-22.766452,ELG,0.61529072,1.0000,false
V4T009103,50.795086,-42.018430,BGS,0.96034869,0.4500,false
V4T009104,346.054365,-28.731484,ELG,0.44217615,1.0000,false
V4T009105,338.165812,-22.633810,LRG,0.32580326,1.0000,true
V4T009106,351.065785,-34.156799,LRG,0.51425016,1.0000,false
V4T009107,24.735284,-58.226120,BGS,1.07891424,0.4500,false
V4T009108,26.114805,-42.452535,QSO,0.13747218,1.7000,false
V4T009109,345.289281,-20.739771,QSO,0.17053947,1.7000,false
V4T009110,354.068980,-35.607993,BGS,1.16290476,0.4500,false
V4T009111,50.471763,-42.433795,QSO,0.17903077,1.7000,false
V4T009112,341.518963,-30.685024,ELG,0.39070784,1.0000,false
V4T009113,353.878416,-34.432555,LRG,0.41956233,1.0000,false
V4T009114,20.616503,-53.549931,ELG,0.51528151,1.0000,false
V4T009115,335.916951,-23.489946,LRG,0.28711783,1.0000,false
V4T009116,31.703595,-61.342900,ELG,0.52675077,1.0000,false
V4T009117,355.675154,-27.577391,Star,2.96172810,0.3000,false
V4T009118,32.378766,-36.969691,LRG,0.26083192,1.0000,false
V4T009119,32.830088,-36.762419,QSO,0.49960570,1.7000,false
V4T009120,40.414985,-50.226766,ELG,0.35080135,1.0000,false
V4T009121,42.967306,-51.232871,Star,5.49848816,0.3000,true
V4T009122,51.888733,-54.318131,BGS,1.34344843,0.4500,false
V4T009123,353.086432,-38.954959,QSO,0.11957192,1.7000,false
V4T009124,47.277431,-49.963863,BGS,1.21774373,0.4500,true
V4T009125,357.448803,-22.891084,ELG,0.88478513,1.0000,false
V4T009126,50.281011,-44.105975,QSO,0.17766082,1.7000,false
V4T009127,3.856919,-23.229418,QSO,0.24029230,1.7000,false
V4T009128,347.606844,-12.660161,ELG,0.45216624,1.0000,false
V4T009129,35.976083,-48.984323,LRG,0.34762784,1.0000,false
V4T009130,348.662301,-21.546484,ELG,0.75866879,1.0000,false
V4T009131,356.055242,-34.661653,LRG,0.38726700,1.0000,false
V4T009132,32.377858,-36.322626,BGS,1.02499361,0.4500,false
V4T009133,35.122131,-51.351854,QSO,0.08004856,1.7000,false
V4T009134,49.346202,-44.699793,ELG,1.03595796,1.0000,false
V4T009135,340.049764,-16.375708,ELG,0.50051146,1.0000,false
V4T009136,31.638225,-35.628710,Star,3.94320163,0.3000,false
V4T009137,355.891691,-34.433283,LRG,0.31956689,1.0000,false
V4T009138,31.190700,-58.509428,ELG,0.76947792,1.0000,false
V4T009139,32.334295,-58.458150,ELG,0.47780482,1.0000,true
V4T009140,349.537603,-36.945425,BGS,0.74764146,0.4500,false
V4T009141,357.484348,-20.125258,QSO,0.17519428,1.7000,false
V4T009142,35.752131,-48.388549,Star,4.75503278,0.3000,true
V4T009143,28.240083,-50.150027,BGS,0.86022348,0.4500,false
V4T009144,358.607954,-26.437934,Star,4.81522770,0.3000,false
V4T009145,336.792080,-34.157031,QSO,0.14733101,1.7000,false
V4T009146,337.104058,-19.448815,QSO,0.16944037,1.7000,false
V4T009147,334.931598,-25.072507,BGS,2.67599408,0.4500,false
V4T009148,353.760350,-35.927309,ELG,0.79362927,1.0000,false
V4T009149,345.652789,-32.699400,LRG,0.26288264,1.0000,false
V4T009150,343.913523,-32.880346,ELG,0.52048945,1.0000,false
V4T009151,356.822818,-26.201863,ELG,0.84780238,1.0000,false
V4T009152,357.938947,-31.815666,ELG,0.56437842,1.0000,false
V4T009153,50.271827,-44.818167,BGS,2.16944804,0.4500,false
V4T009154,37.666810,-57.290235,BGS,0.80229987,0.4500,false
V4T009155,31.606222,-60.571271,BGS,0.74772947,0.4500,false
V4T009156,345.863258,-28.802205,BGS,1.43242462,0.4500,false
V4T009157,343.201558,-30.862005,LRG,0.35965053,1.0000,false
V4T009158,344.948195,-20.455355,QSO,0.10810532,1.7000,false
V4T009159,358.966814,-32.401398,ELG,0.26242431,1.0000,false
V4T009160,356.513354,-19.555448,ELG,0.52805416,1.0000,false
V4T009161,347.272981,-14.089682,QSO,0.19568150,1.7000,false
V4T009162,345.057880,-28.174294,BGS,1.10655375,0.4500,false
V4T009163,341.961822,-26.102380,BGS,1.03455014,0.4500,false
V4T009164,346.235893,-13.355018,ELG,0.52487056,1.0000,false
V4T009165,1.678522,-31.926616,ELG,0.36998148,1.0000,false
V4T009166,25.122880,-54.089827,LRG,0.53626156,1.0000,false
V4T009167,343.716520,-28.499182,Star,2.05141628,0.3000,false
V4T009168,31.994278,-40.337455,ELG,0.88942139,1.0000,false
V4T009169,27.318218,-49.309573,BGS,0.99164559,0.4500,false
V4T009170,348.701240,-38.261703,ELG,0.61599926,1.0000,true
V4T009171,32.965288,-44.918375,ELG,0.54219742,1.0000,false
V4T009172,43.042578,-58.057323,QSO,0.12506376,1.7000,false
V4T009173,39.280768,-46.277866,LRG,0.30039673,1.0000,false
V4T009174,349.781208,-32.950706,ELG,1.01000892,1.0000,false
V4T009175,357.980498,-27.485610,ELG,0.86298294,1.0000,false
V4T009176,25.813493,-40.630058,ELG,0.61314293,1.0000,false
V4T009177,41.502705,-55.294674,BGS,1.03255289,0.4500,false
V4T009178,0.197411,-21.213491,ELG,0.37201256,1.0000,false
V4T009179,23.196107,-51.527053,ELG,0.58741668,1.0000,false
V4T009180,345.336669,-19.741650,Star,3.71037450,0.3000,false
V4T009181,342.637972,-33.332967,BGS,1.82417347,0.4500,false
V4T009182,334.895068,-29.746741,Star,3.86113745,0.3000,false
V4T009183,350.341866,-35.852882,QSO,0.16926148,1.7000,false
V4T009184,358.961235,-29.423608,LRG,0.22256774,1.0000,false
V4T009185,334.710226,-30.876302,ELG,0.31933749,1.0000,false
V4T009186,343.100700,-31.144537,ELG,0.89101706,1.0000,false
V4T009187,355.089780,-35.130269,ELG,0.87824525,1.0000,true
V4T009188,25.261817,-51.951766,Star,4.01019785,0.3000,false
V4T009189,349.458772,-33.171626,ELG,0.51238894,1.0000,false
V4T009190,32.513140,-37.239848,BGS,1.02512504,0.4500,false
V4T009191,358.198972,-25.956280,LRG,0.37770901,1.0000,false
V4T009192,339.172708,-31.446702,LRG,0.50997283,1.0000,false
V4T009193,358.062016,-26.648626,ELG,0.90372980,1.0000,false
V4T009194,25.683566,-57.704499,LRG,0.20306209,1.0000,false
V4T009195,24.544740,-57.718521,BGS,1.32118147,0.4500,false
V4T009196,21.026766,-42.862508,LRG,0.21091279,1.0000,false
V4T009197,334.679480,-30.266677,BGS,1.43899652,0.4500,false
V4T009198,344.012613,-28.871336,LRG,0.32126510,1.0000,false
V4T009199,336.314977,-23.633676,Star,4.38454485,0.3000,false
V4T009200,351.427730,-29.772749,Star,6.71754908,0.3000,false
V4T009201,335.282123,-29.687098,BGS,2.63306346,0.4500,false
V4T009202,2.074775,-21.168793,LRG,0.29919456,1.0000,false
V4T009203,349.332681,-18.093123,QSO,0.19774073,1.7000,false
V4T009204,341.910080,-28.096023,LRG,0.63822870,1.0000,false
V4T009205,34.039233,-62.052065,LRG,0.46456608,1.0000,false
V4T009206,345.117827,-27.777024,LRG,0.26942070,1.0000,false
V4T009207,349.528741,-37.265364,QSO,0.12366636,1.7000,false
V4T009208,358.565077,-22.608386,LRG,0.49932611,1.0000,false
V4T009209,350.797663,-18.976743,ELG,0.30394662,1.0000,false
V4T009210,345.818350,-28.093607,BGS,0.93174245,0.4500,false
V4T009211,43.404262,-61.016380,Star,4.58657762,0.3000,false
V4T009212,339.531122,-21.482427,BGS,1.41991781,0.4500,false
V4T009213,351.652273,-39.588924,BGS,1.22480303,0.4500,false
V4T009214,340.103367,-15.945769,BGS,1.30146074,0.4500,false
V4T009215,355.992364,-26.829603,LRG,0.34243393,1.0000,false
V4T009216,344.527748,-27.970691,LRG,0.23369717,1.0000,false
V4T009217,42.632794,-45.818122,BGS,0.73072805,0.4500,false
V4T009218,353.364930,-30.878120,ELG,0.98744448,1.0000,false
V4T009219,336.612165,-29.304206,LRG,0.25937034,1.0000,true
V4T009220,37.129887,-41.215136,ELG,0.48373199,1.0000,false
V4T009221,47.338420,-44.170715,ELG,0.79309853,1.0000,false
V4T009222,350.711976,-36.305970,QSO,0.08291023,1.7000,false
V4T009223,35.457007,-43.784683,ELG,0.78037825,1.0000,true
V4T009224,49.155185,-46.842777,QSO,0.12351186,1.7000,false
V4T009225,358.492709,-25.480499,ELG,0.24771878,1.0000,false
V4T009226,344.993809,-27.695325,QSO,0.12648365,1.7000,false
V4T009227,354.350484,-38.559326,QSO,0.17030777,1.7000,false
V4T009228,336.011576,-28.239872,LRG,0.39033213,1.0000,false
V4T009229,355.117056,-35.113374,ELG,0.66780909,1.0000,false
V4T009230,33.107053,-59.948673,ELG,0.63383634,1.0000,false
V4T009231,30.874676,-61.848745,Star,4.74240915,0.3000,false
V4T009232,45.856742,-39.536175,ELG,0.42788276,1.0000,true
V4T009233,345.951199,-16.315536,Star,2.67234504,0.3000,false
V4T009234,348.370588,-38.966134,QSO,0.10004846,1.7000,false
V4T009235,2.209425,-35.898667,ELG,0.41976383,1.0000,false
V4T009236,47.665815,-55.826734,BGS,1.06614022,0.4500,true
V4T009237,31.008848,-57.037110,BGS,1.89919547,0.4500,false
V4T009238,46.026513,-44.190594,ELG,0.51811593,1.0000,false
V4T009239,354.630192,-37.438588,ELG,0.52666982,1.0000,false
V4T009240,339.185432,-22.540507,BGS,1.54818159,0.4500,false
V4T009241,33.574762,-36.549302,ELG,0.41112591,1.0000,false
V4T009242,36.216480,-36.720269,LRG,0.24383582,1.0000,false
V4T009243,31.019770,-53.610035,ELG,0.50642967,1.0000,false
V4T009244,351.781314,-39.825142,Star,3.07886711,0.3000,false
V4T009245,350.455525,-26.383556,BGS,1.43969044,0.4500,false
V4T009246,351.681105,-31.180685,LRG,0.33850585,1.0000,false
V4T009247,28.152379,-38.130931,LRG,0.46740420,1.0000,false
V4T009248,47.643113,-44.882748,LRG,0.28823377,1.0000,false
V4T009249,357.817106,-19.882981,LRG,0.23373337,1.0000,false
V4T009250,46.055444,-38.267294,ELG,0.21700811,1.0000,false
V4T009251,2.193714,-22.941076,LRG,0.26446208,1.0000,false
V4T009252,32.133263,-41.780103,BGS,1.48838107,0.4500,false
V4T009253,29.212965,-40.530360,ELG,0.50741549,1.0000,false
V4T009254,37.330525,-56.502405,BGS,1.22158223,0.4500,false
V4T009255,41.845431,-40.307528,LRG,0.49313329,1.0000,false
V4T009256,3.163670,-22.074355,LRG,0.24662589,1.0000,false
V4T009257,43.373408,-40.665176,ELG,0.68521471,1.0000,false
V4T009258,350.582189,-24.495945,ELG,0.45685719,1.0000,false
V4T009259,42.191892,-43.253023,QSO,0.07502576,1.7000,false
V4T009260,32.246828,-37.488366,QSO,0.18103911,1.7000,false
V4T009261,335.858157,-27.264885,ELG,0.31378378,1.0000,false
V4T009262,31.865484,-48.484374,QSO,0.20509951,1.7000,false
V4T009263,354.235692,-12.658382,BGS,1.40791021,0.4500,false
V4T009264,355.075655,-35.764493,ELG,0.45801369,1.0000,false
V4T009265,32.830006,-36.116135,ELG,0.77053195,1.0000,false
V4T009266,0.592344,-27.243849,Star,6.37155610,0.3000,false
V4T009267,345.203824,-20.866589,LRG,0.40326249,1.0000,false
V4T009268,51.037762,-44.875208,LRG,0.33625185,1.0000,false
V4T009269,37.096343,-36.876225,ELG,0.48112068,1.0000,false
V4T009270,351.424896,-26.261630,BGS,0.77080501,0.4500,false
V4T009271,351.188527,-36.701390,ELG,0.33061495,1.0000,false
V4T009272,357.504727,-26.494535,BGS,0.93865993,0.4500,false
V4T009273,36.589790,-48.087687,LRG,0.25906030,1.0000,false
V4T009274,350.389732,-37.453939,QSO,0.21605754,1.7000,false
V4T009275,338.887754,-30.350621,BGS,1.44230403,0.4500,false
V4T009276,346.137571,-20.614381,ELG,0.45240729,1.0000,false
V4T009277,349.653338,-38.893562,ELG,0.36997496,1.0000,false
V4T009278,344.901615,-28.818051,ELG,0.36051654,1.0000,false
V4T009279,358.080566,-26.278420,ELG,1.15450745,1.0000,false
V4T009280,340.625159,-31.561247,BGS,1.07587361,0.4500,false
V4T009281,350.939499,-37.351937,Star,3.78860302,0.3000,false
V4T009282,351.031359,-36.469851,LRG,0.46221710,1.0000,false
V4T009283,31.838775,-38.873145,QSO,0.28756023,1.7000,false
V4T009284,350.586622,-28.414603,QSO,0.16245371,1.7000,false
V4T009285,2.471078,-24.875648,Star,3.61484473,0.3000,false
V4T009286,353.920161,-34.968890,ELG,1.04229901,1.0000,false
V4T009287,20.736405,-56.733990,QSO,0.22594523,1.7000,false
V4T009288,354.131243,-37.840234,ELG,0.69480818,1.0000,false
V4T009289,351.755750,-12.000076,BGS,1.09261333,0.4500,false
V4T009290,0.932678,-21.806294,ELG,0.77839513,1.0000,false
V4T009291,354.777394,-34.902057,Star,4.43877095,0.3000,false
V4T009292,355.942181,-39.794584,BGS,1.60067240,0.4500,false
V4T009293,345.696182,-19.829893,ELG,0.59798234,1.0000,false
V4T009294,345.304361,-21.491173,ELG,0.86262566,1.0000,false
V4T009295,345.261629,-29.473943,QSO,0.14814681,1.7000,false
V4T009296,335.251511,-26.949673,BGS,1.92383678,0.4500,false
V4T009297,30.223861,-43.911355,ELG,0.51427122,1.0000,true
V4T009298,345.812095,-23.093292,QSO,0.19067727,1.7000,false
V4T009299,33.602934,-46.114978,QSO,0.21422366,1.7000,false
V4T009300,31.256698,-47.101727,QSO,0.33288432,1.7000,false
V4T009301,39.129160,-47.148810,BGS,1.56082025,0.4500,false
V4T009302,46.163597,-39.475920,LRG,0.41245678,1.0000,false
V4T009303,29.173157,-53.907886,QSO,0.20387384,1.7000,false
V4T009304,355.245798,-34.143957,Star,3.82433095,0.3000,false
V4T009305,353.398784,-23.064240,BGS,0.46241974,0.4500,false
V4T009306,350.504773,-37.558800,BGS,1.89968935,0.4500,false
V4T009307,345.427705,-21.848027,QSO,0.09802764,1.7000,false
V4T009308,50.598430,-50.648038,ELG,0.44832697,1.0000,false
V4T009309,1.665589,-27.067878,QSO,0.21715591,1.7000,false
V4T009310,44.861920,-56.882746,BGS,0.96382975,0.4500,false
V4T009311,357.800635,-27.506199,LRG,0.36309415,1.0000,true
V4T009312,358.512406,-34.687542,BGS,1.34516272,0.4500,false
V4T009313,21.237145,-57.577379,QSO,0.17820395,1.7000,false
V4T009314,53.706588,-47.789647,ELG,0.67441153,1.0000,false
V4T009315,27.592071,-55.763728,LRG,0.18991504,1.0000,false
V4T009316,30.934738,-52.597937,LRG,0.80494184,1.0000,false
V4T009317,347.895116,-12.322613,BGS,1.16827450,0.4500,false
V4T009318,41.781704,-42.430196,LRG,0.23477705,1.0000,false
V4T009319,359.247788,-20.593782,ELG,1.09103425,1.0000,false
V4T009320,345.231049,-28.033920,ELG,0.31235128,1.0000,false
V4T009321,344.031483,-14.761443,BGS,1.32927836,0.4500,false
V4T009322,27.433223,-38.967870,BGS,1.79627585,0.4500,false
V4T009323,350.133785,-36.476473,ELG,0.51653006,1.0000,false
V4T009324,346.119030,-38.318165,LRG,0.62503623,1.0000,false
V4T009325,32.427300,-36.847718,ELG,0.52746312,1.0000,false
V4T009326,354.731070,-17.360065,QSO,0.16722601,1.7000,false
V4T009327,337.514967,-18.796236,QSO,0.17606280,1.7000,false
V4T009328,27.352309,-43.789166,ELG,0.56893405,1.0000,false
V4T009329,346.480999,-20.705635,Star,3.89841318,0.3000,false
V4T009330,353.934627,-37.879877,QSO,0.11150229,1.7000,false
V4T009331,344.915150,-26.843235,LRG,0.16610682,1.0000,false
V4T009332,353.952089,-36.139640,BGS,1.59582903,0.4500,false
V4T009333,44.180628,-60.469930,Star,3.93835629,0.3000,false
V4T009334,351.082844,-36.875645,LRG,0.47206650,1.0000,false
V4T009335,353.828827,-35.875943,ELG,0.34345899,1.0000,true
V4T009336,340.770802,-30.039923,LRG,0.29273473,1.0000,false
V4T009337,33.039880,-36.941062,BGS,1.05128266,0.4500,false
V4T009338,47.333130,-46.280038,QSO,0.17636081,1.7000,false
V4T009339,46.507240,-52.242882,ELG,0.59103829,1.0000,false
V4T009340,357.532402,-26.861715,ELG,0.30198942,1.0000,false
V4T009341,38.963182,-37.698359,QSO,0.21282334,1.7000,false
V4T009342,341.453701,-22.460741,Star,3.11848189,0.3000,true
V4T009343,48.988523,-50.761176,LRG,0.72989619,1.0000,false
V4T009344,345.376742,-20.088104,Star,3.74269906,0.3000,false
V4T009345,53.374374,-49.442975,BGS,1.72617807,0.4500,false
V4T009346,46.847757,-38.586746,BGS,1.06274199,0.4500,false
V4T009347,44.643843,-57.622298,BGS,1.26548953,0.4500,false
V4T009348,37.880560,-57.762989,QSO,0.22722656,1.7000,false
V4T009349,48.594347,-44.198096,LRG,0.43714865,1.0000,false
V4T009350,1.537714,-34.933418,QSO,0.13755940,1.7000,false
V4T009351,346.129150,-28.757456,LRG,0.52073622,1.0000,true
V4T009352,31.086329,-59.573890,LRG,0.24371705,1.0000,false
V4T009353,21.024482,-44.766283,QSO,0.25741467,1.7000,false
V4T009354,32.940785,-59.749398,BGS,0.88936352,0.4500,false
V4T009355,33.683137,-39.687173,ELG,0.47886330,1.0000,false
V4T009356,0.933251,-29.743518,QSO,0.08935525,1.7000,false
V4T009357,33.515793,-37.665470,LRG,0.24335389,1.0000,false
V4T009358,345.401783,-28.607641,ELG,0.44275358,1.0000,false
V4T009359,24.640083,-53.954998,LRG,0.34503304,1.0000,false
V4T009360,35.617218,-37.453549,LRG,0.24216956,1.0000,false
V4T009361,345.417357,-21.326003,QSO,0.61283563,1.7000,false
V4T009362,358.451692,-26.615174,ELG,0.82568762,1.0000,false
V4T009363,356.003134,-35.458179,BGS,1.52846026,0.4500,false
V4T009364,346.165075,-14.582478,QSO,0.29967172,1.7000,false
V4T009365,350.149867,-37.240951,ELG,0.58390675,1.0000,false
V4T009366,25.795143,-60.566515,ELG,0.35273323,1.0000,false
V4T009367,350.949747,-39.311020,LRG,0.46478523,1.0000,false
V4T009368,354.835818,-35.399244,LRG,0.38263416,1.0000,true
V4T009369,347.275285,-12.779195,Star,4.56503600,0.3000,false
V4T009370,335.114013,-28.025021,ELG,0.68027371,1.0000,false
V4T009371,0.068943,-26.715561,BGS,1.37286346,0.4500,false
V4T009372,351.578562,-39.483744,Star,4.93453457,0.3000,false
V4T009373,353.308416,-38.235373,ELG,0.49211337,1.0000,false
V4T009374,1.532919,-29.804653,QSO,0.18309454,1.7000,false
V4T009375,336.779347,-32.008946,ELG,0.50919897,1.0000,false
V4T009376,358.700323,-26.317138,ELG,0.48877726,1.0000,false
V4T009377,354.835322,-35.683114,ELG,1.09972518,1.0000,false
V4T009378,33.113697,-37.027672,BGS,1.41949790,0.4500,false
V4T009379,349.058094,-21.245613,ELG,0.61884707,1.0000,false
V4T009380,27.494381,-45.979609,ELG,0.35361834,1.0000,false
V4T009381,24.747366,-51.173297,ELG,0.77241051,1.0000,false
V4T009382,50.770316,-51.878207,ELG,0.42552265,1.0000,false
V4T009383,50.511155,-52.465500,QSO,0.14752518,1.7000,false
V4T009384,336.265350,-29.461053,BGS,2.24908577,0.4500,false
V4T009385,351.341538,-36.485769,BGS,1.04179999,0.4500,false
V4T009386,352.198456,-39.188835,ELG,0.58374557,1.0000,false
V4T009387,20.127597,-52.969320,LRG,0.35203284,1.0000,false
V4T009388,345.908634,-12.599776,LRG,0.42108866,1.0000,false
V4T009389,352.343447,-24.724763,LRG,0.33984516,1.0000,false
V4T009390,357.402940,-20.252630,Star,3.21371736,0.3000,false
V4T009391,19.388516,-52.428739,ELG,0.38524403,1.0000,false
V4T009392,355.389219,-36.515644,ELG,0.48563001,1.0000,false
V4T009393,42.571625,-39.773228,LRG,0.32809606,1.0000,false
V4T009394,45.164337,-37.689424,BGS,1.30908594,0.4500,false
V4T009395,359.182940,-29.330505,LRG,0.56248886,1.0000,false
V4T009396,28.978421,-47.478521,ELG,0.52515161,1.0000,false
V4T009397,355.035505,-34.830129,BGS,0.88696695,0.4500,false
V4T009398,26.970314,-46.363593,BGS,1.49475676,0.4500,false
V4T009399,349.889953,-36.935940,QSO,0.09429219,1.7000,false
V4T009400,32.252231,-38.401302,BGS,0.70196234,0.4500,false
