target_id,ra_deg,dec_deg,target_class,feature_flux,science_weight,required
V4T000001,337.440333,-34.984498,QSO,0.15172552,1.7000,false
V4T000002,4.120746,-25.741337,ELG,0.32042837,1.0000,false
V4T000003,352.522178,-39.325209,ELG,0.63860840,1.0000,false
V4T000004,2.758385,-20.290283,LRG,0.24731843,1.0000,false
V4T000005,30.936676,-43.266928,LRG,0.32700808,1.0000,false
V4T000006,0.300933,-23.495873,BGS,1.54613725,0.4500,false
V4T000007,347.341556,-38.088475,ELG,0.49380631,1.0000,false
V4T000008,346.412505,-41.501626,ELG,0.78241484,1.0000,false
V4T000009,39.940499,-48.146448,LRG,0.53175586,1.0000,false
V4T000010,345.514807,-29.978747,ELG,0.48936846,1.0000,false
V4T000011,359.839273,-21.060187,LRG,0.32711271,1.0000,true
V4T000012,1.905570,-35.011535,QSO,0.22559661,1.7000,false
V4T000013,37.068637,-46.978469,QSO,0.17760213,1.7000,false
V4T000014,351.705652,-20.646987,BGS,0.76559461,0.4500,false
V4T000015,339.480801,-31.070041,LRG,0.39509397,1.0000,false
V4T000016,343.713380,-18.312891,ELG,0.35796320,1.0000,false
V4T000017,358.882035,-18.371749,BGS,1.32788640,0.4500,false
V4T000018,338.791887,-21.550891,LRG,0.52141696,1.0000,true
V4T000019,352.856698,-19.088667,ELG,0.86842345,1.0000,false
V4T000020,346.646889,-37.833887,QSO,0.13928068,1.7000,false
V4T000021,347.275790,-35.308520,ELG,0.71601520,1.0000,false
V4T000022,339.097649,-21.045225,QSO,0.21894252,1.7000,false
V4T000023,31.050192,-42.644859,BGS,1.11395799,0.4500,false
V4T000024,352.228954,-39.048076,ELG,0.61045156,1.0000,false
V4T000025,347.964939,-17.725248,ELG,0.43319894,1.0000,false
V4T000026,351.933782,-30.886200,ELG,0.58352851,1.0000,false
V4T000027,346.737251,-20.020775,ELG,0.72812469,1.0000,false
V4T000028,346.590079,-23.178900,ELG,0.52487736,1.0000,false
V4T000029,348.342824,-19.218908,LRG,0.41563422,1.0000,false
V4T000030,38.331653,-38.519492,ELG,0.39879180,1.0000,false
V4T000031,33.462824,-40.871370,ELG,0.23395246,1.0000,false
V4T000032,35.271511,-54.637341,ELG,0.60956285,1.0000,false
V4T000033,352.195549,-22.183278,BGS,1.23172610,0.4500,false
V4T000034,342.897187,-36.346641,ELG,0.56798336,1.0000,false
V4T000035,44.973927,-49.916698,LRG,0.27553877,1.0000,false
V4T000036,1.070486,-37.165669,ELG,0.29612500,1.0000,false
V4T000037,1.094261,-25.943604,BGS,1.02728013,0.4500,false
V4T000038,1.211539,-27.450540,LRG,0.29123638,1.0000,false
V4T000039,49.208591,-50.990204,ELG,0.38439467,1.0000,false
V4T000040,26.347715,-43.143124,QSO,0.13095689,1.7000,false
V4T000041,20.452548,-44.986087,ELG,0.39405908,1.0000,false
V4T000042,1.130181,-27.302385,ELG,0.78128597,1.0000,false
V4T000043,358.362234,-23.177984,LRG,0.36257530,1.0000,false
V4T000044,338.900622,-21.179601,ELG,0.87098990,1.0000,false
V4T000045,352.080632,-20.434316,BGS,1.15597715,0.4500,true
V4T000046,31.213083,-55.874006,BGS,0.78245095,0.4500,false
V4T000047,36.302697,-55.134257,ELG,0.61128086,1.0000,false
V4T000048,343.102207,-36.310057,QSO,0.10784709,1.7000,false
V4T000049,6.295134,-25.461773,BGS,1.20945716,0.4500,true
V4T000050,352.458935,-19.310424,BGS,1.47751421,0.4500,false
V4T000051,42.579523,-57.831732,ELG,0.45309458,1.0000,false
V4T000052,30.089112,-42.667581,BGS,2.08210505,0.4500,false
V4T000053,22.925322,-50.440391,ELG,1.36761336,1.0000,false
V4T000054,342.552663,-33.200466,LRG,0.30072751,1.0000,false
V4T000055,342.288931,-32.554110,BGS,1.05395783,0.4500,false
V4T000056,354.608597,-33.875248,QSO,0.24355205,1.7000,false
V4T000057,4.219330,-28.519316,ELG,0.39459452,1.0000,false
V4T000058,48.902321,-54.429240,BGS,0.85223854,0.4500,false
V4T000059,0.654386,-24.369274,LRG,0.27236127,1.0000,false
V4T000060,35.555327,-44.186526,BGS,1.29120135,0.4500,false
V4T000061,26.722266,-52.576234,QSO,0.10536429,1.7000,false
V4T000062,341.796366,-37.480781,LRG,0.29031379,1.0000,false
V4T000063,352.833672,-19.651838,ELG,0.58962613,1.0000,false
V4T000064,344.958458,-30.005449,ELG,0.71162384,1.0000,false
V4T000065,351.034221,-39.351696,LRG,0.59642271,1.0000,false
V4T000066,4.219712,-32.355602,QSO,0.14907872,1.7000,false
V4T000067,351.909387,-38.755736,ELG,0.90301013,1.0000,false
V4T000068,2.356620,-35.421398,BGS,1.91972884,0.4500,false
V4T000069,344.615524,-38.094795,Star,4.13801314,0.3000,false
V4T000070,345.575810,-28.920971,LRG,0.26616914,1.0000,false
V4T000071,340.218307,-23.156003,BGS,1.47396010,0.4500,false
V4T000072,0.444029,-17.768029,BGS,0.84486684,0.4500,false
V4T000073,32.511007,-38.652541,LRG,0.52638456,1.0000,false
V4T000074,31.509682,-45.070447,QSO,0.11145791,1.7000,true
V4T000075,349.718342,-20.561990,ELG,0.61534810,1.0000,false
V4T000076,352.772187,-28.035761,BGS,1.42752704,0.4500,false
V4T000077,344.781997,-35.950612,BGS,0.83150922,0.4500,false
V4T000078,30.869708,-43.820722,BGS,1.95374242,0.4500,false
V4T000079,351.063965,-15.921228,LRG,0.56830445,1.0000,false
V4T000080,352.719100,-19.706295,ELG,1.50172808,1.0000,false
V4T000081,352.738710,-20.252676,BGS,0.95141820,0.4500,false
V4T000082,46.078685,-53.264628,LRG,0.33445635,1.0000,false
V4T000083,47.909847,-42.820426,BGS,1.58495608,0.4500,false
V4T000084,1.138234,-33.118994,ELG,0.45723564,1.0000,true
V4T000085,352.641534,-19.255263,BGS,1.30739904,0.4500,false
V4T000086,355.346840,-26.029527,ELG,0.30786715,1.0000,false
V4T000087,351.497080,-38.886458,LRG,0.34284033,1.0000,false
V4T000088,31.166406,-43.285952,ELG,0.73205496,1.0000,false
V4T000089,350.732067,-21.132902,QSO,0.29916790,1.7000,false
V4T000090,359.974414,-19.718524,ELG,0.55809007,1.0000,false
V4T000091,4.667631,-22.626457,LRG,0.22700591,1.0000,false
V4T000092,353.077023,-26.248333,ELG,0.85062305,1.0000,false
V4T000093,19.337417,-48.526744,ELG,0.65682315,1.0000,false
V4T000094,343.299520,-36.378901,ELG,0.36732162,1.0000,false
V4T000095,341.222327,-34.760074,LRG,0.47995348,1.0000,false
V4T000096,2.974068,-35.271106,BGS,0.93943854,0.4500,false
V4T000097,23.983308,-43.027080,ELG,0.36687549,1.0000,false
V4T000098,357.806057,-18.460903,ELG,1.33656162,1.0000,false
V4T000099,359.383844,-37.958490,ELG,0.36584237,1.0000,false
V4T000100,29.865907,-43.692266,QSO,0.38185362,1.7000,false
V4T000101,6.271572,-26.352850,LRG,0.17148454,1.0000,false
V4T000102,352.436987,-17.627937,QSO,0.37000649,1.7000,false
V4T000103,339.409530,-21.901782,LRG,0.58440933,1.0000,false
V4T000104,23.694386,-51.103636,ELG,0.52433073,1.0000,false
V4T000105,28.169324,-52.923338,LRG,0.29055253,1.0000,false
V4T000106,4.838020,-26.654931,Star,5.49660678,0.3000,false
V4T000107,23.903241,-51.387311,BGS,0.78856842,0.4500,false
V4T000108,45.063669,-55.048679,ELG,0.28125183,1.0000,false
V4T000109,352.425826,-19.849849,BGS,1.00956579,0.4500,false
V4T000110,35.116068,-56.396341,LRG,0.32078720,1.0000,false
V4T000111,21.379449,-59.181205,LRG,0.34139349,1.0000,false
V4T000112,23.094364,-51.296965,QSO,0.09961806,1.7000,false
V4T000113,24.719977,-39.768677,LRG,0.76911094,1.0000,false
V4T000114,347.331653,-25.889930,QSO,0.10747957,1.7000,false
V4T000115,32.206676,-57.333391,QSO,0.21081818,1.7000,false
V4T000116,339.569435,-30.582849,ELG,0.76050532,1.0000,false
V4T000117,18.527150,-57.294553,BGS,1.57965777,0.4500,false
V4T000118,339.459288,-30.646483,QSO,0.19394989,1.7000,false
V4T000119,348.823445,-17.253729,ELG,0.44214992,1.0000,false
V4T000120,355.556352,-20.607118,QSO,0.26448047,1.7000,false
V4T000121,22.952046,-48.987793,ELG,0.65255187,1.0000,false
V4T000122,335.938582,-24.489195,BGS,1.04274664,0.4500,false
V4T000123,38.481677,-37.676545,ELG,0.75591072,1.0000,false
V4T000124,43.239774,-57.229955,LRG,0.52334896,1.0000,false
V4T000125,31.018806,-48.094957,ELG,0.30437423,1.0000,false
V4T000126,2.003406,-35.227503,ELG,0.38706818,1.0000,false
V4T000127,24.561948,-56.119102,BGS,1.28446328,0.4500,false
V4T000128,22.472761,-53.928910,BGS,0.87441847,0.4500,false
V4T000129,338.490903,-36.747086,QSO,0.32481666,1.7000,false
V4T000130,340.436173,-18.123205,QSO,0.06511625,1.7000,false
V4T000131,347.717357,-23.680971,BGS,1.01653043,0.4500,false
V4T000132,26.675675,-60.415965,BGS,1.13861191,0.4500,false
V4T000133,2.920238,-30.025693,ELG,0.44113570,1.0000,false
V4T000134,35.525239,-40.194842,BGS,1.26705142,0.4500,false
V4T000135,355.205434,-19.365067,ELG,0.47565344,1.0000,false
V4T000136,16.950249,-45.916644,ELG,0.39287549,1.0000,false
V4T000137,343.173814,-36.266406,LRG,0.30142010,1.0000,false
V4T000138,24.161956,-56.169226,QSO,0.09324858,1.7000,false
V4T000139,39.287015,-46.241983,BGS,0.98397830,0.4500,false
V4T000140,356.260699,-23.078025,ELG,0.76816599,1.0000,false
V4T000141,347.489438,-35.824805,LRG,0.44216779,1.0000,true
V4T000142,355.910758,-22.744631,LRG,0.20871512,1.0000,false
V4T000143,37.908571,-37.057499,LRG,0.22425140,1.0000,false
V4T000144,345.970684,-40.234882,ELG,0.53316634,1.0000,false
V4T000145,358.951115,-18.461204,QSO,0.10777143,1.7000,false
V4T000146,356.947718,-22.157848,LRG,0.28896496,1.0000,true
V4T000147,339.699588,-20.782930,ELG,0.74609373,1.0000,false
V4T000148,33.157302,-37.443151,BGS,1.67708018,0.4500,false
V4T000149,22.427820,-51.563783,Star,4.51275418,0.3000,false
V4T000150,340.463011,-24.284827,BGS,0.95786251,0.4500,false
V4T000151,335.701072,-23.495756,ELG,0.37371245,1.0000,false
V4T000152,21.579889,-59.401692,ELG,0.30729165,1.0000,false
V4T000153,2.188543,-28.238539,BGS,2.11966924,0.4500,false
V4T000154,339.348476,-31.101029,BGS,2.48342148,0.4500,false
V4T000155,15.396935,-46.320670,QSO,0.15970943,1.7000,false
V4T000156,340.060425,-29.438292,LRG,0.32427317,1.0000,false
V4T000157,29.314606,-38.497442,ELG,0.40390048,1.0000,false
V4T000158,352.322887,-21.866822,ELG,0.41452871,1.0000,false
V4T000159,3.136577,-34.663984,Star,1.86138909,0.3000,false
V4T000160,351.169163,-39.859244,ELG,0.47287321,1.0000,false
V4T000161,358.497891,-18.852349,BGS,1.93195162,0.4500,false
V4T000162,342.697479,-33.905374,BGS,1.00716011,0.4500,false
V4T000163,341.518134,-17.624521,ELG,0.64769880,1.0000,false
V4T000164,349.828688,-33.836498,LRG,0.28071756,1.0000,false
V4T000165,25.683973,-39.949398,Star,3.27789482,0.3000,false
V4T000166,4.426732,-33.850624,QSO,0.22651408,1.7000,false
V4T000167,339.221093,-21.341194,LRG,0.34465197,1.0000,true
V4T000168,345.085869,-20.499179,LRG,0.32938213,1.0000,false
V4T000169,341.642837,-40.444458,ELG,0.41221290,1.0000,false
V4T000170,339.431481,-31.457889,ELG,0.49011757,1.0000,true
V4T000171,358.248614,-18.914305,Star,2.61279110,0.3000,false
V4T000172,340.753297,-29.702164,BGS,2.36428653,0.4500,false
V4T000173,354.232261,-19.711299,ELG,0.66964236,1.0000,false
V4T000174,352.090445,-39.849268,ELG,0.73337770,1.0000,false
V4T000175,351.112385,-39.074833,BGS,2.00210708,0.4500,false
V4T000176,338.804616,-30.204401,ELG,0.73851050,1.0000,false
V4T000177,40.667349,-56.440745,ELG,0.81021346,1.0000,false
V4T000178,3.240961,-22.639413,ELG,0.43709677,1.0000,false
V4T000179,342.713869,-36.525141,QSO,0.31506215,1.7000,false
V4T000180,5.573691,-28.580433,BGS,1.27407028,0.4500,false
V4T000181,347.705385,-31.175240,ELG,0.41255135,1.0000,false
V4T000182,38.071677,-59.884818,LRG,0.33304071,1.0000,false
V4T000183,37.204642,-54.136561,BGS,0.81809555,0.4500,false
V4T000184,351.658584,-38.925188,ELG,0.41178334,1.0000,false
V4T000185,32.246305,-41.019035,ELG,0.94846658,1.0000,false
V4T000186,345.909869,-30.416835,QSO,0.25162524,1.7000,false
V4T000187,344.104601,-29.812888,LRG,0.30548602,1.0000,false
V4T000188,357.854120,-23.446095,ELG,0.48974438,1.0000,true
V4T000189,338.123892,-21.517538,ELG,0.55322832,1.0000,false
V4T000190,344.576181,-28.943361,LRG,0.75975470,1.0000,false
V4T000191,39.455714,-59.592032,LRG,0.31342895,1.0000,false
V4T000192,40.560706,-46.262347,LRG,0.24442425,1.0000,false
V4T000193,20.288237,-51.939649,QSO,0.24264553,1.7000,false
V4T000194,31.187604,-43.469739,BGS,0.67940292,0.4500,false
V4T000195,358.631604,-19.224095,BGS,1.70680002,0.4500,false
V4T000196,352.860053,-26.661041,ELG,0.48923637,1.0000,false
V4T000197,344.033490,-37.107874,Star,2.55581239,0.3000,false
V4T000198,341.982102,-37.283194,ELG,0.35724079,1.0000,false
V4T000199,3.310173,-22.672151,BGS,1.76245717,0.4500,false
V4T000200,343.330512,-17.922268,LRG,0.35280117,1.0000,false
V4T000201,351.783010,-24.539142,BGS,1.68070853,0.4500,false
V4T000202,337.702565,-24.879614,BGS,1.03979858,0.4500,false
V4T000203,346.086866,-29.196103,BGS,1.27732629,0.4500,false
V4T000204,339.956984,-23.890821,LRG,0.44895286,1.0000,false
V4T000205,336.998949,-20.945986,ELG,0.76266063,1.0000,false
V4T000206,340.359979,-24.503402,QSO,0.31450252,1.7000,false
V4T000207,42.098929,-58.004074,BGS,1.40501721,0.4500,false
V4T000208,352.590048,-19.206407,BGS,0.86399078,0.4500,false
V4T000209,355.633055,-22.426482,QSO,0.24819140,1.7000,false
V4T000210,22.174873,-52.502193,ELG,0.49819774,1.0000,true
V4T000211,348.559616,-25.279275,ELG,0.78361292,1.0000,false
V4T000212,19.773396,-53.747891,QSO,0.12134616,1.7000,false
V4T000213,29.218273,-39.316653,ELG,0.38194571,1.0000,false
V4T000214,26.200132,-38.071983,LRG,0.44443736,1.0000,false
V4T000215,357.770017,-18.334156,BGS,0.76886381,0.4500,false
V4T000216,22.285334,-51.037847,ELG,0.65030399,1.0000,true
V4T000217,358.458792,-37.311860,BGS,0.99789508,0.4500,false
V4T000218,32.858909,-53.839753,ELG,0.35205536,1.0000,false
V4T000219,44.352997,-57.601908,ELG,0.90611162,1.0000,false
V4T000220,340.865576,-23.003777,LRG,0.33875354,1.0000,false
V4T000221,354.005784,-15.591552,Star,5.63198703,0.3000,false
V4T000222,351.396338,-29.985202,QSO,0.26274494,1.7000,true
V4T000223,357.476866,-23.907569,BGS,1.66810953,0.4500,false
V4T000224,339.264539,-35.160180,LRG,0.44357912,1.0000,false
V4T000225,51.014396,-46.889321,ELG,0.50053397,1.0000,false
V4T000226,345.018478,-41.285754,Star,3.89644848,0.3000,false
V4T000227,341.360447,-20.814953,QSO,0.32616687,1.7000,false
V4T000228,14.746094,-51.518013,ELG,0.67313589,1.0000,false
V4T000229,342.609010,-21.409428,ELG,0.40249299,1.0000,false
V4T000230,45.821983,-44.710343,QSO,0.12081760,1.7000,true
V4T000231,348.548711,-37.183924,ELG,0.76635754,1.0000,false
V4T000232,15.736601,-47.673932,ELG,0.25480105,1.0000,false
V4T000233,334.780632,-31.496108,LRG,0.32328498,1.0000,false
V4T000234,342.018420,-38.787558,ELG,0.84562108,1.0000,false
V4T000235,341.863193,-20.325118,ELG,0.69318485,1.0000,false
V4T000236,23.737050,-52.468321,LRG,0.29615862,1.0000,false
V4T000237,42.236627,-54.411659,ELG,0.35649149,1.0000,false
V4T000238,36.459738,-55.024918,ELG,0.48221656,1.0000,false
V4T000239,358.657452,-28.530859,Star,5.90924034,0.3000,false
V4T000240,353.873937,-20.575536,LRG,0.29281743,1.0000,false
V4T000241,32.347085,-50.937203,QSO,0.15276538,1.7000,false
V4T000242,45.059956,-46.632978,ELG,0.29303616,1.0000,false
V4T000243,28.846505,-42.252323,LRG,0.37027335,1.0000,false
V4T000244,2.399421,-35.926935,ELG,0.87490408,1.0000,false
V4T000245,26.776335,-49.072302,ELG,0.74193476,1.0000,false
V4T000246,352.915488,-19.933532,BGS,0.77369863,0.4500,false
V4T000247,350.362267,-38.553868,ELG,0.65586922,1.0000,false
V4T000248,3.062359,-27.322865,ELG,0.51422214,1.0000,false
V4T000249,4.108666,-26.679190,BGS,1.40129486,0.4500,false
V4T000250,2.824423,-30.704695,ELG,0.90478415,1.0000,true
V4T000251,338.983277,-31.703459,LRG,0.35282253,1.0000,false
V4T000252,2.566328,-19.776568,Star,3.58876378,0.3000,false
V4T000253,344.007996,-18.383275,ELG,1.30479206,1.0000,false
V4T000254,352.469904,-20.063845,ELG,0.39211352,1.0000,false
V4T000255,3.032781,-24.252269,BGS,0.61040069,0.4500,false
V4T000256,358.812055,-31.358636,BGS,1.70182823,0.4500,false
V4T000257,345.460830,-29.677528,ELG,0.32955792,1.0000,false
V4T000258,35.718438,-56.383200,BGS,1.18994599,0.4500,false
V4T000259,34.446200,-42.599586,ELG,0.47205430,1.0000,false
V4T000260,0.335849,-20.793638,QSO,0.57096919,1.7000,false
V4T000261,344.205714,-34.441520,Star,4.35656111,0.3000,false
V4T000262,25.447415,-49.768803,BGS,1.30754680,0.4500,false
V4T000263,340.253938,-20.733001,Star,3.21227899,0.3000,false
V4T000264,359.442279,-20.115288,ELG,0.35235344,1.0000,false
V4T000265,30.128959,-43.070389,BGS,1.15222154,0.4500,false
V4T000266,334.142985,-30.841705,LRG,0.49874761,1.0000,false
V4T000267,340.281522,-24.948242,Star,4.13866585,0.3000,false
V4T000268,347.461972,-32.417868,ELG,0.49538492,1.0000,false
V4T000269,352.888475,-19.835704,ELG,0.59265229,1.0000,false
V4T000270,351.946895,-40.030558,ELG,0.61963516,1.0000,false
V4T000271,44.814162,-55.019461,LRG,0.27211734,1.0000,false
V4T000272,355.586837,-22.980420,QSO,0.17867611,1.7000,false
V4T000273,1.289406,-26.502568,LRG,0.39154485,1.0000,false
V4T000274,355.563405,-33.226393,ELG,0.50812019,1.0000,false
V4T000275,3.005408,-21.478016,ELG,0.78195971,1.0000,false
V4T000276,359.770408,-20.845080,Star,2.95403026,0.3000,false
V4T000277,345.289567,-18.225964,LRG,0.36553320,1.0000,false
V4T000278,359.301476,-18.687535,ELG,0.73325994,1.0000,false
V4T000279,49.121371,-44.470044,QSO,0.15135117,1.7000,false
V4T000280,339.472703,-30.533713,LRG,0.35279074,1.0000,false
V4T000281,37.051518,-42.492133,ELG,0.54944593,1.0000,false
V4T000282,346.508259,-29.078080,BGS,1.14365259,0.4500,false
V4T000283,346.346103,-29.684438,LRG,0.21350663,1.0000,false
V4T000284,18.179160,-49.210182,QSO,0.27157638,1.7000,false
V4T000285,45.680226,-49.459549,ELG,0.38022391,1.0000,false
V4T000286,358.626985,-18.345403,QSO,0.25484208,1.7000,false
V4T000287,345.922918,-31.060418,QSO,0.55276441,1.7000,false
V4T000288,339.111000,-23.109099,LRG,0.22869426,1.0000,false
V4T000289,358.691499,-19.417814,ELG,0.38090265,1.0000,false
V4T000290,341.361418,-23.672043,ELG,0.52459485,1.0000,false
V4T000291,1.911239,-35.309301,ELG,0.90210103,1.0000,false
V4T000292,358.211094,-27.391648,BGS,0.89425774,0.4500,false
V4T000293,32.546526,-42.870189,LRG,0.36059024,1.0000,false
V4T000294,24.161350,-52.271721,QSO,0.09475120,1.7000,false
V4T000295,346.296752,-39.890492,ELG,0.95645643,1.0000,true
V4T000296,352.560956,-30.073612,QSO,0.27758412,1.7000,false
V4T000297,1.316802,-33.224181,ELG,0.30462029,1.0000,true
V4T000298,2.201254,-35.616548,LRG,0.44150393,1.0000,false
V4T000299,3.277329,-21.658195,BGS,1.03433568,0.4500,false
V4T000300,341.372208,-26.550013,BGS,2.34774979,0.4500,false
V4T000301,36.586726,-55.026780,BGS,1.14750642,0.4500,false
V4T000302,343.855493,-35.794518,BGS,1.17382847,0.4500,false
V4T000303,1.972539,-35.647411,ELG,0.65197320,1.0000,false
V4T000304,31.493812,-44.110238,QSO,0.15461137,1.7000,false
V4T000305,0.868181,-36.882031,QSO,0.11309518,1.7000,false
V4T000306,340.473176,-23.510824,LRG,0.28427800,1.0000,false
V4T000307,345.976190,-41.078955,QSO,0.41419511,1.7000,false
V4T000308,22.671034,-43.946753,ELG,1.09791852,1.0000,false
V4T000309,29.758098,-36.299337,LRG,0.36462404,1.0000,false
V4T000310,2.793737,-21.476513,LRG,0.48542035,1.0000,false
V4T000311,30.653794,-42.571997,ELG,0.73379480,1.0000,false
V4T000312,337.547322,-24.113074,BGS,2.05881390,0.4500,false
V4T000313,25.001301,-45.495150,Star,6.14322400,0.3000,false
V4T000314,341.807791,-30.503553,ELG,0.45843067,1.0000,false
V4T000315,351.096764,-39.215142,ELG,0.53181602,1.0000,false
V4T000316,1.908985,-18.920180,BGS,0.99421670,0.4500,false
V4T000317,339.703155,-23.273662,BGS,1.07231963,0.4500,false
V4T000318,355.561059,-19.027604,ELG,0.77727171,1.0000,false
V4T000319,2.199050,-26.691053,Star,2.60433976,0.3000,false
V4T000320,359.713706,-32.108217,QSO,0.12195655,1.7000,false
V4T000321,18.476603,-57.071605,BGS,1.17159768,0.4500,false
V4T000322,351.668488,-39.017125,LRG,0.49883195,1.0000,false
V4T000323,338.962580,-31.792867,BGS,0.60494109,0.4500,false
V4T000324,45.671358,-48.464632,Star,4.44960241,0.3000,false
V4T000325,353.305652,-27.472288,QSO,0.10756768,1.7000,false
V4T000326,352.730318,-38.380472,BGS,1.71786690,0.4500,false
V4T000327,0.122570,-18.819529,QSO,0.11029109,1.7000,false
V4T000328,353.551236,-32.094492,QSO,0.57989372,1.7000,false
V4T000329,352.459216,-39.233806,ELG,0.34446761,1.0000,false
V4T000330,30.086106,-56.690388,ELG,0.56213625,1.0000,false
V4T000331,34.745288,-55.538923,QSO,0.31560518,1.7000,false
V4T000332,22.007743,-54.790520,ELG,0.77685061,1.0000,false
V4T000333,2.181976,-21.138871,LRG,0.25755133,1.0000,false
V4T000334,44.893097,-51.994880,BGS,0.75718302,0.4500,false
V4T000335,354.670980,-34.739983,Star,3.45935930,0.3000,false
V4T000336,22.019555,-51.859151,BGS,1.27714477,0.4500,false
V4T000337,351.390714,-39.503181,QSO,0.21820158,1.7000,false
V4T000338,354.585395,-23.280566,QSO,0.19920309,1.7000,false
V4T000339,18.314048,-51.023734,Star,2.23674765,0.3000,false
V4T000340,345.288460,-33.188048,LRG,0.26435360,1.0000,false
V4T000341,351.018044,-27.764454,BGS,1.64335634,0.4500,false
V4T000342,342.637028,-37.295770,Star,4.72012125,0.3000,false
V4T000343,353.433193,-19.165024,Star,4.89005669,0.3000,false
V4T000344,352.487722,-19.167929,LRG,0.34770733,1.0000,false
V4T000345,338.800062,-21.483691,ELG,0.36043134,1.0000,false
V4T000346,33.458921,-54.310429,BGS,0.91200540,0.4500,false
V4T000347,45.144664,-57.669966,Star,4.59224281,0.3000,false
V4T000348,40.344590,-46.773500,ELG,0.57723796,1.0000,false
V4T000349,36.744388,-41.352712,BGS,1.34635436,0.4500,false
V4T000350,2.690453,-33.951917,ELG,0.70860887,1.0000,true
V4T000351,34.408776,-39.232863,ELG,0.59477860,1.0000,false
V4T000352,338.186809,-21.651927,ELG,0.59913081,1.0000,false
V4T000353,352.626939,-28.885081,QSO,0.14397476,1.7000,true
V4T000354,39.739500,-49.346553,ELG,0.64666015,1.0000,false
V4T000355,357.665393,-27.270204,ELG,0.59731677,1.0000,false
V4T000356,355.002393,-25.270516,ELG,0.68128192,1.0000,false
V4T000357,344.382874,-18.834421,ELG,0.32431204,1.0000,false
V4T000358,346.270164,-15.430079,LRG,0.22621391,1.0000,false
V4T000359,352.297006,-19.434247,LRG,0.37235264,1.0000,false
V4T000360,355.917622,-23.367511,LRG,0.26121268,1.0000,false
V4T000361,345.107909,-23.403880,LRG,0.33689341,1.0000,false
V4T000362,2.534364,-34.070361,LRG,0.42770880,1.0000,false
V4T000363,343.562763,-25.268476,ELG,0.69039936,1.0000,false
V4T000364,31.376124,-44.067259,BGS,1.86587873,0.4500,false
V4T000365,357.825560,-32.289153,QSO,0.15493650,1.7000,false
V4T000366,3.652309,-32.530637,BGS,0.81181557,0.4500,false
V4T000367,32.133821,-58.358003,ELG,0.60383834,1.0000,false
V4T000368,351.351781,-35.032117,ELG,0.72721360,1.0000,false
V4T000369,352.036558,-38.503268,Star,5.26328626,0.3000,false
V4T000370,4.346942,-22.417337,Star,4.03148711,0.3000,false
V4T000371,26.200316,-41.640951,ELG,0.92548432,1.0000,false
V4T000372,351.321173,-39.274062,BGS,1.58912042,0.4500,false
V4T000373,36.741915,-40.088184,Star,4.44717019,0.3000,false
V4T000374,337.941454,-21.825081,QSO,0.16228495,1.7000,false
V4T000375,356.946722,-39.625112,Star,3.62861164,0.3000,false
V4T000376,338.417682,-37.564531,ELG,0.71477241,1.0000,false
V4T000377,30.122853,-59.454194,ELG,0.55992795,1.0000,false
V4T000378,0.477772,-36.136538,LRG,0.41190760,1.0000,false
V4T000379,23.569252,-51.937092,Star,4.08047094,0.3000,false
V4T000380,37.058853,-50.591197,ELG,0.47507300,1.0000,false
V4T000381,341.836811,-23.622543,LRG,0.26230074,1.0000,false
V4T000382,350.251550,-19.114328,LRG,0.39976143,1.0000,false
V4T000383,342.333370,-36.194148,LRG,0.50778894,1.0000,false
V4T000384,31.126533,-45.674395,LRG,0.28037416,1.0000,false
V4T000385,342.617501,-24.376558,ELG,0.59657436,1.0000,false
V4T000386,23.568620,-47.298135,ELG,0.70605653,1.0000,false
V4T000387,349.524551,-41.354606,BGS,0.93174132,0.4500,false
V4T000388,345.362995,-32.608966,QSO,0.24108945,1.7000,false
V4T000389,32.234713,-43.441008,QSO,0.10889458,1.7000,false
V4T000390,344.965911,-29.996010,BGS,1.90856574,0.4500,false
V4T000391,349.294246,-40.826914,ELG,0.60581461,1.0000,false
V4T000392,41.562224,-59.187746,LRG,0.31879774,1.0000,false
V4T000393,353.867545,-36.360058,LRG,0.41278959,1.0000,false
V4T000394,338.313441,-22.096100,BGS,1.21227516,0.4500,false
V4T000395,341.621684,-40.603832,Star,3.83679947,0.3000,false
V4T000396,340.775922,-39.749427,LRG,0.27405097,1.0000,false
V4T000397,30.642383,-40.004605,BGS,1.87046925,0.4500,false
V4T000398,346.579581,-21.221275,QSO,0.09181050,1.7000,true
V4T000399,354.444591,-23.229285,ELG,0.42382071,1.0000,false
V4T000400,341.631643,-36.272783,ELG,0.43280377,1.0000,false
V4T000401,338.539748,-21.527493,BGS,0.97940710,0.4500,false
V4T000402,352.559823,-19.876956,BGS,1.30011397,0.4500,false
V4T000403,342.121104,-19.873615,QSO,0.11497360,1.7000,false
V4T000404,48.384378,-42.517856,Star,4.03684741,0.3000,false
V4T000405,35.474625,-55.361064,LRG,0.45378351,1.0000,false
V4T000406,32.407286,-47.858753,ELG,0.72946872,1.0000,false
V4T000407,337.485516,-35.489907,LRG,0.33255905,1.0000,false
V4T000408,350.330668,-16.387248,ELG,0.55916079,1.0000,false
V4T000409,353.950373,-16.132241,QSO,0.15495096,1.7000,false
V4T000410,6.339834,-29.934820,ELG,0.71891038,1.0000,false
V4T000411,342.890170,-25.193142,LRG,0.21923183,1.0000,false
V4T000412,345.310407,-30.069906,ELG,0.44112186,1.0000,true
V4T000413,30.092410,-38.436046,ELG,1.13402720,1.0000,false
V4T000414,356.609406,-23.313148,ELG,0.71767256,1.0000,false
V4T000415,359.079579,-18.759917,QSO,0.22695378,1.7000,false
V4T000416,345.818891,-32.874351,LRG,0.24122237,1.0000,false
V4T000417,2.372299,-21.138280,ELG,0.73012359,1.0000,false
V4T000418,22.996969,-52.162193,LRG,0.34650537,1.0000,false
V4T000419,351.049666,-38.983150,Star,2.75911645,0.3000,false
V4T000420,3.855846,-33.790831,ELG,0.51891823,1.0000,false
V4T000421,351.976616,-33.420209,ELG,1.19208618,1.0000,false
V4T000422,3.075444,-28.931799,QSO,0.31229402,1.7000,false
V4T000423,348.308522,-36.759496,BGS,1.48622797,0.4500,false
V4T000424,0.047109,-29.610240,BGS,2.12433692,0.4500,false
V4T000425,335.420866,-32.217277,BGS,1.27430215,0.4500,false
V4T000426,25.798917,-44.244359,ELG,0.65068824,1.0000,false
V4T000427,355.415968,-19.658989,BGS,1.24804947,0.4500,false
V4T000428,13.226825,-53.330323,QSO,0.07879102,1.7000,false
V4T000429,351.327670,-41.006067,Star,6.53065295,0.3000,false
V4T000430,346.933552,-17.744385,BGS,0.87088987,0.4500,false
V4T000431,2.924111,-21.311067,Star,4.06659257,0.3000,false
V4T000432,35.523035,-38.589475,QSO,0.16297377,1.7000,false
V4T000433,49.101981,-54.039337,ELG,1.20021693,1.0000,false
V4T000434,14.825422,-46.794723,ELG,0.61565850,1.0000,false
V4T000435,356.472877,-23.842330,QSO,0.23280228,1.7000,false
V4T000436,30.669789,-43.782153,ELG,0.64117307,1.0000,false
V4T000437,346.720268,-32.787841,ELG,0.38068036,1.0000,false
V4T000438,350.595474,-40.177313,LRG,0.25579555,1.0000,false
V4T000439,0.763677,-34.169681,QSO,0.27568170,1.7000,false
V4T000440,3.242479,-34.789367,QSO,0.13686478,1.7000,false
V4T000441,357.372383,-21.740965,Star,2.99260527,0.3000,true
V4T000442,346.740144,-18.077141,ELG,0.98853936,1.0000,false
V4T000443,30.131329,-58.728589,QSO,0.13689812,1.7000,false
V4T000444,344.794358,-24.318021,BGS,1.56083278,0.4500,false
V4T000445,2.785220,-34.882533,BGS,0.65873320,0.4500,false
V4T000446,38.238784,-46.152830,QSO,0.10852207,1.7000,false
V4T000447,26.399041,-46.026435,Star,4.62217374,0.3000,false
V4T000448,18.525091,-55.119449,LRG,0.45321155,1.0000,false
V4T000449,24.089648,-51.746706,QSO,0.13991662,1.7000,false
V4T000450,356.100327,-24.112051,QSO,0.10146074,1.7000,false
V4T000451,358.208245,-25.845367,BGS,0.85861280,0.4500,false
V4T000452,43.906223,-49.812134,BGS,1.30693694,0.4500,false
V4T000453,356.627098,-23.155097,QSO,0.25265902,1.7000,false
V4T000454,339.481690,-23.864617,BGS,1.39442665,0.4500,false
V4T000455,350.543802,-35.931952,BGS,3.13864803,0.4500,false
V4T000456,45.377184,-46.107896,ELG,0.27591786,1.0000,false
V4T000457,3.092510,-35.581100,QSO,0.09224821,1.7000,false
V4T000458,340.522394,-22.687807,LRG,0.59139692,1.0000,false
V4T000459,338.627435,-30.742527,BGS,0.84513335,0.4500,false
V4T000460,338.598602,-20.825214,BGS,1.57948083,0.4500,false
V4T000461,345.524189,-40.300566,LRG,0.52726331,1.0000,false
V4T000462,343.134728,-36.468203,Star,3.24959126,0.3000,false
V4T000463,343.813685,-35.418134,LRG,0.48046019,1.0000,false
V4T000464,340.387354,-20.581208,BGS,1.48423396,0.4500,false
V4T000465,351.647245,-25.246213,BGS,1.58735170,0.4500,false
V4T000466,347.452654,-40.897981,LRG,0.38165095,1.0000,false
V4T000467,27.295149,-45.115162,LRG,0.29263552,1.0000,false
V4T000468,358.823775,-18.306506,QSO,0.29164810,1.7000,false
V4T000469,3.305287,-22.798880,ELG,0.72742324,1.0000,false
V4T000470,341.873246,-28.558465,ELG,0.43589940,1.0000,false
V4T000471,41.702223,-38.833144,QSO,0.19170967,1.7000,false
V4T000472,19.084587,-46.715142,LRG,0.30166615,1.0000,false
V4T000473,27.336527,-50.191467,BGS,1.20904825,0.4500,false
V4T000474,17.364980,-52.139082,QSO,0.16707750,1.7000,false
V4T000475,2.273300,-22.002919,ELG,0.61178941,1.0000,false
V4T000476,2.404569,-20.997948,ELG,0.46685221,1.0000,false
V4T000477,29.441563,-36.917995,ELG,0.42476794,1.0000,false
V4T000478,4.018858,-24.498836,BGS,1.34282079,0.4500,false
V4T000479,346.024631,-30.148994,BGS,1.06336254,0.4500,true
V4T000480,356.473976,-23.956342,Star,4.85500700,0.3000,false
V4T000481,339.205953,-29.776970,ELG,0.47897591,1.0000,false
V4T000482,35.858576,-49.941157,BGS,2.37104426,0.4500,false
V4T000483,3.423024,-21.245846,ELG,0.99493013,1.0000,false
V4T000484,345.335666,-17.736623,ELG,0.58260238,1.0000,false
V4T000485,358.745955,-32.423467,BGS,1.46065936,0.4500,false
V4T000486,2.240097,-35.778645,BGS,1.49820181,0.4500,false
V4T000487,359.228950,-25.163283,ELG,0.50081850,1.0000,false
V4T000488,2.394382,-35.373441,ELG,0.56893376,1.0000,false
V4T000489,35.048359,-55.775204,Star,3.37492621,0.3000,false
V4T000490,345.964623,-29.795274,ELG,0.90790546,1.0000,false
V4T000491,346.322890,-21.723508,LRG,0.25646195,1.0000,false
V4T000492,354.791671,-26.593534,BGS,0.96844403,0.4500,false
V4T000493,23.699864,-52.732849,BGS,1.36166066,0.4500,false
V4T000494,347.533252,-24.439491,BGS,1.30707251,0.4500,false
V4T000495,342.566782,-33.723775,LRG,0.36229340,1.0000,false
V4T000496,351.423082,-37.750630,LRG,0.29924898,1.0000,false
V4T000497,34.318576,-52.962936,Star,4.09724894,0.3000,false
V4T000498,2.842900,-27.128509,LRG,0.70849281,1.0000,false
V4T000499,353.355371,-28.053705,ELG,0.59167355,1.0000,false
V4T000500,3.125586,-21.373886,BGS,1.23560249,0.4500,false
V4T000501,35.890043,-54.745360,ELG,0.48554644,1.0000,false
V4T000502,336.979684,-30.677921,BGS,1.76828389,0.4500,false
V4T000503,354.009575,-25.098130,BGS,1.00704945,0.4500,true
V4T000504,339.408888,-30.702329,Star,3.42455234,0.3000,false
V4T000505,351.667273,-39.446789,BGS,1.15016582,0.4500,false
V4T000506,34.542166,-49.472015,ELG,0.96019240,1.0000,false
V4T000507,340.684502,-22.919289,ELG,0.37805093,1.0000,false
V4T000508,353.274417,-30.267241,BGS,0.83089065,0.4500,false
V4T000509,351.353324,-29.925399,ELG,0.43767878,1.0000,false
V4T000510,349.827178,-31.157094,ELG,0.34825699,1.0000,false
V4T000511,339.659551,-31.916919,ELG,0.38992119,1.0000,false
V4T000512,338.625378,-22.409617,QSO,0.09492055,1.7000,false
V4T000513,348.238595,-17.221363,BGS,1.77935153,0.4500,false
V4T000514,358.418903,-19.033546,LRG,0.42234706,1.0000,false
V4T000515,29.074394,-42.933948,ELG,0.61151051,1.0000,false
V4T000516,352.378318,-19.796663,QSO,0.15756165,1.7000,false
V4T000517,2.646816,-35.271620,ELG,0.65459307,1.0000,false
V4T000518,32.201788,-60.500980,LRG,0.19658229,1.0000,true
V4T000519,1.102110,-37.216255,ELG,0.38566867,1.0000,true
V4T000520,358.704653,-19.529181,BGS,1.27683192,0.4500,false
V4T000521,36.221093,-55.514486,ELG,0.46673655,1.0000,false
V4T000522,337.654840,-21.449497,LRG,0.33285485,1.0000,false
V4T000523,26.703393,-42.720154,BGS,1.37586058,0.4500,false
V4T000524,26.549935,-48.471229,LRG,0.30423505,1.0000,false
V4T000525,35.106404,-54.896106,BGS,0.92491909,0.4500,false
V4T000526,37.781746,-55.311534,QSO,0.19480833,1.7000,false
V4T000527,338.953577,-21.368806,BGS,0.85742066,0.4500,false
V4T000528,358.060584,-18.791095,BGS,0.86347069,0.4500,false
V4T000529,341.774767,-18.824387,ELG,0.58772680,1.0000,false
V4T000530,349.791570,-34.064206,ELG,0.61151068,1.0000,false
V4T000531,338.088232,-33.970468,LRG,0.19729828,1.0000,false
V4T000532,338.538212,-28.920209,LRG,0.14791482,1.0000,true
V4T000533,347.664982,-26.507930,Star,4.11455496,0.3000,false
V4T000534,352.322937,-38.494220,QSO,0.31519581,1.7000,false
V4T000535,358.606470,-32.687033,QSO,0.21297916,1.7000,false
V4T000536,49.799976,-52.087234,BGS,1.11957868,0.4500,false
V4T000537,340.376164,-18.546954,ELG,0.49061302,1.0000,false
V4T000538,344.279751,-19.054881,QSO,0.23142279,1.7000,false
V4T000539,359.639394,-30.425102,Star,2.44375881,0.3000,false
V4T000540,359.543036,-20.220320,QSO,0.39810249,1.7000,false
V4T000541,44.684214,-51.942620,LRG,0.33457292,1.0000,false
V4T000542,18.350098,-43.360641,QSO,0.54451350,1.7000,false
V4T000543,25.117094,-51.884861,QSO,0.12303765,1.7000,false
V4T000544,352.964060,-37.179519,ELG,0.79242131,1.0000,false
V4T000545,347.463857,-24.438926,BGS,1.50048473,0.4500,false
V4T000546,348.478877,-23.301556,QSO,0.17011766,1.7000,false
V4T000547,337.725458,-21.673293,QSO,0.14877816,1.7000,false
V4T000548,26.873946,-46.499664,LRG,0.27460999,1.0000,false
V4T000549,32.534675,-48.947130,BGS,0.97260126,0.4500,false
V4T000550,20.340682,-43.800028,Star,3.50569118,0.3000,false
V4T000551,42.891547,-43.615460,LRG,0.54963178,1.0000,false
V4T000552,20.882581,-39.479041,BGS,1.54521475,0.4500,false
V4T000553,2.602238,-35.734566,LRG,0.33603791,1.0000,false
V4T000554,352.724183,-35.492932,BGS,1.27760445,0.4500,false
V4T000555,17.643909,-54.418297,ELG,0.39430255,1.0000,false
V4T000556,28.689609,-54.402519,ELG,0.51853456,1.0000,false
V4T000557,339.828137,-30.949994,BGS,1.15801216,0.4500,false
V4T000558,351.737821,-30.729514,LRG,0.23848933,1.0000,false
V4T000559,340.448750,-24.288980,QSO,0.18784700,1.7000,false
V4T000560,0.748492,-22.147321,Star,3.08088848,0.3000,true
V4T000561,358.568548,-17.926287,ELG,0.38913915,1.0000,false
V4T000562,2.134516,-30.696583,BGS,1.06208621,0.4500,false
V4T000563,342.595967,-26.758385,QSO,0.12777397,1.7000,false
V4T000564,2.362767,-34.778245,BGS,1.56843366,0.4500,true
V4T000565,338.678167,-29.512806,ELG,1.72345473,1.0000,false
V4T000566,2.364865,-35.087601,BGS,1.80165508,0.4500,false
V4T000567,36.890449,-39.604142,BGS,0.79640370,0.4500,false
V4T000568,357.632989,-18.098124,BGS,1.85426061,0.4500,true
V4T000569,352.887353,-19.694829,BGS,1.30322692,0.4500,false
V4T000570,344.288506,-15.526217,BGS,1.75763627,0.4500,false
V4T000571,354.873524,-17.223998,QSO,0.22077384,1.7000,false
V4T000572,2.725001,-21.406385,ELG,0.77534083,1.0000,false
V4T000573,340.970088,-23.701557,ELG,0.46081084,1.0000,false
V4T000574,352.867062,-20.172696,BGS,1.23724624,0.4500,false
V4T000575,353.067805,-14.851057,ELG,0.46814356,1.0000,false
V4T000576,43.709914,-38.730237,LRG,0.35039419,1.0000,false
V4T000577,344.778701,-21.163290,ELG,0.66095915,1.0000,false
V4T000578,339.956383,-26.285798,BGS,1.08887899,0.4500,true
V4T000579,46.112758,-44.424292,BGS,1.29884997,0.4500,false
V4T000580,27.379132,-46.947873,QSO,0.12111547,1.7000,false
V4T000581,351.610898,-39.638512,QSO,0.09873665,1.7000,false
V4T000582,338.969498,-32.075803,QSO,0.25417748,1.7000,false
V4T000583,345.283537,-21.206166,ELG,0.36431958,1.0000,false
V4T000584,42.568400,-51.179733,BGS,1.10436828,0.4500,true
V4T000585,336.402376,-30.319548,BGS,0.97962181,0.4500,false
V4T000586,31.508883,-39.107247,BGS,0.81320331,0.4500,false
V4T000587,352.778231,-20.049869,LRG,0.19605636,1.0000,false
V4T000588,352.388045,-28.813133,QSO,0.35347162,1.7000,false
V4T000589,340.134625,-29.954042,ELG,0.59772533,1.0000,false
V4T000590,40.474471,-45.211842,BGS,1.14098437,0.4500,false
V4T000591,340.637990,-23.985146,BGS,1.20086890,0.4500,false
V4T000592,25.881478,-40.088560,QSO,0.38342500,1.7000,true
V4T000593,352.176117,-38.806936,LRG,0.29097538,1.0000,false
V4T000594,356.314380,-38.356836,ELG,0.68613116,1.0000,true
V4T000595,1.688411,-35.314984,ELG,0.50589384,1.0000,false
V4T000596,31.160973,-38.080370,ELG,1.11461003,1.0000,false
V4T000597,23.464848,-45.935368,BGS,1.32788045,0.4500,false
V4T000598,357.081242,-37.567428,LRG,0.16136158,1.0000,false
V4T000599,333.831551,-32.350849,ELG,0.40421924,1.0000,false
V4T000600,357.964555,-18.829656,QSO,0.05785569,1.7000,false
V4T000601,340.043892,-23.693401,BGS,1.40735848,0.4500,false
V4T000602,338.475794,-30.254042,BGS,1.08432303,0.4500,false
V4T000603,355.204822,-24.065349,ELG,0.41881278,1.0000,false
V4T000604,351.703374,-29.663803,ELG,1.05285289,1.0000,false
V4T000605,2.536289,-20.922516,BGS,0.79295340,0.4500,true
V4T000606,344.990534,-25.369138,BGS,0.55517914,0.4500,false
V4T000607,337.638628,-37.132188,ELG,0.43580051,1.0000,false
V4T000608,338.923879,-30.186010,ELG,0.20280995,1.0000,false
V4T000609,45.326847,-58.061927,LRG,0.54614527,1.0000,false
V4T000610,35.816007,-55.317441,BGS,1.72967428,0.4500,false
V4T000611,344.689486,-28.952363,ELG,0.54335634,1.0000,false
V4T000612,346.100954,-31.650285,BGS,0.90003928,0.4500,false
V4T000613,348.797065,-28.918107,LRG,0.35578391,1.0000,false
V4T000614,340.963025,-31.991883,BGS,1.47379606,0.4500,false
V4T000615,43.058464,-51.036185,LRG,0.39836007,1.0000,false
V4T000616,26.752953,-44.001916,BGS,1.38723652,0.4500,false
V4T000617,50.260397,-50.148966,QSO,0.53129356,1.7000,false
V4T000618,16.841184,-45.588312,LRG,0.49278235,1.0000,false
V4T000619,30.524439,-42.596694,BGS,1.32517224,0.4500,false
V4T000620,357.815175,-18.305022,BGS,0.79930669,0.4500,false
V4T000621,3.892494,-32.522735,QSO,0.29722187,1.7000,false
V4T000622,26.220342,-53.661840,ELG,0.46560757,1.0000,false
V4T000623,358.269504,-30.939201,Star,3.05148768,0.3000,false
V4T000624,34.335646,-42.134725,BGS,1.74800068,0.4500,false
V4T000625,37.359546,-48.037895,ELG,0.42774173,1.0000,false
V4T000626,343.001538,-30.547496,Star,2.77676749,0.3000,false
V4T000627,346.015488,-29.794413,Star,3.58756380,0.3000,false
V4T000628,336.666963,-29.130137,LRG,0.51871872,1.0000,false
V4T000629,344.966936,-36.491144,LRG,0.33859112,1.0000,false
V4T000630,1.395169,-25.528391,ELG,0.54018781,1.0000,false
V4T000631,358.368395,-24.635028,ELG,0.41346008,1.0000,false
V4T000632,14.570261,-48.511466,QSO,0.17149138,1.7000,false
V4T000633,44.951206,-49.748226,BGS,0.87784429,0.4500,false
V4T000634,352.074305,-36.147673,QSO,0.55549571,1.7000,false
V4T000635,342.531804,-36.629771,ELG,0.48278549,1.0000,false
V4T000636,42.532598,-39.293404,LRG,0.67812913,1.0000,false
V4T000637,356.784865,-23.372544,ELG,0.33502545,1.0000,false
V4T000638,339.324060,-22.763914,BGS,1.11578245,0.4500,false
V4T000639,23.570882,-51.771439,BGS,1.07983540,0.4500,false
V4T000640,344.587824,-16.843668,QSO,0.14027841,1.7000,false
V4T000641,352.996946,-19.289932,BGS,1.60672647,0.4500,false
V4T000642,338.280356,-21.742693,LRG,0.54816899,1.0000,false
V4T000643,2.805304,-20.851481,ELG,0.35830326,1.0000,false
V4T000644,35.511089,-58.093577,LRG,0.41444158,1.0000,false
V4T000645,340.173473,-23.536047,BGS,1.55315785,0.4500,false
V4T000646,349.788401,-15.669295,ELG,0.55802669,1.0000,false
V4T000647,31.169973,-53.610118,QSO,0.11079991,1.7000,false
V4T000648,17.823694,-45.239307,QSO,0.34619390,1.7000,false
V4T000649,44.829920,-43.295459,ELG,0.48434787,1.0000,false
V4T000650,345.132303,-28.219039,BGS,0.80914474,0.4500,false
V4T000651,23.173024,-51.821666,QSO,0.13676808,1.7000,false
V4T000652,18.666010,-48.774400,LRG,0.20216960,1.0000,false
V4T000653,358.803833,-19.895360,BGS,1.59205671,0.4500,false
V4T000654,355.603998,-24.105308,LRG,0.32094638,1.0000,true
V4T000655,49.133181,-45.503291,Star,2.44047006,0.3000,false
V4T000656,348.655730,-31.030701,LRG,0.38124114,1.0000,false
V4T000657,35.925696,-55.589343,ELG,1.23005607,1.0000,false
V4T000658,350.235806,-28.411900,ELG,1.53403890,1.0000,false
V4T000659,350.160525,-36.634526,ELG,1.10761389,1.0000,false
V4T000660,35.400654,-56.454739,QSO,0.12575546,1.7000,false
V4T000661,37.463550,-48.368600,LRG,0.23176029,1.0000,false
V4T000662,355.890237,-23.921961,BGS,0.80203171,0.4500,false
V4T000663,48.326916,-43.319456,ELG,0.58288280,1.0000,false
V4T000664,358.301804,-38.022714,LRG,0.28562656,1.0000,false
V4T000665,352.375342,-19.412513,LRG,0.26283372,1.0000,false
V4T000666,343.680918,-33.916715,BGS,1.94963320,0.4500,false
V4T000667,349.705269,-26.151200,LRG,0.50087374,1.0000,false
V4T000668,340.620648,-23.176522,Star,4.62932232,0.3000,false
V4T000669,30.728692,-43.867410,ELG,0.76030266,1.0000,false
V4T000670,341.039191,-23.435715,LRG,0.39846678,1.0000,false
V4T000671,0.759095,-28.580751,BGS,1.84223920,0.4500,false
V4T000672,338.177036,-26.726358,BGS,0.98084376,0.4500,false
V4T000673,343.056764,-27.516775,ELG,0.90122600,1.0000,false
V4T000674,2.943409,-34.822062,Star,4.17996654,0.3000,false
V4T000675,342.989085,-36.849620,BGS,1.23459683,0.4500,false
V4T000676,354.786256,-37.156499,LRG,0.41089465,1.0000,false
V4T000677,23.653011,-43.667942,BGS,1.09141435,0.4500,false
V4T000678,356.364759,-23.727906,ELG,1.16029592,1.0000,false
V4T000679,4.910231,-28.908220,QSO,0.22751842,1.7000,false
V4T000680,341.303276,-21.314057,BGS,1.33447095,0.4500,false
V4T000681,346.785316,-20.027528,ELG,0.38815471,1.0000,false
V4T000682,352.676947,-28.692747,ELG,0.88380915,1.0000,false
V4T000683,351.504833,-39.042599,ELG,0.95464163,1.0000,false
V4T000684,41.997223,-57.606193,ELG,0.37591543,1.0000,false
V4T000685,339.828506,-23.067591,ELG,0.76679918,1.0000,false
V4T000686,340.320363,-23.462939,ELG,0.84663048,1.0000,false
V4T000687,30.403502,-56.882666,QSO,0.28564677,1.7000,false
V4T000688,358.490557,-18.193498,BGS,1.74432015,0.4500,false
V4T000689,356.051425,-23.894690,QSO,0.07711609,1.7000,false
V4T000690,359.024439,-18.639514,LRG,0.33880908,1.0000,false
V4T000691,1.848026,-35.090761,ELG,0.40776691,1.0000,false
V4T000692,339.597564,-23.398200,Star,3.73748231,0.3000,false
V4T000693,3.849970,-21.346985,QSO,0.29939489,1.7000,false
V4T000694,27.940724,-46.728167,ELG,0.40858246,1.0000,false
V4T000695,345.517279,-24.171259,LRG,0.34876518,1.0000,false
V4T000696,5.404436,-32.210781,Star,2.27505737,0.3000,false
V4T000697,356.121800,-25.720182,ELG,0.44054697,1.0000,false
V4T000698,342.841729,-23.179737,QSO,0.30277151,1.7000,false
V4T000699,339.930710,-22.686713,ELG,0.89783902,1.0000,false
V4T000700,2.545858,-20.205374,ELG,0.31404304,1.0000,false
V4T000701,30.578577,-43.267695,BGS,1.29329142,0.4500,false
V4T000702,29.430963,-39.694348,QSO,0.17829242,1.7000,false
V4T000703,337.290819,-20.676652,ELG,0.33438922,1.0000,false
V4T000704,345.561098,-29.692186,ELG,0.50756954,1.0000,false
V4T000705,338.130406,-22.062731,BGS,1.09552193,0.4500,false
V4T000706,340.043227,-22.646885,QSO,0.19349047,1.7000,false
V4T000707,28.228780,-43.542729,ELG,0.51271237,1.0000,false
V4T000708,24.265355,-54.409085,ELG,0.68651832,1.0000,false
V4T000709,37.271876,-55.892496,ELG,0.96935519,1.0000,false
V4T000710,351.648383,-39.505976,LRG,0.38276328,1.0000,false
V4T000711,23.435009,-50.573797,ELG,0.62638809,1.0000,false
V4T000712,5.295094,-22.525431,Star,4.03054168,0.3000,false
V4T000713,357.297956,-22.913927,LRG,0.22621685,1.0000,false
V4T000714,354.512770,-20.419685,LRG,0.47949979,1.0000,false
V4T000715,50.432994,-54.174245,BGS,1.14576708,0.4500,false
V4T000716,28.169052,-42.714360,ELG,0.70861440,1.0000,true
V4T000717,25.933491,-48.990233,ELG,0.60064639,1.0000,false
V4T000718,40.466026,-53.124602,ELG,0.53708688,1.0000,false
V4T000719,356.754189,-29.717818,Star,4.20587544,0.3000,true
V4T000720,39.370056,-51.798723,ELG,0.32034532,1.0000,true
V4T000721,3.087359,-35.530274,BGS,1.89526654,0.4500,false
V4T000722,23.543597,-50.586331,LRG,0.25434117,1.0000,false
V4T000723,352.264755,-19.388728,ELG,0.55597658,1.0000,false
V4T000724,351.714687,-33.772307,QSO,0.13937304,1.7000,false
V4T000725,341.140519,-17.312037,BGS,1.03134979,0.4500,false
V4T000726,343.730023,-25.945702,ELG,0.64572525,1.0000,false
V4T000727,19.019059,-54.599201,LRG,0.47666784,1.0000,false
V4T000728,357.342150,-26.593698,ELG,0.81284011,1.0000,false
V4T000729,42.857939,-38.916230,ELG,0.59656742,1.0000,false
V4T000730,25.436296,-54.997061,ELG,0.76480602,1.0000,false
V4T000731,339.309153,-27.737233,QSO,0.13941085,1.7000,false
V4T000732,358.590950,-22.224993,LRG,0.68319261,1.0000,false
V4T000733,24.199421,-46.570791,ELG,0.54026526,1.0000,false
V4T000734,34.257367,-55.402044,LRG,0.39750039,1.0000,false
V4T000735,356.323837,-35.866703,ELG,0.51795128,1.0000,false
V4T000736,31.473502,-52.045326,LRG,0.35338738,1.0000,false
V4T000737,45.252811,-48.814291,BGS,1.34943297,0.4500,false
V4T000738,348.737349,-29.460883,BGS,0.68086832,0.4500,false
V4T000739,15.481589,-47.395677,QSO,0.12732416,1.7000,false
V4T000740,1.317394,-34.522626,LRG,0.23029389,1.0000,false
V4T000741,346.084987,-33.861492,QSO,0.23380320,1.7000,false
V4T000742,45.316166,-50.604948,LRG,0.47236368,1.0000,false
V4T000743,22.557142,-42.908887,LRG,0.31997875,1.0000,false
V4T000744,23.877002,-51.358760,BGS,1.36816170,0.4500,false
V4T000745,30.293925,-51.439604,QSO,0.18319322,1.7000,false
V4T000746,26.772823,-50.938982,BGS,1.04065793,0.4500,true
V4T000747,19.165873,-48.720094,ELG,0.59516647,1.0000,false
V4T000748,344.077176,-36.495619,BGS,0.87523440,0.4500,false
V4T000749,46.270850,-49.376880,ELG,0.70190006,1.0000,false
V4T000750,1.896104,-24.323481,BGS,2.15944052,0.4500,false
V4T000751,341.998770,-36.111679,ELG,0.61861144,1.0000,false
V4T000752,359.346618,-17.841886,ELG,1.33008430,1.0000,false
V4T000753,48.928313,-48.350216,BGS,0.93325532,0.4500,false
V4T000754,338.522352,-30.752534,LRG,0.34927189,1.0000,false
V4T000755,341.867132,-36.592353,ELG,0.78627118,1.0000,false
V4T000756,352.045899,-39.277053,BGS,1.81343554,0.4500,false
V4T000757,3.216459,-23.138632,ELG,1.36398375,1.0000,true
V4T000758,337.695896,-21.408797,Star,4.30456000,0.3000,false
V4T000759,32.414599,-56.429469,LRG,0.27220627,1.0000,false
V4T000760,340.991081,-22.975189,Star,3.04098090,0.3000,false
V4T000761,30.393257,-60.872457,ELG,0.50482326,1.0000,true
V4T000762,5.702306,-31.304142,ELG,0.67693783,1.0000,false
V4T000763,357.170659,-30.318850,Star,3.84931983,0.3000,true
V4T000764,1.129544,-25.981650,ELG,0.50792234,1.0000,false
V4T000765,359.218722,-16.875364,ELG,0.56084638,1.0000,false
V4T000766,3.218402,-21.117138,Star,5.78587123,0.3000,false
V4T000767,337.086261,-22.253064,LRG,0.53350887,1.0000,false
V4T000768,5.949287,-31.589210,BGS,1.56497822,0.4500,false
V4T000769,337.322157,-20.588861,ELG,0.37302703,1.0000,false
V4T000770,343.777399,-23.176512,BGS,1.29505177,0.4500,false
V4T000771,357.032851,-21.840639,Star,6.72254259,0.3000,false
V4T000772,35.843804,-43.300956,ELG,0.32164074,1.0000,false
V4T000773,36.017256,-46.523195,Star,4.19689251,0.3000,false
V4T000774,32.156074,-44.503403,ELG,0.68356815,1.0000,false
V4T000775,345.780914,-30.382898,BGS,1.29555501,0.4500,false
V4T000776,339.317115,-30.256478,ELG,0.73418355,1.0000,false
V4T000777,352.952672,-20.355035,ELG,0.59063418,1.0000,false
V4T000778,35.826872,-54.810445,LRG,0.37673283,1.0000,false
V4T000779,350.550668,-32.365156,BGS,2.01107533,0.4500,false
V4T000780,39.484223,-41.719423,LRG,0.47628998,1.0000,true
V4T000781,337.993469,-21.433553,ELG,0.55499482,1.0000,false
V4T000782,21.832021,-52.211263,ELG,0.83206532,1.0000,false
V4T000783,44.651934,-48.957122,ELG,0.29628351,1.0000,false
V4T000784,342.390801,-36.338588,QSO,0.10279397,1.7000,true
V4T000785,346.631106,-35.091499,LRG,0.67456753,1.0000,false
V4T000786,352.213741,-38.550441,ELG,0.62149179,1.0000,false
V4T000787,41.906575,-43.425966,ELG,0.48952568,1.0000,false
V4T000788,44.933194,-42.387373,Star,3.08480823,0.3000,false
V4T000789,339.894337,-22.920699,ELG,0.27103569,1.0000,false
V4T000790,21.311441,-50.702588,BGS,1.55840877,0.4500,false
V4T000791,38.401600,-36.475979,ELG,0.26865315,1.0000,false
V4T000792,337.786887,-38.233886,LRG,0.41488966,1.0000,false
V4T000793,40.071885,-42.812733,ELG,0.26311456,1.0000,false
V4T000794,40.073362,-40.611051,ELG,0.93625383,1.0000,false
V4T000795,0.952606,-25.886031,ELG,0.57082694,1.0000,true
V4T000796,1.269797,-28.803402,ELG,0.59599387,1.0000,false
V4T000797,346.933138,-30.023629,BGS,0.81594526,0.4500,false
V4T000798,338.700104,-22.145597,LRG,0.29980313,1.0000,false
V4T000799,30.177753,-43.341547,QSO,0.17885020,1.7000,false
V4T000800,337.769301,-21.582760,LRG,0.21024518,1.0000,false
V4T000801,44.821271,-56.923316,ELG,0.92542512,1.0000,false
V4T000802,49.180000,-55.635774,Star,2.70315423,0.3000,false
V4T000803,356.314531,-18.610040,LRG,0.26992750,1.0000,false
V4T000804,351.510168,-39.257590,LRG,0.58482263,1.0000,false
V4T000805,17.632000,-47.494858,Star,2.79686715,0.3000,false
V4T000806,339.464424,-30.619197,BGS,0.91541710,0.4500,false
V4T000807,4.493449,-30.916655,ELG,0.42496121,1.0000,false
V4T000808,30.222908,-55.936173,ELG,0.42002418,1.0000,false
V4T000809,24.852842,-45.728035,LRG,0.37747012,1.0000,true
V4T000810,359.524946,-24.013612,Star,5.40719867,0.3000,false
V4T000811,35.306713,-55.267982,QSO,0.46989738,1.7000,false
V4T000812,5.877642,-31.488765,ELG,0.55845576,1.0000,false
V4T000813,21.269220,-43.478617,LRG,0.31145557,1.0000,false
V4T000814,346.494962,-19.419293,ELG,1.00350558,1.0000,false
V4T000815,47.633631,-42.448499,ELG,0.63982277,1.0000,false
V4T000816,20.550590,-58.480799,BGS,0.80548015,0.4500,false
V4T000817,344.618723,-28.923879,ELG,0.30055539,1.0000,false
V4T000818,45.702298,-51.659446,BGS,1.64478895,0.4500,false
V4T000819,345.675466,-27.180675,LRG,0.18000307,1.0000,false
V4T000820,26.779222,-38.813398,BGS,1.48424657,0.4500,false
V4T000821,355.528562,-38.079183,QSO,0.23952660,1.7000,false
V4T000822,353.662262,-34.294037,QSO,0.34405325,1.7000,false
V4T000823,50.103382,-47.183565,BGS,1.19535217,0.4500,false
V4T000824,339.992744,-30.452159,ELG,0.72272155,1.0000,false
V4T000825,340.234969,-39.615692,ELG,0.73652816,1.0000,false
V4T000826,45.226261,-42.349466,ELG,0.45867006,1.0000,false
V4T000827,340.787914,-24.056842,QSO,0.12321366,1.7000,false
V4T000828,352.292201,-22.839314,LRG,0.32899553,1.0000,false
V4T000829,23.458832,-51.071205,QSO,0.19303668,1.7000,false
V4T000830,350.874395,-14.814865,ELG,0.39523837,1.0000,false
V4T000831,349.116824,-29.691199,ELG,0.37813994,1.0000,false
V4T000832,31.082284,-47.063243,BGS,1.09331767,0.4500,false
V4T000833,352.316502,-38.977017,QSO,0.15903130,1.7000,false
V4T000834,352.088745,-19.592691,BGS,1.84481138,0.4500,false
V4T000835,2.622798,-34.220703,ELG,0.71957778,1.0000,false
V4T000836,0.615615,-31.874448,ELG,0.29444526,1.0000,false
V4T000837,336.863155,-35.814258,BGS,1.60967814,0.4500,false
V4T000838,336.147727,-22.932007,Star,3.68200047,0.3000,false
V4T000839,348.137890,-35.049023,LRG,0.24685931,1.0000,false
V4T000840,46.673135,-45.027477,ELG,1.14696547,1.0000,false
V4T000841,34.193994,-39.631406,LRG,0.23012066,1.0000,false
V4T000842,353.467606,-20.100517,ELG,0.57212742,1.0000,false
V4T000843,352.924447,-35.971127,ELG,0.67844767,1.0000,false
V4T000844,30.016150,-43.416697,ELG,0.50559250,1.0000,false
V4T000845,38.292306,-36.481902,BGS,1.24264062,0.4500,false
V4T000846,5.214386,-25.852743,ELG,0.41943419,1.0000,false
V4T000847,342.175765,-17.685686,ELG,0.41069501,1.0000,false
V4T000848,340.449019,-24.346345,QSO,0.25920928,1.7000,false
V4T000849,22.869435,-52.038989,ELG,0.24542457,1.0000,false
V4T000850,345.779345,-30.206128,LRG,0.26521872,1.0000,false
V4T000851,336.371256,-33.284540,ELG,0.53907492,1.0000,false
V4T000852,25.099852,-40.743252,LRG,0.46147616,1.0000,false
V4T000853,5.425804,-26.017585,QSO,0.05362471,1.7000,false
V4T000854,35.850908,-42.824058,BGS,0.89077223,0.4500,false
V4T000855,342.497873,-35.599448,QSO,0.10315156,1.7000,false
V4T000856,346.626716,-30.918410,BGS,1.32303539,0.4500,false
V4T000857,2.601276,-35.736154,BGS,2.24331762,0.4500,false
V4T000858,339.114266,-30.000735,LRG,0.56133250,1.0000,false
V4T000859,338.872245,-29.179441,LRG,0.39062433,1.0000,false
V4T000860,340.183634,-29.695686,ELG,0.38364640,1.0000,false
V4T000861,357.651188,-36.096630,BGS,0.72180692,0.4500,false
V4T000862,359.756153,-20.864194,Star,4.85396868,0.3000,false
V4T000863,35.276947,-55.043885,BGS,1.36216780,0.4500,false
V4T000864,358.953810,-18.557769,QSO,0.11407258,1.7000,false
V4T000865,23.326216,-51.349140,ELG,0.99735329,1.0000,false
V4T000866,32.107878,-36.155922,ELG,0.34525116,1.0000,false
V4T000867,19.715682,-51.201607,LRG,0.58035765,1.0000,false
V4T000868,340.301380,-34.374497,BGS,1.14166071,0.4500,true
V4T000869,351.924441,-38.533868,LRG,0.44168263,1.0000,false
V4T000870,356.392628,-22.930352,BGS,1.06790845,0.4500,false
V4T000871,42.587672,-51.836206,LRG,0.37335790,1.0000,false
V4T000872,49.604183,-45.476355,BGS,1.21298795,0.4500,false
V4T000873,338.250569,-37.103660,QSO,0.41541084,1.7000,true
V4T000874,49.475398,-50.995243,Star,3.98608629,0.3000,false
V4T000875,30.619730,-42.555040,ELG,0.57381792,1.0000,false
V4T000876,23.867601,-39.689697,LRG,0.20908880,1.0000,false
V4T000877,339.779274,-22.841285,LRG,0.35349887,1.0000,true
V4T000878,356.139174,-16.688230,ELG,1.08222306,1.0000,false
V4T000879,355.716927,-16.202914,BGS,1.11630804,0.4500,false
V4T000880,46.364456,-54.408073,BGS,1.09936303,0.4500,false
V4T000881,3.139575,-32.851970,QSO,0.27692080,1.7000,false
V4T000882,44.234856,-45.173337,Star,3.82621033,0.3000,false
V4T000883,36.744646,-55.414688,BGS,0.89774894,0.4500,true
V4T000884,21.384948,-48.403418,Star,3.57253823,0.3000,false
V4T000885,36.676671,-46.316876,ELG,0.50126798,1.0000,false
V4T000886,342.067704,-29.166873,BGS,1.26681971,0.4500,false
V4T000887,337.850397,-20.809701,ELG,0.27273348,1.0000,false
V4T000888,343.338526,-35.989462,BGS,1.01958257,0.4500,false
V4T000889,1.351962,-27.899762,ELG,0.79179907,1.0000,false
V4T000890,39.757587,-39.630967,ELG,0.24464527,1.0000,true
V4T000891,2.195977,-21.895523,QSO,0.26281529,1.7000,false
V4T000892,23.412605,-51.362837,ELG,0.59778989,1.0000,false
V4T000893,42.571748,-50.701227,QSO,0.07341298,1.7000,false
V4T000894,348.788507,-14.930211,ELG,0.52308968,1.0000,false
V4T000895,2.870956,-21.295210,QSO,0.18430771,1.7000,false
V4T000896,339.718563,-29.750893,BGS,0.79979382,0.4500,false
V4T000897,36.454304,-55.018167,ELG,0.93873110,1.0000,false
V4T000898,338.962404,-22.288086,LRG,0.67254155,1.0000,false
V4T000899,343.566120,-36.417745,QSO,0.29754362,1.7000,false
V4T000900,16.663590,-51.828107,ELG,0.69201215,1.0000,false
V4T000901,350.390323,-40.196846,ELG,0.24487105,1.0000,false
V4T000902,345.303125,-39.679697,Star,6.03935884,0.3000,false
V4T000903,357.175711,-24.346555,ELG,1.18135519,1.0000,false
V4T000904,28.471272,-48.444756,QSO,0.23091743,1.7000,false
V4T000905,342.244595,-36.965024,Star,4.14016853,0.3000,false
V4T000906,348.648596,-31.240827,ELG,0.86399895,1.0000,false
V4T000907,359.052062,-25.798825,QSO,0.10598213,1.7000,false
V4T000908,346.023691,-36.260163,LRG,0.29678758,1.0000,false
V4T000909,31.970810,-55.790936,ELG,1.40100454,1.0000,false
V4T000910,345.217744,-30.106482,LRG,0.33467395,1.0000,false
V4T000911,357.963504,-28.455946,BGS,2.57155019,0.4500,false
V4T000912,1.928516,-20.727943,ELG,0.45065049,1.0000,false
V4T000913,24.669387,-51.775580,QSO,0.18026374,1.7000,false
V4T000914,19.786466,-43.433323,BGS,1.23333242,0.4500,false
V4T000915,348.302197,-15.773745,BGS,2.08616752,0.4500,false
V4T000916,3.306185,-22.518160,BGS,1.18099335,0.4500,false
V4T000917,352.022956,-19.470839,LRG,0.31174710,1.0000,false
V4T000918,30.745334,-56.965596,ELG,0.29008925,1.0000,false
V4T000919,342.296179,-24.215053,ELG,0.45883797,1.0000,false
V4T000920,21.038652,-40.076587,Star,6.09635069,0.3000,false
V4T000921,337.532829,-30.384894,LRG,0.45760764,1.0000,false
V4T000922,352.477396,-19.763785,BGS,1.03192629,0.4500,false
V4T000923,5.008601,-24.612513,BGS,1.12349316,0.4500,false
V4T000924,339.953500,-30.566745,BGS,1.61041774,0.4500,false
V4T000925,350.220842,-15.576157,LRG,0.24326904,1.0000,false
V4T000926,39.947430,-46.026077,QSO,0.30448987,1.7000,false
V4T000927,355.661694,-23.639410,ELG,0.32241532,1.0000,false
V4T000928,42.865709,-57.458540,ELG,0.89852389,1.0000,false
V4T000929,351.524991,-39.204921,ELG,0.79984772,1.0000,false
V4T000930,340.719903,-23.714173,LRG,0.38228826,1.0000,false
V4T000931,358.301187,-38.945640,QSO,0.11318982,1.7000,true
V4T000932,355.652867,-24.080802,ELG,0.37283913,1.0000,false
V4T000933,32.667015,-58.471034,BGS,1.59236814,0.4500,false
V4T000934,359.763635,-30.471234,LRG,0.64232537,1.0000,false
V4T000935,340.328299,-23.753703,BGS,1.46436296,0.4500,false
V4T000936,1.068646,-35.847691,LRG,0.38350756,1.0000,false
V4T000937,333.681371,-29.425521,ELG,0.79644075,1.0000,false
V4T000938,28.403486,-57.347467,ELG,1.10392211,1.0000,false
V4T000939,2.607252,-25.137509,ELG,0.60138606,1.0000,false
V4T000940,339.033748,-25.658146,LRG,0.33075410,1.0000,false
V4T000941,0.184444,-33.364534,Star,4.08125316,0.3000,false
V4T000942,348.269984,-23.880462,BGS,0.79299701,0.4500,false
V4T000943,356.378180,-23.776822,LRG,0.35452724,1.0000,false
V4T000944,35.059203,-52.733874,ELG,0.27200192,1.0000,false
V4T000945,23.772866,-51.315730,BGS,1.09790588,0.4500,false
V4T000946,350.422862,-32.635887,QSO,0.08650729,1.7000,false
V4T000947,339.145561,-30.651230,ELG,0.24854890,1.0000,false
V4T000948,353.119323,-20.062479,QSO,0.13485301,1.7000,false
V4T000949,358.589638,-20.147981,ELG,0.84857938,1.0000,false
V4T000950,358.815756,-19.396078,BGS,0.87991122,0.4500,false
V4T000951,2.473172,-22.388753,LRG,0.28719792,1.0000,false
V4T000952,340.701800,-23.602517,BGS,1.55956916,0.4500,false
V4T000953,339.757191,-30.081599,BGS,1.19511842,0.4500,false
V4T000954,351.030677,-16.341507,QSO,0.25380920,1.7000,false
V4T000955,358.026673,-37.136532,BGS,1.17486893,0.4500,false
V4T000956,341.440995,-18.612649,ELG,0.69167970,1.0000,false
V4T000957,349.177942,-37.524108,ELG,0.62310200,1.0000,false
V4T000958,30.436585,-38.918371,BGS,1.21843202,0.4500,true
V4T000959,39.610685,-36.742140,BGS,1.43946369,0.4500,false
V4T000960,346.001010,-30.767491,ELG,0.51346419,1.0000,true
V4T000961,338.325966,-30.166303,Star,4.64861192,0.3000,false
V4T000962,339.677621,-29.598819,QSO,0.18144172,1.7000,false
V4T000963,2.088854,-35.673295,ELG,0.60958722,1.0000,false
V4T000964,36.812298,-55.533663,LRG,0.21936211,1.0000,true
V4T000965,345.217488,-29.714905,LRG,0.68349496,1.0000,false
V4T000966,356.626440,-23.550987,ELG,0.29886944,1.0000,false
V4T000967,26.264996,-37.169350,BGS,0.79575657,0.4500,false
V4T000968,341.272292,-24.536887,BGS,0.96867095,0.4500,false
V4T000969,38.113251,-48.804533,LRG,0.28654462,1.0000,false
V4T000970,356.018942,-15.708136,ELG,0.37757951,1.0000,false
V4T000971,2.709555,-21.067819,ELG,0.60120584,1.0000,false
V4T000972,1.746882,-34.354085,QSO,0.10659305,1.7000,false
V4T000973,340.207210,-21.659694,LRG,0.24512495,1.0000,false
V4T000974,343.315298,-31.334023,ELG,0.72163107,1.0000,false
V4T000975,49.611235,-50.133340,BGS,0.86515147,0.4500,false
V4T000976,346.949104,-28.447312,QSO,0.13316877,1.7000,false
V4T000977,6.224780,-24.158737,ELG,0.69004511,1.0000,false
V4T000978,339.487872,-23.781260,LRG,0.79972926,1.0000,false
V4T000979,35.750157,-36.206178,ELG,0.44623780,1.0000,false
V4T000980,340.456137,-35.738628,QSO,0.11704815,1.7000,false
V4T000981,349.066943,-35.719864,Star,3.85306750,0.3000,false
V4T000982,335.203383,-33.009238,ELG,0.77743361,1.0000,false
V4T000983,348.508425,-30.888292,LRG,0.46157057,1.0000,false
V4T000984,352.227458,-38.076693,ELG,0.95966289,1.0000,false
V4T000985,28.471432,-36.332118,ELG,0.43623906,1.0000,false
V4T000986,340.045087,-23.625243,LRG,0.34768156,1.0000,false
V4T000987,342.752038,-34.904128,QSO,0.12923611,1.7000,false
V4T000988,341.376422,-20.870709,ELG,0.67319576,1.0000,false
V4T000989,353.029722,-40.873392,LRG,0.47989312,1.0000,false
V4T000990,359.813195,-20.167420,QSO,0.08721238,1.7000,true
V4T000991,19.117835,-44.233459,BGS,1.21144741,0.4500,false
V4T000992,356.161525,-23.350565,BGS,1.40300968,0.4500,false
V4T000993,352.694930,-17.604443,BGS,0.99947309,0.4500,false
V4T000994,19.347129,-48.358680,LRG,0.26332647,1.0000,false
V4T000995,1.405299,-30.517795,LRG,0.34189975,1.0000,false
V4T000996,343.560523,-20.372448,LRG,0.26503784,1.0000,false
V4T000997,35.816430,-40.727783,ELG,0.34796495,1.0000,false
V4T000998,26.938487,-46.246390,ELG,0.61207168,1.0000,false
V4T000999,351.567778,-38.406779,QSO,0.08455558,1.7000,false
V4T001000,29.503623,-53.757216,ELG,0.36402402,1.0000,false
V4T001001,350.372422,-36.679708,ELG,0.71307661,1.0000,false
V4T001002,348.566559,-27.964111,ELG,0.42173512,1.0000,true
V4T001003,2.433203,-19.189633,BGS,0.97845371,0.4500,false
V4T001004,341.380522,-35.811949,LRG,0.45461174,1.0000,false
V4T001005,34.794778,-55.412538,LRG,0.33992065,1.0000,false
V4T001006,346.335324,-17.416563,LRG,0.20975513,1.0000,false
V4T001007,29.599355,-48.456036,LRG,0.44207131,1.0000,false
V4T001008,46.968281,-46.057527,BGS,1.62737378,0.4500,false
V4T001009,345.544289,-25.884604,BGS,1.22176423,0.4500,false
V4T001010,357.668261,-24.329515,Star,5.97848915,0.3000,false
V4T001011,21.573887,-39.416884,BGS,1.51357157,0.4500,false
V4T001012,21.775461,-59.459297,ELG,0.61749775,1.0000,false
V4T001013,357.198925,-22.801090,LRG,0.77005514,1.0000,false
V4T001014,2.646261,-22.194803,BGS,1.17446490,0.4500,false
V4T001015,355.994208,-26.443765,BGS,1.84392536,0.4500,false
V4T001016,43.600639,-49.058987,LRG,0.36436573,1.0000,false
V4T001017,348.221197,-16.765742,LRG,0.18285031,1.0000,false
V4T001018,339.797172,-24.157445,ELG,0.92876020,1.0000,false
V4T001019,352.253760,-19.746366,ELG,0.60808189,1.0000,false
V4T001020,18.727528,-56.476327,LRG,0.42701899,1.0000,false
V4T001021,337.651188,-22.261391,ELG,0.42915884,1.0000,false
V4T001022,358.593817,-27.804633,LRG,0.30016715,1.0000,false
V4T001023,45.604307,-39.897343,BGS,1.66860107,0.4500,false
V4T001024,345.695073,-29.896787,QSO,0.18171878,1.7000,false
V4T001025,2.900356,-20.972976,Star,3.28326588,0.3000,false
V4T001026,3.237124,-25.448244,LRG,0.50191540,1.0000,false
V4T001027,339.481820,-18.274487,LRG,0.35430327,1.0000,false
V4T001028,36.889309,-55.078506,LRG,0.31004469,1.0000,false
V4T001029,351.136827,-33.285016,QSO,0.13484015,1.7000,false
V4T001030,44.638224,-39.181609,LRG,0.41602698,1.0000,false
V4T001031,31.967397,-44.839186,Star,4.70308809,0.3000,false
V4T001032,2.061488,-21.734911,BGS,1.49175915,0.4500,false
V4T001033,44.180206,-58.556034,ELG,0.42150527,1.0000,false
V4T001034,17.220753,-45.202303,LRG,0.33689526,1.0000,false
V4T001035,2.353972,-22.029237,ELG,0.20687292,1.0000,false
V4T001036,339.972356,-27.638503,LRG,0.41706103,1.0000,false
V4T001037,339.719157,-23.169698,BGS,2.26574656,0.4500,false
V4T001038,337.894933,-31.715849,ELG,0.71705063,1.0000,false
V4T001039,35.322502,-45.004509,BGS,1.20476683,0.4500,true
V4T001040,342.795454,-17.992765,LRG,0.23150911,1.0000,false
V4T001041,336.237127,-30.308185,BGS,2.35883877,0.4500,false
V4T001042,339.672537,-29.866502,Star,5.72702731,0.3000,false
V4T001043,358.801892,-37.757691,BGS,1.44626507,0.4500,false
V4T001044,41.552890,-50.795217,BGS,1.58472082,0.4500,false
V4T001045,344.814368,-28.812081,LRG,0.63887187,1.0000,false
V4T001046,358.178989,-19.187010,BGS,0.83050383,0.4500,false
V4T001047,39.099413,-52.640668,QSO,0.18044512,1.7000,false
V4T001048,340.629995,-23.452758,ELG,0.24127281,1.0000,false
V4T001049,339.208682,-27.353237,QSO,0.26911009,1.7000,false
V4T001050,31.553041,-43.192606,BGS,1.13828943,0.4500,false
V4T001051,340.398037,-23.246360,LRG,0.39924078,1.0000,false
V4T001052,351.346716,-39.732473,BGS,1.14547070,0.4500,false
V4T001053,340.772909,-23.291415,ELG,0.41977094,1.0000,false
V4T001054,46.131676,-54.461451,ELG,0.51763290,1.0000,false
V4T001055,349.436027,-18.843763,Star,3.26826857,0.3000,false
V4T001056,342.547914,-37.621493,ELG,0.55645413,1.0000,false
V4T001057,17.720536,-54.885583,ELG,0.26150615,1.0000,false
V4T001058,351.269499,-36.730934,BGS,1.17820828,0.4500,false
V4T001059,356.093652,-15.849044,ELG,0.57425124,1.0000,false
V4T001060,2.770087,-21.585387,LRG,0.39425280,1.0000,false
V4T001061,36.319823,-55.504197,ELG,0.75177022,1.0000,false
V4T001062,342.155281,-17.078896,Star,4.33604055,0.3000,false
V4T001063,336.227691,-32.481883,ELG,0.29237749,1.0000,false
V4T001064,351.133159,-39.794198,LRG,0.44702061,1.0000,true
V4T001065,339.701056,-29.752862,QSO,0.41564706,1.7000,false
V4T001066,340.175823,-32.663334,QSO,0.37520450,1.7000,false
V4T001067,356.392564,-23.746984,LRG,0.27830537,1.0000,false
V4T001068,40.680378,-57.187723,BGS,1.47448083,0.4500,false
V4T001069,353.847539,-15.668525,ELG,0.17629034,1.0000,false
V4T001070,23.855993,-43.937461,LRG,0.25977095,1.0000,false
V4T001071,359.935813,-27.092453,LRG,0.36785372,1.0000,false
V4T001072,354.522029,-38.867868,QSO,0.28100873,1.7000,false
V4T001073,23.339383,-59.752156,ELG,0.79828610,1.0000,false
V4T001074,337.355608,-37.802336,LRG,0.52488230,1.0000,false
V4T001075,39.674094,-49.460062,ELG,1.27752172,1.0000,false
V4T001076,42.507259,-38.096704,ELG,0.76523825,1.0000,false
V4T001077,337.970574,-21.910657,LRG,0.70144717,1.0000,false
V4T001078,23.492892,-54.498413,BGS,0.94551388,0.4500,false
V4T001079,354.475529,-16.402352,LRG,0.61111475,1.0000,false
V4T001080,37.276532,-48.429240,Star,3.98258833,0.3000,false
V4T001081,3.186763,-21.836925,QSO,0.30062262,1.7000,false
V4T001082,22.125387,-41.332629,ELG,0.56762802,1.0000,false
V4T001083,27.141003,-43.631847,LRG,0.48049639,1.0000,false
V4T001084,348.124173,-33.995245,LRG,0.29628102,1.0000,false
V4T001085,21.149504,-56.727048,ELG,0.82075022,1.0000,false
V4T001086,352.748076,-20.273551,ELG,1.06512467,1.0000,false
V4T001087,351.997849,-38.360826,QSO,0.21493499,1.7000,false
V4T001088,2.200757,-19.526979,ELG,0.75372163,1.0000,false
V4T001089,349.151016,-31.935597,QSO,0.07772313,1.7000,false
V4T001090,347.270234,-30.525693,Star,3.88665335,0.3000,false
V4T001091,17.624666,-55.791550,ELG,0.32921389,1.0000,false
V4T001092,25.563085,-40.860643,BGS,0.77340401,0.4500,false
V4T001093,353.760518,-18.544585,ELG,0.37337330,1.0000,false
V4T001094,349.518289,-27.639686,ELG,0.81621913,1.0000,false
V4T001095,335.861163,-32.533837,QSO,0.18733808,1.7000,false
V4T001096,357.149981,-19.327639,BGS,0.82145143,0.4500,false
V4T001097,44.742275,-46.997161,ELG,0.43949805,1.0000,false
V4T001098,340.149216,-23.887243,Star,5.76606391,0.3000,true
V4T001099,355.628189,-23.140288,BGS,1.63787443,0.4500,false
V4T001100,33.662404,-60.003730,BGS,1.26945519,0.4500,false
V4T001101,31.168959,-36.761153,ELG,0.22512104,1.0000,false
V4T001102,358.591775,-18.363817,ELG,0.87422356,1.0000,false
V4T001103,21.096261,-54.024853,BGS,1.12930070,0.4500,false
V4T001104,20.481147,-49.473903,LRG,0.54102754,1.0000,false
V4T001105,29.069072,-44.167855,QSO,0.16475381,1.7000,false
V4T001106,352.334541,-18.829630,ELG,0.34463747,1.0000,false
V4T001107,43.441953,-51.499024,ELG,0.48562929,1.0000,false
V4T001108,338.201762,-35.243514,Star,3.72083840,0.3000,false
V4T001109,21.216485,-52.279731,QSO,0.10477436,1.7000,true
V4T001110,35.401239,-54.977006,ELG,0.47561117,1.0000,false
V4T001111,358.687552,-18.403244,ELG,0.77318273,1.0000,false
V4T001112,0.204656,-33.825271,LRG,0.56476941,1.0000,false
V4T001113,354.611728,-23.868539,QSO,0.13443310,1.7000,false
V4T001114,23.274377,-51.655156,ELG,0.37944601,1.0000,false
V4T001115,339.056460,-29.994659,ELG,1.23197549,1.0000,false
V4T001116,348.889892,-21.463993,QSO,0.09141614,1.7000,false
V4T001117,4.205329,-30.676888,LRG,0.49220375,1.0000,false
V4T001118,343.125454,-22.133888,ELG,0.29392560,1.0000,false
V4T001119,357.692206,-33.411956,ELG,0.48141988,1.0000,false
V4T001120,40.059973,-42.089578,ELG,0.24665742,1.0000,false
V4T001121,38.000474,-36.815351,LRG,0.41925937,1.0000,false
V4T001122,352.704314,-28.830328,Star,4.26955817,0.3000,false
V4T001123,5.677369,-25.901717,LRG,0.41395065,1.0000,false
V4T001124,358.669612,-25.276350,BGS,1.68674689,0.4500,false
V4T001125,37.407429,-56.994747,LRG,0.24713915,1.0000,false
V4T001126,350.460709,-17.064079,ELG,0.52139088,1.0000,false
V4T001127,343.703114,-35.771502,LRG,0.21581527,1.0000,true
V4T001128,350.847489,-17.796739,QSO,0.14575917,1.7000,true
V4T001129,20.378281,-46.074358,QSO,0.09551070,1.7000,false
V4T001130,23.852444,-51.328914,BGS,0.92160988,0.4500,false
V4T001131,44.787760,-42.999337,ELG,0.56924314,1.0000,false
V4T001132,355.491382,-24.191305,ELG,0.70113051,1.0000,false
V4T001133,346.071822,-21.671323,Star,3.67690459,0.3000,false
V4T001134,47.886294,-47.652637,ELG,0.59698657,1.0000,false
V4T001135,3.136509,-21.390945,ELG,0.92378693,1.0000,false
V4T001136,339.490338,-30.152949,ELG,0.79628110,1.0000,false
V4T001137,41.277436,-59.550257,ELG,0.36981712,1.0000,false
V4T001138,352.731773,-20.833129,LRG,0.31206635,1.0000,false
V4T001139,344.565732,-17.036725,ELG,0.33966930,1.0000,false
V4T001140,352.400103,-20.417305,LRG,0.23593602,1.0000,false
V4T001141,15.587639,-49.629233,BGS,1.08484188,0.4500,false
V4T001142,3.862847,-35.087501,LRG,0.32525458,1.0000,false
V4T001143,354.824315,-24.709224,LRG,0.24406434,1.0000,true
V4T001144,1.323339,-35.332058,LRG,0.29347049,1.0000,false
V4T001145,5.256131,-23.091777,BGS,1.78103416,0.4500,false
V4T001146,352.290203,-20.387906,Star,4.00225214,0.3000,false
V4T001147,358.828555,-18.923822,BGS,1.00986555,0.4500,false
V4T001148,20.226095,-45.932574,ELG,0.89132238,1.0000,false
V4T001149,34.320053,-47.269863,LRG,0.42334977,1.0000,false
V4T001150,35.011350,-55.942688,BGS,1.02650767,0.4500,false
V4T001151,29.991509,-55.056033,BGS,1.17616560,0.4500,false
V4T001152,26.162618,-42.276154,BGS,1.33516774,0.4500,false
V4T001153,30.786482,-49.442089,Star,4.64268774,0.3000,false
V4T001154,353.208759,-20.105654,Star,4.63875366,0.3000,false
V4T001155,345.824483,-22.826909,ELG,0.39460900,1.0000,false
V4T001156,358.856518,-38.250077,Star,4.61070118,0.3000,false
V4T001157,339.556244,-37.799224,QSO,0.22835864,1.7000,false
V4T001158,46.749338,-51.217391,BGS,0.96209825,0.4500,false
V4T001159,358.727205,-19.637482,BGS,1.06394172,0.4500,false
V4T001160,0.755544,-24.553419,QSO,0.21813834,1.7000,false
V4T001161,3.535991,-22.592431,BGS,1.31621660,0.4500,false
V4T001162,356.402058,-23.098245,ELG,0.73927052,1.0000,false
V4T001163,356.206669,-33.590305,ELG,0.66212194,1.0000,false
V4T001164,351.984388,-39.291551,ELG,0.71771006,1.0000,false
V4T001165,338.445931,-30.438362,ELG,0.36335418,1.0000,false
V4T001166,34.314279,-38.662883,QSO,0.10355144,1.7000,false
V4T001167,358.772522,-18.967153,QSO,0.04797426,1.7000,false
V4T001168,5.731551,-30.632757,LRG,0.40859718,1.0000,false
V4T001169,346.074201,-26.751070,ELG,0.27473917,1.0000,false
V4T001170,36.998128,-41.058302,BGS,2.02510722,0.4500,false
V4T001171,27.849991,-46.129775,LRG,0.61476891,1.0000,false
V4T001172,26.521750,-51.210616,LRG,0.50654888,1.0000,false
V4T001173,26.542597,-40.928918,BGS,1.27358468,0.4500,false
V4T001174,340.246225,-17.681742,QSO,0.22871036,1.7000,false
V4T001175,26.354651,-51.014152,QSO,0.20992276,1.7000,false
V4T001176,358.266707,-19.373097,LRG,0.36594112,1.0000,false
V4T001177,30.660449,-42.601786,LRG,0.37626413,1.0000,false
V4T001178,358.919292,-18.887880,QSO,0.11425071,1.7000,false
V4T001179,338.900810,-22.101645,BGS,1.18762981,0.4500,false
V4T001180,42.829608,-49.827184,ELG,0.46266675,1.0000,false
V4T001181,35.919745,-55.539372,ELG,0.72067878,1.0000,false
V4T001182,355.363969,-24.874987,ELG,0.72456602,1.0000,false
V4T001183,339.528660,-30.297029,BGS,1.49428679,0.4500,true
V4T001184,40.480895,-53.103596,QSO,0.15576806,1.7000,false
V4T001185,351.068038,-38.917347,QSO,0.10286952,1.7000,false
V4T001186,27.342309,-47.142776,BGS,1.25807680,0.4500,false
V4T001187,358.766891,-18.294562,BGS,0.98089173,0.4500,false
V4T001188,339.803001,-30.349298,ELG,0.62515809,1.0000,false
V4T001189,344.598909,-33.191797,LRG,0.26114466,1.0000,false
V4T001190,1.013224,-32.092227,BGS,1.12233481,0.4500,false
V4T001191,349.993928,-34.843979,ELG,0.60574850,1.0000,false
V4T001192,339.666502,-38.416809,ELG,0.69653831,1.0000,false
V4T001193,30.649812,-58.147638,LRG,0.55133832,1.0000,false
V4T001194,339.483216,-31.968739,LRG,0.25871677,1.0000,false
V4T001195,22.385872,-54.632515,BGS,1.18353359,0.4500,false
V4T001196,4.927157,-27.860573,ELG,0.29573933,1.0000,false
V4T001197,31.886462,-36.203223,ELG,0.82726569,1.0000,false
V4T001198,353.999838,-25.813557,LRG,0.22591857,1.0000,false
V4T001199,23.244709,-51.679667,Star,3.09419025,0.3000,false
V4T001200,335.553535,-30.935174,BGS,0.97937475,0.4500,false
V4T001201,14.817488,-44.865621,ELG,0.81144093,1.0000,false
V4T001202,1.544053,-31.986907,ELG,0.78678847,1.0000,false
V4T001203,26.791755,-52.722352,LRG,0.22968503,1.0000,false
V4T001204,358.820127,-36.999479,ELG,0.72472797,1.0000,false
V4T001205,35.249160,-60.770780,LRG,0.23096381,1.0000,true
V4T001206,2.846510,-35.108486,BGS,1.23587726,0.4500,false
V4T001207,0.295868,-32.274621,QSO,0.20556379,1.7000,false
V4T001208,343.230645,-36.232575,ELG,1.11781746,1.0000,false
V4T001209,358.625701,-18.758791,ELG,0.74157993,1.0000,false
V4T001210,44.463129,-55.673247,ELG,0.24762594,1.0000,false
V4T001211,340.724760,-23.976356,LRG,0.39238392,1.0000,false
V4T001212,335.872938,-25.825377,BGS,1.26103607,0.4500,false
V4T001213,340.234839,-24.558372,BGS,0.71469328,0.4500,false
V4T001214,358.201182,-36.291156,BGS,0.78359959,0.4500,false
V4T001215,358.652282,-18.910250,LRG,0.33806351,1.0000,false
V4T001216,344.837066,-41.504094,ELG,0.65995528,1.0000,false
V4T001217,342.660825,-37.363055,ELG,0.55631994,1.0000,false
V4T001218,36.466104,-58.889144,ELG,0.80996359,1.0000,false
V4T001219,339.822298,-23.500824,ELG,0.44759719,1.0000,false
V4T001220,349.462191,-39.381271,BGS,1.41997193,0.4500,false
V4T001221,355.505083,-36.010930,ELG,0.75788987,1.0000,false
V4T001222,358.438772,-27.231320,Star,4.96117100,0.3000,false
V4T001223,350.144508,-15.435913,QSO,0.22682077,1.7000,false
V4T001224,351.085231,-39.755650,ELG,0.53603134,1.0000,false
V4T001225,343.564309,-35.973767,QSO,0.57000319,1.7000,false
V4T001226,347.148039,-32.858335,ELG,0.70510241,1.0000,false
V4T001227,351.720259,-39.064289,ELG,0.96597003,1.0000,false
V4T001228,344.554498,-15.908260,LRG,0.35784485,1.0000,false
V4T001229,358.046825,-18.535615,ELG,0.73168572,1.0000,false
V4T001230,42.596376,-38.385302,LRG,0.52267692,1.0000,false
V4T001231,346.072941,-20.152932,ELG,0.58418595,1.0000,false
V4T001232,352.612461,-21.014890,QSO,0.63000330,1.7000,false
V4T001233,351.453995,-41.033666,ELG,0.34778352,1.0000,true
V4T001234,2.384189,-34.962904,LRG,0.24169692,1.0000,false
V4T001235,349.849187,-22.485635,LRG,0.35928685,1.0000,false
V4T001236,352.275328,-34.101679,ELG,0.66031433,1.0000,false
V4T001237,355.421934,-33.451939,QSO,0.06661862,1.7000,false
V4T001238,358.410800,-16.967730,LRG,0.33421727,1.0000,false
V4T001239,346.219287,-30.171806,LRG,0.13070834,1.0000,false
V4T001240,358.544687,-18.646516,ELG,0.61367483,1.0000,false
V4T001241,345.488999,-29.072009,BGS,0.91072099,0.4500,false
V4T001242,35.563600,-55.444853,BGS,1.28322883,0.4500,false
V4T001243,21.796251,-41.134129,BGS,1.55518231,0.4500,false
V4T001244,345.378394,-20.838697,QSO,0.22656050,1.7000,false
V4T001245,350.127394,-33.032553,ELG,0.86400509,1.0000,false
V4T001246,44.434202,-48.736249,Star,8.27341000,0.3000,false
V4T001247,342.399266,-35.390390,BGS,1.95261807,0.4500,false
V4T001248,336.062759,-32.421683,BGS,1.13092838,0.4500,false
V4T001249,356.911671,-24.085837,BGS,2.55285571,0.4500,false
V4T001250,346.771891,-24.629692,QSO,0.29364904,1.7000,false
V4T001251,352.613553,-39.003722,LRG,0.36190919,1.0000,false
V4T001252,344.676283,-26.267984,ELG,0.43993505,1.0000,true
V4T001253,29.318530,-51.911240,BGS,1.69944710,0.4500,false
V4T001254,42.515299,-57.391582,QSO,0.19729900,1.7000,false
V4T001255,339.330079,-23.623697,ELG,0.49762454,1.0000,false
V4T001256,2.983359,-35.696162,QSO,0.22898252,1.7000,false
V4T001257,39.553676,-39.969785,ELG,0.68184398,1.0000,false
V4T001258,33.083024,-58.890733,LRG,0.36643586,1.0000,true
V4T001259,37.256245,-37.470473,BGS,1.12696306,0.4500,true
V4T001260,0.858279,-22.868966,LRG,0.17442031,1.0000,false
V4T001261,44.388871,-43.277809,BGS,0.80703716,0.4500,false
V4T001262,2.209749,-35.362186,LRG,0.67219983,1.0000,false
V4T001263,354.319699,-29.006881,Star,2.92914282,0.3000,false
V4T001264,340.962892,-35.322166,ELG,0.33843568,1.0000,false
V4T001265,346.637501,-32.443927,QSO,0.19802971,1.7000,false
V4T001266,16.023146,-49.816854,LRG,0.19967547,1.0000,false
V4T001267,343.122270,-37.243181,BGS,1.32841840,0.4500,false
V4T001268,29.965678,-50.297368,ELG,0.37384597,1.0000,false
V4T001269,41.120055,-47.416941,Star,7.76280147,0.3000,false
V4T001270,348.589023,-17.161256,BGS,1.22722691,0.4500,false
V4T001271,24.208258,-50.285063,QSO,0.17253550,1.7000,false
V4T001272,2.156348,-21.345350,LRG,0.35772242,1.0000,false
V4T001273,343.325650,-36.342411,BGS,1.53253948,0.4500,false
V4T001274,29.972797,-60.946050,QSO,0.19160402,1.7000,false
V4T001275,30.973565,-56.753917,ELG,0.26849037,1.0000,false
V4T001276,349.191604,-29.777450,QSO,0.23206838,1.7000,false
V4T001277,6.127558,-26.097883,BGS,1.11820106,0.4500,false
V4T001278,350.333506,-26.138990,LRG,0.16509872,1.0000,false
V4T001279,21.147547,-52.289339,QSO,0.14763050,1.7000,false
V4T001280,20.016777,-44.103012,LRG,0.84512902,1.0000,false
V4T001281,339.282410,-21.847125,ELG,0.79373843,1.0000,false
V4T001282,21.571083,-41.752375,ELG,0.43577293,1.0000,false
V4T001283,340.449643,-28.924113,LRG,0.41898472,1.0000,false
V4T001284,343.362442,-36.361590,BGS,1.25915806,0.4500,false
V4T001285,22.167868,-52.874711,BGS,1.21671341,0.4500,false
V4T001286,23.834713,-42.542090,Star,2.22557938,0.3000,false
V4T001287,23.705174,-51.821162,BGS,1.09659563,0.4500,false
V4T001288,37.208667,-48.539404,Star,4.89368000,0.3000,false
V4T001289,22.402760,-40.989711,QSO,0.33650082,1.7000,false
V4T001290,356.196291,-23.091969,BGS,1.36184112,0.4500,true
V4T001291,339.333631,-29.661549,LRG,0.25438259,1.0000,false
V4T001292,31.159543,-43.216190,ELG,0.52737118,1.0000,false
V4T001293,348.343786,-19.276986,ELG,0.42817539,1.0000,false
V4T001294,350.981383,-39.971297,ELG,0.46871547,1.0000,false
V4T001295,347.015306,-19.615154,Star,4.83332882,0.3000,false
V4T001296,357.674399,-37.215768,BGS,1.76932994,0.4500,false
V4T001297,355.692693,-37.710142,LRG,0.37414095,1.0000,false
V4T001298,337.580433,-22.145826,ELG,1.03085661,1.0000,false
V4T001299,339.295696,-21.764787,Star,6.61013301,0.3000,false
V4T001300,2.909855,-20.989210,ELG,1.66025078,1.0000,false
V4T001301,30.628560,-59.515698,BGS,0.82210166,0.4500,true
V4T001302,3.409947,-27.244092,LRG,0.28865061,1.0000,false
V4T001303,1.016467,-32.320058,ELG,0.73105572,1.0000,false
V4T001304,338.473293,-21.945805,QSO,0.20782398,1.7000,false
V4T001305,359.565998,-19.491011,LRG,0.47599427,1.0000,true
V4T001306,4.721396,-25.950733,BGS,0.70723127,0.4500,false
V4T001307,350.509827,-28.789338,ELG,0.26979130,1.0000,false
V4T001308,350.938281,-25.602797,BGS,1.74005233,0.4500,false
V4T001309,45.651177,-58.134277,Star,7.81539113,0.3000,false
V4T001310,42.489974,-57.300183,ELG,0.34760142,1.0000,false
V4T001311,338.491029,-22.352792,ELG,0.56659350,1.0000,false
V4T001312,21.252174,-51.882633,Star,4.16619458,0.3000,false
V4T001313,36.804592,-50.747781,BGS,1.46215924,0.4500,false
V4T001314,352.540794,-19.152335,QSO,0.19583046,1.7000,false
V4T001315,355.930378,-22.530655,BGS,1.89631383,0.4500,false
V4T001316,350.357368,-23.987912,ELG,0.80009307,1.0000,false
V4T001317,21.827351,-51.631241,BGS,1.03057613,0.4500,false
V4T001318,16.483828,-55.021587,QSO,0.14787498,1.7000,false
V4T001319,359.684883,-18.707801,Star,5.57010580,0.3000,false
V4T001320,40.595301,-44.510998,LRG,0.28668591,1.0000,false
V4T001321,2.343136,-35.426713,BGS,0.84931539,0.4500,false
V4T001322,347.142568,-22.224480,LRG,0.30352998,1.0000,false
V4T001323,358.037220,-25.706771,QSO,0.38402421,1.7000,false
V4T001324,345.746217,-17.026232,LRG,0.53153853,1.0000,false
V4T001325,354.410346,-36.660718,BGS,0.64707913,0.4500,false
V4T001326,352.804197,-24.565775,Star,3.80883355,0.3000,false
V4T001327,352.441719,-39.278335,LRG,0.29339271,1.0000,false
V4T001328,25.507641,-55.730682,ELG,0.85329000,1.0000,false
V4T001329,45.948116,-45.095153,ELG,0.34082579,1.0000,false
V4T001330,345.985881,-28.870068,QSO,0.32723696,1.7000,false
V4T001331,358.704244,-18.562300,ELG,0.29054634,1.0000,false
V4T001332,1.667145,-35.401920,ELG,0.82700647,1.0000,false
V4T001333,337.666748,-21.151560,ELG,0.60303251,1.0000,false
V4T001334,346.276546,-30.648307,LRG,0.22723898,1.0000,false
V4T001335,351.912046,-40.065280,QSO,0.11332576,1.7000,false
V4T001336,344.715341,-34.809571,QSO,0.25809734,1.7000,false
V4T001337,3.782960,-25.123543,BGS,0.97838857,0.4500,false
V4T001338,25.254412,-44.105455,LRG,0.26266621,1.0000,false
V4T001339,47.742190,-54.802987,ELG,0.86220864,1.0000,false
V4T001340,337.405199,-32.591847,ELG,0.32624736,1.0000,false
V4T001341,350.648204,-32.937412,LRG,0.20907402,1.0000,false
V4T001342,42.996108,-49.276358,ELG,1.17648474,1.0000,false
V4T001343,46.972567,-44.140798,ELG,1.12926404,1.0000,false
V4T001344,344.704792,-36.308174,ELG,0.57218235,1.0000,false
V4T001345,347.290758,-31.131681,ELG,0.63777001,1.0000,false
V4T001346,340.392221,-25.871429,ELG,0.31380573,1.0000,false
V4T001347,351.466009,-39.302513,ELG,0.50153464,1.0000,false
V4T001348,35.284602,-54.852595,Star,5.34669926,0.3000,false
V4T001349,339.841803,-23.583437,QSO,0.07011375,1.7000,false
V4T001350,347.371747,-23.859657,Star,5.39728583,0.3000,false
V4T001351,2.624536,-34.823260,Star,5.96297468,0.3000,false
V4T001352,39.787692,-44.854774,ELG,0.75491030,1.0000,false
V4T001353,344.837997,-38.179854,BGS,1.43981636,0.4500,false
V4T001354,351.262758,-39.380542,Star,4.45349690,0.3000,false
V4T001355,48.079135,-54.386939,BGS,0.95775552,0.4500,false
V4T001356,337.926007,-33.527617,LRG,0.36775951,1.0000,true
V4T001357,341.511514,-38.677281,ELG,0.36108801,1.0000,false
V4T001358,353.728748,-33.379007,Star,3.35752765,0.3000,false
V4T001359,34.821115,-41.725369,LRG,0.22887639,1.0000,false
V4T001360,23.598893,-51.505462,BGS,0.99364287,0.4500,true
V4T001361,340.051093,-26.902140,ELG,0.31223378,1.0000,false
V4T001362,46.286788,-45.864390,QSO,0.17937544,1.7000,false
V4T001363,0.851562,-25.021965,LRG,0.43406233,1.0000,false
V4T001364,357.432857,-22.188155,Star,2.91547719,0.3000,false
V4T001365,31.092074,-59.174311,LRG,0.36944183,1.0000,false
V4T001366,359.878430,-22.494946,ELG,0.57972935,1.0000,false
V4T001367,346.905561,-20.921950,QSO,0.11200640,1.7000,false
V4T001368,340.742696,-36.408038,Star,5.18869162,0.3000,false
V4T001369,29.894652,-41.844586,QSO,0.07276144,1.7000,false
V4T001370,18.284436,-56.667856,QSO,0.15453469,1.7000,false
V4T001371,31.645939,-54.662397,LRG,0.34565409,1.0000,true
V4T001372,25.845435,-54.665262,QSO,0.14687571,1.7000,false
V4T001373,349.962146,-30.034508,LRG,0.34203296,1.0000,false
V4T001374,43.643782,-50.338091,LRG,0.25270422,1.0000,false
V4T001375,352.843671,-19.907919,ELG,0.88923974,1.0000,true
V4T001376,345.022526,-27.414018,QSO,0.08807643,1.7000,false
V4T001377,338.240007,-27.105195,ELG,0.95264817,1.0000,false
V4T001378,49.018029,-53.292086,BGS,1.31104173,0.4500,false
V4T001379,356.749412,-33.311846,LRG,0.34516753,1.0000,false
V4T001380,35.849520,-55.765390,BGS,1.31758185,0.4500,false
V4T001381,3.706836,-21.123794,BGS,1.52029332,0.4500,false
V4T001382,41.218583,-51.916502,ELG,0.23228117,1.0000,false
V4T001383,339.390153,-31.240157,LRG,0.63376233,1.0000,false
V4T001384,340.674176,-23.120129,ELG,0.41097287,1.0000,false
V4T001385,343.147352,-36.710724,ELG,0.48360416,1.0000,false
V4T001386,29.153503,-55.154453,Star,3.58830571,0.3000,false
V4T001387,337.131850,-22.930715,ELG,0.37593686,1.0000,false
V4T001388,337.777073,-32.473625,QSO,0.10405158,1.7000,false
V4T001389,31.747278,-52.144340,BGS,1.66770671,0.4500,false
V4T001390,24.893120,-54.778452,BGS,1.08353391,0.4500,false
V4T001391,23.441154,-48.559095,ELG,0.68528506,1.0000,false
V4T001392,356.068221,-19.479307,BGS,0.92318068,0.4500,false
V4T001393,343.503940,-38.377831,Star,4.40599503,0.3000,false
V4T001394,345.822456,-24.478917,ELG,0.59821011,1.0000,false
V4T001395,3.248233,-35.347763,BGS,1.22292718,0.4500,false
V4T001396,47.598087,-45.769152,ELG,0.57817136,1.0000,false
V4T001397,44.984918,-52.701026,LRG,0.25764946,1.0000,false
V4T001398,359.593597,-25.858359,LRG,0.24931438,1.0000,false
V4T001399,344.964211,-30.332536,ELG,0.51813729,1.0000,false
V4T001400,2.270258,-35.047318,Star,2.79525574,0.3000,false
V4T001401,339.261581,-29.847334,QSO,0.22532807,1.7000,false
V4T001402,339.094197,-29.039722,QSO,0.06682605,1.7000,false
V4T001403,30.514158,-59.965437,BGS,1.56949715,0.4500,false
V4T001404,35.139929,-46.997671,ELG,0.39866971,1.0000,false
V4T001405,47.621250,-49.909408,QSO,0.13619084,1.7000,false
V4T001406,32.027740,-38.988560,LRG,0.81119146,1.0000,false
V4T001407,357.809988,-24.844481,ELG,0.67611878,1.0000,false
V4T001408,1.458834,-35.058956,QSO,0.11910187,1.7000,false
V4T001409,36.796809,-55.479768,ELG,0.59128828,1.0000,false
V4T001410,343.218378,-36.585929,LRG,0.32409781,1.0000,false
V4T001411,33.579995,-53.985317,LRG,0.44360113,1.0000,false
V4T001412,340.355870,-21.994163,BGS,0.87041618,0.4500,false
V4T001413,341.543793,-21.269475,ELG,1.06428322,1.0000,false
V4T001414,49.076949,-53.335232,BGS,0.88094608,0.4500,false
V4T001415,29.359160,-41.475980,Star,3.60367973,0.3000,false
V4T001416,353.700242,-19.744813,LRG,0.18570677,1.0000,false
V4T001417,25.818745,-44.743934,LRG,0.47614679,1.0000,false
V4T001418,337.393459,-32.400418,ELG,0.37189072,1.0000,false
V4T001419,21.128243,-41.662344,Star,2.92545406,0.3000,false
V4T001420,355.760707,-23.797571,LRG,0.48807445,1.0000,false
V4T001421,358.177166,-17.982001,Star,4.33445693,0.3000,false
V4T001422,343.082117,-28.434880,QSO,0.20018247,1.7000,false
V4T001423,29.283187,-54.805000,ELG,0.45020480,1.0000,false
V4T001424,20.353535,-42.664919,ELG,0.69899090,1.0000,false
V4T001425,0.184947,-27.925352,ELG,0.85727754,1.0000,false
V4T001426,348.470932,-31.918460,ELG,0.55968949,1.0000,false
V4T001427,357.081865,-18.568940,LRG,0.74519237,1.0000,false
V4T001428,354.953577,-25.938649,BGS,0.78202594,0.4500,true
V4T001429,339.476753,-21.060620,BGS,1.30482563,0.4500,false
V4T001430,38.453545,-56.744734,BGS,1.53158419,0.4500,false
V4T001431,351.202163,-39.097360,QSO,0.20385546,1.7000,false
V4T001432,338.320874,-21.980880,BGS,1.53319979,0.4500,false
V4T001433,29.811864,-43.059493,LRG,0.21265216,1.0000,false
V4T001434,25.268286,-55.574125,QSO,0.46455552,1.7000,false
V4T001435,3.572042,-24.375907,ELG,0.60679246,1.0000,false
V4T001436,338.436017,-21.411384,Star,2.12941772,0.3000,false
V4T001437,16.686689,-46.763872,QSO,0.28686478,1.7000,false
V4T001438,358.372597,-37.961061,QSO,0.16428562,1.7000,false
V4T001439,351.789825,-19.835096,BGS,1.70625473,0.4500,false
V4T001440,30.006018,-50.591192,Star,2.39034915,0.3000,false
V4T001441,346.260580,-18.142796,Star,2.61018705,0.3000,false
V4T001442,353.953374,-19.273755,Star,4.32899589,0.3000,false
V4T001443,340.084849,-23.398093,ELG,0.50244706,1.0000,false
V4T001444,42.257435,-44.749670,BGS,1.31526383,0.4500,false
V4T001445,352.396005,-16.887563,ELG,0.46374292,1.0000,false
V4T001446,344.426081,-33.157235,QSO,0.30082384,1.7000,false
V4T001447,353.834863,-16.546151,LRG,0.39081196,1.0000,false
V4T001448,343.179085,-36.367708,BGS,1.05801893,0.4500,false
V4T001449,22.941095,-51.351218,LRG,0.39746505,1.0000,false
V4T001450,1.498076,-35.631699,QSO,0.32652943,1.7000,false
V4T001451,33.377087,-38.156143,ELG,0.49682903,1.0000,false
V4T001452,1.416273,-34.594620,ELG,0.62455547,1.0000,false
V4T001453,24.702216,-59.216966,BGS,1.42397930,0.4500,false
V4T001454,34.966886,-59.595079,ELG,0.28657858,1.0000,false
V4T001455,40.598660,-39.116156,ELG,0.63089223,1.0000,false
V4T001456,31.594401,-45.941888,ELG,0.35170808,1.0000,false
V4T001457,1.943483,-35.962783,BGS,1.57759590,0.4500,false
V4T001458,35.913658,-49.840690,ELG,0.68952339,1.0000,false
V4T001459,358.635467,-30.828109,ELG,0.55443322,1.0000,false
V4T001460,355.782227,-24.510261,ELG,0.37654825,1.0000,false
V4T001461,2.367304,-34.236527,ELG,0.37085527,1.0000,false
V4T001462,354.692358,-28.919234,LRG,0.29904684,1.0000,false
V4T001463,334.301773,-31.906247,BGS,1.42393677,0.4500,true
V4T001464,356.864521,-24.761479,ELG,1.06454239,1.0000,false
V4T001465,339.232228,-30.649274,ELG,0.55502368,1.0000,false
V4T001466,35.631343,-42.744443,ELG,0.18360638,1.0000,false
V4T001467,3.077635,-32.590185,ELG,0.90873451,1.0000,false
V4T001468,358.551827,-38.547253,BGS,1.99030547,0.4500,false
V4T001469,17.266244,-50.810859,LRG,0.37135322,1.0000,false
V4T001470,2.396529,-35.057415,LRG,0.20280217,1.0000,false
V4T001471,44.890457,-50.227021,LRG,0.21602043,1.0000,false
V4T001472,352.553283,-19.716511,ELG,0.85846215,1.0000,false
V4T001473,36.355285,-54.935759,ELG,0.47574905,1.0000,false
V4T001474,2.074564,-35.137928,ELG,0.51989651,1.0000,false
V4T001475,16.701045,-49.870139,QSO,0.22829079,1.7000,true
V4T001476,353.039477,-39.031650,BGS,1.11027082,0.4500,true
V4T001477,348.530685,-35.562527,BGS,1.78510356,0.4500,false
V4T001478,343.486432,-23.392806,BGS,1.11030375,0.4500,false
V4T001479,43.869086,-48.923662,LRG,0.48118909,1.0000,false
V4T001480,348.170661,-24.230978,Star,3.81229653,0.3000,true
V4T001481,345.505694,-30.479620,Star,4.23021157,0.3000,false
V4T001482,30.844662,-54.540028,BGS,2.01723623,0.4500,false
V4T001483,6.395551,-27.686591,BGS,1.06997475,0.4500,false
V4T001484,33.792868,-47.550516,BGS,1.74278321,0.4500,false
V4T001485,336.696735,-26.166593,BGS,1.33848420,0.4500,false
V4T001486,352.394704,-20.571555,Star,3.78025084,0.3000,false
V4T001487,29.164509,-36.105517,ELG,0.54035318,1.0000,false
V4T001488,359.414563,-30.143971,ELG,0.22768831,1.0000,false
V4T001489,2.333576,-24.359305,BGS,1.36511490,0.4500,false
V4T001490,345.928764,-30.549964,BGS,1.39677998,0.4500,false
V4T001491,35.360228,-36.929001,ELG,0.97528424,1.0000,false
V4T001492,354.953665,-33.612131,BGS,1.12602649,0.4500,false
V4T001493,347.270486,-33.723115,Star,4.81444086,0.3000,false
V4T001494,22.127703,-56.560905,BGS,1.91041954,0.4500,false
V4T001495,23.376908,-54.887977,ELG,0.82399882,1.0000,false
V4T001496,27.845745,-41.060391,LRG,0.27809747,1.0000,false
V4T001497,41.345203,-38.691996,ELG,0.36711653,1.0000,false
V4T001498,31.628530,-42.696922,ELG,0.74998700,1.0000,false
V4T001499,1.365103,-27.086537,BGS,0.70325932,0.4500,false
V4T001500,25.035732,-41.956016,ELG,0.86116449,1.0000,false
V4T001501,339.669912,-30.316357,Star,4.53310405,0.3000,false
V4T001502,355.947361,-31.405637,ELG,0.45535124,1.0000,false
V4T001503,347.474390,-28.732580,BGS,0.88386016,0.4500,false
V4T001504,359.505343,-18.918839,ELG,0.51308972,1.0000,false
V4T001505,353.167428,-19.817907,ELG,0.64151041,1.0000,false
V4T001506,2.806705,-36.025099,BGS,1.45193288,0.4500,false
V4T001507,335.102868,-32.737053,ELG,0.86061979,1.0000,false
V4T001508,358.590841,-35.614121,LRG,0.59328719,1.0000,false
V4T001509,30.637879,-43.164434,ELG,0.35805900,1.0000,false
V4T001510,23.734540,-51.508093,BGS,1.37065014,0.4500,false
V4T001511,354.059471,-35.703796,Star,3.92755026,0.3000,false
V4T001512,335.805776,-24.218382,LRG,0.55296998,1.0000,false
V4T001513,2.768245,-21.388616,QSO,0.13273838,1.7000,false
V4T001514,30.958897,-42.136374,ELG,0.77277355,1.0000,false
V4T001515,338.029284,-20.365024,BGS,1.04978183,0.4500,false
V4T001516,347.951672,-25.446295,ELG,0.80249142,1.0000,false
V4T001517,342.921114,-37.028249,ELG,0.48561591,1.0000,false
V4T001518,344.998453,-30.497842,ELG,0.45307886,1.0000,false
V4T001519,359.383274,-18.619179,LRG,0.56814860,1.0000,false
V4T001520,5.745983,-32.672367,ELG,0.68809806,1.0000,false
V4T001521,3.172328,-20.463447,LRG,0.82885945,1.0000,false
V4T001522,27.752485,-58.041447,LRG,0.28667722,1.0000,false
V4T001523,43.680327,-50.651002,LRG,0.39797301,1.0000,false
V4T001524,338.214029,-29.835006,ELG,0.22580316,1.0000,false
V4T001525,338.773189,-23.343545,ELG,0.90747187,1.0000,false
V4T001526,24.266765,-40.634971,LRG,0.31919249,1.0000,false
V4T001527,343.567126,-35.311354,BGS,1.56596756,0.4500,false
V4T001528,46.459699,-43.412055,QSO,0.16683465,1.7000,false
V4T001529,44.420213,-52.430910,LRG,0.47096928,1.0000,false
V4T001530,39.976747,-44.418486,ELG,0.46038826,1.0000,false
V4T001531,32.956135,-43.403147,LRG,0.33087419,1.0000,false
V4T001532,335.420270,-27.910434,BGS,0.71962964,0.4500,false
V4T001533,28.685178,-56.193087,LRG,0.41057603,1.0000,false
V4T001534,21.591223,-43.182949,QSO,0.65795233,1.7000,false
V4T001535,352.393452,-38.609127,QSO,0.11459338,1.7000,false
V4T001536,336.754848,-23.493886,BGS,0.51534840,0.4500,false
V4T001537,20.326333,-42.913875,ELG,0.64773478,1.0000,false
V4T001538,356.979939,-19.265378,Star,4.31768572,0.3000,false
V4T001539,340.793498,-22.173876,ELG,0.64384155,1.0000,false
V4T001540,2.541162,-35.236337,LRG,0.47147991,1.0000,false
V4T001541,1.911837,-31.124325,LRG,0.52747576,1.0000,false
V4T001542,340.203905,-24.585511,BGS,0.61717867,0.4500,false
V4T001543,46.665127,-42.013734,BGS,1.15089290,0.4500,false
V4T001544,345.366587,-29.655188,ELG,0.56768782,1.0000,false
V4T001545,345.929022,-33.098495,ELG,0.70694298,1.0000,false
V4T001546,46.823213,-56.326536,ELG,0.21021634,1.0000,false
V4T001547,37.775509,-49.498644,ELG,0.86712107,1.0000,false
V4T001548,343.057061,-38.978682,QSO,0.23946664,1.7000,false
V4T001549,3.339607,-28.869183,ELG,0.60079767,1.0000,false
V4T001550,1.663729,-31.779582,ELG,0.55136673,1.0000,false
V4T001551,353.699406,-20.133800,ELG,0.64758082,1.0000,false
V4T001552,41.238088,-58.024638,QSO,0.15990126,1.7000,false
V4T001553,359.493606,-37.446629,BGS,1.90374565,0.4500,false
V4T001554,25.387799,-42.685253,LRG,0.59237499,1.0000,false
V4T001555,41.221543,-44.376309,BGS,1.15036304,0.4500,false
V4T001556,358.691853,-18.870949,ELG,0.42487245,1.0000,false
V4T001557,345.640881,-30.441064,ELG,0.56505870,1.0000,true
V4T001558,338.923038,-30.059457,ELG,1.59806315,1.0000,false
V4T001559,17.898931,-53.106422,ELG,0.30030663,1.0000,false
V4T001560,43.863765,-39.653719,ELG,0.89887527,1.0000,false
V4T001561,4.744081,-23.632298,ELG,0.68122896,1.0000,false
V4T001562,358.694147,-33.466598,BGS,0.79789840,0.4500,false
V4T001563,36.234676,-55.571080,ELG,0.42740375,1.0000,false
V4T001564,344.050568,-37.357303,ELG,0.49248249,1.0000,false
V4T001565,35.499149,-51.614045,Star,3.36335348,0.3000,false
V4T001566,39.881754,-50.880011,BGS,1.26716750,0.4500,false
V4T001567,35.689655,-51.935095,BGS,1.42757906,0.4500,false
V4T001568,35.217382,-55.630257,QSO,0.05981814,1.7000,false
V4T001569,37.030429,-55.416608,BGS,1.26434447,0.4500,false
V4T001570,352.053824,-17.390314,ELG,0.86058995,1.0000,false
V4T001571,346.580622,-29.136016,BGS,1.18647713,0.4500,false
V4T001572,352.078491,-27.305439,BGS,1.24654867,0.4500,false
V4T001573,339.154941,-35.880301,ELG,0.52165888,1.0000,false
V4T001574,22.478469,-51.647178,Star,2.85190839,0.3000,false
V4T001575,21.938869,-57.862231,LRG,0.23396145,1.0000,false
V4T001576,356.099456,-35.745516,LRG,0.26233874,1.0000,false
V4T001577,46.627112,-43.862728,ELG,0.34601600,1.0000,false
V4T001578,6.071501,-30.940525,ELG,0.19472546,1.0000,false
V4T001579,19.917568,-57.333525,ELG,0.37746350,1.0000,false
V4T001580,358.188683,-20.954722,ELG,1.51216665,1.0000,false
V4T001581,340.203555,-23.580680,ELG,0.52521908,1.0000,false
V4T001582,28.284066,-38.510566,BGS,1.24904317,0.4500,true
V4T001583,3.554341,-35.097920,LRG,0.49726617,1.0000,false
V4T001584,39.034655,-58.737457,ELG,0.57476132,1.0000,false
V4T001585,351.249772,-19.420662,ELG,0.52443287,1.0000,false
V4T001586,1.272222,-35.285592,QSO,0.56082287,1.7000,false
V4T001587,359.513045,-18.265368,ELG,0.33701996,1.0000,false
V4T001588,342.255456,-18.324579,LRG,0.50101710,1.0000,false
V4T001589,359.520171,-18.389202,LRG,0.35142723,1.0000,false
V4T001590,42.859193,-38.789274,BGS,1.36351739,0.4500,false
V4T001591,355.609654,-31.537177,ELG,0.75853886,1.0000,false
V4T001592,44.140892,-46.523625,ELG,0.48594317,1.0000,false
V4T001593,342.997241,-29.687325,LRG,0.29885507,1.0000,false
V4T001594,343.122592,-35.415706,LRG,0.33522007,1.0000,false
V4T001595,32.886066,-54.550435,ELG,0.75376182,1.0000,false
V4T001596,6.827782,-28.028693,QSO,0.21512597,1.7000,false
V4T001597,32.111118,-47.863085,LRG,0.22603025,1.0000,false
V4T001598,352.595241,-25.993499,Star,3.45010032,0.3000,false
V4T001599,35.095649,-55.474589,LRG,0.54778551,1.0000,false
V4T001600,346.182121,-19.946603,ELG,0.31168843,1.0000,false
V4T001601,351.861072,-18.812720,BGS,1.06498969,0.4500,false
V4T001602,23.207014,-51.699717,LRG,0.40516488,1.0000,false
V4T001603,347.904719,-15.100659,BGS,1.80695522,0.4500,false
V4T001604,34.155679,-56.116164,BGS,1.44395746,0.4500,false
V4T001605,2.353932,-24.228960,BGS,1.29140524,0.4500,false
V4T001606,41.896327,-52.422435,LRG,0.33352788,1.0000,false
V4T001607,343.193559,-36.461698,BGS,2.25605539,0.4500,false
V4T001608,339.118916,-29.836737,BGS,1.04158701,0.4500,false
V4T001609,358.525641,-18.294413,LRG,0.32351464,1.0000,false
V4T001610,355.214252,-24.066023,BGS,1.42073236,0.4500,false
V4T001611,356.772418,-24.909014,LRG,0.32165830,1.0000,false
V4T001612,339.273477,-30.321927,LRG,0.66159663,1.0000,false
V4T001613,337.516744,-21.622569,BGS,1.83272703,0.4500,false
V4T001614,340.185287,-35.984368,LRG,0.54348627,1.0000,false
V4T001615,2.549507,-34.701000,ELG,0.53419996,1.0000,false
V4T001616,3.201721,-21.250874,BGS,2.52602906,0.4500,false
V4T001617,358.204522,-24.688333,LRG,0.23143020,1.0000,false
V4T001618,23.107309,-51.701418,QSO,0.14768008,1.7000,false
V4T001619,340.104490,-23.176448,BGS,1.01469311,0.4500,false
V4T001620,356.992922,-23.820738,LRG,0.21758131,1.0000,false
V4T001621,27.108301,-49.479337,QSO,0.13325217,1.7000,false
V4T001622,356.178189,-22.978811,ELG,1.15662606,1.0000,false
V4T001623,352.446698,-19.971872,ELG,0.77603337,1.0000,false
V4T001624,348.028313,-24.918185,BGS,0.72387483,0.4500,false
V4T001625,3.795101,-23.913804,BGS,1.31402013,0.4500,false
V4T001626,32.674966,-35.751435,BGS,0.97652869,0.4500,false
V4T001627,43.163347,-58.605764,BGS,1.25386473,0.4500,false
V4T001628,21.104210,-39.835530,ELG,0.50732317,1.0000,false
V4T001629,41.111279,-38.867250,LRG,0.37468855,1.0000,false
V4T001630,13.299673,-50.003506,ELG,0.86139194,1.0000,false
V4T001631,24.537937,-45.928163,ELG,0.30739727,1.0000,true
V4T001632,45.612454,-40.344439,BGS,1.36390969,0.4500,false
V4T001633,345.772735,-29.405477,ELG,0.43317893,1.0000,false
V4T001634,345.141645,-19.403535,BGS,2.94490969,0.4500,false
V4T001635,338.332798,-22.048164,BGS,1.73890380,0.4500,false
V4T001636,356.137713,-31.411200,ELG,0.41254282,1.0000,false
V4T001637,340.966525,-19.821555,ELG,0.62810967,1.0000,true
V4T001638,6.816989,-28.046712,ELG,0.55655878,1.0000,false
V4T001639,356.743228,-25.978501,LRG,0.18348124,1.0000,false
V4T001640,346.210510,-33.645167,BGS,1.75783614,0.4500,false
V4T001641,340.043223,-31.086372,QSO,0.09648845,1.7000,false
V4T001642,357.421701,-17.552124,ELG,0.76129295,1.0000,false
V4T001643,32.992132,-46.460332,LRG,0.39904156,1.0000,false
V4T001644,4.993024,-28.126628,BGS,1.97304916,0.4500,false
V4T001645,29.892316,-40.998840,Star,3.33227445,0.3000,false
V4T001646,2.058998,-34.772788,ELG,0.29542867,1.0000,false
V4T001647,350.067170,-36.976089,BGS,0.90640262,0.4500,true
V4T001648,346.777264,-31.427419,QSO,0.30644318,1.7000,false
V4T001649,1.813410,-21.791568,LRG,0.33066113,1.0000,false
V4T001650,17.187627,-55.560962,LRG,0.41949794,1.0000,false
V4T001651,339.058155,-22.633741,Star,3.36684342,0.3000,false
V4T001652,28.612319,-39.502962,BGS,1.11620942,0.4500,false
V4T001653,345.697638,-38.619908,ELG,0.68743219,1.0000,false
V4T001654,348.015067,-21.242911,ELG,0.29782376,1.0000,false
V4T001655,352.633642,-38.971971,LRG,0.24662247,1.0000,true
V4T001656,48.106632,-52.753146,QSO,0.40558033,1.7000,false
V4T001657,342.810954,-21.250427,BGS,1.31801596,0.4500,false
V4T001658,355.779434,-23.195063,ELG,0.41085141,1.0000,false
V4T001659,27.189390,-55.159431,ELG,0.49827182,1.0000,false
V4T001660,0.570468,-27.741016,ELG,0.61961164,1.0000,false
V4T001661,334.794830,-31.627392,BGS,1.13834430,0.4500,false
V4T001662,24.843183,-52.228376,BGS,1.43913052,0.4500,false
V4T001663,3.645226,-26.243120,LRG,0.46026480,1.0000,true
V4T001664,339.120879,-22.295785,QSO,0.22314868,1.7000,false
V4T001665,4.092053,-33.338600,BGS,0.97772712,0.4500,false
V4T001666,27.113448,-45.231569,ELG,0.35646714,1.0000,false
V4T001667,359.567000,-18.186011,LRG,0.23268536,1.0000,false
V4T001668,37.028752,-53.301830,BGS,0.91030687,0.4500,false
V4T001669,43.517085,-42.758010,ELG,0.29324901,1.0000,false
V4T001670,356.897535,-23.163302,QSO,0.23480966,1.7000,false
V4T001671,340.478718,-30.963019,ELG,0.67004036,1.0000,false
V4T001672,341.201830,-37.662006,LRG,0.43685912,1.0000,false
V4T001673,356.714302,-24.046075,ELG,0.31688681,1.0000,false
V4T001674,352.032393,-39.750421,ELG,0.63417909,1.0000,false
V4T001675,348.095241,-19.664267,BGS,1.76381049,0.4500,false
V4T001676,338.812663,-29.907020,Star,3.73798231,0.3000,false
V4T001677,34.640911,-53.821712,QSO,0.30881232,1.7000,false
V4T001678,338.038866,-21.310438,ELG,0.75644220,1.0000,false
V4T001679,3.392440,-21.952037,Star,1.76924907,0.3000,false
V4T001680,337.322516,-22.981630,LRG,0.40835574,1.0000,false
V4T001681,353.972619,-39.892665,QSO,0.14268877,1.7000,false
V4T001682,343.208580,-36.429231,Star,4.78896967,0.3000,false
V4T001683,35.364774,-49.906404,LRG,0.76405909,1.0000,false
V4T001684,32.826387,-39.671536,BGS,1.30421718,0.4500,false
V4T001685,41.963589,-45.171569,ELG,0.95284399,1.0000,false
V4T001686,356.221336,-28.074591,QSO,0.46442930,1.7000,false
V4T001687,337.540532,-21.918455,LRG,0.26917329,1.0000,false
V4T001688,342.802435,-40.498466,BGS,1.27165907,0.4500,true
V4T001689,39.078143,-52.459067,LRG,0.22831760,1.0000,false
V4T001690,2.152086,-29.020342,BGS,1.06012361,0.4500,false
V4T001691,3.717380,-30.064781,BGS,1.21452222,0.4500,false
V4T001692,355.795080,-23.394408,ELG,0.76529821,1.0000,false
V4T001693,4.420801,-27.796665,ELG,0.50558896,1.0000,false
V4T001694,351.532292,-40.051101,BGS,1.07421821,0.4500,false
V4T001695,351.712592,-34.945597,QSO,0.21573822,1.7000,false
V4T001696,15.841389,-47.637252,ELG,0.43554841,1.0000,false
V4T001697,335.763935,-26.952079,LRG,0.24088157,1.0000,false
V4T001698,345.147057,-30.043796,LRG,0.29012788,1.0000,true
V4T001699,340.692605,-26.126275,LRG,0.91304033,1.0000,false
V4T001700,342.802691,-18.418236,BGS,2.22956136,0.4500,false
V4T001701,338.057460,-22.576472,ELG,0.39560075,1.0000,false
V4T001702,40.790785,-59.765453,Star,3.47839213,0.3000,true
V4T001703,26.705689,-39.980860,LRG,0.19342241,1.0000,false
V4T001704,340.473672,-29.043631,LRG,0.31541534,1.0000,false
V4T001705,353.575995,-25.215319,BGS,1.27069243,0.4500,false
V4T001706,337.027517,-36.338536,QSO,0.33790268,1.7000,false
V4T001707,25.063761,-55.951442,Star,4.73659975,0.3000,false
V4T001708,354.889894,-21.529957,BGS,1.10516968,0.4500,false
V4T001709,357.538311,-18.099407,ELG,0.28441217,1.0000,false
V4T001710,41.870233,-41.776617,LRG,0.26034157,1.0000,false
V4T001711,352.122669,-40.314944,BGS,1.21311908,0.4500,false
V4T001712,31.590536,-45.774105,LRG,0.36350293,1.0000,false
V4T001713,356.164603,-31.908877,LRG,0.34896592,1.0000,false
V4T001714,341.835811,-17.791925,ELG,0.36666521,1.0000,false
V4T001715,5.296546,-29.668609,LRG,0.33498825,1.0000,false
V4T001716,348.159500,-23.892182,Star,2.72634882,0.3000,false
V4T001717,25.356208,-56.622586,BGS,1.52861849,0.4500,false
V4T001718,349.897842,-27.398259,LRG,0.44359066,1.0000,false
V4T001719,30.578994,-43.331900,QSO,0.27842618,1.7000,false
V4T001720,339.783736,-31.219553,QSO,0.06152058,1.7000,false
V4T001721,31.026409,-53.479899,BGS,1.71769915,0.4500,false
V4T001722,359.244586,-23.996114,Star,3.90771046,0.3000,false
V4T001723,353.043316,-20.539117,Star,3.81721330,0.3000,false
V4T001724,358.463297,-17.743076,ELG,0.40556764,1.0000,false
V4T001725,350.192268,-28.071108,LRG,0.36771406,1.0000,false
V4T001726,6.811061,-26.656344,BGS,1.18691077,0.4500,false
V4T001727,22.878179,-59.873310,ELG,0.71997924,1.0000,false
V4T001728,355.093026,-28.145123,LRG,0.49895526,1.0000,false
V4T001729,340.674535,-24.557002,Star,3.78089379,0.3000,false
V4T001730,45.042853,-45.239865,QSO,0.22924784,1.7000,false
V4T001731,3.669538,-20.782144,ELG,0.57980567,1.0000,false
V4T001732,0.944023,-19.383871,ELG,0.44629476,1.0000,false
V4T001733,23.213356,-49.450328,Star,4.47113335,0.3000,false
V4T001734,354.189452,-22.457865,QSO,0.34931864,1.7000,false
V4T001735,351.043323,-39.444527,BGS,1.22608917,0.4500,false
V4T001736,29.201383,-46.622247,BGS,0.86014230,0.4500,false
V4T001737,340.530615,-23.679812,BGS,1.78464463,0.4500,false
V4T001738,38.419198,-51.984467,LRG,0.32618643,1.0000,false
V4T001739,342.746191,-38.170536,QSO,0.16268483,1.7000,false
V4T001740,348.956704,-28.996095,QSO,0.10253972,1.7000,false
V4T001741,358.635440,-18.271993,QSO,0.08712889,1.7000,false
V4T001742,44.158904,-46.472047,QSO,0.69009794,1.7000,false
V4T001743,350.190027,-22.678597,ELG,0.48617489,1.0000,false
V4T001744,358.181106,-36.571407,BGS,1.05389143,0.4500,false
V4T001745,31.845555,-39.890633,BGS,0.88019452,0.4500,false
V4T001746,38.890834,-48.555213,ELG,1.03954030,1.0000,false
V4T001747,346.267027,-40.531793,BGS,1.18741323,0.4500,false
V4T001748,337.894323,-20.663276,ELG,0.57585317,1.0000,false
V4T001749,333.798352,-27.550448,BGS,1.55218355,0.4500,false
V4T001750,1.093265,-19.403244,ELG,0.45780250,1.0000,false
V4T001751,353.776465,-34.436484,ELG,1.48634448,1.0000,true
V4T001752,32.682522,-51.778740,BGS,1.44161148,0.4500,false
V4T001753,343.897034,-37.225455,LRG,0.49587748,1.0000,false
V4T001754,1.983669,-21.307192,LRG,0.33993114,1.0000,false
V4T001755,350.454418,-37.477973,ELG,0.72400769,1.0000,false
V4T001756,343.069884,-29.856617,LRG,0.36408907,1.0000,false
V4T001757,5.668325,-32.522615,BGS,1.20544062,0.4500,false
V4T001758,30.026120,-36.534454,ELG,0.45748590,1.0000,false
V4T001759,1.274095,-18.519382,ELG,0.87180653,1.0000,false
V4T001760,43.054209,-50.600153,QSO,0.14784814,1.7000,false
V4T001761,350.421132,-40.281060,ELG,0.34420595,1.0000,false
V4T001762,358.974452,-28.382414,BGS,1.35899028,0.4500,false
V4T001763,352.386878,-19.586183,ELG,0.77344936,1.0000,false
V4T001764,35.316703,-54.909407,QSO,0.12297830,1.7000,false
V4T001765,359.652434,-35.622157,BGS,1.06270366,0.4500,false
V4T001766,2.499672,-35.085836,LRG,0.37413608,1.0000,false
V4T001767,17.383156,-52.526457,LRG,0.53054318,1.0000,false
V4T001768,340.157962,-23.691739,ELG,0.73452254,1.0000,false
V4T001769,338.400919,-26.997937,LRG,0.28115211,1.0000,false
V4T001770,352.801479,-39.543800,BGS,1.31849185,0.4500,false
V4T001771,44.282733,-53.976109,BGS,1.47338210,0.4500,false
V4T001772,351.058725,-23.244237,ELG,0.29217590,1.0000,false
V4T001773,29.710600,-53.441350,ELG,0.58828305,1.0000,false
V4T001774,39.792054,-59.319907,LRG,0.27882099,1.0000,false
V4T001775,355.542340,-20.435737,LRG,0.21419936,1.0000,false
V4T001776,350.260047,-15.836707,Star,4.06320676,0.3000,false
V4T001777,22.745258,-38.771715,LRG,0.39318049,1.0000,false
V4T001778,358.692375,-31.382151,ELG,0.36264506,1.0000,true
V4T001779,2.639984,-22.013407,ELG,0.53426048,1.0000,false
V4T001780,341.135488,-25.295741,LRG,0.48996351,1.0000,false
V4T001781,340.870017,-24.380460,LRG,0.31102903,1.0000,false
V4T001782,343.269879,-36.224510,ELG,0.46144300,1.0000,false
V4T001783,354.299672,-30.866715,BGS,2.42231175,0.4500,false
V4T001784,34.571684,-54.660251,ELG,0.58392191,1.0000,false
V4T001785,357.528192,-18.621748,LRG,0.35641647,1.0000,false
V4T001786,355.259253,-24.173249,QSO,0.09418834,1.7000,false
V4T001787,337.547431,-30.896465,ELG,0.58646947,1.0000,false
V4T001788,338.481130,-30.599007,ELG,0.69258718,1.0000,true
V4T001789,338.650702,-29.449542,BGS,1.52883541,0.4500,false
V4T001790,340.848686,-23.175186,LRG,0.24247577,1.0000,false
V4T001791,5.323815,-28.223822,BGS,1.45476334,0.4500,false
V4T001792,21.481669,-50.707881,BGS,1.39752881,0.4500,false
V4T001793,355.853598,-23.603715,Star,3.81993751,0.3000,false
V4T001794,356.614583,-29.609381,ELG,0.54953080,1.0000,false
V4T001795,342.685487,-31.756275,Star,3.79367290,0.3000,false
V4T001796,356.400936,-19.341120,LRG,0.47625551,1.0000,false
V4T001797,21.799275,-40.554322,ELG,1.02273300,1.0000,false
V4T001798,348.133913,-27.872187,BGS,1.26806698,0.4500,false
V4T001799,37.136915,-42.480726,QSO,0.19302125,1.7000,false
V4T001800,30.818500,-42.659937,LRG,0.32039376,1.0000,false
V4T001801,21.301749,-44.009903,BGS,0.90295608,0.4500,false
V4T001802,2.035387,-35.518024,BGS,1.64301494,0.4500,false
V4T001803,351.452982,-39.002200,ELG,0.37898280,1.0000,false
V4T001804,357.291631,-29.414263,ELG,0.44259519,1.0000,false
V4T001805,341.815473,-19.037361,BGS,1.12780531,0.4500,false
V4T001806,358.305003,-18.872231,QSO,0.27026420,1.7000,false
V4T001807,350.896544,-21.376816,ELG,0.61504694,1.0000,false
V4T001808,345.085165,-21.491564,QSO,0.52804249,1.7000,false
V4T001809,23.837212,-51.922036,QSO,0.23569491,1.7000,false
V4T001810,23.053869,-41.871090,BGS,1.22632582,0.4500,false
V4T001811,358.247389,-26.559249,Star,4.18327282,0.3000,false
V4T001812,342.341478,-24.450633,ELG,0.56779837,1.0000,false
V4T001813,342.349957,-30.189312,ELG,0.58463042,1.0000,false
V4T001814,337.203564,-21.399133,Star,2.93439672,0.3000,false
V4T001815,356.642937,-23.836749,ELG,0.47144899,1.0000,false
V4T001816,356.465540,-23.651538,ELG,0.22882293,1.0000,false
V4T001817,2.292365,-21.708725,BGS,0.80500457,0.4500,false
V4T001818,343.608018,-30.935230,QSO,0.21434775,1.7000,false
V4T001819,24.995048,-51.851595,BGS,1.17838971,0.4500,false
V4T001820,34.610559,-40.878542,QSO,0.22138574,1.7000,false
V4T001821,40.858745,-45.368209,Star,4.09384356,0.3000,false
V4T001822,2.937056,-21.224473,Star,2.98526528,0.3000,false
V4T001823,336.152045,-27.564253,ELG,0.43377117,1.0000,false
V4T001824,16.547366,-42.802447,BGS,1.27191683,0.4500,true
V4T001825,338.838184,-29.780060,ELG,0.46602253,1.0000,false
V4T001826,346.045650,-22.013457,ELG,0.61797972,1.0000,false
V4T001827,340.066293,-23.938566,ELG,0.59020775,1.0000,false
V4T001828,44.000047,-43.333792,LRG,0.22314898,1.0000,false
V4T001829,23.844490,-52.169840,BGS,1.43917615,0.4500,false
V4T001830,342.452014,-33.910761,BGS,1.14144282,0.4500,false
V4T001831,349.972299,-17.690802,QSO,0.24333737,1.7000,false
V4T001832,359.996392,-32.572263,Star,3.95557130,0.3000,false
V4T001833,43.833210,-38.883213,QSO,0.50225715,1.7000,false
V4T001834,342.859503,-41.113424,BGS,1.84675065,0.4500,false
V4T001835,349.466322,-14.688336,BGS,1.55365165,0.4500,false
V4T001836,350.338034,-33.141647,LRG,0.46948363,1.0000,false
V4T001837,350.575712,-28.033188,ELG,0.91985505,1.0000,false
V4T001838,347.799756,-33.134880,BGS,0.98377909,0.4500,false
V4T001839,344.469813,-35.395992,Star,3.07527693,0.3000,false
V4T001840,30.278390,-43.170294,ELG,0.57599682,1.0000,false
V4T001841,20.657326,-48.898504,LRG,0.21368142,1.0000,false
V4T001842,349.362148,-27.194190,QSO,0.13517818,1.7000,false
V4T001843,339.283389,-30.079335,ELG,0.51987899,1.0000,false
V4T001844,353.048093,-31.685868,QSO,0.15674492,1.7000,false
V4T001845,31.356861,-41.967614,QSO,0.14220092,1.7000,false
V4T001846,351.087402,-38.903364,ELG,0.96283964,1.0000,false
V4T001847,33.467823,-54.443372,ELG,0.56709942,1.0000,false
V4T001848,345.609884,-29.775236,BGS,1.60220370,0.4500,false
V4T001849,25.637173,-49.812812,LRG,0.25029550,1.0000,false
V4T001850,48.742401,-49.899549,ELG,0.85433596,1.0000,false
V4T001851,36.222110,-55.061181,BGS,0.89838498,0.4500,false
V4T001852,337.000987,-33.625125,LRG,0.37744982,1.0000,false
V4T001853,49.717101,-51.085315,Star,3.81420532,0.3000,false
V4T001854,31.628163,-42.257995,ELG,0.32252468,1.0000,false
V4T001855,32.713577,-38.837902,LRG,0.42560931,1.0000,false
V4T001856,21.449671,-55.813084,Star,3.30838870,0.3000,true
V4T001857,352.066731,-28.451167,BGS,1.88837488,0.4500,false
V4T001858,352.299142,-23.183782,BGS,0.70932472,0.4500,false
V4T001859,336.875730,-22.847566,BGS,1.23979933,0.4500,false
V4T001860,344.193999,-34.417735,ELG,0.40318334,1.0000,false
V4T001861,22.670126,-51.922017,LRG,0.38166205,1.0000,false
V4T001862,29.506659,-45.464412,ELG,0.26588977,1.0000,false
V4T001863,345.957014,-30.046628,ELG,0.43308293,1.0000,true
V4T001864,30.619146,-42.671204,BGS,1.51406651,0.4500,false
V4T001865,16.039464,-44.916322,ELG,0.44354666,1.0000,false
V4T001866,37.686699,-44.761241,LRG,0.29893041,1.0000,false
V4T001867,345.326596,-32.800041,QSO,0.18610663,1.7000,false
V4T001868,338.270464,-24.625909,BGS,1.14994544,0.4500,false
V4T001869,32.231207,-50.476036,ELG,1.08219317,1.0000,false
V4T001870,5.683738,-30.983421,ELG,0.26261296,1.0000,false
V4T001871,348.336920,-17.891229,LRG,0.29772997,1.0000,false
V4T001872,15.666824,-56.566251,ELG,0.48344005,1.0000,false
V4T001873,341.070462,-33.534738,LRG,0.26466790,1.0000,true
V4T001874,340.647301,-23.721980,ELG,0.86397367,1.0000,false
V4T001875,342.175211,-36.087663,BGS,1.32825769,0.4500,false
V4T001876,350.982378,-38.913841,Star,5.29615586,0.3000,false
V4T001877,23.760183,-59.142713,ELG,0.46927131,1.0000,false
V4T001878,353.433410,-19.959278,LRG,0.24561215,1.0000,false
V4T001879,354.296698,-28.543572,BGS,0.82141507,0.4500,false
V4T001880,2.456681,-34.521434,ELG,0.54529194,1.0000,false
V4T001881,35.744654,-48.587458,ELG,0.73207933,1.0000,false
V4T001882,356.285822,-20.227497,QSO,0.12368073,1.7000,false
V4T001883,46.493875,-43.690259,QSO,0.10354324,1.7000,false
V4T001884,34.860612,-47.594715,ELG,0.78258882,1.0000,false
V4T001885,347.364092,-14.916180,LRG,0.38661626,1.0000,false
V4T001886,356.121885,-17.243171,LRG,0.25275139,1.0000,false
V4T001887,355.933465,-23.278885,Star,3.84406514,0.3000,false
V4T001888,347.224618,-22.756384,LRG,0.35223829,1.0000,false
V4T001889,30.312706,-37.980386,BGS,0.64436382,0.4500,false
V4T001890,340.213259,-31.371952,Star,5.46446973,0.3000,false
V4T001891,18.862779,-51.911956,ELG,0.60685262,1.0000,false
V4T001892,355.513628,-23.556830,BGS,1.14951572,0.4500,false
V4T001893,355.240341,-22.063412,BGS,1.68254123,0.4500,false
V4T001894,34.837700,-37.873439,BGS,1.47430803,0.4500,false
V4T001895,35.130551,-35.713809,ELG,0.66718908,1.0000,false
V4T001896,3.008373,-19.876202,BGS,0.89306215,0.4500,false
V4T001897,343.965404,-18.220251,Star,3.63783450,0.3000,false
V4T001898,1.407659,-28.353470,Star,5.79626280,0.3000,false
V4T001899,344.434559,-22.790458,BGS,0.86065953,0.4500,false
V4T001900,357.367867,-26.969739,BGS,1.01168329,0.4500,false
V4T001901,50.604337,-48.726000,LRG,0.27594918,1.0000,false
V4T001902,21.277128,-42.419717,QSO,0.73431888,1.7000,false
V4T001903,341.639901,-30.957524,BGS,0.78464608,0.4500,false
V4T001904,345.579856,-16.014569,BGS,1.19978892,0.4500,false
V4T001905,358.221514,-19.135608,BGS,1.01162037,0.4500,false
V4T001906,356.755422,-37.890500,ELG,0.66269793,1.0000,false
V4T001907,357.761088,-20.993132,ELG,1.92514918,1.0000,false
V4T001908,359.646439,-33.817447,Star,4.22586654,0.3000,false
V4T001909,354.743239,-25.200793,ELG,0.45240495,1.0000,false
V4T001910,25.252701,-39.919742,ELG,0.38229773,1.0000,false
V4T001911,357.802856,-36.946018,BGS,1.52117472,0.4500,false
V4T001912,5.315102,-25.053445,ELG,0.66409594,1.0000,false
V4T001913,343.647968,-31.574530,ELG,0.46697498,1.0000,false
V4T001914,31.528627,-50.248657,LRG,0.34450745,1.0000,false
V4T001915,35.640277,-55.369840,QSO,0.14753874,1.7000,false
V4T001916,347.367113,-28.784364,QSO,0.24585365,1.7000,false
V4T001917,356.464452,-37.096098,ELG,0.69940636,1.0000,false
V4T001918,28.461696,-50.158524,ELG,0.50465185,1.0000,true
V4T001919,351.619685,-38.582074,BGS,1.50125259,0.4500,false
V4T001920,35.307868,-50.626724,Star,3.90044650,0.3000,false
V4T001921,22.716182,-42.658543,ELG,0.69386429,1.0000,false
V4T001922,351.588664,-24.233549,ELG,0.41696438,1.0000,false
V4T001923,19.851114,-42.049963,ELG,0.41270352,1.0000,false
V4T001924,1.687677,-31.772935,LRG,0.31380172,1.0000,true
V4T001925,358.861102,-27.324939,ELG,1.03171519,1.0000,false
V4T001926,349.422188,-20.006586,ELG,0.60380332,1.0000,false
V4T001927,0.829412,-28.024060,Star,3.48796711,0.3000,false
V4T001928,350.355805,-27.650634,ELG,0.50745579,1.0000,false
V4T001929,3.944502,-34.163328,ELG,0.28072406,1.0000,false
V4T001930,334.913631,-27.747406,ELG,0.71059916,1.0000,false
V4T001931,23.987712,-51.660533,BGS,1.11449672,0.4500,false
V4T001932,348.326831,-21.627597,ELG,0.76718781,1.0000,false
V4T001933,33.155289,-41.301728,ELG,0.35194263,1.0000,true
V4T001934,356.860046,-39.562622,QSO,0.11223210,1.7000,false
V4T001935,343.384410,-33.684037,BGS,0.95899426,0.4500,false
V4T001936,357.269420,-23.705129,BGS,1.55149290,0.4500,false
V4T001937,40.394240,-42.208976,QSO,0.13343687,1.7000,false
V4T001938,358.530198,-18.769752,ELG,0.72724210,1.0000,false
V4T001939,349.269694,-33.510109,BGS,1.71398540,0.4500,false
V4T001940,22.523803,-51.303209,BGS,0.99964734,0.4500,true
V4T001941,357.519324,-18.897283,BGS,0.63525041,0.4500,false
V4T001942,338.255009,-21.154088,QSO,0.17711941,1.7000,false
V4T001943,20.235969,-41.046931,ELG,0.58466288,1.0000,false
V4T001944,43.605482,-46.011411,ELG,1.08386205,1.0000,false
V4T001945,0.118673,-26.564044,QSO,0.32638338,1.7000,false
V4T001946,1.450320,-22.813255,LRG,0.29188530,1.0000,false
V4T001947,6.047171,-24.479723,LRG,0.26795642,1.0000,false
V4T001948,349.611947,-17.460677,LRG,0.36206828,1.0000,false
V4T001949,3.648171,-21.426348,QSO,0.14356717,1.7000,false
V4T001950,46.852170,-53.796599,ELG,0.44492108,1.0000,false
V4T001951,350.406736,-27.659005,ELG,0.28572540,1.0000,false
V4T001952,356.565725,-38.991891,ELG,1.06639913,1.0000,false
V4T001953,346.039066,-28.815659,LRG,0.48864707,1.0000,false
V4T001954,348.059785,-20.036066,LRG,0.67458393,1.0000,false
V4T001955,17.715790,-52.543609,LRG,0.32689734,1.0000,false
V4T001956,43.587977,-58.581169,BGS,0.60432036,0.4500,false
V4T001957,23.509473,-51.609551,ELG,0.38316240,1.0000,false
V4T001958,340.156860,-23.466969,ELG,0.65571129,1.0000,false
V4T001959,340.315890,-32.389615,ELG,0.45418995,1.0000,false
V4T001960,346.598145,-25.130974,LRG,0.30665118,1.0000,false
V4T001961,35.900289,-46.658221,BGS,0.86743986,0.4500,false
V4T001962,44.071906,-49.507900,ELG,0.56354233,1.0000,false
V4T001963,349.995092,-40.027196,BGS,0.80220889,0.4500,false
V4T001964,0.793854,-18.353642,Star,8.05815128,0.3000,false
V4T001965,4.432838,-32.284171,ELG,0.41291187,1.0000,true
V4T001966,345.018720,-30.107840,ELG,0.26816648,1.0000,false
V4T001967,359.166578,-21.685801,Star,3.88938710,0.3000,false
V4T001968,351.979627,-37.971116,LRG,0.77659198,1.0000,false
V4T001969,335.965167,-35.292170,BGS,1.32515696,0.4500,false
V4T001970,356.116801,-22.246273,Star,4.64044470,0.3000,false
V4T001971,347.721763,-26.519508,LRG,0.28050086,1.0000,false
V4T001972,49.938892,-47.923684,LRG,0.26123225,1.0000,false
V4T001973,353.050658,-20.181517,LRG,0.30594849,1.0000,false
V4T001974,18.802857,-48.502946,QSO,0.25818591,1.7000,false
V4T001975,358.169613,-25.829863,ELG,0.31370212,1.0000,false
V4T001976,335.972188,-31.931316,LRG,0.45836930,1.0000,false
V4T001977,342.650825,-31.908716,ELG,0.97414285,1.0000,false
V4T001978,36.483695,-59.152313,LRG,0.25598896,1.0000,false
V4T001979,39.139867,-39.729251,Star,4.83308365,0.3000,false
V4T001980,356.953691,-25.780104,QSO,0.16743960,1.7000,false
V4T001981,1.552991,-32.409620,BGS,1.24384003,0.4500,false
V4T001982,339.542111,-18.505518,Star,4.49398116,0.3000,false
V4T001983,346.125975,-30.097788,BGS,0.98029498,0.4500,false
V4T001984,3.214296,-35.246138,BGS,2.61952162,0.4500,false
V4T001985,334.956231,-24.565393,Star,4.65701956,0.3000,false
V4T001986,46.652304,-44.071080,ELG,0.37660851,1.0000,false
V4T001987,343.965377,-36.121424,BGS,1.09421946,0.4500,false
V4T001988,338.196446,-22.275698,Star,3.64694893,0.3000,false
V4T001989,27.236331,-51.088253,BGS,0.96837933,0.4500,false
V4T001990,338.737130,-29.697862,BGS,1.85715544,0.4500,false
V4T001991,38.616739,-52.483116,Star,5.53336337,0.3000,false
V4T001992,335.483947,-26.409265,ELG,0.59550072,1.0000,false
V4T001993,29.225664,-42.490383,BGS,0.89998812,0.4500,false
V4T001994,346.857081,-23.928045,LRG,0.29252216,1.0000,false
V4T001995,35.483863,-59.006325,BGS,1.26173833,0.4500,false
V4T001996,2.707787,-21.682403,LRG,0.77007582,1.0000,false
V4T001997,347.168543,-37.879683,BGS,1.12000694,0.4500,false
V4T001998,34.599491,-45.588054,ELG,0.43637610,1.0000,false
V4T001999,33.685457,-50.672127,QSO,0.20857391,1.7000,false
V4T002000,349.361965,-24.619133,LRG,0.25011648,1.0000,false
V4T002001,27.066430,-48.367482,LRG,0.47799843,1.0000,false
V4T002002,356.647450,-16.233355,ELG,0.60953069,1.0000,false
V4T002003,30.876037,-42.360061,BGS,0.94320645,0.4500,true
V4T002004,35.503787,-55.405216,LRG,0.30388355,1.0000,false
V4T002005,27.979725,-36.532405,QSO,0.10674048,1.7000,false
V4T002006,342.972778,-41.225627,BGS,0.73754548,0.4500,false
V4T002007,340.541576,-26.629903,QSO,0.31039200,1.7000,true
V4T002008,353.298589,-32.229690,LRG,0.35184545,1.0000,false
V4T002009,356.436604,-23.458876,Star,7.05950488,0.3000,false
V4T002010,353.839503,-36.880285,ELG,0.37070012,1.0000,false
V4T002011,14.285012,-46.040267,BGS,1.49077315,0.4500,false
V4T002012,355.736936,-39.324858,LRG,0.39547203,1.0000,false
V4T002013,354.093969,-38.500533,LRG,0.34399687,1.0000,true
V4T002014,339.494859,-35.754175,LRG,0.46950806,1.0000,false
V4T002015,345.965870,-34.152719,QSO,0.24081947,1.7000,false
V4T002016,351.099208,-39.255553,QSO,0.22011710,1.7000,true
V4T002017,18.768327,-44.799094,LRG,0.51043473,1.0000,false
V4T002018,342.948384,-37.384942,ELG,0.49382313,1.0000,false
V4T002019,353.730672,-17.127208,LRG,0.35541113,1.0000,false
V4T002020,346.703781,-18.780501,ELG,0.38128409,1.0000,false
V4T002021,25.000610,-47.542661,LRG,0.29979388,1.0000,false
V4T002022,355.434081,-23.937785,ELG,0.58918942,1.0000,false
V4T002023,37.614658,-58.401621,LRG,0.25361654,1.0000,false
V4T002024,352.495713,-21.972882,BGS,1.54871709,0.4500,false
V4T002025,349.337924,-32.091389,LRG,0.24846191,1.0000,false
V4T002026,25.616305,-50.097948,LRG,0.18721789,1.0000,false
V4T002027,339.138217,-22.360390,QSO,0.32740524,1.7000,false
V4T002028,32.258958,-47.192305,ELG,0.38358438,1.0000,false
V4T002029,45.555975,-55.544018,LRG,0.34988638,1.0000,false
V4T002030,35.504220,-54.830150,BGS,1.28092806,0.4500,false
V4T002031,357.611665,-37.486311,BGS,0.84621348,0.4500,false
V4T002032,349.098191,-40.037026,QSO,0.59789140,1.7000,false
V4T002033,48.062625,-44.789881,Star,4.83960349,0.3000,false
V4T002034,340.506619,-23.794845,BGS,1.23153567,0.4500,false
V4T002035,2.811911,-22.278526,QSO,0.24528379,1.7000,false
V4T002036,343.564344,-35.616056,QSO,0.11822305,1.7000,false
V4T002037,344.316562,-40.200034,BGS,1.15125840,0.4500,false
V4T002038,38.516910,-53.757115,BGS,0.90056198,0.4500,false
V4T002039,359.256514,-32.812170,LRG,0.15098541,1.0000,false
V4T002040,23.002067,-51.228440,Star,3.78502660,0.3000,false
V4T002041,31.820436,-50.118450,ELG,0.53275887,1.0000,false
V4T002042,358.561822,-18.173292,ELG,0.22059992,1.0000,false
V4T002043,352.114156,-39.308756,Star,6.25916025,0.3000,false
V4T002044,335.985900,-26.327701,QSO,0.15588424,1.7000,false
V4T002045,21.147060,-49.287395,LRG,0.33621048,1.0000,false
V4T002046,339.797428,-23.922419,Star,6.03944671,0.3000,false
V4T002047,4.251740,-28.068494,QSO,0.28052904,1.7000,false
V4T002048,41.264405,-43.592176,Star,4.19606285,0.3000,false
V4T002049,359.202192,-18.398504,LRG,0.29499268,1.0000,false
V4T002050,346.078022,-29.985039,ELG,0.37810139,1.0000,false
V4T002051,352.188144,-21.296044,BGS,1.55758893,0.4500,false
V4T002052,31.196140,-43.349290,QSO,0.12227158,1.7000,false
V4T002053,359.797696,-19.034458,Star,3.86012542,0.3000,false
V4T002054,355.855049,-15.976956,BGS,1.58276059,0.4500,false
V4T002055,28.536784,-38.767445,BGS,0.97523923,0.4500,false
V4T002056,358.098306,-37.203245,LRG,0.38498063,1.0000,false
V4T002057,31.194860,-43.421541,ELG,0.73460429,1.0000,false
V4T002058,339.419516,-21.096467,ELG,0.47498160,1.0000,false
V4T002059,356.505106,-38.006929,Star,3.20155238,0.3000,false
V4T002060,3.879194,-29.216756,ELG,0.80503014,1.0000,false
V4T002061,358.849553,-17.954334,Star,3.31384492,0.3000,false
V4T002062,355.626114,-22.754518,ELG,0.73209412,1.0000,false
V4T002063,359.408264,-18.632502,LRG,0.26260457,1.0000,false
V4T002064,51.238188,-49.888414,Star,6.14840097,0.3000,false
V4T002065,338.026032,-20.524155,BGS,1.34258376,0.4500,false
V4T002066,352.457178,-19.537542,ELG,0.15998295,1.0000,false
V4T002067,43.633223,-39.703926,LRG,0.36814953,1.0000,false
V4T002068,41.864150,-52.612992,LRG,0.26215177,1.0000,false
V4T002069,340.706200,-23.619939,QSO,0.13802089,1.7000,false
V4T002070,353.191682,-20.432025,LRG,0.60417287,1.0000,false
V4T002071,353.854297,-24.962862,BGS,0.77488457,0.4500,false
V4T002072,343.154663,-17.937901,LRG,0.61155293,1.0000,false
V4T002073,344.186926,-19.412234,Star,6.41149696,0.3000,false
V4T002074,35.384493,-54.550695,ELG,0.44295218,1.0000,false
V4T002075,343.100010,-23.921384,ELG,0.42336728,1.0000,false
V4T002076,340.981583,-23.908267,BGS,2.13946646,0.4500,false
V4T002077,344.283261,-29.487871,BGS,1.82362102,0.4500,false
V4T002078,345.824803,-29.503150,ELG,0.32105955,1.0000,false
V4T002079,37.360393,-46.638076,ELG,0.71568711,1.0000,false
V4T002080,31.120441,-43.665989,QSO,0.34917315,1.7000,false
V4T002081,41.370819,-42.365386,BGS,1.06499151,0.4500,false
V4T002082,351.918671,-39.706686,QSO,0.15498197,1.7000,false
V4T002083,344.363438,-31.950936,QSO,0.13853719,1.7000,false
V4T002084,356.906275,-32.226319,LRG,0.38744203,1.0000,true
V4T002085,353.819910,-20.352778,QSO,0.28148311,1.7000,false
V4T002086,30.635389,-42.454826,BGS,1.14058421,0.4500,false
V4T002087,22.568017,-51.554960,LRG,0.26537297,1.0000,false
V4T002088,28.845930,-36.964964,LRG,0.23034820,1.0000,false
V4T002089,32.953624,-35.609977,BGS,1.24969615,0.4500,false
V4T002090,350.236573,-19.100818,Star,3.12270947,0.3000,false
V4T002091,339.400513,-36.436940,BGS,0.97248946,0.4500,false
V4T002092,41.629604,-58.449149,QSO,0.11574392,1.7000,false
V4T002093,346.215867,-26.065654,LRG,0.37804979,1.0000,false
V4T002094,353.934754,-19.502386,QSO,0.08976069,1.7000,false
V4T002095,341.552619,-38.351957,BGS,1.44862553,0.4500,false
V4T002096,23.150959,-51.612878,Star,2.94755117,0.3000,false
V4T002097,1.655307,-21.181810,ELG,0.76664880,1.0000,false
V4T002098,30.445109,-52.486910,BGS,1.49868067,0.4500,false
V4T002099,356.062249,-23.551744,ELG,0.63629022,1.0000,false
V4T002100,349.028690,-17.832116,BGS,0.62867749,0.4500,false
V4T002101,350.334555,-40.655554,ELG,0.55260496,1.0000,false
V4T002102,351.269600,-39.142301,BGS,1.19560323,0.4500,false
V4T002103,342.154495,-34.408228,BGS,0.80635000,0.4500,false
V4T002104,2.760268,-35.279184,ELG,1.10384474,1.0000,false
V4T002105,14.526800,-47.192843,ELG,0.51427557,1.0000,false
V4T002106,37.974000,-51.178361,LRG,0.39121078,1.0000,false
V4T002107,354.094999,-19.630973,LRG,0.33291458,1.0000,false
V4T002108,359.293528,-23.478905,ELG,1.05866349,1.0000,false
V4T002109,334.811163,-28.608993,Star,3.73989837,0.3000,false
V4T002110,44.344553,-54.923243,ELG,0.52911312,1.0000,false
V4T002111,347.558084,-22.185793,BGS,1.25510075,0.4500,false
V4T002112,351.763596,-28.731349,LRG,0.52700826,1.0000,false
V4T002113,347.256047,-33.351520,BGS,2.44716898,0.4500,false
V4T002114,347.215921,-18.165236,ELG,0.67311378,1.0000,false
V4T002115,341.720787,-22.728327,LRG,0.58969234,1.0000,false
V4T002116,357.598968,-18.516239,ELG,0.35817306,1.0000,false
V4T002117,351.683768,-17.595143,ELG,1.17411253,1.0000,false
V4T002118,6.235093,-25.763674,ELG,0.55815731,1.0000,false
V4T002119,47.310671,-42.859710,BGS,1.32777917,0.4500,false
V4T002120,43.401480,-56.061920,Star,4.25508254,0.3000,false
V4T002121,31.111928,-42.846299,Star,3.89441030,0.3000,false
V4T002122,341.402782,-31.413317,BGS,1.46491444,0.4500,false
V4T002123,353.465600,-38.275691,BGS,1.02504767,0.4500,false
V4T002124,355.378128,-39.511389,ELG,0.52381168,1.0000,false
V4T002125,337.938528,-21.650607,BGS,1.25952601,0.4500,false
V4T002126,27.589285,-50.331867,LRG,0.58430177,1.0000,false
V4T002127,24.643620,-38.206277,QSO,0.16616133,1.7000,false
V4T002128,39.636615,-59.863891,LRG,0.39454149,1.0000,false
V4T002129,339.606559,-30.545493,LRG,0.23200646,1.0000,false
V4T002130,345.402324,-35.124416,BGS,1.06075164,0.4500,false
V4T002131,30.960852,-42.414930,BGS,1.65205296,0.4500,true
V4T002132,42.822857,-54.444658,LRG,0.37893741,1.0000,false
V4T002133,21.342247,-54.031784,QSO,0.10407683,1.7000,false
V4T002134,17.170145,-46.703080,LRG,0.34828580,1.0000,false
V4T002135,2.731687,-35.201852,BGS,0.88317762,0.4500,false
V4T002136,46.943084,-45.154834,ELG,0.38455735,1.0000,false
V4T002137,33.682131,-42.103988,QSO,0.16537990,1.7000,false
V4T002138,346.262064,-35.645040,BGS,1.28053452,0.4500,false
V4T002139,339.844204,-23.976981,ELG,0.47757272,1.0000,false
V4T002140,358.904287,-18.499494,ELG,1.25811198,1.0000,false
V4T002141,359.544003,-20.743469,QSO,0.07345422,1.7000,false
V4T002142,37.142674,-43.871424,ELG,0.86800452,1.0000,false
V4T002143,345.916631,-31.477286,ELG,0.48504573,1.0000,false
V4T002144,340.633565,-38.440343,ELG,0.30301703,1.0000,false
V4T002145,342.245881,-33.735174,LRG,0.49848026,1.0000,false
V4T002146,355.401464,-24.870513,LRG,0.23412770,1.0000,false
V4T002147,337.856107,-28.954191,Star,4.50731842,0.3000,false
V4T002148,356.006551,-35.733264,QSO,0.34801208,1.7000,false
V4T002149,351.914749,-39.334058,ELG,0.59608390,1.0000,false
V4T002150,35.072105,-39.609505,QSO,0.62032567,1.7000,false
V4T002151,342.624932,-22.701013,ELG,0.43769057,1.0000,false
V4T002152,23.506364,-51.681579,LRG,0.27616474,1.0000,false
V4T002153,337.770497,-20.060038,BGS,1.90344963,0.4500,false
V4T002154,348.915969,-28.142582,ELG,1.30851186,1.0000,false
V4T002155,343.710867,-26.515588,ELG,0.86016838,1.0000,false
V4T002156,0.787778,-25.633926,LRG,0.30659846,1.0000,false
V4T002157,35.525756,-55.185202,QSO,0.16101152,1.7000,false
V4T002158,42.959137,-56.642119,ELG,0.41427384,1.0000,true
V4T002159,39.356194,-48.735563,BGS,1.28059955,0.4500,false
V4T002160,38.106211,-59.620543,LRG,0.36816266,1.0000,false
V4T002161,335.910193,-31.847335,BGS,1.41587318,0.4500,false
V4T002162,359.989326,-25.269034,ELG,0.62798246,1.0000,false
V4T002163,339.872104,-30.910686,ELG,0.58947532,1.0000,false
V4T002164,35.980866,-54.917918,QSO,0.16094115,1.7000,false
V4T002165,347.614123,-28.600550,BGS,1.04215862,0.4500,false
V4T002166,6.768042,-27.821228,ELG,1.00629402,1.0000,false
V4T002167,352.539945,-39.033148,QSO,0.14594487,1.7000,false
V4T002168,343.500228,-18.880317,ELG,0.39364030,1.0000,false
V4T002169,23.916467,-52.104186,BGS,2.15674570,0.4500,false
V4T002170,12.834335,-49.226957,ELG,1.02085045,1.0000,false
V4T002171,348.750386,-36.217132,ELG,0.51467292,1.0000,false
V4T002172,24.136067,-48.588135,ELG,0.60092379,1.0000,false
V4T002173,28.567594,-48.407780,LRG,0.28639244,1.0000,false
V4T002174,352.031921,-29.301370,LRG,0.19222932,1.0000,false
V4T002175,30.700271,-43.647888,Star,2.74787934,0.3000,false
V4T002176,338.887727,-30.161532,ELG,0.34662807,1.0000,false
V4T002177,3.411022,-25.166785,BGS,1.81901171,0.4500,false
V4T002178,31.085778,-45.874045,BGS,0.78424778,0.4500,false
V4T002179,23.783771,-47.804129,BGS,0.97215427,0.4500,false
V4T002180,358.541701,-32.287142,LRG,0.44332713,1.0000,false
V4T002181,352.917825,-19.593869,BGS,1.07261472,0.4500,false
V4T002182,344.961855,-25.770285,QSO,0.21403985,1.7000,false
V4T002183,337.143941,-32.954829,QSO,0.22853927,1.7000,false
V4T002184,29.696226,-44.355420,ELG,0.66553364,1.0000,false
V4T002185,351.633807,-38.835779,ELG,0.51644121,1.0000,false
V4T002186,353.452071,-21.081126,LRG,0.35610883,1.0000,false
V4T002187,2.075729,-36.258391,ELG,0.36913156,1.0000,false
V4T002188,36.955120,-49.262383,LRG,0.35644291,1.0000,true
V4T002189,349.113362,-27.773580,BGS,0.89176568,0.4500,false
V4T002190,356.316889,-20.169525,LRG,0.20815983,1.0000,true
V4T002191,353.283452,-19.502911,LRG,0.30344197,1.0000,false
V4T002192,1.563769,-35.622615,ELG,0.75631566,1.0000,false
V4T002193,25.859045,-52.921940,ELG,0.49837210,1.0000,false
V4T002194,358.192186,-18.726826,Star,3.75758402,0.3000,false
V4T002195,41.934392,-46.522158,BGS,1.21482549,0.4500,false
V4T002196,41.688424,-53.186577,Star,2.57011451,0.3000,false
V4T002197,4.487704,-26.961069,Star,3.03028595,0.3000,false
V4T002198,32.103107,-39.023168,BGS,2.80824102,0.4500,false
V4T002199,345.186289,-33.162098,BGS,0.88117544,0.4500,false
V4T002200,36.745249,-58.130550,ELG,0.46176024,1.0000,false
V4T002201,22.497009,-48.278350,BGS,1.40146853,0.4500,false
V4T002202,342.539846,-37.083044,QSO,0.15833119,1.7000,false
V4T002203,358.644369,-18.624520,QSO,0.63720863,1.7000,false
V4T002204,351.556861,-21.525545,ELG,0.62883855,1.0000,false
V4T002205,348.905082,-21.139296,Star,3.06382397,0.3000,false
V4T002206,354.117025,-38.875848,ELG,0.48627399,1.0000,false
V4T002207,351.099072,-35.210816,ELG,0.47999535,1.0000,false
V4T002208,358.875452,-29.095442,LRG,0.35836437,1.0000,false
V4T002209,33.566456,-39.390176,BGS,0.84325872,0.4500,false
V4T002210,43.131793,-56.359777,QSO,0.17407070,1.7000,false
V4T002211,1.393338,-35.208677,ELG,0.28382887,1.0000,false
V4T002212,36.624098,-56.580289,ELG,0.49184923,1.0000,false
V4T002213,353.851230,-30.747461,ELG,0.37072798,1.0000,false
V4T002214,337.778903,-20.959581,Star,4.86198999,0.3000,false
V4T002215,40.389896,-49.302954,ELG,0.86662462,1.0000,false
V4T002216,339.394093,-37.535914,Star,3.63063137,0.3000,true
V4T002217,341.226273,-18.155880,BGS,1.11409699,0.4500,false
V4T002218,342.625656,-33.190248,ELG,0.67849534,1.0000,false
V4T002219,2.703567,-32.156562,ELG,0.44677712,1.0000,false
V4T002220,29.972796,-45.202347,ELG,0.68013446,1.0000,false
V4T002221,356.135676,-25.297161,ELG,0.55196716,1.0000,false
V4T002222,30.703257,-42.824321,ELG,0.87628368,1.0000,false
V4T002223,35.656475,-47.380648,QSO,0.25186801,1.7000,false
V4T002224,29.908292,-43.816793,ELG,0.43856715,1.0000,false
V4T002225,20.211224,-47.978831,ELG,0.92923384,1.0000,true
V4T002226,342.544415,-36.670486,ELG,0.35484544,1.0000,false
V4T002227,357.843386,-36.796230,LRG,0.33405348,1.0000,false
V4T002228,4.209186,-29.483990,ELG,0.76298299,1.0000,false
V4T002229,340.774872,-24.493261,QSO,0.14462732,1.7000,false
V4T002230,2.576764,-35.385426,LRG,0.42697610,1.0000,false
V4T002231,346.513244,-30.087000,LRG,0.31360081,1.0000,false
V4T002232,340.626850,-23.427717,BGS,0.78733289,0.4500,false
V4T002233,35.237968,-56.513443,LRG,0.46822656,1.0000,false
V4T002234,39.954122,-41.318837,ELG,0.46038886,1.0000,false
V4T002235,334.709308,-34.958327,LRG,0.60571928,1.0000,false
V4T002236,36.555919,-57.420232,QSO,0.09053573,1.7000,false
V4T002237,2.584408,-22.032576,BGS,1.68586566,0.4500,false
V4T002238,347.246799,-30.960829,LRG,0.36444382,1.0000,false
V4T002239,0.419063,-28.156513,ELG,0.61395569,1.0000,false
V4T002240,3.436515,-21.225282,BGS,0.75024183,0.4500,true
V4T002241,339.555956,-33.435407,BGS,1.21141349,0.4500,false
V4T002242,36.473284,-36.894697,LRG,0.35394006,1.0000,false
V4T002243,347.262264,-39.048421,LRG,0.30462818,1.0000,false
V4T002244,341.609123,-26.704766,QSO,0.22857391,1.7000,false
V4T002245,46.766199,-55.747805,ELG,0.54937497,1.0000,false
V4T002246,351.848737,-20.211773,ELG,0.64966547,1.0000,false
V4T002247,43.915668,-41.080262,Star,3.03881874,0.3000,false
V4T002248,21.414685,-50.427607,ELG,0.95168632,1.0000,false
V4T002249,17.156525,-53.430344,LRG,0.42045224,1.0000,false
V4T002250,355.571152,-22.652431,Star,3.59703236,0.3000,false
V4T002251,341.934538,-17.653679,BGS,1.80597410,0.4500,false
V4T002252,338.966916,-21.535940,ELG,0.77368233,1.0000,false
V4T002253,16.524475,-49.054564,ELG,0.74770843,1.0000,false
V4T002254,20.422750,-42.402409,BGS,1.33461055,0.4500,false
V4T002255,359.820148,-20.796957,ELG,0.27831873,1.0000,false
V4T002256,39.497110,-54.308742,ELG,0.38616296,1.0000,false
V4T002257,31.557441,-49.458185,LRG,0.60676933,1.0000,false
V4T002258,50.909287,-49.780821,LRG,0.61388303,1.0000,false
V4T002259,335.669908,-35.351141,ELG,0.94137206,1.0000,false
V4T002260,34.853573,-56.685574,ELG,0.99195232,1.0000,false
V4T002261,22.642768,-49.920693,QSO,0.10182095,1.7000,false
V4T002262,348.027168,-38.569195,QSO,0.09825680,1.7000,false
V4T002263,1.380447,-31.088154,ELG,0.44657447,1.0000,false
V4T002264,336.669005,-24.198192,BGS,2.11012162,0.4500,false
V4T002265,42.702532,-52.037561,ELG,0.61361937,1.0000,false
V4T002266,349.314398,-23.593433,BGS,2.17877325,0.4500,false
V4T002267,340.173234,-23.575061,ELG,0.65251269,1.0000,false
V4T002268,31.798435,-42.286337,BGS,1.22224598,0.4500,false
V4T002269,37.824602,-55.774624,LRG,0.48066189,1.0000,false
V4T002270,350.649755,-38.944802,ELG,0.67282778,1.0000,false
V4T002271,0.545380,-24.636833,ELG,0.89232999,1.0000,false
V4T002272,354.386306,-29.974922,LRG,0.29361485,1.0000,false
V4T002273,357.300431,-29.013272,ELG,0.43668154,1.0000,false
V4T002274,340.505993,-26.825689,ELG,0.28714657,1.0000,false
V4T002275,356.733105,-29.339399,BGS,1.13401102,0.4500,false
V4T002276,29.919414,-43.502309,ELG,0.63453554,1.0000,false
V4T002277,2.150023,-33.190581,BGS,1.14960209,0.4500,false
V4T002278,42.376914,-59.074108,ELG,0.94863293,1.0000,false
V4T002279,355.034777,-21.635231,BGS,2.29970077,0.4500,false
V4T002280,337.990949,-21.595549,LRG,0.40396009,1.0000,true
V4T002281,43.906758,-42.346942,ELG,0.31017711,1.0000,false
V4T002282,27.991627,-46.464587,ELG,0.36282285,1.0000,false
V4T002283,355.869037,-22.853247,QSO,0.14268235,1.7000,false
V4T002284,356.044884,-26.343510,BGS,1.71626356,0.4500,false
V4T002285,358.379020,-19.232276,LRG,0.33690946,1.0000,false
V4T002286,359.373816,-19.844153,ELG,0.74307070,1.0000,false
V4T002287,1.132736,-23.904587,LRG,0.30221800,1.0000,false
V4T002288,37.851392,-37.056482,BGS,1.13366679,0.4500,false
V4T002289,349.964131,-22.806954,ELG,0.44042111,1.0000,false
V4T002290,345.731583,-29.771751,BGS,1.32838737,0.4500,false
V4T002291,336.600143,-21.925242,ELG,0.28065391,1.0000,false
V4T002292,35.335843,-55.122373,Star,5.10033027,0.3000,false
V4T002293,33.302934,-36.238495,BGS,1.33686300,0.4500,false
V4T002294,352.430424,-17.097540,BGS,1.39227839,0.4500,false
V4T002295,353.685172,-29.451527,BGS,2.13513610,0.4500,false
V4T002296,4.675127,-23.323255,LRG,0.34360894,1.0000,false
V4T002297,358.851599,-18.960916,ELG,0.36735860,1.0000,false
V4T002298,31.298232,-43.900127,BGS,0.93639973,0.4500,false
V4T002299,40.631614,-43.676213,BGS,0.91315254,0.4500,false
V4T002300,338.974586,-21.808868,BGS,1.50145321,0.4500,false
V4T002301,339.745801,-30.599803,QSO,0.36551053,1.7000,false
V4T002302,353.356561,-17.177692,BGS,1.13298757,0.4500,false
V4T002303,38.808367,-50.697418,Star,3.98898758,0.3000,false
V4T002304,356.578507,-26.446863,BGS,1.01434119,0.4500,false
V4T002305,46.712406,-48.807422,BGS,0.71861160,0.4500,false
V4T002306,352.701677,-34.918370,LRG,0.31276605,1.0000,false
V4T002307,5.497273,-27.839844,LRG,0.21734390,1.0000,false
V4T002308,357.727421,-16.916411,LRG,0.48923850,1.0000,false
V4T002309,20.014864,-40.623612,LRG,0.30812984,1.0000,false
V4T002310,348.414906,-15.939884,BGS,1.08813296,0.4500,false
V4T002311,35.760626,-54.350723,QSO,0.07978147,1.7000,false
V4T002312,26.115602,-38.482778,LRG,0.23740296,1.0000,false
V4T002313,351.090856,-21.081625,ELG,0.64081708,1.0000,false
V4T002314,353.568761,-27.454097,BGS,1.74571391,0.4500,false
V4T002315,26.154128,-44.380766,ELG,0.47935597,1.0000,false
V4T002316,340.610118,-23.296795,LRG,0.36083016,1.0000,false
V4T002317,26.915326,-56.493586,Star,3.04878651,0.3000,false
V4T002318,350.529576,-32.284574,QSO,0.12514629,1.7000,true
V4T002319,340.879770,-29.904848,ELG,0.41404901,1.0000,true
V4T002320,3.329608,-20.591242,QSO,0.07844656,1.7000,false
V4T002321,353.580841,-19.628066,ELG,1.17338837,1.0000,false
V4T002322,38.524688,-45.701127,ELG,0.45894159,1.0000,false
V4T002323,344.157834,-25.331566,ELG,0.64702644,1.0000,false
V4T002324,37.742664,-39.967415,Star,4.17176228,0.3000,false
V4T002325,343.598057,-36.248288,ELG,0.63388141,1.0000,false
V4T002326,19.874088,-55.446277,ELG,0.89315325,1.0000,false
V4T002327,2.075103,-35.298144,LRG,0.25518243,1.0000,false
V4T002328,17.634325,-45.582926,BGS,1.07806672,0.4500,false
V4T002329,354.012110,-33.492984,Star,2.63916572,0.3000,false
V4T002330,23.019910,-54.244395,QSO,0.18254701,1.7000,false
V4T002331,357.027583,-23.955141,BGS,1.81101640,0.4500,false
V4T002332,354.367020,-23.567980,QSO,0.46232272,1.7000,false
V4T002333,352.503087,-39.475866,QSO,0.23517705,1.7000,false
V4T002334,345.605528,-30.779590,ELG,0.49137528,1.0000,false
V4T002335,343.552370,-32.919598,ELG,0.51400627,1.0000,false
V4T002336,346.437742,-29.658372,ELG,0.38901478,1.0000,false
V4T002337,35.357148,-55.698509,BGS,1.06268780,0.4500,false
V4T002338,335.745157,-31.076273,ELG,0.39117281,1.0000,false
V4T002339,342.781989,-35.561954,BGS,1.25388031,0.4500,false
V4T002340,339.437126,-38.991045,LRG,0.30731650,1.0000,false
V4T002341,34.811432,-42.917920,BGS,0.78942382,0.4500,false
V4T002342,339.622135,-20.564809,QSO,0.25118974,1.7000,false
V4T002343,339.738510,-20.870859,QSO,0.10342825,1.7000,false
V4T002344,337.550862,-24.969968,ELG,0.37050642,1.0000,false
V4T002345,355.207209,-39.240993,LRG,0.38825951,1.0000,false
V4T002346,337.127470,-20.894652,ELG,0.42052003,1.0000,false
V4T002347,354.656012,-40.000628,BGS,1.30668699,0.4500,false
V4T002348,36.842922,-60.508865,BGS,1.31307119,0.4500,false
V4T002349,35.955360,-55.865766,ELG,0.54530393,1.0000,false
V4T002350,353.035537,-30.254238,QSO,0.16602352,1.7000,false
V4T002351,33.705181,-54.027825,Star,3.63095546,0.3000,false
V4T002352,344.034019,-35.492936,ELG,0.56339598,1.0000,false
V4T002353,340.385093,-35.265817,LRG,0.16197456,1.0000,false
V4T002354,344.342659,-27.320619,Star,3.55424472,0.3000,false
V4T002355,3.461544,-29.971166,QSO,0.11735367,1.7000,false
V4T002356,24.881106,-47.628756,LRG,0.34970574,1.0000,false
V4T002357,19.720484,-46.767042,LRG,0.43248688,1.0000,false
V4T002358,343.704542,-24.874613,BGS,1.62444830,0.4500,false
V4T002359,341.548730,-40.530478,BGS,1.51822241,0.4500,false
V4T002360,29.609825,-43.132409,ELG,0.34244614,1.0000,false
V4T002361,343.789524,-21.752776,BGS,2.38257509,0.4500,false
V4T002362,339.300830,-21.519901,ELG,0.39129977,1.0000,false
V4T002363,353.641646,-19.564194,BGS,1.46299417,0.4500,false
V4T002364,41.130122,-46.637390,BGS,0.96501255,0.4500,false
V4T002365,343.722460,-22.993120,ELG,0.82573077,1.0000,false
V4T002366,37.640288,-50.578683,ELG,1.28330967,1.0000,true
V4T002367,341.802483,-38.912909,Star,3.70654614,0.3000,false
V4T002368,351.540777,-18.123903,BGS,1.84570643,0.4500,false
V4T002369,358.413594,-20.636281,LRG,0.34302841,1.0000,false
V4T002370,5.899738,-27.396220,ELG,0.67576189,1.0000,false
V4T002371,31.215286,-44.245998,ELG,1.21581173,1.0000,false
V4T002372,355.506003,-25.089698,QSO,0.15301198,1.7000,false
V4T002373,334.514202,-25.409813,ELG,0.81944391,1.0000,false
V4T002374,350.033967,-41.569440,BGS,0.85617647,0.4500,false
V4T002375,342.884801,-36.901459,QSO,0.16052632,1.7000,false
V4T002376,345.282639,-30.346047,ELG,0.53272647,1.0000,false
V4T002377,356.381753,-29.414328,LRG,0.55517119,1.0000,false
V4T002378,343.398784,-23.135901,QSO,0.05393163,1.7000,false
V4T002379,353.898091,-39.341784,BGS,0.88901325,0.4500,false
V4T002380,355.312959,-25.004463,ELG,0.60669342,1.0000,false
V4T002381,336.891375,-21.484587,BGS,0.80093698,0.4500,false
V4T002382,354.646686,-21.778114,ELG,0.54768588,1.0000,false
V4T002383,357.416328,-36.563993,BGS,1.45547142,0.4500,false
V4T002384,32.326513,-48.991773,BGS,1.68421388,0.4500,true
V4T002385,357.551731,-36.291437,LRG,0.69940288,1.0000,false
V4T002386,350.363615,-16.424691,LRG,0.27044538,1.0000,false
V4T002387,343.338444,-33.637549,ELG,0.37632413,1.0000,false
V4T002388,343.937208,-15.853584,Star,6.85727351,0.3000,false
V4T002389,24.395243,-52.838253,BGS,1.09184201,0.4500,false
V4T002390,351.637964,-39.249266,BGS,1.17022708,0.4500,false
V4T002391,334.677596,-34.856837,LRG,0.27662098,1.0000,false
V4T002392,352.917534,-20.170693,BGS,1.17163878,0.4500,false
V4T002393,339.400082,-23.824303,Star,2.74484440,0.3000,false
V4T002394,0.775344,-31.724427,QSO,0.20660664,1.7000,false
V4T002395,43.153345,-39.579427,LRG,0.33165732,1.0000,false
V4T002396,44.808578,-57.116210,QSO,0.10807402,1.7000,false
V4T002397,343.283202,-17.641562,QSO,0.07310829,1.7000,false
V4T002398,343.395915,-36.516731,BGS,1.02729984,0.4500,false
V4T002399,335.098478,-24.210337,ELG,0.64018086,1.0000,false
V4T002400,349.941973,-30.458844,LRG,0.23542275,1.0000,false
V4T002401,27.127946,-55.306313,ELG,0.31406809,1.0000,false
V4T002402,338.278340,-29.815425,ELG,0.87254047,1.0000,false
V4T002403,339.733841,-26.642043,ELG,0.61741283,1.0000,false
V4T002404,345.290934,-30.134076,ELG,0.38591682,1.0000,false
V4T002405,27.840055,-36.733998,ELG,0.90196002,1.0000,false
V4T002406,34.759135,-49.022757,QSO,0.24721107,1.7000,false
V4T002407,2.888469,-20.236596,QSO,0.22372625,1.7000,false
V4T002408,25.335330,-49.714081,Star,4.95246235,0.3000,false
V4T002409,3.790516,-21.610584,LRG,0.38918612,1.0000,false
V4T002410,18.451765,-47.640224,ELG,0.52690664,1.0000,true
V4T002411,340.477596,-34.959840,ELG,0.86665384,1.0000,false
V4T002412,32.324790,-61.063212,Star,5.87778216,0.3000,false
V4T002413,339.220472,-29.737644,ELG,1.29508029,1.0000,true
V4T002414,352.503228,-19.812281,Star,3.10388596,0.3000,false
V4T002415,5.524438,-23.895053,LRG,0.30945972,1.0000,false
V4T002416,338.770508,-20.091983,ELG,0.50077933,1.0000,false
V4T002417,3.267618,-32.851878,ELG,0.59006791,1.0000,false
V4T002418,355.582689,-30.671424,QSO,0.29075360,1.7000,false
V4T002419,355.352542,-24.076355,LRG,0.24489355,1.0000,false
V4T002420,31.024335,-49.519507,LRG,0.34203781,1.0000,false
V4T002421,1.875429,-31.302763,LRG,0.25351200,1.0000,false
V4T002422,4.898706,-29.839527,QSO,0.07908515,1.7000,false
V4T002423,4.387493,-24.320323,ELG,0.35964899,1.0000,false
V4T002424,3.137986,-21.089648,LRG,0.41277496,1.0000,false
V4T002425,338.561252,-21.630068,QSO,0.15169588,1.7000,false
V4T002426,25.513214,-37.935748,LRG,0.46198764,1.0000,false
V4T002427,22.368395,-51.630348,Star,3.63460180,0.3000,false
V4T002428,32.253740,-35.959743,BGS,1.37691283,0.4500,false
V4T002429,342.574911,-36.993463,LRG,0.49970081,1.0000,false
V4T002430,355.464129,-27.042567,QSO,0.18402711,1.7000,false
V4T002431,351.354640,-16.104768,LRG,0.44075147,1.0000,false
V4T002432,334.666656,-31.997437,ELG,0.52276328,1.0000,false
V4T002433,2.730533,-35.626600,BGS,1.34146234,0.4500,false
V4T002434,355.213753,-25.165983,Star,1.99680457,0.3000,false
V4T002435,351.114058,-15.397048,QSO,0.06731757,1.7000,false
V4T002436,29.435164,-45.019378,QSO,0.21742984,1.7000,false
V4T002437,25.943818,-38.452008,BGS,1.44671301,0.4500,false
V4T002438,340.780018,-23.183921,ELG,0.70879396,1.0000,false
V4T002439,46.742897,-42.751635,ELG,0.52285489,1.0000,false
V4T002440,45.180120,-45.032217,BGS,1.46578261,0.4500,false
V4T002441,23.037402,-40.880328,BGS,1.39550320,0.4500,false
V4T002442,357.841693,-22.348444,BGS,0.77795890,0.4500,false
V4T002443,357.017342,-28.802986,ELG,0.74141800,1.0000,false
V4T002444,355.936726,-33.689470,Star,4.08092684,0.3000,false
V4T002445,346.678682,-26.704994,QSO,0.07292278,1.7000,false
V4T002446,37.408504,-55.973671,BGS,0.78873241,0.4500,false
V4T002447,341.126100,-33.695844,ELG,0.22937006,1.0000,false
V4T002448,355.340929,-17.822696,ELG,0.30791298,1.0000,false
V4T002449,21.243442,-58.907708,ELG,0.62647105,1.0000,false
V4T002450,45.912222,-51.938166,BGS,1.00865701,0.4500,false
V4T002451,21.225479,-51.527151,QSO,0.17162929,1.7000,false
V4T002452,340.880475,-17.929631,BGS,1.83709104,0.4500,false
V4T002453,351.936016,-39.098285,QSO,0.17406187,1.7000,false
V4T002454,35.518420,-56.298705,LRG,0.32916001,1.0000,false
V4T002455,345.390089,-30.318241,Star,3.05267316,0.3000,false
V4T002456,358.706501,-18.931595,ELG,0.55201924,1.0000,false
V4T002457,356.925507,-37.221985,LRG,0.26717674,1.0000,false
V4T002458,340.749626,-23.619867,Star,5.60724067,0.3000,false
V4T002459,340.076380,-40.154326,ELG,0.25135560,1.0000,true
V4T002460,36.187099,-56.020035,QSO,0.12435335,1.7000,false
V4T002461,35.410297,-39.588494,QSO,0.25860438,1.7000,false
V4T002462,29.213455,-40.575449,ELG,0.47253606,1.0000,false
V4T002463,342.314895,-37.063263,QSO,0.10179525,1.7000,true
V4T002464,348.867982,-31.464633,ELG,0.34130554,1.0000,false
V4T002465,26.032503,-38.541293,LRG,0.31762471,1.0000,false
V4T002466,335.517454,-30.292633,QSO,0.34686023,1.7000,false
V4T002467,340.380140,-24.564085,ELG,0.53184933,1.0000,false
V4T002468,0.688541,-21.072845,BGS,1.37553367,0.4500,false
V4T002469,23.491470,-51.018363,ELG,0.68525177,1.0000,false
V4T002470,36.470590,-53.732980,ELG,0.22850978,1.0000,true
V4T002471,30.945567,-43.314292,Star,3.40797320,0.3000,false
V4T002472,354.933063,-20.242777,ELG,0.34923438,1.0000,false
V4T002473,337.261439,-26.894346,ELG,0.40852608,1.0000,false
V4T002474,4.033534,-27.455966,LRG,0.15420851,1.0000,false
V4T002475,347.557721,-36.817295,BGS,1.32118995,0.4500,false
V4T002476,357.439378,-29.721442,ELG,0.74036382,1.0000,false
V4T002477,342.990897,-36.757852,ELG,0.82698327,1.0000,false
V4T002478,2.398795,-35.097407,BGS,1.09889334,0.4500,false
V4T002479,337.119986,-29.863875,ELG,0.36409939,1.0000,true
V4T002480,353.113022,-15.254427,Star,4.72646640,0.3000,false
V4T002481,20.156100,-42.868378,ELG,0.60825832,1.0000,false
V4T002482,355.344465,-19.730992,ELG,1.30349220,1.0000,false
V4T002483,357.589725,-22.722008,ELG,0.57591610,1.0000,false
V4T002484,352.567413,-16.324790,QSO,0.08097894,1.7000,false
V4T002485,355.385378,-23.944604,Star,4.95762047,0.3000,false
V4T002486,350.890757,-19.666724,QSO,0.13739996,1.7000,false
V4T002487,0.621341,-32.428440,Star,4.08501372,0.3000,false
V4T002488,35.187808,-55.553569,ELG,0.64898601,1.0000,false
V4T002489,356.372311,-25.439797,ELG,0.35048658,1.0000,false
V4T002490,346.439316,-20.132763,ELG,0.43164286,1.0000,false
V4T002491,352.803379,-32.020507,LRG,0.27898689,1.0000,false
V4T002492,342.747615,-38.631521,LRG,0.46340497,1.0000,false
V4T002493,335.269997,-31.572798,Star,4.10981850,0.3000,false
V4T002494,343.172329,-31.761154,BGS,2.22531061,0.4500,false
V4T002495,22.268693,-55.698949,BGS,1.56614850,0.4500,false
V4T002496,20.749712,-39.776971,BGS,1.01726834,0.4500,false
V4T002497,44.764351,-46.807217,Star,4.66690520,0.3000,false
V4T002498,18.536329,-43.480769,LRG,0.27844769,1.0000,false
V4T002499,352.865648,-39.943863,Star,3.25546840,0.3000,false
V4T002500,1.986206,-35.497158,LRG,0.35206869,1.0000,false
V4T002501,355.986832,-23.627579,Star,2.93700688,0.3000,false
V4T002502,342.120094,-40.103791,LRG,0.34778232,1.0000,false
V4T002503,346.653919,-40.614856,LRG,0.65274860,1.0000,false
V4T002504,27.324618,-46.827386,QSO,0.12662908,1.7000,false
V4T002505,358.103279,-19.164619,LRG,0.20599847,1.0000,false
V4T002506,30.695372,-42.599677,Star,4.35906336,0.3000,false
V4T002507,3.233739,-28.646017,ELG,0.88170731,1.0000,false
V4T002508,0.830761,-22.830382,LRG,0.40343899,1.0000,false
V4T002509,28.466280,-48.340855,BGS,1.42172400,0.4500,false
V4T002510,355.488085,-33.816409,QSO,0.24293610,1.7000,false
V4T002511,18.785279,-46.135618,ELG,0.25035218,1.0000,false
V4T002512,340.379443,-38.860952,BGS,1.18618558,0.4500,false
V4T002513,359.267464,-33.094903,LRG,0.57970703,1.0000,false
V4T002514,36.391795,-37.917973,ELG,0.30064255,1.0000,true
V4T002515,339.964616,-37.654411,ELG,0.31726574,1.0000,false
V4T002516,348.068181,-21.136989,LRG,0.39450621,1.0000,false
V4T002517,21.078761,-44.718851,BGS,0.98221358,0.4500,false
V4T002518,37.261646,-37.352597,LRG,0.27625386,1.0000,true
V4T002519,344.716648,-20.682478,LRG,0.40559371,1.0000,false
V4T002520,23.203963,-51.799355,Star,4.05816805,0.3000,false
V4T002521,33.503760,-38.410681,BGS,0.95041390,0.4500,false
V4T002522,49.579143,-46.055883,ELG,0.29399633,1.0000,true
V4T002523,341.386373,-26.384802,ELG,0.35067013,1.0000,false
V4T002524,335.833543,-36.116959,ELG,0.89108732,1.0000,false
V4T002525,342.097554,-16.650997,LRG,0.50096556,1.0000,false
V4T002526,352.672156,-20.280205,BGS,1.77365238,0.4500,false
V4T002527,19.915841,-48.850009,ELG,0.44173305,1.0000,false
V4T002528,356.208380,-23.130231,BGS,1.17875717,0.4500,false
V4T002529,25.107209,-44.434017,ELG,0.64204476,1.0000,false
V4T002530,344.425890,-37.259624,ELG,0.43382069,1.0000,false
V4T002531,30.986758,-44.996534,ELG,0.22694442,1.0000,false
V4T002532,46.648954,-49.272734,ELG,1.07795261,1.0000,false
V4T002533,353.852389,-37.871489,BGS,1.29351306,0.4500,false
V4T002534,337.331702,-35.953702,ELG,0.39681976,1.0000,false
V4T002535,348.926053,-28.500817,QSO,0.07542725,1.7000,false
V4T002536,1.945362,-30.924073,BGS,1.92813636,0.4500,false
V4T002537,351.200864,-16.325802,ELG,0.96386578,1.0000,false
V4T002538,357.891236,-27.872317,BGS,1.57870887,0.4500,false
V4T002539,343.162479,-20.826529,LRG,0.35450039,1.0000,false
V4T002540,35.765467,-55.958437,ELG,1.18906443,1.0000,false
V4T002541,2.951039,-21.678157,BGS,1.36775718,0.4500,false
V4T002542,353.713458,-20.016680,BGS,1.59862516,0.4500,false
V4T002543,35.695500,-41.980040,ELG,0.65672702,1.0000,false
V4T002544,2.415912,-19.783413,ELG,0.96965365,1.0000,false
V4T002545,1.332035,-33.203987,ELG,0.65788737,1.0000,false
V4T002546,38.605711,-46.976982,ELG,0.76864393,1.0000,false
V4T002547,36.166640,-55.727276,ELG,0.34976970,1.0000,false
V4T002548,338.597510,-20.799607,BGS,0.82046605,0.4500,true
V4T002549,339.161890,-30.866044,BGS,1.49237137,0.4500,false
V4T002550,37.152669,-46.435808,LRG,0.65558030,1.0000,false
V4T002551,350.460581,-26.150899,BGS,0.88374431,0.4500,false
V4T002552,340.902407,-29.491663,QSO,0.19306685,1.7000,false
V4T002553,2.579505,-21.385214,ELG,0.71479713,1.0000,false
V4T002554,29.615217,-42.936284,ELG,0.30768967,1.0000,false
V4T002555,351.346680,-38.922497,BGS,1.09200837,0.4500,false
V4T002556,42.554456,-46.164486,BGS,1.34748308,0.4500,false
V4T002557,33.353722,-45.746102,QSO,0.71408619,1.7000,true
V4T002558,337.921341,-32.390336,QSO,0.18179368,1.7000,false
V4T002559,349.887676,-20.077896,ELG,0.88752931,1.0000,false
V4T002560,339.069562,-22.045852,LRG,0.24229757,1.0000,false
V4T002561,343.504214,-31.918779,ELG,0.43774769,1.0000,false
V4T002562,355.373607,-38.955053,LRG,0.54046456,1.0000,false
V4T002563,37.178344,-44.029394,ELG,0.42118267,1.0000,false
V4T002564,33.190756,-42.236293,LRG,0.80844773,1.0000,false
V4T002565,351.754367,-30.198986,LRG,0.41510418,1.0000,false
V4T002566,34.324013,-46.536836,ELG,0.51136700,1.0000,false
V4T002567,353.993575,-22.809840,BGS,1.14187464,0.4500,false
V4T002568,336.922434,-27.316831,LRG,0.33098877,1.0000,false
V4T002569,0.922309,-35.538787,ELG,0.64592350,1.0000,true
V4T002570,344.313854,-25.517332,ELG,0.68746119,1.0000,false
V4T002571,359.075693,-33.729969,BGS,1.30216594,0.4500,false
V4T002572,351.669859,-39.353980,LRG,0.37822367,1.0000,false
V4T002573,337.662413,-21.962138,ELG,0.52037016,1.0000,false
V4T002574,2.239721,-21.115564,BGS,0.86777048,0.4500,false
V4T002575,336.102024,-30.123973,ELG,0.84968024,1.0000,false
V4T002576,34.435599,-54.668293,BGS,1.07446091,0.4500,false
V4T002577,2.725447,-20.153343,QSO,0.05219588,1.7000,false
V4T002578,34.548241,-56.274634,BGS,1.37157407,0.4500,false
V4T002579,350.725312,-31.583846,ELG,0.40789593,1.0000,false
V4T002580,50.732984,-47.618535,QSO,0.15966990,1.7000,false
V4T002581,356.594052,-28.297531,LRG,0.37837512,1.0000,false
V4T002582,342.811819,-35.925022,LRG,0.41409854,1.0000,false
V4T002583,37.030373,-47.823674,BGS,1.40441265,0.4500,false
V4T002584,339.966908,-32.799505,ELG,0.49352499,1.0000,false
V4T002585,19.556810,-52.117010,ELG,0.63520172,1.0000,false
V4T002586,358.362219,-18.173980,Star,3.17307311,0.3000,false
V4T002587,339.526138,-34.392665,LRG,0.34015965,1.0000,false
V4T002588,355.298040,-23.075431,Star,5.41526679,0.3000,false
V4T002589,344.737333,-30.284424,BGS,1.15018774,0.4500,true
V4T002590,2.862218,-35.527437,BGS,1.14981326,0.4500,false
V4T002591,41.735124,-46.264676,LRG,0.37508433,1.0000,false
V4T002592,338.053321,-30.567349,ELG,0.49917396,1.0000,false
V4T002593,347.367591,-39.759702,ELG,0.39459019,1.0000,false
V4T002594,340.655991,-34.495218,LRG,0.24823523,1.0000,false
V4T002595,342.471144,-33.833912,QSO,0.40206612,1.7000,false
V4T002596,349.013229,-41.120654,QSO,0.23990075,1.7000,true
V4T002597,356.377573,-24.407881,LRG,0.55257617,1.0000,false
V4T002598,341.517186,-22.783858,ELG,0.36854875,1.0000,false
V4T002599,37.760542,-37.502194,ELG,0.35807752,1.0000,false
V4T002600,29.974335,-41.745989,LRG,0.45849932,1.0000,false
V4T002601,19.545389,-50.249329,BGS,1.40172397,0.4500,false
V4T002602,22.430684,-45.666597,BGS,1.38949429,0.4500,false
V4T002603,5.044214,-31.396017,LRG,0.29506312,1.0000,false
V4T002604,339.552839,-23.869437,BGS,1.36911825,0.4500,false
V4T002605,340.405573,-23.803003,ELG,0.72425296,1.0000,false
V4T002606,4.055852,-22.786676,LRG,0.28727352,1.0000,false
V4T002607,48.709632,-48.521168,LRG,0.13741071,1.0000,true
V4T002608,359.620523,-38.183329,BGS,0.86182341,0.4500,false
V4T002609,32.560155,-58.416882,QSO,0.36356967,1.7000,false
V4T002610,352.889530,-40.282449,ELG,0.45764541,1.0000,false
V4T002611,347.228308,-28.242434,BGS,1.37621620,0.4500,false
V4T002612,35.646240,-45.873069,QSO,0.29225919,1.7000,false
V4T002613,357.408122,-25.381554,Star,4.46632819,0.3000,false
V4T002614,355.682173,-17.238399,ELG,0.69596231,1.0000,false
V4T002615,49.781372,-53.395951,LRG,0.44750634,1.0000,false
V4T002616,1.480385,-27.200350,LRG,0.19911981,1.0000,false
V4T002617,339.379517,-31.511454,BGS,1.50732047,0.4500,true
V4T002618,21.722124,-51.715686,BGS,1.12074141,0.4500,true
V4T002619,352.600843,-39.387897,ELG,0.56242073,1.0000,false
V4T002620,39.134090,-54.651619,BGS,1.63037550,0.4500,false
V4T002621,359.518617,-18.713972,ELG,0.46347727,1.0000,false
V4T002622,339.353733,-29.799271,BGS,1.33834824,0.4500,false
V4T002623,356.849975,-23.693938,BGS,1.17045827,0.4500,false
V4T002624,29.101344,-42.397689,Star,4.07872094,0.3000,false
V4T002625,338.976637,-30.334009,LRG,0.48205777,1.0000,false
V4T002626,354.906636,-30.152444,Star,3.30908370,0.3000,false
V4T002627,23.840490,-51.230490,BGS,1.43816165,0.4500,false
V4T002628,46.852166,-42.061548,LRG,0.26406554,1.0000,false
V4T002629,342.083997,-17.248877,BGS,2.00542154,0.4500,false
V4T002630,346.745702,-41.334463,ELG,0.42647334,1.0000,false
V4T002631,27.439773,-36.968632,ELG,0.89968730,1.0000,false
V4T002632,334.100372,-27.863435,BGS,1.31950875,0.4500,false
V4T002633,18.007424,-52.313605,ELG,0.40932163,1.0000,false
V4T002634,353.202567,-38.919742,ELG,0.60242906,1.0000,false
V4T002635,43.542499,-40.262373,ELG,0.73970921,1.0000,false
V4T002636,349.954738,-19.730097,QSO,0.24975591,1.7000,true
V4T002637,357.604175,-17.752511,ELG,0.87669557,1.0000,false
V4T002638,25.893491,-44.380923,ELG,0.83953101,1.0000,false
V4T002639,345.505438,-28.998029,QSO,0.06924968,1.7000,false
V4T002640,18.942807,-45.380415,QSO,0.11738159,1.7000,false
V4T002641,340.527644,-35.005527,ELG,0.62132217,1.0000,false
V4T002642,37.358458,-55.309878,ELG,0.52718721,1.0000,false
V4T002643,358.457505,-17.789473,BGS,2.79312305,0.4500,false
V4T002644,355.615790,-23.615876,QSO,0.12854165,1.7000,false
V4T002645,352.699689,-20.297683,Star,4.08081340,0.3000,false
V4T002646,35.628816,-54.311446,BGS,1.76699792,0.4500,false
V4T002647,349.178618,-32.759347,BGS,1.15351234,0.4500,false
V4T002648,357.540324,-27.409437,LRG,0.22170901,1.0000,false
V4T002649,339.675534,-29.783371,QSO,0.34454469,1.7000,false
V4T002650,27.706020,-60.738184,LRG,0.28216803,1.0000,false
V4T002651,4.955041,-31.166170,QSO,0.28942015,1.7000,false
V4T002652,2.566624,-34.566541,BGS,1.07790051,0.4500,false
V4T002653,357.972112,-19.449857,ELG,0.83911191,1.0000,false
V4T002654,45.709940,-40.082590,LRG,0.41443078,1.0000,false
V4T002655,1.816844,-34.837802,QSO,0.16415941,1.7000,false
V4T002656,2.126747,-21.518161,Star,4.53689145,0.3000,false
V4T002657,346.370708,-22.965077,BGS,0.96234194,0.4500,false
V4T002658,343.572773,-21.372531,ELG,0.61814412,1.0000,false
V4T002659,31.950252,-60.281297,ELG,0.78450641,1.0000,false
V4T002660,346.254486,-30.477360,LRG,0.28677393,1.0000,false
V4T002661,359.321818,-36.461219,ELG,0.74428125,1.0000,false
V4T002662,2.473686,-35.018211,LRG,0.53189704,1.0000,false
V4T002663,27.329310,-47.021574,ELG,0.43202233,1.0000,false
V4T002664,13.954711,-54.154086,LRG,0.27664228,1.0000,false
V4T002665,3.386020,-21.670121,QSO,0.17538346,1.7000,false
V4T002666,26.524376,-37.120912,BGS,0.84734347,0.4500,false
V4T002667,37.136900,-39.653909,BGS,1.03948563,0.4500,false
V4T002668,354.920925,-34.120433,LRG,0.34098811,1.0000,false
V4T002669,24.818839,-44.828282,BGS,1.49589751,0.4500,false
V4T002670,339.388996,-22.141519,ELG,0.49053315,1.0000,false
V4T002671,2.778900,-35.570428,BGS,1.41207426,0.4500,false
V4T002672,343.641165,-37.032855,BGS,1.26569421,0.4500,false
V4T002673,343.669051,-33.789178,BGS,1.39292385,0.4500,false
V4T002674,352.357593,-19.781397,ELG,1.00023132,1.0000,false
V4T002675,2.775001,-28.283289,ELG,0.74774131,1.0000,false
V4T002676,25.277986,-50.096655,LRG,0.30738813,1.0000,false
V4T002677,336.187959,-28.620417,BGS,1.06597366,0.4500,false
V4T002678,45.783135,-44.607944,LRG,0.37311082,1.0000,false
V4T002679,2.898228,-35.031669,Star,2.65594732,0.3000,false
V4T002680,34.680013,-49.624110,ELG,0.38884141,1.0000,true
V4T002681,38.258716,-39.658514,BGS,1.34102579,0.4500,false
V4T002682,356.288337,-24.124080,ELG,0.77742986,1.0000,false
V4T002683,349.231739,-34.837360,LRG,0.39801009,1.0000,false
V4T002684,23.096232,-51.855427,BGS,1.60796191,0.4500,false
V4T002685,359.096521,-20.208238,ELG,0.62407109,1.0000,false
V4T002686,344.611655,-30.194133,BGS,1.04790865,0.4500,false
V4T002687,3.481331,-27.630862,Star,3.05805944,0.3000,false
V4T002688,31.468912,-46.892709,BGS,1.11058905,0.4500,false
V4T002689,2.045553,-28.659861,LRG,0.36038267,1.0000,false
V4T002690,344.270130,-36.771797,ELG,0.32398798,1.0000,false
V4T002691,350.098580,-27.331783,ELG,0.35648574,1.0000,true
V4T002692,343.402177,-20.274824,ELG,0.76487084,1.0000,false
V4T002693,22.016752,-59.315931,ELG,1.02399074,1.0000,false
V4T002694,345.546892,-23.955719,ELG,0.65916091,1.0000,false
V4T002695,32.546705,-57.378166,ELG,0.48248298,1.0000,false
V4T002696,347.862572,-23.852579,QSO,0.12915886,1.7000,false
V4T002697,355.576973,-23.125430,ELG,0.37510962,1.0000,false
V4T002698,26.692171,-42.544630,Star,4.39821577,0.3000,false
V4T002699,355.679532,-16.336618,BGS,2.18981961,0.4500,false
V4T002700,349.351573,-26.651730,QSO,0.25783450,1.7000,false
V4T002701,358.647768,-27.293736,ELG,0.41737041,1.0000,false
V4T002702,43.131735,-54.466609,ELG,0.70876079,1.0000,false
V4T002703,339.634055,-21.427059,BGS,1.59115270,0.4500,false
V4T002704,356.485477,-22.164165,ELG,0.48722551,1.0000,false
V4T002705,348.069640,-35.253315,ELG,0.46866585,1.0000,false
V4T002706,4.592177,-22.371988,BGS,0.99300264,0.4500,false
V4T002707,357.298989,-22.277966,LRG,0.58302029,1.0000,false
V4T002708,42.717356,-55.512049,BGS,0.96414169,0.4500,false
V4T002709,355.137544,-37.976063,LRG,0.25350390,1.0000,false
V4T002710,349.865430,-31.752482,ELG,0.92793026,1.0000,false
V4T002711,352.716438,-19.871679,Star,6.10244934,0.3000,false
V4T002712,45.484977,-55.542729,ELG,0.59156683,1.0000,false
V4T002713,24.185713,-47.664267,QSO,0.19003378,1.7000,false
V4T002714,355.552668,-22.878087,ELG,0.52006409,1.0000,false
V4T002715,348.130846,-16.298557,ELG,0.83033355,1.0000,false
V4T002716,356.463283,-22.787353,LRG,0.46263650,1.0000,true
V4T002717,34.848640,-49.137838,ELG,0.68865078,1.0000,true
V4T002718,51.668905,-50.558440,LRG,0.70299543,1.0000,false
V4T002719,34.920943,-44.385140,QSO,0.20288348,1.7000,false
V4T002720,0.597309,-23.752513,Star,4.63498506,0.3000,false
V4T002721,347.664182,-15.377975,LRG,0.21501854,1.0000,false
V4T002722,32.021242,-36.929969,QSO,0.51882383,1.7000,false
V4T002723,342.741101,-29.897761,BGS,0.97663536,0.4500,false
V4T002724,339.404338,-30.100434,LRG,0.40372128,1.0000,false
V4T002725,343.255099,-37.150876,LRG,0.44123710,1.0000,false
V4T002726,351.863261,-38.265915,ELG,0.57296828,1.0000,false
V4T002727,38.942688,-48.784305,BGS,1.76183800,0.4500,false
V4T002728,355.550624,-17.063972,ELG,0.61666201,1.0000,false
V4T002729,19.574422,-45.845544,ELG,0.43690045,1.0000,false
V4T002730,352.636439,-30.404449,QSO,0.12579198,1.7000,false
V4T002731,344.442928,-28.762848,ELG,0.76636513,1.0000,false
V4T002732,29.645212,-47.084987,LRG,0.50226579,1.0000,false
V4T002733,338.766058,-21.879345,QSO,0.12337334,1.7000,false
V4T002734,23.813585,-42.195633,BGS,1.33598617,0.4500,false
V4T002735,2.143778,-35.294318,ELG,0.31544040,1.0000,false
V4T002736,35.103422,-55.798527,LRG,0.39654662,1.0000,false
V4T002737,354.672408,-15.525501,LRG,0.25739376,1.0000,false
V4T002738,344.289760,-17.523673,Star,4.44139418,0.3000,false
V4T002739,339.375998,-30.522160,ELG,0.58621164,1.0000,false
V4T002740,31.629807,-55.645055,QSO,0.18616522,1.7000,false
V4T002741,38.185516,-42.629548,QSO,0.30308933,1.7000,false
V4T002742,1.245801,-21.935579,ELG,0.46890533,1.0000,true
V4T002743,339.537236,-38.736316,ELG,0.40603786,1.0000,false
V4T002744,50.536639,-54.057263,QSO,0.26952590,1.7000,false
V4T002745,0.331065,-21.121824,ELG,1.04013325,1.0000,false
V4T002746,357.190822,-36.216685,LRG,0.50807198,1.0000,false
V4T002747,354.581346,-24.853758,QSO,0.16033090,1.7000,false
V4T002748,15.255097,-47.485524,ELG,1.09886131,1.0000,false
V4T002749,17.542702,-52.179998,BGS,1.42923362,0.4500,false
V4T002750,358.421596,-19.175914,QSO,0.13730450,1.7000,false
V4T002751,355.223589,-37.867109,LRG,0.63478722,1.0000,false
V4T002752,40.692671,-45.168897,Star,3.77368842,0.3000,false
V4T002753,45.973503,-41.398199,ELG,0.40052352,1.0000,false
V4T002754,351.045146,-39.582503,BGS,1.79735062,0.4500,false
V4T002755,38.697286,-44.100539,ELG,0.37728759,1.0000,false
V4T002756,16.485335,-43.499027,QSO,0.23569136,1.7000,false
V4T002757,33.661562,-45.888897,BGS,1.72743312,0.4500,false
V4T002758,21.481789,-59.616849,QSO,0.19388055,1.7000,false
V4T002759,338.260374,-21.595485,QSO,0.26734044,1.7000,false
V4T002760,348.908480,-15.147838,ELG,0.76520766,1.0000,false
V4T002761,356.941179,-30.333902,ELG,0.33792081,1.0000,false
V4T002762,30.013668,-51.966412,ELG,0.65004557,1.0000,false
V4T002763,23.133212,-53.061731,BGS,1.71735590,0.4500,false
V4T002764,34.253811,-50.557409,ELG,1.74338063,1.0000,false
V4T002765,20.161043,-53.304987,LRG,0.19185045,1.0000,false
V4T002766,347.266910,-23.787542,Star,5.03072998,0.3000,false
V4T002767,45.718316,-54.506924,ELG,0.69081159,1.0000,false
V4T002768,22.134406,-51.973669,Star,5.41885863,0.3000,false
V4T002769,349.498601,-32.906416,ELG,0.53624834,1.0000,false
V4T002770,350.555813,-33.419209,BGS,0.91208633,0.4500,false
V4T002771,36.882343,-54.788405,ELG,0.61158900,1.0000,false
V4T002772,342.293302,-19.871045,LRG,0.46059273,1.0000,false
V4T002773,338.035107,-29.880405,ELG,0.25012864,1.0000,false
V4T002774,34.503541,-48.367954,QSO,0.25369011,1.7000,false
V4T002775,357.882434,-18.291781,BGS,0.94984151,0.4500,false
V4T002776,1.915690,-21.057827,BGS,1.26607896,0.4500,false
V4T002777,343.996501,-36.905126,ELG,0.39755998,1.0000,false
V4T002778,43.690239,-55.635823,LRG,0.33764697,1.0000,false
V4T002779,18.354674,-51.806897,ELG,0.39823251,1.0000,false
V4T002780,344.527759,-32.288639,BGS,1.38362934,0.4500,false
V4T002781,351.570204,-21.124914,ELG,0.76292662,1.0000,false
V4T002782,38.277282,-39.722554,Star,5.44176495,0.3000,false
V4T002783,350.808216,-18.047301,ELG,1.01067699,1.0000,false
V4T002784,351.872397,-39.962507,LRG,0.34104229,1.0000,false
V4T002785,350.416613,-31.991699,BGS,1.75998393,0.4500,false
V4T002786,338.581424,-30.360671,ELG,0.82841236,1.0000,false
V4T002787,4.419452,-34.320166,LRG,0.37731351,1.0000,false
V4T002788,36.610512,-42.424279,QSO,0.39992622,1.7000,false
V4T002789,340.593679,-22.090540,ELG,0.49027350,1.0000,false
V4T002790,344.176254,-37.384693,LRG,0.31492326,1.0000,false
V4T002791,17.801110,-42.670861,BGS,1.46044861,0.4500,false
V4T002792,356.861350,-32.025990,ELG,1.14691888,1.0000,false
V4T002793,31.236642,-42.725548,BGS,1.15175886,0.4500,false
V4T002794,30.253479,-43.224505,QSO,0.08794740,1.7000,true
V4T002795,341.361825,-17.235377,LRG,0.32001644,1.0000,false
V4T002796,359.750016,-34.729699,LRG,0.48512637,1.0000,false
V4T002797,337.456925,-30.672164,LRG,0.41115163,1.0000,false
V4T002798,338.022565,-32.418670,LRG,0.25096309,1.0000,false
V4T002799,344.289710,-34.424409,BGS,1.07643767,0.4500,false
V4T002800,352.155954,-38.650636,QSO,0.11350807,1.7000,false
V4T002801,359.532766,-19.860919,LRG,0.54899060,1.0000,false
V4T002802,356.391650,-21.809673,QSO,0.19922299,1.7000,false
V4T002803,344.015240,-36.581954,ELG,0.88562917,1.0000,false
V4T002804,3.092784,-35.256392,LRG,0.47056244,1.0000,false
V4T002805,21.921400,-55.581653,LRG,0.46330515,1.0000,false
V4T002806,354.932147,-24.956136,BGS,1.25513354,0.4500,false
V4T002807,341.766816,-38.114266,Star,6.25654037,0.3000,false
V4T002808,338.746140,-21.708634,ELG,0.71792557,1.0000,false
V4T002809,14.094460,-47.299792,ELG,0.76213370,1.0000,false
V4T002810,351.483885,-22.789715,LRG,0.44000493,1.0000,false
V4T002811,30.481298,-43.187853,BGS,2.49399128,0.4500,false
V4T002812,344.695992,-23.861720,BGS,1.19312917,0.4500,false
V4T002813,352.212283,-22.880563,BGS,1.56294516,0.4500,false
V4T002814,344.284618,-29.197327,LRG,0.92557031,1.0000,false
V4T002815,2.566801,-35.750502,BGS,1.20067331,0.4500,false
V4T002816,50.787565,-47.773000,Star,3.21301471,0.3000,false
V4T002817,354.859974,-38.075038,ELG,0.38595232,1.0000,false
V4T002818,23.043287,-57.773864,BGS,1.47678482,0.4500,false
V4T002819,2.854748,-23.764112,BGS,0.82176621,0.4500,false
V4T002820,345.801707,-29.395048,BGS,1.36921275,0.4500,false
V4T002821,353.385113,-19.863355,LRG,0.25128150,1.0000,false
V4T002822,350.348972,-32.461163,ELG,0.25890059,1.0000,false
V4T002823,353.055885,-21.414309,ELG,0.31759070,1.0000,false
V4T002824,358.822621,-19.153460,QSO,0.16699541,1.7000,false
V4T002825,347.078785,-32.688916,BGS,1.05898843,0.4500,false
V4T002826,344.369386,-23.130381,ELG,0.29323711,1.0000,false
V4T002827,343.735608,-40.335019,QSO,0.17064300,1.7000,false
V4T002828,356.060758,-24.333750,BGS,1.29975014,0.4500,false
V4T002829,28.228160,-37.320165,ELG,0.68955540,1.0000,true
V4T002830,4.201886,-25.115883,BGS,0.70333926,0.4500,false
V4T002831,20.953156,-45.684221,ELG,0.60971760,1.0000,false
V4T002832,339.698544,-29.485473,ELG,0.42715168,1.0000,false
V4T002833,29.151323,-41.077566,BGS,1.13380133,0.4500,false
V4T002834,335.645106,-25.117703,BGS,0.97610285,0.4500,false
V4T002835,47.426204,-42.786721,BGS,0.85730407,0.4500,false
V4T002836,354.266510,-20.527340,BGS,2.16262024,0.4500,false
V4T002837,350.330021,-39.617312,ELG,0.42491873,1.0000,false
V4T002838,337.053602,-22.460789,ELG,0.42864113,1.0000,false
V4T002839,344.938324,-29.527915,ELG,0.46521833,1.0000,false
V4T002840,352.071775,-38.881420,LRG,0.23596120,1.0000,false
V4T002841,342.390272,-36.323541,BGS,0.85114370,0.4500,false
V4T002842,338.079535,-27.517920,ELG,0.31380516,1.0000,false
V4T002843,358.885966,-17.882740,ELG,0.41014115,1.0000,false
V4T002844,22.027220,-41.246843,ELG,0.33507201,1.0000,false
V4T002845,32.168838,-52.509163,LRG,0.28048447,1.0000,false
V4T002846,347.098564,-37.873335,BGS,0.97935600,0.4500,false
V4T002847,35.337621,-56.272319,Star,3.78847343,0.3000,false
V4T002848,31.530636,-58.954588,Star,4.51181516,0.3000,false
V4T002849,353.096705,-19.940662,BGS,1.57314955,0.4500,false
V4T002850,339.748187,-19.123576,BGS,1.27381791,0.4500,false
V4T002851,338.258523,-33.463585,BGS,1.31323958,0.4500,false
V4T002852,29.408920,-54.658859,ELG,0.38867411,1.0000,false
V4T002853,356.160531,-21.066831,Star,3.27371285,0.3000,false
V4T002854,359.053534,-35.906891,ELG,0.49666012,1.0000,false
V4T002855,351.432944,-38.316162,ELG,0.39502856,1.0000,false
V4T002856,41.744980,-50.417854,QSO,0.13222067,1.7000,false
V4T002857,352.963228,-20.161102,LRG,0.33711664,1.0000,false
V4T002858,340.238982,-30.822036,Star,3.33795695,0.3000,false
V4T002859,44.578358,-52.305381,LRG,0.38309803,1.0000,false
V4T002860,359.357028,-18.376702,ELG,0.56498923,1.0000,false
V4T002861,353.454286,-36.091789,BGS,2.15705870,0.4500,false
V4T002862,355.284462,-23.487672,LRG,0.28812397,1.0000,false
V4T002863,358.487478,-23.912471,Star,5.62509301,0.3000,false
V4T002864,359.885705,-28.593012,ELG,1.07217230,1.0000,false
V4T002865,353.733706,-37.257873,ELG,0.68160427,1.0000,false
V4T002866,355.518286,-23.694154,LRG,0.45835791,1.0000,false
V4T002867,17.839729,-51.037573,Star,2.65994203,0.3000,false
V4T002868,342.246380,-29.781341,BGS,1.23838325,0.4500,false
V4T002869,355.263303,-25.230569,ELG,0.67491898,1.0000,false
V4T002870,354.965239,-19.247149,BGS,0.85732038,0.4500,false
V4T002871,358.580126,-18.684325,ELG,0.88240917,1.0000,false
V4T002872,20.645000,-41.740681,LRG,0.21074922,1.0000,false
V4T002873,29.044108,-42.690529,ELG,0.67975460,1.0000,false
V4T002874,357.902531,-31.327484,LRG,0.47274173,1.0000,false
V4T002875,354.697035,-39.907569,Star,2.41257897,0.3000,false
V4T002876,30.893665,-43.135646,LRG,0.37791586,1.0000,false
V4T002877,2.446542,-35.093028,LRG,0.32524711,1.0000,false
V4T002878,31.070052,-42.557445,QSO,0.40241053,1.7000,false
V4T002879,359.176411,-18.918158,ELG,0.45951603,1.0000,false
V4T002880,343.625889,-23.065125,LRG,0.36041112,1.0000,false
V4T002881,0.267933,-18.506219,Star,5.90486285,0.3000,false
V4T002882,355.508222,-31.471366,BGS,1.55621622,0.4500,false
V4T002883,342.835511,-26.753997,ELG,0.49941250,1.0000,false
V4T002884,356.538211,-23.996366,ELG,0.61979771,1.0000,false
V4T002885,345.540430,-29.931211,ELG,0.29550175,1.0000,false
V4T002886,35.223391,-48.628153,LRG,0.15593723,1.0000,false
V4T002887,22.236238,-51.333601,LRG,0.45568081,1.0000,false
V4T002888,342.810409,-16.139403,ELG,0.45839507,1.0000,false
V4T002889,345.264616,-17.072234,Star,7.11738429,0.3000,false
V4T002890,0.421575,-18.153469,ELG,1.09378207,1.0000,false
V4T002891,35.261152,-54.621521,BGS,1.24098394,0.4500,false
V4T002892,23.186976,-48.153868,ELG,0.35161658,1.0000,false
V4T002893,40.462235,-46.508133,ELG,0.53073703,1.0000,false
V4T002894,340.937626,-35.470569,ELG,0.55761963,1.0000,false
V4T002895,353.979344,-27.367571,Star,3.81287809,0.3000,false
V4T002896,343.526622,-19.006070,Star,3.44509988,0.3000,true
V4T002897,342.096742,-36.646093,BGS,0.81067319,0.4500,false
V4T002898,350.804039,-20.608985,LRG,0.39153571,1.0000,false
V4T002899,349.348244,-21.461356,LRG,0.49291913,1.0000,false
V4T002900,0.905866,-34.326692,ELG,0.45395694,1.0000,false
V4T002901,357.032778,-22.592807,BGS,2.55567455,0.4500,false
V4T002902,355.202543,-22.165156,ELG,0.21472648,1.0000,false
V4T002903,355.148396,-37.588531,LRG,0.25544460,1.0000,false
V4T002904,355.668110,-24.453946,ELG,0.43839961,1.0000,false
V4T002905,20.285150,-46.630542,QSO,0.51330525,1.7000,false
V4T002906,346.625637,-35.823480,ELG,0.25636589,1.0000,false
V4T002907,356.319856,-23.619778,LRG,0.33526522,1.0000,false
V4T002908,340.939621,-24.249347,BGS,1.15987900,0.4500,false
V4T002909,346.033973,-29.870646,QSO,0.13473619,1.7000,false
V4T002910,45.128543,-41.492336,ELG,0.42017678,1.0000,true
V4T002911,38.245899,-42.381435,LRG,0.35588789,1.0000,false
V4T002912,342.489622,-36.661960,Star,4.23999565,0.3000,false
V4T002913,338.971748,-31.017843,QSO,0.11359759,1.7000,false
V4T002914,3.071787,-25.676027,LRG,0.45112089,1.0000,false
V4T002915,343.059179,-37.402512,ELG,0.66843293,1.0000,false
V4T002916,338.989494,-33.715492,ELG,1.33405122,1.0000,false
V4T002917,340.036960,-35.852844,BGS,1.42692422,0.4500,false
V4T002918,41.621346,-49.316851,ELG,0.45136077,1.0000,false
V4T002919,2.571197,-31.112767,ELG,0.70746368,1.0000,false
V4T002920,5.537330,-27.452456,ELG,0.99230445,1.0000,false
V4T002921,340.120610,-22.777844,LRG,0.50843860,1.0000,false
V4T002922,338.946212,-29.998105,LRG,0.68754501,1.0000,false
V4T002923,359.677331,-19.287778,ELG,0.64564140,1.0000,false
V4T002924,35.363099,-47.378140,BGS,0.77785172,0.4500,false
V4T002925,35.778639,-54.818995,ELG,0.41792751,1.0000,false
V4T002926,2.748699,-32.745565,ELG,0.25926422,1.0000,false
V4T002927,48.744049,-51.377478,LRG,0.22994505,1.0000,false
V4T002928,18.852700,-56.636310,ELG,0.33760164,1.0000,false
V4T002929,356.453837,-19.315578,BGS,0.94134845,0.4500,false
V4T002930,351.594816,-21.901664,ELG,0.34799139,1.0000,false
V4T002931,356.051683,-23.364176,QSO,0.07742601,1.7000,false
V4T002932,22.071021,-58.939662,ELG,0.39902054,1.0000,false
V4T002933,344.284035,-22.289104,LRG,0.28978149,1.0000,false
V4T002934,358.094099,-27.093479,LRG,0.33161132,1.0000,false
V4T002935,342.375742,-23.940480,BGS,1.18396704,0.4500,false
V4T002936,45.529390,-40.022069,ELG,0.28601520,1.0000,false
V4T002937,33.381771,-41.032752,LRG,0.43593421,1.0000,false
V4T002938,350.811137,-32.851640,ELG,0.43730210,1.0000,true
V4T002939,2.597817,-20.713898,BGS,1.60420593,0.4500,false
V4T002940,349.462645,-33.608942,ELG,0.24400861,1.0000,false
V4T002941,33.853797,-45.422633,QSO,0.24612759,1.7000,false
V4T002942,342.674062,-22.383934,BGS,2.10680737,0.4500,false
V4T002943,344.727348,-38.855490,QSO,0.25362947,1.7000,false
V4T002944,344.644003,-30.736461,LRG,0.20917922,1.0000,false
V4T002945,346.072061,-40.410017,BGS,1.87739659,0.4500,false
V4T002946,343.153240,-18.892769,ELG,0.52484722,1.0000,false
V4T002947,336.400313,-35.996887,Star,3.54934816,0.3000,false
V4T002948,32.005426,-53.351026,ELG,0.90483149,1.0000,false
V4T002949,345.448908,-29.683982,Star,3.71731490,0.3000,true
V4T002950,350.108384,-35.089663,QSO,0.18300015,1.7000,false
V4T002951,352.582459,-20.174287,LRG,0.34090274,1.0000,true
V4T002952,350.121691,-19.578833,BGS,0.67957767,0.4500,true
V4T002953,339.470681,-21.899208,ELG,0.93576692,1.0000,false
V4T002954,335.694735,-22.814799,QSO,0.30328739,1.7000,false
V4T002955,348.729827,-30.723806,ELG,0.46981320,1.0000,false
V4T002956,51.054503,-50.763210,LRG,0.34985275,1.0000,false
V4T002957,47.508972,-47.363431,BGS,1.09164546,0.4500,false
V4T002958,2.885929,-24.599343,ELG,0.84627807,1.0000,false
V4T002959,23.016658,-53.925674,BGS,1.01789903,0.4500,false
V4T002960,34.651543,-39.578983,BGS,1.33127658,0.4500,false
V4T002961,22.529929,-51.319384,ELG,0.70464843,1.0000,false
V4T002962,350.210001,-15.638515,BGS,0.80884129,0.4500,false
V4T002963,343.412379,-39.861005,LRG,0.22769389,1.0000,false
V4T002964,21.802577,-45.960223,BGS,1.38017045,0.4500,false
V4T002965,27.588973,-37.289500,ELG,0.35587228,1.0000,false
V4T002966,40.794356,-37.936613,ELG,0.43294906,1.0000,false
V4T002967,344.779679,-20.979164,BGS,2.19560327,0.4500,false
V4T002968,340.823867,-23.567716,BGS,0.87414045,0.4500,false
V4T002969,357.149602,-23.419200,ELG,0.32470805,1.0000,false
V4T002970,338.710765,-26.306605,ELG,0.80231019,1.0000,false
V4T002971,334.778117,-29.414851,ELG,0.37367527,1.0000,false
V4T002972,342.173765,-36.533604,LRG,0.46435719,1.0000,false
V4T002973,341.709906,-19.573043,QSO,0.10120237,1.7000,false
V4T002974,356.060608,-33.505541,ELG,0.34683999,1.0000,false
V4T002975,345.974683,-22.545012,BGS,1.53015320,0.4500,false
V4T002976,342.085628,-40.897878,ELG,0.54674975,1.0000,false
V4T002977,349.192797,-37.208284,ELG,0.47049244,1.0000,false
V4T002978,23.789654,-50.994543,LRG,0.22201334,1.0000,true
V4T002979,35.657616,-54.780582,BGS,1.72343956,0.4500,false
V4T002980,348.231584,-27.120529,LRG,0.43737269,1.0000,false
V4T002981,5.205001,-23.312523,QSO,0.18150294,1.7000,false
V4T002982,346.366833,-31.659383,BGS,1.27544117,0.4500,false
V4T002983,16.580440,-44.285577,QSO,0.25984920,1.7000,false
V4T002984,345.888898,-21.865190,ELG,0.68903878,1.0000,false
V4T002985,352.865717,-19.843155,BGS,1.44446843,0.4500,false
V4T002986,37.545266,-45.634075,BGS,1.83005001,0.4500,false
V4T002987,340.609632,-23.645736,QSO,0.48464137,1.7000,false
V4T002988,37.826005,-37.398164,BGS,2.25443752,0.4500,false
V4T002989,2.240565,-32.877526,QSO,0.14821775,1.7000,false
V4T002990,342.585267,-35.676490,ELG,0.91196597,1.0000,false
V4T002991,348.267318,-28.228397,ELG,0.35377514,1.0000,false
V4T002992,1.478362,-32.786760,QSO,0.09864304,1.7000,false
V4T002993,340.407358,-22.707392,LRG,0.15707083,1.0000,false
V4T002994,348.700010,-29.947909,BGS,1.21380797,0.4500,false
V4T002995,36.313013,-55.393677,BGS,0.84259287,0.4500,false
V4T002996,344.840016,-27.501676,ELG,0.84045258,1.0000,false
V4T002997,351.988632,-39.071644,Star,5.31478451,0.3000,false
V4T002998,33.609877,-59.464648,ELG,0.69196819,1.0000,false
V4T002999,42.447633,-53.543086,QSO,0.23097072,1.7000,false
V4T003000,29.540509,-37.922326,QSO,0.08215674,1.7000,false
V4T003001,43.459947,-43.044118,ELG,0.42668600,1.0000,false
V4T003002,5.789373,-32.000811,BGS,1.58070605,0.4500,false
V4T003003,341.968858,-34.015741,LRG,0.31437615,1.0000,false
V4T003004,33.696118,-42.290422,QSO,0.16458285,1.7000,false
V4T003005,32.460424,-39.172361,QSO,0.18780474,1.7000,false
V4T003006,359.181380,-35.465326,ELG,0.34477909,1.0000,false
V4T003007,344.707130,-21.266143,ELG,0.97993950,1.0000,false
V4T003008,34.904339,-44.935922,BGS,0.83003776,0.4500,false
V4T003009,37.217675,-46.822501,QSO,0.03264636,1.7000,false
V4T003010,343.797107,-20.435104,LRG,0.44427902,1.0000,false
V4T003011,44.359141,-40.383868,ELG,0.49586870,1.0000,false
V4T003012,348.361468,-16.558827,BGS,0.98932287,0.4500,false
V4T003013,357.998363,-38.450974,LRG,0.58971784,1.0000,false
V4T003014,28.774886,-59.785864,QSO,0.17724594,1.7000,false
V4T003015,39.897628,-39.642841,ELG,1.00381382,1.0000,false
V4T003016,30.826104,-42.884571,LRG,0.29870349,1.0000,false
V4T003017,28.847069,-50.613963,BGS,1.62002729,0.4500,false
V4T003018,2.020828,-21.013664,BGS,1.26646639,0.4500,false
V4T003019,22.515377,-50.911697,BGS,1.05200931,0.4500,false
V4T003020,343.871864,-24.348929,ELG,0.41353353,1.0000,false
V4T003021,37.479239,-50.348653,QSO,0.10216924,1.7000,false
V4T003022,339.286166,-23.157753,ELG,0.47679196,1.0000,false
V4T003023,344.859233,-21.623587,LRG,0.67594653,1.0000,false
V4T003024,350.584494,-27.523950,LRG,0.43547402,1.0000,false
V4T003025,337.140996,-36.717713,ELG,1.03338070,1.0000,false
V4T003026,32.546648,-41.175872,QSO,0.08920879,1.7000,false
V4T003027,345.440617,-29.920242,LRG,0.29916394,1.0000,false
V4T003028,32.260092,-59.487682,LRG,0.25713041,1.0000,false
V4T003029,353.331107,-20.426545,ELG,0.75529766,1.0000,false
V4T003030,30.518239,-42.725396,QSO,0.27869215,1.7000,false
V4T003031,34.873139,-50.421041,ELG,0.35448923,1.0000,false
V4T003032,336.626871,-22.534394,LRG,0.33466180,1.0000,false
V4T003033,18.974304,-56.542162,ELG,0.73395763,1.0000,false
V4T003034,351.215797,-28.296086,ELG,0.41703912,1.0000,false
V4T003035,353.353676,-19.192187,BGS,1.96475959,0.4500,false
V4T003036,345.982176,-30.355482,BGS,1.29141487,0.4500,false
V4T003037,340.096534,-24.916846,ELG,0.68869924,1.0000,false
V4T003038,338.751448,-21.200490,LRG,0.38922073,1.0000,false
V4T003039,345.943304,-41.599603,BGS,0.87023060,0.4500,false
V4T003040,17.149226,-56.716387,LRG,0.49391490,1.0000,false
V4T003041,45.888025,-47.219648,ELG,0.22748165,1.0000,false
V4T003042,349.547818,-27.892528,QSO,0.18859321,1.7000,false
V4T003043,38.823573,-59.785632,ELG,0.28357824,1.0000,false
V4T003044,347.377639,-34.010466,LRG,0.22237272,1.0000,false
V4T003045,339.699137,-30.697265,ELG,0.72638200,1.0000,false
V4T003046,18.051971,-50.127810,BGS,0.80242162,0.4500,false
V4T003047,22.789716,-50.525328,LRG,0.57282357,1.0000,false
V4T003048,345.863292,-30.137592,QSO,0.20075777,1.7000,false
V4T003049,48.320413,-45.853872,LRG,0.44793751,1.0000,false
V4T003050,352.223755,-20.109015,ELG,0.65112817,1.0000,false
V4T003051,354.643484,-31.399354,BGS,1.51370690,0.4500,false
V4T003052,351.524125,-37.909042,ELG,0.84870341,1.0000,false
V4T003053,3.870411,-23.151345,ELG,0.39509402,1.0000,false
V4T003054,32.154572,-46.836155,BGS,1.40861547,0.4500,false
V4T003055,339.167889,-26.715422,BGS,1.29943418,0.4500,false
V4T003056,33.981665,-54.998197,ELG,0.90159386,1.0000,false
V4T003057,359.909326,-26.778370,ELG,0.64575872,1.0000,false
V4T003058,340.147056,-31.215752,ELG,1.39076354,1.0000,false
V4T003059,22.361524,-45.657921,Star,3.32627820,0.3000,false
V4T003060,335.966119,-28.910226,LRG,0.37109572,1.0000,false
V4T003061,30.734199,-43.339957,ELG,0.70789616,1.0000,false
V4T003062,355.450524,-15.387321,QSO,0.23410338,1.7000,false
V4T003063,3.852724,-32.898603,QSO,0.06683056,1.7000,false
V4T003064,35.292103,-36.368885,LRG,0.19851340,1.0000,false
V4T003065,23.771536,-37.820597,LRG,0.29857153,1.0000,false
V4T003066,36.177117,-54.752760,ELG,0.49651688,1.0000,false
V4T003067,351.424463,-30.717311,ELG,0.83403084,1.0000,false
V4T003068,346.048863,-22.727747,ELG,0.31213910,1.0000,false
V4T003069,37.944725,-54.371149,ELG,0.54030341,1.0000,false
V4T003070,345.383112,-17.725456,ELG,0.35936748,1.0000,false
V4T003071,342.170604,-39.537149,Star,3.92846812,0.3000,false
V4T003072,39.146907,-51.043117,ELG,0.23767761,1.0000,false
V4T003073,343.263255,-35.955117,ELG,0.45380290,1.0000,false
V4T003074,25.001399,-50.072934,BGS,1.15123278,0.4500,false
V4T003075,27.965610,-38.184464,QSO,0.08568009,1.7000,false
V4T003076,350.413079,-39.332003,LRG,0.63092485,1.0000,false
V4T003077,358.458715,-23.276161,QSO,0.17824877,1.7000,false
V4T003078,349.830098,-38.533123,BGS,1.40237399,0.4500,false
V4T003079,358.657949,-22.442460,ELG,0.36671601,1.0000,false
V4T003080,16.021274,-45.160503,ELG,0.44312998,1.0000,false
V4T003081,345.053455,-30.523521,QSO,0.16838449,1.7000,false
V4T003082,339.820444,-23.676684,BGS,1.44338740,0.4500,false
V4T003083,350.480838,-38.669321,LRG,0.78041159,1.0000,false
V4T003084,23.165278,-49.070677,LRG,0.44368943,1.0000,false
V4T003085,2.440531,-21.936802,BGS,1.57521111,0.4500,false
V4T003086,349.443717,-28.033684,QSO,0.09659290,1.7000,true
V4T003087,359.473742,-18.298355,QSO,0.14190325,1.7000,false
V4T003088,344.701951,-19.185096,QSO,0.13639622,1.7000,false
V4T003089,340.226355,-23.218361,Star,3.18424720,0.3000,false
V4T003090,352.492050,-19.814423,BGS,1.38280334,0.4500,false
V4T003091,342.704422,-27.195154,BGS,1.17519233,0.4500,false
V4T003092,357.650391,-35.713742,ELG,0.41280667,1.0000,false
V4T003093,338.376824,-21.234869,ELG,1.38030315,1.0000,false
V4T003094,339.586209,-30.376821,BGS,1.45563332,0.4500,false
V4T003095,345.929872,-26.584696,ELG,0.81609123,1.0000,false
V4T003096,354.472634,-21.731725,BGS,1.46376251,0.4500,false
V4T003097,39.829562,-43.343639,BGS,1.22653914,0.4500,true
V4T003098,342.177896,-30.289255,BGS,1.71547203,0.4500,false
V4T003099,3.126285,-34.154484,LRG,0.41321446,1.0000,false
V4T003100,357.070099,-23.831697,LRG,0.32033566,1.0000,false
V4T003101,41.763039,-45.166955,ELG,1.45164310,1.0000,false
V4T003102,36.922834,-56.760497,LRG,0.39546531,1.0000,false
V4T003103,31.951964,-41.355318,BGS,1.80621511,0.4500,false
V4T003104,20.865964,-43.142657,ELG,0.31680354,1.0000,false
V4T003105,353.090799,-19.916594,Star,2.83869111,0.3000,false
V4T003106,344.146209,-36.006434,Star,4.10436595,0.3000,false
V4T003107,2.844774,-35.509306,LRG,0.49091188,1.0000,false
V4T003108,341.453750,-22.052080,QSO,0.42292232,1.7000,false
V4T003109,50.020540,-53.433383,BGS,2.08916787,0.4500,false
V4T003110,349.750023,-39.319360,LRG,0.46443449,1.0000,false
V4T003111,51.024220,-47.484266,ELG,0.74262472,1.0000,false
V4T003112,2.293625,-30.805006,BGS,1.85462621,0.4500,false
V4T003113,354.800178,-20.252278,BGS,1.80801840,0.4500,false
V4T003114,3.011283,-21.756537,ELG,1.63035894,1.0000,false
V4T003115,21.579919,-43.897466,LRG,0.21364000,1.0000,false
V4T003116,339.536779,-24.584850,Star,3.16813437,0.3000,false
V4T003117,47.857930,-44.094836,ELG,0.29102766,1.0000,false
V4T003118,30.306770,-39.781605,ELG,0.62950657,1.0000,false
V4T003119,2.024640,-33.806203,BGS,1.02734688,0.4500,false
V4T003120,30.667670,-49.694763,LRG,0.44533104,1.0000,false
V4T003121,23.365087,-51.292999,ELG,0.85569882,1.0000,false
V4T003122,355.876081,-36.399318,ELG,0.62499034,1.0000,false
V4T003123,3.176019,-29.049847,BGS,0.90247134,0.4500,false
V4T003124,359.860002,-37.902223,BGS,1.45819763,0.4500,false
V4T003125,24.832650,-50.530313,ELG,0.82266879,1.0000,false
V4T003126,358.692372,-19.121641,BGS,1.10612710,0.4500,false
V4T003127,42.191509,-41.770735,ELG,0.50683319,1.0000,false
V4T003128,355.934639,-31.504313,ELG,0.53874193,1.0000,false
V4T003129,352.478407,-39.276898,BGS,1.41255689,0.4500,false
V4T003130,345.939878,-29.911484,ELG,0.67826056,1.0000,false
V4T003131,35.457397,-55.189969,BGS,1.83347652,0.4500,false
V4T003132,17.712301,-42.791586,QSO,0.17210720,1.7000,false
V4T003133,0.939159,-29.581149,ELG,0.58526393,1.0000,false
V4T003134,43.500132,-52.793563,QSO,0.34476215,1.7000,false
V4T003135,353.075312,-19.772470,ELG,0.46986228,1.0000,false
V4T003136,338.916802,-30.229135,QSO,0.18638752,1.7000,false
V4T003137,49.629937,-55.178491,ELG,0.76125746,1.0000,false
V4T003138,349.776412,-27.984843,QSO,0.08020895,1.7000,false
V4T003139,2.020211,-21.072435,LRG,0.34175904,1.0000,false
V4T003140,1.870236,-24.705892,LRG,0.39799862,1.0000,false
V4T003141,334.299017,-30.633658,BGS,1.21995925,0.4500,false
V4T003142,36.520048,-55.327771,ELG,1.56048088,1.0000,false
V4T003143,342.907951,-24.524320,QSO,0.14335863,1.7000,false
V4T003144,23.645065,-41.112690,BGS,1.23661021,0.4500,true
V4T003145,355.773521,-23.883013,BGS,1.18374579,0.4500,false
V4T003146,341.643475,-23.583724,QSO,0.19760856,1.7000,false
V4T003147,344.656069,-25.884425,BGS,0.94605805,0.4500,false
V4T003148,342.252269,-38.750684,BGS,1.51614948,0.4500,false
V4T003149,355.836151,-35.665446,ELG,0.53053439,1.0000,false
V4T003150,356.582980,-36.228931,ELG,0.35562461,1.0000,false
V4T003151,345.538651,-25.085255,BGS,1.76370923,0.4500,true
V4T003152,27.403506,-40.502203,QSO,0.25338892,1.7000,false
V4T003153,356.082508,-23.620054,Star,4.40404233,0.3000,false
V4T003154,30.795897,-42.234292,BGS,1.05580945,0.4500,false
V4T003155,343.181156,-29.020629,ELG,1.23274958,1.0000,false
V4T003156,357.910029,-22.957354,QSO,0.16481051,1.7000,false
V4T003157,28.715921,-42.401254,BGS,1.21177450,0.4500,false
V4T003158,29.483298,-54.269892,ELG,1.38102901,1.0000,false
V4T003159,355.343711,-23.672697,ELG,0.46763396,1.0000,false
V4T003160,339.983999,-18.689892,BGS,0.59683026,0.4500,false
V4T003161,356.951484,-24.004918,ELG,0.38400095,1.0000,false
V4T003162,352.177566,-38.606394,ELG,0.59592293,1.0000,false
V4T003163,21.092296,-51.072567,BGS,0.78670541,0.4500,false
V4T003164,36.626048,-55.386827,LRG,0.35767536,1.0000,false
V4T003165,32.530118,-43.091795,QSO,0.09403862,1.7000,false
V4T003166,337.883841,-21.561722,Star,5.15519755,0.3000,false
V4T003167,0.356852,-25.660561,BGS,2.27427196,0.4500,false
V4T003168,36.952621,-55.812069,ELG,0.42268105,1.0000,false
V4T003169,349.863029,-29.691901,ELG,0.89210359,1.0000,false
V4T003170,334.482478,-30.762948,ELG,0.87003155,1.0000,false
V4T003171,351.026545,-29.703560,BGS,1.07175187,0.4500,false
V4T003172,41.687363,-37.946282,Star,3.74562257,0.3000,false
V4T003173,32.124533,-55.037364,QSO,0.23001385,1.7000,false
V4T003174,4.267959,-20.969273,BGS,0.89790764,0.4500,false
V4T003175,352.452423,-22.227103,LRG,0.40815968,1.0000,false
V4T003176,35.528586,-42.958862,ELG,0.38775443,1.0000,false
V4T003177,0.422192,-19.493975,BGS,0.99994258,0.4500,false
V4T003178,338.410739,-21.751237,QSO,0.11378225,1.7000,false
V4T003179,2.592316,-35.714981,QSO,0.20494274,1.7000,false
V4T003180,26.292251,-49.326464,ELG,0.73898515,1.0000,false
V4T003181,351.284491,-39.219992,ELG,0.66239769,1.0000,false
V4T003182,349.108448,-37.854233,BGS,1.38419559,0.4500,false
V4T003183,29.221981,-42.608208,BGS,0.99040281,0.4500,false
V4T003184,2.283026,-25.685178,QSO,0.26608092,1.7000,false
V4T003185,335.775065,-28.093958,BGS,1.23932712,0.4500,false
V4T003186,342.610985,-19.903844,Star,4.75860102,0.3000,false
V4T003187,44.239366,-53.579710,ELG,0.25723482,1.0000,false
V4T003188,0.727224,-25.999969,ELG,0.38578710,1.0000,true
V4T003189,346.145338,-30.193936,LRG,0.42657880,1.0000,false
V4T003190,24.586366,-51.915748,ELG,0.45838977,1.0000,false
V4T003191,352.266373,-21.366696,QSO,0.14377326,1.7000,false
V4T003192,355.112691,-26.335189,QSO,0.13137378,1.7000,false
V4T003193,348.068573,-25.010787,ELG,0.49833290,1.0000,false
V4T003194,37.581203,-41.485251,QSO,0.27412372,1.7000,false
V4T003195,23.663121,-51.641052,ELG,0.37302149,1.0000,false
V4T003196,351.439252,-29.751493,LRG,0.40460944,1.0000,false
V4T003197,34.923377,-55.175414,QSO,0.06121105,1.7000,false
V4T003198,30.434213,-42.305063,LRG,0.49913748,1.0000,false
V4T003199,20.242244,-47.219204,BGS,1.27664681,0.4500,false
V4T003200,14.513998,-50.916537,BGS,1.85286952,0.4500,true
V4T003201,353.361828,-19.207327,ELG,1.26027342,1.0000,false
V4T003202,355.128324,-17.331937,ELG,0.33588252,1.0000,false
V4T003203,31.207141,-43.049185,BGS,1.33746209,0.4500,false
V4T003204,46.420546,-50.840344,LRG,0.46117270,1.0000,false
V4T003205,25.865261,-47.988772,QSO,0.27151519,1.7000,false
V4T003206,343.805244,-19.447092,ELG,0.68841512,1.0000,false
V4T003207,352.287794,-39.713830,ELG,0.50971707,1.0000,false
V4T003208,359.187893,-24.200311,ELG,0.49640192,1.0000,false
V4T003209,43.231914,-56.208731,LRG,0.24023339,1.0000,false
V4T003210,2.662391,-35.660839,ELG,0.73927655,1.0000,false
V4T003211,358.592675,-18.188816,ELG,0.81093274,1.0000,false
V4T003212,346.501140,-34.554703,ELG,0.42755880,1.0000,false
V4T003213,28.757177,-51.165426,ELG,0.97851242,1.0000,false
V4T003214,40.784055,-44.184276,QSO,0.23075132,1.7000,false
V4T003215,359.808611,-28.273540,ELG,0.56136584,1.0000,false
V4T003216,353.782527,-33.167743,ELG,0.33911435,1.0000,false
V4T003217,2.494276,-21.451471,ELG,0.44123647,1.0000,false
V4T003218,22.549116,-51.442188,BGS,1.46292372,0.4500,false
V4T003219,345.002696,-16.534245,ELG,0.64746159,1.0000,false
V4T003220,353.136351,-15.495106,BGS,1.16914564,0.4500,false
V4T003221,31.466471,-41.756906,ELG,0.43846820,1.0000,false
V4T003222,334.365725,-32.356032,LRG,0.41772797,1.0000,false
V4T003223,2.815837,-35.207142,BGS,1.82458096,0.4500,false
V4T003224,343.611782,-25.285051,QSO,0.53239694,1.7000,false
V4T003225,351.941842,-19.739775,ELG,0.52363573,1.0000,true
V4T003226,36.081188,-51.839654,Star,3.34291119,0.3000,false
V4T003227,358.685269,-33.610250,LRG,0.42420910,1.0000,false
V4T003228,334.804271,-24.437196,BGS,1.36042563,0.4500,false
V4T003229,352.229492,-39.429471,ELG,0.47738463,1.0000,false
V4T003230,355.817146,-26.227728,LRG,0.37882680,1.0000,true
V4T003231,50.494151,-50.625689,ELG,0.88792881,1.0000,false
V4T003232,353.923008,-22.081491,BGS,0.70900421,0.4500,false
V4T003233,338.479963,-21.976747,QSO,0.20968423,1.7000,true
V4T003234,20.583503,-42.940744,LRG,0.26736743,1.0000,false
V4T003235,339.799632,-30.255992,ELG,0.39366523,1.0000,false
V4T003236,347.860317,-17.162623,ELG,0.56684404,1.0000,false
V4T003237,345.786354,-15.747694,QSO,0.13004782,1.7000,false
V4T003238,4.031280,-24.660119,Star,3.58767008,0.3000,false
V4T003239,345.220922,-34.534658,ELG,0.73537162,1.0000,false
V4T003240,356.048786,-23.951778,BGS,1.32060033,0.4500,false
V4T003241,33.498832,-43.632954,BGS,2.11808778,0.4500,false
V4T003242,1.579606,-35.168006,ELG,0.74832376,1.0000,true
V4T003243,356.701584,-37.967525,ELG,1.26889959,1.0000,false
V4T003244,358.474956,-23.483470,ELG,0.86378500,1.0000,false
V4T003245,357.199273,-33.023339,ELG,0.64076543,1.0000,false
V4T003246,338.272502,-21.851832,Star,2.97613621,0.3000,false
V4T003247,2.426277,-20.952952,QSO,0.06766942,1.7000,false
V4T003248,19.783227,-44.294546,BGS,1.19274658,0.4500,false
V4T003249,22.029250,-47.400457,LRG,0.30484217,1.0000,false
V4T003250,14.590241,-51.912921,LRG,0.22521993,1.0000,false
V4T003251,338.669633,-30.811237,BGS,1.00099159,0.4500,false
V4T003252,23.292451,-50.855035,BGS,1.59884204,0.4500,false
V4T003253,26.569613,-60.301541,ELG,0.41976719,1.0000,false
V4T003254,351.863220,-19.415966,ELG,0.40219405,1.0000,false
V4T003255,354.073428,-26.953992,LRG,0.59356322,1.0000,false
V4T003256,353.487225,-19.565845,BGS,1.09798491,0.4500,false
V4T003257,42.097423,-47.238717,BGS,1.64846945,0.4500,false
V4T003258,48.708504,-48.689519,BGS,1.24466768,0.4500,false
V4T003259,49.945733,-48.076182,BGS,2.19786137,0.4500,false
V4T003260,3.515576,-35.417194,ELG,0.38985930,1.0000,false
V4T003261,347.082867,-17.216947,Star,3.40864197,0.3000,false
V4T003262,351.290038,-22.151802,LRG,0.27211010,1.0000,false
V4T003263,24.245273,-51.652606,LRG,0.23276734,1.0000,false
V4T003264,334.596155,-26.903779,BGS,1.78409192,0.4500,false
V4T003265,22.797084,-51.230024,LRG,0.21600536,1.0000,false
V4T003266,351.317480,-39.399570,Star,4.91694484,0.3000,false
V4T003267,345.854193,-32.073343,ELG,0.87012456,1.0000,false
V4T003268,47.428762,-56.763326,BGS,1.07183570,0.4500,false
V4T003269,358.887970,-19.073440,ELG,0.70954494,1.0000,false
V4T003270,339.263917,-30.390140,ELG,0.83031003,1.0000,false
V4T003271,347.619699,-19.544706,LRG,0.56484658,1.0000,false
V4T003272,349.587374,-21.731817,ELG,0.60155687,1.0000,false
V4T003273,31.371721,-43.330988,Star,4.13271426,0.3000,false
V4T003274,32.379253,-55.638599,QSO,0.16717034,1.7000,false
V4T003275,338.771996,-22.168510,ELG,1.12774687,1.0000,false
V4T003276,30.432526,-42.416875,LRG,0.47077676,1.0000,false
V4T003277,345.303516,-18.964530,QSO,0.04725175,1.7000,false
V4T003278,31.885579,-44.894457,LRG,0.57859216,1.0000,false
V4T003279,334.740238,-30.799579,ELG,1.05055599,1.0000,false
V4T003280,343.425823,-36.481058,BGS,1.14935764,0.4500,false
V4T003281,44.055394,-56.835329,ELG,0.32692055,1.0000,false
V4T003282,341.250391,-17.239135,BGS,1.44303785,0.4500,false
V4T003283,339.706543,-24.381856,ELG,0.73579298,1.0000,true
V4T003284,33.787046,-52.846556,ELG,0.95889502,1.0000,false
V4T003285,42.210330,-51.460164,ELG,0.58858795,1.0000,false
V4T003286,353.341105,-32.775518,ELG,0.42877648,1.0000,false
V4T003287,24.462909,-51.591397,BGS,0.77541044,0.4500,false
V4T003288,358.040772,-18.490044,BGS,1.18177379,0.4500,false
V4T003289,342.950763,-25.138822,ELG,0.55813862,1.0000,false
V4T003290,346.429846,-15.324717,BGS,1.31309353,0.4500,false
V4T003291,355.131936,-27.675567,BGS,0.86638671,0.4500,false
V4T003292,359.270326,-30.044062,LRG,0.35051161,1.0000,false
V4T003293,356.580650,-24.405209,ELG,0.72271642,1.0000,false
V4T003294,340.794500,-27.084759,LRG,0.34226849,1.0000,false
V4T003295,345.480813,-22.897809,BGS,1.79094240,0.4500,false
V4T003296,342.274914,-39.338523,LRG,0.14568241,1.0000,false
V4T003297,16.611665,-49.530099,LRG,0.41621904,1.0000,false
V4T003298,345.236364,-29.370047,BGS,0.62163995,0.4500,false
V4T003299,35.257352,-42.632909,LRG,0.57016378,1.0000,true
V4T003300,351.150112,-26.361800,BGS,1.13219265,0.4500,false
V4T003301,0.261322,-22.407422,BGS,0.96235337,0.4500,false
V4T003302,343.428652,-35.708844,LRG,0.20308257,1.0000,false
V4T003303,342.465272,-26.198653,LRG,0.44801856,1.0000,false
V4T003304,340.443088,-28.656298,BGS,1.42282397,0.4500,false
V4T003305,30.443801,-43.080894,Star,6.60328126,0.3000,false
V4T003306,342.095251,-36.036479,ELG,0.64065159,1.0000,false
V4T003307,337.655050,-21.606821,ELG,1.10071393,1.0000,true
V4T003308,339.940212,-30.243471,ELG,0.52725633,1.0000,false
V4T003309,345.294099,-30.246460,ELG,0.71864870,1.0000,false
V4T003310,342.497881,-36.590336,QSO,0.43850668,1.7000,false
V4T003311,343.370776,-26.059255,ELG,0.72241913,1.0000,true
V4T003312,36.209712,-47.522945,Star,3.88654731,0.3000,false
V4T003313,359.954022,-19.054998,Star,5.08809425,0.3000,false
V4T003314,347.402431,-41.560291,BGS,1.16440405,0.4500,false
V4T003315,23.172335,-54.333791,LRG,0.34011307,1.0000,false
V4T003316,24.373210,-49.524434,BGS,1.87389336,0.4500,false
V4T003317,34.550012,-37.814195,LRG,0.40544929,1.0000,false
V4T003318,359.102075,-37.832810,LRG,0.24316409,1.0000,false
V4T003319,22.544836,-40.408381,Star,6.85195281,0.3000,false
V4T003320,32.680503,-43.299951,LRG,0.38661068,1.0000,false
V4T003321,44.950732,-58.338584,ELG,0.76636339,1.0000,false
V4T003322,4.983924,-27.029047,ELG,0.80522372,1.0000,false
V4T003323,43.525473,-40.794377,LRG,0.18602440,1.0000,false
V4T003324,348.513616,-32.148917,LRG,0.34864500,1.0000,false
V4T003325,351.536921,-37.079781,Star,4.33863242,0.3000,false
V4T003326,358.719178,-18.602657,ELG,0.26278085,1.0000,false
V4T003327,352.290559,-19.952095,QSO,0.20437103,1.7000,false
V4T003328,42.306696,-52.564708,QSO,0.08378436,1.7000,false
V4T003329,347.106863,-32.761660,ELG,0.34107395,1.0000,false
V4T003330,51.164315,-47.617617,LRG,0.81924703,1.0000,false
V4T003331,340.575507,-24.307105,QSO,0.44918691,1.7000,false
V4T003332,31.649841,-42.501549,LRG,0.43421815,1.0000,false
V4T003333,359.985555,-37.145971,ELG,0.32790880,1.0000,false
V4T003334,41.743788,-42.770071,ELG,0.80308869,1.0000,false
V4T003335,47.295309,-53.338655,ELG,0.53662762,1.0000,true
V4T003336,342.056292,-36.708057,ELG,0.41790298,1.0000,false
V4T003337,359.355722,-19.414132,LRG,0.39794863,1.0000,true
V4T003338,21.167232,-48.945205,LRG,0.17050902,1.0000,false
V4T003339,1.823242,-25.117068,ELG,0.49374440,1.0000,false
V4T003340,28.840316,-41.568872,BGS,1.63654379,0.4500,false
V4T003341,344.625829,-32.492612,BGS,1.07478092,0.4500,false
V4T003342,351.486690,-38.609357,BGS,0.93207212,0.4500,true
V4T003343,358.630238,-24.179275,BGS,2.30623468,0.4500,false
V4T003344,339.395074,-30.175472,QSO,0.14464320,1.7000,false
V4T003345,2.823815,-35.132674,ELG,1.12095468,1.0000,false
V4T003346,23.902452,-59.796708,ELG,0.35156342,1.0000,false
V4T003347,336.584170,-22.364126,Star,4.11341222,0.3000,false
V4T003348,357.895978,-28.116908,BGS,1.35826013,0.4500,false
V4T003349,339.734263,-35.283760,LRG,0.24334377,1.0000,false
V4T003350,334.407006,-34.407661,QSO,0.05930948,1.7000,false
V4T003351,349.444140,-23.253712,ELG,0.76133968,1.0000,false
V4T003352,359.953021,-23.528705,LRG,0.30294427,1.0000,false
V4T003353,24.109320,-39.693176,BGS,1.01808875,0.4500,false
V4T003354,354.700020,-31.569218,BGS,1.39840291,0.4500,false
V4T003355,334.431326,-26.376947,BGS,1.76536995,0.4500,false
V4T003356,49.424718,-51.813348,ELG,0.65948509,1.0000,false
V4T003357,345.608399,-29.917938,ELG,0.32002605,1.0000,false
V4T003358,355.065331,-15.569161,LRG,0.36169530,1.0000,false
V4T003359,35.029695,-54.948328,ELG,0.85244673,1.0000,false
V4T003360,359.231507,-33.324163,BGS,0.90481974,0.4500,false
V4T003361,357.400053,-22.529615,ELG,0.51381380,1.0000,false
V4T003362,339.091585,-30.415662,Star,3.08576653,0.3000,false
V4T003363,43.233396,-43.560949,LRG,0.33720691,1.0000,false
V4T003364,5.856326,-30.179132,ELG,0.58889531,1.0000,false
V4T003365,351.607654,-32.420015,BGS,1.53594186,0.4500,false
V4T003366,31.140970,-52.901926,BGS,1.33391488,0.4500,false
V4T003367,42.264663,-39.924556,LRG,0.44089570,1.0000,false
V4T003368,13.676826,-48.891886,BGS,1.35668421,0.4500,false
V4T003369,34.792757,-55.403147,BGS,1.64793359,0.4500,false
V4T003370,337.770420,-29.820002,ELG,0.77994191,1.0000,false
V4T003371,31.805278,-52.357512,Star,5.74720377,0.3000,false
V4T003372,13.774674,-47.762539,ELG,0.45724925,1.0000,false
V4T003373,345.742270,-17.934400,BGS,0.98282353,0.4500,false
V4T003374,24.958724,-49.205078,ELG,0.79859276,1.0000,false
V4T003375,351.573533,-38.520870,QSO,0.23943041,1.7000,false
V4T003376,2.336783,-21.246229,BGS,1.12198250,0.4500,false
V4T003377,348.101704,-30.175813,BGS,0.84787358,0.4500,false
V4T003378,36.027688,-42.485966,ELG,1.12289726,1.0000,false
V4T003379,48.777081,-50.728153,BGS,1.07048274,0.4500,false
V4T003380,39.005969,-48.337993,QSO,0.27257970,1.7000,false
V4T003381,43.249550,-41.587402,ELG,0.64561083,1.0000,false
V4T003382,3.974452,-27.167534,LRG,0.38986075,1.0000,false
V4T003383,337.884560,-36.901358,QSO,0.10112365,1.7000,false
V4T003384,352.417881,-21.280412,BGS,0.80517285,0.4500,false
V4T003385,338.260246,-30.463373,QSO,0.23565512,1.7000,false
V4T003386,5.047787,-30.717180,BGS,1.75538190,0.4500,false
V4T003387,39.581907,-58.521653,LRG,0.55171740,1.0000,false
V4T003388,348.556445,-31.814903,LRG,0.26799658,1.0000,false
V4T003389,343.022654,-37.859910,LRG,0.33095459,1.0000,false
V4T003390,0.801743,-35.619505,BGS,1.09160525,0.4500,false
V4T003391,352.417388,-38.243974,LRG,0.32834585,1.0000,false
V4T003392,340.833254,-29.814869,LRG,0.49719101,1.0000,false
V4T003393,37.022785,-38.600432,ELG,0.66457578,1.0000,false
V4T003394,354.990677,-24.995117,LRG,0.32975813,1.0000,false
V4T003395,352.838451,-33.139155,ELG,0.41325132,1.0000,false
V4T003396,355.044957,-19.637990,BGS,1.27601208,0.4500,false
V4T003397,3.128635,-21.352852,ELG,0.53052340,1.0000,false
V4T003398,356.442725,-37.353146,ELG,0.43017209,1.0000,false
V4T003399,46.605663,-42.756301,ELG,0.56621289,1.0000,false
V4T003400,340.343603,-23.972986,QSO,0.07816020,1.7000,false
V4T003401,340.503204,-24.018085,Star,3.88156278,0.3000,false
V4T003402,339.936739,-30.259726,QSO,0.17233802,1.7000,false
V4T003403,41.850796,-46.643213,ELG,1.29852193,1.0000,false
V4T003404,356.692376,-35.971522,Star,2.76794932,0.3000,false
V4T003405,351.816805,-39.533999,LRG,0.31351386,1.0000,false
V4T003406,340.144132,-23.432661,Star,4.19509434,0.3000,false
V4T003407,354.188225,-33.886736,ELG,0.90447772,1.0000,false
V4T003408,342.464954,-36.310562,QSO,0.12791590,1.7000,false
V4T003409,343.568517,-16.282225,LRG,0.46710590,1.0000,false
V4T003410,19.852102,-46.012985,ELG,0.50530481,1.0000,false
V4T003411,337.470118,-21.965107,Star,6.48850627,0.3000,false
V4T003412,29.599196,-42.282572,BGS,1.57565711,0.4500,false
V4T003413,4.589819,-27.676995,ELG,0.95171471,1.0000,false
V4T003414,346.058778,-30.753914,ELG,0.47727375,1.0000,false
V4T003415,50.305141,-53.745974,ELG,0.38851884,1.0000,false
V4T003416,33.900942,-39.054260,ELG,0.45505008,1.0000,false
V4T003417,352.080569,-34.034955,BGS,1.52449486,0.4500,false
V4T003418,23.485409,-56.634475,ELG,0.86443919,1.0000,true
V4T003419,34.589501,-44.986134,Star,4.22701225,0.3000,false
V4T003420,0.175925,-26.398323,LRG,0.30574744,1.0000,false
V4T003421,37.717140,-38.105918,ELG,0.37019034,1.0000,false
V4T003422,43.822613,-38.836428,LRG,0.13817454,1.0000,false
V4T003423,353.309006,-39.959093,ELG,0.48698781,1.0000,false
V4T003424,350.678200,-14.980442,BGS,1.15243262,0.4500,false
V4T003425,358.510000,-19.075636,ELG,0.70442931,1.0000,false
V4T003426,0.288591,-29.355751,ELG,0.70520569,1.0000,false
V4T003427,351.493122,-33.263483,LRG,0.30567842,1.0000,false
V4T003428,36.135673,-54.872941,ELG,0.49784449,1.0000,false
V4T003429,348.544662,-29.422240,Star,2.84731574,0.3000,false
V4T003430,336.897091,-34.959352,BGS,1.12723033,0.4500,false
V4T003431,350.681184,-33.681300,QSO,0.16626560,1.7000,true
V4T003432,357.610485,-17.080248,QSO,0.38430424,1.7000,false
V4T003433,357.242131,-27.152778,QSO,0.15809523,1.7000,false
V4T003434,350.020446,-22.625344,Star,5.08710979,0.3000,false
V4T003435,17.278526,-54.582279,BGS,1.65277685,0.4500,false
V4T003436,0.264017,-37.423438,BGS,0.94391837,0.4500,false
V4T003437,42.835341,-51.365056,BGS,2.39947045,0.4500,false
V4T003438,3.224064,-21.122783,LRG,0.43039004,1.0000,false
V4T003439,49.829088,-48.880269,ELG,0.44909685,1.0000,false
V4T003440,339.856051,-29.597352,BGS,1.67807800,0.4500,false
V4T003441,338.187150,-28.554824,BGS,1.43297432,0.4500,false
V4T003442,343.356485,-36.844150,ELG,1.01206310,1.0000,false
V4T003443,354.956684,-34.361631,ELG,0.68490925,1.0000,false
V4T003444,347.659751,-18.067134,ELG,1.05634937,1.0000,false
V4T003445,353.257502,-39.418403,ELG,0.75034866,1.0000,false
V4T003446,19.691539,-42.726647,QSO,0.20614055,1.7000,false
V4T003447,35.704066,-54.313651,BGS,1.15322875,0.4500,false
V4T003448,29.200343,-56.534103,Star,4.18854182,0.3000,false
V4T003449,338.122613,-20.446035,BGS,1.37001611,0.4500,false
V4T003450,358.093602,-24.379837,QSO,0.17472710,1.7000,false
V4T003451,16.257861,-44.304462,QSO,0.24030645,1.7000,false
V4T003452,352.073540,-19.005894,ELG,0.67050043,1.0000,false
V4T003453,338.683383,-21.058476,LRG,0.40117199,1.0000,false
V4T003454,0.189132,-35.847823,ELG,0.53861512,1.0000,false
V4T003455,335.842059,-22.989997,QSO,0.12608121,1.7000,false
V4T003456,358.191218,-20.221327,QSO,0.24975165,1.7000,false
V4T003457,347.344450,-29.357963,BGS,0.90742753,0.4500,false
V4T003458,348.661972,-36.304629,BGS,1.74598245,0.4500,false
V4T003459,42.400797,-48.529389,BGS,1.11377166,0.4500,false
V4T003460,338.793732,-22.839855,BGS,1.35818394,0.4500,false
V4T003461,35.560704,-55.902117,LRG,0.24980398,1.0000,false
V4T003462,339.371451,-23.214525,LRG,0.42424817,1.0000,false
V4T003463,3.845332,-29.247860,ELG,0.74599809,1.0000,false
V4T003464,336.645575,-37.871210,ELG,0.52241120,1.0000,false
V4T003465,347.699745,-33.532342,LRG,0.25790557,1.0000,false
V4T003466,354.493234,-34.192161,BGS,0.93525050,0.4500,false
V4T003467,0.162926,-31.556702,ELG,0.63826097,1.0000,false
V4T003468,33.857680,-59.751115,LRG,0.37343688,1.0000,false
V4T003469,351.915833,-39.259057,LRG,0.28699821,1.0000,false
V4T003470,354.083290,-19.442150,LRG,0.35506791,1.0000,false
V4T003471,352.057178,-31.127839,Star,2.54961428,0.3000,true
V4T003472,336.926580,-32.839297,BGS,1.16581410,0.4500,false
V4T003473,353.239915,-19.874431,ELG,0.48346360,1.0000,true
V4T003474,0.611239,-18.123345,ELG,0.44498165,1.0000,false
V4T003475,36.680532,-57.439938,ELG,0.54316688,1.0000,false
V4T003476,26.711844,-44.663931,ELG,0.84331175,1.0000,false
V4T003477,353.919486,-16.786485,LRG,0.26777504,1.0000,false
V4T003478,22.051765,-50.495703,QSO,0.24252024,1.7000,false
V4T003479,27.067201,-36.786647,QSO,0.12725920,1.7000,false
V4T003480,2.048514,-35.251805,ELG,0.81426461,1.0000,false
V4T003481,2.331121,-20.287549,BGS,1.49919890,0.4500,false
V4T003482,335.092375,-31.108357,BGS,2.11010390,0.4500,false
V4T003483,29.530319,-42.765159,ELG,0.52173217,1.0000,false
V4T003484,350.623661,-15.219492,QSO,0.12166604,1.7000,false
V4T003485,358.806231,-22.214145,ELG,0.39780219,1.0000,false
V4T003486,347.076140,-25.979649,BGS,1.67141416,0.4500,false
V4T003487,338.259268,-27.599818,ELG,0.32983742,1.0000,false
V4T003488,352.456398,-23.888026,ELG,0.38154359,1.0000,false
V4T003489,2.655538,-20.887343,BGS,1.73772877,0.4500,false
V4T003490,26.579646,-58.481273,QSO,0.44852036,1.7000,false
V4T003491,0.267490,-36.024973,ELG,0.19918646,1.0000,false
V4T003492,339.218326,-21.275662,QSO,0.08858762,1.7000,false
V4T003493,355.459747,-23.007087,BGS,0.80675390,0.4500,true
V4T003494,339.900774,-23.984746,QSO,0.12418042,1.7000,false
V4T003495,356.522723,-23.664765,QSO,0.17368109,1.7000,false
V4T003496,29.136778,-40.369056,QSO,0.18335321,1.7000,false
V4T003497,17.191098,-45.479006,ELG,0.69493435,1.0000,false
V4T003498,343.492744,-35.425120,BGS,1.03452310,0.4500,false
V4T003499,25.671215,-48.807116,ELG,0.49416226,1.0000,false
V4T003500,346.069672,-39.691223,Star,4.25662387,0.3000,false
V4T003501,349.802436,-39.993183,ELG,0.91178286,1.0000,false
V4T003502,357.686523,-27.973731,ELG,0.29627782,1.0000,false
V4T003503,34.939999,-53.875667,ELG,0.69127696,1.0000,false
V4T003504,359.906183,-23.501609,LRG,0.64615840,1.0000,false
V4T003505,359.315413,-20.847138,LRG,0.35396547,1.0000,false
V4T003506,4.646403,-23.220540,ELG,0.86186846,1.0000,false
V4T003507,46.610996,-55.739488,QSO,0.19109735,1.7000,false
V4T003508,20.224377,-55.190669,ELG,0.58331134,1.0000,false
V4T003509,2.048545,-36.001726,BGS,1.35331467,0.4500,false
V4T003510,356.809082,-38.428711,ELG,0.76553784,1.0000,true
V4T003511,15.185903,-47.894631,LRG,0.27268500,1.0000,false
V4T003512,27.419392,-40.505217,BGS,0.72904721,0.4500,false
V4T003513,339.026099,-22.270224,QSO,0.23949164,1.7000,false
V4T003514,349.658250,-37.278187,ELG,0.46454240,1.0000,false
V4T003515,351.582283,-39.080577,LRG,0.36585605,1.0000,false
V4T003516,28.100190,-51.563880,BGS,1.67619257,0.4500,false
V4T003517,343.531876,-24.458614,BGS,0.79957483,0.4500,false
V4T003518,30.136557,-56.857105,ELG,0.31585253,1.0000,false
V4T003519,42.510486,-58.279999,ELG,0.49673919,1.0000,false
V4T003520,333.484997,-30.250830,BGS,0.95117373,0.4500,false
V4T003521,23.230080,-50.846076,ELG,0.39744737,1.0000,false
V4T003522,358.617268,-34.105612,LRG,0.42912460,1.0000,false
V4T003523,33.554709,-50.008972,Star,4.74196972,0.3000,false
V4T003524,42.680853,-54.581763,ELG,0.66278515,1.0000,false
V4T003525,351.360554,-30.818436,BGS,1.19365609,0.4500,false
V4T003526,359.267747,-33.485169,LRG,0.21654008,1.0000,false
V4T003527,35.327637,-55.687768,LRG,0.35571147,1.0000,false
V4T003528,19.050154,-40.576330,QSO,0.27759692,1.7000,false
V4T003529,0.340213,-26.627007,QSO,0.22494767,1.7000,false
V4T003530,350.194122,-25.342746,LRG,0.26727558,1.0000,false
V4T003531,339.781703,-35.639139,LRG,0.13713382,1.0000,false
V4T003532,359.112055,-26.930474,ELG,0.32897347,1.0000,false
V4T003533,339.310507,-29.384440,ELG,0.50873969,1.0000,true
V4T003534,339.809897,-31.614907,BGS,1.14973503,0.4500,false
V4T003535,22.929143,-40.993982,BGS,1.28673435,0.4500,false
V4T003536,1.434785,-26.535075,BGS,1.38801063,0.4500,false
V4T003537,15.449864,-53.928745,ELG,0.31123739,1.0000,false
V4T003538,351.399836,-26.716658,ELG,0.58845196,1.0000,false
V4T003539,342.324469,-18.574540,BGS,0.71355123,0.4500,false
V4T003540,2.288844,-35.025290,LRG,0.35158350,1.0000,false
V4T003541,338.491517,-29.995838,LRG,0.31207825,1.0000,false
V4T003542,355.074083,-38.141957,ELG,0.41929905,1.0000,false
V4T003543,27.602309,-43.942945,BGS,1.94656747,0.4500,false
V4T003544,36.573951,-55.210407,LRG,0.24960868,1.0000,false
V4T003545,353.266289,-19.985027,ELG,0.67968264,1.0000,false
V4T003546,1.415517,-36.188235,QSO,0.33159931,1.7000,false
V4T003547,346.402539,-29.974737,LRG,0.44721825,1.0000,false
V4T003548,358.674360,-17.154984,ELG,0.72108930,1.0000,false
V4T003549,49.970016,-52.653000,BGS,1.32514603,0.4500,false
V4T003550,349.562806,-25.855045,ELG,0.35960396,1.0000,false
V4T003551,352.972654,-19.513159,ELG,0.67421490,1.0000,false
V4T003552,351.853585,-38.790193,ELG,0.37222551,1.0000,false
V4T003553,16.971774,-49.912074,ELG,0.76260026,1.0000,false
V4T003554,348.978626,-17.482110,ELG,0.56547363,1.0000,false
V4T003555,31.291842,-52.353079,ELG,0.36985471,1.0000,false
V4T003556,339.433060,-26.490482,Star,6.58125920,0.3000,false
V4T003557,0.020864,-17.680012,ELG,0.78179355,1.0000,false
V4T003558,340.376361,-23.845202,QSO,0.06140025,1.7000,false
V4T003559,337.056786,-23.796471,QSO,0.16560035,1.7000,false
V4T003560,32.666860,-60.978906,ELG,0.44600724,1.0000,false
V4T003561,355.987613,-24.229385,LRG,0.11704368,1.0000,false
V4T003562,342.896696,-22.997029,LRG,0.17427214,1.0000,false
V4T003563,20.174725,-49.137103,LRG,0.31853281,1.0000,false
V4T003564,21.414012,-40.052045,BGS,1.08892552,0.4500,false
V4T003565,33.951906,-56.078331,Star,4.85871896,0.3000,false
V4T003566,338.419704,-21.126414,ELG,0.79968959,1.0000,false
V4T003567,358.345548,-19.238363,QSO,0.23009918,1.7000,false
V4T003568,339.396937,-30.605555,LRG,0.29574718,1.0000,true
V4T003569,45.807785,-50.746904,QSO,0.05852789,1.7000,false
V4T003570,343.828701,-40.023304,ELG,0.59969253,1.0000,false
V4T003571,351.196060,-38.068142,LRG,0.32009794,1.0000,false
V4T003572,26.115815,-44.472706,LRG,0.27080337,1.0000,false
V4T003573,345.951558,-23.866254,QSO,0.21450265,1.7000,false
V4T003574,359.146821,-19.007617,ELG,0.83201081,1.0000,true
V4T003575,347.567965,-27.489716,LRG,0.48198388,1.0000,false
V4T003576,17.617586,-57.567351,BGS,1.17856970,0.4500,false
V4T003577,351.781950,-27.352362,ELG,0.45665608,1.0000,false
V4T003578,35.966375,-55.254702,QSO,0.38821192,1.7000,true
V4T003579,14.788631,-46.613351,LRG,0.21633836,1.0000,false
V4T003580,29.620856,-43.306772,BGS,0.90973658,0.4500,false
V4T003581,343.057733,-37.096143,ELG,0.59445151,1.0000,false
V4T003582,346.421041,-30.307200,BGS,1.03305610,0.4500,false
V4T003583,348.301386,-25.517693,ELG,0.88908931,1.0000,false
V4T003584,45.548645,-58.201101,QSO,0.20626359,1.7000,false
V4T003585,349.400567,-29.073503,Star,5.01100333,0.3000,false
V4T003586,345.510652,-29.714180,BGS,1.03791927,0.4500,false
V4T003587,38.775711,-41.966511,LRG,0.26837709,1.0000,false
V4T003588,29.592866,-42.744106,LRG,0.48373954,1.0000,false
V4T003589,335.914569,-26.884194,QSO,0.42272394,1.7000,false
V4T003590,33.213921,-40.886842,LRG,0.22812191,1.0000,false
V4T003591,18.702231,-43.188876,BGS,1.03607181,0.4500,false
V4T003592,21.979514,-51.800954,BGS,1.05818524,0.4500,false
V4T003593,2.017223,-35.158176,BGS,1.27255674,0.4500,false
V4T003594,343.068059,-27.085606,ELG,0.49288119,1.0000,false
V4T003595,1.593539,-19.699832,BGS,0.89706213,0.4500,false
V4T003596,343.450885,-36.737111,ELG,0.67979773,1.0000,false
V4T003597,345.957361,-29.129332,Star,4.23296020,0.3000,false
V4T003598,347.397884,-29.072808,BGS,1.09109742,0.4500,false
V4T003599,28.814821,-54.167369,BGS,1.55679798,0.4500,false
V4T003600,348.197872,-39.070309,LRG,0.37204330,1.0000,false
V4T003601,355.812171,-23.628740,BGS,1.59755931,0.4500,false
V4T003602,340.248438,-23.022432,BGS,1.08458156,0.4500,false
V4T003603,354.921906,-30.377867,ELG,0.60838972,1.0000,false
V4T003604,45.278673,-42.592457,ELG,0.54053574,1.0000,false
V4T003605,44.186843,-52.825504,BGS,1.35243664,0.4500,false
V4T003606,20.974797,-42.315805,ELG,0.43526329,1.0000,false
V4T003607,356.009082,-39.741607,LRG,0.41697776,1.0000,false
V4T003608,14.446644,-47.458390,BGS,1.75969874,0.4500,false
V4T003609,358.442519,-18.412698,LRG,0.26215643,1.0000,false
V4T003610,34.194979,-44.514149,ELG,0.87714476,1.0000,false
V4T003611,349.216989,-34.399659,QSO,0.19589422,1.7000,false
V4T003612,19.255575,-55.012326,ELG,0.55161146,1.0000,false
V4T003613,344.099275,-29.523505,ELG,0.76650152,1.0000,false
V4T003614,353.096002,-20.538356,LRG,0.46650032,1.0000,false
V4T003615,340.278916,-29.710913,BGS,0.85627942,0.4500,false
V4T003616,18.930878,-43.778531,ELG,1.24578611,1.0000,false
V4T003617,12.938878,-52.490839,BGS,1.53537696,0.4500,false
V4T003618,354.062346,-32.440951,QSO,0.34235956,1.7000,false
V4T003619,22.400408,-42.115866,LRG,0.49919718,1.0000,false
V4T003620,348.419630,-36.162286,ELG,0.39585462,1.0000,false
V4T003621,350.744195,-20.965414,QSO,0.44636232,1.7000,false
V4T003622,30.158900,-60.801443,BGS,0.51805111,0.4500,false
V4T003623,357.794937,-18.636757,BGS,1.14356990,0.4500,false
V4T003624,359.571132,-18.206866,Star,5.26282356,0.3000,false
V4T003625,340.710913,-38.450782,LRG,0.52651588,1.0000,false
V4T003626,353.641295,-38.646272,ELG,0.66057170,1.0000,false
V4T003627,345.645568,-31.908756,ELG,0.50462184,1.0000,false
V4T003628,339.141634,-27.024201,QSO,0.15065048,1.7000,false
V4T003629,26.043546,-45.715071,BGS,1.81490963,0.4500,false
V4T003630,345.915891,-27.725415,ELG,0.94537654,1.0000,false
V4T003631,355.203899,-16.042727,LRG,0.38889168,1.0000,false
V4T003632,352.444324,-24.552489,BGS,1.08082537,0.4500,false
V4T003633,352.897160,-26.227707,LRG,0.50121499,1.0000,false
V4T003634,23.883338,-46.568487,Star,3.89189047,0.3000,false
V4T003635,358.899052,-18.239651,ELG,0.61926616,1.0000,true
V4T003636,356.531811,-37.277725,LRG,0.25204286,1.0000,false
V4T003637,43.750832,-40.522689,LRG,0.39513806,1.0000,false
V4T003638,37.433646,-59.064922,ELG,0.59262943,1.0000,false
V4T003639,40.566983,-53.550850,LRG,0.44479209,1.0000,false
V4T003640,358.567405,-25.555224,BGS,1.33319393,0.4500,false
V4T003641,345.251274,-30.838334,ELG,0.36698582,1.0000,false
V4T003642,18.025352,-53.216505,QSO,0.19374535,1.7000,false
V4T003643,341.059891,-40.539310,QSO,0.13822533,1.7000,false
V4T003644,339.129853,-34.193222,QSO,0.18004558,1.7000,false
V4T003645,352.908198,-19.224994,ELG,1.11362680,1.0000,false
V4T003646,44.244198,-44.316373,ELG,1.04530888,1.0000,false
V4T003647,43.511752,-53.009047,ELG,1.29733739,1.0000,true
V4T003648,340.750379,-22.226022,BGS,1.42961799,0.4500,false
V4T003649,359.785096,-26.091540,ELG,0.77022915,1.0000,false
V4T003650,339.687991,-20.494964,ELG,0.61977942,1.0000,false
V4T003651,352.471227,-38.627889,ELG,0.76827952,1.0000,false
V4T003652,28.440449,-50.103953,ELG,0.39494852,1.0000,false
V4T003653,351.283827,-39.065405,QSO,0.04939923,1.7000,false
V4T003654,348.502671,-40.202003,BGS,1.74713906,0.4500,false
V4T003655,20.619572,-48.227060,BGS,1.24047564,0.4500,true
V4T003656,355.340405,-22.595745,BGS,1.26621576,0.4500,false
V4T003657,339.381235,-34.396544,LRG,0.40454194,1.0000,false
V4T003658,345.921867,-29.504663,LRG,0.24658036,1.0000,false
V4T003659,1.257497,-34.941822,ELG,0.30117694,1.0000,false
V4T003660,340.038232,-31.460017,QSO,0.19251565,1.7000,false
V4T003661,355.932893,-23.079177,LRG,0.23526610,1.0000,false
V4T003662,358.268636,-18.472544,ELG,0.74274062,1.0000,false
V4T003663,0.696533,-27.457406,QSO,0.30311093,1.7000,false
V4T003664,351.001928,-39.204042,ELG,0.42437954,1.0000,false
V4T003665,356.192653,-23.955603,BGS,1.19181368,0.4500,false
V4T003666,358.096183,-18.121455,ELG,0.92211886,1.0000,false
V4T003667,36.213874,-44.817581,BGS,1.01464896,0.4500,false
V4T003668,350.553861,-36.635005,QSO,0.20236038,1.7000,false
V4T003669,356.156548,-33.414020,BGS,1.80517302,0.4500,false
V4T003670,345.023852,-29.501484,BGS,1.39108474,0.4500,true
V4T003671,33.361558,-48.448933,BGS,1.57675705,0.4500,false
V4T003672,22.823501,-58.935845,Star,2.26793122,0.3000,false
V4T003673,354.569539,-39.605284,ELG,0.67489712,1.0000,false
V4T003674,336.245139,-31.792955,ELG,0.55889737,1.0000,false
V4T003675,357.009433,-20.634481,BGS,0.96745978,0.4500,false
V4T003676,352.265737,-28.505500,Star,2.73141907,0.3000,false
V4T003677,35.347207,-50.228898,ELG,0.78413475,1.0000,false
V4T003678,30.446978,-43.622941,BGS,1.18565271,0.4500,false
V4T003679,339.902511,-23.875664,BGS,1.12120874,0.4500,false
V4T003680,24.896181,-39.511431,ELG,0.35871747,1.0000,false
V4T003681,29.000331,-41.822746,BGS,1.07496543,0.4500,false
V4T003682,33.574087,-43.643325,ELG,0.23268688,1.0000,false
V4T003683,345.957392,-30.281375,ELG,0.96845315,1.0000,true
V4T003684,338.337310,-21.380975,ELG,0.47652982,1.0000,false
V4T003685,38.718717,-47.945398,QSO,0.26796897,1.7000,false
V4T003686,350.136397,-17.712658,Star,2.92486560,0.3000,false
V4T003687,339.921084,-34.884819,ELG,0.39828340,1.0000,false
V4T003688,28.556026,-53.760500,ELG,0.44159899,1.0000,false
V4T003689,351.671986,-27.669837,LRG,0.28441846,1.0000,false
V4T003690,17.473896,-48.506720,ELG,0.55305149,1.0000,false
V4T003691,23.203836,-46.794641,ELG,0.75409134,1.0000,false
V4T003692,340.941064,-18.099799,BGS,1.33580154,0.4500,true
V4T003693,345.954994,-28.249594,QSO,0.22626386,1.7000,false
V4T003694,28.940224,-42.436490,ELG,0.55417472,1.0000,false
V4T003695,345.787311,-19.910247,LRG,0.33634360,1.0000,false
V4T003696,340.134231,-22.629546,BGS,1.69015158,0.4500,false
V4T003697,339.514200,-29.335873,ELG,0.72409404,1.0000,false
V4T003698,4.067223,-21.613025,BGS,0.75762205,0.4500,false
V4T003699,0.365493,-26.099035,QSO,0.17844908,1.7000,false
V4T003700,358.650592,-18.201115,Star,3.49252507,0.3000,false
V4T003701,338.367904,-20.449374,ELG,0.44974672,1.0000,false
V4T003702,356.515402,-26.172151,LRG,0.45071634,1.0000,false
V4T003703,26.661242,-44.507333,QSO,0.08510203,1.7000,false
V4T003704,358.526559,-19.037004,ELG,0.50884133,1.0000,false
V4T003705,337.249658,-25.139051,QSO,0.12711731,1.7000,false
V4T003706,351.742923,-34.189785,ELG,0.41802530,1.0000,false
V4T003707,42.324856,-46.637459,Star,3.04416135,0.3000,false
V4T003708,358.310978,-19.130738,ELG,0.63644290,1.0000,false
V4T003709,345.761691,-29.830146,BGS,1.68247319,0.4500,false
V4T003710,347.397482,-26.889797,BGS,2.64528860,0.4500,false
V4T003711,353.041747,-19.701922,ELG,0.25675655,1.0000,false
V4T003712,357.213905,-24.138385,ELG,0.38163768,1.0000,false
V4T003713,339.185305,-24.267886,ELG,0.73566577,1.0000,true
V4T003714,350.916226,-14.768175,ELG,0.34899839,1.0000,false
V4T003715,2.185487,-35.693366,BGS,1.57275274,0.4500,false
V4T003716,43.714109,-40.548666,ELG,0.73800167,1.0000,false
V4T003717,342.386501,-33.388651,QSO,0.14951627,1.7000,false
V4T003718,25.325259,-56.038901,ELG,0.76605684,1.0000,false
V4T003719,357.085781,-28.522016,ELG,1.69108608,1.0000,false
V4T003720,355.771768,-22.291491,ELG,0.39630689,1.0000,false
V4T003721,0.922408,-31.189006,BGS,1.36528349,0.4500,false
V4T003722,340.969765,-38.301557,Star,2.69387571,0.3000,false
V4T003723,357.773136,-19.480515,ELG,0.54916185,1.0000,false
V4T003724,359.811670,-17.375015,QSO,0.12185883,1.7000,false
V4T003725,345.330346,-31.300054,ELG,0.42019197,1.0000,false
V4T003726,20.200786,-43.891130,ELG,0.56718390,1.0000,false
V4T003727,17.555139,-57.672877,LRG,0.40717088,1.0000,false
V4T003728,46.590607,-43.578339,ELG,0.72226663,1.0000,false
V4T003729,338.289181,-25.081608,ELG,1.54571283,1.0000,false
V4T003730,353.241587,-19.410672,BGS,1.22172028,0.4500,false
V4T003731,23.451124,-52.298547,ELG,0.64499805,1.0000,false
V4T003732,352.905806,-19.714030,BGS,2.34138855,0.4500,false
V4T003733,13.024674,-51.110704,QSO,0.22930055,1.7000,false
V4T003734,23.777453,-48.577518,QSO,0.32666906,1.7000,false
V4T003735,349.523591,-24.507456,LRG,0.27531320,1.0000,false
V4T003736,353.800750,-20.131970,LRG,0.28088673,1.0000,false
V4T003737,1.911809,-34.324843,ELG,0.80537460,1.0000,false
V4T003738,22.236740,-51.974927,QSO,0.54432709,1.7000,false
V4T003739,30.733867,-36.845513,ELG,0.33487902,1.0000,false
V4T003740,33.430841,-53.210957,BGS,1.21371858,0.4500,false
V4T003741,353.648639,-19.768209,ELG,0.16639211,1.0000,false
V4T003742,31.468986,-58.025859,ELG,0.70227791,1.0000,false
V4T003743,344.721060,-30.306917,QSO,0.27740045,1.7000,false
V4T003744,3.131646,-21.238498,LRG,0.19072263,1.0000,true
V4T003745,359.052603,-18.347541,BGS,0.83083613,0.4500,false
V4T003746,334.847070,-32.312117,ELG,0.43886143,1.0000,true
V4T003747,35.340010,-56.793872,LRG,0.41911434,1.0000,false
V4T003748,352.523543,-30.716144,QSO,0.15319181,1.7000,false
V4T003749,343.015007,-36.246171,LRG,0.30218403,1.0000,false
V4T003750,31.639766,-39.191279,BGS,2.78070832,0.4500,false
V4T003751,352.671965,-20.444751,BGS,1.01917455,0.4500,false
V4T003752,343.144704,-36.408693,ELG,0.26691400,1.0000,false
V4T003753,24.156655,-42.087286,ELG,0.56176697,1.0000,false
V4T003754,33.487523,-50.958130,ELG,0.31100029,1.0000,false
V4T003755,3.120178,-23.386174,ELG,1.02226487,1.0000,false
V4T003756,337.539170,-35.605866,ELG,0.52671840,1.0000,false
V4T003757,358.330598,-18.548015,ELG,0.80663773,1.0000,false
V4T003758,23.466376,-55.269879,LRG,0.24552566,1.0000,false
V4T003759,345.523995,-22.740798,BGS,0.84386438,0.4500,false
V4T003760,339.098530,-19.601837,BGS,1.34317862,0.4500,false
V4T003761,358.767295,-35.192071,ELG,0.79161480,1.0000,false
V4T003762,334.231910,-26.254051,LRG,0.83570913,1.0000,false
V4T003763,1.568228,-25.493962,LRG,0.39353804,1.0000,false
V4T003764,335.640785,-26.696732,LRG,0.39259487,1.0000,false
V4T003765,42.734533,-58.062566,LRG,0.59884423,1.0000,false
V4T003766,1.246822,-21.424501,ELG,1.09766309,1.0000,false
V4T003767,29.642741,-39.076747,ELG,1.00809116,1.0000,false
V4T003768,353.462265,-19.618938,ELG,0.71930212,1.0000,false
V4T003769,1.307540,-21.259165,LRG,0.30681151,1.0000,false
V4T003770,351.426697,-31.618007,ELG,0.75359747,1.0000,false
V4T003771,14.681070,-50.663214,ELG,0.74565286,1.0000,true
V4T003772,349.532244,-21.253313,Star,4.02539167,0.3000,true
V4T003773,334.800386,-30.767987,ELG,0.32900558,1.0000,false
V4T003774,49.495881,-51.755345,ELG,1.29746202,1.0000,false
V4T003775,337.080671,-29.053962,ELG,0.65433124,1.0000,false
V4T003776,28.688662,-42.760134,ELG,1.37355628,1.0000,false
V4T003777,352.209091,-20.073634,LRG,0.80447966,1.0000,false
V4T003778,338.103064,-21.374821,Star,4.01863842,0.3000,false
V4T003779,39.903155,-40.054085,ELG,0.59568451,1.0000,false
V4T003780,338.090917,-30.166041,QSO,0.24561537,1.7000,false
V4T003781,339.001881,-21.341521,BGS,1.11625769,0.4500,false
V4T003782,351.684482,-38.025392,LRG,0.25185283,1.0000,false
V4T003783,41.803549,-45.021660,ELG,0.54455293,1.0000,false
V4T003784,50.880712,-49.363128,ELG,0.63835817,1.0000,true
V4T003785,351.789426,-38.878435,Star,6.12344882,0.3000,false
V4T003786,345.945011,-30.365637,ELG,0.47770465,1.0000,false
V4T003787,29.483403,-46.059589,ELG,0.63534337,1.0000,false
V4T003788,336.708265,-29.734459,LRG,0.24062106,1.0000,false
V4T003789,342.878785,-37.020136,BGS,1.17036731,0.4500,false
V4T003790,337.301956,-25.983943,ELG,0.97226559,1.0000,false
V4T003791,50.367316,-50.784227,BGS,1.20290864,0.4500,false
V4T003792,341.457735,-23.139202,BGS,1.28276316,0.4500,false
V4T003793,337.838080,-28.438972,LRG,0.36990528,1.0000,false
V4T003794,42.519742,-42.470214,ELG,0.40566275,1.0000,false
V4T003795,343.145492,-28.142547,QSO,0.27527595,1.7000,false
V4T003796,352.265017,-17.736998,LRG,0.33851006,1.0000,true
V4T003797,27.960420,-54.006276,QSO,0.28919557,1.7000,false
V4T003798,354.106866,-19.817292,BGS,1.35240097,0.4500,false
V4T003799,2.884448,-35.213453,Star,3.01278666,0.3000,false
V4T003800,3.692648,-31.472801,Star,4.11583997,0.3000,false
V4T003801,348.565114,-31.808752,ELG,0.36400563,1.0000,false
V4T003802,356.805024,-16.349624,QSO,0.38113044,1.7000,false
V4T003803,349.395526,-23.678991,BGS,0.84834571,0.4500,false
V4T003804,359.277618,-18.206747,BGS,1.37030708,0.4500,false
V4T003805,352.606593,-21.357033,ELG,0.49103511,1.0000,false
V4T003806,348.690480,-16.133771,LRG,0.27948785,1.0000,false
V4T003807,346.319060,-30.024426,ELG,0.36435937,1.0000,false
V4T003808,339.433633,-29.822050,BGS,0.97877042,0.4500,false
V4T003809,355.814689,-23.631169,ELG,0.41259160,1.0000,false
V4T003810,346.336739,-29.803590,Star,4.20516505,0.3000,false
V4T003811,23.981386,-45.281107,QSO,0.12359106,1.7000,false
V4T003812,4.982621,-26.655052,ELG,0.58891555,1.0000,true
V4T003813,15.126561,-55.023271,BGS,1.05997588,0.4500,false
V4T003814,350.928723,-38.611580,QSO,0.22380747,1.7000,false
V4T003815,32.498577,-39.597177,BGS,2.43566678,0.4500,false
V4T003816,42.464620,-42.979348,ELG,0.31530549,1.0000,true
V4T003817,354.679293,-27.731215,Star,4.67168857,0.3000,false
V4T003818,3.496297,-21.568266,LRG,0.46975829,1.0000,false
V4T003819,33.802437,-52.976709,QSO,0.26888494,1.7000,true
V4T003820,39.691005,-37.213305,LRG,0.24538034,1.0000,false
V4T003821,346.426106,-20.316522,LRG,0.49502052,1.0000,false
V4T003822,335.661214,-32.169771,LRG,0.35125449,1.0000,false
V4T003823,25.333365,-39.515857,ELG,0.74181936,1.0000,false
V4T003824,358.018643,-22.502097,ELG,0.59456502,1.0000,false
V4T003825,342.236646,-20.597183,LRG,0.40417929,1.0000,false
V4T003826,339.504598,-30.958961,QSO,0.07666622,1.7000,false
V4T003827,351.753130,-19.762282,LRG,0.44937650,1.0000,false
V4T003828,36.575559,-38.338909,QSO,0.30538912,1.7000,false
V4T003829,41.733453,-39.536575,BGS,0.81792959,0.4500,false
V4T003830,356.456826,-16.510474,ELG,1.14861643,1.0000,false
V4T003831,340.642868,-35.785251,BGS,1.44434249,0.4500,false
V4T003832,5.060289,-30.062990,ELG,0.65647180,1.0000,false
V4T003833,49.129550,-45.305072,ELG,0.56609106,1.0000,false
V4T003834,347.136793,-34.261629,BGS,1.24409886,0.4500,false
V4T003835,353.175601,-19.063992,ELG,0.82595556,1.0000,false
V4T003836,338.951096,-30.196030,LRG,0.32271480,1.0000,false
V4T003837,27.098305,-40.761218,QSO,0.24919186,1.7000,false
V4T003838,16.390096,-45.866754,BGS,1.13244337,0.4500,false
V4T003839,349.116562,-16.408598,ELG,1.02152782,1.0000,false
V4T003840,50.766164,-47.322438,LRG,0.40750452,1.0000,false
V4T003841,36.029443,-45.776642,ELG,0.34337001,1.0000,false
V4T003842,21.691350,-56.068142,QSO,0.17333373,1.7000,false
V4T003843,349.547493,-14.879188,LRG,0.31408506,1.0000,false
V4T003844,2.003861,-25.474506,QSO,0.17166976,1.7000,false
V4T003845,353.587448,-16.032644,ELG,0.50966494,1.0000,false
V4T003846,347.697570,-36.951396,QSO,0.07277432,1.7000,false
V4T003847,23.028002,-52.081731,LRG,0.41145528,1.0000,false
V4T003848,24.942652,-50.803799,ELG,0.50417977,1.0000,false
V4T003849,344.014479,-40.862904,BGS,1.31241737,0.4500,false
V4T003850,338.677270,-30.146284,ELG,0.61429220,1.0000,false
V4T003851,37.220158,-53.811159,LRG,0.46065590,1.0000,false
V4T003852,36.178532,-55.049871,ELG,0.45452353,1.0000,false
V4T003853,351.839750,-30.855953,ELG,0.80264774,1.0000,false
V4T003854,346.364421,-35.077508,LRG,0.33430765,1.0000,false
V4T003855,355.368188,-23.444931,ELG,1.26126573,1.0000,false
V4T003856,31.256315,-55.023291,QSO,0.20346356,1.7000,false
V4T003857,37.308438,-40.509006,ELG,0.53093060,1.0000,false
V4T003858,344.405420,-35.997476,QSO,0.15179179,1.7000,false
V4T003859,340.542597,-23.511346,LRG,0.27352834,1.0000,false
V4T003860,43.099403,-47.180984,Star,2.20918789,0.3000,false
V4T003861,3.311635,-34.016479,BGS,0.96790670,0.4500,false
V4T003862,23.778951,-51.241496,Star,3.58742625,0.3000,false
V4T003863,352.836747,-32.795281,ELG,1.15043229,1.0000,false
V4T003864,359.869240,-18.325567,BGS,1.25762139,0.4500,false
V4T003865,30.845621,-36.222262,Star,3.60609701,0.3000,false
V4T003866,353.020625,-31.840504,BGS,1.43066626,0.4500,false
V4T003867,347.201981,-28.222417,ELG,0.45847159,1.0000,false
V4T003868,349.420461,-26.793776,QSO,0.11682352,1.7000,false
V4T003869,3.001846,-32.011725,Star,3.80670567,0.3000,false
V4T003870,25.618194,-46.014517,LRG,0.50716725,1.0000,false
V4T003871,349.899308,-40.636963,BGS,1.28940656,0.4500,false
V4T003872,338.306397,-31.542325,Star,3.37001452,0.3000,false
V4T003873,353.953633,-19.520941,LRG,0.32062288,1.0000,false
V4T003874,356.678528,-23.514497,BGS,1.71372271,0.4500,false
V4T003875,37.618180,-43.126052,Star,3.92075816,0.3000,false
V4T003876,43.192086,-47.413443,ELG,0.75745066,1.0000,false
V4T003877,42.598444,-40.464798,LRG,0.34549590,1.0000,false
V4T003878,352.554298,-17.362160,LRG,0.68232821,1.0000,false
V4T003879,1.787143,-36.106589,ELG,0.64260212,1.0000,false
V4T003880,336.574328,-24.644805,LRG,0.34279311,1.0000,false
V4T003881,25.772383,-52.870384,LRG,0.48889455,1.0000,false
V4T003882,352.397811,-28.180396,ELG,0.33689970,1.0000,false
V4T003883,42.638449,-39.242229,Star,3.97515637,0.3000,false
V4T003884,37.163423,-44.046562,Star,4.29757586,0.3000,false
V4T003885,29.725123,-42.872274,ELG,0.47604197,1.0000,false
V4T003886,1.098680,-25.021412,BGS,1.56851176,0.4500,false
V4T003887,345.503264,-28.865545,QSO,0.17407004,1.7000,false
V4T003888,339.356481,-30.687834,BGS,1.64788926,0.4500,false
V4T003889,14.399249,-52.518019,BGS,1.53514924,0.4500,false
V4T003890,39.362035,-50.567647,ELG,0.45272750,1.0000,false
V4T003891,355.787030,-23.125049,LRG,0.33533270,1.0000,false
V4T003892,24.255674,-47.362459,Star,6.21317654,0.3000,false
V4T003893,345.403962,-29.925368,BGS,2.52858820,0.4500,false
V4T003894,358.962602,-19.294846,ELG,0.59343369,1.0000,false
V4T003895,3.407238,-31.466983,LRG,0.27076480,1.0000,false
V4T003896,359.334678,-19.179080,LRG,0.49720383,1.0000,false
V4T003897,36.862959,-51.951181,LRG,0.22702270,1.0000,false
V4T003898,345.691918,-15.921138,QSO,0.11509972,1.7000,false
V4T003899,349.460356,-34.782142,BGS,1.68099138,0.4500,false
V4T003900,16.437306,-54.130769,QSO,0.17567709,1.7000,false
V4T003901,31.220798,-37.759328,LRG,0.18923111,1.0000,false
V4T003902,347.281116,-37.372731,QSO,0.09799014,1.7000,false
V4T003903,2.348560,-20.786352,Star,4.66321352,0.3000,false
V4T003904,20.720398,-55.023485,QSO,0.55045683,1.7000,false
V4T003905,350.939640,-39.059875,LRG,0.38708610,1.0000,false
V4T003906,354.566750,-37.428169,ELG,0.66585613,1.0000,false
V4T003907,340.990667,-21.578046,BGS,1.60392496,0.4500,false
V4T003908,3.337040,-35.347975,ELG,0.58041662,1.0000,false
V4T003909,29.046955,-36.998933,ELG,0.39928437,1.0000,false
V4T003910,346.462215,-38.657288,LRG,0.23108830,1.0000,false
V4T003911,28.241635,-43.446751,BGS,0.88201791,0.4500,false
V4T003912,343.087930,-37.194004,Star,4.53148139,0.3000,false
V4T003913,47.949363,-45.908480,LRG,0.39703807,1.0000,true
V4T003914,341.923641,-19.752164,BGS,1.48182041,0.4500,false
V4T003915,352.903788,-19.935072,BGS,1.01736600,0.4500,false
V4T003916,345.755246,-34.444895,Star,5.14342060,0.3000,false
V4T003917,337.799813,-37.420811,ELG,0.54258266,1.0000,false
V4T003918,31.465595,-43.637775,BGS,1.06825626,0.4500,false
V4T003919,356.732654,-23.737299,ELG,0.52595950,1.0000,false
V4T003920,355.328512,-23.405452,ELG,1.16827096,1.0000,false
V4T003921,348.779669,-36.511388,BGS,1.09377346,0.4500,false
V4T003922,353.219378,-34.619098,LRG,0.32105712,1.0000,false
V4T003923,36.387501,-55.371558,BGS,2.15225460,0.4500,false
V4T003924,356.224146,-22.697315,QSO,0.25682357,1.7000,false
V4T003925,19.567226,-45.044148,QSO,0.06447549,1.7000,false
V4T003926,38.800096,-48.684164,ELG,0.70045047,1.0000,false
V4T003927,342.881659,-36.404738,ELG,0.55970347,1.0000,false
V4T003928,29.572353,-52.612726,ELG,0.40079184,1.0000,false
V4T003929,338.581177,-29.837599,LRG,0.52341999,1.0000,false
V4T003930,352.901164,-19.370301,QSO,0.12081879,1.7000,false
V4T003931,31.353780,-46.467571,LRG,0.34683578,1.0000,false
V4T003932,347.792435,-22.238136,Star,4.00913072,0.3000,false
V4T003933,358.681229,-34.764578,QSO,0.17001888,1.7000,false
V4T003934,358.678637,-18.228965,ELG,0.77146855,1.0000,false
V4T003935,356.837421,-39.566307,ELG,0.42573630,1.0000,false
V4T003936,352.527630,-31.184897,BGS,1.59016153,0.4500,false
V4T003937,343.665078,-17.198067,ELG,0.93287983,1.0000,false
V4T003938,1.836301,-35.615111,ELG,0.31922028,1.0000,false
V4T003939,358.453465,-18.301897,ELG,0.51711025,1.0000,false
V4T003940,37.412637,-55.605551,ELG,0.38257738,1.0000,false
V4T003941,356.344604,-22.747039,ELG,0.96124373,1.0000,false
V4T003942,358.435067,-19.943726,ELG,0.54968228,1.0000,false
V4T003943,2.598477,-20.311252,ELG,1.07899586,1.0000,false
V4T003944,350.339026,-39.189455,BGS,0.65608530,0.4500,false
V4T003945,37.395751,-50.460605,ELG,0.26529150,1.0000,false
V4T003946,1.693769,-35.849222,LRG,0.41560334,1.0000,false
V4T003947,39.253817,-43.645798,QSO,0.10214459,1.7000,false
V4T003948,22.908379,-52.074894,BGS,1.02717621,0.4500,true
V4T003949,2.230808,-20.949237,Star,4.57220721,0.3000,false
V4T003950,338.723153,-21.845026,BGS,1.59229109,0.4500,false
V4T003951,351.461518,-38.480572,Star,3.25797560,0.3000,false
V4T003952,47.482478,-50.611149,LRG,0.52089882,1.0000,false
V4T003953,342.861493,-21.819325,ELG,0.52686113,1.0000,false
V4T003954,29.158914,-43.823771,ELG,1.02965168,1.0000,false
V4T003955,51.104873,-52.408699,BGS,1.12681732,0.4500,false
V4T003956,343.162316,-36.812119,QSO,0.14251035,1.7000,false
V4T003957,31.796550,-43.543868,QSO,0.15177115,1.7000,false
V4T003958,355.933261,-24.367823,BGS,1.39374102,0.4500,false
V4T003959,29.701838,-56.607568,LRG,0.41099349,1.0000,false
V4T003960,357.011970,-23.066727,ELG,0.72248038,1.0000,false
V4T003961,339.567794,-30.405696,ELG,0.55266326,1.0000,false
V4T003962,353.218121,-19.901363,QSO,0.16375462,1.7000,false
V4T003963,339.842780,-32.333944,ELG,0.25203097,1.0000,false
V4T003964,358.767441,-18.871620,ELG,0.29213677,1.0000,false
V4T003965,28.485265,-40.602193,LRG,0.43859939,1.0000,false
V4T003966,2.050337,-35.146266,QSO,0.11409943,1.7000,false
V4T003967,31.422405,-60.271958,LRG,0.47995892,1.0000,false
V4T003968,40.155983,-41.625228,Star,3.85769774,0.3000,false
V4T003969,352.842901,-38.727401,Star,5.42893893,0.3000,false
V4T003970,340.039069,-39.701144,ELG,0.34109820,1.0000,false
V4T003971,339.084009,-21.487788,BGS,1.56110919,0.4500,false
V4T003972,25.053178,-48.858864,ELG,0.65559179,1.0000,false
V4T003973,50.082488,-48.512596,QSO,0.41823008,1.7000,false
V4T003974,343.852351,-35.898513,LRG,0.39897674,1.0000,false
V4T003975,4.786723,-25.607427,LRG,0.29668229,1.0000,false
V4T003976,356.618366,-22.513303,BGS,0.90346336,0.4500,false
V4T003977,37.946754,-39.290715,LRG,0.82823452,1.0000,false
V4T003978,24.812079,-51.288141,QSO,0.31990160,1.7000,false
V4T003979,359.087984,-18.385122,ELG,0.52479827,1.0000,false
V4T003980,345.959526,-24.619748,BGS,0.68210430,0.4500,false
V4T003981,23.988666,-50.454862,BGS,0.96236874,0.4500,false
V4T003982,354.887947,-19.789127,ELG,0.42775476,1.0000,false
V4T003983,354.943206,-37.523489,QSO,0.09155394,1.7000,false
V4T003984,339.905921,-29.263450,QSO,0.37844242,1.7000,false
V4T003985,349.031598,-35.990839,ELG,0.71118350,1.0000,true
V4T003986,358.214613,-38.190415,Star,1.91610603,0.3000,false
V4T003987,35.455383,-37.009710,ELG,0.31579644,1.0000,false
V4T003988,339.295279,-25.132842,ELG,0.69454304,1.0000,false
V4T003989,359.437443,-34.087012,LRG,0.22934253,1.0000,false
V4T003990,23.695662,-54.173207,QSO,0.15609796,1.7000,false
V4T003991,356.711226,-23.344378,LRG,0.49265617,1.0000,false
V4T003992,2.653643,-21.335645,ELG,0.57709294,1.0000,false
V4T003993,340.713491,-23.568134,LRG,0.37453526,1.0000,false
V4T003994,358.476900,-18.391825,ELG,0.19055480,1.0000,false
V4T003995,349.893095,-32.352212,BGS,1.14403958,0.4500,false
V4T003996,356.456157,-26.849102,LRG,0.18927420,1.0000,false
V4T003997,28.151118,-55.139095,LRG,0.21356729,1.0000,false
V4T003998,351.428007,-39.096882,BGS,0.90651005,0.4500,true
V4T003999,354.301785,-28.478609,Star,4.49906007,0.3000,false
V4T004000,18.216045,-44.510636,LRG,0.52864873,1.0000,false
V4T004001,41.789263,-49.187357,BGS,1.43310734,0.4500,false
V4T004002,353.700720,-19.843186,QSO,0.24647335,1.7000,false
V4T004003,31.403910,-46.844499,BGS,0.67718726,0.4500,false
V4T004004,357.659709,-23.517278,Star,4.23291299,0.3000,false
V4T004005,44.921992,-58.130726,LRG,0.28983539,1.0000,false
V4T004006,37.124103,-58.407555,BGS,0.75827319,0.4500,false
V4T004007,25.357344,-43.441074,ELG,0.66776973,1.0000,false
V4T004008,32.322322,-40.212997,Star,3.31759846,0.3000,false
V4T004009,345.334816,-28.994928,QSO,0.39075617,1.7000,false
V4T004010,356.545992,-25.279823,BGS,1.11339992,0.4500,false
V4T004011,334.380787,-26.709334,ELG,0.87385687,1.0000,false
V4T004012,16.052301,-45.903476,LRG,0.24893553,1.0000,false
V4T004013,347.870476,-18.388642,LRG,0.41239120,1.0000,false
V4T004014,353.002731,-38.994495,BGS,1.48175483,0.4500,false
V4T004015,355.097654,-37.934616,BGS,1.47758533,0.4500,false
V4T004016,346.949557,-27.764157,LRG,0.51211888,1.0000,false
V4T004017,353.520608,-20.609214,BGS,1.47301693,0.4500,false
V4T004018,338.994649,-31.429157,QSO,0.09910682,1.7000,false
V4T004019,31.069940,-42.191236,BGS,0.78038665,0.4500,false
V4T004020,1.056189,-25.197966,BGS,1.10551107,0.4500,false
V4T004021,15.159599,-52.728995,ELG,0.76246978,1.0000,false
V4T004022,1.420278,-33.508323,LRG,0.27285150,1.0000,false
V4T004023,34.561706,-54.262409,BGS,1.21094398,0.4500,false
V4T004024,35.953656,-55.599956,ELG,0.75593591,1.0000,false
V4T004025,45.738460,-44.799958,ELG,0.41900789,1.0000,false
V4T004026,2.669114,-20.945823,LRG,0.41163310,1.0000,false
V4T004027,345.943004,-22.496951,ELG,0.40090374,1.0000,false
V4T004028,355.476740,-27.164760,BGS,1.38941933,0.4500,false
V4T004029,32.483923,-47.284223,ELG,0.40950367,1.0000,false
V4T004030,34.171865,-53.697932,QSO,0.30886083,1.7000,false
V4T004031,35.718350,-54.742102,QSO,0.10061276,1.7000,false
V4T004032,359.231019,-31.439935,ELG,0.65981193,1.0000,false
V4T004033,358.974432,-32.817247,ELG,0.69400545,1.0000,false
V4T004034,341.054299,-29.697078,ELG,0.51830169,1.0000,false
V4T004035,343.317057,-31.923404,ELG,0.59409140,1.0000,false
V4T004036,345.626544,-35.315039,BGS,0.93590821,0.4500,false
V4T004037,353.391591,-25.036190,ELG,0.30640036,1.0000,false
V4T004038,356.543143,-23.831206,BGS,1.91970822,0.4500,false
V4T004039,338.987586,-30.518914,ELG,0.47904646,1.0000,false
V4T004040,38.579646,-58.253749,ELG,0.80184791,1.0000,false
V4T004041,36.511867,-55.028883,ELG,0.20760820,1.0000,false
V4T004042,345.867308,-40.586720,LRG,0.39049146,1.0000,false
V4T004043,348.327041,-28.460043,Star,4.68359500,0.3000,false
V4T004044,340.449990,-30.569343,BGS,2.67232998,0.4500,false
V4T004045,43.060721,-44.353232,QSO,0.10354955,1.7000,false
V4T004046,2.661527,-35.430677,QSO,0.30041502,1.7000,false
V4T004047,349.195295,-26.858496,ELG,0.43938235,1.0000,false
V4T004048,26.159821,-45.985285,ELG,1.16932674,1.0000,false
V4T004049,343.950191,-20.418805,BGS,1.23504403,0.4500,false
V4T004050,40.499751,-47.312310,ELG,0.33842639,1.0000,false
V4T004051,2.556025,-20.866429,ELG,0.46410295,1.0000,false
V4T004052,345.923676,-29.645757,BGS,1.20158291,0.4500,false
V4T004053,339.655028,-29.578933,LRG,0.32367879,1.0000,false
V4T004054,39.003558,-56.431496,BGS,0.95933445,0.4500,false
V4T004055,35.157633,-42.374220,ELG,0.61950798,1.0000,false
V4T004056,339.498552,-31.112449,ELG,0.57573520,1.0000,false
V4T004057,345.024214,-15.437526,QSO,0.16023951,1.7000,false
V4T004058,30.109102,-44.535656,BGS,1.31894664,0.4500,false
V4T004059,347.639647,-18.676644,QSO,0.43160196,1.7000,false
V4T004060,340.020749,-27.381704,ELG,0.53263294,1.0000,false
V4T004061,351.772667,-38.355405,ELG,0.81859700,1.0000,false
V4T004062,338.731935,-30.935163,QSO,0.16040937,1.7000,false
V4T004063,346.924318,-28.294987,BGS,1.60248928,0.4500,false
V4T004064,343.179348,-36.599102,BGS,0.79789165,0.4500,false
V4T004065,27.498243,-46.956889,LRG,0.24364774,1.0000,false
V4T004066,16.367762,-54.533563,ELG,0.37272864,1.0000,false
V4T004067,358.333480,-18.295931,ELG,0.47568198,1.0000,false
V4T004068,41.627560,-52.615034,ELG,0.61408961,1.0000,false
V4T004069,39.501343,-37.828181,QSO,0.11301541,1.7000,false
V4T004070,42.330017,-42.607579,BGS,1.07588900,0.4500,false
V4T004071,42.848172,-41.517677,Star,2.99812185,0.3000,false
V4T004072,41.793193,-49.779733,LRG,0.18197485,1.0000,false
V4T004073,353.956068,-23.957487,ELG,0.81342567,1.0000,false
V4T004074,338.800246,-20.759221,QSO,0.21799765,1.7000,false
V4T004075,343.061110,-23.973873,BGS,1.15428892,0.4500,false
V4T004076,15.827772,-53.385682,LRG,0.22603514,1.0000,false
V4T004077,345.809752,-21.205809,BGS,1.41585547,0.4500,false
V4T004078,37.173180,-55.783758,ELG,0.73800046,1.0000,false
V4T004079,346.984172,-26.961667,Star,4.36552039,0.3000,false
V4T004080,42.490435,-52.365608,BGS,1.01264000,0.4500,false
V4T004081,30.697776,-42.218523,BGS,1.43581436,0.4500,false
V4T004082,41.696688,-49.505634,LRG,0.20273063,1.0000,false
V4T004083,43.856066,-54.290728,QSO,0.21772766,1.7000,false
V4T004084,2.896600,-20.852320,LRG,0.39504551,1.0000,false
V4T004085,23.665799,-51.433197,LRG,0.40576432,1.0000,false
V4T004086,16.948040,-46.143615,LRG,0.40598501,1.0000,false
V4T004087,23.208449,-50.997998,BGS,1.61580995,0.4500,false
V4T004088,33.963835,-44.188261,BGS,0.85900895,0.4500,false
V4T004089,39.469272,-55.820476,ELG,0.96482570,1.0000,false
V4T004090,355.345789,-23.084887,QSO,0.19164493,1.7000,false
V4T004091,349.539606,-16.576181,LRG,0.17224074,1.0000,true
V4T004092,359.407020,-36.913688,ELG,0.52300115,1.0000,false
V4T004093,23.322933,-50.699604,QSO,0.21029275,1.7000,false
V4T004094,352.812408,-39.648738,ELG,0.70639559,1.0000,false
V4T004095,46.469982,-43.747819,BGS,0.89209694,0.4500,false
V4T004096,353.074639,-16.127357,ELG,0.64887635,1.0000,false
V4T004097,34.419628,-55.635303,LRG,0.32794700,1.0000,false
V4T004098,31.090501,-58.083033,BGS,1.37393120,0.4500,false
V4T004099,339.716498,-30.391742,Star,3.29422903,0.3000,false
V4T004100,355.139954,-27.414236,BGS,1.55692161,0.4500,false
V4T004101,48.066838,-52.140899,ELG,0.18309716,1.0000,false
V4T004102,19.823700,-44.564810,LRG,0.50140419,1.0000,false
V4T004103,343.223901,-22.347693,ELG,0.58704752,1.0000,false
V4T004104,27.924164,-57.907200,ELG,0.56347306,1.0000,false
V4T004105,31.473887,-53.752765,ELG,0.68592503,1.0000,false
V4T004106,41.166461,-44.503665,ELG,0.65736728,1.0000,false
V4T004107,340.594646,-23.796958,LRG,0.21194209,1.0000,false
V4T004108,358.780025,-34.310480,ELG,0.85997339,1.0000,false
V4T004109,29.019976,-36.041852,QSO,0.07484372,1.7000,false
V4T004110,21.033553,-47.867803,BGS,1.35494061,0.4500,false
V4T004111,353.050320,-19.495254,ELG,0.68075382,1.0000,true
V4T004112,37.072806,-55.231828,BGS,1.09052303,0.4500,false
V4T004113,0.935528,-30.241410,LRG,0.53674411,1.0000,false
V4T004114,357.401716,-22.953747,LRG,0.48977196,1.0000,false
V4T004115,36.754275,-39.693023,LRG,0.39835934,1.0000,false
V4T004116,348.280268,-19.361600,ELG,0.39464102,1.0000,true
V4T004117,344.916685,-27.811940,Star,4.10534301,0.3000,false
V4T004118,341.604915,-24.416912,BGS,0.85758114,0.4500,false
V4T004119,342.775678,-19.902208,BGS,2.19481485,0.4500,false
V4T004120,350.640732,-34.690275,ELG,0.64905733,1.0000,false
V4T004121,39.762258,-41.927235,BGS,1.31697662,0.4500,false
V4T004122,26.321594,-52.285927,LRG,0.32817080,1.0000,false
V4T004123,36.512463,-46.835903,BGS,1.32355338,0.4500,false
V4T004124,337.486868,-21.876875,Star,4.00536449,0.3000,false
V4T004125,348.019332,-36.468805,ELG,0.35373726,1.0000,false
V4T004126,22.872202,-51.385323,ELG,0.73224174,1.0000,false
V4T004127,334.409861,-32.436126,ELG,0.45685912,1.0000,false
V4T004128,339.673037,-26.885315,LRG,0.23018425,1.0000,false
V4T004129,22.995584,-51.837563,LRG,0.38722319,1.0000,false
V4T004130,348.240467,-26.831285,ELG,0.67948933,1.0000,false
V4T004131,343.562470,-37.547698,LRG,0.17571645,1.0000,false
V4T004132,37.823848,-45.060694,QSO,0.30625782,1.7000,false
V4T004133,339.081795,-21.314968,QSO,0.44629058,1.7000,false
V4T004134,349.240303,-40.952844,BGS,1.56091102,0.4500,false
V4T004135,338.337567,-20.921770,BGS,1.24381069,0.4500,false
V4T004136,347.255677,-28.370657,QSO,0.14716403,1.7000,false
V4T004137,353.173362,-19.960974,BGS,1.08660016,0.4500,true
V4T004138,338.772147,-30.585305,LRG,0.22255851,1.0000,false
V4T004139,4.264855,-31.893204,LRG,0.48466264,1.0000,false
V4T004140,20.930811,-51.874069,ELG,0.48493345,1.0000,false
V4T004141,342.174712,-19.557781,ELG,0.43174697,1.0000,false
V4T004142,358.185075,-18.818154,ELG,0.74942166,1.0000,false
V4T004143,339.219454,-18.626216,QSO,0.16865086,1.7000,false
V4T004144,345.586569,-29.368337,ELG,0.30760873,1.0000,false
V4T004145,19.395643,-44.381352,ELG,0.46275350,1.0000,false
V4T004146,342.962650,-36.415481,QSO,0.14220326,1.7000,false
V4T004147,345.024320,-20.523657,QSO,0.10508461,1.7000,false
V4T004148,45.013886,-50.014885,BGS,1.20686367,0.4500,false
V4T004149,2.037656,-20.392344,BGS,0.93696775,0.4500,false
V4T004150,47.294575,-53.946779,LRG,0.46815734,1.0000,false
V4T004151,340.457283,-30.788447,QSO,0.52206716,1.7000,false
V4T004152,1.787830,-28.229007,LRG,0.44994486,1.0000,false
V4T004153,35.455657,-35.698843,Star,3.75324614,0.3000,false
V4T004154,36.037834,-39.794738,LRG,0.54170968,1.0000,false
V4T004155,1.974272,-35.696095,LRG,0.43419996,1.0000,false
V4T004156,26.837044,-46.153822,ELG,0.48842493,1.0000,false
V4T004157,358.889912,-19.277907,QSO,0.19159165,1.7000,false
V4T004158,21.641784,-52.109816,ELG,0.37677727,1.0000,false
V4T004159,351.785613,-38.559797,Star,5.14928113,0.3000,false
V4T004160,2.179294,-25.770737,BGS,1.06771176,0.4500,false
V4T004161,346.153765,-29.343733,LRG,0.43583611,1.0000,false
V4T004162,45.612015,-50.090136,QSO,0.14266961,1.7000,false
V4T004163,338.748961,-23.729183,ELG,0.54740444,1.0000,false
V4T004164,339.761701,-29.880931,BGS,1.29640660,0.4500,false
V4T004165,359.438998,-22.837462,Star,4.82974375,0.3000,false
V4T004166,333.807050,-27.692147,ELG,0.37467792,1.0000,false
V4T004167,46.568891,-51.085822,LRG,0.28844943,1.0000,false
V4T004168,358.839131,-18.910223,BGS,1.99861535,0.4500,false
V4T004169,35.283028,-48.199706,QSO,0.16007398,1.7000,false
V4T004170,342.793458,-23.034802,ELG,0.65029087,1.0000,false
V4T004171,341.316795,-22.014727,LRG,0.29529652,1.0000,false
V4T004172,356.414993,-17.888626,ELG,0.45666045,1.0000,false
V4T004173,23.171963,-47.644886,LRG,0.33347027,1.0000,true
V4T004174,21.741562,-51.301239,BGS,0.80942794,0.4500,false
V4T004175,337.983543,-36.036713,ELG,0.22443088,1.0000,false
V4T004176,25.156541,-55.047887,BGS,1.42974784,0.4500,false
V4T004177,43.868270,-54.709527,ELG,0.43549532,1.0000,false
V4T004178,340.264992,-39.720949,BGS,1.57214239,0.4500,false
V4T004179,23.803073,-59.620934,ELG,0.21873022,1.0000,false
V4T004180,20.560560,-39.745145,Star,6.38801346,0.3000,false
V4T004181,349.078201,-41.190074,ELG,0.49883761,1.0000,false
V4T004182,338.462346,-34.057790,LRG,0.28577778,1.0000,false
V4T004183,358.481267,-38.123759,ELG,0.64982596,1.0000,false
V4T004184,49.062334,-50.408118,Star,4.76708751,0.3000,false
V4T004185,0.614061,-24.714829,LRG,0.29403357,1.0000,false
V4T004186,351.785602,-19.885227,LRG,0.23718036,1.0000,false
V4T004187,349.266277,-33.045228,BGS,1.20362162,0.4500,false
V4T004188,24.453789,-51.617644,ELG,0.39158456,1.0000,false
V4T004189,355.315403,-32.059732,BGS,1.28193719,0.4500,false
V4T004190,340.446685,-28.964371,QSO,0.23427914,1.7000,false
V4T004191,45.165726,-47.644111,ELG,0.37546833,1.0000,false
V4T004192,357.727343,-18.644386,ELG,0.43508098,1.0000,false
V4T004193,49.155731,-52.271988,BGS,1.20475720,0.4500,false
V4T004194,338.220718,-21.507246,Star,2.56425014,0.3000,false
V4T004195,353.528003,-20.377706,BGS,1.29646019,0.4500,false
V4T004196,27.978924,-37.360229,ELG,0.38755153,1.0000,false
V4T004197,358.951317,-18.227502,LRG,0.36229504,1.0000,false
V4T004198,343.772581,-30.104505,BGS,1.51936781,0.4500,false
V4T004199,339.035749,-31.143447,ELG,0.57322434,1.0000,false
V4T004200,48.250067,-51.201301,ELG,0.74391007,1.0000,false
V4T004201,350.812598,-38.338454,ELG,0.58063782,1.0000,false
V4T004202,26.072949,-42.246602,QSO,0.09973347,1.7000,false
V4T004203,345.232925,-23.054071,ELG,0.54472372,1.0000,false
V4T004204,349.806985,-28.519814,BGS,1.64796211,0.4500,false
V4T004205,341.891913,-21.010704,ELG,0.64470082,1.0000,false
V4T004206,6.555857,-27.124022,BGS,0.77981861,0.4500,false
V4T004207,27.216964,-39.727012,ELG,1.15824984,1.0000,false
V4T004208,5.985261,-28.092974,BGS,1.87349147,0.4500,false
V4T004209,15.098016,-49.203735,Star,4.15664457,0.3000,false
V4T004210,344.216150,-24.045335,QSO,0.18560901,1.7000,false
V4T004211,339.371226,-30.610808,BGS,1.08730688,0.4500,true
V4T004212,21.128430,-45.871097,BGS,1.19681553,0.4500,false
V4T004213,43.213877,-45.815065,LRG,0.48264509,1.0000,false
V4T004214,30.291903,-43.402948,LRG,0.53245388,1.0000,false
V4T004215,344.378722,-34.417182,Star,2.84804559,0.3000,false
V4T004216,356.197675,-19.205703,ELG,0.86033328,1.0000,false
V4T004217,350.187731,-21.270697,ELG,0.39424247,1.0000,false
V4T004218,353.133845,-19.340490,BGS,1.01788689,0.4500,false
V4T004219,33.672278,-49.635623,Star,4.69737542,0.3000,false
V4T004220,353.730698,-33.942946,BGS,1.64563049,0.4500,false
V4T004221,346.368735,-21.533694,QSO,0.54543489,1.7000,false
V4T004222,23.156127,-38.786791,QSO,0.12089558,1.7000,false
V4T004223,23.893896,-50.485941,BGS,1.21746223,0.4500,false
V4T004224,43.149498,-53.588650,BGS,1.65933968,0.4500,false
V4T004225,27.175400,-39.791832,ELG,0.49107203,1.0000,false
V4T004226,2.235292,-35.944084,ELG,0.48872532,1.0000,false
V4T004227,338.038914,-22.134367,ELG,0.58623149,1.0000,false
V4T004228,345.207083,-24.900331,LRG,0.33661497,1.0000,false
V4T004229,341.945577,-21.635042,QSO,0.14823203,1.7000,false
V4T004230,31.747067,-43.393554,BGS,0.87247489,0.4500,false
V4T004231,358.349932,-18.743454,ELG,0.37151692,1.0000,false
V4T004232,3.236983,-35.723850,LRG,0.48227684,1.0000,false
V4T004233,2.512577,-35.699493,Star,5.33095086,0.3000,false
V4T004234,356.847567,-34.561454,QSO,0.40240127,1.7000,false
V4T004235,343.349802,-37.882355,BGS,2.46081713,0.4500,false
V4T004236,354.914708,-34.951291,ELG,0.55850301,1.0000,false
V4T004237,28.937305,-55.299653,LRG,0.27853787,1.0000,false
V4T004238,357.700390,-16.816704,LRG,0.22413265,1.0000,false
V4T004239,17.895067,-44.529732,ELG,0.33178809,1.0000,false
V4T004240,346.045323,-29.933605,ELG,1.69772911,1.0000,false
V4T004241,353.093482,-35.474805,BGS,2.23478963,0.4500,false
V4T004242,342.982214,-29.737941,LRG,0.26750840,1.0000,false
V4T004243,33.852890,-40.666225,LRG,0.32328839,1.0000,false
V4T004244,351.351744,-15.263908,ELG,0.54330338,1.0000,false
V4T004245,353.282821,-24.652671,ELG,0.41107204,1.0000,false
V4T004246,2.990120,-25.941094,ELG,0.53891428,1.0000,false
V4T004247,351.690605,-39.891949,ELG,0.34130863,1.0000,false
V4T004248,46.320247,-43.969264,BGS,0.83715161,0.4500,false
V4T004249,346.838991,-20.218963,LRG,0.38482682,1.0000,false
V4T004250,339.392135,-25.244201,BGS,1.42240874,0.4500,false
V4T004251,341.929072,-23.984127,ELG,0.35674607,1.0000,false
V4T004252,358.597270,-18.799843,LRG,0.37840253,1.0000,false
V4T004253,352.884729,-38.431005,LRG,0.36401301,1.0000,false
V4T004254,338.543619,-30.267634,Star,1.72269465,0.3000,true
V4T004255,356.071123,-15.918334,LRG,0.36012077,1.0000,true
V4T004256,344.364615,-34.068750,LRG,0.52497339,1.0000,false
V4T004257,48.205016,-43.099032,BGS,1.25451593,0.4500,false
V4T004258,343.177460,-25.214995,LRG,0.34522481,1.0000,false
V4T004259,0.019770,-19.118732,ELG,0.35458658,1.0000,false
V4T004260,30.517785,-43.520841,BGS,0.97133535,0.4500,false
V4T004261,349.067701,-31.918528,LRG,0.41555208,1.0000,false
V4T004262,43.475210,-50.930003,LRG,0.72457671,1.0000,false
V4T004263,14.711790,-45.725184,BGS,1.13907100,0.4500,false
V4T004264,18.698830,-44.838716,LRG,0.52657581,1.0000,false
V4T004265,348.922037,-15.040229,QSO,0.11522267,1.7000,false
V4T004266,2.802199,-34.513436,ELG,0.93219011,1.0000,false
V4T004267,344.178283,-18.598020,ELG,0.61353825,1.0000,false
V4T004268,26.928185,-49.119748,ELG,0.70290698,1.0000,false
V4T004269,342.703730,-29.882472,BGS,1.12922729,0.4500,false
V4T004270,32.305033,-51.292853,ELG,0.43206741,1.0000,false
V4T004271,354.356048,-20.737673,QSO,0.17925169,1.7000,false
V4T004272,336.770178,-21.523144,LRG,0.31635639,1.0000,true
V4T004273,346.519335,-31.193445,ELG,0.49396217,1.0000,false
V4T004274,345.508975,-29.379274,LRG,0.60168250,1.0000,false
V4T004275,343.305093,-18.969311,QSO,0.21120755,1.7000,false
V4T004276,335.851828,-26.468466,LRG,0.43114758,1.0000,false
V4T004277,352.639011,-23.600393,BGS,1.22635886,0.4500,false
V4T004278,349.509257,-36.967580,QSO,0.16840682,1.7000,false
V4T004279,17.703693,-51.951253,Star,4.12503200,0.3000,false
V4T004280,27.602384,-60.311599,BGS,1.03670543,0.4500,false
V4T004281,339.193938,-30.467932,QSO,0.14286553,1.7000,false
V4T004282,352.982657,-23.204624,ELG,0.47059408,1.0000,false
V4T004283,337.486936,-24.305102,ELG,0.42318840,1.0000,false
V4T004284,345.363581,-36.964131,QSO,0.13709337,1.7000,false
V4T004285,337.060356,-31.747707,LRG,0.28749577,1.0000,false
V4T004286,342.293258,-39.891552,LRG,0.34363069,1.0000,false
V4T004287,2.478204,-21.616561,ELG,1.10380865,1.0000,false
V4T004288,40.347981,-60.130441,LRG,0.39916925,1.0000,false
V4T004289,333.684924,-31.600071,BGS,1.94278638,0.4500,false
V4T004290,348.814081,-40.861124,LRG,0.52360772,1.0000,false
V4T004291,352.437382,-19.600445,LRG,0.36566972,1.0000,false
V4T004292,342.676265,-37.270833,BGS,1.65725518,0.4500,false
V4T004293,354.794910,-40.354066,QSO,0.29363153,1.7000,false
V4T004294,5.424941,-23.704725,LRG,0.45667299,1.0000,false
V4T004295,15.892100,-49.173026,LRG,0.34172785,1.0000,false
V4T004296,356.979218,-38.076290,BGS,2.09147671,0.4500,false
V4T004297,354.588552,-26.370611,ELG,0.79085274,1.0000,false
V4T004298,340.409978,-28.718590,ELG,1.03474996,1.0000,false
V4T004299,340.488558,-37.442494,BGS,1.97611555,0.4500,true
V4T004300,340.237435,-24.069099,ELG,0.64988993,1.0000,false
V4T004301,340.839062,-37.553156,ELG,0.59078344,1.0000,false
V4T004302,348.132210,-15.037039,Star,3.36025615,0.3000,false
V4T004303,24.739463,-45.605912,ELG,0.36239071,1.0000,false
V4T004304,356.297264,-23.178492,ELG,0.46912447,1.0000,false
V4T004305,30.678644,-42.622652,ELG,0.44823046,1.0000,false
V4T004306,18.418573,-56.410345,BGS,2.11761950,0.4500,false
V4T004307,35.562739,-37.754283,LRG,0.29215961,1.0000,false
V4T004308,349.003378,-15.458649,BGS,2.22323526,0.4500,false
V4T004309,3.877313,-22.278147,ELG,0.31231767,1.0000,false
V4T004310,359.097387,-18.596627,QSO,0.21525426,1.7000,false
V4T004311,343.655929,-36.245466,ELG,0.65424522,1.0000,false
V4T004312,19.518488,-49.592023,ELG,0.67797305,1.0000,false
V4T004313,338.874484,-20.412734,LRG,0.32361296,1.0000,false
V4T004314,33.643350,-39.867286,QSO,0.10130721,1.7000,false
V4T004315,355.448775,-36.452958,LRG,0.37924207,1.0000,true
V4T004316,354.054609,-25.033248,ELG,0.41836907,1.0000,false
V4T004317,29.174589,-43.064320,Star,3.93009422,0.3000,false
V4T004318,2.109679,-34.735138,BGS,0.96672650,0.4500,false
V4T004319,31.879281,-42.669674,ELG,0.38719177,1.0000,false
V4T004320,30.992646,-42.635603,Star,4.39143614,0.3000,false
V4T004321,336.842262,-34.000042,BGS,1.57228606,0.4500,false
V4T004322,35.719774,-53.970399,QSO,0.12203966,1.7000,false
V4T004323,341.800067,-18.339885,BGS,2.31463292,0.4500,false
V4T004324,347.679375,-16.585386,LRG,0.45812828,1.0000,false
V4T004325,343.056700,-38.519217,QSO,0.28937092,1.7000,false
V4T004326,24.158540,-38.519903,ELG,0.38963198,1.0000,true
V4T004327,30.136484,-42.883196,LRG,0.24221338,1.0000,false
V4T004328,20.842557,-51.084554,QSO,0.66429208,1.7000,false
V4T004329,342.421444,-20.126582,BGS,1.37008819,0.4500,false
V4T004330,353.084271,-16.186993,BGS,0.78944408,0.4500,false
V4T004331,41.584587,-37.468220,ELG,0.76619369,1.0000,false
V4T004332,339.710399,-30.905203,BGS,1.11584173,0.4500,false
V4T004333,353.249639,-22.744301,QSO,0.32249506,1.7000,false
V4T004334,358.244116,-26.201515,BGS,0.84942713,0.4500,false
V4T004335,346.255341,-30.257644,BGS,2.37168904,0.4500,false
V4T004336,2.410457,-20.893470,BGS,2.09823088,0.4500,false
V4T004337,343.789324,-28.605448,BGS,0.99779524,0.4500,false
V4T004338,0.348722,-28.977205,LRG,0.39872162,1.0000,true
V4T004339,37.135016,-54.879190,QSO,0.31367093,1.7000,false
V4T004340,30.026195,-49.473624,ELG,0.67391497,1.0000,false
V4T004341,1.796605,-36.158790,Star,4.90795732,0.3000,false
V4T004342,3.576285,-20.786803,LRG,0.14481859,1.0000,false
V4T004343,338.416954,-33.852145,BGS,1.22167116,0.4500,false
V4T004344,343.613253,-37.239068,ELG,0.80803575,1.0000,false
V4T004345,0.551806,-24.183039,ELG,0.34675690,1.0000,false
V4T004346,348.839081,-33.383304,QSO,0.14669159,1.7000,false
V4T004347,341.679490,-27.984768,ELG,0.53270994,1.0000,false
V4T004348,339.035569,-22.603409,LRG,0.44243333,1.0000,false
V4T004349,356.615374,-22.621632,BGS,1.85888666,0.4500,false
V4T004350,35.839312,-56.160418,LRG,0.52377508,1.0000,false
V4T004351,347.061724,-25.455760,ELG,1.13074664,1.0000,false
V4T004352,44.208969,-50.581839,LRG,0.70102582,1.0000,false
V4T004353,25.054825,-48.733567,QSO,0.24934699,1.7000,false
V4T004354,343.454862,-36.170874,ELG,0.84935957,1.0000,false
V4T004355,42.708992,-54.292311,BGS,0.98765643,0.4500,false
V4T004356,48.256729,-46.576637,ELG,1.57486391,1.0000,false
V4T004357,346.713161,-30.345044,QSO,0.17076872,1.7000,false
V4T004358,353.859263,-18.509665,QSO,0.14508176,1.7000,false
V4T004359,345.840127,-29.744949,Star,2.62304373,0.3000,false
V4T004360,355.171147,-23.367853,BGS,1.36314357,0.4500,false
V4T004361,342.884172,-36.284223,BGS,1.12524823,0.4500,false
V4T004362,349.035380,-15.604470,ELG,0.90704381,1.0000,false
V4T004363,31.090153,-42.292722,ELG,0.44321262,1.0000,false
V4T004364,352.911114,-35.638964,ELG,0.24161005,1.0000,false
V4T004365,353.054371,-19.872125,LRG,0.47076272,1.0000,false
V4T004366,43.247737,-50.400629,ELG,1.24448839,1.0000,false
V4T004367,348.518493,-35.987436,ELG,0.70659363,1.0000,false
V4T004368,352.780759,-31.017374,BGS,1.21191974,0.4500,false
V4T004369,1.840062,-20.766632,LRG,0.19239762,1.0000,false
V4T004370,26.260797,-38.946078,ELG,0.64807175,1.0000,false
V4T004371,32.885579,-55.285845,LRG,0.29749554,1.0000,false
V4T004372,352.097680,-19.702305,LRG,0.37573692,1.0000,false
V4T004373,14.712779,-54.891902,BGS,0.97960193,0.4500,false
V4T004374,31.875505,-43.194059,QSO,0.29726624,1.7000,false
V4T004375,355.631129,-23.332987,LRG,0.39607672,1.0000,false
V4T004376,358.385527,-37.715331,ELG,0.27555759,1.0000,false
V4T004377,351.487872,-39.635618,QSO,0.19838470,1.7000,false
V4T004378,342.991201,-36.703631,ELG,0.55020775,1.0000,false
V4T004379,345.180363,-22.261075,LRG,0.38367151,1.0000,false
V4T004380,37.660410,-44.892987,ELG,0.42619457,1.0000,false
V4T004381,346.478528,-27.337255,QSO,0.28451825,1.7000,false
V4T004382,336.635483,-36.420602,ELG,0.69820815,1.0000,false
V4T004383,342.253526,-36.529011,BGS,1.09587972,0.4500,false
V4T004384,34.162378,-54.683445,LRG,0.47487256,1.0000,false
V4T004385,2.321752,-35.182963,LRG,0.44139517,1.0000,false
V4T004386,343.164615,-16.443034,ELG,0.76872406,1.0000,false
V4T004387,1.599152,-35.648172,ELG,0.45069907,1.0000,false
V4T004388,351.010250,-23.986485,Star,4.20684087,0.3000,false
V4T004389,358.645238,-18.458139,BGS,0.84643509,0.4500,false
V4T004390,351.324074,-24.248521,LRG,0.29045883,1.0000,false
V4T004391,353.076789,-20.840830,ELG,0.54643707,1.0000,false
V4T004392,337.351608,-21.495966,BGS,1.78723302,0.4500,false
V4T004393,23.490338,-51.003614,ELG,0.61481763,1.0000,false
V4T004394,17.293677,-46.349557,Star,4.64162728,0.3000,false
V4T004395,352.059280,-38.863840,ELG,0.42220870,1.0000,false
V4T004396,2.642553,-35.408470,BGS,1.12762544,0.4500,false
V4T004397,337.879893,-21.707784,LRG,0.31757638,1.0000,false
V4T004398,31.638564,-44.188348,ELG,0.81334405,1.0000,true
V4T004399,350.275901,-32.043656,BGS,0.86404599,0.4500,false
V4T004400,1.362822,-22.810241,BGS,1.24865004,0.4500,false
V4T004401,356.772339,-22.792247,LRG,0.49727148,1.0000,false
V4T004402,1.128306,-29.178272,BGS,1.45436534,0.4500,false
V4T004403,0.606084,-23.521525,ELG,0.41109460,1.0000,false
V4T004404,339.989373,-37.831840,LRG,0.36017550,1.0000,false
V4T004405,28.718071,-40.820653,BGS,1.63823874,0.4500,false
V4T004406,6.201949,-27.505934,QSO,0.16712474,1.7000,false
V4T004407,0.270116,-18.999422,LRG,0.43638674,1.0000,false
V4T004408,351.528388,-39.114362,QSO,0.17787059,1.7000,false
V4T004409,347.627773,-16.333028,LRG,0.28568479,1.0000,false
V4T004410,32.489975,-47.509704,BGS,0.76471205,0.4500,false
V4T004411,338.625417,-21.747517,ELG,0.80049447,1.0000,false
V4T004412,349.581502,-33.239282,QSO,0.30920539,1.7000,false
V4T004413,337.744315,-27.789138,BGS,1.04206716,0.4500,false
V4T004414,24.652166,-50.127598,LRG,0.34749709,1.0000,false
V4T004415,342.966379,-36.937093,ELG,0.59728930,1.0000,false
V4T004416,34.448434,-53.608245,ELG,0.61531765,1.0000,false
V4T004417,339.283420,-30.264988,LRG,0.42591519,1.0000,false
V4T004418,337.890290,-22.184400,QSO,0.13957706,1.7000,false
V4T004419,18.217164,-43.611288,ELG,0.36561029,1.0000,false
V4T004420,28.429522,-53.765557,QSO,0.08131687,1.7000,false
V4T004421,15.610479,-48.040254,LRG,0.41340667,1.0000,false
V4T004422,23.851174,-41.111521,LRG,0.38564355,1.0000,false
V4T004423,22.270214,-51.717849,Star,5.68186366,0.3000,false
V4T004424,356.330223,-24.368312,LRG,0.48164090,1.0000,false
V4T004425,355.357989,-23.691706,ELG,0.74984312,1.0000,true
V4T004426,342.685308,-21.462684,LRG,0.27506486,1.0000,false
V4T004427,2.718904,-21.055179,LRG,0.48341042,1.0000,false
V4T004428,346.838455,-25.538668,LRG,0.55341396,1.0000,false
V4T004429,339.663130,-30.073627,QSO,0.24885508,1.7000,false
V4T004430,36.853947,-43.817903,ELG,0.56476085,1.0000,false
V4T004431,352.542601,-38.557872,BGS,1.30152876,0.4500,false
V4T004432,42.688984,-54.681517,ELG,0.43267683,1.0000,false
V4T004433,349.404918,-15.222293,QSO,0.29485220,1.7000,false
V4T004434,343.664400,-33.214430,ELG,0.40954455,1.0000,false
V4T004435,359.523478,-32.584892,QSO,0.31021343,1.7000,false
V4T004436,2.475395,-21.382992,Star,4.63212035,0.3000,false
V4T004437,34.272410,-57.133175,QSO,0.13800611,1.7000,false
V4T004438,2.671720,-34.999620,ELG,0.82257713,1.0000,false
V4T004439,338.960137,-21.209128,QSO,0.11354014,1.7000,false
V4T004440,2.813031,-20.424726,ELG,0.73540839,1.0000,false
V4T004441,359.386615,-19.541322,LRG,0.58849586,1.0000,false
V4T004442,337.515718,-21.358015,ELG,0.70100880,1.0000,false
V4T004443,335.296047,-34.042169,Star,3.46853483,0.3000,false
V4T004444,359.037174,-30.541674,Star,3.98465576,0.3000,false
V4T004445,343.619400,-36.921465,ELG,0.37972110,1.0000,false
V4T004446,358.276602,-17.155871,ELG,0.64063528,1.0000,false
V4T004447,358.735581,-26.197656,LRG,0.21288841,1.0000,false
V4T004448,353.966411,-19.987683,ELG,0.51347121,1.0000,false
V4T004449,346.077185,-23.577398,ELG,0.60558654,1.0000,false
V4T004450,340.795742,-23.669305,ELG,0.74938596,1.0000,false
V4T004451,353.733000,-20.023964,QSO,0.11289776,1.7000,false
V4T004452,342.700144,-36.779231,LRG,0.46223416,1.0000,false
V4T004453,5.868032,-24.139941,ELG,0.90190656,1.0000,false
V4T004454,358.685744,-18.033327,ELG,0.43314600,1.0000,false
V4T004455,21.973712,-39.623560,ELG,0.59432601,1.0000,false
V4T004456,335.624388,-28.642151,QSO,0.08992422,1.7000,false
V4T004457,22.927716,-54.896532,BGS,1.50158338,0.4500,false
V4T004458,355.437513,-23.423192,LRG,0.52522155,1.0000,false
V4T004459,341.133685,-17.318032,LRG,0.20407348,1.0000,false
V4T004460,347.946612,-34.366325,LRG,0.31035140,1.0000,true
V4T004461,333.966005,-29.834334,LRG,0.38493996,1.0000,true
V4T004462,355.772020,-23.937574,QSO,0.41133725,1.7000,false
V4T004463,2.731744,-21.321600,ELG,0.65523949,1.0000,true
V4T004464,3.299545,-28.117183,BGS,1.43729416,0.4500,true
V4T004465,36.050894,-55.085367,ELG,0.87759036,1.0000,true
V4T004466,353.261385,-37.126492,QSO,0.19341424,1.7000,false
V4T004467,342.259092,-24.993031,ELG,0.58691479,1.0000,false
V4T004468,42.718954,-47.457094,QSO,0.24533677,1.7000,false
V4T004469,354.581849,-35.963037,ELG,0.62571571,1.0000,false
V4T004470,40.625662,-52.812753,LRG,0.40349570,1.0000,false
V4T004471,352.786286,-20.436488,LRG,0.19546752,1.0000,false
V4T004472,345.022292,-18.979304,BGS,0.80568687,0.4500,false
V4T004473,47.593650,-42.123545,ELG,0.40375600,1.0000,false
V4T004474,2.847482,-34.476369,QSO,0.08875448,1.7000,false
V4T004475,22.137477,-56.690886,ELG,0.56816844,1.0000,false
V4T004476,340.019317,-23.306838,BGS,1.19062805,0.4500,false
V4T004477,342.650609,-36.568686,QSO,0.11543306,1.7000,false
V4T004478,354.512769,-32.362029,BGS,0.80418301,0.4500,false
V4T004479,18.256209,-46.152048,BGS,1.28840938,0.4500,false
V4T004480,2.081631,-32.563643,BGS,1.18673986,0.4500,false
V4T004481,16.263054,-50.209683,ELG,0.38864539,1.0000,false
V4T004482,344.552430,-25.010720,ELG,0.51333541,1.0000,false
V4T004483,342.970577,-18.857143,Star,5.10307629,0.3000,false
V4T004484,32.256093,-53.669191,ELG,0.44193793,1.0000,false
V4T004485,2.508079,-35.860117,LRG,0.25749557,1.0000,false
V4T004486,33.987183,-53.137469,BGS,1.79150569,0.4500,false
V4T004487,339.022920,-30.891445,QSO,0.12157238,1.7000,false
V4T004488,334.464324,-26.700869,QSO,0.13614822,1.7000,false
V4T004489,23.041117,-50.895168,QSO,0.13090480,1.7000,false
V4T004490,343.621668,-36.940777,Star,3.92056661,0.3000,false
V4T004491,16.574487,-52.721712,LRG,0.71407563,1.0000,false
V4T004492,356.716206,-23.247316,LRG,0.32555213,1.0000,false
V4T004493,340.275674,-35.950769,ELG,0.69060877,1.0000,false
V4T004494,343.169988,-36.901094,QSO,0.06818908,1.7000,false
V4T004495,43.268235,-41.437753,ELG,0.66984180,1.0000,false
V4T004496,26.925003,-36.909013,ELG,0.46893976,1.0000,false
V4T004497,345.372121,-30.709881,QSO,0.10520535,1.7000,false
V4T004498,355.480201,-18.565591,BGS,1.45073014,0.4500,false
V4T004499,23.669335,-51.535710,BGS,0.99794757,0.4500,false
V4T004500,339.746795,-30.035865,BGS,1.94189776,0.4500,false
V4T004501,2.147534,-21.241169,ELG,0.93339881,1.0000,false
V4T004502,358.927771,-23.619499,ELG,0.64843600,1.0000,false
V4T004503,35.444944,-55.169095,ELG,0.64352014,1.0000,false
V4T004504,343.125659,-18.964120,BGS,1.52533501,0.4500,false
V4T004505,26.874535,-45.290921,ELG,0.26209259,1.0000,false
V4T004506,2.848269,-29.734555,QSO,0.09586229,1.7000,false
V4T004507,31.542609,-54.798215,ELG,0.52584014,1.0000,false
V4T004508,6.561968,-30.006631,QSO,0.08815616,1.7000,false
V4T004509,40.331197,-51.656956,BGS,1.72494800,0.4500,false
V4T004510,340.610864,-28.745790,ELG,0.53876431,1.0000,false
V4T004511,38.937720,-43.213953,QSO,0.16243257,1.7000,false
V4T004512,343.550919,-36.465781,BGS,1.23367589,0.4500,false
V4T004513,346.556696,-29.980073,ELG,0.88922047,1.0000,false
V4T004514,2.765363,-35.032554,QSO,0.08631598,1.7000,false
V4T004515,28.744872,-58.425229,LRG,0.28621843,1.0000,false
V4T004516,31.502059,-43.202215,ELG,0.52588008,1.0000,false
V4T004517,29.292808,-36.469403,ELG,0.33279235,1.0000,false
V4T004518,353.100414,-39.719261,ELG,0.68236070,1.0000,false
V4T004519,6.270129,-28.527176,ELG,0.27250488,1.0000,false
V4T004520,353.015588,-28.978221,BGS,1.37939204,0.4500,false
V4T004521,2.153894,-35.886685,ELG,0.93610960,1.0000,false
V4T004522,339.367605,-23.286200,LRG,0.54547364,1.0000,false
V4T004523,26.809058,-48.017523,BGS,2.03358473,0.4500,false
V4T004524,359.522280,-19.536750,QSO,0.11277973,1.7000,false
V4T004525,342.073772,-33.864686,BGS,1.29951431,0.4500,false
V4T004526,21.992051,-46.200745,ELG,0.65683465,1.0000,false
V4T004527,31.375221,-58.527861,ELG,1.16221955,1.0000,false
V4T004528,339.626076,-24.332254,LRG,0.27093236,1.0000,true
V4T004529,338.460578,-21.883630,LRG,0.22937959,1.0000,false
V4T004530,42.722007,-58.087916,BGS,1.67762759,0.4500,false
V4T004531,33.919873,-54.758592,BGS,1.02593610,0.4500,false
V4T004532,335.400039,-26.615431,BGS,1.11337195,0.4500,false
V4T004533,345.609531,-30.732095,LRG,0.18993476,1.0000,false
V4T004534,2.984432,-19.630343,ELG,0.20965780,1.0000,false
V4T004535,346.790059,-29.733965,BGS,1.09930839,0.4500,true
V4T004536,0.526790,-23.537505,ELG,1.07628878,1.0000,false
V4T004537,359.731685,-18.697070,ELG,0.48451932,1.0000,false
V4T004538,346.293041,-29.390163,ELG,0.92099969,1.0000,false
V4T004539,36.604027,-39.145753,ELG,0.32608706,1.0000,false
V4T004540,27.916727,-54.904942,BGS,1.87532772,0.4500,false
V4T004541,359.771257,-19.542228,QSO,0.07505238,1.7000,true
V4T004542,343.246054,-19.608632,BGS,1.31112564,0.4500,false
V4T004543,339.805462,-30.134673,BGS,1.43694962,0.4500,false
V4T004544,43.422816,-48.299425,QSO,0.12392029,1.7000,false
V4T004545,350.547277,-31.156503,Star,3.20983633,0.3000,false
V4T004546,34.922960,-51.176738,QSO,0.31854556,1.7000,false
V4T004547,358.132921,-18.530503,BGS,1.14223755,0.4500,false
V4T004548,26.356464,-60.275552,LRG,0.40246279,1.0000,false
V4T004549,32.785660,-56.256671,QSO,0.24967993,1.7000,false
V4T004550,26.122912,-58.728363,ELG,0.27415494,1.0000,false
V4T004551,353.333405,-19.976216,BGS,1.54658818,0.4500,false
V4T004552,3.464742,-22.200186,BGS,0.98076797,0.4500,false
V4T004553,350.619686,-40.195673,ELG,0.49245809,1.0000,false
V4T004554,29.548041,-37.724205,LRG,0.48773049,1.0000,false
V4T004555,340.921140,-29.928830,ELG,0.46913162,1.0000,false
V4T004556,339.568384,-34.679383,LRG,0.15371374,1.0000,false
V4T004557,357.360318,-20.766531,BGS,1.76745118,0.4500,false
V4T004558,335.019181,-27.531497,BGS,1.47302833,0.4500,false
V4T004559,338.833365,-30.147650,ELG,0.55611599,1.0000,true
V4T004560,27.412106,-46.392267,LRG,0.50497044,1.0000,false
V4T004561,2.612398,-22.266154,ELG,0.60883944,1.0000,false
V4T004562,31.250007,-57.770661,ELG,0.40452073,1.0000,false
V4T004563,0.640314,-32.152822,ELG,0.55437286,1.0000,false
V4T004564,359.318245,-34.501432,ELG,0.38812736,1.0000,true
V4T004565,44.393117,-43.283495,LRG,0.45257081,1.0000,false
V4T004566,35.557599,-54.887048,LRG,0.28180131,1.0000,false
V4T004567,346.050340,-29.267985,ELG,0.77011939,1.0000,false
V4T004568,3.013622,-20.808846,BGS,0.99595273,0.4500,false
V4T004569,339.841924,-30.713997,ELG,0.97143800,1.0000,false
V4T004570,36.236592,-51.501192,ELG,0.77521876,1.0000,false
V4T004571,338.602477,-30.661440,LRG,0.22381950,1.0000,false
V4T004572,46.501133,-55.839681,ELG,0.48520343,1.0000,false
V4T004573,31.285659,-43.195636,LRG,0.44501038,1.0000,false
V4T004574,2.801071,-35.601079,LRG,0.49517557,1.0000,false
V4T004575,356.521716,-23.106957,ELG,0.58522082,1.0000,false
V4T004576,341.056831,-37.573162,ELG,0.44257629,1.0000,true
V4T004577,341.242301,-20.754580,QSO,0.38651445,1.7000,false
V4T004578,38.476623,-50.165765,BGS,1.22278317,0.4500,true
V4T004579,345.047649,-17.370588,ELG,0.64439107,1.0000,true
V4T004580,347.050954,-23.651776,QSO,0.16771333,1.7000,false
V4T004581,2.135986,-36.211751,QSO,0.36169592,1.7000,false
V4T004582,350.690834,-22.460253,ELG,0.41990364,1.0000,false
V4T004583,2.794180,-21.118568,ELG,0.54758731,1.0000,false
V4T004584,3.817448,-29.823201,ELG,0.44305766,1.0000,false
V4T004585,340.710246,-23.910736,ELG,0.89601645,1.0000,false
V4T004586,351.814118,-27.403688,ELG,0.42459355,1.0000,false
V4T004587,341.821543,-28.967928,Star,4.30458722,0.3000,false
V4T004588,352.329287,-38.745606,LRG,0.35778735,1.0000,false
V4T004589,2.005033,-21.889508,QSO,0.11363828,1.7000,false
V4T004590,46.958540,-43.543865,Star,5.01473534,0.3000,true
V4T004591,2.035648,-35.448689,Star,2.31461406,0.3000,false
V4T004592,42.229140,-37.813199,ELG,0.81119505,1.0000,false
V4T004593,340.996491,-23.637645,LRG,0.38344699,1.0000,false
V4T004594,19.287394,-55.006103,BGS,1.54087753,0.4500,false
V4T004595,348.858315,-26.981615,ELG,0.81416666,1.0000,false
V4T004596,41.590516,-57.589519,ELG,0.35422537,1.0000,true
V4T004597,22.046013,-52.174615,BGS,1.49070745,0.4500,false
V4T004598,1.515941,-19.137075,LRG,0.30736896,1.0000,false
V4T004599,338.644326,-21.160649,ELG,0.27389742,1.0000,false
V4T004600,358.966120,-18.681816,LRG,0.29476465,1.0000,false
V4T004601,39.296414,-59.876334,ELG,0.66659227,1.0000,false
V4T004602,31.137592,-41.589657,ELG,0.76220335,1.0000,false
V4T004603,0.749329,-28.628858,BGS,1.03028355,0.4500,false
V4T004604,356.324633,-21.124741,LRG,0.28177025,1.0000,false
V4T004605,44.193801,-39.038237,BGS,1.66910448,0.4500,false
V4T004606,39.475709,-53.214159,ELG,0.61184464,1.0000,false
V4T004607,351.375589,-21.655996,ELG,0.63851899,1.0000,false
V4T004608,354.284195,-20.826838,BGS,1.66237193,0.4500,false
V4T004609,353.506290,-20.700662,LRG,0.26818035,1.0000,false
V4T004610,354.687155,-23.561217,BGS,1.11987399,0.4500,false
V4T004611,341.454743,-24.061814,ELG,1.29544502,1.0000,false
V4T004612,1.414852,-25.011791,BGS,1.12091758,0.4500,false
V4T004613,353.169638,-19.196849,ELG,0.85360657,1.0000,false
V4T004614,352.469130,-19.464935,ELG,0.42550669,1.0000,false
V4T004615,26.287977,-42.748946,LRG,0.36265757,1.0000,false
V4T004616,351.056104,-21.459289,LRG,0.31038472,1.0000,false
V4T004617,17.730338,-55.375001,BGS,0.84583816,0.4500,false
V4T004618,358.521635,-18.624381,BGS,1.10588938,0.4500,false
V4T004619,31.692684,-55.400828,BGS,0.97962881,0.4500,true
V4T004620,338.393499,-22.512428,ELG,0.46740539,1.0000,false
V4T004621,356.141091,-23.452267,ELG,0.56513267,1.0000,false
V4T004622,355.224688,-24.159207,Star,3.19862168,0.3000,false
V4T004623,355.881598,-24.196705,ELG,0.66640690,1.0000,false
V4T004624,339.970783,-23.740077,LRG,0.24697219,1.0000,false
V4T004625,344.080097,-19.097537,QSO,0.20727402,1.7000,false
V4T004626,348.589963,-19.505990,QSO,0.15047236,1.7000,false
V4T004627,34.510818,-48.235756,QSO,0.19054999,1.7000,false
V4T004628,338.261102,-21.743316,BGS,0.88748090,0.4500,false
V4T004629,359.779494,-21.247535,ELG,0.68308730,1.0000,false
V4T004630,359.245588,-19.170043,ELG,1.02599308,1.0000,false
V4T004631,28.408941,-46.038420,ELG,0.29983696,1.0000,false
V4T004632,21.746983,-39.949753,BGS,1.65063150,0.4500,false
V4T004633,20.457879,-46.004393,QSO,0.15692516,1.7000,false
V4T004634,343.702005,-25.818577,ELG,0.47525934,1.0000,true
V4T004635,351.141465,-34.203027,ELG,0.68736763,1.0000,false
V4T004636,46.606414,-48.560258,BGS,0.81200040,0.4500,false
V4T004637,355.469647,-28.346502,QSO,0.11951946,1.7000,false
V4T004638,29.394095,-43.198659,BGS,1.35018338,0.4500,false
V4T004639,21.868977,-51.195008,QSO,0.51856468,1.7000,false
V4T004640,336.258093,-35.215051,BGS,0.75372249,0.4500,false
V4T004641,50.262270,-50.707849,BGS,1.28016576,0.4500,false
V4T004642,19.653055,-43.879021,BGS,0.88165481,0.4500,false
V4T004643,21.021212,-50.217001,BGS,1.01643438,0.4500,false
V4T004644,336.144139,-30.750544,ELG,0.99139203,1.0000,false
V4T004645,2.296030,-21.420984,BGS,1.92344239,0.4500,false
V4T004646,335.924756,-25.786568,ELG,0.27595893,1.0000,false
V4T004647,341.811452,-36.695449,LRG,0.35095791,1.0000,false
V4T004648,340.367204,-23.847990,BGS,1.07911795,0.4500,false
V4T004649,355.811322,-23.088288,BGS,0.70783384,0.4500,false
V4T004650,345.576630,-31.026827,ELG,0.69865070,1.0000,false
V4T004651,341.093411,-18.406520,BGS,1.51848011,0.4500,false
V4T004652,354.286616,-21.107530,BGS,1.78555096,0.4500,true
V4T004653,30.417721,-43.109577,BGS,1.68043668,0.4500,false
V4T004654,340.187605,-23.913263,LRG,0.51666213,1.0000,false
V4T004655,340.958169,-23.169225,ELG,0.86457626,1.0000,false
V4T004656,340.513298,-30.687201,LRG,0.33035495,1.0000,false
V4T004657,39.157998,-56.412918,ELG,0.84676311,1.0000,false
V4T004658,338.081409,-20.038661,QSO,0.16782090,1.7000,false
V4T004659,339.985940,-36.133499,QSO,0.10687662,1.7000,false
V4T004660,48.452486,-43.999217,ELG,0.53329268,1.0000,false
V4T004661,29.939880,-43.193347,LRG,0.43463602,1.0000,false
V4T004662,356.103003,-36.582436,Star,6.04176183,0.3000,false
V4T004663,49.018270,-48.981384,ELG,0.83370054,1.0000,false
V4T004664,45.284678,-53.530436,ELG,0.28918965,1.0000,true
V4T004665,4.748045,-31.964720,BGS,1.26061781,0.4500,false
V4T004666,26.647623,-46.908661,ELG,0.63721038,1.0000,true
V4T004667,40.953941,-44.952896,QSO,0.36083352,1.7000,false
V4T004668,15.569414,-51.784053,LRG,0.23759206,1.0000,false
V4T004669,359.289716,-29.729835,Star,4.56675980,0.3000,false
V4T004670,338.716241,-31.065420,ELG,0.38872169,1.0000,false
V4T004671,1.048066,-19.253049,BGS,1.23609496,0.4500,false
V4T004672,32.256025,-45.624544,BGS,1.31742621,0.4500,false
V4T004673,27.820923,-59.931051,BGS,1.24789132,0.4500,false
V4T004674,3.087222,-21.592226,ELG,0.49180079,1.0000,false
V4T004675,2.548551,-35.174405,LRG,0.25099963,1.0000,false
V4T004676,33.980391,-38.281286,Star,4.64475006,0.3000,false
V4T004677,355.099558,-25.991436,BGS,1.46684316,0.4500,false
V4T004678,34.338133,-59.501552,BGS,1.50494386,0.4500,false
V4T004679,347.257277,-28.476849,ELG,1.37357500,1.0000,false
V4T004680,19.198059,-44.558066,QSO,0.10201819,1.7000,false
V4T004681,342.700455,-16.315203,LRG,0.22861726,1.0000,false
V4T004682,344.802068,-15.351084,LRG,0.44297888,1.0000,false
V4T004683,343.447662,-36.215966,Star,5.95780467,0.3000,false
V4T004684,352.483122,-18.972502,LRG,0.70960583,1.0000,false
V4T004685,3.266244,-21.620657,QSO,0.12103826,1.7000,false
V4T004686,355.737808,-33.344243,BGS,1.02704844,0.4500,true
V4T004687,3.382177,-20.552850,ELG,0.52493358,1.0000,false
V4T004688,355.020190,-35.597192,ELG,0.79172572,1.0000,false
V4T004689,339.397566,-20.845802,BGS,1.59608840,0.4500,false
V4T004690,5.701526,-26.160993,BGS,1.67671615,0.4500,false
V4T004691,42.619722,-58.186102,LRG,0.53884364,1.0000,false
V4T004692,35.318178,-36.445977,BGS,1.43393768,0.4500,false
V4T004693,351.153574,-18.611554,LRG,0.36053943,1.0000,false
V4T004694,25.236805,-51.715842,BGS,1.12253895,0.4500,false
V4T004695,3.382296,-32.105708,ELG,0.86999436,1.0000,false
V4T004696,346.567304,-28.670862,LRG,0.25469552,1.0000,true
V4T004697,25.119301,-38.510058,QSO,0.10158082,1.7000,false
V4T004698,2.350885,-35.589624,ELG,0.43280661,1.0000,false
V4T004699,337.365137,-30.473797,BGS,2.22926364,0.4500,false
V4T004700,28.272373,-60.741462,LRG,0.58768809,1.0000,false
V4T004701,352.366358,-27.462160,QSO,0.19979662,1.7000,false
V4T004702,336.813328,-32.898352,LRG,0.47218915,1.0000,false
V4T004703,28.176499,-43.131111,LRG,0.40092847,1.0000,false
V4T004704,349.821686,-16.958612,BGS,1.20399212,0.4500,false
V4T004705,337.714777,-27.157613,LRG,0.31156690,1.0000,false
V4T004706,340.049300,-39.579644,QSO,0.40936352,1.7000,false
V4T004707,359.162999,-19.151226,LRG,0.24826673,1.0000,false
V4T004708,340.088164,-28.298289,BGS,1.47170503,0.4500,false
V4T004709,357.110501,-23.637998,ELG,0.57991301,1.0000,false
V4T004710,339.116987,-29.521919,BGS,1.23961834,0.4500,false
V4T004711,32.336480,-37.947930,BGS,1.80415925,0.4500,false
V4T004712,351.042246,-37.624837,ELG,0.44616897,1.0000,false
V4T004713,353.029414,-19.655688,LRG,0.65414000,1.0000,false
V4T004714,24.583896,-52.200177,QSO,0.21227592,1.7000,false
V4T004715,18.687621,-51.681192,BGS,1.28344277,0.4500,false
V4T004716,355.317822,-26.145711,LRG,0.40932184,1.0000,false
V4T004717,355.478649,-16.496606,ELG,0.51278416,1.0000,false
V4T004718,2.663009,-35.185383,BGS,1.01981670,0.4500,false
V4T004719,346.395878,-17.322720,Star,5.31096824,0.3000,false
V4T004720,343.549395,-40.631444,QSO,0.21397953,1.7000,false
V4T004721,35.989387,-44.127771,ELG,0.42952666,1.0000,false
V4T004722,45.482914,-55.599802,BGS,1.65597105,0.4500,false
V4T004723,3.311592,-21.309445,BGS,1.64649617,0.4500,false
V4T004724,45.051915,-42.447033,BGS,1.48222155,0.4500,false
V4T004725,2.826444,-20.352667,ELG,0.47878506,1.0000,false
V4T004726,23.826531,-45.119798,LRG,0.25673734,1.0000,false
V4T004727,352.656367,-19.546158,ELG,1.24114481,1.0000,false
V4T004728,339.074959,-30.996393,LRG,0.51496571,1.0000,false
V4T004729,358.650317,-38.223168,ELG,0.44737132,1.0000,true
V4T004730,338.105173,-20.978575,QSO,0.19591975,1.7000,false
V4T004731,2.210733,-35.011025,ELG,0.41189911,1.0000,false
V4T004732,33.952542,-46.144121,QSO,0.37536708,1.7000,false
V4T004733,342.749170,-36.960259,ELG,0.61446878,1.0000,false
V4T004734,351.936011,-38.622992,ELG,0.34478272,1.0000,false
V4T004735,357.914760,-16.535010,LRG,0.49682316,1.0000,false
V4T004736,34.979279,-55.126767,Star,4.18334028,0.3000,false
V4T004737,358.953790,-19.961211,ELG,0.81129945,1.0000,false
V4T004738,358.655973,-17.861301,ELG,0.57870949,1.0000,false
V4T004739,342.207526,-37.067146,ELG,0.89248414,1.0000,false
V4T004740,36.413638,-55.799931,LRG,0.36776177,1.0000,false
V4T004741,351.813063,-38.772907,BGS,1.88938576,0.4500,false
V4T004742,347.115321,-32.163424,ELG,0.20261842,1.0000,false
V4T004743,348.842700,-30.702943,QSO,0.19435584,1.7000,false
V4T004744,38.923242,-44.449061,Star,3.59138226,0.3000,false
V4T004745,351.209170,-23.212965,ELG,0.57379952,1.0000,true
V4T004746,342.537225,-37.068106,ELG,0.72827728,1.0000,false
V4T004747,26.409532,-56.285893,ELG,0.45848096,1.0000,false
V4T004748,345.550290,-29.587849,ELG,0.92669045,1.0000,false
V4T004749,359.674166,-30.840347,ELG,0.38868664,1.0000,false
V4T004750,359.527831,-18.305059,BGS,1.15836422,0.4500,false
V4T004751,1.683092,-35.273732,ELG,0.72076898,1.0000,false
V4T004752,359.951889,-26.130061,BGS,1.16385475,0.4500,false
V4T004753,48.531259,-46.023361,ELG,1.14461638,1.0000,false
V4T004754,0.921637,-19.224225,Star,2.77209813,0.3000,false
V4T004755,350.148535,-25.300299,QSO,0.12349662,1.7000,false
V4T004756,346.006824,-16.230635,ELG,0.43938204,1.0000,false
V4T004757,47.833038,-43.076321,BGS,1.27031094,0.4500,false
V4T004758,350.264728,-38.610826,BGS,0.99887303,0.4500,false
V4T004759,49.650423,-53.024405,LRG,0.28450049,1.0000,false
V4T004760,35.403354,-55.349109,BGS,0.78787120,0.4500,false
V4T004761,23.885808,-45.787329,ELG,0.67517563,1.0000,false
V4T004762,352.939520,-40.498860,BGS,0.91264378,0.4500,false
V4T004763,340.681470,-38.808547,ELG,0.71378938,1.0000,false
V4T004764,1.938604,-21.087582,ELG,0.81847888,1.0000,false
V4T004765,355.490390,-18.069571,LRG,0.30967797,1.0000,false
V4T004766,38.067259,-51.159234,QSO,0.35147047,1.7000,false
V4T004767,343.099632,-36.568025,LRG,0.21868970,1.0000,true
V4T004768,345.669650,-30.044533,BGS,1.04855127,0.4500,false
V4T004769,339.700592,-22.899259,ELG,0.64054201,1.0000,false
V4T004770,26.370706,-38.495004,ELG,0.25086608,1.0000,true
V4T004771,353.818161,-31.223163,QSO,0.13415380,1.7000,false
V4T004772,31.234152,-41.325966,ELG,0.47925433,1.0000,false
V4T004773,2.301640,-21.044705,QSO,0.06992673,1.7000,false
V4T004774,339.245888,-30.704197,BGS,1.40517578,0.4500,false
V4T004775,345.803145,-24.617850,BGS,1.54503985,0.4500,false
V4T004776,353.337892,-20.921157,LRG,0.41277357,1.0000,false
V4T004777,23.174464,-50.874716,ELG,0.53750666,1.0000,true
V4T004778,31.006347,-42.332772,ELG,0.38789163,1.0000,false
V4T004779,340.640239,-18.997704,ELG,0.43147091,1.0000,false
V4T004780,350.313522,-34.819836,BGS,0.97049384,0.4500,false
V4T004781,5.701690,-25.605047,BGS,1.57150556,0.4500,false
V4T004782,33.292152,-39.793537,BGS,0.74999630,0.4500,false
V4T004783,354.388661,-30.867447,ELG,0.94214653,1.0000,false
V4T004784,30.598103,-44.295084,LRG,0.31566293,1.0000,false
V4T004785,36.242722,-59.838073,ELG,0.21577091,1.0000,false
V4T004786,30.072105,-42.044836,Star,4.21232805,0.3000,false
V4T004787,342.567670,-36.628879,ELG,0.51162911,1.0000,false
V4T004788,343.141026,-32.446448,ELG,1.14739387,1.0000,false
V4T004789,352.017435,-38.465923,QSO,0.13631838,1.7000,false
V4T004790,1.932290,-35.097240,ELG,0.70322264,1.0000,false
V4T004791,28.333576,-39.348016,BGS,0.97386877,0.4500,false
V4T004792,358.007334,-20.823755,ELG,1.08751455,1.0000,false
V4T004793,343.110473,-18.349337,QSO,0.60828110,1.7000,false
V4T004794,356.592785,-22.988359,QSO,0.14683580,1.7000,false
V4T004795,343.506715,-36.425370,ELG,0.59663258,1.0000,false
V4T004796,30.700239,-42.701759,BGS,0.82651721,0.4500,false
V4T004797,336.590154,-29.735020,ELG,0.18510912,1.0000,false
V4T004798,359.425702,-20.882696,BGS,0.90955111,0.4500,false
V4T004799,1.901787,-25.234219,ELG,0.72887908,1.0000,false
V4T004800,334.732533,-34.873592,QSO,0.14846274,1.7000,false
V4T004801,2.233260,-35.432895,QSO,0.13315521,1.7000,false
V4T004802,347.938553,-28.754056,BGS,1.38346081,0.4500,false
V4T004803,339.529063,-23.572751,ELG,0.56662184,1.0000,false
V4T004804,44.398168,-46.555832,ELG,0.28202910,1.0000,false
V4T004805,351.402929,-39.414801,ELG,0.97949711,1.0000,false
V4T004806,353.500487,-19.567828,ELG,0.34889894,1.0000,false
V4T004807,49.185573,-53.868416,BGS,1.98740227,0.4500,true
V4T004808,2.414522,-21.622171,QSO,0.24738070,1.7000,false
V4T004809,36.793808,-37.729698,ELG,0.58121001,1.0000,false
V4T004810,356.277176,-37.685219,BGS,1.62654713,0.4500,false
V4T004811,31.527596,-36.075448,QSO,0.28025462,1.7000,false
V4T004812,26.749499,-55.699010,BGS,1.38038742,0.4500,false
V4T004813,23.724726,-42.170867,ELG,0.49162459,1.0000,false
V4T004814,24.327072,-40.777750,QSO,0.31486065,1.7000,false
V4T004815,346.103004,-18.075552,ELG,0.66952992,1.0000,false
V4T004816,0.111011,-22.124120,Star,2.40252953,0.3000,false
V4T004817,35.499677,-55.096928,ELG,0.55932012,1.0000,false
V4T004818,353.025888,-20.008781,ELG,0.39635733,1.0000,false
V4T004819,342.106742,-39.041450,QSO,0.14111737,1.7000,false
V4T004820,343.006172,-36.623071,LRG,0.29331100,1.0000,false
V4T004821,346.013452,-30.331590,ELG,0.66718379,1.0000,false
V4T004822,44.430005,-47.625217,LRG,0.27233047,1.0000,false
V4T004823,36.716591,-47.855900,ELG,0.95739843,1.0000,false
V4T004824,340.951473,-17.653201,ELG,0.66313885,1.0000,false
V4T004825,352.040259,-39.332193,BGS,1.64629871,0.4500,false
V4T004826,21.946564,-45.866977,ELG,1.28360843,1.0000,true
V4T004827,359.517149,-35.488031,Star,5.45659438,0.3000,false
V4T004828,353.141292,-18.192434,ELG,0.32244135,1.0000,false
V4T004829,30.947865,-49.136767,LRG,0.38269213,1.0000,false
V4T004830,32.256255,-58.718201,ELG,0.79207555,1.0000,false
V4T004831,47.311407,-52.468944,ELG,0.37866396,1.0000,false
V4T004832,354.078686,-22.873463,QSO,0.18004681,1.7000,false
V4T004833,30.278285,-44.021218,BGS,1.83312498,0.4500,false
V4T004834,41.644875,-43.776358,BGS,0.94986067,0.4500,false
V4T004835,50.481843,-48.760887,LRG,0.23204392,1.0000,false
V4T004836,348.537937,-39.423599,QSO,0.29239493,1.7000,false
V4T004837,346.085079,-30.239840,BGS,1.06681533,0.4500,false
V4T004838,357.458804,-36.638610,ELG,1.12029786,1.0000,false
V4T004839,2.513170,-21.697372,LRG,0.48563816,1.0000,false
V4T004840,48.075772,-56.698570,LRG,0.61088578,1.0000,false
V4T004841,337.085635,-29.409819,Star,3.91056861,0.3000,false
V4T004842,41.589264,-49.785370,ELG,0.63832804,1.0000,false
V4T004843,359.292701,-17.302135,QSO,0.34865880,1.7000,false
V4T004844,333.795648,-30.749516,BGS,0.99124246,0.4500,false
V4T004845,337.356682,-27.979238,ELG,0.74493204,1.0000,false
V4T004846,351.173344,-38.677729,ELG,0.72071929,1.0000,false
V4T004847,1.370252,-26.239916,ELG,0.64567718,1.0000,false
V4T004848,359.426497,-31.927138,ELG,0.66540365,1.0000,false
V4T004849,24.824787,-45.431213,BGS,1.37545520,0.4500,false
V4T004850,1.867349,-32.344127,BGS,1.22454079,0.4500,false
V4T004851,29.703089,-38.040434,QSO,0.12675405,1.7000,false
V4T004852,6.186691,-26.908420,ELG,0.44046884,1.0000,false
V4T004853,353.431699,-19.554744,QSO,0.27919702,1.7000,false
V4T004854,5.173808,-26.308208,BGS,1.45816632,0.4500,false
V4T004855,351.995723,-39.384966,ELG,0.71674991,1.0000,false
V4T004856,2.660791,-35.063407,BGS,0.69511110,0.4500,false
V4T004857,345.591297,-35.395489,LRG,0.27769617,1.0000,false
V4T004858,350.240509,-19.001307,QSO,0.15584382,1.7000,false
V4T004859,28.583982,-53.809463,ELG,0.32862114,1.0000,false
V4T004860,21.686135,-51.106997,LRG,0.47234335,1.0000,false
V4T004861,5.797982,-29.106466,ELG,1.29287981,1.0000,false
V4T004862,357.633401,-37.060301,LRG,0.85529736,1.0000,false
V4T004863,36.965601,-38.785392,ELG,0.40502875,1.0000,false
V4T004864,48.366860,-48.260331,LRG,0.40246472,1.0000,false
V4T004865,23.605662,-52.192846,BGS,1.26677263,0.4500,true
V4T004866,346.305497,-30.233359,LRG,0.49602446,1.0000,false
V4T004867,359.219133,-19.167193,QSO,0.25116176,1.7000,false
V4T004868,5.465918,-26.810783,ELG,0.40910738,1.0000,false
V4T004869,36.136747,-54.729656,ELG,0.62525369,1.0000,false
V4T004870,32.152959,-43.425134,BGS,1.56268013,0.4500,false
V4T004871,17.945036,-55.958498,QSO,0.18112459,1.7000,false
V4T004872,337.155462,-31.940480,QSO,0.26168342,1.7000,false
V4T004873,34.497805,-38.881031,ELG,0.40186691,1.0000,false
V4T004874,356.115870,-23.545109,BGS,1.43294950,0.4500,false
V4T004875,342.011101,-35.672144,BGS,1.49966782,0.4500,false
V4T004876,1.039253,-34.869196,BGS,0.88210760,0.4500,false
V4T004877,339.788267,-36.422924,LRG,0.42084628,1.0000,false
V4T004878,346.993608,-21.941771,LRG,0.27774747,1.0000,false
V4T004879,339.394280,-30.085537,BGS,1.40540805,0.4500,false
V4T004880,30.967412,-58.027564,ELG,0.28596879,1.0000,false
V4T004881,40.204105,-57.170532,LRG,0.67756649,1.0000,false
V4T004882,347.787708,-32.612178,BGS,1.18077770,0.4500,false
V4T004883,352.414853,-19.822589,ELG,1.01726683,1.0000,false
V4T004884,2.230522,-36.103071,ELG,0.29930233,1.0000,false
V4T004885,19.404854,-57.819518,ELG,0.29490047,1.0000,true
V4T004886,339.405408,-29.449494,BGS,1.00319507,0.4500,false
V4T004887,350.823799,-27.552526,ELG,0.36284932,1.0000,true
V4T004888,359.076068,-35.003810,ELG,0.55115247,1.0000,true
V4T004889,341.157014,-20.344757,ELG,0.36776013,1.0000,false
V4T004890,355.984564,-24.245105,QSO,0.10436119,1.7000,false
V4T004891,353.017492,-20.461233,Star,4.17866811,0.3000,false
V4T004892,33.587186,-57.238669,QSO,0.44818646,1.7000,true
V4T004893,357.845134,-27.354361,ELG,0.28456983,1.0000,false
V4T004894,352.122867,-18.897284,BGS,1.19936559,0.4500,false
V4T004895,28.557552,-37.209257,ELG,1.07284310,1.0000,false
V4T004896,339.680842,-23.494628,LRG,0.28329849,1.0000,false
V4T004897,43.745391,-58.915272,ELG,0.50496278,1.0000,false
V4T004898,354.475996,-29.365402,LRG,0.37177425,1.0000,false
V4T004899,346.192693,-30.545332,LRG,0.23660177,1.0000,false
V4T004900,340.064395,-30.718049,LRG,0.31913104,1.0000,false
V4T004901,356.137058,-37.634966,ELG,0.54851088,1.0000,false
V4T004902,358.560221,-17.885007,LRG,0.62210173,1.0000,false
V4T004903,29.917250,-58.987196,ELG,0.46558890,1.0000,false
V4T004904,4.934580,-32.595580,ELG,0.38645545,1.0000,false
V4T004905,344.575942,-17.072983,QSO,0.15856119,1.7000,false
V4T004906,30.999925,-38.441293,BGS,1.81930024,0.4500,false
V4T004907,337.367546,-21.019623,ELG,0.53691508,1.0000,false
V4T004908,49.238021,-49.648495,BGS,1.17179395,0.4500,false
V4T004909,343.564362,-36.306787,Star,4.59435185,0.3000,false
V4T004910,359.011656,-19.113812,BGS,1.28592432,0.4500,false
V4T004911,338.842097,-20.354439,ELG,0.61926016,1.0000,false
V4T004912,339.407132,-36.486538,Star,5.00431772,0.3000,false
V4T004913,344.699921,-41.488567,Star,5.10186598,0.3000,false
V4T004914,30.066137,-42.969990,QSO,0.14364985,1.7000,true
V4T004915,338.019895,-21.019621,QSO,0.16987295,1.7000,false
V4T004916,3.792614,-27.961145,ELG,0.38420820,1.0000,false
V4T004917,351.590928,-21.636918,QSO,0.25838400,1.7000,false
V4T004918,357.015387,-27.282335,BGS,1.08787124,0.4500,false
V4T004919,340.850223,-23.258402,BGS,1.24830572,0.4500,false
V4T004920,31.417903,-42.578270,LRG,0.53635491,1.0000,false
V4T004921,346.532973,-29.443436,LRG,0.27772445,1.0000,false
V4T004922,350.702895,-41.264375,LRG,0.22939046,1.0000,false
V4T004923,23.872624,-55.797736,ELG,0.42283623,1.0000,false
V4T004924,32.567117,-53.089413,ELG,0.45188943,1.0000,false
V4T004925,36.785445,-36.130062,ELG,1.20255648,1.0000,false
V4T004926,1.980945,-35.646482,QSO,0.23740681,1.7000,false
V4T004927,14.786281,-50.539457,ELG,0.48379163,1.0000,false
V4T004928,3.387569,-35.292614,ELG,0.63756705,1.0000,false
V4T004929,34.662241,-54.981567,LRG,0.38597845,1.0000,true
V4T004930,356.791393,-33.452545,LRG,0.39589949,1.0000,false
V4T004931,352.643028,-22.141762,QSO,0.17245240,1.7000,false
V4T004932,355.565929,-24.027265,LRG,0.34646339,1.0000,false
V4T004933,349.655391,-29.643440,ELG,0.61396155,1.0000,false
V4T004934,46.679996,-41.748631,ELG,0.77777756,1.0000,false
V4T004935,40.603135,-45.692169,ELG,0.39417832,1.0000,false
V4T004936,25.170692,-51.548627,BGS,2.59085620,0.4500,false
V4T004937,25.085616,-48.929867,QSO,0.16827223,1.7000,true
V4T004938,344.534404,-39.983619,ELG,0.48753850,1.0000,false
V4T004939,339.515503,-23.079227,ELG,0.26570417,1.0000,false
V4T004940,2.568323,-29.609119,QSO,0.13391641,1.7000,false
V4T004941,23.457253,-50.005289,ELG,1.22026456,1.0000,false
V4T004942,352.368239,-20.020494,LRG,0.47848168,1.0000,false
V4T004943,338.075346,-21.501973,BGS,1.39650578,0.4500,false
V4T004944,351.677448,-39.040912,Star,3.92946255,0.3000,false
V4T004945,0.313661,-30.391015,ELG,0.58688929,1.0000,false
V4T004946,33.088246,-56.301415,BGS,1.20109355,0.4500,false
V4T004947,351.835189,-39.690328,LRG,0.29569449,1.0000,false
V4T004948,346.212613,-33.657687,LRG,0.38597935,1.0000,false
V4T004949,359.367491,-24.948732,QSO,0.14767412,1.7000,false
V4T004950,358.129213,-19.494756,QSO,0.49447267,1.7000,false
V4T004951,30.107032,-46.774108,ELG,0.64308515,1.0000,false
V4T004952,355.744515,-22.316107,ELG,0.65027572,1.0000,false
V4T004953,5.355377,-28.404589,LRG,0.19756542,1.0000,false
V4T004954,2.162259,-35.276579,ELG,0.36757404,1.0000,false
V4T004955,31.127348,-42.949598,BGS,1.49941407,0.4500,false
V4T004956,45.057707,-55.446843,ELG,1.01989645,1.0000,false
V4T004957,346.203317,-29.990616,BGS,1.03383379,0.4500,false
V4T004958,356.363249,-23.637997,ELG,0.80414257,1.0000,false
V4T004959,30.150290,-60.942140,QSO,0.10377219,1.7000,false
V4T004960,355.800865,-23.997795,ELG,0.64734798,1.0000,false
V4T004961,355.899851,-23.345381,BGS,2.15928391,0.4500,false
V4T004962,36.724111,-55.511919,ELG,0.34600506,1.0000,false
V4T004963,16.841578,-45.842387,BGS,1.56943332,0.4500,false
V4T004964,342.799927,-30.651912,QSO,0.32335981,1.7000,false
V4T004965,35.452577,-55.820811,ELG,0.47455482,1.0000,false
V4T004966,2.086818,-20.941965,LRG,0.23006083,1.0000,false
V4T004967,349.528826,-29.064210,LRG,0.54711307,1.0000,false
V4T004968,35.513394,-55.972066,ELG,0.65597076,1.0000,false
V4T004969,343.192496,-40.135100,ELG,0.29780496,1.0000,false
V4T004970,5.821760,-29.145449,ELG,0.44096306,1.0000,false
V4T004971,2.767075,-35.528850,Star,5.26453883,0.3000,false
V4T004972,30.453099,-43.352966,QSO,0.19373816,1.7000,false
V4T004973,352.968710,-19.942126,ELG,0.51531936,1.0000,false
V4T004974,346.531091,-29.426318,ELG,0.45171995,1.0000,false
V4T004975,27.794141,-40.469404,QSO,0.12694654,1.7000,false
V4T004976,351.152891,-35.035140,BGS,1.20475938,0.4500,false
V4T004977,340.003501,-32.205824,Star,4.34699901,0.3000,false
V4T004978,340.063064,-24.188752,ELG,1.60494894,1.0000,false
V4T004979,354.853637,-33.300624,ELG,0.38710670,1.0000,true
V4T004980,30.590694,-37.775737,ELG,0.25796188,1.0000,false
V4T004981,342.038613,-34.562698,ELG,0.60596484,1.0000,false
V4T004982,350.945867,-17.444899,LRG,0.23606929,1.0000,false
V4T004983,339.853187,-22.428816,ELG,0.71852528,1.0000,false
V4T004984,338.723532,-21.194855,BGS,1.23949072,0.4500,false
V4T004985,43.685819,-52.187441,QSO,0.32183354,1.7000,false
V4T004986,48.533130,-55.528327,BGS,1.78724131,0.4500,false
V4T004987,340.112851,-23.940463,QSO,0.14255156,1.7000,false
V4T004988,30.054890,-42.655335,ELG,0.55926716,1.0000,false
V4T004989,343.678157,-31.938463,ELG,0.59680888,1.0000,false
V4T004990,355.519269,-23.371608,LRG,0.48890701,1.0000,false
V4T004991,341.128635,-27.792569,ELG,0.23847335,1.0000,false
V4T004992,25.631067,-59.430952,BGS,1.27245266,0.4500,false
V4T004993,344.794185,-34.569249,ELG,0.27670332,1.0000,false
V4T004994,356.432735,-16.421686,ELG,0.67569330,1.0000,false
V4T004995,342.867643,-36.723210,ELG,0.53981891,1.0000,false
V4T004996,30.077076,-40.698937,LRG,0.31604186,1.0000,false
V4T004997,16.685436,-52.154558,QSO,0.30605349,1.7000,false
V4T004998,1.049114,-18.323106,BGS,0.80818711,0.4500,false
V4T004999,344.784345,-20.494600,QSO,0.11892576,1.7000,false
V4T005000,352.740461,-19.699209,ELG,1.06431270,1.0000,false
V4T005001,36.112691,-43.010212,QSO,0.43118495,1.7000,false
V4T005002,358.314262,-34.228912,ELG,0.32340022,1.0000,false
V4T005003,19.985047,-57.131832,LRG,0.30915679,1.0000,false
V4T005004,351.124986,-39.462868,BGS,0.86247566,0.4500,false
V4T005005,353.030877,-19.114394,LRG,0.66078342,1.0000,false
V4T005006,21.559695,-51.125439,LRG,0.48731850,1.0000,false
V4T005007,0.922997,-34.005554,QSO,0.22647234,1.7000,false
V4T005008,35.933174,-52.674784,BGS,1.12488746,0.4500,false
V4T005009,40.581498,-42.510349,ELG,0.35888332,1.0000,false
V4T005010,2.172810,-35.839015,ELG,0.55162593,1.0000,false
V4T005011,353.070762,-39.556542,LRG,0.21203985,1.0000,false
V4T005012,345.924302,-29.864702,ELG,0.81345605,1.0000,false
V4T005013,20.575405,-41.650200,LRG,0.38919749,1.0000,true
V4T005014,347.802270,-39.089904,QSO,0.13530475,1.7000,true
V4T005015,2.154981,-21.134843,ELG,0.54445605,1.0000,false
V4T005016,348.806988,-16.844906,QSO,0.06768804,1.7000,false
V4T005017,343.250381,-35.953938,ELG,0.21949871,1.0000,false
V4T005018,358.985232,-22.603564,ELG,0.58146069,1.0000,false
V4T005019,41.709539,-42.971496,LRG,0.34303339,1.0000,false
V4T005020,339.548820,-28.940700,ELG,0.61283308,1.0000,false
V4T005021,36.547655,-55.995159,ELG,0.52472624,1.0000,false
V4T005022,351.651199,-31.510944,BGS,1.19349665,0.4500,false
V4T005023,341.128131,-27.369496,LRG,0.25390141,1.0000,false
V4T005024,46.634483,-48.152454,QSO,0.09324124,1.7000,false
V4T005025,2.016771,-35.400131,Star,4.21237068,0.3000,false
V4T005026,30.768652,-42.869011,BGS,1.20395223,0.4500,false
V4T005027,27.019106,-52.734099,ELG,0.47731734,1.0000,false
V4T005028,351.842060,-15.322186,BGS,1.14631574,0.4500,false
V4T005029,341.602768,-27.275510,BGS,1.53994065,0.4500,false
V4T005030,339.066934,-20.011421,QSO,0.34231698,1.7000,false
V4T005031,354.740241,-23.726487,ELG,0.55670214,1.0000,false
V4T005032,2.189402,-35.204107,LRG,0.32539838,1.0000,false
V4T005033,351.883546,-39.350361,Star,4.27932281,0.3000,false
V4T005034,352.591008,-38.317510,QSO,0.13505125,1.7000,false
V4T005035,353.342893,-19.981088,BGS,0.72247997,0.4500,false
V4T005036,26.257773,-55.712135,LRG,0.47857710,1.0000,false
V4T005037,350.476168,-39.740068,QSO,0.19507737,1.7000,false
V4T005038,2.897680,-27.990911,QSO,0.10115445,1.7000,false
V4T005039,2.057384,-35.431543,BGS,1.19585404,0.4500,false
V4T005040,0.780328,-23.868207,QSO,0.27195596,1.7000,false
V4T005041,352.433539,-39.085524,QSO,0.25174518,1.7000,false
V4T005042,35.506613,-55.146155,QSO,0.13609992,1.7000,false
V4T005043,34.461546,-54.728266,LRG,0.36157674,1.0000,false
V4T005044,45.829341,-46.486251,ELG,0.49954829,1.0000,false
V4T005045,26.993360,-54.274851,LRG,0.41176169,1.0000,false
V4T005046,351.395253,-38.280831,ELG,0.67631541,1.0000,false
V4T005047,343.436309,-35.302500,BGS,1.07147772,0.4500,false
V4T005048,16.978086,-57.575979,ELG,0.64624466,1.0000,false
V4T005049,28.022598,-37.550899,BGS,1.36594988,0.4500,false
V4T005050,47.849839,-46.093594,LRG,0.14857127,1.0000,false
V4T005051,345.709672,-29.575978,ELG,0.50336921,1.0000,false
V4T005052,341.449294,-36.083597,Star,2.96477259,0.3000,false
V4T005053,40.973860,-46.355391,LRG,0.38429123,1.0000,false
V4T005054,339.842581,-20.695724,LRG,0.21889322,1.0000,false
V4T005055,338.403663,-21.140364,LRG,0.45488226,1.0000,false
V4T005056,15.071030,-53.019121,ELG,0.66182664,1.0000,false
V4T005057,43.404224,-40.134225,BGS,0.73021327,0.4500,false
V4T005058,348.187023,-16.237170,ELG,0.65122453,1.0000,false
V4T005059,49.473191,-46.154406,Star,2.80447178,0.3000,false
V4T005060,341.035992,-19.379375,QSO,0.13008020,1.7000,false
V4T005061,35.486354,-36.945390,BGS,1.83883874,0.4500,false
V4T005062,349.579611,-21.748466,ELG,0.50023121,1.0000,false
V4T005063,38.625464,-43.739772,ELG,0.40767742,1.0000,false
V4T005064,346.186642,-24.947514,LRG,0.17430070,1.0000,true
V4T005065,31.103020,-37.974755,LRG,0.57350994,1.0000,false
V4T005066,41.548760,-44.901477,LRG,0.56001492,1.0000,false
V4T005067,358.253394,-29.818624,ELG,0.48918206,1.0000,false
V4T005068,20.948599,-52.900693,ELG,0.82862650,1.0000,false
V4T005069,346.173949,-29.997848,BGS,1.12749965,0.4500,false
V4T005070,30.803296,-43.443238,BGS,0.97731007,0.4500,false
V4T005071,339.907231,-33.698566,BGS,1.33525354,0.4500,false
V4T005072,351.772402,-39.042049,ELG,0.84330256,1.0000,false
V4T005073,340.802342,-31.288097,ELG,0.40487553,1.0000,false
V4T005074,39.747483,-37.319041,QSO,0.13654721,1.7000,false
V4T005075,356.540851,-23.772096,LRG,0.48826892,1.0000,false
V4T005076,345.892758,-15.338463,ELG,0.34813511,1.0000,false
V4T005077,5.443799,-27.828669,LRG,0.25713973,1.0000,false
V4T005078,343.895654,-18.996883,BGS,0.99894657,0.4500,false
V4T005079,336.293126,-30.187834,LRG,0.24427912,1.0000,false
V4T005080,354.644872,-21.022632,Star,2.80392000,0.3000,false
V4T005081,17.522178,-54.428743,ELG,0.47960040,1.0000,false
V4T005082,356.736260,-23.253945,Star,2.82061833,0.3000,false
V4T005083,340.024567,-26.814817,QSO,0.22229891,1.7000,false
V4T005084,343.083489,-36.759029,Star,4.72839245,0.3000,false
V4T005085,356.364533,-23.680845,ELG,0.43951437,1.0000,false
V4T005086,339.423857,-23.771313,BGS,1.42150569,0.4500,false
V4T005087,26.077914,-40.393270,LRG,0.38706262,1.0000,false
V4T005088,21.217138,-39.411110,BGS,1.17755278,0.4500,false
V4T005089,346.408868,-27.782970,LRG,0.39493492,1.0000,false
V4T005090,355.612644,-22.822272,ELG,0.64489946,1.0000,false
V4T005091,33.742704,-36.719416,Star,4.51545045,0.3000,false
V4T005092,356.601144,-23.465520,BGS,1.03949521,0.4500,true
V4T005093,337.801756,-30.181296,BGS,2.00093122,0.4500,false
V4T005094,17.263450,-45.652398,ELG,0.53002726,1.0000,false
V4T005095,339.598850,-29.929376,ELG,0.96991191,1.0000,false
V4T005096,359.543648,-33.934688,Star,3.42394251,0.3000,false
V4T005097,340.252632,-23.963533,LRG,0.35674068,1.0000,false
V4T005098,354.785296,-37.566153,LRG,0.22577527,1.0000,false
V4T005099,353.531581,-17.332303,LRG,0.45208591,1.0000,false
V4T005100,3.014543,-21.175002,ELG,0.60380272,1.0000,false
V4T005101,48.566323,-45.801553,LRG,0.35179052,1.0000,false
V4T005102,347.470696,-24.811387,BGS,1.25549839,0.4500,false
V4T005103,348.188414,-15.374953,ELG,0.58859024,1.0000,false
V4T005104,40.407382,-47.089346,Star,3.76818994,0.3000,false
V4T005105,343.484672,-20.698220,ELG,1.49467271,1.0000,false
V4T005106,36.895049,-38.966683,ELG,0.53797350,1.0000,false
V4T005107,340.946470,-23.963843,ELG,0.44401556,1.0000,false
V4T005108,340.595078,-24.963717,BGS,1.86025793,0.4500,true
V4T005109,37.317382,-42.202046,Star,2.88845373,0.3000,false
V4T005110,342.982440,-35.874281,QSO,0.29110313,1.7000,false
V4T005111,27.319407,-39.235071,ELG,0.28937505,1.0000,false
V4T005112,341.452730,-28.173356,ELG,0.45750705,1.0000,false
V4T005113,339.844286,-32.523899,ELG,0.62526556,1.0000,false
V4T005114,0.378761,-18.134466,LRG,0.35197211,1.0000,false
V4T005115,351.605155,-15.660741,BGS,0.79119608,0.4500,false
V4T005116,35.319813,-36.014845,BGS,1.39532029,0.4500,false
V4T005117,2.068910,-27.115500,BGS,0.97923141,0.4500,false
V4T005118,351.420594,-37.826654,BGS,1.31234007,0.4500,false
V4T005119,341.226348,-22.896597,LRG,0.34127224,1.0000,false
V4T005120,342.023773,-25.138218,ELG,0.27519945,1.0000,false
V4T005121,24.468435,-44.997414,BGS,0.59341465,0.4500,false
V4T005122,337.552743,-21.678123,LRG,0.44597299,1.0000,false
V4T005123,36.728267,-54.936737,ELG,0.72764613,1.0000,false
V4T005124,351.787935,-23.015946,ELG,0.50472645,1.0000,false
V4T005125,37.725523,-54.548969,ELG,0.58030792,1.0000,false
V4T005126,2.312600,-25.307662,ELG,0.81358971,1.0000,false
V4T005127,22.883416,-51.985352,LRG,0.43510013,1.0000,false
V4T005128,352.178851,-16.374991,ELG,0.92402527,1.0000,false
V4T005129,337.786396,-30.379156,ELG,0.76681624,1.0000,false
V4T005130,351.978844,-18.809199,QSO,0.08956636,1.7000,true
V4T005131,345.492803,-30.669926,BGS,0.66457021,0.4500,false
V4T005132,44.341905,-47.179701,QSO,0.44557756,1.7000,false
V4T005133,358.617815,-33.780971,QSO,0.26373929,1.7000,false
V4T005134,336.393838,-28.250341,ELG,0.21833117,1.0000,false
V4T005135,2.330578,-30.421631,LRG,0.21628028,1.0000,false
V4T005136,337.213805,-21.478287,BGS,1.54189045,0.4500,false
V4T005137,44.174490,-51.128643,BGS,1.10452859,0.4500,true
V4T005138,14.659612,-47.976709,QSO,0.28571797,1.7000,false
V4T005139,3.606345,-34.613908,QSO,0.13295092,1.7000,false
V4T005140,24.241873,-50.748161,ELG,0.43872286,1.0000,false
V4T005141,35.881239,-39.647334,BGS,1.20000825,0.4500,false
V4T005142,23.600527,-41.965765,ELG,0.65200943,1.0000,false
V4T005143,35.432530,-59.390378,Star,5.43394343,0.3000,false
V4T005144,344.191008,-15.773172,QSO,0.08509742,1.7000,false
V4T005145,35.243651,-41.824399,QSO,0.17685967,1.7000,false
V4T005146,351.469275,-38.777314,Star,4.68160408,0.3000,false
V4T005147,342.493421,-40.633919,BGS,1.57027395,0.4500,false
V4T005148,338.893954,-30.818614,LRG,0.41671922,1.0000,false
V4T005149,37.718371,-50.387140,QSO,0.43062504,1.7000,false
V4T005150,338.306434,-22.824265,LRG,0.51684603,1.0000,false
V4T005151,34.122233,-53.410153,QSO,0.17488035,1.7000,false
V4T005152,5.018381,-30.519288,Star,3.76351525,0.3000,false
V4T005153,345.900524,-29.541355,Star,4.97404677,0.3000,true
V4T005154,48.736707,-48.459472,Star,4.60029160,0.3000,false
V4T005155,4.496886,-24.324682,Star,6.55804619,0.3000,false
V4T005156,352.448149,-25.307432,ELG,0.52752746,1.0000,false
V4T005157,2.452561,-20.589078,ELG,0.36086048,1.0000,false
V4T005158,29.817786,-47.461197,Star,5.09452347,0.3000,true
V4T005159,2.421970,-34.649543,QSO,0.06907495,1.7000,false
V4T005160,6.207489,-26.820735,BGS,0.99420675,0.4500,false
V4T005161,41.262733,-41.699365,QSO,0.24015051,1.7000,false
V4T005162,2.287166,-35.245955,Star,5.18538244,0.3000,false
V4T005163,334.220413,-27.651258,Star,4.07404423,0.3000,false
V4T005164,350.544792,-40.133411,BGS,1.50154536,0.4500,false
V4T005165,342.406172,-36.108405,ELG,0.43167435,1.0000,false
V4T005166,355.609504,-38.577805,BGS,1.52346139,0.4500,false
V4T005167,340.197878,-37.478722,QSO,0.20653397,1.7000,true
V4T005168,4.737671,-33.543082,ELG,0.44724674,1.0000,false
V4T005169,341.992642,-36.184650,ELG,0.35414473,1.0000,false
V4T005170,345.870637,-17.034111,ELG,0.61314400,1.0000,false
V4T005171,30.227113,-51.574227,BGS,1.18924043,0.4500,false
V4T005172,349.390493,-36.494177,BGS,1.53242595,0.4500,false
V4T005173,49.115855,-48.934175,BGS,1.51082507,0.4500,false
V4T005174,346.355483,-29.152558,LRG,0.45303551,1.0000,false
V4T005175,336.514415,-23.397991,ELG,0.57673981,1.0000,false
V4T005176,358.040005,-17.677912,Star,4.25500739,0.3000,false
V4T005177,358.666530,-29.743291,ELG,0.92185453,1.0000,true
V4T005178,25.535076,-44.648813,BGS,1.19274210,0.4500,false
V4T005179,30.311160,-47.206905,QSO,0.50992726,1.7000,false
V4T005180,338.292313,-31.072477,Star,4.39082505,0.3000,false
V4T005181,23.064846,-51.627701,ELG,0.38431304,1.0000,false
V4T005182,346.890299,-17.849808,QSO,0.25689035,1.7000,false
V4T005183,343.400625,-36.762228,ELG,0.41346452,1.0000,false
V4T005184,356.789782,-25.779463,BGS,1.92785239,0.4500,false
V4T005185,346.118132,-27.642720,ELG,0.58165917,1.0000,false
V4T005186,339.935436,-30.301089,LRG,0.30430117,1.0000,false
V4T005187,335.087580,-30.577292,ELG,0.82458954,1.0000,false
V4T005188,42.895742,-49.705894,ELG,0.86960348,1.0000,false
V4T005189,22.825850,-50.821559,ELG,0.61775062,1.0000,true
V4T005190,356.555065,-30.702977,LRG,0.51819094,1.0000,false
V4T005191,23.192887,-42.069326,LRG,0.46625441,1.0000,false
V4T005192,338.503296,-21.185613,ELG,0.53687409,1.0000,false
V4T005193,355.314864,-23.468832,BGS,1.26865333,0.4500,false
V4T005194,353.222978,-19.025388,BGS,1.10800898,0.4500,false
V4T005195,27.203939,-44.273121,BGS,1.08553274,0.4500,false
V4T005196,341.264230,-23.240857,LRG,0.28709450,1.0000,false
V4T005197,352.684580,-22.477715,BGS,1.29114755,0.4500,false
V4T005198,34.159032,-51.730695,ELG,0.69346391,1.0000,false
V4T005199,356.772626,-27.342919,BGS,1.08350698,0.4500,false
V4T005200,355.528865,-23.049620,BGS,1.41731308,0.4500,false
V4T005201,0.710373,-18.262412,Star,5.91292702,0.3000,false
V4T005202,344.566975,-30.258477,BGS,0.91285575,0.4500,false
V4T005203,358.291613,-17.996814,Star,5.54145343,0.3000,false
V4T005204,344.772778,-19.330987,BGS,1.73672958,0.4500,false
V4T005205,22.174407,-51.862499,QSO,0.18533399,1.7000,false
V4T005206,20.511496,-57.310385,LRG,0.39114481,1.0000,false
V4T005207,346.294814,-30.008643,QSO,0.32432077,1.7000,false
V4T005208,33.104396,-37.376361,LRG,0.51246490,1.0000,false
V4T005209,353.215928,-21.865258,BGS,0.90940658,0.4500,false
V4T005210,340.261184,-23.708695,BGS,1.98877984,0.4500,false
V4T005211,45.322522,-50.047112,BGS,0.78640789,0.4500,false
V4T005212,351.713455,-38.626551,LRG,0.29666377,1.0000,false
V4T005213,1.095085,-23.884056,LRG,0.25653892,1.0000,false
V4T005214,352.470089,-39.125951,BGS,1.01283642,0.4500,false
V4T005215,49.895473,-49.978504,Star,4.14214219,0.3000,false
V4T005216,339.034461,-29.942252,ELG,0.53748469,1.0000,false
V4T005217,18.729255,-49.472501,LRG,0.36873441,1.0000,false
V4T005218,19.597092,-46.964262,Star,4.98100739,0.3000,false
V4T005219,4.909870,-33.017064,LRG,0.20778487,1.0000,false
V4T005220,27.243085,-54.934715,ELG,0.25601495,1.0000,false
V4T005221,354.076895,-26.278191,LRG,0.16494177,1.0000,false
V4T005222,30.568239,-50.072156,QSO,0.13297827,1.7000,false
V4T005223,349.768966,-25.111798,LRG,0.37251405,1.0000,false
V4T005224,343.232455,-30.010189,BGS,1.64060783,0.4500,false
V4T005225,359.531307,-24.171994,BGS,0.69579574,0.4500,false
V4T005226,341.524336,-25.126158,ELG,0.50031830,1.0000,false
V4T005227,339.991724,-23.634279,QSO,0.14840040,1.7000,true
V4T005228,351.507906,-17.243871,BGS,1.93118118,0.4500,false
V4T005229,16.998919,-44.747769,LRG,0.48847370,1.0000,false
V4T005230,345.583088,-36.310306,QSO,0.19394804,1.7000,true
V4T005231,48.889556,-47.711467,QSO,0.09303304,1.7000,false
V4T005232,351.175516,-31.820841,ELG,0.39570902,1.0000,false
V4T005233,354.331483,-38.609332,QSO,0.27550843,1.7000,false
V4T005234,48.783589,-54.770226,ELG,0.33370387,1.0000,false
V4T005235,352.776473,-39.920733,ELG,0.79299667,1.0000,true
V4T005236,345.866529,-24.301359,BGS,2.25197676,0.4500,false
V4T005237,32.039529,-49.700546,Star,5.58081440,0.3000,false
V4T005238,356.809175,-24.059505,QSO,0.29539538,1.7000,false
V4T005239,339.027517,-21.514591,ELG,1.06291829,1.0000,false
V4T005240,35.908283,-55.116314,LRG,0.27896305,1.0000,false
V4T005241,347.473975,-19.430961,ELG,0.37020220,1.0000,false
V4T005242,2.719269,-20.962877,ELG,0.62163814,1.0000,false
V4T005243,3.191558,-21.869388,LRG,0.40328729,1.0000,false
V4T005244,353.161160,-39.324738,QSO,0.12693291,1.7000,false
V4T005245,341.140682,-25.061311,BGS,1.44940660,0.4500,true
V4T005246,30.950377,-42.679414,ELG,0.54317633,1.0000,false
V4T005247,45.765287,-45.797822,BGS,0.74938334,0.4500,false
V4T005248,349.810311,-35.193107,QSO,0.21357146,1.7000,false
V4T005249,4.448095,-21.777345,ELG,0.75302069,1.0000,false
V4T005250,23.106072,-51.514923,ELG,0.55015715,1.0000,false
V4T005251,26.757535,-55.117974,LRG,0.32825187,1.0000,false
V4T005252,32.745143,-35.532781,ELG,0.75781032,1.0000,false
V4T005253,347.428030,-21.391630,ELG,0.37438476,1.0000,false
V4T005254,2.851453,-35.975297,Star,2.90153971,0.3000,false
V4T005255,22.490006,-42.578925,ELG,0.23999525,1.0000,false
V4T005256,33.083474,-41.292540,BGS,1.63159513,0.4500,true
V4T005257,44.071560,-48.607541,QSO,0.16484152,1.7000,false
V4T005258,340.811094,-24.211327,ELG,1.02535224,1.0000,false
V4T005259,16.436829,-53.562779,QSO,0.08580606,1.7000,false
V4T005260,45.476185,-49.650657,ELG,0.38269162,1.0000,false
V4T005261,352.966457,-18.800444,ELG,0.26080174,1.0000,false
V4T005262,357.720669,-26.132957,ELG,0.56789446,1.0000,false
V4T005263,337.751059,-22.745619,BGS,0.81375413,0.4500,false
V4T005264,342.368975,-36.320172,ELG,0.55127594,1.0000,false
V4T005265,2.478824,-22.265566,ELG,0.95554782,1.0000,false
V4T005266,358.486211,-18.399903,ELG,0.48598314,1.0000,false
V4T005267,30.516090,-43.166345,LRG,0.53213095,1.0000,false
V4T005268,34.021674,-35.782733,ELG,1.39934220,1.0000,false
V4T005269,21.735148,-52.005452,ELG,0.63807705,1.0000,false
V4T005270,351.860830,-38.906684,ELG,0.78205688,1.0000,false
V4T005271,341.230895,-31.222895,QSO,0.19509758,1.7000,false
V4T005272,344.643405,-30.750601,ELG,0.31312344,1.0000,false
V4T005273,27.525634,-44.959436,BGS,2.54416664,0.4500,false
V4T005274,44.178301,-48.401598,LRG,0.24683066,1.0000,false
V4T005275,356.559584,-23.739694,LRG,0.74129856,1.0000,false
V4T005276,29.792673,-39.575848,QSO,0.13394863,1.7000,true
V4T005277,357.748813,-30.117252,QSO,0.34102155,1.7000,false
V4T005278,346.301837,-30.186491,Star,3.66473876,0.3000,false
V4T005279,343.218067,-36.904116,Star,3.36117544,0.3000,false
V4T005280,342.336204,-30.235305,QSO,0.23050006,1.7000,false
V4T005281,335.856430,-28.308884,BGS,1.03925459,0.4500,false
V4T005282,2.559105,-34.757985,ELG,0.58764129,1.0000,false
V4T005283,340.554072,-23.651195,ELG,0.70380977,1.0000,false
V4T005284,23.026500,-51.786928,LRG,0.28258243,1.0000,false
V4T005285,343.824593,-31.413862,LRG,0.62905844,1.0000,false
V4T005286,352.630628,-20.131154,ELG,0.41551600,1.0000,true
V4T005287,29.570739,-43.266056,ELG,0.47197332,1.0000,false
V4T005288,338.093058,-30.650458,LRG,0.34109441,1.0000,false
V4T005289,46.525923,-51.995170,ELG,0.66968934,1.0000,false
V4T005290,4.385563,-30.828522,LRG,0.32735248,1.0000,false
V4T005291,356.558494,-24.090559,ELG,0.54768883,1.0000,false
V4T005292,23.139311,-51.983877,ELG,0.82744245,1.0000,false
V4T005293,340.579729,-17.862854,BGS,1.56130754,0.4500,false
V4T005294,31.373780,-53.922606,LRG,0.24720132,1.0000,false
V4T005295,45.549964,-44.319222,LRG,0.23571011,1.0000,true
V4T005296,346.054037,-36.245534,QSO,0.29303612,1.7000,false
V4T005297,18.567075,-46.784102,Star,4.47003623,0.3000,false
V4T005298,348.815763,-37.458576,BGS,1.13689544,0.4500,false
V4T005299,352.737265,-39.784622,ELG,0.53890847,1.0000,false
V4T005300,37.494266,-57.343128,LRG,0.23155736,1.0000,false
V4T005301,343.150899,-37.232561,QSO,0.22687932,1.7000,true
V4T005302,3.977838,-27.651594,ELG,0.25048606,1.0000,false
V4T005303,352.501735,-39.217409,ELG,0.62805285,1.0000,false
V4T005304,358.672646,-28.940168,BGS,1.00535995,0.4500,false
V4T005305,338.773989,-21.978508,ELG,1.29862068,1.0000,false
V4T005306,42.674486,-42.624346,BGS,1.06003554,0.4500,false
V4T005307,343.688065,-19.264726,BGS,1.68402726,0.4500,false
V4T005308,339.668766,-30.213662,ELG,0.90916050,1.0000,false
V4T005309,36.520198,-37.739455,BGS,0.84143002,0.4500,false
V4T005310,352.414606,-40.128702,LRG,0.27062009,1.0000,false
V4T005311,343.567807,-37.196513,ELG,0.61532984,1.0000,false
V4T005312,2.424185,-28.833466,BGS,1.71124752,0.4500,false
V4T005313,3.098494,-20.589588,BGS,1.27443244,0.4500,false
V4T005314,35.246142,-38.380373,LRG,0.21269215,1.0000,false
V4T005315,25.229454,-57.836426,ELG,0.51538222,1.0000,false
V4T005316,358.293971,-18.389259,BGS,1.26557437,0.4500,false
V4T005317,347.132684,-35.325617,BGS,1.17158134,0.4500,false
V4T005318,351.492179,-36.310664,BGS,3.02056905,0.4500,false
V4T005319,338.447755,-22.643314,QSO,0.10331358,1.7000,false
V4T005320,348.862628,-22.511604,LRG,0.26041701,1.0000,false
V4T005321,31.750506,-40.176892,BGS,1.19747870,0.4500,false
V4T005322,350.126404,-29.997957,BGS,1.73297630,0.4500,false
V4T005323,36.364726,-53.187217,QSO,0.36198878,1.7000,false
V4T005324,37.888693,-36.710089,LRG,0.35205091,1.0000,false
V4T005325,354.244865,-33.656179,LRG,0.52159046,1.0000,false
V4T005326,43.237483,-44.874557,ELG,1.11068382,1.0000,false
V4T005327,338.371330,-21.290660,ELG,0.67323388,1.0000,false
V4T005328,346.633397,-30.193505,Star,3.86206728,0.3000,false
V4T005329,2.466733,-28.413797,ELG,0.44607344,1.0000,false
V4T005330,340.625471,-23.391093,BGS,1.09515931,0.4500,false
V4T005331,37.487355,-45.995078,LRG,0.49163744,1.0000,false
V4T005332,352.458784,-39.027840,Star,3.01752206,0.3000,true
V4T005333,351.866942,-34.398120,ELG,0.32403063,1.0000,false
V4T005334,356.113911,-33.197228,QSO,0.11496253,1.7000,false
V4T005335,3.385805,-33.138500,ELG,0.84338456,1.0000,false
V4T005336,2.723255,-20.307277,BGS,1.06583218,0.4500,false
V4T005337,352.261493,-40.090592,ELG,0.76004423,1.0000,false
V4T005338,344.281812,-21.489085,LRG,0.36527652,1.0000,false
V4T005339,345.299487,-26.911376,QSO,0.21727685,1.7000,false
V4T005340,334.472339,-28.693037,ELG,0.47711435,1.0000,false
V4T005341,21.534820,-57.717730,BGS,0.97643179,0.4500,false
V4T005342,25.562315,-55.271232,BGS,1.68741066,0.4500,false
V4T005343,347.533749,-37.437057,LRG,0.49453810,1.0000,false
V4T005344,355.793149,-24.029051,LRG,0.27511828,1.0000,false
V4T005345,355.495703,-15.977006,ELG,0.79265318,1.0000,false
V4T005346,32.249323,-48.791626,BGS,1.61104518,0.4500,false
V4T005347,342.945141,-23.499753,ELG,0.79974603,1.0000,false
V4T005348,347.606065,-27.868134,BGS,1.13337486,0.4500,true
V4T005349,349.517330,-39.746330,BGS,1.41478219,0.4500,false
V4T005350,351.566492,-27.673103,ELG,0.41095029,1.0000,false
V4T005351,341.186271,-36.223295,BGS,0.64568747,0.4500,false
V4T005352,33.803947,-45.854258,ELG,0.73954258,1.0000,false
V4T005353,357.203151,-21.494500,QSO,0.38056944,1.7000,false
V4T005354,347.850411,-29.882796,ELG,0.45159188,1.0000,false
V4T005355,28.555846,-48.064536,Star,3.00962199,0.3000,false
V4T005356,36.845652,-58.310608,ELG,0.35903024,1.0000,false
V4T005357,341.639069,-37.102196,LRG,0.44736268,1.0000,false
V4T005358,343.710948,-26.365756,ELG,0.64471038,1.0000,false
V4T005359,337.123177,-29.598473,LRG,0.49958507,1.0000,false
V4T005360,49.362977,-53.600428,ELG,0.70536646,1.0000,false
V4T005361,342.550804,-18.200232,Star,3.27420094,0.3000,false
V4T005362,339.438219,-31.108260,ELG,0.59738084,1.0000,false
V4T005363,23.883609,-52.068758,LRG,0.51510938,1.0000,false
V4T005364,6.039830,-26.942757,QSO,0.27660930,1.7000,false
V4T005365,344.430133,-39.062490,BGS,1.10990699,0.4500,false
V4T005366,356.158252,-23.812119,QSO,0.14326136,1.7000,false
V4T005367,346.961349,-29.100242,ELG,0.46791080,1.0000,false
V4T005368,340.308836,-18.637719,QSO,0.22964225,1.7000,false
V4T005369,3.743713,-21.358437,LRG,0.26080594,1.0000,false
V4T005370,30.188394,-42.916501,QSO,0.11467712,1.7000,false
V4T005371,345.124121,-16.243076,LRG,0.28443245,1.0000,false
V4T005372,353.869167,-27.806477,LRG,0.42579318,1.0000,false
V4T005373,22.112282,-41.238503,BGS,2.21229715,0.4500,false
V4T005374,354.240463,-19.907307,ELG,0.53192169,1.0000,false
V4T005375,358.409528,-35.035474,LRG,0.39634113,1.0000,false
V4T005376,355.450691,-22.108605,LRG,0.21648143,1.0000,false
V4T005377,343.187372,-36.136662,ELG,0.98134864,1.0000,false
V4T005378,358.356019,-18.917983,LRG,0.40014689,1.0000,false
V4T005379,336.496721,-24.100074,BGS,2.07670802,0.4500,false
V4T005380,33.326340,-57.884229,LRG,0.35054022,1.0000,false
V4T005381,32.067903,-49.278465,ELG,0.93649362,1.0000,true
V4T005382,349.191708,-22.901778,LRG,0.41734284,1.0000,false
V4T005383,354.135998,-34.257984,LRG,0.72436358,1.0000,false
V4T005384,30.182187,-42.695846,BGS,1.11774427,0.4500,false
V4T005385,345.967067,-18.435966,ELG,1.29899183,1.0000,false
V4T005386,342.985488,-19.988325,LRG,0.80013679,1.0000,false
V4T005387,26.515816,-37.246238,BGS,1.14548679,0.4500,false
V4T005388,355.396139,-26.449727,ELG,0.62689927,1.0000,false
V4T005389,346.465749,-38.022828,QSO,0.19835892,1.7000,false
V4T005390,25.266300,-54.603931,Star,4.68517505,0.3000,false
V4T005391,339.617864,-30.903130,ELG,0.74131849,1.0000,false
V4T005392,344.947055,-30.572455,LRG,0.34391224,1.0000,false
V4T005393,343.189771,-40.225809,BGS,1.24856349,0.4500,false
V4T005394,340.602827,-30.264403,BGS,1.56306689,0.4500,false
V4T005395,355.308908,-19.323346,ELG,0.52516864,1.0000,false
V4T005396,358.547967,-18.862141,ELG,0.52376653,1.0000,false
V4T005397,2.711351,-35.450919,LRG,0.44048778,1.0000,false
V4T005398,23.990596,-39.394144,ELG,0.76747296,1.0000,false
V4T005399,38.820728,-38.480798,ELG,0.36473141,1.0000,false
V4T005400,40.069242,-48.621232,ELG,0.87359021,1.0000,false
V4T005401,358.402765,-22.662199,BGS,0.96719149,0.4500,false
V4T005402,2.215565,-25.694377,ELG,0.55931783,1.0000,false
V4T005403,22.008026,-43.522644,ELG,0.38808164,1.0000,false
V4T005404,21.435701,-51.399876,BGS,1.11473129,0.4500,false
V4T005405,344.210142,-36.144885,BGS,1.35835446,0.4500,false
V4T005406,341.968732,-19.748563,BGS,1.05569769,0.4500,false
V4T005407,25.540743,-41.244503,ELG,0.70770419,1.0000,false
V4T005408,19.824708,-44.338626,LRG,0.21121927,1.0000,false
V4T005409,17.169147,-52.643247,ELG,0.34069849,1.0000,false
V4T005410,27.340991,-50.162010,LRG,0.35445504,1.0000,false
V4T005411,354.210266,-20.948499,LRG,0.17188042,1.0000,true
V4T005412,344.832915,-29.859829,LRG,0.16972446,1.0000,false
V4T005413,3.386529,-27.063622,BGS,2.20489268,0.4500,false
V4T005414,339.069497,-30.029753,ELG,0.34587111,1.0000,false
V4T005415,355.113271,-32.454894,ELG,0.37805710,1.0000,false
V4T005416,340.258133,-23.636879,LRG,0.31892744,1.0000,false
V4T005417,335.990997,-28.068522,ELG,0.44110992,1.0000,false
V4T005418,353.939533,-17.437151,BGS,0.82143998,0.4500,false
V4T005419,346.182589,-33.429092,ELG,0.64909290,1.0000,false
V4T005420,338.006362,-35.992495,BGS,1.57911338,0.4500,false
V4T005421,349.925906,-31.346721,Star,3.25283895,0.3000,false
V4T005422,346.229993,-29.753148,QSO,0.33706789,1.7000,false
V4T005423,30.416454,-42.101133,QSO,0.22759589,1.7000,false
V4T005424,5.834558,-32.476645,LRG,0.39461898,1.0000,false
V4T005425,356.920110,-27.609285,ELG,0.37110498,1.0000,false
V4T005426,25.254626,-40.110140,ELG,0.64564720,1.0000,false
V4T005427,357.043360,-27.367758,QSO,0.17840598,1.7000,false
V4T005428,355.580565,-36.335514,LRG,0.52621763,1.0000,false
V4T005429,339.577808,-33.408777,ELG,0.69454683,1.0000,false
V4T005430,353.025003,-17.144504,BGS,1.91485860,0.4500,false
V4T005431,345.149988,-29.778412,QSO,0.16257525,1.7000,false
V4T005432,345.701332,-39.648191,ELG,0.34687151,1.0000,false
V4T005433,40.124848,-37.503121,BGS,1.35573670,0.4500,false
V4T005434,32.512054,-55.682869,QSO,0.14773325,1.7000,false
V4T005435,36.174578,-50.942971,LRG,0.24719457,1.0000,false
V4T005436,353.879285,-19.997346,ELG,0.88093899,1.0000,false
V4T005437,339.519845,-22.036303,ELG,0.26825117,1.0000,false
V4T005438,38.523405,-37.335113,ELG,0.27763896,1.0000,false
V4T005439,33.602351,-42.910760,BGS,0.58517490,0.4500,false
V4T005440,34.638335,-59.363569,LRG,0.59793531,1.0000,false
V4T005441,16.260534,-56.491732,BGS,1.26108386,0.4500,false
V4T005442,346.200952,-29.572162,ELG,1.05578595,1.0000,false
V4T005443,352.109116,-39.253178,ELG,0.59620002,1.0000,false
V4T005444,35.305232,-54.933354,ELG,0.61099009,1.0000,false
V4T005445,14.815394,-50.957035,BGS,0.91475021,0.4500,false
V4T005446,352.489393,-39.088451,ELG,0.41931774,1.0000,false
V4T005447,20.538629,-55.209117,ELG,0.74924527,1.0000,false
V4T005448,345.481730,-39.513305,BGS,1.52839993,0.4500,false
V4T005449,350.269004,-23.318358,ELG,0.52777855,1.0000,false
V4T005450,35.067026,-40.398343,ELG,0.48334211,1.0000,false
V4T005451,35.368320,-37.779792,ELG,0.62525977,1.0000,false
V4T005452,30.906637,-43.479641,QSO,0.09849877,1.7000,false
V4T005453,351.824948,-38.706093,ELG,0.64561052,1.0000,false
V4T005454,50.865807,-46.931470,BGS,1.73057287,0.4500,false
V4T005455,29.824939,-46.528673,QSO,0.26430617,1.7000,true
V4T005456,47.761590,-48.626929,Star,5.40139839,0.3000,false
V4T005457,2.515712,-35.098157,ELG,1.20645972,1.0000,true
V4T005458,336.805270,-21.835512,ELG,0.40916848,1.0000,false
V4T005459,33.604419,-47.435774,ELG,0.30489641,1.0000,false
V4T005460,33.272260,-45.440382,QSO,0.19549926,1.7000,false
V4T005461,357.776278,-23.749757,LRG,0.26360929,1.0000,false
V4T005462,22.289991,-42.757044,BGS,1.02295479,0.4500,false
V4T005463,357.128927,-17.194656,ELG,0.33405261,1.0000,false
V4T005464,45.092538,-48.517245,BGS,1.89227944,0.4500,false
V4T005465,348.428427,-33.902409,ELG,1.28444513,1.0000,true
V4T005466,38.309151,-40.656237,ELG,0.77956243,1.0000,false
V4T005467,342.018514,-39.727101,BGS,1.48707363,0.4500,false
V4T005468,357.312695,-23.560398,LRG,0.30430559,1.0000,false
V4T005469,0.670082,-33.687054,LRG,0.29486998,1.0000,false
V4T005470,15.936638,-51.487244,ELG,0.82517240,1.0000,false
V4T005471,45.987760,-49.536680,ELG,0.59592756,1.0000,false
V4T005472,355.159445,-26.436653,LRG,0.39354134,1.0000,false
V4T005473,47.247376,-43.717522,LRG,0.30590926,1.0000,false
V4T005474,1.483965,-32.736878,BGS,1.61225740,0.4500,false
V4T005475,2.528442,-21.262506,QSO,0.17964226,1.7000,false
V4T005476,2.611987,-35.693147,ELG,0.50882797,1.0000,false
V4T005477,35.319355,-38.076461,QSO,0.44208111,1.7000,false
V4T005478,347.124068,-18.403001,BGS,1.38908512,0.4500,false
V4T005479,17.553601,-41.700660,BGS,1.30001795,0.4500,false
V4T005480,28.688853,-47.200178,ELG,0.50222196,1.0000,false
V4T005481,358.620776,-20.546334,BGS,1.81395226,0.4500,false
V4T005482,359.727286,-37.553782,Star,6.88324073,0.3000,false
V4T005483,335.291109,-28.477184,QSO,0.44468447,1.7000,false
V4T005484,344.608954,-40.288843,QSO,0.10856493,1.7000,false
V4T005485,356.929702,-26.092505,ELG,1.02957755,1.0000,false
V4T005486,358.311203,-26.168651,ELG,0.54101048,1.0000,false
V4T005487,343.965791,-17.721369,LRG,0.33060218,1.0000,false
V4T005488,346.679885,-37.951650,BGS,1.67899036,0.4500,false
V4T005489,356.610162,-23.370996,BGS,1.79818891,0.4500,false
V4T005490,33.701581,-39.495461,ELG,0.43645365,1.0000,false
V4T005491,22.612504,-42.501852,BGS,1.84576310,0.4500,false
V4T005492,353.050825,-19.716771,ELG,0.62647753,1.0000,false
V4T005493,341.860936,-17.147734,ELG,0.74172838,1.0000,false
V4T005494,37.162713,-46.478255,ELG,0.89336731,1.0000,false
V4T005495,23.950965,-51.697936,BGS,1.02965084,0.4500,false
V4T005496,21.394054,-59.231805,BGS,1.06889363,0.4500,false
V4T005497,355.516445,-23.399719,BGS,1.02001112,0.4500,false
V4T005498,5.122063,-28.773571,BGS,1.39362462,0.4500,false
V4T005499,24.042910,-40.619317,BGS,1.40226188,0.4500,false
V4T005500,354.668431,-35.840473,ELG,0.81317038,1.0000,false
V4T005501,351.264107,-35.901710,ELG,0.53220894,1.0000,false
V4T005502,1.495860,-20.934729,ELG,0.41752333,1.0000,false
V4T005503,18.339902,-56.726914,QSO,0.67819168,1.7000,false
V4T005504,21.701601,-41.596335,LRG,0.40708608,1.0000,false
V4T005505,344.753977,-18.876542,BGS,0.93070078,0.4500,false
V4T005506,342.397149,-23.146377,BGS,1.98575097,0.4500,false
V4T005507,352.460844,-20.966575,BGS,0.77884015,0.4500,true
V4T005508,351.049688,-38.359544,Star,3.31082428,0.3000,false
V4T005509,345.507837,-40.417946,LRG,0.33030541,1.0000,false
V4T005510,44.945028,-55.035170,BGS,0.77130548,0.4500,false
V4T005511,23.512034,-52.032005,BGS,1.66556028,0.4500,false
V4T005512,338.981566,-29.554442,ELG,0.67876442,1.0000,false
V4T005513,341.332986,-22.005148,Star,5.17925337,0.3000,false
V4T005514,336.919494,-35.790640,LRG,0.44521443,1.0000,false
V4T005515,341.185710,-28.711631,ELG,0.54462629,1.0000,false
V4T005516,35.105344,-55.352665,QSO,0.56943753,1.7000,false
V4T005517,4.524940,-23.824194,BGS,1.44336583,0.4500,false
V4T005518,358.647493,-25.438956,LRG,0.18947982,1.0000,false
V4T005519,355.435380,-23.506147,BGS,1.23280484,0.4500,false
V4T005520,338.277966,-25.616921,BGS,1.51448460,0.4500,false
V4T005521,356.696011,-39.417578,ELG,0.42189839,1.0000,false
V4T005522,339.426723,-31.039350,BGS,1.47102372,0.4500,false
V4T005523,351.978811,-39.081542,LRG,0.37394660,1.0000,false
V4T005524,33.800394,-56.271111,ELG,0.77342870,1.0000,false
V4T005525,356.738805,-27.611117,BGS,1.12185083,0.4500,false
V4T005526,354.528730,-27.879263,ELG,0.60350571,1.0000,false
V4T005527,352.127159,-39.473313,ELG,0.81821143,1.0000,false
V4T005528,353.951504,-39.683450,BGS,1.12511980,0.4500,false
V4T005529,355.653327,-21.044188,QSO,0.30903441,1.7000,false
V4T005530,25.802018,-46.691418,BGS,1.31588296,0.4500,false
V4T005531,43.778882,-48.200862,ELG,0.50329489,1.0000,false
V4T005532,31.288696,-39.679642,BGS,1.25847522,0.4500,false
V4T005533,18.077765,-54.417640,LRG,0.49432348,1.0000,false
V4T005534,31.783390,-43.187807,ELG,0.49131868,1.0000,false
V4T005535,348.388581,-27.620317,QSO,0.23928240,1.7000,false
V4T005536,349.926417,-16.755709,BGS,1.68998424,0.4500,false
V4T005537,340.401940,-23.904902,LRG,0.28711912,1.0000,false
V4T005538,337.051628,-29.027847,Star,5.70610761,0.3000,false
V4T005539,17.884211,-42.520782,BGS,0.94829557,0.4500,false
V4T005540,46.800161,-44.822419,ELG,0.65743998,1.0000,false
V4T005541,25.425479,-47.376262,LRG,0.30800307,1.0000,false
V4T005542,34.379095,-43.725818,ELG,0.26129585,1.0000,false
V4T005543,338.501288,-22.471766,ELG,0.58412503,1.0000,false
V4T005544,30.181373,-39.233655,LRG,0.37977812,1.0000,false
V4T005545,344.842327,-26.748478,QSO,0.35208079,1.7000,false
V4T005546,347.490594,-40.864194,LRG,0.28429785,1.0000,false
V4T005547,49.390173,-48.802738,BGS,1.39115167,0.4500,false
V4T005548,352.408325,-25.060018,ELG,0.64456238,1.0000,false
V4T005549,35.100781,-35.974738,Star,3.46852094,0.3000,false
V4T005550,340.213945,-23.377710,BGS,1.87296539,0.4500,false
V4T005551,357.447697,-18.929619,QSO,0.17481365,1.7000,false
V4T005552,336.484151,-23.996681,ELG,0.45635133,1.0000,false
V4T005553,3.632652,-23.046570,ELG,1.23363632,1.0000,true
V4T005554,35.954350,-41.109766,LRG,0.15415380,1.0000,false
V4T005555,37.164494,-56.441851,ELG,0.39227001,1.0000,false
V4T005556,2.193796,-34.995598,LRG,0.21642338,1.0000,false
V4T005557,29.235334,-37.738763,LRG,0.41758746,1.0000,false
V4T005558,341.065291,-36.141025,BGS,2.65268130,0.4500,false
V4T005559,352.520851,-31.484688,BGS,1.12013111,0.4500,false
V4T005560,339.058647,-22.157186,ELG,0.46273556,1.0000,false
V4T005561,350.142091,-23.483480,QSO,0.15560617,1.7000,false
V4T005562,353.802474,-28.920849,QSO,0.15454550,1.7000,false
V4T005563,352.628534,-40.542864,LRG,0.73342495,1.0000,false
V4T005564,47.668896,-47.914432,QSO,0.23920231,1.7000,true
V4T005565,356.801489,-22.300479,ELG,0.18563088,1.0000,false
V4T005566,356.208713,-23.269654,BGS,0.71673790,0.4500,false
V4T005567,358.172514,-18.274166,QSO,0.14803306,1.7000,false
V4T005568,352.146122,-39.478503,ELG,0.65530421,1.0000,false
V4T005569,31.149140,-43.302762,LRG,0.34379174,1.0000,false
V4T005570,37.599946,-40.850449,ELG,0.35665584,1.0000,false
V4T005571,2.565491,-34.955398,ELG,0.53615842,1.0000,false
V4T005572,35.757353,-37.635193,ELG,0.34584423,1.0000,false
V4T005573,14.238277,-50.197910,QSO,0.16119166,1.7000,false
V4T005574,336.640772,-21.755344,BGS,2.58858088,0.4500,false
V4T005575,344.479787,-25.114522,Star,2.58290233,0.3000,false
V4T005576,338.751317,-37.158353,ELG,0.64731851,1.0000,false
V4T005577,337.073312,-33.300848,BGS,3.03864653,0.4500,false
V4T005578,2.708227,-21.411813,ELG,0.31748503,1.0000,false
V4T005579,359.078350,-18.527115,Star,3.64945602,0.3000,false
V4T005580,350.610269,-32.655048,BGS,1.64834291,0.4500,false
V4T005581,335.688313,-27.117130,ELG,0.71967725,1.0000,false
V4T005582,18.944966,-45.411609,QSO,0.20089244,1.7000,false
V4T005583,29.059726,-49.284368,QSO,0.27956288,1.7000,false
V4T005584,25.737722,-42.913280,Star,3.91551541,0.3000,false
V4T005585,352.853509,-34.933032,QSO,0.09546282,1.7000,false
V4T005586,342.837743,-29.871737,ELG,1.29464783,1.0000,false
V4T005587,4.096274,-26.300446,ELG,0.32529862,1.0000,false
V4T005588,345.796943,-34.785823,BGS,1.50513997,0.4500,false
V4T005589,27.852970,-47.869608,ELG,0.50461863,1.0000,false
V4T005590,21.355149,-52.163214,ELG,0.62615403,1.0000,false
V4T005591,26.097132,-46.765493,BGS,0.73431952,0.4500,false
V4T005592,14.455903,-52.120941,QSO,0.25273953,1.7000,false
V4T005593,338.177929,-22.261752,LRG,0.21936719,1.0000,false
V4T005594,339.692631,-33.337702,LRG,0.28849120,1.0000,false
V4T005595,30.197450,-42.550031,ELG,0.50185075,1.0000,false
V4T005596,2.293872,-35.116585,QSO,0.21448712,1.7000,false
V4T005597,355.433798,-22.745959,ELG,0.89099515,1.0000,false
V4T005598,21.986501,-47.639070,LRG,0.34774518,1.0000,true
V4T005599,2.114369,-34.252182,ELG,0.52085555,1.0000,false
V4T005600,2.347409,-24.321584,BGS,1.37793372,0.4500,true
V4T005601,5.227359,-24.712797,QSO,0.17059048,1.7000,false
V4T005602,26.655693,-41.164355,LRG,0.45838464,1.0000,false
V4T005603,351.940284,-39.311173,ELG,0.54849414,1.0000,false
V4T005604,28.938712,-35.947525,BGS,1.45577258,0.4500,false
V4T005605,22.912434,-42.564871,LRG,0.29892589,1.0000,false
V4T005606,359.231125,-27.086912,QSO,0.22085282,1.7000,false
V4T005607,353.921105,-20.213911,LRG,0.31446402,1.0000,false
V4T005608,342.671709,-36.090788,Star,3.50335341,0.3000,false
V4T005609,339.698359,-29.320463,BGS,1.35073379,0.4500,false
V4T005610,351.362408,-39.526857,LRG,0.27323917,1.0000,false
V4T005611,2.128766,-36.336654,ELG,0.54545672,1.0000,false
V4T005612,353.813017,-19.781649,QSO,0.21066094,1.7000,false
V4T005613,352.215714,-39.990528,ELG,0.53157450,1.0000,false
V4T005614,346.051485,-26.853827,LRG,0.33927671,1.0000,false
V4T005615,41.358009,-47.724491,ELG,0.71225344,1.0000,false
V4T005616,48.294250,-46.189702,BGS,1.34340927,0.4500,false
V4T005617,35.357885,-44.042219,LRG,0.26485298,1.0000,false
V4T005618,2.719166,-21.416300,BGS,1.83118267,0.4500,false
V4T005619,2.199154,-35.721518,BGS,0.95665135,0.4500,false
V4T005620,24.332600,-41.242479,QSO,0.33891932,1.7000,false
V4T005621,352.297884,-39.341959,ELG,0.52574997,1.0000,false
V4T005622,30.888913,-43.606754,LRG,0.42150615,1.0000,false
V4T005623,1.670644,-25.277064,QSO,0.10593305,1.7000,false
V4T005624,49.209760,-54.248048,LRG,0.40812709,1.0000,false
V4T005625,347.590532,-37.479239,BGS,1.01213355,0.4500,false
V4T005626,355.060736,-23.265017,BGS,1.33269975,0.4500,false
V4T005627,3.057672,-22.595970,ELG,0.64538239,1.0000,false
V4T005628,350.163710,-18.091819,ELG,0.42968812,1.0000,false
V4T005629,345.208131,-26.828790,Star,2.95548038,0.3000,false
V4T005630,21.124428,-44.839536,BGS,1.69122530,0.4500,false
V4T005631,354.348826,-25.263701,QSO,0.16263367,1.7000,false
V4T005632,35.145085,-55.034744,QSO,0.20886147,1.7000,false
V4T005633,2.233966,-20.803018,BGS,0.84723890,0.4500,false
V4T005634,41.990996,-40.517880,LRG,0.66466678,1.0000,false
V4T005635,31.476105,-35.703070,BGS,1.83714736,0.4500,false
V4T005636,348.401415,-30.525137,QSO,0.15204822,1.7000,false
V4T005637,337.926411,-21.846018,BGS,1.06655601,0.4500,false
V4T005638,50.285265,-49.798750,LRG,0.56250527,1.0000,false
V4T005639,353.163125,-19.835632,BGS,1.46934092,0.4500,false
V4T005640,23.176070,-56.065404,LRG,0.35342821,1.0000,false
V4T005641,352.812782,-19.874761,QSO,0.19756904,1.7000,false
V4T005642,340.360440,-22.652655,BGS,1.86026284,0.4500,false
V4T005643,43.771623,-40.044670,ELG,1.27766928,1.0000,false
V4T005644,42.279502,-45.476704,BGS,1.34224919,0.4500,false
V4T005645,28.066005,-39.813063,BGS,1.03466784,0.4500,false
V4T005646,346.183104,-25.467386,BGS,1.43799583,0.4500,false
V4T005647,47.218431,-51.123160,ELG,0.95310138,1.0000,false
V4T005648,356.106966,-23.556272,Star,4.40108908,0.3000,false
V4T005649,2.876820,-21.015879,ELG,0.44985518,1.0000,false
V4T005650,344.080944,-36.573311,Star,3.48053853,0.3000,false
V4T005651,345.692257,-29.925320,ELG,0.46485367,1.0000,false
V4T005652,354.812062,-33.551433,LRG,0.19449869,1.0000,false
V4T005653,350.862744,-31.018452,ELG,0.56624045,1.0000,false
V4T005654,353.862580,-24.613883,ELG,0.54938377,1.0000,false
V4T005655,354.614072,-32.225099,BGS,0.70523834,0.4500,false
V4T005656,3.766084,-20.561514,LRG,0.26848996,1.0000,false
V4T005657,0.705844,-17.693930,QSO,0.14295718,1.7000,false
V4T005658,354.163176,-28.719736,Star,4.01625506,0.3000,false
V4T005659,30.898290,-42.973762,QSO,0.41660691,1.7000,false
V4T005660,338.753299,-20.864865,ELG,0.64837788,1.0000,false
V4T005661,344.764017,-28.827885,ELG,0.92661535,1.0000,false
V4T005662,41.642844,-44.296316,ELG,0.77273508,1.0000,false
V4T005663,339.084456,-31.065707,ELG,0.71914874,1.0000,false
V4T005664,34.482577,-55.058195,LRG,0.34777738,1.0000,false
V4T005665,356.119559,-23.689507,ELG,0.52852956,1.0000,false
V4T005666,339.811249,-33.342535,ELG,0.84224102,1.0000,false
V4T005667,337.376420,-28.117428,BGS,0.85721662,0.4500,false
V4T005668,18.227562,-52.017002,QSO,0.19320747,1.7000,false
V4T005669,47.498790,-49.601377,Star,3.62534463,0.3000,false
V4T005670,37.966808,-58.986525,BGS,2.06306258,0.4500,false
V4T005671,352.493196,-35.618559,LRG,0.29900662,1.0000,false
V4T005672,350.555396,-29.626892,LRG,0.43780902,1.0000,false
V4T005673,352.554368,-18.092627,QSO,0.11079301,1.7000,false
V4T005674,40.260827,-56.268614,Star,4.78713984,0.3000,false
V4T005675,2.212427,-20.736900,BGS,1.70961857,0.4500,false
V4T005676,50.481609,-53.851580,BGS,1.50747757,0.4500,false
V4T005677,352.107355,-38.348639,ELG,0.29390280,1.0000,false
V4T005678,356.116939,-19.862682,BGS,1.32127024,0.4500,false
V4T005679,40.495140,-43.661727,ELG,0.46316398,1.0000,false
V4T005680,340.176595,-23.426917,ELG,0.62453454,1.0000,false
V4T005681,345.045643,-31.340338,QSO,0.16226688,1.7000,false
V4T005682,343.089192,-26.161268,QSO,0.14705419,1.7000,false
V4T005683,351.919384,-39.001804,QSO,0.16049636,1.7000,false
V4T005684,351.391177,-38.923901,BGS,0.80105597,0.4500,false
V4T005685,352.613865,-19.916362,BGS,0.99427608,0.4500,false
V4T005686,341.004196,-28.481419,ELG,0.57399023,1.0000,false
V4T005687,49.077157,-53.492842,ELG,0.61100435,1.0000,false
V4T005688,344.800896,-33.481174,LRG,0.48075678,1.0000,false
V4T005689,28.380142,-48.030381,QSO,0.09160197,1.7000,true
V4T005690,35.045159,-39.141222,ELG,0.36692799,1.0000,false
V4T005691,335.640062,-27.083667,ELG,0.20920872,1.0000,false
V4T005692,343.202427,-18.481648,ELG,1.19292048,1.0000,false
V4T005693,42.123480,-49.698089,Star,6.49578125,0.3000,false
V4T005694,35.500929,-56.606713,QSO,0.27783512,1.7000,false
V4T005695,37.388498,-55.232119,ELG,0.86811918,1.0000,false
V4T005696,340.343588,-28.742925,ELG,0.39529136,1.0000,false
V4T005697,351.292246,-40.332165,LRG,0.58261924,1.0000,false
V4T005698,41.510333,-52.663382,QSO,0.17730157,1.7000,false
V4T005699,32.607479,-48.810149,LRG,0.24636492,1.0000,false
V4T005700,339.701696,-24.818387,ELG,0.53070353,1.0000,false
V4T005701,339.730471,-29.963658,ELG,0.28510234,1.0000,false
V4T005702,354.078253,-20.370046,QSO,0.36149371,1.7000,false
V4T005703,351.235958,-40.676918,ELG,0.63128800,1.0000,false
V4T005704,353.866548,-21.526965,ELG,0.87056354,1.0000,false
V4T005705,23.529415,-56.916708,LRG,0.79449468,1.0000,false
V4T005706,335.059268,-30.246794,ELG,0.43830408,1.0000,false
V4T005707,339.182753,-34.667631,QSO,0.18212773,1.7000,false
V4T005708,24.198081,-51.643936,ELG,0.31462670,1.0000,false
V4T005709,352.540100,-26.402612,LRG,0.25474142,1.0000,false
V4T005710,38.424566,-49.549355,BGS,1.21834865,0.4500,false
V4T005711,39.256391,-45.540395,ELG,1.05216174,1.0000,false
V4T005712,29.192434,-43.674476,Star,2.93127202,0.3000,false
V4T005713,2.624968,-34.569888,LRG,0.26671580,1.0000,false
V4T005714,28.558793,-42.459925,QSO,0.45101187,1.7000,true
V4T005715,48.263419,-42.418301,BGS,0.91862682,0.4500,false
V4T005716,352.331065,-39.173959,BGS,2.21032929,0.4500,true
V4T005717,2.730566,-22.939247,LRG,0.20765219,1.0000,false
V4T005718,24.982311,-49.803550,ELG,0.54245663,1.0000,false
V4T005719,352.659614,-29.639332,LRG,0.29184616,1.0000,false
V4T005720,346.072378,-29.826959,ELG,0.70129124,1.0000,false
V4T005721,24.962787,-51.154634,ELG,1.19184752,1.0000,false
V4T005722,350.965384,-25.249568,LRG,0.34371928,1.0000,false
V4T005723,40.746293,-37.320882,ELG,0.57017522,1.0000,false
V4T005724,340.698425,-38.050589,ELG,1.06290861,1.0000,false
V4T005725,356.467055,-16.681407,ELG,0.80435934,1.0000,false
V4T005726,339.190639,-30.914439,BGS,1.17423733,0.4500,false
V4T005727,353.261576,-20.154075,BGS,1.27289572,0.4500,false
V4T005728,356.006156,-31.270677,LRG,0.42697234,1.0000,false
V4T005729,339.607359,-30.955476,QSO,0.52520274,1.7000,false
V4T005730,36.930928,-54.441114,QSO,0.24835756,1.7000,false
V4T005731,2.624172,-25.879833,ELG,0.50363038,1.0000,false
V4T005732,19.509951,-57.936224,ELG,0.58725072,1.0000,false
V4T005733,334.010873,-26.892247,QSO,0.21155505,1.7000,false
V4T005734,357.140596,-23.450093,BGS,1.28664925,0.4500,false
V4T005735,353.281545,-18.942901,ELG,0.96413057,1.0000,false
V4T005736,41.582752,-41.711489,ELG,0.41085741,1.0000,false
V4T005737,27.637948,-50.369740,LRG,0.34174159,1.0000,false
V4T005738,2.666591,-35.292992,LRG,0.38013165,1.0000,false
V4T005739,350.567826,-18.316411,BGS,1.39439481,0.4500,false
V4T005740,45.007272,-44.136056,ELG,0.85418300,1.0000,false
V4T005741,339.487712,-24.375381,QSO,0.17058311,1.7000,false
V4T005742,31.706915,-39.019038,BGS,1.45941729,0.4500,false
V4T005743,23.378634,-45.369926,ELG,0.56704448,1.0000,false
V4T005744,349.843777,-41.260552,Star,3.86580545,0.3000,false
V4T005745,347.204780,-18.514898,ELG,0.51430827,1.0000,false
V4T005746,352.684962,-30.386506,ELG,0.95231706,1.0000,false
V4T005747,19.730221,-46.221440,LRG,0.61522644,1.0000,false
V4T005748,359.804998,-17.180222,Star,6.12623230,0.3000,false
V4T005749,355.323967,-24.100291,BGS,1.22631699,0.4500,false
V4T005750,19.172259,-50.641320,BGS,1.24743302,0.4500,false
V4T005751,338.688311,-22.470904,LRG,0.32588175,1.0000,false
V4T005752,337.608727,-21.742349,ELG,0.43049843,1.0000,false
V4T005753,338.110762,-32.875972,BGS,1.22900447,0.4500,false
V4T005754,345.886728,-29.469838,ELG,0.61155586,1.0000,false
V4T005755,23.434249,-51.395900,LRG,0.57588043,1.0000,false
V4T005756,343.050056,-20.495212,BGS,1.33245533,0.4500,false
V4T005757,30.420802,-36.339686,BGS,1.54287807,0.4500,false
V4T005758,346.681540,-37.878098,ELG,0.95268128,1.0000,false
V4T005759,353.625597,-18.935992,ELG,0.37199520,1.0000,false
V4T005760,356.978303,-25.540225,LRG,0.35389037,1.0000,false
V4T005761,356.600114,-26.980173,ELG,1.07827675,1.0000,false
V4T005762,355.669715,-25.567909,ELG,0.58959195,1.0000,false
V4T005763,31.404610,-36.631661,LRG,0.32354442,1.0000,false
V4T005764,356.104459,-22.298506,QSO,0.12177901,1.7000,false
V4T005765,344.962377,-30.261098,LRG,0.52809596,1.0000,false
V4T005766,349.946122,-35.456921,LRG,0.45125840,1.0000,false
V4T005767,339.546499,-23.744759,ELG,0.87774130,1.0000,false
V4T005768,346.438548,-31.102786,ELG,1.09152796,1.0000,false
V4T005769,356.720161,-16.764644,BGS,0.80780422,0.4500,false
V4T005770,39.317829,-49.012974,QSO,0.13386384,1.7000,false
V4T005771,3.620521,-34.850375,QSO,0.19542996,1.7000,false
V4T005772,350.422010,-16.419273,Star,3.70905944,0.3000,false
V4T005773,23.562486,-56.321800,BGS,1.55590101,0.4500,false
V4T005774,351.160978,-37.753172,LRG,0.18153684,1.0000,false
V4T005775,3.159365,-34.708163,BGS,1.58443629,0.4500,false
V4T005776,37.599683,-56.916002,BGS,0.90927188,0.4500,false
V4T005777,24.618834,-57.888960,ELG,0.76573590,1.0000,false
V4T005778,29.407462,-36.017435,LRG,0.17489901,1.0000,false
V4T005779,341.771996,-37.480556,LRG,0.34190921,1.0000,false
V4T005780,343.396304,-18.275596,LRG,0.28478206,1.0000,false
V4T005781,33.072627,-45.870959,BGS,1.20910996,0.4500,false
V4T005782,351.062650,-28.651595,ELG,0.48154974,1.0000,false
V4T005783,342.457475,-20.766464,ELG,0.29669193,1.0000,false
V4T005784,22.867369,-52.330785,BGS,1.28635712,0.4500,false
V4T005785,338.324151,-29.401689,ELG,0.71803866,1.0000,false
V4T005786,339.049785,-30.700757,ELG,0.37443231,1.0000,false
V4T005787,29.245728,-47.242935,BGS,1.88506818,0.4500,false
V4T005788,351.579691,-26.921952,BGS,1.11231192,0.4500,false
V4T005789,1.338230,-35.364400,ELG,0.69645074,1.0000,false
V4T005790,357.077323,-23.451866,Star,6.91700352,0.3000,false
V4T005791,3.306595,-30.223980,ELG,0.36679355,1.0000,false
V4T005792,22.988974,-51.391709,LRG,0.43994332,1.0000,false
V4T005793,2.780999,-34.561516,QSO,0.36631923,1.7000,false
V4T005794,343.511764,-36.916739,BGS,1.10156143,0.4500,true
V4T005795,337.653840,-22.265586,QSO,0.14683836,1.7000,false
V4T005796,32.394157,-37.182466,LRG,0.25256611,1.0000,false
V4T005797,336.794454,-22.694017,ELG,0.58353089,1.0000,false
V4T005798,355.088698,-31.551579,LRG,0.46645539,1.0000,false
V4T005799,39.672177,-59.965955,LRG,0.32047164,1.0000,false
V4T005800,22.528611,-51.681290,ELG,0.43568924,1.0000,false
V4T005801,342.703698,-36.768371,QSO,0.14989531,1.7000,false
V4T005802,338.446770,-21.397192,BGS,1.41317489,0.4500,false
V4T005803,41.482208,-52.255458,QSO,0.25870399,1.7000,true
V4T005804,31.801349,-48.471454,LRG,0.25692710,1.0000,false
V4T005805,347.822742,-15.089377,BGS,1.19130417,0.4500,false
V4T005806,3.044448,-22.469675,ELG,0.38938809,1.0000,false
V4T005807,3.988984,-24.942564,LRG,0.24936863,1.0000,false
V4T005808,338.353694,-22.920037,ELG,0.56694669,1.0000,false
V4T005809,46.313516,-41.950980,LRG,0.52824421,1.0000,false
V4T005810,347.338417,-25.618530,ELG,0.74448904,1.0000,false
V4T005811,39.885273,-51.665016,BGS,0.92254759,0.4500,true
V4T005812,341.503317,-20.178651,LRG,0.46633262,1.0000,false
V4T005813,342.417448,-33.630321,ELG,0.64385164,1.0000,false
V4T005814,352.916935,-30.590182,QSO,0.44396327,1.7000,false
V4T005815,6.678642,-29.072539,ELG,0.49478522,1.0000,false
V4T005816,346.123052,-25.591345,ELG,0.50936957,1.0000,false
V4T005817,22.964288,-51.557259,BGS,0.83092100,0.4500,false
V4T005818,4.020474,-24.044477,BGS,1.38852822,0.4500,false
V4T005819,356.364298,-23.585917,ELG,0.36519553,1.0000,false
V4T005820,355.826676,-23.882216,Star,3.45603142,0.3000,false
V4T005821,359.537836,-18.468255,BGS,0.87642992,0.4500,false
V4T005822,22.244040,-47.047610,ELG,0.42925803,1.0000,false
V4T005823,40.087929,-47.735135,QSO,0.16721026,1.7000,false
V4T005824,355.014418,-23.456735,LRG,0.60882801,1.0000,false
V4T005825,340.950698,-20.768627,LRG,0.44552457,1.0000,false
V4T005826,21.394031,-50.434247,LRG,0.28896431,1.0000,false
V4T005827,340.849955,-21.424084,QSO,0.52688179,1.7000,false
V4T005828,39.107032,-59.067695,LRG,0.22536792,1.0000,false
V4T005829,17.130388,-51.581217,Star,3.02548884,0.3000,false
V4T005830,50.689292,-48.626564,BGS,1.46882726,0.4500,false
V4T005831,2.414901,-28.368834,BGS,0.69637111,0.4500,false
V4T005832,1.556189,-36.115304,ELG,0.92963189,1.0000,false
V4T005833,344.815199,-30.707257,BGS,1.92592858,0.4500,false
V4T005834,23.460294,-51.283737,BGS,1.50628521,0.4500,false
V4T005835,42.803920,-39.952469,ELG,0.58539225,1.0000,false
V4T005836,348.466377,-16.096717,ELG,0.57185513,1.0000,false
V4T005837,48.818125,-53.050992,BGS,1.18396599,0.4500,false
V4T005838,349.954315,-23.378781,Star,2.50423644,0.3000,false
V4T005839,2.859610,-21.173105,LRG,0.52120904,1.0000,false
V4T005840,343.507387,-21.618210,BGS,1.28804222,0.4500,false
V4T005841,35.527541,-55.874209,LRG,0.30649193,1.0000,false
V4T005842,31.221228,-42.639335,ELG,0.29465752,1.0000,false
V4T005843,2.545041,-35.239956,BGS,1.09189715,0.4500,true
V4T005844,341.867864,-30.583023,QSO,0.11121608,1.7000,false
V4T005845,24.369380,-37.534777,ELG,0.42476591,1.0000,false
V4T005846,2.482554,-21.134755,ELG,0.93094222,1.0000,false
V4T005847,339.462821,-31.180482,Star,2.67116284,0.3000,false
V4T005848,31.469575,-61.002717,LRG,0.33299273,1.0000,false
V4T005849,353.086708,-19.746143,BGS,1.53218792,0.4500,false
V4T005850,36.772373,-55.231596,LRG,0.18328288,1.0000,false
V4T005851,337.898428,-22.315946,QSO,0.16563696,1.7000,false
V4T005852,0.856466,-21.184551,ELG,0.27671336,1.0000,false
V4T005853,355.896592,-23.419296,ELG,0.52161256,1.0000,true
V4T005854,338.608764,-30.336029,BGS,1.57564645,0.4500,false
V4T005855,340.847754,-22.939923,LRG,0.24117899,1.0000,false
V4T005856,16.213332,-48.471675,BGS,2.10677725,0.4500,false
V4T005857,355.474339,-23.260579,BGS,0.94173199,0.4500,false
V4T005858,1.702358,-34.173676,BGS,1.02068723,0.4500,false
V4T005859,358.440585,-18.814066,LRG,0.36007018,1.0000,false
V4T005860,342.298072,-37.001577,QSO,0.27205286,1.7000,false
V4T005861,347.116071,-40.070419,ELG,0.34973050,1.0000,false
V4T005862,17.865892,-45.291049,ELG,0.74753186,1.0000,false
V4T005863,24.030520,-43.366353,BGS,1.59357747,0.4500,false
V4T005864,348.501932,-20.227111,LRG,0.27813430,1.0000,false
V4T005865,340.221122,-23.226742,Star,5.75866543,0.3000,false
V4T005866,349.229588,-32.617300,BGS,1.17051533,0.4500,false
V4T005867,346.674644,-40.641523,QSO,0.16536338,1.7000,false
V4T005868,13.953818,-48.226766,BGS,0.75407335,0.4500,false
V4T005869,352.570782,-33.716612,QSO,0.11476896,1.7000,false
V4T005870,343.044181,-35.710115,LRG,0.36679057,1.0000,false
V4T005871,24.904262,-56.059197,BGS,0.88288541,0.4500,false
V4T005872,338.921040,-31.051942,LRG,0.33995532,1.0000,true
V4T005873,341.451144,-22.370454,ELG,0.45954307,1.0000,false
V4T005874,21.310739,-51.849286,ELG,0.46730969,1.0000,false
V4T005875,32.562006,-44.515387,LRG,0.51115427,1.0000,false
V4T005876,35.966728,-43.051479,BGS,1.34108341,0.4500,false
V4T005877,2.332988,-21.407328,ELG,0.57352718,1.0000,false
V4T005878,334.866449,-35.152104,QSO,0.06399224,1.7000,false
V4T005879,339.625555,-30.647882,LRG,0.22121798,1.0000,true
V4T005880,349.426818,-24.552186,LRG,0.33151290,1.0000,false
V4T005881,339.616382,-22.488523,LRG,0.22578489,1.0000,false
V4T005882,348.321324,-20.144187,LRG,0.22766813,1.0000,false
V4T005883,338.681547,-38.988544,ELG,1.06416513,1.0000,false
V4T005884,337.971657,-21.993309,BGS,1.30780527,0.4500,false
V4T005885,341.489241,-22.142627,BGS,1.61204910,0.4500,false
V4T005886,32.705800,-36.682244,ELG,0.48915620,1.0000,false
V4T005887,1.812669,-20.573305,LRG,0.51226010,1.0000,false
V4T005888,337.058427,-34.375344,Star,5.05653287,0.3000,false
V4T005889,338.409665,-29.489707,LRG,0.43072129,1.0000,false
V4T005890,34.124780,-58.584071,ELG,0.35188548,1.0000,false
V4T005891,37.999910,-56.400322,LRG,0.38934021,1.0000,false
V4T005892,352.211562,-26.442494,BGS,0.86055307,0.4500,false
V4T005893,36.006308,-54.667130,BGS,1.63273334,0.4500,false
V4T005894,0.807514,-32.866913,ELG,0.45974673,1.0000,false
V4T005895,340.118765,-20.560090,Star,4.88482248,0.3000,false
V4T005896,347.972196,-37.616484,QSO,0.17094790,1.7000,false
V4T005897,353.374405,-23.579025,Star,2.31169067,0.3000,false
V4T005898,22.589275,-51.482972,ELG,0.78176093,1.0000,false
V4T005899,338.573336,-21.393836,LRG,0.27260001,1.0000,false
V4T005900,340.128225,-24.022945,LRG,0.25951984,1.0000,false
V4T005901,351.895742,-38.679873,QSO,0.17574200,1.7000,false
V4T005902,359.838611,-18.977958,BGS,1.96041106,0.4500,true
V4T005903,3.773391,-27.986931,BGS,1.40897411,0.4500,false
V4T005904,37.823941,-42.006231,ELG,0.23156356,1.0000,false
V4T005905,345.624389,-30.468216,ELG,0.90986830,1.0000,false
V4T005906,31.176029,-43.020160,LRG,0.28666845,1.0000,false
V4T005907,47.914243,-52.690639,ELG,0.24135063,1.0000,false
V4T005908,37.795445,-40.756467,ELG,0.60848451,1.0000,false
V4T005909,338.195244,-22.079471,Star,4.32293797,0.3000,false
V4T005910,357.554576,-28.711436,BGS,1.37968618,0.4500,false
V4T005911,356.850421,-17.456726,ELG,0.40229020,1.0000,false
V4T005912,354.337679,-37.005283,ELG,0.54219937,1.0000,false
V4T005913,44.983228,-50.646878,Star,3.08316957,0.3000,false
V4T005914,0.895546,-31.605554,BGS,1.46413551,0.4500,false
V4T005915,335.783626,-27.625344,Star,4.01611075,0.3000,false
V4T005916,347.274343,-21.075726,Star,2.64374693,0.3000,false
V4T005917,334.698069,-27.727213,QSO,0.05286035,1.7000,false
V4T005918,338.233481,-20.620988,Star,4.72398835,0.3000,false
V4T005919,358.594056,-38.395909,ELG,0.35969563,1.0000,false
V4T005920,20.314221,-42.754092,ELG,0.35642581,1.0000,false
V4T005921,350.456483,-31.225726,ELG,0.85272366,1.0000,false
V4T005922,35.424611,-42.652381,LRG,0.39308473,1.0000,false
V4T005923,40.539086,-42.497961,ELG,0.47554944,1.0000,false
V4T005924,15.922013,-50.259187,ELG,0.65391985,1.0000,false
V4T005925,334.957057,-25.957986,ELG,0.56489973,1.0000,false
V4T005926,1.392593,-32.732018,QSO,0.17388123,1.7000,false
V4T005927,340.713894,-24.025755,Star,3.65095284,0.3000,false
V4T005928,36.646082,-40.786678,BGS,1.27527516,0.4500,false
V4T005929,348.514194,-30.735908,BGS,0.87152958,0.4500,false
V4T005930,35.715003,-43.116230,ELG,1.13017100,1.0000,false
V4T005931,348.672429,-23.847937,BGS,1.60676122,0.4500,false
V4T005932,350.906414,-29.886592,BGS,0.99973823,0.4500,false
V4T005933,357.214414,-17.126751,BGS,1.21378491,0.4500,false
V4T005934,337.086369,-30.525553,LRG,0.32120580,1.0000,false
V4T005935,2.150375,-33.865769,Star,4.76596502,0.3000,false
V4T005936,348.600650,-14.800981,LRG,0.20595503,1.0000,true
V4T005937,346.494518,-31.078374,BGS,1.46563912,0.4500,false
V4T005938,47.114257,-51.222785,ELG,0.47392557,1.0000,false
V4T005939,359.085859,-35.078677,ELG,0.40332422,1.0000,true
V4T005940,22.749290,-51.022176,QSO,0.09346536,1.7000,false
V4T005941,3.189989,-21.614644,BGS,0.90547328,0.4500,false
V4T005942,349.106776,-39.761690,BGS,1.54946251,0.4500,false
V4T005943,43.359775,-46.098554,BGS,1.13551163,0.4500,true
V4T005944,30.898956,-43.883555,BGS,0.84564632,0.4500,false
V4T005945,341.264761,-23.437880,ELG,0.64977562,1.0000,false
V4T005946,44.138177,-55.784696,QSO,0.19425114,1.7000,false
V4T005947,340.614772,-24.030452,ELG,0.36755996,1.0000,false
V4T005948,345.507815,-30.017747,BGS,0.83041367,0.4500,false
V4T005949,40.176074,-40.461985,ELG,0.66703780,1.0000,false
V4T005950,353.342549,-16.027304,BGS,2.79340305,0.4500,false
V4T005951,37.065434,-56.414270,ELG,0.88018640,1.0000,false
V4T005952,2.073289,-35.039300,ELG,0.82699049,1.0000,false
V4T005953,5.378930,-30.855781,QSO,0.08338890,1.7000,false
V4T005954,350.936432,-29.716307,ELG,0.81944438,1.0000,false
V4T005955,343.006555,-21.667081,ELG,0.50622204,1.0000,false
V4T005956,46.925438,-50.585904,Star,4.22205863,0.3000,false
V4T005957,49.671502,-44.854377,ELG,0.67123053,1.0000,false
V4T005958,349.685067,-20.624543,ELG,0.47585751,1.0000,false
V4T005959,29.055510,-36.175221,QSO,0.19187508,1.7000,true
V4T005960,343.145304,-34.372433,LRG,0.36844567,1.0000,false
V4T005961,340.378401,-19.271374,LRG,0.89605532,1.0000,false
V4T005962,3.980315,-21.758977,ELG,1.05371333,1.0000,false
V4T005963,41.171837,-48.762566,QSO,0.08829083,1.7000,false
V4T005964,2.063896,-36.700524,ELG,0.52025992,1.0000,false
V4T005965,26.658260,-52.973633,LRG,0.37726506,1.0000,false
V4T005966,359.434463,-22.498707,ELG,0.81958662,1.0000,false
V4T005967,349.313419,-39.993147,LRG,0.61883763,1.0000,false
V4T005968,356.814420,-27.153777,QSO,0.10395391,1.7000,false
V4T005969,22.499610,-44.916577,BGS,0.98645515,0.4500,false
V4T005970,34.882747,-42.919183,Star,3.25061893,0.3000,false
V4T005971,30.337237,-44.312033,BGS,2.30922954,0.4500,false
V4T005972,341.354046,-36.004220,BGS,0.87289398,0.4500,false
V4T005973,31.425817,-46.774529,LRG,0.22676321,1.0000,false
V4T005974,3.249931,-35.292723,Star,4.35883077,0.3000,true
V4T005975,5.570810,-30.683287,LRG,0.39368007,1.0000,false
V4T005976,337.285927,-25.293788,QSO,0.14108938,1.7000,false
V4T005977,344.683172,-37.295306,LRG,0.52243545,1.0000,false
V4T005978,20.775992,-42.862756,LRG,0.24729560,1.0000,false
V4T005979,15.109354,-45.924527,BGS,1.54066934,0.4500,false
V4T005980,351.157981,-29.906272,ELG,0.58662514,1.0000,false
V4T005981,359.611426,-19.033377,QSO,0.56692190,1.7000,false
V4T005982,344.325209,-19.672371,BGS,1.72386608,0.4500,false
V4T005983,345.064550,-29.528768,LRG,0.37082011,1.0000,false
V4T005984,357.286176,-19.441925,LRG,0.41091368,1.0000,false
V4T005985,16.689098,-44.818167,QSO,0.18177145,1.7000,false
V4T005986,345.381703,-30.193307,ELG,0.54299844,1.0000,false
V4T005987,345.192015,-29.692791,BGS,1.68060591,0.4500,false
V4T005988,23.230794,-43.902806,QSO,0.24330049,1.7000,false
V4T005989,353.492767,-20.393642,LRG,0.19706597,1.0000,false
V4T005990,24.960735,-48.567197,ELG,0.82945360,1.0000,false
V4T005991,342.900106,-36.319465,ELG,0.40641520,1.0000,false
V4T005992,24.138392,-44.156999,BGS,1.37152775,0.4500,false
V4T005993,42.059332,-48.200622,ELG,1.20335796,1.0000,false
V4T005994,44.302971,-54.239589,LRG,0.19912787,1.0000,false
V4T005995,6.066533,-31.581159,BGS,0.47482462,0.4500,false
V4T005996,355.997496,-23.609588,ELG,0.55670211,1.0000,false
V4T005997,346.340636,-17.196167,BGS,1.36703828,0.4500,false
V4T005998,356.587304,-23.178337,ELG,0.29778629,1.0000,false
V4T005999,345.960049,-36.212639,QSO,0.22539076,1.7000,false
V4T006000,23.358311,-50.618883,LRG,0.17117173,1.0000,false
V4T006001,352.751354,-24.925598,BGS,1.25661043,0.4500,false
V4T006002,349.347122,-24.587305,Star,3.03541872,0.3000,false
V4T006003,349.852678,-37.682251,ELG,0.63100210,1.0000,false
V4T006004,341.222872,-39.874558,ELG,0.33669514,1.0000,false
V4T006005,39.647392,-50.152163,ELG,1.36963174,1.0000,false
V4T006006,20.876195,-45.782086,QSO,0.17832071,1.7000,false
V4T006007,24.859506,-40.774568,ELG,1.53690122,1.0000,false
V4T006008,341.235817,-24.164993,ELG,1.04576819,1.0000,false
V4T006009,23.932722,-51.624140,BGS,1.02456595,0.4500,false
V4T006010,3.180814,-20.884653,LRG,0.41985963,1.0000,false
V4T006011,353.735279,-19.826771,ELG,0.70272340,1.0000,false
V4T006012,341.129859,-40.306629,Star,2.88927513,0.3000,false
V4T006013,3.548982,-21.261762,Star,4.43809442,0.3000,false
V4T006014,356.020736,-21.955565,ELG,0.34642277,1.0000,false
V4T006015,348.004399,-34.028856,LRG,0.37763032,1.0000,false
V4T006016,32.426479,-49.640444,BGS,1.46840171,0.4500,false
V4T006017,1.077004,-23.459584,BGS,1.85925420,0.4500,false
V4T006018,334.496330,-30.753555,ELG,0.70467016,1.0000,false
V4T006019,348.821172,-25.909439,BGS,0.99758790,0.4500,false
V4T006020,2.299401,-35.275806,ELG,0.69401180,1.0000,false
V4T006021,21.581928,-47.276997,ELG,0.32635800,1.0000,false
V4T006022,35.533676,-50.397591,QSO,0.23560892,1.7000,true
V4T006023,338.382061,-30.879205,BGS,0.85447603,0.4500,false
V4T006024,19.735192,-42.374477,ELG,0.65985006,1.0000,false
V4T006025,344.212533,-36.067922,Star,3.98653919,0.3000,false
V4T006026,40.305010,-45.610305,Star,4.63710483,0.3000,false
V4T006027,15.158297,-51.319652,BGS,1.00140074,0.4500,false
V4T006028,13.614812,-48.029870,Star,4.07100942,0.3000,false
V4T006029,30.095009,-42.504350,ELG,0.54708552,1.0000,false
V4T006030,23.325625,-59.933378,BGS,0.89431012,0.4500,false
V4T006031,337.999300,-30.642360,ELG,0.94644699,1.0000,false
V4T006032,346.000963,-29.575056,BGS,1.06089478,0.4500,false
V4T006033,355.899515,-22.041778,QSO,0.18202356,1.7000,false
V4T006034,357.716391,-28.434324,QSO,0.46681742,1.7000,false
V4T006035,352.309131,-32.531128,LRG,0.68388839,1.0000,false
V4T006036,347.044986,-34.568988,LRG,0.42961991,1.0000,false
V4T006037,25.239171,-45.682466,ELG,0.46296876,1.0000,false
V4T006038,33.621953,-58.205452,ELG,0.72673587,1.0000,false
V4T006039,348.221647,-22.827566,ELG,0.32769370,1.0000,false
V4T006040,358.440807,-19.063978,LRG,0.29692262,1.0000,false
V4T006041,42.163195,-48.583475,ELG,0.85405892,1.0000,false
V4T006042,347.006499,-35.693482,Star,3.53979040,0.3000,false
V4T006043,24.128283,-39.431448,LRG,0.29560549,1.0000,false
V4T006044,42.024074,-38.315120,LRG,0.54039209,1.0000,false
V4T006045,50.677013,-48.467178,QSO,0.28498362,1.7000,false
V4T006046,36.996255,-49.612110,QSO,0.11812266,1.7000,true
V4T006047,22.781996,-44.453909,BGS,1.49355595,0.4500,false
V4T006048,46.278774,-40.820879,ELG,0.54661427,1.0000,false
V4T006049,353.089029,-25.011248,LRG,0.25784863,1.0000,false
V4T006050,356.397612,-24.132680,LRG,0.28867766,1.0000,false
V4T006051,358.552223,-20.667691,QSO,0.08244061,1.7000,false
V4T006052,43.824655,-39.900314,Star,2.88746058,0.3000,false
V4T006053,354.461969,-31.173595,QSO,0.15119364,1.7000,false
V4T006054,38.393374,-41.741157,QSO,0.27503289,1.7000,false
V4T006055,334.389521,-27.630320,BGS,0.71327262,0.4500,false
V4T006056,0.363729,-31.970895,LRG,0.34347178,1.0000,false
V4T006057,47.462533,-43.035610,BGS,1.45252764,0.4500,false
V4T006058,342.421184,-16.531509,BGS,0.93678812,0.4500,false
V4T006059,355.438706,-27.614924,ELG,0.64152963,1.0000,false
V4T006060,348.755423,-19.052391,BGS,0.83343014,0.4500,false
V4T006061,37.924254,-45.252981,ELG,1.02399538,1.0000,false
V4T006062,49.318378,-50.896270,ELG,0.54622852,1.0000,false
V4T006063,348.906212,-36.402733,BGS,0.83186118,0.4500,false
V4T006064,353.139756,-15.797104,ELG,0.60498346,1.0000,false
V4T006065,353.482269,-19.278107,ELG,0.50182133,1.0000,false
V4T006066,350.662235,-25.258769,BGS,1.12744409,0.4500,false
V4T006067,37.525672,-42.556796,LRG,0.25050938,1.0000,false
V4T006068,3.664320,-25.881046,ELG,0.46624355,1.0000,false
V4T006069,3.052180,-34.395311,QSO,0.22359289,1.7000,false
V4T006070,37.597905,-54.523548,ELG,1.00484357,1.0000,false
V4T006071,356.249265,-23.963540,LRG,0.32587798,1.0000,false
V4T006072,25.794195,-48.139795,ELG,0.40454793,1.0000,false
V4T006073,351.656341,-20.486578,ELG,0.53529261,1.0000,false
V4T006074,354.603835,-24.980462,ELG,0.95543846,1.0000,false
V4T006075,338.055674,-21.552371,LRG,0.37180836,1.0000,false
V4T006076,16.792278,-49.768247,Star,2.92518869,0.3000,false
V4T006077,350.675336,-35.592825,ELG,0.52312798,1.0000,false
V4T006078,351.079800,-28.938477,LRG,0.25790384,1.0000,false
V4T006079,345.602877,-30.184629,LRG,0.59997075,1.0000,false
V4T006080,31.307435,-43.335923,ELG,0.53719515,1.0000,false
V4T006081,35.803465,-46.431471,BGS,1.08161212,0.4500,false
V4T006082,343.905593,-24.118581,ELG,0.62003789,1.0000,false
V4T006083,338.203221,-20.853386,ELG,0.64438479,1.0000,false
V4T006084,346.434100,-30.230717,LRG,0.30129303,1.0000,false
V4T006085,349.683001,-29.742225,ELG,0.87466509,1.0000,false
V4T006086,351.955527,-22.180169,LRG,0.43388578,1.0000,false
V4T006087,28.949856,-40.836430,BGS,1.32496731,0.4500,false
V4T006088,346.581613,-33.712367,LRG,0.29908960,1.0000,false
V4T006089,30.830718,-42.919786,ELG,0.91479406,1.0000,false
V4T006090,30.891051,-43.382732,ELG,0.74664436,1.0000,false
V4T006091,28.706744,-36.935059,ELG,0.94316494,1.0000,false
V4T006092,355.488600,-23.601687,ELG,0.71473429,1.0000,false
V4T006093,337.799836,-32.124162,LRG,0.31885501,1.0000,false
V4T006094,338.742755,-21.271594,ELG,0.49192748,1.0000,false
V4T006095,359.047828,-29.758815,QSO,0.10467894,1.7000,false
V4T006096,358.566951,-36.066394,QSO,0.10103243,1.7000,false
V4T006097,24.681789,-38.768532,LRG,0.14526827,1.0000,false
V4T006098,39.606747,-39.154396,ELG,0.69540295,1.0000,false
V4T006099,338.457095,-22.047168,ELG,0.86450372,1.0000,false
V4T006100,22.876145,-51.414722,BGS,0.91450288,0.4500,false
V4T006101,47.441710,-48.280230,ELG,0.50773065,1.0000,false
V4T006102,22.705090,-51.053800,QSO,0.30352613,1.7000,false
V4T006103,356.942510,-17.875003,BGS,1.15247606,0.4500,false
V4T006104,29.176245,-51.663386,LRG,0.29705408,1.0000,false
V4T006105,342.834729,-37.323310,ELG,0.29921333,1.0000,false
V4T006106,347.782521,-26.452404,BGS,1.07521370,0.4500,false
V4T006107,349.363119,-31.540248,ELG,0.48842888,1.0000,false
V4T006108,357.451284,-28.997125,BGS,1.09158429,0.4500,false
V4T006109,38.357646,-53.776195,BGS,1.63150824,0.4500,true
V4T006110,4.942747,-32.070047,BGS,1.54295458,0.4500,false
V4T006111,1.816739,-35.724586,ELG,0.82335168,1.0000,false
V4T006112,345.022940,-30.388429,BGS,0.80601304,0.4500,false
V4T006113,22.648467,-51.539667,LRG,0.58284471,1.0000,false
V4T006114,344.159922,-16.980771,ELG,0.46161349,1.0000,false
V4T006115,39.061734,-40.202445,Star,4.14238629,0.3000,false
V4T006116,359.301455,-18.902986,LRG,0.52818044,1.0000,false
V4T006117,352.066160,-19.687486,ELG,0.41755331,1.0000,true
V4T006118,39.726635,-40.479144,QSO,0.26602878,1.7000,false
V4T006119,4.620709,-24.408136,ELG,0.86107267,1.0000,false
V4T006120,357.435434,-16.179982,BGS,2.00768884,0.4500,false
V4T006121,34.837007,-55.569325,ELG,0.95079137,1.0000,false
V4T006122,354.405534,-20.208704,ELG,0.92571670,1.0000,false
V4T006123,28.536156,-43.258196,BGS,1.38943314,0.4500,false
V4T006124,339.083465,-33.538475,BGS,0.70082604,0.4500,false
V4T006125,337.551955,-34.949719,QSO,0.10969087,1.7000,false
V4T006126,345.602165,-36.878769,ELG,0.33181421,1.0000,false
V4T006127,2.752312,-35.568417,ELG,0.36808079,1.0000,false
V4T006128,340.742434,-23.345625,LRG,0.27230795,1.0000,false
V4T006129,337.316672,-29.837594,BGS,1.02391882,0.4500,false
V4T006130,354.472457,-17.550901,BGS,1.32966516,0.4500,false
V4T006131,1.883528,-35.838226,ELG,0.69667583,1.0000,false
V4T006132,29.856929,-48.836709,ELG,0.45967562,1.0000,false
V4T006133,33.358443,-56.202864,QSO,0.08667344,1.7000,false
V4T006134,344.111332,-17.909360,ELG,0.38694321,1.0000,false
V4T006135,341.689609,-26.370157,BGS,1.18536181,0.4500,false
V4T006136,341.768337,-20.765870,LRG,0.33752762,1.0000,false
V4T006137,338.942062,-19.597838,QSO,0.18533014,1.7000,false
V4T006138,28.604165,-41.418277,Star,4.94493349,0.3000,false
V4T006139,345.485130,-29.334276,QSO,0.11433141,1.7000,false
V4T006140,47.894568,-48.386638,QSO,0.13840353,1.7000,false
V4T006141,338.449295,-22.196832,LRG,0.54442476,1.0000,false
V4T006142,43.082481,-48.381189,LRG,0.21043035,1.0000,false
V4T006143,343.105504,-40.680305,QSO,0.33083936,1.7000,false
V4T006144,348.549762,-38.792186,ELG,0.47818739,1.0000,false
V4T006145,347.567302,-20.646076,LRG,0.37262077,1.0000,false
V4T006146,36.148628,-42.969802,QSO,0.30815165,1.7000,false
V4T006147,340.077143,-29.998653,Star,3.85332046,0.3000,false
V4T006148,349.227908,-28.226700,BGS,1.06060848,0.4500,false
V4T006149,2.024740,-35.033636,LRG,0.35436592,1.0000,false
V4T006150,46.417972,-44.296313,ELG,0.59060665,1.0000,false
V4T006151,347.862742,-22.021185,LRG,0.28640051,1.0000,false
V4T006152,1.330318,-19.587645,Star,4.42889172,0.3000,false
V4T006153,31.897962,-45.889562,LRG,0.35774721,1.0000,false
V4T006154,349.344590,-24.668498,BGS,1.51798263,0.4500,false
V4T006155,354.098147,-38.438038,BGS,0.94595707,0.4500,false
V4T006156,341.744787,-39.903092,QSO,0.32626887,1.7000,false
V4T006157,337.424070,-30.812062,BGS,0.99399686,0.4500,false
V4T006158,346.769344,-26.244998,LRG,0.38934990,1.0000,false
V4T006159,351.047494,-38.340306,QSO,0.21967463,1.7000,false
V4T006160,43.945505,-41.130574,QSO,0.15624855,1.7000,false
V4T006161,346.990608,-35.675303,BGS,1.06178713,0.4500,false
V4T006162,343.717693,-22.755389,ELG,0.51939638,1.0000,false
V4T006163,347.600661,-40.312803,BGS,1.12710047,0.4500,false
V4T006164,355.447228,-23.169606,QSO,0.09206754,1.7000,false
V4T006165,349.718911,-23.427633,LRG,0.43832291,1.0000,false
V4T006166,28.336808,-46.783945,BGS,1.07480620,0.4500,false
V4T006167,338.011913,-21.936284,ELG,0.72173568,1.0000,true
V4T006168,357.991770,-33.581565,LRG,0.53653168,1.0000,false
V4T006169,28.002479,-60.802908,ELG,0.98465566,1.0000,false
V4T006170,357.309675,-32.776299,ELG,0.58672046,1.0000,false
V4T006171,345.371180,-30.037349,QSO,0.15277358,1.7000,false
V4T006172,49.490027,-54.011733,Star,4.12069335,0.3000,false
V4T006173,336.022014,-26.374881,ELG,0.58682183,1.0000,false
V4T006174,345.887604,-16.740681,QSO,0.19724427,1.7000,false
V4T006175,351.594285,-31.159129,BGS,1.27882808,0.4500,false
V4T006176,345.863894,-30.555079,BGS,0.81883830,0.4500,false
V4T006177,346.043663,-35.318654,BGS,0.97706763,0.4500,false
V4T006178,345.412892,-22.819977,LRG,0.50803667,1.0000,false
V4T006179,340.350573,-24.824333,ELG,0.49490957,1.0000,false
V4T006180,357.172409,-22.791037,LRG,0.25078455,1.0000,false
V4T006181,20.150702,-45.224233,BGS,1.81026841,0.4500,false
V4T006182,355.899719,-23.201491,ELG,0.55064478,1.0000,false
V4T006183,23.836362,-52.740857,LRG,0.39065540,1.0000,false
V4T006184,1.399396,-30.721579,Star,3.00049778,0.3000,false
V4T006185,347.356046,-17.588660,Star,4.13306557,0.3000,false
V4T006186,43.301682,-38.418261,QSO,0.14533359,1.7000,false
V4T006187,352.322112,-19.816902,ELG,0.97660745,1.0000,false
V4T006188,359.278609,-38.353482,QSO,0.35345805,1.7000,false
V4T006189,24.949483,-57.958462,LRG,0.19501971,1.0000,false
V4T006190,16.383250,-43.980113,LRG,0.47974695,1.0000,false
V4T006191,343.593823,-36.009219,QSO,0.09278649,1.7000,false
V4T006192,349.795135,-26.699596,LRG,0.29166765,1.0000,false
V4T006193,32.075227,-44.285580,ELG,0.76803297,1.0000,false
V4T006194,348.099958,-34.146908,ELG,1.15761119,1.0000,false
V4T006195,31.340965,-43.091469,BGS,1.29145650,0.4500,false
V4T006196,19.684587,-43.388168,Star,3.51686045,0.3000,false
V4T006197,2.133206,-35.020474,QSO,0.24698876,1.7000,false
V4T006198,51.248539,-48.685263,BGS,1.03103078,0.4500,false
V4T006199,349.719039,-17.004737,LRG,0.21973469,1.0000,false
V4T006200,23.907740,-41.484629,QSO,0.12382028,1.7000,false
V4T006201,48.750724,-51.380455,ELG,1.44347949,1.0000,false
V4T006202,342.848545,-36.280332,ELG,0.33349888,1.0000,false
V4T006203,29.087658,-59.242657,LRG,0.37294952,1.0000,false
V4T006204,48.486380,-51.874680,LRG,0.26776106,1.0000,false
V4T006205,44.392390,-55.735852,ELG,1.17925015,1.0000,false
V4T006206,25.477726,-55.156908,ELG,0.47653286,1.0000,false
V4T006207,351.618428,-23.764456,LRG,0.36565056,1.0000,false
V4T006208,352.978167,-19.651934,ELG,0.33224108,1.0000,false
V4T006209,29.058350,-45.122222,ELG,0.44980975,1.0000,false
V4T006210,357.950110,-19.731192,QSO,0.20646543,1.7000,false
V4T006211,32.630105,-45.164002,ELG,0.63466882,1.0000,false
V4T006212,350.821898,-17.508934,BGS,1.09772975,0.4500,false
V4T006213,338.909542,-38.991749,QSO,0.21666353,1.7000,false
V4T006214,344.403916,-30.258514,LRG,0.45119950,1.0000,false
V4T006215,358.597839,-23.731813,LRG,0.62535782,1.0000,false
V4T006216,355.703176,-24.275116,ELG,0.27764544,1.0000,false
V4T006217,359.134907,-18.853071,ELG,0.34186362,1.0000,true
V4T006218,42.534366,-49.073375,QSO,0.08990505,1.7000,false
V4T006219,31.882762,-42.426809,BGS,0.80216909,0.4500,false
V4T006220,34.472550,-54.636873,LRG,0.38530855,1.0000,false
V4T006221,1.601195,-25.482859,Star,3.02698854,0.3000,false
V4T006222,35.868613,-39.083361,ELG,0.48699573,1.0000,false
V4T006223,354.990206,-37.819386,ELG,1.60665282,1.0000,false
V4T006224,358.549235,-25.188461,BGS,1.75324715,0.4500,false
V4T006225,22.395728,-54.851868,ELG,0.42481290,1.0000,false
V4T006226,355.845652,-23.103846,LRG,0.36868807,1.0000,false
V4T006227,39.945637,-47.446520,ELG,0.51106126,1.0000,false
V4T006228,342.774173,-36.619251,Star,5.40465675,0.3000,false
V4T006229,21.670665,-52.236739,BGS,1.24085677,0.4500,false
V4T006230,358.462093,-22.182469,QSO,0.06282471,1.7000,false
V4T006231,23.925562,-51.057606,LRG,0.17910087,1.0000,false
V4T006232,334.864556,-28.258842,BGS,1.32439812,0.4500,false
V4T006233,351.422748,-38.641235,ELG,0.27715333,1.0000,false
V4T006234,37.157129,-36.833382,LRG,0.27394417,1.0000,false
V4T006235,345.683312,-29.792859,LRG,0.62449220,1.0000,false
V4T006236,343.898646,-16.710549,QSO,0.19606648,1.7000,false
V4T006237,346.236957,-26.084782,ELG,1.67545533,1.0000,true
V4T006238,351.531934,-17.164037,BGS,0.90698287,0.4500,false
V4T006239,2.749947,-21.384592,LRG,0.46448748,1.0000,false
V4T006240,342.691763,-16.924238,BGS,1.16399059,0.4500,false
V4T006241,350.900216,-39.082844,BGS,1.64347892,0.4500,false
V4T006242,351.349281,-24.897983,QSO,0.20722522,1.7000,true
V4T006243,28.940912,-41.128844,BGS,1.02931831,0.4500,false
V4T006244,23.532705,-50.824030,ELG,0.41037414,1.0000,false
V4T006245,21.426408,-47.510160,BGS,1.57245195,0.4500,false
V4T006246,19.597219,-53.311421,ELG,0.63796400,1.0000,false
V4T006247,48.314757,-54.538787,ELG,0.81240497,1.0000,false
V4T006248,340.514078,-23.711556,Star,4.72732038,0.3000,false
V4T006249,2.808009,-35.712149,ELG,0.67773389,1.0000,false
V4T006250,337.815502,-21.807965,LRG,0.39395415,1.0000,false
V4T006251,3.284922,-22.396804,LRG,0.33522901,1.0000,false
V4T006252,23.268008,-51.334999,ELG,0.75118320,1.0000,false
V4T006253,339.210774,-21.466131,LRG,0.39280931,1.0000,false
V4T006254,346.690635,-26.872778,BGS,1.74704712,0.4500,false
V4T006255,24.440576,-44.066169,ELG,0.99267963,1.0000,false
V4T006256,348.107374,-24.992990,BGS,0.78459881,0.4500,false
V4T006257,348.725746,-37.963159,ELG,0.40160632,1.0000,false
V4T006258,353.821166,-18.626382,ELG,0.60446615,1.0000,false
V4T006259,356.844135,-31.844256,ELG,0.60866526,1.0000,false
V4T006260,24.840397,-46.835133,Star,3.22380341,0.3000,false
V4T006261,24.785421,-58.166777,BGS,1.30992683,0.4500,false
V4T006262,338.517348,-30.384784,BGS,1.18806062,0.4500,false
V4T006263,353.793352,-20.304771,LRG,0.37337381,1.0000,false
V4T006264,47.642983,-44.361412,QSO,0.18308864,1.7000,false
V4T006265,344.028967,-31.504728,BGS,0.76526125,0.4500,false
V4T006266,30.420238,-42.890821,ELG,0.30079173,1.0000,false
V4T006267,351.680104,-39.400128,ELG,0.51716670,1.0000,false
V4T006268,358.191399,-18.333538,QSO,0.07269865,1.7000,false
V4T006269,356.184510,-23.722787,BGS,1.80486191,0.4500,false
V4T006270,37.280888,-38.101217,BGS,1.41771932,0.4500,false
V4T006271,349.719791,-15.216046,QSO,0.23553731,1.7000,false
V4T006272,345.196467,-32.309302,ELG,0.75820312,1.0000,false
V4T006273,359.258116,-28.741785,ELG,0.34851815,1.0000,false
V4T006274,340.761458,-23.932017,LRG,0.31418125,1.0000,false
V4T006275,358.875277,-18.240987,LRG,0.52849613,1.0000,false
V4T006276,31.413868,-43.506082,BGS,1.45192457,0.4500,false
V4T006277,357.490827,-20.667415,LRG,0.39077101,1.0000,false
V4T006278,340.798281,-33.938246,ELG,0.37379779,1.0000,false
V4T006279,32.859603,-54.609038,BGS,1.15483417,0.4500,false
V4T006280,349.794714,-14.865404,BGS,1.95285250,0.4500,false
V4T006281,339.702040,-30.677637,ELG,0.43993905,1.0000,false
V4T006282,337.696570,-31.122853,LRG,0.41036451,1.0000,false
V4T006283,30.011193,-42.578690,LRG,0.35985961,1.0000,false
V4T006284,339.980930,-22.018284,Star,4.09019742,0.3000,false
V4T006285,22.178696,-49.222829,ELG,0.69998415,1.0000,false
V4T006286,359.200122,-25.039133,ELG,0.40607821,1.0000,false
V4T006287,353.023332,-25.518350,BGS,0.88765026,0.4500,false
V4T006288,355.790405,-33.578016,QSO,0.08911643,1.7000,false
V4T006289,356.661114,-23.829710,BGS,1.64191484,0.4500,false
V4T006290,359.137572,-32.847071,ELG,0.37866139,1.0000,false
V4T006291,4.891855,-23.843556,ELG,0.46814315,1.0000,false
V4T006292,350.911312,-39.214844,QSO,0.12783339,1.7000,false
V4T006293,30.957325,-42.621923,BGS,1.52672877,0.4500,false
V4T006294,346.072305,-29.989330,QSO,0.13006176,1.7000,false
V4T006295,35.953546,-54.965054,BGS,0.92125228,0.4500,true
V4T006296,2.804253,-35.068648,BGS,0.80632047,0.4500,false
V4T006297,42.358291,-39.575378,Star,4.32115641,0.3000,false
V4T006298,29.079259,-46.744407,BGS,1.62660786,0.4500,false
V4T006299,352.589945,-25.268502,QSO,0.10861895,1.7000,false
V4T006300,22.504202,-52.008734,ELG,0.62852763,1.0000,false
V4T006301,356.741382,-24.134681,ELG,0.51738303,1.0000,false
V4T006302,30.439422,-42.873673,ELG,0.42728446,1.0000,false
V4T006303,349.645305,-22.392746,BGS,1.07482894,0.4500,false
V4T006304,2.282634,-23.453221,BGS,1.46127112,0.4500,false
V4T006305,35.569095,-55.884101,ELG,0.67375083,1.0000,false
V4T006306,35.443388,-56.145892,BGS,1.43121155,0.4500,false
V4T006307,355.931716,-18.639755,LRG,0.57693967,1.0000,false
V4T006308,349.679272,-25.748691,ELG,0.49513206,1.0000,false
V4T006309,348.084770,-35.917842,ELG,0.68706951,1.0000,false
V4T006310,346.661826,-16.344565,BGS,1.70134970,0.4500,true
V4T006311,335.896800,-35.066798,ELG,0.55501287,1.0000,false
V4T006312,357.549687,-34.650414,ELG,0.24623638,1.0000,false
V4T006313,357.550228,-35.256234,ELG,0.57294334,1.0000,true
V4T006314,41.286787,-56.390798,QSO,0.14181524,1.7000,false
V4T006315,338.534673,-30.386102,ELG,0.56965272,1.0000,false
V4T006316,44.069396,-40.548348,ELG,1.08617346,1.0000,false
V4T006317,44.129967,-43.048430,QSO,0.22066428,1.7000,false
V4T006318,351.081566,-15.619811,ELG,0.75909545,1.0000,true
V4T006319,352.380113,-26.844212,LRG,0.24757522,1.0000,false
V4T006320,30.434370,-60.265992,ELG,0.42755661,1.0000,false
V4T006321,336.776596,-37.165214,BGS,0.95754571,0.4500,false
V4T006322,21.074268,-51.839202,BGS,1.61392631,0.4500,false
V4T006323,339.378272,-21.474747,ELG,0.29311244,1.0000,true
V4T006324,342.549589,-36.019609,QSO,0.41416494,1.7000,false
V4T006325,2.771477,-21.536289,Star,3.98422961,0.3000,false
V4T006326,25.060357,-37.686118,QSO,0.13987680,1.7000,false
V4T006327,0.524241,-24.381581,QSO,0.13447728,1.7000,false
V4T006328,3.084205,-22.389357,Star,2.75967273,0.3000,false
V4T006329,355.277723,-24.991422,BGS,1.03548765,0.4500,false
V4T006330,29.858688,-43.156497,BGS,1.69529233,0.4500,false
V4T006331,338.100040,-22.085479,BGS,1.42165031,0.4500,false
V4T006332,359.654079,-20.197867,BGS,0.97005628,0.4500,false
V4T006333,354.976646,-32.838880,QSO,0.33695258,1.7000,false
V4T006334,36.528602,-55.209185,BGS,1.73341896,0.4500,true
V4T006335,339.826897,-30.672955,ELG,0.72128085,1.0000,false
V4T006336,351.527354,-19.172713,ELG,0.61979319,1.0000,false
V4T006337,353.139598,-19.927143,ELG,1.13981415,1.0000,false
V4T006338,354.148388,-22.862079,ELG,0.70190253,1.0000,false
V4T006339,34.859674,-55.206843,QSO,0.13578276,1.7000,false
V4T006340,41.837475,-41.695575,ELG,0.32725341,1.0000,false
V4T006341,39.497492,-38.704086,QSO,0.11342002,1.7000,false
V4T006342,37.473553,-54.839473,Star,4.77594108,0.3000,false
V4T006343,358.646590,-23.496062,Star,6.14222515,0.3000,false
V4T006344,338.483676,-21.739598,ELG,0.51397840,1.0000,false
V4T006345,352.455905,-39.226048,LRG,0.41826620,1.0000,false
V4T006346,39.764985,-46.773079,BGS,1.01101681,0.4500,false
V4T006347,356.099251,-16.109101,Star,4.80058973,0.3000,false
V4T006348,352.533900,-27.522742,ELG,0.50536859,1.0000,false
V4T006349,358.613578,-33.921155,ELG,0.30505501,1.0000,true
V4T006350,2.443059,-21.189197,QSO,0.34631349,1.7000,false
V4T006351,25.598755,-46.474545,ELG,0.62253628,1.0000,false
V4T006352,350.062592,-17.535021,ELG,0.89048162,1.0000,false
V4T006353,339.335069,-30.725481,ELG,0.77761046,1.0000,false
V4T006354,335.282049,-30.862234,ELG,0.29761483,1.0000,false
V4T006355,39.664783,-44.028489,ELG,0.53425125,1.0000,false
V4T006356,358.604714,-18.916646,Star,3.01673270,0.3000,false
V4T006357,338.841482,-29.879640,BGS,1.42302637,0.4500,false
V4T006358,31.036718,-44.479865,Star,4.65066131,0.3000,false
V4T006359,338.549827,-21.352358,LRG,0.36623803,1.0000,false
V4T006360,5.324470,-23.931254,BGS,0.80307779,0.4500,false
V4T006361,337.644259,-35.957938,LRG,1.05977844,1.0000,false
V4T006362,339.718811,-29.522655,QSO,0.05915721,1.7000,false
V4T006363,28.763151,-39.889464,QSO,0.17498847,1.7000,false
V4T006364,29.179599,-39.237961,LRG,0.37979560,1.0000,false
V4T006365,355.300320,-29.108417,LRG,0.36512983,1.0000,false
V4T006366,35.584265,-56.073463,Star,5.20400064,0.3000,false
V4T006367,354.164903,-24.257227,ELG,0.33144603,1.0000,false
V4T006368,340.968291,-24.246993,LRG,0.34948670,1.0000,false
V4T006369,21.805904,-45.372067,ELG,0.50041879,1.0000,false
V4T006370,0.212785,-37.327223,ELG,0.65423921,1.0000,false
V4T006371,355.703061,-36.330396,ELG,0.53721198,1.0000,false
V4T006372,35.388832,-59.407637,LRG,0.37236065,1.0000,false
V4T006373,345.247989,-29.626025,BGS,0.88978224,0.4500,false
V4T006374,353.705685,-19.277708,LRG,0.37011589,1.0000,false
V4T006375,19.078042,-56.376186,ELG,0.32951099,1.0000,false
V4T006376,356.619553,-23.044166,ELG,0.36639767,1.0000,false
V4T006377,20.614116,-53.643601,LRG,0.19589846,1.0000,false
V4T006378,351.678792,-36.618136,BGS,1.63413749,0.4500,false
V4T006379,343.319872,-24.638837,BGS,1.38345253,0.4500,false
V4T006380,346.565843,-29.991474,ELG,1.43578152,1.0000,false
V4T006381,340.866964,-23.821321,BGS,1.07829872,0.4500,false
V4T006382,40.138297,-40.971339,BGS,0.99242527,0.4500,false
V4T006383,19.296989,-42.103002,ELG,0.25502857,1.0000,false
V4T006384,353.071537,-28.002035,ELG,1.00611867,1.0000,false
V4T006385,350.922181,-38.924130,ELG,0.55701844,1.0000,false
V4T006386,5.924162,-29.073168,ELG,0.38400308,1.0000,false
V4T006387,20.296235,-39.982401,LRG,0.38531562,1.0000,false
V4T006388,42.986000,-47.787301,ELG,0.79284163,1.0000,false
V4T006389,343.641924,-36.836075,ELG,0.48061530,1.0000,false
V4T006390,35.385140,-55.604012,ELG,0.57877247,1.0000,false
V4T006391,343.640127,-21.182532,ELG,0.36809272,1.0000,false
V4T006392,30.320470,-53.367912,BGS,1.10597304,0.4500,false
V4T006393,1.649756,-21.698972,ELG,0.41832253,1.0000,false
V4T006394,43.430593,-53.659675,ELG,0.85472857,1.0000,false
V4T006395,46.958272,-56.317451,ELG,0.51652812,1.0000,false
V4T006396,36.513617,-60.767267,Star,3.28580395,0.3000,false
V4T006397,347.215858,-28.071899,Star,4.36373535,0.3000,false
V4T006398,338.029303,-21.423514,ELG,0.79537731,1.0000,false
V4T006399,2.334861,-35.291544,ELG,0.42997674,1.0000,false
V4T006400,343.531944,-36.219041,BGS,1.29864900,0.4500,true
V4T006401,351.444168,-39.316346,Star,3.88159723,0.3000,true
V4T006402,344.452016,-34.597996,ELG,0.57602877,1.0000,false
V4T006403,357.702286,-29.912912,BGS,1.39652094,0.4500,false
V4T006404,4.697188,-23.649966,Star,3.58072908,0.3000,false
V4T006405,30.127576,-43.092138,BGS,1.15649922,0.4500,false
V4T006406,357.262155,-34.564796,BGS,1.04665529,0.4500,false
V4T006407,48.799937,-50.840307,ELG,0.37561745,1.0000,false
V4T006408,19.262969,-47.075047,LRG,0.39933214,1.0000,false
V4T006409,34.200536,-40.095049,ELG,0.32488783,1.0000,false
V4T006410,24.989533,-44.710704,LRG,0.36254665,1.0000,false
V4T006411,5.235221,-27.409889,ELG,0.72704063,1.0000,false
V4T006412,20.552441,-52.720520,ELG,0.85056483,1.0000,false
V4T006413,43.092482,-55.807671,BGS,2.07051735,0.4500,false
V4T006414,353.812735,-40.685900,LRG,0.19709313,1.0000,false
V4T006415,28.432235,-45.651953,BGS,1.12535490,0.4500,false
V4T006416,342.037982,-36.152927,ELG,0.66008653,1.0000,false
V4T006417,349.645457,-15.521571,LRG,0.21205062,1.0000,false
V4T006418,338.538812,-21.476428,ELG,0.29352840,1.0000,false
V4T006419,340.702721,-23.870969,ELG,0.69441605,1.0000,false
V4T006420,352.093416,-28.259313,Star,4.22882779,0.3000,false
V4T006421,358.720544,-19.963088,ELG,0.80378283,1.0000,false
V4T006422,345.692331,-20.567986,BGS,0.81850633,0.4500,false
V4T006423,354.755555,-31.205242,ELG,0.95704917,1.0000,false
V4T006424,338.444886,-21.799583,ELG,0.73824539,1.0000,false
V4T006425,344.831121,-23.928984,ELG,0.60073759,1.0000,false
V4T006426,344.193801,-30.658999,LRG,0.47152477,1.0000,false
V4T006427,356.737995,-29.946379,ELG,0.55552897,1.0000,false
V4T006428,345.273956,-19.685498,LRG,0.36250219,1.0000,false
V4T006429,15.257375,-51.396794,LRG,0.33847065,1.0000,false
V4T006430,347.972631,-20.485058,BGS,1.01406393,0.4500,false
V4T006431,46.083637,-42.449030,LRG,0.31032505,1.0000,false
V4T006432,39.273049,-52.277374,BGS,1.56712971,0.4500,false
V4T006433,340.373659,-23.903944,BGS,1.50319166,0.4500,false
V4T006434,47.320626,-45.228113,QSO,0.10294922,1.7000,false
V4T006435,30.587109,-36.656662,QSO,0.12924893,1.7000,false
V4T006436,343.318028,-35.992661,BGS,1.22061419,0.4500,false
V4T006437,45.468504,-53.050603,ELG,0.52298207,1.0000,false
V4T006438,25.482531,-43.603760,ELG,0.50030159,1.0000,false
V4T006439,334.913453,-32.847319,BGS,1.04817194,0.4500,false
V4T006440,356.301527,-31.698002,QSO,0.22704548,1.7000,false
V4T006441,346.008058,-29.522661,QSO,0.20053539,1.7000,false
V4T006442,343.171595,-21.434293,LRG,0.59873091,1.0000,false
V4T006443,346.199265,-29.009818,LRG,0.42975148,1.0000,false
V4T006444,342.231153,-30.397794,ELG,0.45530683,1.0000,false
V4T006445,41.764369,-57.317722,ELG,0.26652047,1.0000,false
V4T006446,31.032518,-41.780172,ELG,0.35899757,1.0000,false
V4T006447,2.484719,-21.303459,LRG,0.62665825,1.0000,false
V4T006448,343.432086,-36.514691,LRG,0.90273638,1.0000,false
V4T006449,1.339845,-19.406710,QSO,0.12771810,1.7000,false
V4T006450,350.325113,-21.521919,BGS,2.35874696,0.4500,false
V4T006451,2.619031,-35.229242,ELG,0.40743605,1.0000,false
V4T006452,351.961596,-39.080035,LRG,0.25787711,1.0000,false
V4T006453,43.602412,-57.658122,ELG,0.59106921,1.0000,false
V4T006454,349.277279,-18.328170,ELG,0.60896410,1.0000,false
V4T006455,359.203654,-17.330946,BGS,1.05090594,0.4500,false
V4T006456,349.920898,-33.923548,BGS,1.80952595,0.4500,false
V4T006457,356.279925,-22.324060,BGS,1.36758495,0.4500,false
V4T006458,339.469588,-30.541430,ELG,0.43768790,1.0000,false
V4T006459,26.776614,-53.539180,QSO,0.13042612,1.7000,false
V4T006460,2.939574,-34.709604,BGS,0.65981697,0.4500,false
V4T006461,358.227860,-17.584851,BGS,2.07612839,0.4500,false
V4T006462,2.801905,-34.781778,QSO,0.22155000,1.7000,false
V4T006463,350.752095,-15.627499,Star,4.69541005,0.3000,false
V4T006464,2.448518,-35.323714,ELG,0.47474133,1.0000,false
V4T006465,341.342550,-33.879253,LRG,0.32546844,1.0000,false
V4T006466,359.143395,-29.571080,BGS,1.27396414,0.4500,false
V4T006467,343.123330,-36.238213,BGS,1.14923717,0.4500,false
V4T006468,350.619655,-29.388957,LRG,0.26628463,1.0000,false
V4T006469,351.562142,-23.403925,LRG,0.29843848,1.0000,false
V4T006470,341.162410,-21.039845,ELG,0.52322621,1.0000,true
V4T006471,345.960895,-29.658003,ELG,0.74227907,1.0000,false
V4T006472,351.516135,-24.683704,ELG,1.06878697,1.0000,false
V4T006473,32.098329,-60.364479,LRG,0.33272285,1.0000,false
V4T006474,338.987588,-21.786296,Star,3.27722490,0.3000,false
V4T006475,15.406150,-48.902871,Star,4.11737888,0.3000,false
V4T006476,338.145508,-35.723929,QSO,0.17108506,1.7000,false
V4T006477,339.211852,-30.939171,LRG,0.27323253,1.0000,false
V4T006478,357.112701,-23.522712,ELG,0.57849719,1.0000,false
V4T006479,355.883500,-34.779789,LRG,0.37201764,1.0000,false
V4T006480,0.114875,-18.920279,BGS,1.28496109,0.4500,true
V4T006481,30.155398,-55.818541,BGS,1.39489771,0.4500,false
V4T006482,42.023753,-40.572832,ELG,0.63761403,1.0000,false
V4T006483,19.248898,-55.178015,LRG,0.35080780,1.0000,true
V4T006484,340.075443,-23.620601,BGS,1.26283931,0.4500,false
V4T006485,358.550761,-18.734275,LRG,0.41628654,1.0000,false
V4T006486,354.986811,-27.490114,ELG,0.26826998,1.0000,false
V4T006487,28.407913,-36.591560,LRG,0.65828907,1.0000,false
V4T006488,340.188489,-37.512453,ELG,0.44946145,1.0000,false
V4T006489,1.458203,-32.661857,LRG,0.20055464,1.0000,false
V4T006490,345.099378,-32.687498,BGS,2.01817765,0.4500,false
V4T006491,1.645400,-22.118772,LRG,0.26849301,1.0000,false
V4T006492,355.771087,-20.629689,ELG,0.39092301,1.0000,false
V4T006493,339.254435,-20.808541,ELG,0.88222177,1.0000,false
V4T006494,337.630976,-38.197724,BGS,1.68156362,0.4500,false
V4T006495,359.470508,-19.320902,LRG,0.23956201,1.0000,true
V4T006496,21.862983,-58.691146,ELG,0.52613696,1.0000,false
V4T006497,338.845212,-21.854275,ELG,0.40156512,1.0000,false
V4T006498,350.600913,-25.414648,QSO,0.33855710,1.7000,false
V4T006499,351.201193,-22.519258,QSO,0.13474724,1.7000,false
V4T006500,346.608108,-32.832574,BGS,1.47705549,0.4500,false
V4T006501,29.224849,-47.166653,ELG,0.76655833,1.0000,false
V4T006502,2.982269,-21.140584,ELG,0.43972533,1.0000,false
V4T006503,359.244641,-18.958821,BGS,0.81092084,0.4500,false
V4T006504,3.977551,-31.934817,BGS,2.04777876,0.4500,false
V4T006505,4.306650,-31.058528,LRG,0.41780968,1.0000,false
V4T006506,346.629914,-25.758740,ELG,0.89499650,1.0000,false
V4T006507,42.449525,-59.067602,BGS,0.76212056,0.4500,false
V4T006508,339.526809,-23.666387,QSO,0.28756132,1.7000,false
V4T006509,23.451104,-51.129112,BGS,1.03380167,0.4500,true
V4T006510,349.550970,-32.377736,QSO,0.23003372,1.7000,true
V4T006511,348.679061,-30.022944,QSO,0.24634470,1.7000,false
V4T006512,21.823005,-40.312284,QSO,0.14532101,1.7000,false
V4T006513,2.764099,-35.188827,BGS,2.10084176,0.4500,false
V4T006514,355.285355,-36.097421,ELG,1.11769443,1.0000,true
V4T006515,3.903795,-30.126683,ELG,0.63312737,1.0000,false
V4T006516,42.111637,-43.850372,BGS,1.30616543,0.4500,false
V4T006517,3.382116,-21.080588,QSO,0.30957658,1.7000,false
V4T006518,24.299739,-50.963863,ELG,0.39669603,1.0000,false
V4T006519,359.945762,-27.111613,QSO,0.20271323,1.7000,false
V4T006520,32.818496,-52.616440,QSO,0.22780255,1.7000,false
V4T006521,340.759198,-26.717191,BGS,0.66223096,0.4500,false
V4T006522,357.612431,-33.526162,ELG,1.17295398,1.0000,false
V4T006523,349.929254,-30.727411,Star,4.69708394,0.3000,false
V4T006524,36.247224,-56.391589,QSO,0.08805270,1.7000,false
V4T006525,37.316902,-36.985966,ELG,0.49434850,1.0000,false
V4T006526,344.797593,-17.875376,ELG,0.53794522,1.0000,false
V4T006527,341.207479,-25.527623,QSO,0.16870511,1.7000,false
V4T006528,349.208600,-15.801542,LRG,0.22047556,1.0000,false
V4T006529,345.714610,-30.665728,LRG,0.38621579,1.0000,false
V4T006530,338.187062,-21.303900,ELG,0.36692059,1.0000,false
V4T006531,3.817708,-21.531190,ELG,0.38464791,1.0000,false
V4T006532,339.165496,-29.424351,BGS,1.14023748,0.4500,false
V4T006533,22.500084,-47.569679,LRG,0.33149978,1.0000,false
V4T006534,32.753382,-47.838930,BGS,0.98366100,0.4500,true
V4T006535,30.731895,-42.462532,LRG,0.39210161,1.0000,false
V4T006536,38.076278,-47.874477,ELG,0.61439647,1.0000,false
V4T006537,20.445661,-40.532819,BGS,1.53675375,0.4500,false
V4T006538,341.478328,-19.803683,ELG,0.98164391,1.0000,false
V4T006539,25.837453,-39.011132,ELG,0.47711125,1.0000,false
V4T006540,355.734197,-23.518770,ELG,0.46671830,1.0000,false
V4T006541,26.344340,-56.917677,ELG,0.43097499,1.0000,false
V4T006542,21.209891,-52.160779,BGS,1.21929000,0.4500,false
V4T006543,337.215519,-26.184969,ELG,0.45340527,1.0000,false
V4T006544,31.750267,-45.189263,LRG,0.27020468,1.0000,false
V4T006545,340.472107,-19.023803,LRG,0.66057914,1.0000,false
V4T006546,344.868798,-29.798913,BGS,1.61028365,0.4500,false
V4T006547,333.981478,-27.881212,ELG,0.38942955,1.0000,false
V4T006548,35.911497,-54.153532,ELG,0.77303999,1.0000,false
V4T006549,39.339586,-58.619357,QSO,0.17195116,1.7000,false
V4T006550,35.363902,-54.727063,BGS,0.91443189,0.4500,false
V4T006551,29.107340,-37.907705,LRG,0.46584539,1.0000,false
V4T006552,340.799224,-19.119392,ELG,0.54029839,1.0000,false
V4T006553,354.414666,-32.153693,LRG,0.38327573,1.0000,false
V4T006554,25.030164,-47.106250,ELG,0.92178028,1.0000,false
V4T006555,24.510682,-52.132939,LRG,0.61349744,1.0000,false
V4T006556,345.750330,-33.776069,ELG,0.72044493,1.0000,false
V4T006557,338.816719,-36.168442,BGS,1.34477092,0.4500,false
V4T006558,38.083413,-44.459331,ELG,0.46506929,1.0000,false
V4T006559,2.774707,-35.148998,Star,3.72553236,0.3000,true
V4T006560,338.463235,-21.398999,QSO,0.11460002,1.7000,false
V4T006561,344.731378,-36.728095,ELG,0.34736572,1.0000,false
V4T006562,35.004416,-55.536663,ELG,0.39080420,1.0000,false
V4T006563,345.322086,-30.460818,BGS,1.42482532,0.4500,false
V4T006564,351.668976,-38.586801,QSO,0.23388973,1.7000,false
V4T006565,352.024218,-31.328802,LRG,0.20334585,1.0000,false
V4T006566,21.425021,-41.093140,LRG,0.61301672,1.0000,false
V4T006567,338.228821,-32.056603,ELG,0.86576838,1.0000,false
V4T006568,342.588312,-35.983072,QSO,0.16673110,1.7000,false
V4T006569,339.617327,-30.535030,ELG,0.34137123,1.0000,false
V4T006570,22.744387,-56.009139,BGS,1.18696098,0.4500,false
V4T006571,356.250835,-35.693160,LRG,0.31208059,1.0000,false
V4T006572,336.238569,-35.072230,ELG,0.98881088,1.0000,false
V4T006573,34.812895,-36.762463,LRG,0.28473617,1.0000,false
V4T006574,345.251152,-30.036873,ELG,0.84069596,1.0000,false
V4T006575,354.457676,-35.548694,ELG,1.06481323,1.0000,false
V4T006576,2.546095,-35.844885,LRG,0.36613109,1.0000,false
V4T006577,355.255105,-23.294338,LRG,0.24336177,1.0000,false
V4T006578,0.305331,-25.392127,BGS,0.68593775,0.4500,false
V4T006579,351.773088,-29.850439,Star,3.55456452,0.3000,false
V4T006580,2.916432,-35.572807,ELG,0.35328277,1.0000,false
V4T006581,31.066097,-41.667756,QSO,0.14723849,1.7000,false
V4T006582,41.611328,-45.771489,BGS,1.11091192,0.4500,false
V4T006583,2.168395,-35.481187,Star,3.77063375,0.3000,false
V4T006584,35.577737,-36.384780,Star,3.11751000,0.3000,false
V4T006585,352.951452,-39.067204,Star,3.55082595,0.3000,false
V4T006586,356.818403,-20.686091,LRG,0.31680108,1.0000,false
V4T006587,32.710216,-53.963836,LRG,0.30618942,1.0000,false
V4T006588,352.078636,-15.598915,QSO,0.25652702,1.7000,false
V4T006589,338.030673,-22.065351,LRG,0.26824724,1.0000,false
V4T006590,35.989469,-55.458948,LRG,0.68206228,1.0000,false
V4T006591,3.850032,-34.922681,QSO,0.25314634,1.7000,false
V4T006592,353.523749,-29.125844,ELG,0.41910601,1.0000,false
V4T006593,42.351952,-40.988312,ELG,0.56675212,1.0000,false
V4T006594,25.395210,-56.897258,ELG,0.79184247,1.0000,false
V4T006595,33.990246,-55.277588,ELG,0.64685266,1.0000,false
V4T006596,339.177928,-29.164224,ELG,0.32736598,1.0000,false
V4T006597,44.709465,-47.399128,ELG,0.71715358,1.0000,false
V4T006598,353.823097,-18.485760,ELG,0.93105906,1.0000,false
V4T006599,339.106431,-25.039652,ELG,0.61691466,1.0000,false
V4T006600,24.349793,-50.451098,ELG,0.36070993,1.0000,false
V4T006601,34.681361,-37.585394,LRG,0.18067201,1.0000,false
V4T006602,23.677023,-44.149940,QSO,0.15679971,1.7000,false
V4T006603,12.947732,-49.020988,ELG,0.56059161,1.0000,false
V4T006604,45.189145,-43.519692,LRG,0.29849509,1.0000,false
V4T006605,347.991842,-21.507438,BGS,1.52653347,0.4500,false
V4T006606,28.358019,-38.493064,BGS,1.71449795,0.4500,false
V4T006607,47.072875,-52.322951,ELG,0.32536646,1.0000,false
V4T006608,30.623231,-42.324944,LRG,0.33876758,1.0000,true
V4T006609,349.093010,-30.951902,BGS,0.89130907,0.4500,false
V4T006610,356.025191,-23.061387,ELG,0.55286539,1.0000,false
V4T006611,33.821884,-56.430906,QSO,0.23565173,1.7000,false
V4T006612,357.104934,-23.988530,ELG,0.62144572,1.0000,false
V4T006613,32.562721,-55.784091,LRG,0.33080903,1.0000,false
V4T006614,345.130679,-30.598678,ELG,0.55123134,1.0000,false
V4T006615,0.577899,-34.584851,BGS,1.58274200,0.4500,false
V4T006616,351.420619,-39.586242,QSO,0.19422289,1.7000,false
V4T006617,23.632108,-51.454321,Star,4.40602088,0.3000,false
V4T006618,339.847230,-30.667177,BGS,1.22944016,0.4500,true
V4T006619,358.833778,-18.818469,ELG,0.58791274,1.0000,false
V4T006620,2.658821,-35.426828,ELG,0.60826368,1.0000,false
V4T006621,357.714257,-35.853879,BGS,1.08469086,0.4500,false
V4T006622,4.478752,-23.017445,ELG,0.47606278,1.0000,false
V4T006623,348.404828,-24.093381,BGS,1.58774368,0.4500,false
V4T006624,42.658307,-50.284527,QSO,0.15509202,1.7000,false
V4T006625,344.854080,-25.497403,LRG,0.32006329,1.0000,false
V4T006626,31.969918,-45.891580,BGS,1.03160123,0.4500,false
V4T006627,41.323336,-58.549257,BGS,1.22169452,0.4500,false
V4T006628,345.679996,-30.035584,BGS,0.86446716,0.4500,false
V4T006629,356.339942,-16.974805,QSO,0.12250095,1.7000,false
V4T006630,353.538149,-20.141608,BGS,2.49388544,0.4500,true
V4T006631,346.847319,-39.792596,ELG,0.70675686,1.0000,false
V4T006632,2.946983,-20.931798,ELG,0.35199039,1.0000,false
V4T006633,23.467483,-51.707490,ELG,0.41753553,1.0000,true
V4T006634,351.511102,-39.859315,ELG,0.95843810,1.0000,false
V4T006635,1.946798,-35.717246,ELG,1.01715254,1.0000,false
V4T006636,27.889245,-52.096644,ELG,0.53167272,1.0000,false
V4T006637,31.166990,-42.471029,BGS,1.03433178,0.4500,false
V4T006638,353.078202,-20.403181,QSO,0.14560701,1.7000,false
V4T006639,29.257096,-53.157492,ELG,0.75528921,1.0000,false
V4T006640,2.495629,-25.617903,LRG,0.23371973,1.0000,false
V4T006641,34.988529,-45.742884,LRG,0.27598450,1.0000,false
V4T006642,349.096516,-30.833761,QSO,0.11669510,1.7000,false
V4T006643,352.299819,-28.826442,BGS,1.11435957,0.4500,false
V4T006644,339.425106,-19.131302,QSO,0.44766643,1.7000,false
V4T006645,36.014732,-55.291143,ELG,0.78142328,1.0000,false
V4T006646,359.005110,-18.140267,Star,2.93214400,0.3000,false
V4T006647,0.589012,-32.807116,LRG,0.22750945,1.0000,false
V4T006648,340.131708,-23.621942,LRG,0.59640321,1.0000,false
V4T006649,356.186863,-22.716432,ELG,0.64927420,1.0000,false
V4T006650,338.753076,-21.882047,LRG,0.26033362,1.0000,false
V4T006651,24.050679,-49.210641,ELG,0.45040088,1.0000,false
V4T006652,343.698249,-24.827604,ELG,0.39242848,1.0000,false
V4T006653,337.432411,-21.790409,ELG,0.42454064,1.0000,false
V4T006654,3.874284,-34.725199,ELG,0.73405684,1.0000,false
V4T006655,18.115810,-43.841322,ELG,1.09612538,1.0000,false
V4T006656,5.621851,-30.608448,BGS,1.02311221,0.4500,true
V4T006657,358.765589,-34.123160,BGS,0.69390025,0.4500,true
V4T006658,337.664344,-36.674000,Star,2.88965543,0.3000,false
V4T006659,33.599909,-57.623873,ELG,0.52234966,1.0000,false
V4T006660,20.035596,-40.266099,ELG,0.64533186,1.0000,false
V4T006661,1.205094,-35.641656,BGS,0.59593004,0.4500,false
V4T006662,23.400706,-56.275112,BGS,1.12787586,0.4500,false
V4T006663,36.087873,-41.630196,LRG,0.39188870,1.0000,false
V4T006664,339.984092,-36.370758,QSO,0.21485377,1.7000,false
V4T006665,345.629892,-30.340588,BGS,0.73069083,0.4500,false
V4T006666,334.928874,-26.983736,ELG,0.20867246,1.0000,false
V4T006667,342.321351,-39.934869,QSO,0.17783584,1.7000,false
V4T006668,339.647245,-33.685321,ELG,0.31824694,1.0000,false
V4T006669,2.199717,-35.169949,QSO,0.18743451,1.7000,false
V4T006670,335.460013,-23.334399,QSO,0.16363072,1.7000,false
V4T006671,20.657495,-59.085096,ELG,0.77801203,1.0000,false
V4T006672,341.616144,-32.897595,BGS,1.39682248,0.4500,false
V4T006673,352.722349,-20.489233,BGS,0.87627970,0.4500,false
V4T006674,349.398112,-27.915505,ELG,0.59463471,1.0000,true
V4T006675,339.374005,-20.637575,QSO,0.27484531,1.7000,false
V4T006676,40.712170,-40.610989,BGS,1.41905019,0.4500,false
V4T006677,340.290484,-23.565909,Star,5.62122158,0.3000,false
V4T006678,347.099441,-37.294461,LRG,0.42265261,1.0000,false
V4T006679,4.675314,-22.861981,ELG,0.26936258,1.0000,false
V4T006680,334.642447,-28.629502,LRG,0.36277185,1.0000,false
V4T006681,336.894015,-32.138936,ELG,0.57418640,1.0000,false
V4T006682,340.276438,-30.044747,ELG,0.65411549,1.0000,false
V4T006683,353.767443,-29.435030,LRG,0.18042599,1.0000,false
V4T006684,340.944278,-29.429970,QSO,0.11279320,1.7000,false
V4T006685,340.214535,-31.892210,Star,4.96937770,0.3000,false
V4T006686,1.884030,-36.588128,ELG,0.67434720,1.0000,false
V4T006687,348.364303,-32.961280,BGS,1.42470035,0.4500,false
V4T006688,2.743120,-21.606317,Star,3.97941586,0.3000,false
V4T006689,29.929985,-42.714258,LRG,0.52126210,1.0000,false
V4T006690,351.932594,-38.768865,ELG,0.34254003,1.0000,false
V4T006691,23.923258,-55.539953,BGS,1.06915463,0.4500,false
V4T006692,358.057687,-21.865581,LRG,0.24851044,1.0000,false
V4T006693,337.848045,-22.693170,BGS,1.20562006,0.4500,false
V4T006694,39.504320,-50.546601,ELG,0.48038712,1.0000,false
V4T006695,350.413291,-26.341161,QSO,0.09657095,1.7000,false
V4T006696,340.791334,-17.887939,LRG,0.62338807,1.0000,false
V4T006697,23.063193,-41.079433,ELG,0.47839630,1.0000,false
V4T006698,0.954281,-24.565812,ELG,1.21803726,1.0000,false
V4T006699,38.958488,-39.801397,QSO,0.13026523,1.7000,false
V4T006700,43.470866,-48.980844,ELG,0.89423983,1.0000,false
V4T006701,353.695830,-24.936324,LRG,0.28891735,1.0000,false
V4T006702,37.358464,-50.256187,LRG,0.55378547,1.0000,true
V4T006703,340.632733,-28.495568,BGS,0.92115927,0.4500,false
V4T006704,30.426647,-44.149942,BGS,1.29433529,0.4500,false
V4T006705,357.772007,-22.248678,ELG,0.36109286,1.0000,false
V4T006706,352.925422,-38.264936,ELG,0.36801579,1.0000,false
V4T006707,340.909568,-24.402382,ELG,0.65259278,1.0000,false
V4T006708,357.162896,-33.447477,LRG,0.37929940,1.0000,false
V4T006709,341.589832,-26.565106,LRG,0.48004901,1.0000,false
V4T006710,350.557431,-38.931179,LRG,0.28480570,1.0000,false
V4T006711,39.054841,-43.553371,QSO,0.18783319,1.7000,false
V4T006712,27.938404,-46.595169,ELG,0.40986968,1.0000,false
V4T006713,346.328010,-37.417247,LRG,0.45248964,1.0000,false
V4T006714,341.617657,-31.346656,ELG,0.32699464,1.0000,false
V4T006715,346.326815,-41.661496,QSO,0.32408104,1.7000,false
V4T006716,358.863355,-19.128088,LRG,0.32101850,1.0000,false
V4T006717,356.431509,-38.266683,QSO,0.13396086,1.7000,false
V4T006718,351.154862,-28.610597,ELG,0.65368196,1.0000,false
V4T006719,340.043623,-23.329392,QSO,0.19727279,1.7000,false
V4T006720,338.362586,-36.368765,Star,3.85831229,0.3000,false
V4T006721,30.079819,-43.059233,BGS,0.95682690,0.4500,false
V4T006722,348.827632,-39.505138,QSO,0.10771367,1.7000,false
V4T006723,358.704848,-18.889770,BGS,1.03003921,0.4500,false
V4T006724,38.016889,-45.979685,LRG,0.33305491,1.0000,false
V4T006725,345.708752,-27.067873,ELG,0.43885601,1.0000,false
V4T006726,19.725165,-49.724846,ELG,0.52611468,1.0000,false
V4T006727,5.314142,-22.562472,ELG,0.86815992,1.0000,false
V4T006728,338.112997,-22.224816,ELG,0.37877021,1.0000,false
V4T006729,3.003431,-20.502411,BGS,0.76765167,0.4500,false
V4T006730,36.296759,-56.030630,QSO,0.14856907,1.7000,false
V4T006731,4.595694,-27.826234,BGS,1.67545859,0.4500,false
V4T006732,3.693296,-21.878910,Star,6.05557887,0.3000,false
V4T006733,31.351433,-51.095856,ELG,0.24915779,1.0000,false
V4T006734,340.614669,-38.003808,LRG,0.45861724,1.0000,false
V4T006735,341.053389,-24.196151,QSO,0.13879311,1.7000,false
V4T006736,35.396166,-55.918646,BGS,1.83182564,0.4500,false
V4T006737,342.364278,-29.481354,ELG,0.63210620,1.0000,false
V4T006738,47.949245,-51.621028,ELG,0.81865382,1.0000,false
V4T006739,45.129695,-41.142658,BGS,1.22380579,0.4500,false
V4T006740,22.856159,-51.895402,LRG,0.45208574,1.0000,false
V4T006741,343.629856,-35.954644,QSO,0.13885118,1.7000,true
V4T006742,345.816772,-24.355954,Star,3.80972960,0.3000,false
V4T006743,0.816222,-21.048936,ELG,0.59760782,1.0000,false
V4T006744,38.926069,-42.580488,QSO,0.16039269,1.7000,true
V4T006745,43.044096,-54.443796,ELG,0.43023734,1.0000,true
V4T006746,339.554513,-30.449792,LRG,0.39542256,1.0000,false
V4T006747,27.189223,-37.918659,ELG,1.53579850,1.0000,true
V4T006748,351.876095,-29.314658,ELG,0.26563521,1.0000,false
V4T006749,2.592919,-20.718064,LRG,0.14584070,1.0000,false
V4T006750,31.500763,-44.853930,BGS,1.79303173,0.4500,false
V4T006751,13.101559,-51.700200,ELG,0.58480249,1.0000,false
V4T006752,3.368597,-35.312686,ELG,0.72076790,1.0000,false
V4T006753,2.873487,-35.369347,QSO,0.22215240,1.7000,false
V4T006754,28.157223,-47.215025,LRG,0.28099132,1.0000,false
V4T006755,40.908879,-43.197088,BGS,1.89052758,0.4500,false
V4T006756,343.094501,-22.003911,Star,5.42431853,0.3000,false
V4T006757,13.246580,-48.134743,ELG,0.55842081,1.0000,false
V4T006758,33.679591,-51.800604,ELG,0.52580464,1.0000,false
V4T006759,347.106913,-30.442683,ELG,0.57019451,1.0000,false
V4T006760,340.691145,-23.543066,ELG,0.75267028,1.0000,false
V4T006761,37.489473,-55.661053,LRG,0.24109360,1.0000,false
V4T006762,354.692943,-39.676723,QSO,0.13829588,1.7000,false
V4T006763,358.832923,-19.032305,BGS,1.89746991,0.4500,false
V4T006764,338.882846,-22.311029,BGS,0.98522837,0.4500,false
V4T006765,35.974362,-37.939691,QSO,0.30034981,1.7000,false
V4T006766,20.749720,-43.926456,BGS,1.47175147,0.4500,false
V4T006767,340.909640,-23.329511,BGS,2.08488285,0.4500,false
V4T006768,355.947278,-20.031634,QSO,0.10887326,1.7000,false
V4T006769,1.810636,-35.574485,Star,4.25643612,0.3000,false
V4T006770,353.742628,-31.152105,BGS,0.65941620,0.4500,false
V4T006771,46.863100,-53.197283,ELG,0.58719822,1.0000,false
V4T006772,14.707530,-45.571238,BGS,1.20814751,0.4500,false
V4T006773,14.679502,-48.801491,ELG,0.42267622,1.0000,false
V4T006774,348.499292,-29.675889,ELG,0.57186568,1.0000,false
V4T006775,352.068060,-39.946992,ELG,0.59434323,1.0000,false
V4T006776,24.888490,-52.543812,BGS,1.40082751,0.4500,false
V4T006777,3.047474,-21.341499,ELG,0.84209764,1.0000,false
V4T006778,30.757249,-50.904979,QSO,0.16392655,1.7000,false
V4T006779,34.198346,-47.313344,BGS,0.95849769,0.4500,false
V4T006780,42.988886,-56.592925,BGS,0.82318089,0.4500,false
V4T006781,43.722237,-51.137229,BGS,1.25947487,0.4500,false
V4T006782,31.442807,-43.528064,ELG,0.56845039,1.0000,false
V4T006783,31.575679,-43.685198,BGS,0.99783640,0.4500,false
V4T006784,41.607743,-48.562186,ELG,0.86000032,1.0000,false
V4T006785,336.076486,-36.077989,LRG,0.29066424,1.0000,false
V4T006786,358.978465,-23.044203,BGS,1.21717045,0.4500,false
V4T006787,341.422757,-35.351897,ELG,0.54760482,1.0000,false
V4T006788,15.759223,-54.948596,BGS,0.69400962,0.4500,false
V4T006789,30.145730,-43.603729,ELG,0.88603715,1.0000,false
V4T006790,6.290835,-27.182978,ELG,0.44489731,1.0000,false
V4T006791,16.736898,-49.666893,ELG,0.43614586,1.0000,false
V4T006792,342.766939,-28.122952,LRG,0.34709370,1.0000,false
V4T006793,31.730227,-43.141605,ELG,0.16781184,1.0000,false
V4T006794,49.645736,-46.349867,ELG,0.31709169,1.0000,false
V4T006795,43.420305,-54.650757,LRG,0.34600594,1.0000,true
V4T006796,36.084943,-55.287549,BGS,1.43561694,0.4500,false
V4T006797,44.716166,-55.907827,ELG,0.44089151,1.0000,false
V4T006798,343.094928,-36.577517,ELG,0.55665385,1.0000,false
V4T006799,357.693522,-16.962966,BGS,1.04392135,0.4500,false
V4T006800,17.495697,-47.742345,ELG,0.55277343,1.0000,false
V4T006801,2.731875,-35.015396,Star,3.52931192,0.3000,false
V4T006802,344.584625,-28.558935,BGS,0.91992771,0.4500,false
V4T006803,358.543684,-19.383506,ELG,0.54832944,1.0000,false
V4T006804,340.879764,-24.085849,LRG,0.29652920,1.0000,false
V4T006805,358.493268,-18.184046,Star,3.64415797,0.3000,false
V4T006806,29.401765,-42.974487,ELG,0.50896730,1.0000,false
V4T006807,347.583610,-35.356112,QSO,0.29041597,1.7000,false
V4T006808,355.336981,-18.107689,BGS,1.40354862,0.4500,false
V4T006809,18.159981,-53.061665,BGS,1.24259948,0.4500,false
V4T006810,346.406101,-23.377994,QSO,0.21455425,1.7000,false
V4T006811,348.391123,-39.831266,QSO,0.12950901,1.7000,false
V4T006812,38.250298,-57.748637,LRG,0.36704400,1.0000,false
V4T006813,46.632120,-52.226937,Star,5.32566464,0.3000,false
V4T006814,354.004798,-30.496231,ELG,0.89119517,1.0000,false
V4T006815,338.209938,-21.039272,LRG,0.83944316,1.0000,false
V4T006816,43.277823,-50.369098,LRG,0.28419543,1.0000,false
V4T006817,343.633101,-17.045054,ELG,0.32977729,1.0000,false
V4T006818,348.377941,-32.037678,ELG,0.77771748,1.0000,false
V4T006819,346.264274,-19.482851,LRG,0.34572855,1.0000,false
V4T006820,15.332243,-53.489169,BGS,1.36782680,0.4500,false
V4T006821,351.990138,-29.336407,LRG,0.29587971,1.0000,false
V4T006822,28.350625,-43.509806,ELG,0.55962365,1.0000,true
V4T006823,346.554617,-36.215146,QSO,0.32971847,1.7000,false
V4T006824,341.405219,-23.207911,ELG,0.36079478,1.0000,false
V4T006825,4.111716,-27.649967,LRG,0.33419678,1.0000,false
V4T006826,340.979034,-24.202698,BGS,1.07381474,0.4500,false
V4T006827,35.060515,-55.124327,ELG,0.28053616,1.0000,false
V4T006828,357.092765,-25.269986,Star,2.92804969,0.3000,false
V4T006829,351.119438,-37.112037,BGS,0.59327880,0.4500,false
V4T006830,2.408911,-21.363973,LRG,0.26055847,1.0000,false
V4T006831,2.856970,-20.383601,ELG,0.57101998,1.0000,false
V4T006832,356.120422,-23.026793,LRG,0.27072317,1.0000,false
V4T006833,357.970844,-26.533058,Star,5.35444209,0.3000,false
V4T006834,346.271635,-30.152361,QSO,0.34755199,1.7000,false
V4T006835,350.965885,-28.113730,QSO,0.15030262,1.7000,false
V4T006836,339.560711,-24.201009,BGS,0.96357298,0.4500,false
V4T006837,355.900275,-23.965471,ELG,0.64670494,1.0000,false
V4T006838,348.534409,-15.244214,QSO,0.16654653,1.7000,false
V4T006839,348.842679,-32.868505,ELG,0.68166764,1.0000,false
V4T006840,23.408763,-51.759028,BGS,1.00820712,0.4500,false
V4T006841,13.890804,-54.469497,QSO,0.15285961,1.7000,false
V4T006842,34.775811,-47.369217,QSO,0.09708313,1.7000,true
V4T006843,353.845892,-22.973176,Star,4.10561864,0.3000,false
V4T006844,344.160504,-22.600292,Star,3.74663258,0.3000,false
V4T006845,47.368868,-44.620174,Star,4.20006550,0.3000,false
V4T006846,341.057743,-37.718064,BGS,1.35871573,0.4500,false
V4T006847,22.945325,-44.535659,QSO,0.17213267,1.7000,true
V4T006848,356.675203,-33.179987,BGS,1.70926308,0.4500,false
V4T006849,2.951125,-21.406689,Star,4.11721001,0.3000,false
V4T006850,35.205734,-53.835282,LRG,0.25593977,1.0000,false
V4T006851,33.052262,-43.579756,LRG,0.61976229,1.0000,false
V4T006852,339.340691,-18.558846,LRG,0.14859513,1.0000,false
V4T006853,22.456888,-51.282475,LRG,0.46945786,1.0000,false
V4T006854,357.340262,-24.402369,ELG,0.70233794,1.0000,false
V4T006855,359.509043,-22.881333,BGS,1.45342084,0.4500,false
V4T006856,15.490354,-54.954716,ELG,0.95525487,1.0000,false
V4T006857,343.635604,-38.228224,ELG,0.73966832,1.0000,false
V4T006858,46.180393,-51.569390,ELG,0.27542794,1.0000,false
V4T006859,347.309745,-17.948149,LRG,0.40145592,1.0000,false
V4T006860,351.063167,-24.966720,ELG,0.78707482,1.0000,false
V4T006861,2.945162,-20.618334,BGS,1.50515574,0.4500,false
V4T006862,352.926441,-19.370658,LRG,0.29213205,1.0000,false
V4T006863,356.303661,-39.195786,BGS,1.35717407,0.4500,false
V4T006864,22.795636,-55.683646,ELG,0.62048041,1.0000,false
V4T006865,27.592721,-42.601612,QSO,0.40116799,1.7000,false
V4T006866,342.749919,-35.862991,QSO,0.24695161,1.7000,false
V4T006867,342.956213,-36.799021,LRG,0.39740416,1.0000,false
V4T006868,23.669853,-52.547511,BGS,0.80098408,0.4500,false
V4T006869,3.253332,-28.916930,BGS,0.79926028,0.4500,false
V4T006870,2.429320,-34.540080,ELG,0.64742879,1.0000,false
V4T006871,353.525240,-36.564714,ELG,0.72649547,1.0000,false
V4T006872,45.582255,-52.037993,ELG,0.48420456,1.0000,true
V4T006873,22.055333,-47.189047,ELG,0.60429477,1.0000,false
V4T006874,355.933507,-23.552001,BGS,1.16901236,0.4500,false
V4T006875,351.684575,-37.264807,LRG,0.63949160,1.0000,true
V4T006876,341.654233,-28.700307,ELG,0.65244482,1.0000,false
V4T006877,2.185227,-21.209262,Star,3.58546858,0.3000,false
V4T006878,353.313366,-20.062960,QSO,0.13824570,1.7000,false
V4T006879,355.959417,-26.264976,QSO,0.20355672,1.7000,false
V4T006880,356.512446,-23.622630,QSO,0.31631447,1.7000,false
V4T006881,32.096671,-42.995833,Star,4.96424986,0.3000,false
V4T006882,3.528247,-33.523187,QSO,0.20872632,1.7000,false
V4T006883,351.212656,-39.279084,BGS,1.28148455,0.4500,false
V4T006884,345.659885,-23.723751,ELG,0.54526658,1.0000,false
V4T006885,17.051364,-53.794771,ELG,0.33046927,1.0000,false
V4T006886,24.025316,-49.526373,Star,5.61819331,0.3000,false
V4T006887,342.103345,-36.134487,LRG,0.71864383,1.0000,false
V4T006888,351.574925,-21.635138,BGS,1.45447937,0.4500,false
V4T006889,353.122002,-20.910066,BGS,1.50269707,0.4500,false
V4T006890,40.772252,-59.018596,ELG,0.64893314,1.0000,true
V4T006891,46.283507,-47.208136,Star,3.84388543,0.3000,false
V4T006892,3.626467,-20.679835,QSO,0.28419546,1.7000,false
V4T006893,359.367196,-19.730779,ELG,0.93572035,1.0000,false
V4T006894,347.074065,-39.710126,LRG,0.29534835,1.0000,false
V4T006895,30.899250,-41.653254,ELG,0.75354767,1.0000,true
V4T006896,5.633184,-27.232387,BGS,1.55111306,0.4500,false
V4T006897,335.350801,-28.787661,Star,5.99486972,0.3000,false
V4T006898,30.923809,-53.911557,BGS,0.99355669,0.4500,false
V4T006899,337.711214,-20.993127,QSO,0.17314195,1.7000,false
V4T006900,21.507156,-52.706546,BGS,1.64234452,0.4500,false
V4T006901,2.256820,-33.893405,ELG,0.37562702,1.0000,false
V4T006902,31.374356,-42.844151,ELG,0.60651974,1.0000,false
V4T006903,348.977507,-14.646467,BGS,0.70054752,0.4500,false
V4T006904,2.673696,-23.702862,QSO,0.23875042,1.7000,false
V4T006905,43.746418,-42.411029,ELG,0.41564949,1.0000,false
V4T006906,47.395365,-56.827538,ELG,0.34475399,1.0000,false
V4T006907,17.949633,-51.296989,QSO,0.10768161,1.7000,false
V4T006908,357.088149,-23.054941,BGS,1.37660626,0.4500,false
V4T006909,30.481176,-42.882150,ELG,0.59132945,1.0000,false
V4T006910,345.606237,-29.372457,LRG,0.39105299,1.0000,false
V4T006911,32.521149,-44.348376,ELG,0.27105880,1.0000,false
V4T006912,36.525388,-51.473676,LRG,0.39730843,1.0000,false
V4T006913,344.991482,-30.285100,BGS,0.63547263,0.4500,false
V4T006914,23.193821,-57.937093,LRG,0.29721943,1.0000,false
V4T006915,344.422744,-40.177189,ELG,0.78050797,1.0000,false
V4T006916,2.792343,-34.567171,ELG,0.60879411,1.0000,false
V4T006917,23.393247,-51.509084,LRG,0.44548451,1.0000,false
V4T006918,348.653518,-23.329789,ELG,0.42478426,1.0000,false
V4T006919,358.971689,-17.817065,QSO,0.26107984,1.7000,false
V4T006920,23.382693,-51.846846,BGS,1.18991637,0.4500,false
V4T006921,45.986391,-48.452548,BGS,0.93134738,0.4500,true
V4T006922,24.401217,-48.028106,BGS,1.27676745,0.4500,false
V4T006923,358.566595,-18.299628,ELG,0.62606731,1.0000,false
V4T006924,28.898995,-56.237701,LRG,0.34849796,1.0000,false
V4T006925,339.885706,-31.643657,ELG,0.86471834,1.0000,false
V4T006926,350.224357,-33.704282,BGS,1.30329034,0.4500,false
V4T006927,348.478280,-39.942352,BGS,1.97732433,0.4500,false
V4T006928,345.541555,-30.588109,BGS,1.22712122,0.4500,false
V4T006929,350.703452,-23.925568,QSO,0.36049939,1.7000,false
V4T006930,358.231656,-36.395538,BGS,1.90374594,0.4500,false
V4T006931,347.946335,-22.074407,LRG,0.71258224,1.0000,false
V4T006932,1.276867,-18.319747,BGS,1.64478712,0.4500,false
V4T006933,2.614915,-25.490244,ELG,0.59748502,1.0000,false
V4T006934,36.569401,-44.449458,QSO,0.26777966,1.7000,false
V4T006935,41.962059,-47.277306,BGS,1.68155685,0.4500,false
V4T006936,44.683944,-49.236234,LRG,0.36229208,1.0000,false
V4T006937,344.589934,-35.902161,QSO,0.18152148,1.7000,false
V4T006938,339.717091,-23.131891,LRG,0.57346595,1.0000,false
V4T006939,356.671290,-19.741777,BGS,1.66811113,0.4500,false
V4T006940,14.768164,-52.319209,LRG,0.31223537,1.0000,false
V4T006941,353.589346,-15.688825,ELG,0.79609103,1.0000,false
V4T006942,353.712940,-27.447336,BGS,1.73050067,0.4500,false
V4T006943,16.124943,-47.498747,LRG,0.41522790,1.0000,false
V4T006944,346.586816,-31.899261,ELG,0.39101788,1.0000,false
V4T006945,352.831268,-19.969625,Star,4.98418658,0.3000,false
V4T006946,339.103453,-38.919275,QSO,0.10214253,1.7000,false
V4T006947,28.441163,-48.409923,LRG,0.30955052,1.0000,true
V4T006948,36.740778,-58.645315,LRG,0.41526740,1.0000,false
V4T006949,49.132299,-54.248180,ELG,0.24399149,1.0000,false
V4T006950,342.909796,-36.867032,ELG,0.75225727,1.0000,false
V4T006951,350.305265,-39.847779,QSO,0.16819228,1.7000,false
V4T006952,351.152060,-33.281761,QSO,0.08981334,1.7000,false
V4T006953,40.606565,-47.702805,ELG,0.44586317,1.0000,false
V4T006954,35.041717,-42.394557,ELG,0.52519327,1.0000,false
V4T006955,24.624248,-46.980491,ELG,1.01725551,1.0000,false
V4T006956,1.228570,-26.038641,LRG,0.48092222,1.0000,false
V4T006957,339.925431,-23.818982,BGS,1.75323492,0.4500,false
V4T006958,347.335184,-36.212013,QSO,0.28979539,1.7000,false
V4T006959,357.214369,-22.023477,LRG,0.30915372,1.0000,false
V4T006960,42.890870,-46.308286,ELG,0.71665512,1.0000,false
V4T006961,33.812609,-44.213709,LRG,0.29009015,1.0000,false
V4T006962,31.866424,-52.662571,BGS,1.56989327,0.4500,false
V4T006963,338.362507,-21.411540,BGS,1.19867925,0.4500,false
V4T006964,355.962315,-23.457944,ELG,0.43271649,1.0000,false
V4T006965,24.328894,-40.945719,ELG,1.33076865,1.0000,false
V4T006966,352.862697,-38.532586,ELG,0.48015642,1.0000,false
V4T006967,40.367497,-40.315847,ELG,0.88802251,1.0000,true
V4T006968,38.197786,-39.515559,ELG,0.77798587,1.0000,false
V4T006969,32.058482,-35.849827,ELG,0.44069903,1.0000,false
V4T006970,353.892266,-39.550177,ELG,0.38464187,1.0000,false
V4T006971,30.360488,-43.044791,ELG,0.78747881,1.0000,false
V4T006972,32.822493,-38.543606,ELG,0.25038478,1.0000,false
V4T006973,341.161367,-34.953212,Star,2.51829248,0.3000,false
V4T006974,359.455312,-23.053143,ELG,0.45940924,1.0000,false
V4T006975,26.334666,-47.783841,BGS,1.26142661,0.4500,false
V4T006976,340.345361,-21.571265,QSO,0.22708321,1.7000,false
V4T006977,350.832274,-17.533601,ELG,0.72386200,1.0000,false
V4T006978,355.760999,-23.424295,ELG,0.30914816,1.0000,false
V4T006979,345.586071,-30.695195,LRG,0.28362845,1.0000,false
V4T006980,40.619421,-37.444451,LRG,0.44505842,1.0000,false
V4T006981,35.349940,-37.862412,BGS,1.46324127,0.4500,false
V4T006982,356.064197,-24.107726,LRG,0.47003979,1.0000,false
V4T006983,344.042034,-36.794782,ELG,1.32052232,1.0000,false
V4T006984,28.341649,-49.898177,BGS,1.09378067,0.4500,false
V4T006985,343.198847,-37.952213,QSO,0.21269065,1.7000,false
V4T006986,350.901912,-21.262307,BGS,1.03221776,0.4500,false
V4T006987,358.461471,-18.570043,QSO,0.11278650,1.7000,false
V4T006988,24.249975,-53.132855,LRG,0.48286738,1.0000,false
V4T006989,340.651438,-23.529387,QSO,0.12275968,1.7000,false
V4T006990,3.102594,-21.345813,LRG,0.31078377,1.0000,false
V4T006991,352.965999,-26.201135,ELG,0.64872237,1.0000,false
V4T006992,339.870628,-18.070298,ELG,0.61032892,1.0000,false
V4T006993,24.176199,-51.473447,BGS,1.12822820,0.4500,false
V4T006994,344.314059,-28.774420,QSO,0.13491157,1.7000,false
V4T006995,34.166344,-55.155500,QSO,0.06294660,1.7000,false
V4T006996,1.101010,-19.691008,BGS,1.37964766,0.4500,false
V4T006997,3.273391,-31.260033,LRG,0.46841238,1.0000,false
V4T006998,2.310255,-21.120901,BGS,1.11435000,0.4500,false
V4T006999,27.116690,-58.928995,ELG,0.37754855,1.0000,false
V4T007000,344.331084,-36.636521,BGS,0.82093334,0.4500,false
V4T007001,346.183447,-29.767295,BGS,1.25548485,0.4500,false
V4T007002,340.465643,-29.732786,ELG,0.95782025,1.0000,false
V4T007003,348.698063,-26.185682,ELG,0.43935640,1.0000,false
V4T007004,339.937079,-36.973163,LRG,0.22661642,1.0000,false
V4T007005,4.820301,-26.271747,Star,3.18102996,0.3000,false
V4T007006,18.085106,-47.661088,LRG,0.29732876,1.0000,false
V4T007007,2.908816,-20.934231,LRG,0.17857261,1.0000,false
V4T007008,45.076807,-52.198642,LRG,0.57003461,1.0000,false
V4T007009,341.909172,-36.982124,ELG,0.95933308,1.0000,false
V4T007010,338.469838,-20.907355,ELG,0.96279335,1.0000,false
V4T007011,353.499357,-25.011932,BGS,1.93327827,0.4500,true
V4T007012,334.105978,-30.528007,ELG,0.54463911,1.0000,false
V4T007013,349.112089,-15.427560,ELG,0.48825447,1.0000,false
V4T007014,2.594497,-21.691060,ELG,0.79035379,1.0000,false
V4T007015,335.584387,-24.816501,ELG,0.31829302,1.0000,false
V4T007016,35.273927,-53.610577,ELG,1.01792605,1.0000,false
V4T007017,350.691670,-22.165139,LRG,0.54227651,1.0000,false
V4T007018,346.342597,-36.069383,ELG,0.56263668,1.0000,false
V4T007019,3.427545,-31.901927,LRG,0.26023523,1.0000,false
V4T007020,351.444303,-41.222667,Star,4.12287988,0.3000,false
V4T007021,356.824858,-18.714695,ELG,0.90539702,1.0000,false
V4T007022,47.048195,-52.005188,BGS,1.38938732,0.4500,false
V4T007023,46.217536,-54.184202,LRG,0.70717826,1.0000,false
V4T007024,351.576418,-39.536173,QSO,0.10004474,1.7000,false
V4T007025,339.077856,-26.394537,LRG,0.16126232,1.0000,false
V4T007026,355.894567,-39.616555,ELG,0.76872380,1.0000,false
V4T007027,348.296502,-29.656281,LRG,0.69651024,1.0000,false
V4T007028,50.300372,-53.974444,BGS,1.30008954,0.4500,false
V4T007029,35.462553,-38.934081,LRG,0.51060595,1.0000,false
V4T007030,1.951750,-21.841500,BGS,1.73256209,0.4500,false
V4T007031,338.296014,-22.049895,BGS,0.58893368,0.4500,false
V4T007032,34.930750,-59.647483,ELG,0.86052049,1.0000,false
V4T007033,343.102434,-28.890225,LRG,0.38399933,1.0000,false
V4T007034,20.817465,-46.389671,ELG,0.40822437,1.0000,false
V4T007035,339.317090,-22.697953,BGS,1.65087853,0.4500,false
V4T007036,342.719801,-20.949453,BGS,1.29220493,0.4500,false
V4T007037,342.778386,-30.385087,ELG,1.17789813,1.0000,false
V4T007038,359.887866,-20.204024,LRG,0.33235980,1.0000,false
V4T007039,4.095353,-22.163764,Star,3.25630800,0.3000,false
V4T007040,339.532019,-30.229898,LRG,0.33653375,1.0000,false
V4T007041,26.048301,-38.913958,BGS,1.02589188,0.4500,false
V4T007042,2.926537,-34.919479,Star,4.40206671,0.3000,false
V4T007043,351.629899,-23.815167,ELG,0.56993805,1.0000,false
V4T007044,359.745636,-18.303639,BGS,1.82082351,0.4500,true
V4T007045,5.285280,-22.795680,LRG,0.42181714,1.0000,false
V4T007046,353.806935,-17.266721,BGS,2.35909177,0.4500,false
V4T007047,359.634989,-19.097143,LRG,0.27790935,1.0000,true
V4T007048,338.907747,-31.077076,QSO,0.12462809,1.7000,false
V4T007049,40.006008,-46.183426,Star,2.98782698,0.3000,false
V4T007050,37.174407,-56.806747,Star,3.72888238,0.3000,false
V4T007051,356.671010,-23.062413,LRG,0.24104373,1.0000,false
V4T007052,339.978367,-36.786156,BGS,1.47370918,0.4500,false
V4T007053,349.569754,-19.909658,BGS,0.98242113,0.4500,false
V4T007054,340.454274,-22.413570,ELG,0.44855064,1.0000,false
V4T007055,355.948658,-21.283755,ELG,0.71031339,1.0000,false
V4T007056,38.645259,-60.010088,BGS,1.00434232,0.4500,false
V4T007057,20.647725,-47.933836,Star,4.76878672,0.3000,false
V4T007058,4.514976,-24.889043,BGS,1.47175340,0.4500,false
V4T007059,338.989485,-29.758703,ELG,0.65018586,1.0000,false
V4T007060,42.393219,-38.333424,ELG,0.46577577,1.0000,false
V4T007061,349.865898,-31.460740,ELG,0.65448603,1.0000,false
V4T007062,353.267706,-19.807220,LRG,0.24403459,1.0000,false
V4T007063,338.678295,-32.780870,ELG,0.77930200,1.0000,false
V4T007064,359.463171,-30.120632,LRG,0.28505243,1.0000,false
V4T007065,35.075592,-55.019923,QSO,0.09788216,1.7000,false
V4T007066,339.410535,-30.836885,QSO,0.21131313,1.7000,false
V4T007067,341.411501,-25.582230,QSO,0.13134817,1.7000,false
V4T007068,338.092883,-22.966593,QSO,0.41354504,1.7000,false
V4T007069,5.708312,-30.094099,Star,2.61947480,0.3000,true
V4T007070,350.815886,-38.648222,LRG,0.38491284,1.0000,false
V4T007071,29.654943,-43.486569,ELG,0.45516954,1.0000,false
V4T007072,20.737521,-43.451915,ELG,1.33993969,1.0000,false
V4T007073,348.410980,-22.993215,QSO,0.15880526,1.7000,false
V4T007074,355.555444,-27.895172,QSO,0.22589519,1.7000,false
V4T007075,355.076022,-18.850926,ELG,0.81665124,1.0000,false
V4T007076,30.947905,-41.425004,LRG,0.44299938,1.0000,false
V4T007077,30.269799,-43.720518,ELG,0.42816016,1.0000,false
V4T007078,14.261918,-50.698268,ELG,0.52400910,1.0000,false
V4T007079,31.355760,-59.373995,BGS,2.15579517,0.4500,false
V4T007080,355.831081,-33.035880,QSO,0.61492975,1.7000,false
V4T007081,1.804208,-28.073319,ELG,0.82978950,1.0000,false
V4T007082,344.613882,-36.686815,ELG,0.48329034,1.0000,false
V4T007083,348.393910,-16.234999,BGS,1.47181552,0.4500,false
V4T007084,339.469892,-24.018608,BGS,1.43536315,0.4500,false
V4T007085,341.617252,-26.663087,BGS,0.74648211,0.4500,false
V4T007086,30.715167,-48.792498,ELG,0.59289849,1.0000,false
V4T007087,337.082189,-21.563126,BGS,1.11708098,0.4500,false
V4T007088,342.808891,-24.368755,ELG,0.32601057,1.0000,false
V4T007089,0.989125,-29.076849,ELG,0.57850039,1.0000,false
V4T007090,28.039896,-52.734780,Star,5.22499406,0.3000,false
V4T007091,338.900992,-21.088972,LRG,0.40629793,1.0000,false
V4T007092,353.033762,-27.922306,BGS,1.05286026,0.4500,false
V4T007093,351.567721,-16.010066,ELG,0.69212061,1.0000,false
V4T007094,338.489864,-20.863127,ELG,0.19529996,1.0000,false
V4T007095,358.177518,-33.946860,Star,4.20037563,0.3000,false
V4T007096,28.996489,-42.155036,ELG,0.59775910,1.0000,false
V4T007097,339.767281,-36.424162,QSO,0.20605753,1.7000,false
V4T007098,18.145663,-51.790702,ELG,0.38525203,1.0000,false
V4T007099,347.911615,-21.580967,BGS,0.85690314,0.4500,false
V4T007100,338.454068,-19.455383,BGS,1.40789745,0.4500,false
V4T007101,40.239837,-51.095737,BGS,1.18656755,0.4500,false
V4T007102,43.199054,-47.643129,QSO,0.21345718,1.7000,false
V4T007103,353.895871,-38.238547,ELG,0.45846495,1.0000,true
V4T007104,338.024292,-25.362944,LRG,0.53896035,1.0000,false
V4T007105,355.976541,-23.343442,LRG,0.59639651,1.0000,false
V4T007106,21.001068,-43.597177,ELG,0.83450690,1.0000,false
V4T007107,351.798393,-25.664924,QSO,0.25210680,1.7000,false
V4T007108,343.294406,-26.489443,BGS,1.08426828,0.4500,false
V4T007109,33.905232,-44.094204,LRG,0.50462798,1.0000,false
V4T007110,342.990058,-36.271011,ELG,0.62874391,1.0000,false
V4T007111,347.610257,-27.237041,QSO,0.14030265,1.7000,false
V4T007112,340.653149,-33.737364,BGS,2.16439481,0.4500,false
V4T007113,339.161842,-30.154466,ELG,0.56552055,1.0000,false
V4T007114,339.081442,-30.030802,LRG,0.42818839,1.0000,false
V4T007115,352.821568,-20.050186,ELG,0.78600060,1.0000,false
V4T007116,23.663113,-53.976721,LRG,0.31581237,1.0000,false
V4T007117,335.301119,-33.361114,ELG,0.38193011,1.0000,false
V4T007118,30.745203,-43.304074,ELG,0.33814600,1.0000,false
V4T007119,350.320716,-37.591044,BGS,1.07907129,0.4500,false
V4T007120,357.076925,-36.209717,Star,3.17712689,0.3000,false
V4T007121,358.395754,-35.077353,ELG,0.50956701,1.0000,false
V4T007122,353.225617,-19.901323,LRG,0.48521938,1.0000,false
V4T007123,2.530870,-35.753471,ELG,0.67304415,1.0000,false
V4T007124,358.132254,-36.693212,LRG,0.23603063,1.0000,false
V4T007125,339.341356,-29.937667,BGS,1.25801009,0.4500,false
V4T007126,342.128318,-32.804462,LRG,0.39500168,1.0000,false
V4T007127,2.269964,-27.939652,BGS,0.87485463,0.4500,false
V4T007128,0.733918,-22.021419,QSO,0.21619456,1.7000,false
V4T007129,30.396738,-60.038650,LRG,0.32808343,1.0000,false
V4T007130,340.474744,-23.980012,ELG,0.26292103,1.0000,false
V4T007131,343.249455,-23.620505,BGS,1.16057808,0.4500,false
V4T007132,39.439421,-52.721937,BGS,1.04575291,0.4500,false
V4T007133,346.765499,-33.655392,ELG,0.73088862,1.0000,false
V4T007134,358.288903,-18.731221,BGS,0.90998327,0.4500,false
V4T007135,350.854048,-27.662709,ELG,0.67731454,1.0000,false
V4T007136,40.506021,-52.660854,LRG,0.40582039,1.0000,false
V4T007137,344.422196,-25.026271,ELG,0.26674827,1.0000,false
V4T007138,336.391296,-22.554883,QSO,0.09371506,1.7000,false
V4T007139,352.222961,-40.154606,BGS,2.19589193,0.4500,false
V4T007140,30.420392,-50.273426,BGS,1.38073104,0.4500,false
V4T007141,44.703336,-49.159383,BGS,0.83424664,0.4500,false
V4T007142,340.079616,-28.795105,BGS,1.75205357,0.4500,false
V4T007143,352.038005,-29.779479,ELG,0.52185636,1.0000,false
V4T007144,37.034633,-59.946538,LRG,0.20208381,1.0000,false
V4T007145,343.513987,-35.863137,LRG,0.19901835,1.0000,false
V4T007146,347.383968,-29.809860,Star,3.74097506,0.3000,false
V4T007147,2.386863,-20.531406,LRG,0.44007032,1.0000,false
V4T007148,338.905071,-22.475337,BGS,1.43470908,0.4500,false
V4T007149,353.352410,-19.637116,LRG,0.26047482,1.0000,false
V4T007150,354.954981,-23.969291,BGS,1.15613525,0.4500,false
V4T007151,339.380276,-28.250489,ELG,0.25187625,1.0000,false
V4T007152,350.117303,-19.450273,ELG,0.41746679,1.0000,false
V4T007153,337.707905,-34.665390,LRG,0.31151505,1.0000,false
V4T007154,351.979150,-19.666586,ELG,0.74237036,1.0000,false
V4T007155,346.344997,-35.100779,BGS,1.39026721,0.4500,false
V4T007156,341.447984,-31.637471,QSO,0.13549377,1.7000,false
V4T007157,47.847980,-52.463386,LRG,0.31818387,1.0000,false
V4T007158,355.235893,-19.040372,ELG,0.81282847,1.0000,false
V4T007159,43.653898,-49.198024,ELG,0.52164525,1.0000,false
V4T007160,350.495865,-25.332601,ELG,0.48538190,1.0000,false
V4T007161,346.327883,-31.325954,BGS,0.86688332,0.4500,false
V4T007162,357.188764,-19.533537,ELG,0.35780749,1.0000,false
V4T007163,353.450174,-33.117149,ELG,0.44396710,1.0000,true
V4T007164,38.928504,-39.574273,LRG,0.40913921,1.0000,true
V4T007165,346.783728,-29.653258,BGS,1.61611838,0.4500,false
V4T007166,44.992203,-54.769568,ELG,0.73674514,1.0000,false
V4T007167,0.625736,-32.320901,ELG,0.71864421,1.0000,false
V4T007168,356.072104,-23.659377,ELG,0.58475754,1.0000,false
V4T007169,342.691788,-37.697839,Star,3.01167008,0.3000,false
V4T007170,342.167480,-35.612463,BGS,1.14134214,0.4500,false
V4T007171,356.941262,-22.271622,ELG,0.58030588,1.0000,false
V4T007172,27.641729,-50.075064,ELG,0.84274410,1.0000,false
V4T007173,36.000729,-35.886319,ELG,0.60774018,1.0000,false
V4T007174,338.966706,-34.392346,LRG,0.32828801,1.0000,false
V4T007175,40.694879,-58.878658,ELG,0.44597812,1.0000,false
V4T007176,0.951258,-20.162940,BGS,1.39771466,0.4500,false
V4T007177,340.151708,-24.064547,ELG,0.31673099,1.0000,false
V4T007178,352.929995,-39.240910,Star,3.15475373,0.3000,true
V4T007179,353.441500,-40.005579,Star,4.76898169,0.3000,false
V4T007180,358.390640,-29.999006,ELG,0.38737427,1.0000,false
V4T007181,348.523583,-37.579518,LRG,0.41041265,1.0000,false
V4T007182,346.199282,-37.194078,ELG,0.86121957,1.0000,false
V4T007183,4.688033,-28.117955,BGS,1.64153808,0.4500,false
V4T007184,344.854983,-31.302940,ELG,0.81341926,1.0000,false
V4T007185,26.631626,-36.572720,ELG,0.48720257,1.0000,false
V4T007186,32.832766,-41.144704,LRG,0.40582352,1.0000,true
V4T007187,24.143491,-46.826860,QSO,0.18996425,1.7000,false
V4T007188,348.316321,-29.183807,LRG,0.28514997,1.0000,false
V4T007189,0.271970,-21.329263,BGS,1.01913234,0.4500,false
V4T007190,343.694506,-16.672579,BGS,1.37008199,0.4500,false
V4T007191,2.161530,-22.011213,LRG,0.43157659,1.0000,false
V4T007192,35.435739,-55.998941,QSO,0.17767144,1.7000,false
V4T007193,23.667811,-51.472602,LRG,0.27380849,1.0000,false
V4T007194,337.969885,-36.787949,QSO,0.23042506,1.7000,false
V4T007195,340.038970,-31.383536,QSO,0.12132555,1.7000,false
V4T007196,30.966961,-42.896719,ELG,0.43902635,1.0000,false
V4T007197,1.902075,-34.183733,QSO,0.18068723,1.7000,false
V4T007198,31.718817,-44.406608,ELG,0.34893356,1.0000,false
V4T007199,46.388347,-56.762279,ELG,1.45158498,1.0000,false
V4T007200,48.470296,-47.683800,Star,5.45267299,0.3000,false
V4T007201,35.155139,-43.091612,ELG,0.84564685,1.0000,false
V4T007202,3.071555,-21.249039,BGS,1.21870209,0.4500,false
V4T007203,338.185170,-21.312065,Star,4.23485254,0.3000,false
V4T007204,339.880513,-23.974697,ELG,0.38268248,1.0000,false
V4T007205,17.749846,-54.745376,BGS,0.92016011,0.4500,false
V4T007206,22.916818,-51.440430,ELG,0.73345993,1.0000,false
V4T007207,22.906529,-51.742433,QSO,0.16958934,1.7000,false
V4T007208,2.916874,-21.380520,BGS,1.14725998,0.4500,false
V4T007209,23.118045,-44.665301,ELG,0.45822510,1.0000,false
V4T007210,39.016697,-47.121784,ELG,0.17615905,1.0000,true
V4T007211,359.540413,-33.641390,BGS,1.99529901,0.4500,false
V4T007212,349.334586,-40.540890,LRG,0.28134124,1.0000,false
V4T007213,346.241370,-41.263563,LRG,0.43207297,1.0000,false
V4T007214,339.167186,-37.617086,QSO,0.14535094,1.7000,false
V4T007215,347.651642,-31.534020,QSO,0.31283041,1.7000,false
V4T007216,2.168503,-21.265131,QSO,0.21548326,1.7000,false
V4T007217,42.734461,-55.058308,LRG,0.17651616,1.0000,false
V4T007218,2.714359,-20.665030,QSO,0.13874707,1.7000,false
V4T007219,23.221044,-40.531507,LRG,0.67684109,1.0000,false
V4T007220,341.569780,-30.485726,QSO,0.07798766,1.7000,false
V4T007221,1.414591,-34.844017,ELG,0.58133014,1.0000,false
V4T007222,336.745562,-30.527770,LRG,0.30918832,1.0000,false
V4T007223,340.124258,-36.593952,BGS,1.81756456,0.4500,false
V4T007224,348.432143,-24.422218,ELG,0.68935984,1.0000,false
V4T007225,349.155104,-35.807819,ELG,0.64571919,1.0000,false
V4T007226,25.548368,-44.405520,LRG,0.28474647,1.0000,false
V4T007227,32.161238,-36.365124,LRG,0.58252072,1.0000,false
V4T007228,28.510704,-49.943128,QSO,0.14189783,1.7000,false
V4T007229,2.168930,-27.800024,BGS,0.67144301,0.4500,false
V4T007230,338.171894,-24.484177,BGS,1.33567783,0.4500,false
V4T007231,46.630349,-41.120381,QSO,0.14327954,1.7000,false
V4T007232,346.102674,-38.640771,QSO,0.14404157,1.7000,false
V4T007233,355.630988,-28.753217,QSO,0.49189580,1.7000,false
V4T007234,339.520371,-21.954057,LRG,0.31670114,1.0000,false
V4T007235,351.742449,-39.152923,BGS,1.03751987,0.4500,false
V4T007236,356.578208,-23.216992,BGS,1.53029910,0.4500,true
V4T007237,17.646130,-52.819988,LRG,0.43311250,1.0000,false
V4T007238,20.442383,-44.736370,BGS,1.27405272,0.4500,false
V4T007239,355.654810,-23.261094,Star,4.55849812,0.3000,false
V4T007240,346.777452,-24.587143,QSO,0.20335893,1.7000,false
V4T007241,27.745475,-42.351228,LRG,0.20185717,1.0000,false
V4T007242,352.405891,-39.201112,ELG,0.62760608,1.0000,false
V4T007243,352.056271,-25.377484,LRG,0.28412240,1.0000,false
V4T007244,349.325873,-24.701048,BGS,1.18481037,0.4500,false
V4T007245,339.175166,-21.554380,ELG,0.43337506,1.0000,false
V4T007246,2.405168,-22.183583,QSO,0.11743357,1.7000,false
V4T007247,348.505327,-31.782056,ELG,0.67656019,1.0000,false
V4T007248,30.784357,-40.885423,BGS,1.31688342,0.4500,false
V4T007249,42.864615,-46.998424,LRG,0.71086376,1.0000,false
V4T007250,341.626314,-35.849569,ELG,0.61005164,1.0000,false
V4T007251,346.890981,-24.869114,BGS,0.95859950,0.4500,false
V4T007252,45.772851,-43.081191,ELG,0.41832942,1.0000,false
V4T007253,3.283673,-20.537459,BGS,1.62875487,0.4500,true
V4T007254,341.517728,-23.532496,Star,6.06000904,0.3000,false
V4T007255,22.737355,-51.462545,BGS,0.91086231,0.4500,false
V4T007256,2.579083,-35.382383,QSO,0.16898009,1.7000,false
V4T007257,357.473663,-23.403059,BGS,0.65931300,0.4500,false
V4T007258,351.826453,-40.010815,ELG,0.37824041,1.0000,false
V4T007259,359.548951,-18.373084,QSO,0.30092388,1.7000,false
V4T007260,15.390481,-49.462584,LRG,0.58155959,1.0000,true
V4T007261,346.870719,-39.918819,LRG,0.30836670,1.0000,false
V4T007262,350.269039,-35.133903,ELG,0.57517816,1.0000,false
V4T007263,3.796923,-21.855348,Star,3.80309353,0.3000,false
V4T007264,47.094966,-47.843808,QSO,0.14408668,1.7000,false
V4T007265,0.575503,-34.805826,ELG,0.60615990,1.0000,false
V4T007266,46.798924,-55.719238,BGS,1.32220048,0.4500,false
V4T007267,3.356961,-21.863263,LRG,0.62546855,1.0000,false
V4T007268,30.224481,-43.464436,BGS,1.11298624,0.4500,false
V4T007269,27.088113,-58.886794,LRG,0.39643150,1.0000,false
V4T007270,18.125071,-50.771148,ELG,0.29120154,1.0000,false
V4T007271,345.157948,-19.722531,ELG,0.68653589,1.0000,false
V4T007272,23.857005,-51.558197,LRG,0.29654624,1.0000,false
V4T007273,35.648693,-55.295437,LRG,0.30538910,1.0000,false
V4T007274,352.007719,-20.615144,ELG,0.89480244,1.0000,false
V4T007275,351.564587,-15.740600,QSO,0.21235657,1.7000,false
V4T007276,23.120439,-52.398987,LRG,0.56906975,1.0000,false
V4T007277,340.336677,-22.976597,Star,4.11688839,0.3000,false
V4T007278,37.233285,-53.135529,BGS,0.92510109,0.4500,false
V4T007279,34.332089,-57.653320,LRG,0.27572087,1.0000,false
V4T007280,339.531095,-20.657399,QSO,0.15616213,1.7000,false
V4T007281,356.629343,-38.696255,LRG,0.45336200,1.0000,false
V4T007282,351.765567,-27.956496,BGS,1.73849845,0.4500,false
V4T007283,343.688671,-37.030867,BGS,1.39439066,0.4500,false
V4T007284,339.230856,-24.327527,BGS,1.29677104,0.4500,false
V4T007285,20.785534,-51.771579,ELG,0.45918560,1.0000,false
V4T007286,359.600134,-36.425977,ELG,0.68215431,1.0000,false
V4T007287,338.715999,-21.165279,LRG,0.52664974,1.0000,false
V4T007288,352.952075,-33.795345,QSO,0.08058166,1.7000,false
V4T007289,352.854140,-19.478922,LRG,0.24492270,1.0000,false
V4T007290,33.899648,-50.083505,QSO,0.09983454,1.7000,false
V4T007291,339.638062,-33.078439,Star,3.69578177,0.3000,false
V4T007292,352.534384,-40.107694,QSO,0.35710738,1.7000,false
V4T007293,352.912321,-38.373407,ELG,0.83289206,1.0000,false
V4T007294,336.368973,-33.349738,BGS,1.47300323,0.4500,false
V4T007295,31.799781,-41.675564,ELG,0.61431829,1.0000,false
V4T007296,31.213130,-56.331735,Star,3.68534926,0.3000,false
V4T007297,347.515419,-38.144581,ELG,0.84751084,1.0000,false
V4T007298,357.959762,-17.931966,ELG,0.64257505,1.0000,true
V4T007299,345.795065,-29.839087,ELG,0.43996811,1.0000,false
V4T007300,359.501887,-18.831282,ELG,0.96458753,1.0000,false
V4T007301,334.728011,-25.619929,ELG,0.98078501,1.0000,false
V4T007302,339.432855,-29.543704,BGS,1.56538819,0.4500,false
V4T007303,36.351450,-55.572092,BGS,1.11625679,0.4500,false
V4T007304,338.048341,-21.436036,BGS,0.53261419,0.4500,false
V4T007305,19.962114,-41.123775,ELG,0.33882575,1.0000,false
V4T007306,2.512881,-33.199709,ELG,0.37140893,1.0000,false
V4T007307,29.501501,-42.649400,LRG,0.52959981,1.0000,false
V4T007308,2.616045,-34.766594,LRG,0.63583693,1.0000,false
V4T007309,33.889361,-40.296247,BGS,1.19885407,0.4500,false
V4T007310,340.488737,-30.162889,ELG,1.01169655,1.0000,false
V4T007311,34.318300,-54.125121,BGS,1.19246729,0.4500,false
V4T007312,343.871692,-29.586629,LRG,0.24267828,1.0000,false
V4T007313,34.974251,-37.899454,ELG,0.45918060,1.0000,false
V4T007314,342.032698,-17.821059,QSO,0.20593498,1.7000,false
V4T007315,23.382340,-40.528840,BGS,1.28600184,0.4500,false
V4T007316,352.487178,-20.463447,ELG,0.63824480,1.0000,false
V4T007317,13.733706,-50.888860,BGS,1.58392587,0.4500,false
V4T007318,29.129060,-57.556199,Star,3.63282892,0.3000,false
V4T007319,337.580886,-33.523032,ELG,1.31942337,1.0000,false
V4T007320,2.157868,-35.513655,ELG,0.38718659,1.0000,false
V4T007321,336.344630,-22.046575,ELG,0.47528937,1.0000,false
V4T007322,346.902193,-29.781994,LRG,0.44462232,1.0000,false
V4T007323,22.951272,-51.457577,Star,3.47717547,0.3000,false
V4T007324,2.464719,-35.708828,ELG,0.66522171,1.0000,false
V4T007325,26.352583,-36.964497,BGS,1.07679720,0.4500,false
V4T007326,350.559761,-40.091078,QSO,0.25212022,1.7000,false
V4T007327,352.704677,-36.842992,ELG,0.88906489,1.0000,false
V4T007328,343.552679,-36.340938,BGS,1.20078077,0.4500,false
V4T007329,341.114192,-24.872900,ELG,0.53419961,1.0000,false
V4T007330,31.001235,-56.676839,ELG,1.13440569,1.0000,false
V4T007331,339.169296,-21.520288,ELG,0.73715773,1.0000,false
V4T007332,352.748459,-20.100601,QSO,0.07480167,1.7000,false
V4T007333,353.796196,-19.950328,BGS,1.81776385,0.4500,false
V4T007334,42.217284,-39.824801,LRG,0.40342266,1.0000,false
V4T007335,23.609409,-51.273833,QSO,0.28459127,1.7000,false
V4T007336,341.716567,-37.497123,QSO,0.25679709,1.7000,false
V4T007337,13.781271,-49.592125,ELG,0.34272223,1.0000,false
V4T007338,5.148001,-30.783102,BGS,0.59668905,0.4500,false
V4T007339,346.853536,-38.129009,ELG,0.28528990,1.0000,false
V4T007340,355.769832,-19.226153,ELG,0.51972284,1.0000,false
V4T007341,23.182124,-40.812117,LRG,0.31443227,1.0000,false
V4T007342,349.979970,-32.350761,ELG,0.38137477,1.0000,false
V4T007343,358.338368,-20.366086,ELG,0.47539428,1.0000,false
V4T007344,356.430484,-23.753157,BGS,1.39006512,0.4500,true
V4T007345,358.488112,-19.033152,BGS,1.27550881,0.4500,false
V4T007346,359.559079,-21.779524,BGS,1.45812509,0.4500,false
V4T007347,348.331338,-41.656079,BGS,1.04254351,0.4500,false
V4T007348,340.413299,-29.993076,QSO,0.16598170,1.7000,false
V4T007349,49.499612,-51.977763,BGS,1.24315708,0.4500,false
V4T007350,39.994397,-44.019666,ELG,0.64251187,1.0000,false
V4T007351,2.415775,-35.140340,BGS,1.51675099,0.4500,false
V4T007352,348.709684,-18.129263,Star,3.32462069,0.3000,false
V4T007353,356.238668,-22.631049,ELG,0.66378685,1.0000,false
V4T007354,350.217222,-26.966809,BGS,1.24949518,0.4500,true
V4T007355,23.546063,-49.952787,BGS,0.73914683,0.4500,false
V4T007356,356.351827,-19.379408,LRG,0.50652815,1.0000,false
V4T007357,347.113388,-27.109663,QSO,0.08068379,1.7000,false
V4T007358,345.677296,-17.981053,LRG,0.33973413,1.0000,false
V4T007359,35.320587,-55.736837,ELG,0.43332572,1.0000,false
V4T007360,359.063845,-19.100220,ELG,0.56904589,1.0000,false
V4T007361,341.107986,-23.780732,BGS,1.47847766,0.4500,false
V4T007362,346.674633,-30.221483,ELG,0.68398062,1.0000,false
V4T007363,358.078761,-19.047287,ELG,0.39146288,1.0000,false
V4T007364,49.845464,-49.738816,LRG,0.29691644,1.0000,false
V4T007365,37.314741,-39.813284,BGS,0.74059364,0.4500,false
V4T007366,354.207833,-23.083309,ELG,0.29213698,1.0000,false
V4T007367,22.631980,-49.055795,BGS,2.50169655,0.4500,false
V4T007368,19.297368,-51.310505,QSO,0.33118852,1.7000,false
V4T007369,18.642811,-49.809640,BGS,0.93366264,0.4500,false
V4T007370,47.500184,-54.228945,BGS,2.22897743,0.4500,false
V4T007371,342.370066,-36.945084,QSO,0.19117216,1.7000,false
V4T007372,337.769944,-21.151609,Star,3.52466898,0.3000,false
V4T007373,348.731683,-17.994729,BGS,2.02482305,0.4500,false
V4T007374,26.623858,-56.504676,QSO,0.04760264,1.7000,false
V4T007375,30.874905,-43.393581,LRG,0.26221821,1.0000,false
V4T007376,31.104483,-44.018536,LRG,0.38809715,1.0000,false
V4T007377,28.397148,-52.843986,BGS,2.22301469,0.4500,false
V4T007378,39.852361,-57.673227,ELG,0.39073387,1.0000,false
V4T007379,29.372889,-57.469327,BGS,1.18504117,0.4500,false
V4T007380,342.240486,-22.748185,QSO,0.17028990,1.7000,false
V4T007381,348.306667,-40.869745,QSO,0.18957671,1.7000,false
V4T007382,346.423634,-27.341258,BGS,1.18141630,0.4500,false
V4T007383,1.661662,-35.493484,BGS,1.13972946,0.4500,false
V4T007384,344.838283,-32.351452,QSO,0.32422948,1.7000,false
V4T007385,340.632118,-38.962534,QSO,0.08074425,1.7000,false
V4T007386,42.512934,-39.156446,QSO,0.13495430,1.7000,false
V4T007387,335.101925,-29.584151,LRG,0.30361049,1.0000,false
V4T007388,338.861738,-20.140368,LRG,0.40064680,1.0000,false
V4T007389,348.704687,-33.413885,ELG,0.20712345,1.0000,false
V4T007390,337.230104,-23.113865,Star,4.62202224,0.3000,true
V4T007391,2.154358,-31.511261,ELG,0.73075143,1.0000,false
V4T007392,349.221435,-41.261106,BGS,1.44837573,0.4500,false
V4T007393,342.511968,-20.469608,LRG,0.57623946,1.0000,false
V4T007394,341.602750,-36.863431,LRG,0.46435387,1.0000,false
V4T007395,336.828416,-37.628495,BGS,1.32065071,0.4500,true
V4T007396,336.537165,-24.415213,LRG,0.38138848,1.0000,false
V4T007397,345.236198,-30.539562,Star,3.82941265,0.3000,false
V4T007398,352.020302,-39.275286,ELG,0.62139436,1.0000,false
V4T007399,345.600148,-30.381152,ELG,0.39335165,1.0000,false
V4T007400,356.595485,-29.405188,ELG,0.38679100,1.0000,true
V4T007401,46.555368,-51.266098,BGS,2.18813943,0.4500,false
V4T007402,14.620740,-55.192439,ELG,0.46622944,1.0000,false
V4T007403,32.601063,-56.008579,LRG,0.41986987,1.0000,false
V4T007404,15.353657,-46.835591,BGS,1.34741823,0.4500,false
V4T007405,3.447905,-21.424952,ELG,0.48540911,1.0000,false
V4T007406,1.629552,-35.332204,ELG,0.43025928,1.0000,true
V4T007407,352.486224,-20.420839,LRG,0.24492673,1.0000,false
V4T007408,340.284096,-23.135922,LRG,0.30803017,1.0000,false
V4T007409,350.961546,-39.797990,LRG,0.10784953,1.0000,false
V4T007410,43.137351,-45.663755,ELG,0.64389206,1.0000,false
V4T007411,339.295913,-29.991756,BGS,0.80575231,0.4500,true
V4T007412,358.740906,-36.114207,QSO,0.28464276,1.7000,false
V4T007413,27.885070,-43.128150,Star,2.71888828,0.3000,false
V4T007414,340.362495,-22.564521,ELG,0.31098868,1.0000,false
V4T007415,353.462847,-40.776928,Star,4.43936673,0.3000,false
V4T007416,337.804617,-21.440918,ELG,0.33312328,1.0000,false
V4T007417,348.636446,-38.196782,LRG,0.35599890,1.0000,false
V4T007418,36.589753,-60.399888,QSO,0.12650259,1.7000,false
V4T007419,1.085067,-21.146954,ELG,0.70069562,1.0000,false
V4T007420,338.757118,-21.814147,BGS,1.08212777,0.4500,true
V4T007421,3.544057,-35.027030,BGS,1.51320709,0.4500,false
V4T007422,38.636171,-55.201120,LRG,0.44832598,1.0000,false
V4T007423,31.026108,-43.041846,ELG,0.44256917,1.0000,false
V4T007424,345.309171,-29.689663,ELG,0.34061580,1.0000,false
V4T007425,342.747832,-36.650597,LRG,0.38277199,1.0000,false
V4T007426,339.926322,-26.525886,QSO,0.11402845,1.7000,false
V4T007427,341.161622,-23.461894,ELG,0.89265084,1.0000,false
V4T007428,33.455839,-48.548788,ELG,1.51872339,1.0000,false
V4T007429,48.853247,-50.044784,ELG,0.65836354,1.0000,false
V4T007430,346.510748,-31.466383,LRG,0.25296465,1.0000,true
V4T007431,36.882659,-48.696373,ELG,0.46211432,1.0000,false
V4T007432,355.875214,-23.276644,QSO,0.21462235,1.7000,false
V4T007433,4.966158,-23.466581,BGS,2.15031644,0.4500,false
V4T007434,342.660045,-36.359293,BGS,1.06901588,0.4500,false
V4T007435,358.813971,-17.529018,BGS,1.01771647,0.4500,false
V4T007436,358.739234,-37.789543,BGS,1.27882203,0.4500,false
V4T007437,356.462631,-18.220669,LRG,0.42126852,1.0000,false
V4T007438,31.547519,-53.572079,ELG,1.03288029,1.0000,false
V4T007439,45.645180,-57.895809,ELG,0.64688650,1.0000,false
V4T007440,34.368027,-60.437448,LRG,0.49400802,1.0000,false
V4T007441,1.715677,-35.034534,BGS,1.79833161,0.4500,false
V4T007442,344.460742,-37.316651,BGS,2.11249251,0.4500,false
V4T007443,348.656390,-37.490033,QSO,0.19202963,1.7000,false
V4T007444,2.116193,-22.359061,QSO,0.22393855,1.7000,false
V4T007445,41.460190,-55.091122,ELG,0.52864552,1.0000,false
V4T007446,28.754471,-36.655800,BGS,1.58170928,0.4500,false
V4T007447,32.246459,-44.256935,Star,2.93131099,0.3000,false
V4T007448,355.729290,-23.466754,BGS,0.58484203,0.4500,false
V4T007449,16.224035,-53.850721,LRG,0.45892189,1.0000,false
V4T007450,345.727063,-17.599359,BGS,1.10693934,0.4500,false
V4T007451,343.223836,-36.231073,LRG,0.19005180,1.0000,false
V4T007452,338.732877,-28.234469,ELG,0.45639597,1.0000,false
V4T007453,337.625160,-32.310942,ELG,0.75601478,1.0000,false
V4T007454,30.138298,-42.760607,ELG,0.59202945,1.0000,false
V4T007455,354.242182,-36.002420,LRG,0.65664046,1.0000,false
V4T007456,337.628912,-29.610748,LRG,0.46397126,1.0000,false
V4T007457,31.753067,-43.616625,BGS,1.73259347,0.4500,false
V4T007458,30.416044,-42.751757,QSO,0.28908086,1.7000,false
V4T007459,352.562974,-19.173915,LRG,0.53118339,1.0000,false
V4T007460,340.711309,-29.906976,LRG,0.31446447,1.0000,false
V4T007461,30.871738,-42.227495,BGS,1.46158819,0.4500,false
V4T007462,33.195224,-38.119294,BGS,1.18810329,0.4500,false
V4T007463,341.290377,-25.945301,ELG,0.48559964,1.0000,false
V4T007464,341.187690,-29.337730,BGS,0.99080227,0.4500,false
V4T007465,1.133981,-29.992779,Star,5.75460309,0.3000,false
V4T007466,352.277862,-39.159261,LRG,0.42793975,1.0000,false
V4T007467,340.583990,-23.731953,Star,2.81140534,0.3000,false
V4T007468,34.151668,-38.915394,BGS,0.92755370,0.4500,false
V4T007469,39.650148,-50.634545,LRG,0.60983619,1.0000,false
V4T007470,348.914229,-33.871834,ELG,0.62958151,1.0000,false
V4T007471,25.650366,-38.114044,BGS,1.11305843,0.4500,false
V4T007472,34.069149,-41.625487,ELG,0.53367468,1.0000,false
V4T007473,32.660009,-44.214627,LRG,0.48518287,1.0000,false
V4T007474,343.365510,-18.159418,ELG,0.39289031,1.0000,false
V4T007475,352.801302,-19.730792,BGS,0.95264768,0.4500,false
V4T007476,346.622607,-30.044585,ELG,0.43507355,1.0000,false
V4T007477,2.103569,-35.061505,Star,3.92187924,0.3000,false
V4T007478,31.513048,-48.004457,BGS,1.59521926,0.4500,false
V4T007479,342.951641,-24.948023,LRG,0.16382529,1.0000,false
V4T007480,338.693400,-33.915061,ELG,0.52874466,1.0000,false
V4T007481,38.128845,-51.595413,ELG,0.36725542,1.0000,false
V4T007482,36.252161,-46.785439,BGS,1.53794026,0.4500,false
V4T007483,359.793665,-18.328763,BGS,1.03793032,0.4500,false
V4T007484,25.757020,-47.521088,BGS,1.38874757,0.4500,false
V4T007485,345.491766,-36.144700,LRG,0.36589972,1.0000,false
V4T007486,37.355458,-48.417138,LRG,0.44847889,1.0000,false
V4T007487,22.502078,-51.884687,BGS,3.19179186,0.4500,false
V4T007488,353.347390,-18.213552,ELG,0.63107026,1.0000,false
V4T007489,344.141612,-33.803100,BGS,0.67683143,0.4500,false
V4T007490,33.703288,-38.791428,BGS,1.44758606,0.4500,false
V4T007491,0.688000,-31.031644,ELG,0.56168638,1.0000,false
V4T007492,339.851371,-24.139973,LRG,0.24728786,1.0000,false
V4T007493,340.408492,-24.376692,BGS,0.96538940,0.4500,false
V4T007494,347.601143,-28.117814,BGS,0.88754936,0.4500,false
V4T007495,353.258073,-20.579956,ELG,1.04540499,1.0000,false
V4T007496,333.710143,-28.909920,ELG,0.51903848,1.0000,false
V4T007497,343.247504,-35.331740,Star,2.92520754,0.3000,false
V4T007498,348.146221,-38.201987,LRG,0.33510063,1.0000,false
V4T007499,347.012826,-23.686092,BGS,0.91500552,0.4500,false
V4T007500,2.354428,-35.252024,BGS,1.43027137,0.4500,false
V4T007501,48.749889,-49.302339,LRG,0.27918308,1.0000,false
V4T007502,340.038870,-30.119657,ELG,0.38042271,1.0000,false
V4T007503,32.202089,-36.423944,QSO,0.16000460,1.7000,false
V4T007504,345.464504,-29.986468,LRG,0.48630320,1.0000,false
V4T007505,341.394177,-38.596122,BGS,1.01822791,0.4500,false
V4T007506,5.032459,-30.520537,QSO,0.09581352,1.7000,false
V4T007507,22.472336,-50.976705,BGS,0.91321042,0.4500,false
V4T007508,356.109103,-19.898178,ELG,0.50530203,1.0000,false
V4T007509,345.907689,-23.187861,BGS,0.81663355,0.4500,false
V4T007510,339.463589,-35.114580,LRG,0.27642350,1.0000,false
V4T007511,48.303990,-48.693668,LRG,0.30195167,1.0000,false
V4T007512,35.943855,-37.996262,QSO,0.17225048,1.7000,false
V4T007513,42.912624,-44.622464,ELG,0.59245165,1.0000,false
V4T007514,347.696292,-22.165135,BGS,1.15183812,0.4500,false
V4T007515,358.920204,-18.221302,BGS,1.57560364,0.4500,false
V4T007516,355.785077,-23.451046,ELG,0.51350064,1.0000,false
V4T007517,351.966635,-20.336297,LRG,0.37347985,1.0000,false
V4T007518,21.300696,-51.122639,LRG,0.66134835,1.0000,false
V4T007519,348.098118,-38.386693,BGS,1.64632347,0.4500,false
V4T007520,37.966791,-38.618284,ELG,0.34209843,1.0000,false
V4T007521,44.793516,-45.699847,BGS,2.19534756,0.4500,false
V4T007522,352.900099,-20.586127,BGS,0.89230131,0.4500,false
V4T007523,27.359253,-39.886136,BGS,1.39614534,0.4500,false
V4T007524,37.834786,-39.380408,ELG,0.37717091,1.0000,false
V4T007525,346.716712,-29.909322,LRG,0.47832333,1.0000,false
V4T007526,338.789282,-31.290392,ELG,0.67652287,1.0000,false
V4T007527,340.213190,-38.479820,ELG,0.66846931,1.0000,false
V4T007528,23.328526,-51.544436,ELG,0.34021646,1.0000,false
V4T007529,343.941266,-16.620322,ELG,0.33439601,1.0000,false
V4T007530,27.554008,-59.297693,Star,4.49902855,0.3000,false
V4T007531,30.127059,-57.703115,BGS,1.65185279,0.4500,false
V4T007532,339.394509,-20.966472,Star,5.30570613,0.3000,false
V4T007533,342.326023,-36.933172,BGS,1.14630392,0.4500,false
V4T007534,338.427293,-25.802760,BGS,1.29965268,0.4500,false
V4T007535,0.432810,-27.002832,ELG,0.55926188,1.0000,false
V4T007536,34.836168,-39.159443,ELG,1.17033267,1.0000,false
V4T007537,345.637704,-37.790844,ELG,1.03388146,1.0000,false
V4T007538,340.120261,-34.397543,BGS,1.51899981,0.4500,false
V4T007539,2.155896,-26.567932,ELG,0.64439331,1.0000,false
V4T007540,351.923417,-38.538119,BGS,1.08180815,0.4500,false
V4T007541,351.954142,-19.655911,QSO,0.26789155,1.7000,false
V4T007542,351.900651,-39.123089,Star,5.35053040,0.3000,false
V4T007543,19.686441,-48.002590,BGS,1.60976210,0.4500,false
V4T007544,341.679117,-38.040459,Star,4.56039400,0.3000,false
V4T007545,28.862261,-43.424837,ELG,0.88895481,1.0000,false
V4T007546,336.313500,-35.683404,BGS,1.19427688,0.4500,false
V4T007547,32.597604,-60.221882,LRG,0.27563749,1.0000,false
V4T007548,352.009951,-19.699543,ELG,0.51311140,1.0000,false
V4T007549,358.343014,-18.513901,ELG,0.48390331,1.0000,false
V4T007550,343.254359,-38.507945,QSO,0.20539827,1.7000,false
V4T007551,6.223045,-30.928179,ELG,0.44295069,1.0000,false
V4T007552,345.895490,-38.563006,ELG,0.53064280,1.0000,false
V4T007553,343.624112,-37.029556,BGS,1.24447098,0.4500,false
V4T007554,38.616551,-44.711703,QSO,0.14600841,1.7000,true
V4T007555,343.401956,-24.104873,LRG,0.45741884,1.0000,false
V4T007556,28.026228,-47.994524,QSO,0.10311183,1.7000,false
V4T007557,26.533606,-55.549224,LRG,0.32876580,1.0000,false
V4T007558,339.190515,-21.093887,QSO,0.17107703,1.7000,false
V4T007559,352.632521,-27.993252,LRG,0.26791161,1.0000,false
V4T007560,358.922622,-38.476313,QSO,0.21024834,1.7000,false
V4T007561,343.214285,-36.730969,LRG,0.31368074,1.0000,false
V4T007562,350.803311,-24.780118,BGS,1.18845430,0.4500,false
V4T007563,35.490258,-46.680783,LRG,0.37516919,1.0000,false
V4T007564,339.709058,-23.779345,QSO,0.11644442,1.7000,false
V4T007565,16.655232,-49.085320,LRG,0.65186249,1.0000,false
V4T007566,359.368556,-19.023569,ELG,0.82062340,1.0000,false
V4T007567,350.935386,-17.371172,LRG,0.30952812,1.0000,false
V4T007568,340.090601,-30.259607,QSO,0.19888405,1.7000,false
V4T007569,26.566629,-43.181400,BGS,1.58846087,0.4500,false
V4T007570,35.534745,-56.095770,QSO,0.19058526,1.7000,false
V4T007571,347.061662,-22.111724,QSO,0.09989317,1.7000,false
V4T007572,41.435150,-52.441771,ELG,0.80843602,1.0000,false
V4T007573,351.254030,-34.881223,LRG,0.39152310,1.0000,false
V4T007574,353.160791,-20.224824,ELG,0.92558727,1.0000,false
V4T007575,21.503824,-47.952272,ELG,0.27188961,1.0000,false
V4T007576,30.288494,-43.376245,Star,2.90625841,0.3000,false
V4T007577,1.093670,-18.829407,LRG,0.27265668,1.0000,false
V4T007578,355.669383,-24.138062,ELG,0.44429540,1.0000,false
V4T007579,339.296072,-20.939294,ELG,0.47439040,1.0000,false
V4T007580,356.951417,-23.529691,ELG,0.90919074,1.0000,false
V4T007581,339.978445,-31.236893,BGS,1.35295914,0.4500,false
V4T007582,20.221242,-42.812073,LRG,0.22308728,1.0000,false
V4T007583,5.423940,-25.101059,ELG,0.60674307,1.0000,false
V4T007584,45.083508,-45.064748,LRG,0.36464183,1.0000,false
V4T007585,357.520420,-37.724909,BGS,1.50911926,0.4500,false
V4T007586,344.043246,-36.816481,QSO,0.08557160,1.7000,false
V4T007587,16.836302,-47.067961,LRG,0.33686801,1.0000,false
V4T007588,35.828217,-55.397403,Star,2.13209212,0.3000,false
V4T007589,5.262887,-31.503298,BGS,1.95369325,0.4500,false
V4T007590,43.069508,-54.751871,QSO,0.17333330,1.7000,false
V4T007591,2.264087,-22.141303,BGS,1.68294810,0.4500,false
V4T007592,338.658824,-23.505734,QSO,0.22849730,1.7000,false
V4T007593,356.797866,-23.845515,ELG,0.55150876,1.0000,false
V4T007594,4.626877,-26.964110,LRG,0.11376344,1.0000,false
V4T007595,35.888307,-39.493045,ELG,0.91516073,1.0000,false
V4T007596,344.608276,-41.044149,ELG,0.72441192,1.0000,false
V4T007597,37.890536,-43.457590,ELG,0.59124419,1.0000,false
V4T007598,34.487797,-55.350712,BGS,1.01600989,0.4500,false
V4T007599,340.422163,-31.088961,QSO,0.15817039,1.7000,false
V4T007600,339.531984,-30.515620,ELG,0.60082262,1.0000,false
V4T007601,338.652033,-27.967490,ELG,0.37475077,1.0000,false
V4T007602,356.040704,-31.097753,Star,3.10386066,0.3000,false
V4T007603,356.138264,-23.368841,BGS,1.34363740,0.4500,false
V4T007604,340.991237,-23.729720,QSO,0.24356942,1.7000,false
V4T007605,343.902707,-36.175498,ELG,0.64549157,1.0000,false
V4T007606,338.416255,-30.169154,QSO,0.40513911,1.7000,false
V4T007607,352.658402,-24.830631,LRG,0.67335756,1.0000,false
V4T007608,352.146552,-39.509498,QSO,0.16423115,1.7000,false
V4T007609,353.258958,-20.333931,ELG,0.36004434,1.0000,false
V4T007610,3.069340,-22.171099,ELG,1.00231220,1.0000,false
V4T007611,45.695012,-47.614564,QSO,0.18512719,1.7000,false
V4T007612,351.869480,-39.300298,Star,5.94138763,0.3000,false
V4T007613,30.263048,-49.278151,ELG,0.25671680,1.0000,false
V4T007614,352.467342,-40.788675,LRG,0.44212531,1.0000,false
V4T007615,354.007783,-37.135590,LRG,0.24223025,1.0000,false
V4T007616,342.494325,-21.216988,LRG,0.23633885,1.0000,false
V4T007617,356.226521,-20.925692,ELG,0.74730328,1.0000,false
V4T007618,20.913590,-58.511259,ELG,0.66578661,1.0000,false
V4T007619,339.803066,-40.007095,ELG,2.00191399,1.0000,false
V4T007620,354.173494,-26.564236,ELG,0.45186614,1.0000,false
V4T007621,2.028094,-21.765674,BGS,0.90742548,0.4500,false
V4T007622,356.517282,-20.973824,QSO,0.17693440,1.7000,false
V4T007623,38.721694,-58.943837,QSO,0.28331126,1.7000,false
V4T007624,35.903753,-54.769598,ELG,0.44696008,1.0000,false
V4T007625,336.425695,-24.956744,Star,4.29972351,0.3000,false
V4T007626,347.107107,-16.364711,ELG,0.60424296,1.0000,false
V4T007627,351.542500,-19.217546,Star,5.35402601,0.3000,false
V4T007628,345.678836,-31.943152,LRG,0.19189492,1.0000,false
V4T007629,352.739087,-20.127979,QSO,0.16581785,1.7000,false
V4T007630,354.821693,-19.028561,Star,4.83369964,0.3000,false
V4T007631,1.180294,-24.209058,Star,2.97950947,0.3000,false
V4T007632,346.966435,-19.774712,BGS,1.37381128,0.4500,false
V4T007633,35.188546,-55.254052,ELG,0.60915470,1.0000,false
V4T007634,28.424276,-40.424321,LRG,0.27013367,1.0000,false
V4T007635,358.217779,-19.155565,QSO,0.07994821,1.7000,false
V4T007636,338.498758,-31.383560,Star,5.59686315,0.3000,false
V4T007637,339.644423,-30.484434,ELG,0.57578004,1.0000,false
V4T007638,32.641671,-41.403037,Star,3.57471792,0.3000,false
V4T007639,358.660549,-27.654205,ELG,0.97174636,1.0000,false
V4T007640,22.022482,-59.773382,Star,3.95041242,0.3000,false
V4T007641,350.646405,-33.497313,ELG,0.32452812,1.0000,false
V4T007642,27.130871,-51.296756,BGS,1.07086425,0.4500,false
V4T007643,25.216428,-50.847972,ELG,0.47117651,1.0000,false
V4T007644,346.790285,-27.073862,Star,4.45265557,0.3000,false
V4T007645,23.497598,-51.627648,ELG,0.63945401,1.0000,false
V4T007646,354.132139,-36.153596,BGS,1.30356340,0.4500,false
V4T007647,359.128184,-19.092944,LRG,0.62058924,1.0000,false
V4T007648,23.254589,-54.390567,ELG,0.54498084,1.0000,false
V4T007649,352.695645,-19.962919,LRG,0.37447611,1.0000,false
V4T007650,3.338173,-24.601773,LRG,0.25096236,1.0000,false
V4T007651,358.850388,-29.755381,ELG,0.60142355,1.0000,false
V4T007652,32.398673,-49.660076,LRG,0.46691441,1.0000,false
V4T007653,338.997328,-35.551545,QSO,0.19030742,1.7000,false
V4T007654,38.138593,-56.406369,ELG,0.47148158,1.0000,false
V4T007655,3.161835,-21.416973,ELG,0.88122360,1.0000,false
V4T007656,335.583582,-33.237488,LRG,0.56764727,1.0000,false
V4T007657,350.227717,-18.433438,ELG,0.93308541,1.0000,false
V4T007658,35.851304,-43.317016,LRG,0.21288009,1.0000,false
V4T007659,25.233156,-54.686586,ELG,0.48547523,1.0000,false
V4T007660,22.546892,-50.097038,LRG,0.29206199,1.0000,false
V4T007661,355.734234,-25.504328,BGS,1.11838625,0.4500,false
V4T007662,43.809421,-52.493898,Star,5.14798611,0.3000,false
V4T007663,353.211433,-22.523431,LRG,0.49391549,1.0000,true
V4T007664,359.273748,-18.810534,BGS,1.45678306,0.4500,false
V4T007665,344.686344,-21.993804,ELG,0.27494572,1.0000,false
V4T007666,5.977553,-25.917919,ELG,0.20718754,1.0000,false
V4T007667,346.171918,-41.062865,LRG,0.30095440,1.0000,false
V4T007668,39.821914,-44.821195,ELG,0.50482834,1.0000,false
V4T007669,344.691143,-38.536948,BGS,1.09149540,0.4500,false
V4T007670,39.005167,-51.081256,LRG,0.47805048,1.0000,false
V4T007671,339.711823,-23.334438,BGS,1.42899151,0.4500,false
V4T007672,25.648258,-43.060224,BGS,0.92516549,0.4500,false
V4T007673,31.185412,-42.793722,Star,2.91912451,0.3000,false
V4T007674,343.995565,-19.929098,ELG,0.31403088,1.0000,false
V4T007675,38.801186,-56.819937,LRG,0.53292888,1.0000,false
V4T007676,31.247566,-43.251101,BGS,0.96805626,0.4500,false
V4T007677,349.277974,-24.556762,ELG,0.49978846,1.0000,false
V4T007678,17.902205,-49.428034,ELG,0.40207940,1.0000,false
V4T007679,357.679441,-20.019819,Star,3.77865815,0.3000,false
V4T007680,40.013033,-39.024211,LRG,0.38466207,1.0000,false
V4T007681,50.861024,-46.681363,ELG,0.72873739,1.0000,false
V4T007682,351.188333,-21.932779,BGS,1.25575376,0.4500,false
V4T007683,35.928333,-55.165377,LRG,0.47386453,1.0000,false
V4T007684,352.036635,-19.803281,ELG,1.24176335,1.0000,false
V4T007685,5.977627,-24.859856,BGS,1.15384927,0.4500,false
V4T007686,44.291705,-57.581040,ELG,0.78257769,1.0000,false
V4T007687,344.613435,-15.562848,BGS,1.06269166,0.4500,false
V4T007688,354.976508,-18.124169,BGS,0.67109756,0.4500,false
V4T007689,358.118737,-18.009009,BGS,1.17379326,0.4500,true
V4T007690,342.608172,-30.955357,QSO,0.12984918,1.7000,false
V4T007691,338.962103,-21.505692,QSO,0.23288478,1.7000,false
V4T007692,3.389306,-21.895977,LRG,0.44251772,1.0000,false
V4T007693,27.904081,-49.874377,LRG,0.33979378,1.0000,false
V4T007694,359.367458,-17.813028,ELG,0.36218792,1.0000,false
V4T007695,35.782381,-55.389653,LRG,0.45742176,1.0000,false
V4T007696,35.201652,-55.377245,BGS,0.92595094,0.4500,false
V4T007697,352.082315,-38.731950,BGS,2.09081811,0.4500,false
V4T007698,2.632067,-21.632630,LRG,0.50243652,1.0000,false
V4T007699,350.973477,-39.143811,ELG,0.58858659,1.0000,false
V4T007700,351.861966,-39.127045,ELG,0.48454161,1.0000,false
V4T007701,21.403063,-55.704385,Star,4.87575528,0.3000,false
V4T007702,50.443099,-52.819261,ELG,0.24206915,1.0000,false
V4T007703,47.965321,-45.484838,ELG,0.33200152,1.0000,false
V4T007704,347.939082,-22.486437,ELG,1.09258079,1.0000,false
V4T007705,339.931441,-23.127069,QSO,0.08135579,1.7000,false
V4T007706,356.937466,-33.490301,ELG,0.77914700,1.0000,false
V4T007707,24.864409,-48.439936,ELG,1.00965298,1.0000,false
V4T007708,353.669993,-17.639722,ELG,0.92618434,1.0000,false
V4T007709,43.035898,-51.570221,LRG,0.22616003,1.0000,true
V4T007710,355.510640,-29.212730,LRG,0.48110111,1.0000,false
V4T007711,1.981650,-28.889300,BGS,1.32676805,0.4500,false
V4T007712,30.667366,-43.006586,ELG,0.59753336,1.0000,false
V4T007713,339.825086,-30.316795,BGS,2.11285461,0.4500,false
V4T007714,342.878453,-36.050431,BGS,1.36176553,0.4500,false
V4T007715,353.872377,-22.453785,Star,4.48531309,0.3000,false
V4T007716,358.050416,-18.073776,BGS,1.33747491,0.4500,false
V4T007717,35.563317,-55.046673,Star,3.13880103,0.3000,false
V4T007718,24.051669,-52.323664,LRG,0.46944487,1.0000,false
V4T007719,339.255114,-28.127250,ELG,0.91453985,1.0000,false
V4T007720,345.235704,-22.652158,QSO,0.16972680,1.7000,false
V4T007721,31.946683,-58.732225,ELG,0.44615899,1.0000,false
V4T007722,336.928127,-32.721120,Star,4.44103625,0.3000,false
V4T007723,336.238189,-27.663144,ELG,0.40375830,1.0000,false
V4T007724,353.103833,-23.236668,QSO,0.13163725,1.7000,false
V4T007725,38.392805,-46.425289,QSO,0.17977095,1.7000,false
V4T007726,36.043194,-55.804858,LRG,0.57916820,1.0000,false
V4T007727,343.787944,-20.396157,ELG,0.95236771,1.0000,false
V4T007728,359.756620,-21.012348,BGS,1.30699631,0.4500,false
V4T007729,1.489112,-34.992946,QSO,0.26100023,1.7000,false
V4T007730,352.001195,-36.515335,ELG,0.91338094,1.0000,false
V4T007731,28.830015,-46.879712,QSO,0.15606058,1.7000,false
V4T007732,340.148728,-28.005713,LRG,0.40527928,1.0000,false
V4T007733,357.413235,-20.409256,ELG,0.38541839,1.0000,false
V4T007734,354.963220,-17.422418,ELG,0.43160399,1.0000,true
V4T007735,29.930385,-48.039443,LRG,0.49149136,1.0000,false
V4T007736,339.019038,-21.335883,ELG,0.66264403,1.0000,false
V4T007737,351.511435,-39.084191,LRG,0.34750428,1.0000,false
V4T007738,50.191858,-48.050837,ELG,0.61782888,1.0000,false
V4T007739,42.419430,-58.934771,ELG,0.60380332,1.0000,false
V4T007740,19.496699,-58.704162,ELG,0.47866888,1.0000,false
V4T007741,345.449434,-29.541412,BGS,0.89362670,0.4500,false
V4T007742,346.240674,-31.939516,QSO,0.23397888,1.7000,false
V4T007743,351.960667,-30.484482,LRG,0.26212341,1.0000,false
V4T007744,2.514741,-34.885899,QSO,0.13662584,1.7000,false
V4T007745,33.435146,-42.209420,LRG,0.30612039,1.0000,false
V4T007746,40.750002,-49.586869,LRG,0.26519785,1.0000,false
V4T007747,343.282468,-37.147177,BGS,0.82591777,0.4500,false
V4T007748,353.414514,-31.778184,LRG,0.23389613,1.0000,false
V4T007749,2.989069,-29.782453,ELG,0.55880988,1.0000,false
V4T007750,48.730884,-50.176806,QSO,0.17099622,1.7000,false
V4T007751,0.772265,-35.611045,ELG,0.60601459,1.0000,false
V4T007752,342.067905,-30.251630,LRG,0.41096734,1.0000,false
V4T007753,351.802079,-38.221934,BGS,0.56185907,0.4500,true
V4T007754,343.509918,-24.128934,LRG,0.41241363,1.0000,false
V4T007755,339.918297,-25.219517,ELG,0.47625335,1.0000,false
V4T007756,21.119076,-59.038719,Star,4.15888918,0.3000,false
V4T007757,351.949366,-39.382412,ELG,0.47616311,1.0000,false
V4T007758,356.756064,-26.367974,ELG,0.55493356,1.0000,false
V4T007759,339.370137,-30.796966,LRG,0.65603167,1.0000,false
V4T007760,353.484628,-26.946978,LRG,0.46436824,1.0000,false
V4T007761,335.556457,-33.755359,BGS,1.39179359,0.4500,false
V4T007762,33.923841,-51.311308,LRG,0.36280004,1.0000,false
V4T007763,352.252866,-19.624632,ELG,1.38915305,1.0000,false
V4T007764,32.129812,-43.367826,ELG,0.43535216,1.0000,false
V4T007765,20.551948,-39.646978,ELG,0.83792762,1.0000,false
V4T007766,339.618768,-37.312699,ELG,0.70293105,1.0000,false
V4T007767,358.880723,-30.080090,Star,5.15851964,0.3000,false
V4T007768,34.592223,-55.032523,ELG,0.37611700,1.0000,false
V4T007769,350.936296,-38.903081,BGS,1.49031875,0.4500,false
V4T007770,26.569550,-51.835684,BGS,0.63046501,0.4500,false
V4T007771,350.516555,-27.887773,Star,6.25963632,0.3000,false
V4T007772,2.066140,-35.708533,LRG,0.53052454,1.0000,false
V4T007773,44.504695,-39.798178,ELG,0.40234511,1.0000,false
V4T007774,346.632712,-31.050191,ELG,0.70363017,1.0000,false
V4T007775,347.188041,-19.226208,ELG,0.56559676,1.0000,false
V4T007776,345.205993,-29.480202,BGS,1.13598317,0.4500,false
V4T007777,347.942646,-39.391980,ELG,0.42346933,1.0000,false
V4T007778,344.820881,-20.384582,ELG,0.60432287,1.0000,false
V4T007779,352.553409,-34.029288,LRG,0.27959586,1.0000,true
V4T007780,29.105624,-43.206949,Star,4.01680328,0.3000,false
V4T007781,343.476021,-22.015662,BGS,1.14078381,0.4500,false
V4T007782,356.327274,-18.795278,ELG,0.22915741,1.0000,false
V4T007783,358.976024,-26.713942,ELG,0.47688493,1.0000,false
V4T007784,339.682224,-30.717073,BGS,1.68049134,0.4500,false
V4T007785,1.656966,-35.781437,LRG,0.58415178,1.0000,false
V4T007786,348.376013,-33.219178,LRG,0.69084428,1.0000,false
V4T007787,351.407294,-38.430906,QSO,0.25021179,1.7000,false
V4T007788,342.441925,-24.542358,QSO,0.12232813,1.7000,false
V4T007789,344.110256,-25.561910,ELG,0.34273679,1.0000,false
V4T007790,14.203118,-47.027390,BGS,0.83415601,0.4500,false
V4T007791,336.822139,-26.252176,ELG,0.54507863,1.0000,false
V4T007792,25.397925,-57.769426,LRG,0.29324481,1.0000,false
V4T007793,343.852517,-21.020598,ELG,0.50639923,1.0000,true
V4T007794,14.366097,-45.824357,BGS,1.24847112,0.4500,true
V4T007795,351.192095,-17.560037,BGS,1.56911409,0.4500,false
V4T007796,24.073311,-59.296855,QSO,0.19800591,1.7000,false
V4T007797,339.415072,-24.152083,QSO,0.14782250,1.7000,false
V4T007798,356.238088,-28.872077,BGS,1.21794070,0.4500,false
V4T007799,350.506119,-21.399145,ELG,0.47875607,1.0000,false
V4T007800,2.416713,-25.226861,QSO,0.36951637,1.7000,false
V4T007801,339.555799,-29.931001,LRG,0.28935849,1.0000,false
V4T007802,35.702723,-55.374758,LRG,0.47537483,1.0000,false
V4T007803,347.906104,-27.162759,LRG,0.26098630,1.0000,false
V4T007804,352.660302,-38.976176,LRG,0.30813281,1.0000,false
V4T007805,333.736617,-32.289703,ELG,0.58107483,1.0000,false
V4T007806,353.218631,-23.806383,ELG,0.56596379,1.0000,false
V4T007807,47.317387,-55.064697,BGS,1.91582541,0.4500,false
V4T007808,23.658836,-44.181850,ELG,0.86848045,1.0000,false
V4T007809,346.370448,-27.255505,Star,2.83961303,0.3000,false
V4T007810,32.369649,-42.393295,BGS,1.23938762,0.4500,false
V4T007811,29.688370,-44.015916,BGS,1.23623848,0.4500,false
V4T007812,334.453611,-30.229052,ELG,0.67937982,1.0000,false
V4T007813,18.245633,-48.042664,BGS,1.94402117,0.4500,false
V4T007814,352.664296,-19.171871,Star,3.46185402,0.3000,false
V4T007815,339.170945,-39.669575,BGS,1.51190210,0.4500,false
V4T007816,41.755736,-37.727452,ELG,0.58479670,1.0000,false
V4T007817,339.678054,-25.494408,LRG,0.34251958,1.0000,false
V4T007818,27.271984,-47.613044,BGS,1.56178674,0.4500,false
V4T007819,358.719357,-17.829295,ELG,0.77951057,1.0000,false
V4T007820,352.866772,-19.829611,LRG,0.27630301,1.0000,true
V4T007821,21.665917,-49.052616,Star,4.90322290,0.3000,false
V4T007822,24.418498,-51.348177,QSO,0.13587796,1.7000,false
V4T007823,342.592873,-36.312836,BGS,1.28256765,0.4500,false
V4T007824,353.682229,-27.629894,ELG,0.39609596,1.0000,false
V4T007825,19.199052,-56.296413,BGS,1.43540806,0.4500,false
V4T007826,4.584528,-31.899338,LRG,0.60739566,1.0000,false
V4T007827,29.092928,-45.386231,LRG,0.26353577,1.0000,false
V4T007828,22.764665,-52.229855,ELG,0.53370680,1.0000,false
V4T007829,352.011490,-27.299225,ELG,0.57734459,1.0000,false
V4T007830,344.780588,-29.959693,LRG,0.44664167,1.0000,false
V4T007831,354.171839,-39.688018,ELG,0.19183565,1.0000,false
V4T007832,40.351969,-55.533166,LRG,0.47357575,1.0000,false
V4T007833,359.340144,-29.047047,QSO,0.28114014,1.7000,false
V4T007834,31.876119,-50.504443,BGS,1.26120101,0.4500,false
V4T007835,341.810264,-36.314710,LRG,0.31053599,1.0000,false
V4T007836,32.737694,-38.474215,LRG,0.21885364,1.0000,false
V4T007837,341.247871,-30.169849,ELG,0.68034388,1.0000,false
V4T007838,44.447344,-52.300180,ELG,0.34854745,1.0000,false
V4T007839,2.666996,-23.908482,ELG,1.03578918,1.0000,false
V4T007840,24.516429,-51.618973,Star,5.88056120,0.3000,false
V4T007841,349.829319,-18.895962,BGS,0.91844732,0.4500,false
V4T007842,347.478315,-27.993071,Star,6.19885871,0.3000,false
V4T007843,19.885711,-41.221727,ELG,0.71628275,1.0000,false
V4T007844,336.901939,-33.595756,ELG,0.42758331,1.0000,false
V4T007845,1.738335,-23.385475,Star,6.81333209,0.3000,false
V4T007846,347.498555,-25.118345,BGS,1.33436710,0.4500,false
V4T007847,338.589244,-22.357176,ELG,0.64468166,1.0000,false
V4T007848,343.551105,-36.135856,BGS,2.99059567,0.4500,false
V4T007849,29.477521,-54.496948,Star,5.59587593,0.3000,false
V4T007850,349.399481,-22.834341,BGS,2.18224361,0.4500,false
V4T007851,28.304609,-48.181846,Star,4.29741598,0.3000,false
V4T007852,357.807302,-18.675331,ELG,0.53263990,1.0000,false
V4T007853,352.393106,-19.984461,LRG,0.59371088,1.0000,false
V4T007854,338.507311,-30.369746,LRG,0.36025391,1.0000,false
V4T007855,21.180530,-39.597373,QSO,0.24044244,1.7000,false
V4T007856,1.049328,-20.726001,LRG,0.39656871,1.0000,false
V4T007857,44.530893,-52.089072,Star,4.15204392,0.3000,true
V4T007858,36.167441,-58.606544,LRG,0.45704531,1.0000,false
V4T007859,354.489450,-17.423911,QSO,0.21273932,1.7000,false
V4T007860,0.971503,-26.566435,BGS,1.92576495,0.4500,false
V4T007861,23.898167,-51.171266,ELG,0.58307304,1.0000,false
V4T007862,16.213660,-47.682392,LRG,0.55409177,1.0000,false
V4T007863,345.683037,-30.343552,LRG,0.37535454,1.0000,false
V4T007864,39.915241,-51.840920,BGS,1.00835015,0.4500,false
V4T007865,341.688133,-37.163798,QSO,0.14941556,1.7000,true
V4T007866,42.525617,-58.550535,QSO,0.10377004,1.7000,false
V4T007867,351.246467,-32.083701,QSO,0.22433253,1.7000,false
V4T007868,48.564956,-44.894276,ELG,0.91041679,1.0000,false
V4T007869,345.554291,-30.338915,Star,2.76126598,0.3000,false
V4T007870,16.399009,-57.127699,QSO,0.14855668,1.7000,false
V4T007871,20.913599,-48.238742,LRG,0.28804301,1.0000,false
V4T007872,356.329216,-16.353018,ELG,0.56026300,1.0000,false
V4T007873,4.156381,-24.744390,LRG,0.81037837,1.0000,false
V4T007874,355.654467,-18.150549,Star,5.05641347,0.3000,false
V4T007875,21.477425,-50.586880,ELG,0.43814093,1.0000,false
V4T007876,352.707132,-20.714297,BGS,1.57726767,0.4500,false
V4T007877,42.433984,-57.081763,Star,2.94360568,0.3000,false
V4T007878,347.494893,-16.993344,ELG,0.53279418,1.0000,false
V4T007879,23.763156,-45.822127,ELG,0.57475273,1.0000,false
V4T007880,1.767914,-35.326760,LRG,0.34912288,1.0000,false
V4T007881,354.634628,-30.252613,Star,2.21094282,0.3000,false
V4T007882,25.131816,-46.435318,ELG,0.31755728,1.0000,false
V4T007883,37.491152,-58.648684,BGS,1.26236572,0.4500,false
V4T007884,17.327245,-43.291078,LRG,0.39598369,1.0000,false
V4T007885,30.904523,-42.844179,BGS,1.55508840,0.4500,false
V4T007886,22.174226,-49.087729,ELG,0.55067409,1.0000,false
V4T007887,348.654426,-18.105334,LRG,0.19947015,1.0000,false
V4T007888,342.966120,-30.765280,BGS,2.17200112,0.4500,false
V4T007889,358.611920,-18.617362,QSO,0.06026226,1.7000,false
V4T007890,19.082407,-46.822823,BGS,1.24245909,0.4500,false
V4T007891,357.472046,-22.864414,LRG,0.34289984,1.0000,false
V4T007892,340.678386,-21.634032,LRG,0.42357571,1.0000,false
V4T007893,354.525337,-19.024015,QSO,0.13091582,1.7000,false
V4T007894,345.401771,-30.372597,BGS,1.93399944,0.4500,false
V4T007895,23.007387,-46.497225,QSO,0.37039447,1.7000,false
V4T007896,340.546228,-17.823447,ELG,0.58543594,1.0000,false
V4T007897,29.979902,-36.387057,LRG,0.35757767,1.0000,false
V4T007898,0.199153,-33.296691,ELG,0.38502011,1.0000,false
V4T007899,341.703710,-23.078532,BGS,1.80893223,0.4500,false
V4T007900,24.177650,-40.362306,ELG,0.46142393,1.0000,false
V4T007901,350.409800,-31.977488,QSO,0.19084458,1.7000,false
V4T007902,349.487201,-38.923658,QSO,0.14986885,1.7000,false
V4T007903,349.821497,-35.693377,BGS,0.63058812,0.4500,false
V4T007904,2.358972,-22.055243,LRG,0.32876305,1.0000,false
V4T007905,18.326810,-54.608302,ELG,0.57079080,1.0000,false
V4T007906,30.032126,-48.279041,LRG,0.35867347,1.0000,false
V4T007907,355.362096,-23.788426,Star,3.51897982,0.3000,false
V4T007908,4.087286,-21.701991,QSO,0.14541474,1.7000,false
V4T007909,2.635549,-21.844977,BGS,0.79016201,0.4500,false
V4T007910,343.665791,-36.847311,ELG,0.99694613,1.0000,false
V4T007911,348.645273,-25.063460,BGS,1.04293631,0.4500,false
V4T007912,343.990243,-21.400725,BGS,1.64758335,0.4500,false
V4T007913,358.858441,-18.396789,ELG,0.47546253,1.0000,false
V4T007914,18.507050,-52.346265,QSO,0.07364517,1.7000,false
V4T007915,36.583769,-45.741912,ELG,0.31106982,1.0000,false
V4T007916,353.053179,-31.810671,BGS,1.38447458,0.4500,false
V4T007917,18.148077,-53.406164,LRG,0.18669732,1.0000,false
V4T007918,357.555291,-16.278694,LRG,0.34020638,1.0000,false
V4T007919,339.854652,-24.049334,BGS,1.25568924,0.4500,true
V4T007920,343.700544,-36.929356,BGS,1.29620103,0.4500,false
V4T007921,32.935967,-45.069361,LRG,0.33332628,1.0000,false
V4T007922,345.245894,-26.701022,ELG,0.96947981,1.0000,false
V4T007923,27.879622,-36.576858,QSO,0.06730896,1.7000,false
V4T007924,19.103149,-52.030730,BGS,1.07834579,0.4500,false
V4T007925,41.420890,-48.815946,ELG,0.42195068,1.0000,false
V4T007926,352.748378,-19.826992,ELG,0.43457042,1.0000,false
V4T007927,23.556967,-45.600572,LRG,0.33906068,1.0000,false
V4T007928,41.267119,-46.122543,BGS,0.84107444,0.4500,false
V4T007929,348.952060,-31.147899,Star,4.51353611,0.3000,false
V4T007930,355.177085,-29.546260,Star,4.98655105,0.3000,false
V4T007931,36.860343,-55.422609,QSO,0.14665164,1.7000,false
V4T007932,37.318052,-39.979464,ELG,0.41452054,1.0000,false
V4T007933,1.754436,-35.823184,QSO,0.08913639,1.7000,false
V4T007934,343.914165,-27.589181,QSO,0.24961501,1.7000,false
V4T007935,344.479073,-35.474701,ELG,0.41978589,1.0000,false
V4T007936,25.588842,-51.644299,BGS,1.63022802,0.4500,false
V4T007937,22.533041,-51.617612,ELG,0.54047673,1.0000,false
V4T007938,343.742234,-36.166893,LRG,0.25597214,1.0000,false
V4T007939,36.482031,-55.279152,QSO,0.20918231,1.7000,false
V4T007940,19.321084,-49.808570,ELG,1.18559542,1.0000,false
V4T007941,35.845916,-37.368160,BGS,0.91149291,0.4500,false
V4T007942,339.573568,-29.556421,Star,3.80338258,0.3000,false
V4T007943,340.661738,-29.770348,QSO,0.26568011,1.7000,false
V4T007944,358.697158,-19.514692,Star,3.51542750,0.3000,false
V4T007945,333.857710,-31.451054,BGS,0.92191482,0.4500,true
V4T007946,353.262516,-19.374199,LRG,0.66212708,1.0000,false
V4T007947,342.531366,-30.161163,QSO,0.19472127,1.7000,false
V4T007948,2.899097,-35.906190,BGS,1.44789239,0.4500,false
V4T007949,348.367591,-33.803216,BGS,2.25232706,0.4500,false
V4T007950,4.870872,-24.784237,BGS,0.76080699,0.4500,false
V4T007951,335.421305,-27.681344,ELG,0.58213645,1.0000,false
V4T007952,42.300596,-53.373933,BGS,0.98194876,0.4500,false
V4T007953,5.662595,-27.724172,BGS,1.28723134,0.4500,false
V4T007954,345.206826,-30.083409,ELG,0.52924613,1.0000,false
V4T007955,26.313372,-58.550050,ELG,0.46138198,1.0000,false
V4T007956,354.018644,-36.724969,ELG,0.62605276,1.0000,false
V4T007957,22.781365,-41.731585,Star,7.14849216,0.3000,true
V4T007958,26.965781,-50.729693,LRG,0.61891720,1.0000,false
V4T007959,2.145390,-35.351386,BGS,1.02994989,0.4500,false
V4T007960,42.177462,-56.190410,ELG,0.69505104,1.0000,false
V4T007961,339.945020,-25.380545,BGS,2.01206230,0.4500,false
V4T007962,34.904405,-54.197818,BGS,0.80073782,0.4500,false
V4T007963,359.279548,-23.495816,BGS,1.36290363,0.4500,false
V4T007964,352.494231,-19.552207,QSO,0.10737740,1.7000,false
V4T007965,36.068140,-39.424110,BGS,1.38581337,0.4500,false
V4T007966,352.993050,-19.603657,LRG,0.53250429,1.0000,false
V4T007967,22.509253,-52.007751,QSO,0.15155533,1.7000,false
V4T007968,4.305701,-26.603647,BGS,1.34977911,0.4500,false
V4T007969,355.355444,-18.661271,LRG,0.43508057,1.0000,false
V4T007970,1.690187,-26.407423,BGS,1.17601925,0.4500,true
V4T007971,357.018263,-24.095868,ELG,0.37863239,1.0000,false
V4T007972,30.289072,-42.366284,QSO,0.16477233,1.7000,false
V4T007973,31.028715,-43.339035,ELG,0.58137283,1.0000,false
V4T007974,2.637898,-21.028619,Star,5.06469629,0.3000,false
V4T007975,358.462851,-36.961193,ELG,0.58845891,1.0000,false
V4T007976,28.858201,-44.372163,BGS,1.18324071,0.4500,false
V4T007977,338.212326,-34.350472,Star,3.49764665,0.3000,false
V4T007978,346.021119,-16.119753,ELG,1.36799390,1.0000,true
V4T007979,34.874305,-47.344040,BGS,0.95912277,0.4500,false
V4T007980,49.883629,-44.761301,QSO,0.16861486,1.7000,false
V4T007981,341.001077,-20.801274,BGS,1.11041624,0.4500,false
V4T007982,337.342987,-31.351895,BGS,1.60115932,0.4500,false
V4T007983,351.488514,-36.315987,ELG,0.50566440,1.0000,false
V4T007984,358.993854,-20.716218,Star,3.97973890,0.3000,false
V4T007985,358.942409,-18.432110,ELG,0.53379655,1.0000,false
V4T007986,27.242439,-45.757271,QSO,0.13685604,1.7000,false
V4T007987,46.909195,-49.244973,BGS,0.86777224,0.4500,false
V4T007988,30.233604,-40.230554,ELG,0.45824565,1.0000,false
V4T007989,3.306067,-21.487490,Star,3.40067660,0.3000,false
V4T007990,1.017545,-36.198126,ELG,0.60414751,1.0000,false
V4T007991,29.465970,-49.514940,BGS,1.71398697,0.4500,false
V4T007992,36.082798,-47.876820,ELG,0.49553768,1.0000,false
V4T007993,2.932601,-21.167763,BGS,1.94442430,0.4500,false
V4T007994,354.690848,-26.216284,BGS,1.43541834,0.4500,false
V4T007995,2.564642,-21.314018,QSO,0.10804568,1.7000,false
V4T007996,22.262530,-51.672499,ELG,0.43655588,1.0000,false
V4T007997,354.861932,-35.941944,BGS,1.43117827,0.4500,false
V4T007998,30.524232,-50.987616,QSO,0.14645236,1.7000,false
V4T007999,356.666525,-36.568124,BGS,1.26070930,0.4500,false
V4T008000,3.153872,-35.136984,ELG,0.65524334,1.0000,false
V4T008001,49.559562,-45.491666,BGS,1.50967522,0.4500,false
V4T008002,343.310043,-21.179206,ELG,1.41514215,1.0000,true
V4T008003,5.127420,-30.152142,BGS,1.36278632,0.4500,false
V4T008004,352.168871,-38.537970,QSO,0.17093190,1.7000,false
V4T008005,340.607093,-23.905310,BGS,1.49001969,0.4500,false
V4T008006,348.949606,-34.455041,ELG,0.61448811,1.0000,false
V4T008007,25.327911,-51.007956,ELG,0.23333836,1.0000,false
V4T008008,335.784703,-24.356840,LRG,0.32733131,1.0000,false
V4T008009,345.929012,-29.906395,LRG,0.27786150,1.0000,false
V4T008010,342.232956,-37.130586,ELG,0.56168025,1.0000,false
V4T008011,343.425105,-25.555872,BGS,1.32957189,0.4500,false
V4T008012,14.956743,-46.478186,QSO,0.14620668,1.7000,false
V4T008013,340.455568,-23.742181,BGS,1.75299596,0.4500,false
V4T008014,344.565527,-24.006700,ELG,0.89820505,1.0000,false
V4T008015,28.969849,-59.526292,ELG,0.32013533,1.0000,false
V4T008016,23.441046,-40.145737,BGS,1.53722184,0.4500,false
V4T008017,30.642038,-47.187472,Star,5.50358618,0.3000,false
V4T008018,343.961136,-27.351161,ELG,0.44405048,1.0000,false
V4T008019,337.456644,-32.289535,BGS,1.55291489,0.4500,false
V4T008020,353.892384,-29.805737,LRG,0.39581969,1.0000,false
V4T008021,338.908190,-29.558246,QSO,0.14230642,1.7000,false
V4T008022,342.476661,-38.295731,LRG,0.26856453,1.0000,false
V4T008023,339.097926,-32.053223,ELG,0.31373025,1.0000,false
V4T008024,342.939531,-35.555754,ELG,0.37981461,1.0000,false
V4T008025,37.512047,-47.448954,LRG,0.24682087,1.0000,false
V4T008026,49.862563,-45.910213,BGS,1.68075203,0.4500,false
V4T008027,1.981420,-23.603895,Star,4.39222386,0.3000,false
V4T008028,3.069402,-22.966736,BGS,0.91944533,0.4500,false
V4T008029,0.033077,-26.221044,LRG,0.36559148,1.0000,true
V4T008030,26.368214,-46.462024,LRG,0.73706593,1.0000,false
V4T008031,345.366358,-35.413933,ELG,0.39105122,1.0000,false
V4T008032,358.504755,-18.460193,QSO,0.22701103,1.7000,false
V4T008033,29.565887,-43.178461,QSO,0.23769601,1.7000,false
V4T008034,27.271318,-57.569043,ELG,0.39289788,1.0000,false
V4T008035,352.753069,-29.128030,QSO,0.07494986,1.7000,false
V4T008036,348.557032,-35.624737,ELG,0.37713559,1.0000,false
V4T008037,2.724856,-26.694061,ELG,0.42867076,1.0000,false
V4T008038,358.316057,-19.254263,BGS,0.93702801,0.4500,false
V4T008039,353.187133,-19.454000,ELG,0.63556213,1.0000,false
V4T008040,2.026815,-35.430759,QSO,0.13413101,1.7000,false
V4T008041,338.377110,-22.033655,ELG,0.40600199,1.0000,false
V4T008042,358.312401,-25.820167,Star,4.28417760,0.3000,false
V4T008043,24.683153,-37.775678,ELG,0.68360388,1.0000,true
V4T008044,41.439444,-57.798709,BGS,1.01525648,0.4500,true
V4T008045,337.351185,-21.709337,BGS,0.78646748,0.4500,false
V4T008046,353.663444,-20.477179,QSO,0.32362559,1.7000,false
V4T008047,336.749846,-32.160480,BGS,1.26754853,0.4500,false
V4T008048,340.629710,-23.621725,BGS,1.63615116,0.4500,false
V4T008049,50.185959,-53.469228,ELG,1.25935545,1.0000,false
V4T008050,339.645065,-31.073395,ELG,0.31796046,1.0000,false
V4T008051,2.514357,-35.675476,QSO,0.17067446,1.7000,false
V4T008052,18.656755,-54.246636,BGS,1.83578780,0.4500,false
V4T008053,30.960622,-37.280353,BGS,2.35945176,0.4500,false
V4T008054,344.800508,-30.518476,BGS,0.94208749,0.4500,false
V4T008055,338.849592,-30.572667,Star,3.56880174,0.3000,false
V4T008056,343.244660,-35.400271,LRG,0.38596992,1.0000,false
V4T008057,347.067930,-30.963721,ELG,0.48992083,1.0000,false
V4T008058,22.405398,-42.668083,BGS,1.54271426,0.4500,false
V4T008059,44.516092,-50.049288,QSO,0.15250262,1.7000,false
V4T008060,337.850636,-21.562632,QSO,0.17710234,1.7000,false
V4T008061,20.912271,-56.707998,Star,5.00596537,0.3000,false
V4T008062,343.572637,-27.840336,ELG,0.31832162,1.0000,false
V4T008063,353.339809,-19.926277,BGS,1.54314940,0.4500,false
V4T008064,357.100030,-20.828801,ELG,0.51695224,1.0000,false
V4T008065,27.560557,-49.002253,ELG,0.39287901,1.0000,false
V4T008066,340.967198,-18.026411,LRG,0.30981676,1.0000,false
V4T008067,339.120800,-21.439329,ELG,0.64839213,1.0000,false
V4T008068,351.829029,-38.195341,Star,5.82012135,0.3000,false
V4T008069,351.510908,-29.268780,Star,3.27875824,0.3000,false
V4T008070,340.058780,-38.180042,LRG,0.59699924,1.0000,false
V4T008071,337.544138,-28.924532,LRG,0.20055892,1.0000,true
V4T008072,21.256460,-50.836000,ELG,0.68494971,1.0000,false
V4T008073,37.522169,-54.962515,ELG,1.11538398,1.0000,false
V4T008074,341.856600,-40.452482,ELG,0.51962782,1.0000,false
V4T008075,41.139809,-42.962645,ELG,0.43492509,1.0000,false
V4T008076,347.955825,-19.449429,QSO,0.20933739,1.7000,true
V4T008077,0.537334,-32.419158,LRG,0.44905752,1.0000,false
V4T008078,353.577904,-35.112772,Star,6.20495960,0.3000,false
V4T008079,17.136017,-56.454735,LRG,0.36306976,1.0000,false
V4T008080,1.912788,-21.155304,LRG,0.41338889,1.0000,false
V4T008081,349.864206,-41.420988,ELG,0.53667647,1.0000,false
V4T008082,27.462284,-48.532350,LRG,0.33394984,1.0000,false
V4T008083,4.599084,-25.372548,QSO,0.11662513,1.7000,false
V4T008084,356.285919,-34.626573,ELG,0.47081142,1.0000,false
V4T008085,358.224260,-35.084050,ELG,0.23816620,1.0000,false
V4T008086,344.010932,-35.643785,BGS,0.93526461,0.4500,true
V4T008087,340.796553,-23.218387,Star,4.43677042,0.3000,false
V4T008088,19.157487,-52.406105,BGS,1.81673610,0.4500,false
V4T008089,341.694641,-31.100301,QSO,0.34836738,1.7000,false
V4T008090,347.570580,-26.367950,BGS,1.94912613,0.4500,false
V4T008091,352.375634,-24.231298,LRG,0.29474012,1.0000,false
V4T008092,357.284929,-26.044395,QSO,0.33119129,1.7000,false
V4T008093,345.996002,-40.975674,BGS,1.54006557,0.4500,false
V4T008094,353.031595,-20.953147,ELG,0.73881487,1.0000,false
V4T008095,353.293958,-18.781304,Star,2.95272685,0.3000,false
V4T008096,30.713238,-42.639028,QSO,0.15032990,1.7000,false
V4T008097,340.102095,-28.294509,Star,3.26654142,0.3000,false
V4T008098,36.413767,-42.394565,Star,6.02347056,0.3000,false
V4T008099,351.982533,-27.573000,LRG,0.38075561,1.0000,false
V4T008100,33.609340,-43.527098,ELG,0.44729770,1.0000,false
V4T008101,347.157668,-28.682936,ELG,0.32175432,1.0000,false
V4T008102,354.083732,-33.907927,BGS,2.47721955,0.4500,false
V4T008103,40.680630,-41.860019,BGS,1.85572330,0.4500,false
V4T008104,353.184608,-19.735382,QSO,0.20736798,1.7000,false
V4T008105,359.599397,-33.822648,LRG,0.36396580,1.0000,false
V4T008106,352.995261,-40.331802,BGS,1.61362451,0.4500,false
V4T008107,359.087403,-18.939500,LRG,0.33001264,1.0000,false
V4T008108,29.024538,-42.958665,ELG,0.61851177,1.0000,false
V4T008109,353.064913,-19.650572,BGS,0.90250284,0.4500,false
V4T008110,31.512029,-43.739879,BGS,1.24634555,0.4500,false
V4T008111,349.203075,-37.370611,LRG,0.32754823,1.0000,false
V4T008112,355.344133,-32.277910,ELG,0.49256995,1.0000,false
V4T008113,39.671604,-56.830000,LRG,0.36815479,1.0000,false
V4T008114,1.357307,-32.631393,QSO,0.23543114,1.7000,false
V4T008115,30.717670,-42.640072,BGS,2.04951350,0.4500,false
V4T008116,335.913151,-25.887600,BGS,2.16972523,0.4500,false
V4T008117,335.804127,-25.319042,ELG,0.38411278,1.0000,false
V4T008118,359.579550,-21.595617,BGS,1.52773528,0.4500,false
V4T008119,354.679427,-22.086119,LRG,0.32478265,1.0000,false
V4T008120,30.415453,-42.217204,LRG,0.40700772,1.0000,false
V4T008121,1.016704,-29.390427,BGS,1.58662955,0.4500,false
V4T008122,338.057932,-21.197452,BGS,1.19992920,0.4500,false
V4T008123,347.465044,-29.052141,Star,3.42206977,0.3000,false
V4T008124,351.288020,-16.664982,Star,3.56627555,0.3000,false
V4T008125,348.412668,-19.083821,BGS,1.05778837,0.4500,false
V4T008126,351.841625,-39.394895,BGS,0.91588869,0.4500,false
V4T008127,349.605330,-31.841972,ELG,0.34399691,1.0000,false
V4T008128,353.373438,-40.176837,ELG,0.33354864,1.0000,false
V4T008129,32.688485,-43.478644,QSO,0.16720170,1.7000,false
V4T008130,32.344725,-43.126757,LRG,0.25662147,1.0000,false
V4T008131,43.381441,-56.633935,ELG,0.61566045,1.0000,false
V4T008132,357.669296,-29.477800,BGS,1.00148173,0.4500,false
V4T008133,39.996427,-38.426371,BGS,1.20804019,0.4500,false
V4T008134,350.796962,-30.001247,QSO,0.08719182,1.7000,false
V4T008135,39.760778,-46.565028,ELG,0.47188761,1.0000,false
V4T008136,31.642048,-49.675339,ELG,0.56615797,1.0000,false
V4T008137,46.157812,-45.861679,ELG,0.64387119,1.0000,false
V4T008138,358.831944,-18.155213,LRG,0.46815194,1.0000,false
V4T008139,343.754041,-18.162376,ELG,0.94267220,1.0000,false
V4T008140,346.808129,-30.111423,LRG,0.39921070,1.0000,false
V4T008141,49.049616,-49.908719,BGS,0.92874286,0.4500,false
V4T008142,19.016912,-41.008275,LRG,0.40516969,1.0000,false
V4T008143,358.612370,-18.463062,ELG,0.71085269,1.0000,false
V4T008144,334.921359,-28.920378,QSO,0.19873009,1.7000,true
V4T008145,2.169008,-34.306411,BGS,1.17377411,0.4500,false
V4T008146,41.324312,-58.034337,BGS,1.00286429,0.4500,false
V4T008147,347.836271,-17.076742,LRG,0.69826490,1.0000,false
V4T008148,340.026499,-23.374700,LRG,0.29308393,1.0000,false
V4T008149,17.800850,-47.000819,QSO,0.24468272,1.7000,false
V4T008150,46.240152,-47.991859,BGS,2.10270288,0.4500,false
V4T008151,354.228527,-18.463649,LRG,0.44685571,1.0000,false
V4T008152,1.724214,-35.205968,LRG,0.36156640,1.0000,false
V4T008153,346.608614,-15.859076,ELG,0.19027871,1.0000,false
V4T008154,350.231432,-21.141757,ELG,0.77217993,1.0000,false
V4T008155,348.341270,-35.695918,BGS,1.36052300,0.4500,false
V4T008156,349.560399,-31.618533,ELG,0.78836568,1.0000,false
V4T008157,33.471823,-54.569784,ELG,0.25768792,1.0000,false
V4T008158,344.998724,-30.158827,BGS,0.87909021,0.4500,false
V4T008159,29.784893,-42.278689,Star,3.48181915,0.3000,false
V4T008160,338.420174,-33.560159,BGS,1.88719603,0.4500,false
V4T008161,23.706297,-51.366909,QSO,0.35984037,1.7000,false
V4T008162,24.249668,-39.235828,QSO,0.09154678,1.7000,false
V4T008163,24.318843,-42.398955,ELG,0.23089411,1.0000,false
V4T008164,17.788938,-49.580671,BGS,0.97090982,0.4500,false
V4T008165,341.124141,-23.023632,QSO,0.21124891,1.7000,false
V4T008166,37.213077,-44.992293,ELG,0.93328087,1.0000,false
V4T008167,22.197170,-47.613573,LRG,0.33176555,1.0000,false
V4T008168,31.092835,-43.189045,ELG,0.46582060,1.0000,false
V4T008169,355.347529,-23.569943,ELG,0.36324652,1.0000,false
V4T008170,21.753506,-56.493152,LRG,0.29331295,1.0000,false
V4T008171,356.566749,-39.898446,ELG,0.52688007,1.0000,false
V4T008172,352.710088,-21.710524,ELG,0.75784186,1.0000,false
V4T008173,30.837869,-48.929783,ELG,0.60371436,1.0000,false
V4T008174,346.703184,-17.358532,LRG,0.21510234,1.0000,false
V4T008175,338.334562,-33.410600,QSO,0.12762208,1.7000,false
V4T008176,349.169870,-32.406104,BGS,1.21439793,0.4500,false
V4T008177,342.764248,-24.422433,ELG,0.43101563,1.0000,false
V4T008178,352.388134,-39.626251,QSO,0.09741511,1.7000,false
V4T008179,352.665969,-25.069339,QSO,0.09619346,1.7000,false
V4T008180,22.408465,-51.206295,BGS,1.83548233,0.4500,false
V4T008181,340.316930,-23.332712,BGS,1.57128848,0.4500,false
V4T008182,35.906316,-44.170152,LRG,0.44969957,1.0000,false
V4T008183,35.689179,-39.516824,ELG,0.51681636,1.0000,false
V4T008184,353.637065,-29.309161,LRG,0.39821079,1.0000,false
V4T008185,359.271367,-30.184721,ELG,0.76090049,1.0000,false
V4T008186,352.273875,-16.037493,BGS,1.21351765,0.4500,false
V4T008187,51.332329,-49.558603,BGS,1.51747795,0.4500,false
V4T008188,356.267333,-23.848582,ELG,0.46107889,1.0000,false
V4T008189,20.235755,-47.576929,Star,4.91445241,0.3000,false
V4T008190,351.436684,-38.759189,BGS,1.20825396,0.4500,false
V4T008191,342.599752,-18.459837,LRG,0.46801492,1.0000,false
V4T008192,28.747602,-41.859621,ELG,0.32516940,1.0000,false
V4T008193,19.253261,-43.623927,LRG,0.39393016,1.0000,false
V4T008194,3.532316,-29.900323,ELG,0.52504139,1.0000,false
V4T008195,345.318780,-30.207148,QSO,0.13213651,1.7000,false
V4T008196,352.117011,-20.210618,BGS,0.97092879,0.4500,false
V4T008197,350.469798,-32.478186,ELG,0.24869730,1.0000,false
V4T008198,15.488407,-56.542977,ELG,0.75253762,1.0000,false
V4T008199,1.992145,-34.812076,ELG,0.37340075,1.0000,false
V4T008200,339.835679,-23.592494,BGS,1.02805967,0.4500,false
V4T008201,18.044331,-45.030055,BGS,1.28312044,0.4500,false
V4T008202,26.423021,-40.080320,BGS,1.45822139,0.4500,false
V4T008203,24.262493,-50.118085,Star,5.70062098,0.3000,false
V4T008204,15.221179,-48.921065,ELG,0.35989389,1.0000,false
V4T008205,43.558275,-40.625091,ELG,0.35370965,1.0000,false
V4T008206,23.774741,-51.830253,LRG,0.16542638,1.0000,false
V4T008207,23.002885,-51.500912,ELG,0.41047179,1.0000,false
V4T008208,31.182924,-42.266936,BGS,1.14023008,0.4500,false
V4T008209,16.781676,-49.283517,Star,2.74837762,0.3000,false
V4T008210,350.207490,-27.297819,QSO,0.50432901,1.7000,false
V4T008211,2.516480,-20.952255,BGS,1.92143440,0.4500,false
V4T008212,37.114843,-47.033991,QSO,0.46753264,1.7000,false
V4T008213,359.408006,-17.598502,ELG,0.93866826,1.0000,false
V4T008214,36.754205,-47.858158,LRG,0.27800624,1.0000,false
V4T008215,357.604549,-38.447268,QSO,0.06902838,1.7000,false
V4T008216,22.220131,-47.430692,BGS,1.23841323,0.4500,false
V4T008217,356.107155,-23.566677,Star,3.36716098,0.3000,false
V4T008218,352.420818,-39.535546,QSO,0.15052670,1.7000,false
V4T008219,48.157492,-43.792470,BGS,1.92825547,0.4500,false
V4T008220,359.869582,-22.106958,BGS,1.83973253,0.4500,false
V4T008221,339.358290,-30.250577,BGS,0.80873034,0.4500,false
V4T008222,37.038007,-39.604812,LRG,0.38971919,1.0000,false
V4T008223,44.981913,-55.899918,BGS,1.41028287,0.4500,false
V4T008224,34.948164,-56.030509,ELG,0.32629110,1.0000,false
V4T008225,47.983656,-52.582756,ELG,0.38367146,1.0000,false
V4T008226,6.611550,-26.378544,Star,4.66072336,0.3000,false
V4T008227,47.264735,-53.713369,LRG,0.25968696,1.0000,false
V4T008228,346.663504,-39.029502,LRG,0.27628919,1.0000,false
V4T008229,40.522763,-59.282894,ELG,0.51175860,1.0000,false
V4T008230,349.631123,-30.014086,ELG,0.56681477,1.0000,false
V4T008231,36.906802,-37.169508,ELG,1.01625705,1.0000,false
V4T008232,27.220766,-56.787583,ELG,0.29513220,1.0000,false
V4T008233,343.939637,-38.589124,BGS,1.47699258,0.4500,false
V4T008234,35.253634,-42.403361,ELG,1.27755728,1.0000,false
V4T008235,340.248673,-24.193530,LRG,0.30507108,1.0000,false
V4T008236,33.996135,-57.346261,QSO,0.27341223,1.7000,false
V4T008237,13.728145,-52.309254,ELG,0.49466832,1.0000,false
V4T008238,30.945461,-42.976395,BGS,1.18523024,0.4500,false
V4T008239,345.360266,-22.360799,ELG,0.37493591,1.0000,false
V4T008240,38.265622,-57.095167,Star,5.86068501,0.3000,false
V4T008241,38.731315,-41.179426,BGS,0.84908867,0.4500,false
V4T008242,359.372084,-19.695627,LRG,0.53363764,1.0000,false
V4T008243,15.565364,-45.395016,BGS,1.19114189,0.4500,false
V4T008244,346.196197,-29.974341,ELG,0.70007116,1.0000,false
V4T008245,15.769398,-54.137549,QSO,0.34911976,1.7000,false
V4T008246,345.772112,-29.601364,ELG,0.59629150,1.0000,false
V4T008247,44.331174,-57.812291,LRG,0.38754046,1.0000,false
V4T008248,45.128923,-57.651558,LRG,0.39014513,1.0000,false
V4T008249,339.937702,-31.041655,ELG,0.45448091,1.0000,false
V4T008250,359.269578,-19.554206,QSO,0.15237443,1.7000,false
V4T008251,352.825370,-19.748046,ELG,0.47701375,1.0000,false
V4T008252,340.012225,-30.388558,BGS,1.26310604,0.4500,false
V4T008253,26.675618,-59.706991,LRG,0.29757227,1.0000,false
V4T008254,22.652334,-51.423639,LRG,0.20975226,1.0000,false
V4T008255,348.880004,-27.968612,ELG,0.22641684,1.0000,false
V4T008256,346.401719,-25.691533,LRG,0.61501012,1.0000,false
V4T008257,23.289449,-51.343464,LRG,0.32626890,1.0000,false
V4T008258,16.623411,-46.379667,ELG,0.39407479,1.0000,false
V4T008259,349.231062,-36.676491,LRG,0.41945437,1.0000,false
V4T008260,352.402558,-19.108364,BGS,1.38829861,0.4500,true
V4T008261,336.909293,-36.628978,ELG,0.55709326,1.0000,true
V4T008262,17.745150,-53.567332,QSO,0.41322677,1.7000,false
V4T008263,355.531957,-36.550398,BGS,1.21687092,0.4500,false
V4T008264,37.086136,-56.669639,ELG,0.72642148,1.0000,false
V4T008265,341.164172,-35.390516,LRG,0.29979812,1.0000,false
V4T008266,36.281894,-59.739319,QSO,0.08405212,1.7000,false
V4T008267,49.101682,-43.797615,QSO,0.15616621,1.7000,false
V4T008268,334.751999,-29.725961,QSO,0.08094338,1.7000,false
V4T008269,35.341143,-38.809760,ELG,0.46739413,1.0000,false
V4T008270,15.868745,-55.272298,ELG,0.33658193,1.0000,false
V4T008271,18.210499,-47.630175,LRG,0.15007502,1.0000,false
V4T008272,34.315278,-59.968874,Star,2.87625725,0.3000,false
V4T008273,347.469075,-24.729083,ELG,0.50295565,1.0000,false
V4T008274,356.465558,-23.250583,ELG,0.50046767,1.0000,false
V4T008275,350.559677,-26.918999,BGS,1.75355379,0.4500,false
V4T008276,338.636853,-24.080675,ELG,0.50201747,1.0000,false
V4T008277,3.148797,-23.034135,BGS,2.02679641,0.4500,true
V4T008278,339.022758,-22.810993,ELG,0.25353366,1.0000,false
V4T008279,1.795963,-35.334238,BGS,0.76260021,0.4500,false
V4T008280,2.196188,-21.209395,ELG,0.64848239,1.0000,false
V4T008281,345.383171,-17.334936,LRG,0.55646615,1.0000,false
V4T008282,3.105852,-22.221026,QSO,0.30385632,1.7000,false
V4T008283,24.468234,-50.789356,Star,4.11921215,0.3000,false
V4T008284,350.665308,-34.896773,BGS,1.44519681,0.4500,true
V4T008285,350.203544,-23.406630,ELG,0.50474159,1.0000,false
V4T008286,340.110337,-21.025995,ELG,0.56801216,1.0000,false
V4T008287,3.220039,-21.139982,ELG,0.72809549,1.0000,false
V4T008288,19.751628,-49.137863,Star,5.29312674,0.3000,false
V4T008289,25.251277,-38.989555,Star,4.57144249,0.3000,false
V4T008290,335.176032,-35.997385,ELG,0.74257947,1.0000,false
V4T008291,354.075917,-19.851322,ELG,0.42175686,1.0000,false
V4T008292,30.646329,-42.692616,LRG,0.35511552,1.0000,false
V4T008293,346.965593,-33.235417,QSO,0.21598229,1.7000,false
V4T008294,5.697968,-31.833545,ELG,0.50891179,1.0000,false
V4T008295,342.047145,-32.940794,BGS,1.80356961,0.4500,false
V4T008296,18.355830,-51.698003,BGS,1.37091722,0.4500,true
V4T008297,30.924346,-53.077327,LRG,0.21686723,1.0000,false
V4T008298,349.717239,-18.996650,BGS,1.39308749,0.4500,false
V4T008299,352.644686,-35.820730,QSO,0.31397634,1.7000,false
V4T008300,351.982201,-15.077842,ELG,0.65954356,1.0000,false
V4T008301,2.956391,-21.078249,BGS,0.91067379,0.4500,false
V4T008302,352.115040,-39.693949,ELG,0.39076469,1.0000,false
V4T008303,353.191231,-19.406487,QSO,0.11474571,1.7000,false
V4T008304,338.607561,-22.283431,BGS,1.82282278,0.4500,false
V4T008305,340.486575,-23.760926,ELG,1.30213792,1.0000,false
V4T008306,3.440685,-21.846492,BGS,1.07181292,0.4500,false
V4T008307,45.494761,-44.824146,Star,3.02976613,0.3000,false
V4T008308,4.853967,-22.112909,QSO,0.34178562,1.7000,false
V4T008309,23.076695,-51.563806,Star,3.96665153,0.3000,false
V4T008310,343.029293,-20.209781,LRG,0.43357545,1.0000,false
V4T008311,35.742080,-55.511546,BGS,0.64522112,0.4500,false
V4T008312,350.456762,-35.098358,BGS,1.46593434,0.4500,false
V4T008313,1.845770,-35.686688,ELG,0.34091920,1.0000,false
V4T008314,2.797337,-20.699311,ELG,0.69940655,1.0000,false
V4T008315,342.609449,-21.513625,ELG,0.27365057,1.0000,false
V4T008316,23.676886,-45.112733,BGS,1.55474137,0.4500,false
V4T008317,359.797562,-32.765306,ELG,0.54175151,1.0000,false
V4T008318,348.058297,-30.900675,LRG,0.28074127,1.0000,false
V4T008319,351.543047,-38.684146,ELG,0.81806848,1.0000,false
V4T008320,26.421029,-59.190202,ELG,0.70860850,1.0000,false
V4T008321,39.104863,-41.095861,BGS,1.20409036,0.4500,false
V4T008322,347.327323,-36.356152,ELG,0.39399464,1.0000,false
V4T008323,345.470076,-29.506391,BGS,1.86941946,0.4500,false
V4T008324,27.289632,-51.668833,Star,4.56166962,0.3000,false
V4T008325,13.240104,-48.844939,ELG,0.60110997,1.0000,false
V4T008326,356.094897,-23.935100,ELG,0.47694117,1.0000,false
V4T008327,1.802486,-35.737470,Star,3.26873399,0.3000,false
V4T008328,0.381235,-27.782162,ELG,0.58177409,1.0000,false
V4T008329,41.662762,-42.900513,ELG,0.40698291,1.0000,false
V4T008330,340.879080,-22.796837,LRG,0.37797964,1.0000,false
V4T008331,2.499594,-34.442993,BGS,0.90339975,0.4500,true
V4T008332,47.268595,-54.921107,ELG,0.29284664,1.0000,false
V4T008333,358.038505,-29.051281,ELG,0.63846518,1.0000,false
V4T008334,349.138515,-40.535976,ELG,0.54449627,1.0000,false
V4T008335,354.283303,-16.516112,ELG,0.51687567,1.0000,true
V4T008336,349.947969,-30.709217,BGS,0.99875918,0.4500,false
V4T008337,340.885036,-23.974697,ELG,0.62269881,1.0000,false
V4T008338,3.419626,-34.581546,LRG,0.49270104,1.0000,false
V4T008339,14.419850,-55.128199,BGS,0.64242566,0.4500,false
V4T008340,340.212583,-23.726466,ELG,0.86420174,1.0000,false
V4T008341,351.295988,-30.689292,LRG,0.16414684,1.0000,false
V4T008342,345.846096,-29.938835,QSO,0.16970756,1.7000,false
V4T008343,16.732561,-55.217163,BGS,1.54154898,0.4500,false
V4T008344,41.888960,-59.330636,LRG,0.48065131,1.0000,false
V4T008345,353.949280,-24.237053,Star,3.15025626,0.3000,false
V4T008346,16.026330,-47.880968,Star,5.94355214,0.3000,false
V4T008347,344.770888,-31.123056,Star,4.35636513,0.3000,false
V4T008348,357.752360,-32.404846,ELG,0.57341494,1.0000,false
V4T008349,343.139755,-36.380666,Star,4.49531813,0.3000,false
V4T008350,23.092897,-55.862540,Star,4.23636119,0.3000,false
V4T008351,1.549155,-25.798148,ELG,0.56828499,1.0000,false
V4T008352,35.738205,-49.071272,BGS,0.65465878,0.4500,false
V4T008353,46.107709,-56.761366,ELG,0.45932544,1.0000,false
V4T008354,352.184329,-20.537964,QSO,0.36843244,1.7000,false
V4T008355,41.595482,-51.770605,ELG,0.60593283,1.0000,false
V4T008356,32.280193,-55.666492,ELG,0.93370712,1.0000,false
V4T008357,24.075013,-52.169254,ELG,0.42077257,1.0000,false
V4T008358,340.349102,-23.933814,LRG,0.45034181,1.0000,false
V4T008359,355.336010,-30.467004,QSO,0.23026306,1.7000,false
V4T008360,342.743273,-37.364273,QSO,0.15165459,1.7000,false
V4T008361,1.872204,-21.426653,LRG,0.41692881,1.0000,false
V4T008362,345.260769,-24.442568,ELG,0.66849106,1.0000,false
V4T008363,23.429055,-51.869042,ELG,0.81797265,1.0000,false
V4T008364,340.943459,-33.708930,ELG,1.11303040,1.0000,false
V4T008365,350.759473,-22.253287,BGS,2.02825304,0.4500,false
V4T008366,334.537360,-33.178773,LRG,0.45458306,1.0000,true
V4T008367,359.461605,-36.711289,BGS,1.38310677,0.4500,false
V4T008368,1.442397,-35.584139,Star,2.91133805,0.3000,false
V4T008369,32.746897,-38.503877,BGS,1.24608745,0.4500,true
V4T008370,347.643072,-18.933630,BGS,1.12927177,0.4500,false
V4T008371,17.468132,-43.416301,BGS,1.46292290,0.4500,false
V4T008372,28.651838,-57.370904,QSO,0.14307978,1.7000,false
V4T008373,348.989069,-30.256744,LRG,0.59295877,1.0000,false
V4T008374,37.734130,-49.400315,BGS,1.41255949,0.4500,false
V4T008375,343.320433,-34.017475,ELG,0.48635539,1.0000,false
V4T008376,2.140399,-21.109771,LRG,0.33643945,1.0000,false
V4T008377,34.973139,-54.854709,BGS,1.40605140,0.4500,false
V4T008378,41.388169,-41.308559,BGS,1.21822277,0.4500,false
V4T008379,30.836655,-42.211855,QSO,0.20499244,1.7000,false
V4T008380,36.278842,-36.847177,BGS,2.80468261,0.4500,true
V4T008381,342.344175,-39.408837,ELG,0.50531297,1.0000,false
V4T008382,46.088509,-50.343090,QSO,0.07942132,1.7000,false
V4T008383,358.505043,-19.119349,ELG,1.16835051,1.0000,true
V4T008384,4.369935,-31.000616,ELG,0.46226611,1.0000,true
V4T008385,40.896352,-54.766409,QSO,0.07672948,1.7000,false
V4T008386,358.403552,-26.105330,QSO,0.04700420,1.7000,false
V4T008387,1.076442,-25.102243,LRG,0.47133071,1.0000,false
V4T008388,352.886668,-32.183665,ELG,0.75301062,1.0000,false
V4T008389,345.493013,-40.403051,LRG,0.44718778,1.0000,false
V4T008390,358.266254,-18.237280,QSO,0.31450488,1.7000,false
V4T008391,359.302005,-18.836911,BGS,0.82965637,0.4500,false
V4T008392,347.605350,-26.143178,LRG,0.46658801,1.0000,false
V4T008393,50.148196,-50.833514,ELG,0.95802925,1.0000,false
V4T008394,344.771424,-38.983295,ELG,0.67531810,1.0000,false
V4T008395,32.426789,-53.188107,LRG,0.66888851,1.0000,false
V4T008396,2.068783,-21.643359,BGS,1.55722809,0.4500,false
V4T008397,3.035450,-22.778369,LRG,0.31367328,1.0000,false
V4T008398,23.328151,-39.594435,BGS,1.19645769,0.4500,false
V4T008399,1.545461,-33.881155,QSO,0.32998404,1.7000,false
V4T008400,349.286146,-18.545488,LRG,0.65214864,1.0000,false
V4T008401,349.858212,-15.600576,QSO,0.14563554,1.7000,false
V4T008402,339.683230,-37.390269,BGS,1.02975262,0.4500,false
V4T008403,31.512209,-43.045034,BGS,1.63178440,0.4500,false
V4T008404,339.565827,-30.784039,QSO,0.07235384,1.7000,false
V4T008405,26.543283,-55.957341,BGS,1.15652413,0.4500,false
V4T008406,30.071839,-47.981940,BGS,0.79975864,0.4500,false
V4T008407,340.116217,-27.174725,ELG,0.63915566,1.0000,false
V4T008408,340.146157,-19.655236,LRG,0.38091111,1.0000,false
V4T008409,29.592670,-48.881954,Star,4.07135726,0.3000,false
V4T008410,347.884358,-30.698394,BGS,2.19944741,0.4500,false
V4T008411,37.314964,-57.003593,BGS,1.09900678,0.4500,false
V4T008412,355.850090,-25.390563,LRG,0.38425273,1.0000,false
V4T008413,341.893794,-35.086557,ELG,1.09242551,1.0000,false
V4T008414,28.712803,-52.728883,ELG,0.37207891,1.0000,false
V4T008415,345.145782,-29.796102,LRG,0.28111252,1.0000,true
V4T008416,16.709527,-42.638839,BGS,1.35990883,0.4500,false
V4T008417,346.293085,-29.618350,LRG,0.20936582,1.0000,false
V4T008418,24.855662,-44.871847,ELG,0.41902375,1.0000,false
V4T008419,30.863303,-42.860020,LRG,0.32802818,1.0000,false
V4T008420,344.050622,-40.027937,Star,4.01005183,0.3000,false
V4T008421,356.600749,-36.920135,BGS,0.71024398,0.4500,false
V4T008422,1.651320,-35.719132,Star,2.84165116,0.3000,false
V4T008423,15.254461,-45.049616,ELG,0.58635040,1.0000,false
V4T008424,340.234733,-30.137477,BGS,1.16633436,0.4500,false
V4T008425,22.989344,-45.569204,BGS,0.97358679,0.4500,false
V4T008426,50.303444,-49.840502,QSO,0.06450185,1.7000,false
V4T008427,358.262830,-18.908651,BGS,1.42924959,0.4500,false
V4T008428,27.758102,-59.195018,ELG,0.63765003,1.0000,false
V4T008429,341.408250,-23.606825,BGS,1.01776733,0.4500,false
V4T008430,337.493838,-26.013235,QSO,0.17428923,1.7000,false
V4T008431,31.837460,-41.878494,LRG,0.32712331,1.0000,false
V4T008432,345.220978,-29.281302,Star,3.14841324,0.3000,false
V4T008433,359.444862,-18.648576,Star,3.31366331,0.3000,false
V4T008434,343.027555,-23.376067,Star,3.19158590,0.3000,false
V4T008435,0.520665,-22.531300,BGS,1.37279834,0.4500,false
V4T008436,36.030907,-56.519108,ELG,0.40615223,1.0000,false
V4T008437,356.953362,-19.714221,QSO,0.19350903,1.7000,false
V4T008438,359.073446,-18.627998,BGS,1.86612166,0.4500,false
V4T008439,353.805604,-37.531716,BGS,1.51665755,0.4500,false
V4T008440,342.812987,-36.566386,BGS,1.24436471,0.4500,false
V4T008441,1.827596,-23.272458,BGS,1.13497378,0.4500,false
V4T008442,348.995954,-16.705955,Star,2.83954998,0.3000,true
V4T008443,37.515437,-56.090350,ELG,0.80992374,1.0000,false
V4T008444,350.780531,-40.357631,QSO,0.67299692,1.7000,false
V4T008445,352.263799,-30.314402,BGS,1.05253974,0.4500,false
V4T008446,23.707905,-51.882740,LRG,0.18496323,1.0000,false
V4T008447,35.734653,-46.876379,ELG,0.30264905,1.0000,false
V4T008448,28.113947,-58.625275,Star,5.64705055,0.3000,false
V4T008449,29.351520,-59.176934,ELG,0.75980526,1.0000,false
V4T008450,3.497813,-20.568002,ELG,0.65194575,1.0000,false
V4T008451,344.397549,-35.296392,BGS,1.76000955,0.4500,false
V4T008452,358.148978,-17.868847,ELG,0.62165094,1.0000,false
V4T008453,334.752557,-33.375191,BGS,0.78780360,0.4500,false
V4T008454,45.689793,-47.698912,BGS,2.37772894,0.4500,false
V4T008455,342.701731,-39.644457,LRG,0.35126007,1.0000,false
V4T008456,338.970667,-21.519015,BGS,1.54486865,0.4500,false
V4T008457,28.237212,-58.850896,LRG,0.44801552,1.0000,false
V4T008458,345.809473,-37.108542,LRG,0.26113676,1.0000,false
V4T008459,341.572276,-25.285834,ELG,0.51396295,1.0000,false
V4T008460,352.524361,-22.609524,LRG,0.22681280,1.0000,false
V4T008461,353.127148,-21.078536,LRG,0.28163062,1.0000,false
V4T008462,37.882625,-36.519051,ELG,0.50918646,1.0000,false
V4T008463,353.335543,-22.347618,BGS,1.60752752,0.4500,false
V4T008464,40.316533,-56.484314,ELG,0.39894647,1.0000,false
V4T008465,0.168761,-19.059157,LRG,0.25623041,1.0000,false
V4T008466,343.540673,-35.410166,LRG,0.27803464,1.0000,false
V4T008467,37.529995,-50.761021,BGS,1.52035569,0.4500,false
V4T008468,0.389513,-37.460534,ELG,0.65591756,1.0000,false
V4T008469,40.168782,-48.247689,ELG,0.47957257,1.0000,false
V4T008470,342.344444,-29.885267,BGS,0.63602265,0.4500,false
V4T008471,3.264679,-20.910318,Star,3.85016544,0.3000,true
V4T008472,351.439644,-39.794517,QSO,0.33131357,1.7000,false
V4T008473,35.019554,-51.006430,BGS,1.78650055,0.4500,false
V4T008474,3.298367,-21.539181,BGS,1.46975656,0.4500,false
V4T008475,6.266369,-25.385778,ELG,0.72487497,1.0000,false
V4T008476,349.433831,-18.923796,BGS,0.80446137,0.4500,false
V4T008477,340.705963,-30.886906,ELG,0.35159088,1.0000,false
V4T008478,2.812925,-21.983755,Star,2.94196171,0.3000,false
V4T008479,351.465440,-19.211264,Star,4.06232323,0.3000,false
V4T008480,341.139784,-32.884195,ELG,0.35242865,1.0000,true
V4T008481,358.575487,-32.798515,QSO,0.23775943,1.7000,false
V4T008482,44.690408,-46.082619,LRG,0.34895232,1.0000,false
V4T008483,352.836014,-19.871259,LRG,0.47376490,1.0000,false
V4T008484,23.813906,-50.406041,QSO,0.25092843,1.7000,true
V4T008485,21.611559,-38.801792,ELG,0.51853554,1.0000,false
V4T008486,37.347154,-39.196403,ELG,0.78670087,1.0000,false
V4T008487,339.086456,-30.872688,ELG,0.56071609,1.0000,false
V4T008488,16.624644,-42.765496,QSO,0.22388726,1.7000,false
V4T008489,353.518006,-20.138335,BGS,1.36670140,0.4500,false
V4T008490,40.494420,-49.216843,ELG,0.75822729,1.0000,false
V4T008491,338.844668,-29.753666,LRG,0.50386315,1.0000,false
V4T008492,357.974863,-16.640911,QSO,0.22335090,1.7000,false
V4T008493,339.332123,-30.611694,ELG,0.35460789,1.0000,false
V4T008494,24.262976,-51.645148,LRG,0.39984220,1.0000,false
V4T008495,38.235399,-41.855896,ELG,0.45736950,1.0000,false
V4T008496,28.774687,-38.612439,ELG,0.26654754,1.0000,false
V4T008497,359.469168,-19.356133,ELG,0.40139505,1.0000,false
V4T008498,353.656227,-21.331246,BGS,0.79392791,0.4500,false
V4T008499,341.787850,-35.211414,ELG,0.31990609,1.0000,false
V4T008500,338.537063,-29.814553,ELG,0.77735776,1.0000,false
V4T008501,18.150936,-53.488555,ELG,1.23097042,1.0000,false
V4T008502,340.514648,-23.315117,ELG,0.39944564,1.0000,false
V4T008503,345.122361,-30.015894,QSO,0.08467913,1.7000,true
V4T008504,32.516719,-57.937639,LRG,0.29816000,1.0000,false
V4T008505,354.099956,-39.848213,ELG,0.81086886,1.0000,false
V4T008506,341.236063,-24.225154,LRG,0.32235177,1.0000,false
V4T008507,30.258165,-42.765041,BGS,0.88414878,0.4500,false
V4T008508,4.862817,-31.771255,Star,4.32498706,0.3000,false
V4T008509,357.140301,-27.264344,LRG,0.48977825,1.0000,false
V4T008510,35.786514,-54.356308,BGS,0.78696303,0.4500,false
V4T008511,335.655431,-31.974451,LRG,0.62780950,1.0000,false
V4T008512,338.781034,-22.382069,BGS,1.67502399,0.4500,false
V4T008513,349.493817,-28.337775,ELG,0.43481302,1.0000,false
V4T008514,334.882362,-28.586349,BGS,1.11292324,0.4500,false
V4T008515,352.196867,-39.034879,QSO,0.05611165,1.7000,false
V4T008516,344.180184,-30.775695,BGS,1.04902002,0.4500,false
V4T008517,339.884649,-19.455852,LRG,0.39274788,1.0000,false
V4T008518,343.552210,-36.172006,BGS,0.75257531,0.4500,false
V4T008519,2.652981,-34.763936,ELG,0.86575452,1.0000,false
V4T008520,338.182009,-21.713963,ELG,0.45771667,1.0000,false
V4T008521,359.480069,-19.087994,LRG,0.24715419,1.0000,false
V4T008522,22.521962,-51.739426,ELG,0.84560632,1.0000,false
V4T008523,357.020656,-37.937772,ELG,0.37816011,1.0000,false
V4T008524,38.316172,-39.283850,LRG,0.19917557,1.0000,false
V4T008525,343.057561,-37.222090,BGS,0.79856211,0.4500,false
V4T008526,340.540164,-24.310786,QSO,0.12085489,1.7000,false
V4T008527,338.574939,-21.355876,LRG,0.43725531,1.0000,false
V4T008528,342.439468,-35.792828,ELG,0.53415019,1.0000,false
V4T008529,36.271296,-51.961943,BGS,1.24398714,0.4500,false
V4T008530,44.088390,-46.214946,Star,4.08950721,0.3000,false
V4T008531,346.227222,-30.825248,LRG,0.26188984,1.0000,false
V4T008532,340.561942,-23.694986,BGS,1.93278572,0.4500,false
V4T008533,339.450915,-37.564430,LRG,0.40290355,1.0000,false
V4T008534,31.133311,-46.655131,BGS,1.09975068,0.4500,false
V4T008535,341.574355,-22.572278,Star,4.14290512,0.3000,false
V4T008536,334.850748,-35.164359,BGS,1.09304861,0.4500,false
V4T008537,359.108313,-17.293522,BGS,1.30285052,0.4500,false
V4T008538,356.289623,-29.297321,Star,3.50499103,0.3000,false
V4T008539,29.968226,-48.324003,ELG,0.47990914,1.0000,false
V4T008540,30.659429,-42.993722,BGS,1.02848224,0.4500,false
V4T008541,359.036603,-19.207214,QSO,0.13261074,1.7000,false
V4T008542,358.732165,-18.230902,BGS,1.12697395,0.4500,false
V4T008543,351.325257,-38.810037,BGS,0.98993725,0.4500,false
V4T008544,40.095162,-59.879774,BGS,1.23368826,0.4500,false
V4T008545,339.575674,-20.196054,BGS,1.10391690,0.4500,false
V4T008546,358.469440,-19.021065,BGS,0.94379524,0.4500,false
V4T008547,37.560035,-53.534815,QSO,0.11291521,1.7000,false
V4T008548,346.247425,-29.443357,ELG,0.74310102,1.0000,false
V4T008549,349.887245,-39.215171,QSO,0.24381824,1.7000,false
V4T008550,335.408985,-33.283348,QSO,0.13400645,1.7000,false
V4T008551,339.932502,-30.690646,BGS,0.91656994,0.4500,false
V4T008552,357.527891,-18.283300,BGS,0.95263046,0.4500,false
V4T008553,354.379547,-34.160739,QSO,0.23300999,1.7000,false
V4T008554,27.354313,-52.754745,QSO,0.21031561,1.7000,false
V4T008555,351.883899,-31.462506,QSO,0.39731308,1.7000,false
V4T008556,21.545401,-51.618223,ELG,0.38527767,1.0000,false
V4T008557,335.745541,-23.328868,BGS,1.24560413,0.4500,false
V4T008558,347.112896,-37.878665,LRG,0.33474228,1.0000,false
V4T008559,352.812604,-26.274313,Star,4.51731836,0.3000,true
V4T008560,356.553629,-23.465744,BGS,1.41172858,0.4500,false
V4T008561,345.410248,-29.521229,Star,2.44801915,0.3000,false
V4T008562,27.682936,-40.699284,LRG,0.31128207,1.0000,false
V4T008563,356.906891,-19.190515,BGS,1.21338344,0.4500,false
V4T008564,4.205163,-34.688666,ELG,0.73949983,1.0000,false
V4T008565,354.028421,-31.174729,QSO,0.20815409,1.7000,false
V4T008566,45.669975,-48.932977,LRG,0.35768057,1.0000,false
V4T008567,342.654880,-27.668705,QSO,0.21491202,1.7000,false
V4T008568,344.213209,-36.674352,QSO,0.06189071,1.7000,false
V4T008569,357.848727,-18.053110,BGS,1.47579776,0.4500,false
V4T008570,354.413061,-23.708202,BGS,1.46880685,0.4500,false
V4T008571,50.389875,-47.018797,LRG,0.26257243,1.0000,false
V4T008572,337.261488,-28.058726,LRG,0.26293075,1.0000,false
V4T008573,35.901099,-54.502793,QSO,0.09879043,1.7000,false
V4T008574,29.434750,-52.408733,Star,3.54794764,0.3000,false
V4T008575,2.148572,-36.358293,QSO,0.18578644,1.7000,false
V4T008576,22.605004,-56.991776,LRG,0.62349639,1.0000,false
V4T008577,359.955014,-17.895379,Star,4.16714013,0.3000,false
V4T008578,343.739290,-27.337246,QSO,0.27860752,1.7000,false
V4T008579,356.427067,-23.839378,BGS,1.90611844,0.4500,false
V4T008580,343.410576,-30.114962,LRG,0.49148913,1.0000,false
V4T008581,358.622679,-18.270584,ELG,0.53985935,1.0000,false
V4T008582,36.532116,-48.162616,QSO,0.37577704,1.7000,false
V4T008583,30.823318,-41.684620,BGS,1.89211509,0.4500,false
V4T008584,25.004726,-57.881447,QSO,0.16021402,1.7000,false
V4T008585,338.220387,-26.636525,Star,4.87354662,0.3000,false
V4T008586,2.058723,-35.283619,QSO,0.31186889,1.7000,false
V4T008587,355.420510,-24.602278,LRG,0.57913521,1.0000,false
V4T008588,338.193550,-30.475224,ELG,0.81923925,1.0000,false
V4T008589,34.420943,-55.826652,LRG,0.27926070,1.0000,false
V4T008590,355.188014,-23.981599,LRG,0.25492505,1.0000,false
V4T008591,339.125781,-30.360683,LRG,0.40414509,1.0000,false
V4T008592,339.575847,-23.675654,ELG,0.40323287,1.0000,false
V4T008593,23.409555,-51.790941,LRG,0.31458434,1.0000,false
V4T008594,2.107138,-35.034425,ELG,0.36124211,1.0000,false
V4T008595,2.400728,-34.921560,BGS,1.88421487,0.4500,true
V4T008596,346.720665,-28.013817,LRG,0.19801370,1.0000,false
V4T008597,21.552244,-43.291036,BGS,0.84222046,0.4500,false
V4T008598,354.429090,-24.601676,QSO,0.31883963,1.7000,false
V4T008599,351.213955,-28.679060,QSO,0.13920143,1.7000,false
V4T008600,336.957515,-28.605390,ELG,0.51527145,1.0000,false
V4T008601,23.603783,-37.836422,ELG,0.38754991,1.0000,false
V4T008602,355.614617,-36.894082,BGS,0.95074396,0.4500,false
V4T008603,336.362816,-28.959092,ELG,0.63288246,1.0000,false
V4T008604,26.311143,-36.653744,ELG,0.49389528,1.0000,false
V4T008605,29.964426,-42.350029,BGS,3.09130961,0.4500,false
V4T008606,340.003171,-30.378500,ELG,0.37172600,1.0000,false
V4T008607,30.332901,-43.162616,ELG,0.93387044,1.0000,false
V4T008608,338.345783,-21.946073,BGS,1.68382487,0.4500,false
V4T008609,338.374283,-20.982744,Star,2.53944815,0.3000,false
V4T008610,358.279456,-29.048377,ELG,0.23561642,1.0000,false
V4T008611,334.568924,-31.042058,LRG,0.30555581,1.0000,false
V4T008612,15.814908,-50.183588,ELG,0.40469456,1.0000,false
V4T008613,47.030586,-47.864523,BGS,1.27472453,0.4500,false
V4T008614,354.600521,-36.087898,ELG,0.48553210,1.0000,false
V4T008615,337.646918,-21.528408,BGS,1.77743754,0.4500,false
V4T008616,30.068947,-54.778546,QSO,0.36614785,1.7000,false
V4T008617,338.106973,-28.593325,LRG,0.26462439,1.0000,true
V4T008618,23.362209,-41.285163,LRG,0.18358673,1.0000,false
V4T008619,37.227533,-57.521389,BGS,1.62938993,0.4500,true
V4T008620,47.126553,-44.253806,LRG,0.24815875,1.0000,false
V4T008621,2.928135,-19.580742,LRG,0.24343403,1.0000,false
V4T008622,24.156483,-54.380525,BGS,1.10764237,0.4500,false
V4T008623,4.552054,-32.626541,ELG,0.44426949,1.0000,false
V4T008624,45.711729,-55.462727,BGS,1.01213063,0.4500,false
V4T008625,340.713664,-23.778092,ELG,0.30075575,1.0000,false
V4T008626,353.414974,-19.478568,BGS,1.25577923,0.4500,true
V4T008627,36.336285,-48.242684,ELG,0.20469542,1.0000,false
V4T008628,1.067416,-32.405850,BGS,1.56972090,0.4500,false
V4T008629,347.221829,-15.571975,BGS,0.97715416,0.4500,false
V4T008630,341.717121,-17.465321,LRG,0.33158807,1.0000,false
V4T008631,351.627788,-34.122130,BGS,1.14659616,0.4500,false
V4T008632,45.266863,-39.741502,LRG,0.30119129,1.0000,false
V4T008633,30.406372,-41.480586,LRG,0.36631957,1.0000,false
V4T008634,13.422323,-50.744360,BGS,1.00206327,0.4500,false
V4T008635,36.522548,-37.478784,ELG,0.76105719,1.0000,false
V4T008636,345.811655,-30.019897,BGS,1.25762389,0.4500,false
V4T008637,36.682718,-53.181486,BGS,1.03589576,0.4500,false
V4T008638,2.950784,-20.775093,ELG,0.27778314,1.0000,false
V4T008639,23.037534,-50.754536,BGS,1.65928427,0.4500,false
V4T008640,48.611002,-43.442992,ELG,0.33594309,1.0000,false
V4T008641,13.856987,-47.274957,ELG,0.76287522,1.0000,false
V4T008642,353.881401,-25.719766,ELG,0.37511467,1.0000,false
V4T008643,353.798812,-28.882953,LRG,0.24292634,1.0000,false
V4T008644,351.574380,-39.095609,LRG,0.45446796,1.0000,false
V4T008645,345.564907,-35.665148,QSO,0.13828840,1.7000,false
V4T008646,22.885226,-51.410012,ELG,0.96962450,1.0000,false
V4T008647,355.785069,-23.922149,LRG,0.53121602,1.0000,false
V4T008648,2.220581,-35.935837,ELG,0.52720093,1.0000,false
V4T008649,39.149013,-59.447504,ELG,0.54429388,1.0000,false
V4T008650,352.762389,-40.627006,ELG,0.69903039,1.0000,false
V4T008651,355.330818,-38.256161,LRG,0.46923553,1.0000,false
V4T008652,351.356556,-39.908358,ELG,0.54416656,1.0000,false
V4T008653,42.381030,-43.611562,BGS,2.37202858,0.4500,false
V4T008654,352.659763,-28.293952,LRG,0.50755254,1.0000,false
V4T008655,25.519297,-44.234420,LRG,0.60205475,1.0000,false
V4T008656,358.786465,-19.112684,QSO,0.14401034,1.7000,false
V4T008657,33.621950,-55.798084,Star,3.76992671,0.3000,false
V4T008658,346.306786,-28.582679,LRG,0.38715492,1.0000,false
V4T008659,343.664216,-35.837766,LRG,0.64107095,1.0000,false
V4T008660,31.051022,-48.266983,BGS,2.46507257,0.4500,false
V4T008661,15.323325,-44.979736,BGS,1.67268788,0.4500,false
V4T008662,339.440621,-18.280291,LRG,0.33565854,1.0000,false
V4T008663,353.094616,-19.550773,ELG,0.58233293,1.0000,false
V4T008664,358.361773,-18.899839,QSO,0.34269240,1.7000,false
V4T008665,19.317327,-58.954079,BGS,1.79615346,0.4500,false
V4T008666,42.543003,-48.984646,ELG,0.71738237,1.0000,false
V4T008667,3.277959,-21.586777,ELG,0.73689214,1.0000,false
V4T008668,14.165975,-46.445203,BGS,0.85742463,0.4500,false
V4T008669,344.746013,-40.180617,LRG,0.24839029,1.0000,false
V4T008670,39.910856,-54.435688,ELG,0.24296800,1.0000,false
V4T008671,338.664391,-30.120474,ELG,0.81911793,1.0000,false
V4T008672,354.911380,-25.868948,LRG,0.30409422,1.0000,false
V4T008673,48.465257,-53.931618,QSO,0.23996921,1.7000,false
V4T008674,350.649913,-27.162406,BGS,1.09330209,0.4500,false
V4T008675,31.130104,-52.597261,ELG,0.41701548,1.0000,false
V4T008676,347.901959,-26.572941,LRG,0.28019084,1.0000,false
V4T008677,0.079231,-36.847481,BGS,1.33785277,0.4500,false
V4T008678,339.811601,-31.657056,BGS,1.54531093,0.4500,false
V4T008679,340.216556,-25.243529,BGS,1.34006799,0.4500,false
V4T008680,342.101511,-35.867389,BGS,0.90842915,0.4500,false
V4T008681,355.602473,-22.863811,Star,4.67345484,0.3000,false
V4T008682,343.561261,-20.234791,QSO,0.24410283,1.7000,false
V4T008683,359.946919,-19.761384,ELG,0.36607200,1.0000,false
V4T008684,345.057024,-29.681010,QSO,0.06620455,1.7000,false
V4T008685,24.005678,-60.206083,Star,3.77566572,0.3000,false
V4T008686,341.050884,-24.094197,ELG,0.39177497,1.0000,false
V4T008687,352.438978,-19.973534,ELG,0.46286418,1.0000,false
V4T008688,347.623368,-24.147066,Star,4.94113584,0.3000,false
V4T008689,351.271777,-38.801769,BGS,1.00446380,0.4500,true
V4T008690,352.138849,-18.289575,ELG,0.50615312,1.0000,false
V4T008691,357.342728,-17.511847,BGS,1.50350903,0.4500,false
V4T008692,342.481478,-36.450068,LRG,0.18971598,1.0000,false
V4T008693,351.577299,-39.620526,BGS,1.33073070,0.4500,false
V4T008694,4.123454,-23.225126,BGS,1.00220589,0.4500,false
V4T008695,339.626117,-29.688035,BGS,1.04926514,0.4500,false
V4T008696,358.462393,-18.978394,ELG,1.54776607,1.0000,false
V4T008697,36.466585,-55.493722,BGS,1.34612981,0.4500,false
V4T008698,338.732991,-21.987538,BGS,0.87483782,0.4500,false
V4T008699,346.172346,-30.123902,ELG,0.32794921,1.0000,false
V4T008700,41.966750,-45.068406,BGS,0.62598523,0.4500,false
V4T008701,21.622787,-45.022288,Star,4.61203198,0.3000,true
V4T008702,358.050707,-18.955753,ELG,0.97625169,1.0000,false
V4T008703,355.569401,-17.026763,ELG,0.58025350,1.0000,false
V4T008704,341.167802,-18.745249,ELG,0.69190613,1.0000,false
V4T008705,346.071809,-20.017665,QSO,0.19608629,1.7000,false
V4T008706,337.326740,-25.787250,BGS,1.66858286,0.4500,false
V4T008707,34.069274,-55.877322,ELG,0.32256984,1.0000,false
V4T008708,355.526039,-23.220532,QSO,0.28942226,1.7000,false
V4T008709,0.658908,-24.406715,LRG,0.41584052,1.0000,false
V4T008710,41.056322,-44.385074,ELG,0.99243669,1.0000,false
V4T008711,36.089912,-45.604739,LRG,0.37491332,1.0000,false
V4T008712,351.780612,-39.156323,LRG,0.23734496,1.0000,false
V4T008713,15.930627,-52.471615,Star,4.33576813,0.3000,false
V4T008714,44.275846,-39.649096,LRG,0.35015980,1.0000,false
V4T008715,339.064379,-19.188620,ELG,0.89564373,1.0000,false
V4T008716,336.217450,-31.637594,ELG,0.57031475,1.0000,false
V4T008717,353.507024,-30.310651,BGS,0.81109745,0.4500,false
V4T008718,348.081682,-27.501370,BGS,1.79908170,0.4500,false
V4T008719,37.213718,-39.960425,ELG,0.58718733,1.0000,false
V4T008720,347.985151,-21.457408,LRG,0.18570748,1.0000,false
V4T008721,32.239612,-60.784911,BGS,1.06080994,0.4500,false
V4T008722,27.307134,-41.389761,ELG,0.59756568,1.0000,false
V4T008723,350.199261,-32.871968,QSO,0.26972207,1.7000,false
V4T008724,338.251445,-21.318946,LRG,0.27259557,1.0000,false
V4T008725,44.716059,-42.067231,LRG,0.41585504,1.0000,false
V4T008726,0.153658,-28.329449,LRG,0.36741744,1.0000,false
V4T008727,342.849239,-39.694902,LRG,0.44476664,1.0000,false
V4T008728,43.704922,-41.971182,BGS,1.30700977,0.4500,false
V4T008729,342.805557,-37.403724,BGS,1.02884856,0.4500,false
V4T008730,36.317992,-41.100881,ELG,0.36035167,1.0000,false
V4T008731,344.382266,-32.165121,LRG,0.31348789,1.0000,false
V4T008732,344.638783,-30.798582,Star,3.95503745,0.3000,false
V4T008733,359.396120,-17.984471,Star,3.86812201,0.3000,false
V4T008734,334.530937,-28.369182,BGS,1.06475968,0.4500,false
V4T008735,341.683180,-37.631742,ELG,0.78586336,1.0000,false
V4T008736,341.444637,-35.999280,QSO,0.30411609,1.7000,false
V4T008737,359.009690,-18.701600,ELG,0.30818646,1.0000,false
V4T008738,335.266556,-35.439750,ELG,0.86322856,1.0000,false
V4T008739,31.726049,-50.241738,BGS,0.83068086,0.4500,false
V4T008740,344.671812,-20.054438,Star,6.32714235,0.3000,false
V4T008741,356.831571,-30.895117,BGS,0.94616490,0.4500,false
V4T008742,351.049718,-31.643085,LRG,0.36990684,1.0000,false
V4T008743,344.073235,-35.091856,BGS,1.31894873,0.4500,true
V4T008744,359.123867,-18.749610,ELG,0.48983390,1.0000,true
V4T008745,24.460132,-49.422128,Star,5.35682404,0.3000,false
V4T008746,28.769565,-39.081558,BGS,1.19562462,0.4500,false
V4T008747,356.216051,-29.054774,ELG,0.63447608,1.0000,false
V4T008748,357.789533,-17.594092,ELG,0.70377560,1.0000,false
V4T008749,18.615499,-46.489323,BGS,0.55853230,0.4500,false
V4T008750,357.222360,-25.957567,BGS,1.22927930,0.4500,false
V4T008751,41.442455,-45.992520,ELG,0.53447984,1.0000,false
V4T008752,35.038740,-38.601386,BGS,0.74949019,0.4500,false
V4T008753,5.111878,-24.798663,QSO,0.07662888,1.7000,false
V4T008754,341.866226,-30.717161,QSO,0.34567972,1.7000,false
V4T008755,353.019099,-35.466316,LRG,0.16059876,1.0000,false
V4T008756,343.450498,-20.189202,Star,2.93650805,0.3000,false
V4T008757,29.532891,-60.674833,ELG,0.36333708,1.0000,false
V4T008758,3.638127,-24.530919,QSO,0.46479382,1.7000,false
V4T008759,345.595559,-29.486948,BGS,1.87629265,0.4500,true
V4T008760,353.133061,-18.912835,LRG,0.17626118,1.0000,false
V4T008761,3.061599,-21.469042,LRG,0.30694297,1.0000,false
V4T008762,353.022663,-17.558492,ELG,0.47832182,1.0000,false
V4T008763,346.147302,-16.141280,Star,4.72602495,0.3000,false
V4T008764,338.987656,-28.218249,BGS,1.18274527,0.4500,false
V4T008765,31.388232,-43.111306,Star,6.21260088,0.3000,false
V4T008766,349.506606,-23.023818,QSO,0.18754357,1.7000,false
V4T008767,334.352094,-28.796916,QSO,0.12713736,1.7000,true
V4T008768,342.505307,-37.054470,QSO,0.09275111,1.7000,false
V4T008769,352.321426,-15.852171,ELG,0.67725060,1.0000,false
V4T008770,34.843865,-40.716809,ELG,0.69625389,1.0000,false
V4T008771,351.585644,-25.811391,ELG,0.45239958,1.0000,false
V4T008772,45.399977,-47.426152,QSO,0.15716408,1.7000,true
V4T008773,20.475978,-56.168957,QSO,0.31333895,1.7000,false
V4T008774,3.156805,-20.875436,ELG,0.56469216,1.0000,false
V4T008775,34.688298,-54.719573,Star,2.48106446,0.3000,false
V4T008776,351.926834,-40.590525,BGS,1.22985861,0.4500,false
V4T008777,341.946522,-34.927311,QSO,0.12385828,1.7000,false
V4T008778,339.901900,-34.674605,QSO,0.10654371,1.7000,false
V4T008779,353.119977,-20.142787,Star,4.56956845,0.3000,false
V4T008780,50.116037,-46.393800,Star,5.38103143,0.3000,true
V4T008781,31.962184,-43.941460,ELG,0.32691122,1.0000,false
V4T008782,350.705979,-16.682544,LRG,0.30714196,1.0000,false
V4T008783,2.863376,-35.312284,BGS,1.57419677,0.4500,false
V4T008784,27.172178,-38.580171,BGS,0.84397845,0.4500,false
V4T008785,352.825881,-29.406170,ELG,0.55861798,1.0000,false
V4T008786,354.817059,-33.042703,ELG,0.79182850,1.0000,false
V4T008787,341.974521,-30.182309,QSO,0.11583833,1.7000,false
V4T008788,344.504120,-40.931290,ELG,0.55911146,1.0000,true
V4T008789,338.695426,-31.560771,BGS,1.41702875,0.4500,false
V4T008790,44.553731,-49.884786,Star,3.51784928,0.3000,false
V4T008791,346.728547,-29.654917,LRG,0.32157759,1.0000,false
V4T008792,35.434088,-40.164437,Star,4.54953948,0.3000,false
V4T008793,32.578729,-56.121716,Star,3.57083369,0.3000,false
V4T008794,36.504838,-48.307566,LRG,0.32744299,1.0000,false
V4T008795,28.880698,-53.441817,ELG,0.21161287,1.0000,false
V4T008796,357.590800,-25.930258,BGS,1.45073712,0.4500,false
V4T008797,349.196848,-26.503055,ELG,0.32944108,1.0000,false
V4T008798,357.257520,-16.504527,QSO,0.23261206,1.7000,false
V4T008799,340.890393,-24.367202,ELG,0.56106509,1.0000,false
V4T008800,346.103493,-20.895700,ELG,0.35346241,1.0000,false
V4T008801,38.855366,-48.557086,LRG,0.40378927,1.0000,false
V4T008802,23.014948,-49.914192,QSO,0.22943496,1.7000,false
V4T008803,338.960529,-29.705815,ELG,0.38226171,1.0000,false
V4T008804,5.541359,-28.467184,ELG,0.56684950,1.0000,false
V4T008805,338.737130,-30.606134,Star,3.44621439,0.3000,false
V4T008806,350.006655,-27.967980,QSO,0.19102816,1.7000,false
V4T008807,5.147917,-25.821931,Star,2.36280364,0.3000,false
V4T008808,2.125081,-35.571633,LRG,0.65683321,1.0000,false
V4T008809,38.755748,-42.751092,LRG,0.44166839,1.0000,false
V4T008810,358.478544,-19.645860,LRG,0.30829879,1.0000,false
V4T008811,36.694999,-37.006299,ELG,0.42718388,1.0000,false
V4T008812,30.045701,-52.605611,ELG,0.28651047,1.0000,true
V4T008813,358.991566,-36.855656,QSO,0.12155910,1.7000,false
V4T008814,337.464837,-20.427111,BGS,1.70419719,0.4500,false
V4T008815,6.061948,-29.701091,ELG,0.31528386,1.0000,false
V4T008816,38.668451,-46.549225,LRG,0.46482185,1.0000,false
V4T008817,352.631983,-38.830058,Star,5.17362245,0.3000,false
V4T008818,351.581631,-39.674472,LRG,0.46157086,1.0000,false
V4T008819,19.160561,-49.535273,Star,4.62122244,0.3000,false
V4T008820,345.733338,-36.493005,LRG,0.23404377,1.0000,false
V4T008821,341.571802,-32.729888,QSO,0.15388670,1.7000,false
V4T008822,20.066916,-50.640231,ELG,1.27969136,1.0000,false
V4T008823,1.584637,-34.625577,LRG,0.34607198,1.0000,false
V4T008824,337.590052,-30.877707,BGS,1.03739567,0.4500,false
V4T008825,23.952506,-58.182022,ELG,0.40465865,1.0000,false
V4T008826,345.187011,-29.723008,BGS,1.25149894,0.4500,false
V4T008827,350.738338,-23.769184,Star,2.73512762,0.3000,false
V4T008828,34.364898,-55.749062,QSO,0.30827779,1.7000,false
V4T008829,359.526907,-17.415176,LRG,0.22573445,1.0000,false
V4T008830,343.656846,-32.882986,LRG,0.32795124,1.0000,false
V4T008831,336.898347,-26.061255,ELG,0.64106166,1.0000,false
V4T008832,345.967277,-29.960313,ELG,0.24651462,1.0000,false
V4T008833,32.369369,-42.343275,ELG,0.53797590,1.0000,false
V4T008834,30.884331,-43.277283,BGS,0.97079142,0.4500,false
V4T008835,41.482026,-50.719434,QSO,0.20433457,1.7000,false
V4T008836,30.757785,-59.107325,LRG,0.27592460,1.0000,true
V4T008837,358.684059,-19.483571,ELG,0.48320776,1.0000,false
V4T008838,352.344443,-39.804675,LRG,0.35268542,1.0000,false
V4T008839,344.455647,-30.586935,ELG,1.05607065,1.0000,false
V4T008840,339.775776,-25.658028,LRG,0.45061114,1.0000,false
V4T008841,16.999919,-45.325967,ELG,0.49860269,1.0000,false
V4T008842,355.840325,-23.291182,ELG,0.41717089,1.0000,false
V4T008843,357.848564,-35.821709,ELG,0.62390092,1.0000,false
V4T008844,356.952842,-20.304862,ELG,0.52997012,1.0000,false
V4T008845,351.940660,-26.570412,LRG,0.32513251,1.0000,false
V4T008846,358.783075,-22.911384,LRG,0.38608158,1.0000,false
V4T008847,345.652665,-29.601910,QSO,0.12623422,1.7000,false
V4T008848,338.985086,-30.574979,ELG,0.30748401,1.0000,false
V4T008849,339.259755,-31.672089,BGS,0.85496975,0.4500,false
V4T008850,34.513827,-56.858644,BGS,1.39362353,0.4500,false
V4T008851,30.797812,-36.357781,LRG,0.49620983,1.0000,false
V4T008852,338.938712,-21.954395,BGS,1.82148908,0.4500,false
V4T008853,354.862109,-17.881591,QSO,0.20787122,1.7000,false
V4T008854,34.493908,-55.889046,ELG,0.27007495,1.0000,false
V4T008855,24.472523,-41.883844,ELG,0.80113285,1.0000,false
V4T008856,355.525826,-16.029858,LRG,0.54085922,1.0000,false
V4T008857,22.701881,-49.445086,Star,4.68685146,0.3000,false
V4T008858,23.910289,-58.152228,QSO,0.11454221,1.7000,false
V4T008859,29.096100,-39.333870,QSO,0.20077615,1.7000,true
V4T008860,344.852184,-28.848896,Star,2.91253805,0.3000,false
V4T008861,26.055038,-41.805407,BGS,0.94858306,0.4500,false
V4T008862,356.023247,-26.168332,LRG,0.20501979,1.0000,false
V4T008863,352.629911,-19.666816,LRG,0.40475038,1.0000,false
V4T008864,51.560374,-49.709512,QSO,0.15161882,1.7000,false
V4T008865,349.352345,-41.016832,ELG,0.52002469,1.0000,false
V4T008866,345.135517,-29.339397,ELG,0.31859604,1.0000,false
V4T008867,2.219705,-35.719214,BGS,1.05898289,0.4500,false
V4T008868,19.038940,-51.170242,Star,3.34815297,0.3000,false
V4T008869,339.838273,-29.869932,BGS,0.94272218,0.4500,false
V4T008870,38.894899,-38.181103,QSO,0.20404723,1.7000,false
V4T008871,21.101281,-52.771280,BGS,1.11126735,0.4500,false
V4T008872,351.222151,-38.866165,ELG,0.59606213,1.0000,false
V4T008873,45.977843,-42.058071,ELG,0.61098533,1.0000,false
V4T008874,339.631897,-21.422682,ELG,0.68007871,1.0000,true
V4T008875,34.980454,-50.377883,LRG,0.28756891,1.0000,false
V4T008876,359.872581,-18.225654,BGS,1.20806290,0.4500,false
V4T008877,27.415264,-45.821500,ELG,0.73492135,1.0000,false
V4T008878,352.661096,-17.093344,ELG,0.38580013,1.0000,false
V4T008879,36.992277,-55.162482,BGS,1.70942738,0.4500,true
V4T008880,31.215823,-35.951545,BGS,1.12116794,0.4500,false
V4T008881,341.099637,-38.473852,LRG,0.35918928,1.0000,false
V4T008882,335.955778,-27.713931,Star,1.93136668,0.3000,false
V4T008883,3.101679,-34.226609,ELG,0.36495636,1.0000,false
V4T008884,338.944761,-22.421437,LRG,0.40286255,1.0000,false
V4T008885,25.389360,-46.303493,LRG,0.30418262,1.0000,false
V4T008886,1.621307,-20.884943,LRG,0.48421621,1.0000,false
V4T008887,1.603024,-34.955667,LRG,0.26426430,1.0000,false
V4T008888,25.841022,-60.286060,ELG,0.37248497,1.0000,false
V4T008889,31.339264,-57.339121,LRG,0.50857297,1.0000,false
V4T008890,353.251442,-38.505068,ELG,0.51991608,1.0000,false
V4T008891,23.958451,-50.715925,ELG,0.29030208,1.0000,false
V4T008892,357.664937,-16.744788,LRG,0.21047931,1.0000,false
V4T008893,0.201760,-34.034083,LRG,0.30946172,1.0000,false
V4T008894,352.833193,-34.247687,LRG,0.38414060,1.0000,false
V4T008895,342.825062,-37.122682,BGS,1.08589919,0.4500,false
V4T008896,355.950539,-22.980990,QSO,0.19039961,1.7000,false
V4T008897,347.466858,-20.898211,LRG,0.36039460,1.0000,false
V4T008898,343.426800,-37.266699,LRG,0.35094514,1.0000,false
V4T008899,348.077069,-16.078580,QSO,0.12621546,1.7000,false
V4T008900,27.557307,-51.410543,BGS,1.33851078,0.4500,false
V4T008901,18.136012,-42.389069,BGS,1.23795680,0.4500,false
V4T008902,353.581257,-20.894743,ELG,0.43694785,1.0000,false
V4T008903,336.231133,-22.348982,Star,4.02397249,0.3000,false
V4T008904,338.289223,-21.712528,ELG,0.44610372,1.0000,false
V4T008905,343.596860,-36.375821,QSO,0.26280372,1.7000,false
V4T008906,31.411515,-40.414464,ELG,0.46119620,1.0000,false
V4T008907,338.045346,-28.917840,ELG,0.56775714,1.0000,false
V4T008908,339.435457,-29.617631,LRG,0.61778286,1.0000,false
V4T008909,351.269720,-25.111501,ELG,0.69719416,1.0000,false
V4T008910,359.380938,-25.265495,ELG,1.38397758,1.0000,false
V4T008911,41.034441,-41.694302,ELG,0.29920571,1.0000,false
V4T008912,25.945510,-40.865213,LRG,0.33787801,1.0000,true
V4T008913,353.250113,-26.507170,ELG,0.67528071,1.0000,false
V4T008914,340.434814,-23.311332,ELG,0.93497522,1.0000,false
V4T008915,32.999410,-37.044553,ELG,0.41161655,1.0000,false
V4T008916,352.651758,-38.839817,BGS,0.71307792,0.4500,true
V4T008917,339.898881,-22.018938,BGS,1.52567413,0.4500,false
V4T008918,26.966832,-39.309595,QSO,0.15561797,1.7000,false
V4T008919,359.060651,-18.486858,BGS,1.75098456,0.4500,false
V4T008920,338.647394,-27.464775,ELG,0.44145395,1.0000,false
V4T008921,3.622984,-21.620507,LRG,0.42709272,1.0000,false
V4T008922,20.652858,-52.074326,ELG,0.79788189,1.0000,false
V4T008923,353.318378,-22.313715,LRG,0.32587111,1.0000,false
V4T008924,24.619564,-41.559388,BGS,1.50814121,0.4500,false
V4T008925,339.977489,-23.457508,QSO,0.20313199,1.7000,false
V4T008926,339.138100,-31.742202,QSO,0.12590608,1.7000,false
V4T008927,338.635693,-30.716108,QSO,0.32197764,1.7000,false
V4T008928,349.901617,-20.273512,LRG,0.37070011,1.0000,false
V4T008929,350.547073,-24.952072,BGS,1.09096989,0.4500,false
V4T008930,36.203064,-55.234897,ELG,0.57642217,1.0000,false
V4T008931,47.007406,-41.949395,Star,2.44909548,0.3000,false
V4T008932,339.218752,-29.559856,ELG,0.39237318,1.0000,false
V4T008933,355.381123,-37.295884,BGS,1.26055739,0.4500,false
V4T008934,356.081917,-38.042530,LRG,0.39855172,1.0000,false
V4T008935,34.998523,-37.944461,ELG,0.80191959,1.0000,false
V4T008936,339.831340,-29.888911,BGS,1.32355495,0.4500,false
V4T008937,22.559259,-50.594789,ELG,0.58783231,1.0000,true
V4T008938,345.410750,-23.316997,QSO,0.39511297,1.7000,false
V4T008939,355.194989,-18.686790,ELG,0.82473119,1.0000,false
V4T008940,3.109207,-35.521598,ELG,0.88608902,1.0000,false
V4T008941,47.518204,-45.611894,ELG,0.44750353,1.0000,false
V4T008942,359.706484,-25.214353,ELG,0.70811561,1.0000,false
V4T008943,342.313298,-23.677395,ELG,0.50121648,1.0000,true
V4T008944,359.568423,-33.479497,LRG,0.47965341,1.0000,false
V4T008945,2.670817,-21.940520,BGS,1.21439481,0.4500,false
V4T008946,348.233426,-18.329197,BGS,1.87241106,0.4500,false
V4T008947,345.308994,-32.560628,QSO,0.14973131,1.7000,false
V4T008948,32.832897,-41.209798,LRG,0.40167934,1.0000,false
V4T008949,355.860815,-17.822860,BGS,1.37243579,0.4500,false
V4T008950,34.642446,-37.477031,QSO,0.20059742,1.7000,false
V4T008951,358.348937,-18.971633,Star,2.93805652,0.3000,true
V4T008952,355.809526,-22.475135,ELG,0.92452484,1.0000,false
V4T008953,19.203594,-44.701993,BGS,1.49197894,0.4500,false
V4T008954,344.701391,-35.897824,LRG,0.41561071,1.0000,false
V4T008955,340.258961,-30.402750,ELG,0.59127556,1.0000,false
V4T008956,4.484244,-31.224372,LRG,0.40171552,1.0000,false
V4T008957,353.748713,-18.572469,QSO,0.15934813,1.7000,false
V4T008958,47.149751,-53.019670,QSO,0.22856584,1.7000,false
V4T008959,2.093259,-34.656387,BGS,1.10268082,0.4500,true
V4T008960,3.474925,-22.288689,ELG,0.72380903,1.0000,false
V4T008961,348.475931,-16.791065,BGS,0.92799084,0.4500,false
V4T008962,359.192150,-20.911581,LRG,0.25753095,1.0000,false
V4T008963,341.011920,-39.483697,Star,6.64788379,0.3000,false
V4T008964,359.111411,-32.707963,LRG,0.52956094,1.0000,false
V4T008965,24.639345,-51.767295,ELG,0.86374621,1.0000,false
V4T008966,34.119894,-43.971559,ELG,0.51938016,1.0000,false
V4T008967,349.596236,-26.595057,BGS,1.42510387,0.4500,false
V4T008968,345.614287,-30.240848,BGS,0.91471799,0.4500,false
V4T008969,23.298877,-56.212101,QSO,0.27782314,1.7000,false
V4T008970,41.498611,-40.368978,ELG,0.75669169,1.0000,false
V4T008971,342.165881,-33.271965,BGS,0.99217857,0.4500,false
V4T008972,355.432684,-30.959279,ELG,0.82165748,1.0000,false
V4T008973,42.294468,-42.411578,BGS,1.20403137,0.4500,false
V4T008974,31.350075,-38.017253,Star,3.41224403,0.3000,false
V4T008975,35.374068,-55.530675,ELG,0.75861298,1.0000,false
V4T008976,22.974276,-58.828505,Star,4.28180280,0.3000,false
V4T008977,33.140296,-48.559465,BGS,1.42403460,0.4500,false
V4T008978,348.940568,-22.838207,ELG,0.84661221,1.0000,false
V4T008979,351.289802,-34.454316,ELG,1.24840020,1.0000,false
V4T008980,358.045822,-28.393018,BGS,1.33951629,0.4500,false
V4T008981,38.664237,-38.871515,LRG,0.30433904,1.0000,false
V4T008982,38.931499,-53.110528,BGS,1.24916495,0.4500,false
V4T008983,347.764565,-36.242151,ELG,0.66102770,1.0000,false
V4T008984,35.734720,-59.037840,BGS,2.05760793,0.4500,false
V4T008985,354.254752,-29.408948,BGS,0.71594268,0.4500,false
V4T008986,39.453879,-54.504101,LRG,0.42737384,1.0000,false
V4T008987,30.077086,-59.033195,QSO,0.26656332,1.7000,false
V4T008988,355.617754,-24.494227,ELG,0.72250021,1.0000,false
V4T008989,338.213388,-30.634843,Star,2.85865636,0.3000,false
V4T008990,352.965328,-39.081259,QSO,0.32863809,1.7000,false
V4T008991,13.963855,-48.973443,ELG,0.55173416,1.0000,false
V4T008992,346.908952,-17.418991,LRG,0.49459938,1.0000,false
V4T008993,43.040382,-54.893576,ELG,0.81863623,1.0000,false
V4T008994,35.338144,-54.951829,ELG,0.32518042,1.0000,false
V4T008995,41.977619,-46.754255,LRG,0.21396050,1.0000,false
V4T008996,24.093700,-51.621873,BGS,1.44609361,0.4500,false
V4T008997,28.306660,-46.695776,QSO,0.23168096,1.7000,false
V4T008998,349.625973,-36.313070,ELG,0.38833294,1.0000,false
V4T008999,46.401838,-48.914235,QSO,0.13330696,1.7000,false
V4T009000,352.321732,-39.114885,LRG,0.54803229,1.0000,false
V4T009001,352.446994,-24.296449,QSO,0.16592255,1.7000,false
V4T009002,339.751622,-27.461827,ELG,0.42950397,1.0000,false
V4T009003,345.804267,-31.110678,ELG,0.73061048,1.0000,false
V4T009004,346.820598,-38.218149,BGS,0.94929922,0.4500,false
V4T009005,357.567798,-23.221432,ELG,0.52156269,1.0000,false
V4T009006,354.091935,-31.200361,BGS,1.66306372,0.4500,false
V4T009007,346.234604,-32.968424,LRG,0.27374493,1.0000,false
V4T009008,350.677842,-22.035966,QSO,0.13844870,1.7000,false
V4T009009,2.197348,-21.181246,BGS,1.61184609,0.4500,false
V4T009010,354.079446,-24.808097,ELG,0.55961010,1.0000,false
V4T009011,352.662837,-21.691076,ELG,0.57541524,1.0000,true
V4T009012,48.611396,-42.940515,LRG,0.45339287,1.0000,false
V4T009013,345.776189,-30.284184,LRG,0.76720102,1.0000,false
V4T009014,334.754145,-29.080270,QSO,0.10059689,1.7000,false
V4T009015,36.892853,-37.573533,Star,3.17284192,0.3000,false
V4T009016,359.032259,-18.582470,LRG,0.58045292,1.0000,false
V4T009017,340.006091,-23.959812,ELG,0.55117191,1.0000,false
V4T009018,355.934218,-24.234341,BGS,1.60230780,0.4500,false
V4T009019,19.679348,-48.003813,QSO,0.36924874,1.7000,false
V4T009020,343.757580,-41.204857,LRG,0.40220592,1.0000,false
V4T009021,2.763111,-35.880096,ELG,0.54678645,1.0000,false
V4T009022,358.860349,-23.938283,ELG,0.35792370,1.0000,false
V4T009023,358.627104,-17.901107,Star,3.51621566,0.3000,false
V4T009024,342.515181,-36.398741,ELG,0.65677987,1.0000,false
V4T009025,350.202900,-37.648947,BGS,1.65865614,0.4500,false
V4T009026,342.878068,-36.151218,QSO,0.09047201,1.7000,false
V4T009027,358.782720,-17.111075,ELG,0.70223872,1.0000,false
V4T009028,338.535403,-24.841840,ELG,0.30228960,1.0000,false
V4T009029,42.478879,-42.059966,BGS,0.90992280,0.4500,false
V4T009030,344.463460,-24.984762,QSO,0.32372359,1.7000,true
V4T009031,24.011733,-49.955406,BGS,0.91774661,0.4500,false
V4T009032,32.501187,-59.672823,LRG,0.17280551,1.0000,false
V4T009033,27.335970,-53.260270,BGS,0.81425551,0.4500,false
V4T009034,359.977617,-32.685571,BGS,1.59287592,0.4500,false
V4T009035,30.676187,-54.228529,ELG,0.63276239,1.0000,false
V4T009036,339.623947,-22.031972,ELG,0.48823184,1.0000,false
V4T009037,2.570066,-34.730725,LRG,0.44133713,1.0000,false
V4T009038,338.078580,-20.776722,ELG,0.44012674,1.0000,false
V4T009039,1.658211,-34.695181,ELG,0.29579074,1.0000,false
V4T009040,338.890959,-30.324282,LRG,0.40354598,1.0000,false
V4T009041,339.177786,-22.157332,ELG,0.53278084,1.0000,false
V4T009042,345.770810,-30.013869,QSO,0.14444920,1.7000,false
V4T009043,338.442093,-34.722469,LRG,0.36183901,1.0000,false
V4T009044,47.743256,-47.541585,ELG,0.42416291,1.0000,true
V4T009045,347.082397,-19.326258,QSO,0.08519721,1.7000,false
V4T009046,350.103375,-29.104842,ELG,0.75976392,1.0000,false
V4T009047,358.673983,-18.777579,QSO,0.34322994,1.7000,false
V4T009048,349.309037,-34.150003,ELG,0.61630809,1.0000,false
V4T009049,355.322233,-21.518363,LRG,0.26891420,1.0000,false
V4T009050,31.302629,-43.845014,BGS,1.16377490,0.4500,false
V4T009051,28.757310,-38.084513,QSO,0.23451219,1.7000,false
V4T009052,38.761353,-44.892803,Star,3.47680978,0.3000,true
V4T009053,334.166121,-33.488959,ELG,0.80944128,1.0000,false
V4T009054,14.632871,-50.185972,LRG,0.28976221,1.0000,false
V4T009055,354.667260,-35.236109,BGS,1.15419330,0.4500,false
V4T009056,32.770696,-49.622579,ELG,0.48127553,1.0000,false
V4T009057,42.576515,-57.976613,LRG,0.28419028,1.0000,false
V4T009058,345.474143,-19.599255,ELG,0.63231514,1.0000,false
V4T009059,29.071964,-39.002305,LRG,0.35361518,1.0000,false
V4T009060,336.597125,-35.860387,ELG,0.29859045,1.0000,false
V4T009061,36.304818,-36.843145,ELG,0.87806248,1.0000,false
V4T009062,339.621823,-23.818655,ELG,0.37305221,1.0000,false
V4T009063,46.821442,-49.426131,LRG,0.87415487,1.0000,false
V4T009064,37.429217,-56.248207,LRG,0.22717096,1.0000,false
V4T009065,352.211982,-39.916066,QSO,0.09858273,1.7000,false
V4T009066,3.181184,-21.042438,BGS,1.25225247,0.4500,true
V4T009067,356.420790,-23.923220,Star,5.05827555,0.3000,false
V4T009068,358.445752,-19.133217,Star,3.60938979,0.3000,false
V4T009069,340.538789,-34.009101,BGS,1.82252490,0.4500,false
V4T009070,36.310605,-37.995265,BGS,1.05009711,0.4500,false
V4T009071,350.839988,-27.843621,LRG,0.19314008,1.0000,false
V4T009072,337.960326,-30.379864,Star,3.82201457,0.3000,false
V4T009073,357.129198,-23.778463,Star,4.75071462,0.3000,false
V4T009074,0.931383,-29.536915,ELG,0.28581076,1.0000,false
V4T009075,18.869427,-41.039474,QSO,0.17950887,1.7000,false
V4T009076,355.949181,-23.103394,LRG,0.26156948,1.0000,false
V4T009077,35.937235,-41.004722,BGS,0.98087888,0.4500,false
V4T009078,345.303888,-26.713620,BGS,1.42764531,0.4500,false
V4T009079,21.172126,-41.107701,ELG,0.61386731,1.0000,false
V4T009080,42.091598,-45.055291,BGS,1.17487798,0.4500,false
V4T009081,339.035305,-29.717092,ELG,0.39058644,1.0000,false
V4T009082,338.658647,-22.177490,BGS,1.30034667,0.4500,false
V4T009083,35.603267,-35.767038,BGS,1.20566219,0.4500,false
V4T009084,29.444163,-58.185257,ELG,0.64516313,1.0000,false
V4T009085,346.492585,-39.026430,QSO,0.33560086,1.7000,false
V4T009086,339.482552,-37.487408,LRG,0.19325207,1.0000,false
V4T009087,340.633526,-20.776275,BGS,2.31285829,0.4500,false
V4T009088,32.560786,-40.660288,QSO,0.26395771,1.7000,false
V4T009089,35.455586,-60.805499,BGS,1.08312489,0.4500,false
V4T009090,30.937662,-43.237090,BGS,1.42599205,0.4500,false
V4T009091,340.039347,-23.753069,ELG,0.37823502,1.0000,false
V4T009092,349.912265,-22.127427,BGS,1.39054474,0.4500,false
V4T009093,18.846679,-52.224649,ELG,1.21562319,1.0000,false
V4T009094,29.621133,-43.341120,BGS,1.27803460,0.4500,false
V4T009095,355.985957,-24.114135,LRG,0.41462832,1.0000,false
V4T009096,3.546703,-35.191140,LRG,0.19055809,1.0000,false
V4T009097,358.509137,-18.749240,BGS,1.13314598,0.4500,false
V4T009098,343.979190,-26.868540,ELG,0.71613905,1.0000,false
V4T009099,31.059211,-43.235736,LRG,0.36185271,1.0000,false
V4T009100,345.303872,-32.746215,ELG,0.63416381,1.0000,false
V4T009101,41.447061,-38.647011,LRG,0.27703126,1.0000,false
V4T009102,354.680886,-31.823187,LRG,0.43940446,1.0000,false
V4T009103,345.714592,-29.276049,BGS,1.60907589,0.4500,false
V4T009104,31.552998,-38.498790,BGS,1.11819892,0.4500,false
V4T009105,29.628021,-40.557911,BGS,1.89120624,0.4500,false
V4T009106,347.359851,-34.030868,Star,4.60179098,0.3000,false
V4T009107,338.824295,-22.233951,QSO,0.27222619,1.7000,false
V4T009108,356.738457,-28.464852,LRG,0.39886735,1.0000,false
V4T009109,357.635582,-22.284592,ELG,0.63019946,1.0000,false
V4T009110,335.845852,-36.325069,LRG,0.18599463,1.0000,false
V4T009111,345.498932,-29.979111,QSO,0.23080364,1.7000,false
V4T009112,34.339155,-55.140224,LRG,0.42602141,1.0000,false
V4T009113,39.105964,-39.905937,ELG,0.97170764,1.0000,false
V4T009114,338.889895,-29.835671,ELG,0.36085429,1.0000,false
V4T009115,344.554042,-32.263898,ELG,0.47512818,1.0000,false
V4T009116,353.402355,-19.645972,LRG,0.22977806,1.0000,false
V4T009117,351.587241,-38.630537,BGS,1.66087294,0.4500,false
V4T009118,352.325023,-20.847053,BGS,1.31812849,0.4500,false
V4T009119,343.991556,-34.741316,Star,2.94139162,0.3000,false
V4T009120,43.287442,-56.638067,ELG,0.75684116,1.0000,false
V4T009121,354.820174,-23.113784,QSO,0.25104840,1.7000,false
V4T009122,27.245471,-55.145805,QSO,0.03840403,1.7000,false
V4T009123,338.238073,-22.862767,BGS,1.04997755,0.4500,false
V4T009124,339.481076,-30.450801,BGS,1.61387025,0.4500,false
V4T009125,336.348855,-28.676098,LRG,0.34663591,1.0000,false
V4T009126,30.304957,-52.724048,LRG,0.21577493,1.0000,false
V4T009127,23.868443,-48.215822,Star,4.11880038,0.3000,false
V4T009128,358.584344,-17.282605,BGS,1.24594401,0.4500,false
V4T009129,354.424268,-21.023017,BGS,1.89538307,0.4500,false
V4T009130,27.337927,-43.803121,ELG,0.39556162,1.0000,true
V4T009131,32.814697,-43.833455,QSO,0.09928526,1.7000,true
V4T009132,359.172609,-23.820762,ELG,0.43292949,1.0000,true
V4T009133,46.320829,-56.768955,LRG,0.37022911,1.0000,false
V4T009134,345.640416,-18.887319,BGS,1.13369532,0.4500,false
V4T009135,357.519492,-30.657363,BGS,1.62314960,0.4500,true
V4T009136,356.418952,-23.196875,Star,3.79103404,0.3000,false
V4T009137,343.048577,-33.622397,LRG,0.32419500,1.0000,false
V4T009138,339.125287,-23.176053,LRG,0.32302599,1.0000,false
V4T009139,340.920845,-24.286254,QSO,0.13912113,1.7000,false
V4T009140,352.594363,-19.880251,LRG,0.42949322,1.0000,false
V4T009141,355.159019,-17.887874,QSO,0.37956228,1.7000,false
V4T009142,30.493100,-43.096351,LRG,0.31677253,1.0000,false
V4T009143,28.234626,-46.253656,ELG,0.63537029,1.0000,false
V4T009144,346.183931,-15.573459,LRG,0.31384834,1.0000,false
V4T009145,340.817522,-28.025466,ELG,1.00813632,1.0000,false
V4T009146,354.948883,-29.067657,LRG,0.29171799,1.0000,false
V4T009147,354.331338,-20.079171,ELG,0.60865219,1.0000,false
V4T009148,349.039439,-31.868012,LRG,0.20911049,1.0000,false
V4T009149,340.139921,-22.802893,ELG,0.95855922,1.0000,false
V4T009150,352.815451,-19.954802,ELG,0.63645650,1.0000,false
V4T009151,0.503917,-19.676564,Star,5.09789226,0.3000,false
V4T009152,36.581116,-44.299987,ELG,0.93371366,1.0000,false
V4T009153,36.567021,-36.412666,ELG,0.58397765,1.0000,false
V4T009154,44.590641,-57.773206,LRG,0.66205467,1.0000,false
V4T009155,22.652413,-53.200172,QSO,0.16414556,1.7000,true
V4T009156,343.232222,-36.191412,ELG,0.50627028,1.0000,false
V4T009157,31.570296,-58.668294,LRG,0.34102788,1.0000,false
V4T009158,2.591417,-34.018047,BGS,1.20736339,0.4500,false
V4T009159,352.702530,-38.499103,ELG,0.82866654,1.0000,false
V4T009160,343.158311,-36.682152,QSO,0.15914840,1.7000,false
V4T009161,340.894370,-30.098341,QSO,0.44576210,1.7000,false
V4T009162,35.335747,-43.195308,ELG,0.43369932,1.0000,false
V4T009163,338.396999,-20.896479,ELG,0.62071657,1.0000,false
V4T009164,341.032034,-23.469588,QSO,0.17978850,1.7000,true
V4T009165,341.163651,-23.095587,LRG,0.23928069,1.0000,false
V4T009166,35.902560,-51.096751,ELG,0.55113848,1.0000,true
V4T009167,356.605925,-34.455290,BGS,0.76131158,0.4500,false
V4T009168,1.522192,-25.273209,LRG,0.54510630,1.0000,false
V4T009169,38.942623,-41.690172,LRG,0.52786927,1.0000,false
V4T009170,351.361054,-39.755423,BGS,1.05507782,0.4500,false
V4T009171,351.094785,-24.096848,BGS,1.35296803,0.4500,false
V4T009172,2.844245,-21.004088,ELG,0.45237707,1.0000,false
V4T009173,0.181240,-20.806275,QSO,0.12582063,1.7000,false
V4T009174,32.723555,-44.179371,ELG,0.73446907,1.0000,false
V4T009175,338.406160,-21.432247,ELG,0.64218390,1.0000,false
V4T009176,349.736653,-32.454638,ELG,0.69207036,1.0000,false
V4T009177,352.508745,-28.884536,BGS,1.08307174,0.4500,false
V4T009178,339.047951,-21.567669,LRG,0.35399874,1.0000,true
V4T009179,2.624626,-21.706280,BGS,0.92377919,0.4500,false
V4T009180,358.035117,-18.964480,Star,3.52649937,0.3000,false
V4T009181,3.292261,-22.559813,Star,2.73864044,0.3000,false
V4T009182,358.077085,-17.363946,Star,3.73148519,0.3000,false
V4T009183,28.944980,-36.700766,LRG,0.59325769,1.0000,false
V4T009184,38.769599,-37.849199,BGS,1.38354189,0.4500,false
V4T009185,338.126214,-29.973261,LRG,0.28206910,1.0000,false
V4T009186,341.317537,-23.555047,ELG,0.58934598,1.0000,false
V4T009187,2.377405,-21.984582,ELG,0.36017764,1.0000,false
V4T009188,345.277198,-24.703868,ELG,0.46640703,1.0000,false
V4T009189,344.845863,-29.048641,QSO,0.09246231,1.7000,false
V4T009190,43.771832,-49.559292,BGS,0.77671871,0.4500,false
V4T009191,351.549721,-18.805192,ELG,1.20637973,1.0000,false
V4T009192,343.785591,-36.459001,BGS,1.11385267,0.4500,false
V4T009193,359.103750,-19.347173,LRG,0.42346583,1.0000,false
V4T009194,5.601722,-31.901391,ELG,0.27628427,1.0000,false
V4T009195,354.356999,-25.864673,BGS,1.51928898,0.4500,false
V4T009196,337.769001,-31.463645,BGS,1.93314773,0.4500,true
V4T009197,343.057790,-17.717797,LRG,0.59635703,1.0000,false
V4T009198,36.436703,-55.889895,BGS,0.98125213,0.4500,false
V4T009199,36.216350,-54.780661,QSO,0.26870754,1.7000,false
V4T009200,2.776184,-20.804280,ELG,0.50844146,1.0000,false
V4T009201,19.432174,-44.460810,BGS,1.52372448,0.4500,false
V4T009202,357.771041,-18.929060,BGS,0.98961060,0.4500,false
V4T009203,339.563948,-30.422344,QSO,0.09991622,1.7000,false
V4T009204,355.978025,-24.233198,QSO,0.14679310,1.7000,false
V4T009205,358.714209,-16.685757,ELG,0.46050819,1.0000,false
V4T009206,49.419036,-53.825000,LRG,0.23799678,1.0000,false
V4T009207,340.701433,-23.088948,BGS,0.79862833,0.4500,false
V4T009208,354.524990,-32.103527,BGS,1.39860461,0.4500,true
V4T009209,343.228000,-37.483926,Star,5.00548288,0.3000,false
V4T009210,347.875117,-35.089118,BGS,1.32996801,0.4500,false
V4T009211,344.048006,-36.391838,ELG,0.76272996,1.0000,false
V4T009212,347.685685,-15.578139,QSO,0.20422771,1.7000,false
V4T009213,44.842686,-39.319056,BGS,1.38532769,0.4500,false
V4T009214,30.284455,-42.418228,BGS,0.80400208,0.4500,false
V4T009215,337.863404,-35.418166,LRG,0.22796147,1.0000,false
V4T009216,358.432656,-18.657750,ELG,0.41572236,1.0000,true
V4T009217,351.124987,-17.996995,ELG,0.60178930,1.0000,false
V4T009218,41.699150,-51.009095,ELG,0.37109907,1.0000,false
V4T009219,352.688780,-20.265946,ELG,0.60780804,1.0000,false
V4T009220,339.801255,-23.385174,BGS,1.29485841,0.4500,false
V4T009221,351.486053,-36.660823,QSO,0.14176320,1.7000,false
V4T009222,347.033403,-28.180037,LRG,0.29970185,1.0000,true
V4T009223,42.385818,-55.555710,ELG,0.29755842,1.0000,false
V4T009224,35.133868,-37.701008,ELG,0.54273405,1.0000,false
V4T009225,341.393472,-23.601116,QSO,0.18008592,1.7000,false
V4T009226,14.077773,-53.113531,ELG,0.25272531,1.0000,false
V4T009227,345.038766,-16.832466,Star,3.80009964,0.3000,false
V4T009228,343.046780,-37.166347,ELG,0.41280149,1.0000,false
V4T009229,16.218093,-54.180388,ELG,0.59716977,1.0000,false
V4T009230,340.582848,-22.715359,BGS,2.11589173,0.4500,false
V4T009231,22.143356,-53.950932,Star,5.33587663,0.3000,false
V4T009232,349.275499,-29.757388,ELG,0.79032387,1.0000,false
V4T009233,4.042329,-26.353485,ELG,0.40951079,1.0000,false
V4T009234,2.558107,-35.244313,ELG,0.60975205,1.0000,false
V4T009235,3.313141,-20.689404,ELG,0.63193011,1.0000,false
V4T009236,31.796016,-36.243846,ELG,0.38024105,1.0000,false
V4T009237,21.128155,-51.285772,ELG,0.38501919,1.0000,false
V4T009238,34.572070,-54.792882,BGS,0.66643302,0.4500,false
V4T009239,15.923630,-53.545496,ELG,0.64431853,1.0000,false
V4T009240,350.620947,-39.299056,ELG,0.83971737,1.0000,false
V4T009241,343.655597,-40.181830,QSO,0.10346248,1.7000,false
V4T009242,342.684542,-36.091565,BGS,1.48997818,0.4500,false
V4T009243,46.933538,-48.638485,BGS,0.83603518,0.4500,false
V4T009244,2.765317,-21.300042,ELG,0.46267598,1.0000,false
V4T009245,352.665648,-15.623501,ELG,0.83496806,1.0000,false
V4T009246,17.558058,-48.050292,ELG,0.45567799,1.0000,false
V4T009247,337.082383,-26.077742,QSO,0.33608248,1.7000,false
V4T009248,345.465545,-30.046405,QSO,0.05284273,1.7000,false
V4T009249,35.493063,-54.759019,BGS,1.01249770,0.4500,false
V4T009250,30.959874,-43.340324,BGS,1.15784154,0.4500,false
V4T009251,355.638256,-15.761189,BGS,1.17760251,0.4500,false
V4T009252,342.766843,-36.672904,QSO,0.22321890,1.7000,false
V4T009253,28.007627,-57.179177,LRG,0.51571801,1.0000,false
V4T009254,347.391062,-17.730690,Star,4.81437978,0.3000,false
V4T009255,30.191030,-42.282144,BGS,1.07861731,0.4500,false
V4T009256,353.118428,-24.898844,BGS,1.75715981,0.4500,false
V4T009257,338.552213,-21.388904,LRG,0.25392932,1.0000,false
V4T009258,358.888666,-18.190473,ELG,0.44708606,1.0000,false
V4T009259,37.452368,-53.205976,ELG,0.87499418,1.0000,false
V4T009260,357.731459,-35.242143,ELG,0.32358290,1.0000,false
V4T009261,44.695708,-41.889423,BGS,1.13359659,0.4500,true
V4T009262,344.747484,-29.104532,ELG,0.40761375,1.0000,false
V4T009263,29.652852,-48.220083,LRG,0.22165548,1.0000,false
V4T009264,343.275515,-16.982185,ELG,0.44618235,1.0000,false
V4T009265,1.262015,-35.229025,ELG,0.58339567,1.0000,false
V4T009266,353.468159,-16.825407,QSO,0.10944128,1.7000,false
V4T009267,354.841004,-24.922360,ELG,0.79318193,1.0000,false
V4T009268,357.905173,-35.358325,ELG,0.39696553,1.0000,true
V4T009269,339.390834,-29.334585,BGS,0.80972120,0.4500,false
V4T009270,16.235162,-47.433766,Star,7.55805408,0.3000,false
V4T009271,343.711301,-35.706664,BGS,1.49304670,0.4500,false
V4T009272,339.439924,-22.121225,LRG,0.14325675,1.0000,false
V4T009273,23.311932,-51.970133,ELG,0.41449038,1.0000,true
V4T009274,49.898018,-53.921993,BGS,1.08362127,0.4500,false
V4T009275,342.745214,-36.476945,ELG,0.33657604,1.0000,false
V4T009276,349.706077,-21.302873,ELG,0.21998608,1.0000,false
V4T009277,19.115499,-48.936813,ELG,0.37246444,1.0000,false
V4T009278,17.990889,-42.523521,QSO,0.11754675,1.7000,false
V4T009279,1.288295,-31.400717,ELG,0.51382594,1.0000,false
V4T009280,17.766547,-55.654231,ELG,0.40007699,1.0000,false
V4T009281,43.980550,-57.243672,ELG,0.32142636,1.0000,true
V4T009282,340.339865,-39.691041,Star,5.31057349,0.3000,false
V4T009283,339.309342,-21.804730,ELG,0.40942312,1.0000,false
V4T009284,338.856520,-38.115120,BGS,1.30158887,0.4500,false
V4T009285,339.608190,-36.883823,ELG,0.58715843,1.0000,false
V4T009286,21.895034,-45.556346,ELG,0.98899976,1.0000,false
V4T009287,359.915269,-19.376958,LRG,0.26449052,1.0000,false
V4T009288,36.347874,-55.123914,ELG,0.54806472,1.0000,false
V4T009289,356.100030,-19.370216,BGS,1.67458073,0.4500,false
V4T009290,2.392450,-36.011737,ELG,0.54026775,1.0000,false
V4T009291,352.502590,-39.300748,ELG,0.65117679,1.0000,false
V4T009292,340.335810,-18.851571,BGS,1.17242276,0.4500,false
V4T009293,342.430937,-20.980409,ELG,0.68596108,1.0000,false
V4T009294,36.599239,-54.945166,LRG,0.42729890,1.0000,false
V4T009295,352.517419,-38.585225,ELG,0.41530402,1.0000,false
V4T009296,348.850739,-17.526068,QSO,0.09921698,1.7000,false
V4T009297,45.041962,-42.277105,BGS,0.84752622,0.4500,false
V4T009298,1.869124,-35.463035,ELG,1.67837492,1.0000,false
V4T009299,355.842388,-23.500126,LRG,0.59359104,1.0000,false
V4T009300,30.283054,-45.135839,ELG,0.55734036,1.0000,false
V4T009301,336.357435,-33.137845,LRG,0.18305155,1.0000,false
V4T009302,15.329889,-54.881987,LRG,0.16887248,1.0000,false
V4T009303,46.331756,-48.782574,Star,4.77886692,0.3000,false
V4T009304,45.032120,-39.682563,BGS,1.09654165,0.4500,false
V4T009305,31.754865,-51.118994,Star,4.05993663,0.3000,false
V4T009306,355.207671,-23.702138,ELG,1.01309855,1.0000,false
V4T009307,46.423387,-45.513770,BGS,1.21966145,0.4500,false
V4T009308,0.329406,-28.130747,Star,2.17443119,0.3000,false
V4T009309,43.738422,-43.066267,LRG,0.24494921,1.0000,false
V4T009310,31.734657,-48.415306,Star,4.09060025,0.3000,false
V4T009311,355.550707,-29.748196,ELG,0.62936629,1.0000,false
V4T009312,345.265023,-30.213633,ELG,0.24036256,1.0000,false
V4T009313,352.645486,-34.938342,Star,4.13565451,0.3000,false
V4T009314,350.404924,-23.575689,BGS,1.11770405,0.4500,false
V4T009315,354.399199,-32.769244,ELG,1.74761780,1.0000,false
V4T009316,357.352461,-35.116597,BGS,1.22728398,0.4500,false
V4T009317,352.776553,-20.246711,Star,4.00702685,0.3000,false
V4T009318,336.040706,-24.168101,Star,2.37863091,0.3000,false
V4T009319,26.822387,-40.476237,QSO,0.32806072,1.7000,false
V4T009320,351.823950,-38.912117,BGS,1.89017788,0.4500,true
V4T009321,337.868865,-26.197249,Star,5.76132966,0.3000,false
V4T009322,353.183904,-21.150588,Star,3.84342876,0.3000,false
V4T009323,23.444207,-45.633410,QSO,0.47691162,1.7000,true
V4T009324,358.621081,-18.360919,QSO,0.19502542,1.7000,false
V4T009325,356.759707,-23.703973,ELG,0.33284953,1.0000,false
V4T009326,355.222000,-23.697020,Star,4.95405131,0.3000,false
V4T009327,49.710171,-49.068442,BGS,1.74641962,0.4500,false
V4T009328,356.643147,-19.836899,LRG,0.30388206,1.0000,false
V4T009329,31.447402,-36.423081,QSO,0.14471651,1.7000,false
V4T009330,21.773168,-51.169775,LRG,0.24428557,1.0000,false
V4T009331,3.145264,-31.178444,ELG,0.51284901,1.0000,false
V4T009332,13.555075,-49.395157,LRG,0.41515953,1.0000,false
V4T009333,359.800619,-18.579222,ELG,0.37069416,1.0000,false
V4T009334,20.052588,-45.022540,BGS,1.34690668,0.4500,false
V4T009335,352.679178,-20.670410,Star,4.53716194,0.3000,false
V4T009336,333.988786,-31.275524,ELG,0.45957592,1.0000,true
V4T009337,339.036646,-30.108946,ELG,0.53737765,1.0000,false
V4T009338,1.579155,-21.150530,BGS,1.84816315,0.4500,false
V4T009339,339.541109,-32.160065,Star,5.31093321,0.3000,false
V4T009340,339.801274,-29.857098,ELG,1.10675153,1.0000,false
V4T009341,350.061618,-17.951106,BGS,0.81856482,0.4500,false
V4T009342,352.638883,-39.182159,ELG,0.39199214,1.0000,false
V4T009343,34.720780,-55.252141,BGS,1.54939160,0.4500,false
V4T009344,352.345579,-39.062419,BGS,1.37153986,0.4500,false
V4T009345,39.160556,-47.528799,LRG,0.31507328,1.0000,false
V4T009346,2.664656,-21.710090,LRG,0.25584319,1.0000,false
V4T009347,21.632824,-52.372379,ELG,0.55979204,1.0000,false
V4T009348,43.083620,-55.544414,ELG,0.93656078,1.0000,false
V4T009349,2.530091,-35.555635,BGS,1.19539001,0.4500,false
V4T009350,24.759294,-55.968606,ELG,0.47266808,1.0000,false
V4T009351,36.451521,-55.578863,QSO,0.20815699,1.7000,false
V4T009352,20.736815,-56.202920,QSO,0.20358818,1.7000,false
V4T009353,340.623124,-23.615266,ELG,0.80251304,1.0000,false
V4T009354,36.627180,-55.816703,LRG,0.46135884,1.0000,false
V4T009355,32.787320,-49.325449,BGS,1.39273566,0.4500,false
V4T009356,38.536056,-59.027192,Star,3.05365541,0.3000,false
V4T009357,2.511589,-20.497026,ELG,0.89691692,1.0000,false
V4T009358,27.954123,-37.708943,ELG,0.56154481,1.0000,false
V4T009359,352.260133,-24.611248,ELG,0.57718655,1.0000,false
V4T009360,343.918110,-17.992245,BGS,1.76040883,0.4500,false
V4T009361,359.649141,-19.915350,QSO,0.40909958,1.7000,false
V4T009362,353.262442,-19.573750,LRG,0.40525296,1.0000,false
V4T009363,350.294984,-40.492172,LRG,0.27652809,1.0000,false
V4T009364,337.928282,-22.644064,LRG,0.37608832,1.0000,false
V4T009365,4.333791,-27.370461,BGS,1.45840671,0.4500,false
V4T009366,358.442173,-26.169331,ELG,0.45349297,1.0000,false
V4T009367,335.399698,-26.034304,ELG,1.12469916,1.0000,false
V4T009368,343.321067,-18.067868,LRG,0.23859795,1.0000,false
V4T009369,344.712900,-30.113606,Star,3.68063484,0.3000,false
V4T009370,351.521020,-36.966930,Star,4.80692921,0.3000,false
V4T009371,349.634831,-17.077789,LRG,0.32866663,1.0000,false
V4T009372,35.572491,-53.960346,ELG,0.67014634,1.0000,false
V4T009373,349.515801,-21.827771,Star,4.59494752,0.3000,false
V4T009374,0.100710,-28.243893,LRG,0.22467649,1.0000,false
V4T009375,358.083879,-37.480655,ELG,0.43972338,1.0000,false
V4T009376,346.747772,-20.837163,QSO,0.07174055,1.7000,false
V4T009377,343.139669,-23.702626,BGS,2.15959816,0.4500,false
V4T009378,22.544594,-51.399567,BGS,0.82346986,0.4500,false
V4T009379,29.375774,-43.122403,QSO,0.24848247,1.7000,false
V4T009380,29.840517,-44.292008,ELG,0.76368334,1.0000,false
V4T009381,340.485242,-23.529327,BGS,1.24389744,0.4500,true
V4T009382,346.846669,-30.644774,ELG,0.64506484,1.0000,false
V4T009383,342.905075,-36.242896,ELG,0.50995847,1.0000,false
V4T009384,29.665177,-43.705671,ELG,0.60785265,1.0000,false
V4T009385,37.259466,-54.631418,QSO,0.17578698,1.7000,false
V4T009386,48.903696,-44.258412,LRG,0.38255436,1.0000,false
V4T009387,359.036548,-18.840994,LRG,0.32288572,1.0000,false
V4T009388,339.597404,-22.065411,Star,3.45713034,0.3000,false
V4T009389,44.074890,-46.960545,BGS,1.79763210,0.4500,false
V4T009390,341.103597,-31.529834,BGS,1.35620719,0.4500,false
V4T009391,42.162710,-43.480001,BGS,1.23285348,0.4500,false
V4T009392,25.177713,-50.258375,ELG,0.38116332,1.0000,false
V4T009393,28.065029,-47.878661,BGS,1.06529491,0.4500,false
V4T009394,36.617382,-37.957760,QSO,0.21246795,1.7000,false
V4T009395,358.927762,-34.688378,BGS,1.05349654,0.4500,false
V4T009396,355.353192,-39.413735,ELG,0.66019154,1.0000,false
V4T009397,356.186430,-26.483037,ELG,0.58503558,1.0000,false
V4T009398,340.118850,-31.929078,ELG,0.39802395,1.0000,false
V4T009399,41.116493,-58.571181,BGS,1.22803801,0.4500,false
V4T009400,17.370030,-47.951440,BGS,1.47489232,0.4500,true
