target_id,ra_deg,dec_deg,target_class,feature_flux,science_weight,required
V4T000001,18.878195,-54.479183,LRG,0.62441512,1.0000,false
V4T000002,52.349830,-59.068801,QSO,0.18521373,1.7000,false
V4T000003,50.797165,-49.530935,ELG,0.44148483,1.0000,false
V4T000004,343.052369,-29.318050,ELG,0.30430753,1.0000,true
V4T000005,337.465759,-34.957568,ELG,0.76975957,1.0000,false
V4T000006,356.932710,-34.026155,ELG,0.46716917,1.0000,false
V4T000007,46.470498,-39.543734,ELG,0.26459449,1.0000,false
V4T000008,355.458699,-19.792708,LRG,0.26999483,1.0000,false
V4T000009,350.599780,-29.199377,QSO,0.12594046,1.7000,false
V4T000010,32.710795,-40.126684,QSO,0.11707950,1.7000,false
V4T000011,47.476073,-55.390582,BGS,0.67372741,0.4500,false
V4T000012,55.725787,-52.219525,QSO,0.15277437,1.7000,false
V4T000013,341.698160,-33.408149,Star,2.88379802,0.3000,false
V4T000014,342.972878,-25.376584,ELG,0.42119896,1.0000,false
V4T000015,347.191699,-20.884067,BGS,1.13484256,0.4500,false
V4T000016,352.306924,-16.878088,LRG,0.63502071,1.0000,false
V4T000017,24.501597,-40.233926,BGS,1.97580234,0.4500,false
V4T000018,358.791293,-33.299173,ELG,0.36236877,1.0000,false
V4T000019,39.887125,-54.812457,ELG,0.50268467,1.0000,false
V4T000020,358.436996,-25.821234,BGS,0.98170432,0.4500,false
V4T000021,350.557053,-38.305889,LRG,0.43103822,1.0000,false
V4T000022,25.872860,-42.864062,LRG,0.20852175,1.0000,false
V4T000023,346.170770,-34.641160,BGS,1.51905604,0.4500,true
V4T000024,29.024845,-34.327572,LRG,0.34502472,1.0000,false
V4T000025,17.918218,-40.946792,ELG,0.30369944,1.0000,false
V4T000026,37.287950,-49.722966,BGS,1.27445776,0.4500,false
V4T000027,54.003780,-50.309476,ELG,0.79319497,1.0000,false
V4T000028,343.688364,-25.228705,BGS,0.91571041,0.4500,false
V4T000029,32.208982,-43.809222,LRG,0.22959768,1.0000,false
V4T000030,338.761626,-33.873974,BGS,0.89368897,0.4500,false
V4T000031,19.810093,-52.993481,ELG,0.44422244,1.0000,false
V4T000032,42.017356,-42.382254,Star,4.36575175,0.3000,false
V4T000033,357.334844,-26.816036,ELG,0.27449976,1.0000,false
V4T000034,48.393987,-55.661223,BGS,2.09988303,0.4500,false
V4T000035,352.104280,-39.218818,BGS,1.95410275,0.4500,false
V4T000036,37.205109,-50.647344,QSO,0.16513933,1.7000,false
V4T000037,25.658787,-54.154290,ELG,0.57389189,1.0000,true
V4T000038,51.301490,-49.890202,LRG,0.21656700,1.0000,false
V4T000039,352.034839,-18.224789,LRG,0.32720870,1.0000,false
V4T000040,37.555276,-39.991348,LRG,0.27737245,1.0000,false
V4T000041,26.918100,-48.392250,BGS,0.96578309,0.4500,false
V4T000042,48.116938,-57.124205,BGS,1.15313642,0.4500,false
V4T000043,36.316314,-39.068534,ELG,0.62529638,1.0000,false
V4T000044,347.931501,-37.747684,BGS,1.43673925,0.4500,true
V4T000045,38.716624,-50.679957,QSO,0.14254842,1.7000,false
V4T000046,31.278304,-58.084723,BGS,1.88105355,0.4500,false
V4T000047,52.247562,-56.161930,ELG,0.48875487,1.0000,false
V4T000048,23.946933,-42.694426,ELG,0.42583260,1.0000,false
V4T000049,45.810558,-50.848341,BGS,2.10155168,0.4500,false
V4T000050,43.380005,-39.872774,QSO,0.42052137,1.7000,false
V4T000051,50.070462,-47.817007,QSO,0.08594920,1.7000,false
V4T000052,0.889732,-26.502236,LRG,0.66963582,1.0000,false
V4T000053,25.779164,-57.170956,ELG,0.32801893,1.0000,false
V4T000054,22.447883,-53.502725,ELG,0.78426003,1.0000,false
V4T000055,351.996749,-18.394032,ELG,0.31948226,1.0000,false
V4T000056,354.046973,-15.275361,Star,4.22707476,0.3000,false
V4T000057,359.276209,-28.588609,Star,3.60066657,0.3000,true
V4T000058,357.760695,-37.271083,ELG,1.14330244,1.0000,false
V4T000059,356.804223,-33.160775,BGS,1.08562548,0.4500,false
V4T000060,30.706651,-37.767840,QSO,0.21008115,1.7000,false
V4T000061,349.165451,-40.312775,BGS,0.58444672,0.4500,false
V4T000062,38.496441,-51.135824,BGS,1.12224542,0.4500,false
V4T000063,49.126500,-57.316826,ELG,0.48115458,1.0000,false
V4T000064,37.883232,-50.399356,ELG,0.40585569,1.0000,false
V4T000065,44.786244,-47.419182,BGS,0.77804454,0.4500,false
V4T000066,349.098159,-21.992476,BGS,0.75810422,0.4500,false
V4T000067,2.058898,-33.923773,Star,4.13380396,0.3000,false
V4T000068,16.993257,-50.485975,BGS,1.40785791,0.4500,false
V4T000069,46.498932,-42.191097,ELG,1.31434840,1.0000,false
V4T000070,343.313262,-37.702569,LRG,0.36602439,1.0000,false
V4T000071,344.314798,-18.138688,ELG,1.37446347,1.0000,false
V4T000072,50.927934,-46.676504,Star,4.65525825,0.3000,false
V4T000073,31.778444,-46.820244,ELG,0.68174102,1.0000,false
V4T000074,44.954571,-40.381990,QSO,0.12176659,1.7000,false
V4T000075,41.549494,-47.486028,QSO,0.18373533,1.7000,false
V4T000076,345.075143,-20.534061,ELG,0.86819449,1.0000,false
V4T000077,42.593250,-57.459293,LRG,0.35837116,1.0000,false
V4T000078,352.234181,-19.200578,BGS,2.02204715,0.4500,false
V4T000079,356.000249,-19.389393,LRG,0.43648463,1.0000,false
V4T000080,46.653253,-53.704090,LRG,0.38748127,1.0000,false
V4T000081,352.117465,-27.661619,BGS,1.78612544,0.4500,false
V4T000082,2.384455,-32.692039,QSO,0.36598527,1.7000,true
V4T000083,42.063804,-56.748474,LRG,0.33617378,1.0000,false
V4T000084,46.953566,-41.964251,QSO,0.40125941,1.7000,false
V4T000085,352.241845,-27.716475,LRG,0.36482043,1.0000,false
V4T000086,1.511528,-27.334245,ELG,0.45037093,1.0000,true
V4T000087,30.563139,-43.580037,LRG,0.41098689,1.0000,false
V4T000088,342.035723,-21.709936,ELG,0.30784812,1.0000,false
V4T000089,353.987748,-22.134505,QSO,0.25104308,1.7000,false
V4T000090,337.479959,-32.167996,QSO,0.10336619,1.7000,false
V4T000091,349.417624,-30.953871,ELG,0.50422640,1.0000,false
V4T000092,353.322505,-32.842245,ELG,0.55742544,1.0000,false
V4T000093,354.041898,-35.505232,ELG,1.01537681,1.0000,false
V4T000094,45.901270,-39.084603,QSO,0.08088028,1.7000,false
V4T000095,42.543743,-41.810656,ELG,0.59437408,1.0000,true
V4T000096,27.792635,-37.289628,ELG,0.71674273,1.0000,false
V4T000097,353.785559,-36.852754,BGS,1.44411086,0.4500,false
V4T000098,23.559747,-40.490437,ELG,0.57615542,1.0000,false
V4T000099,359.193994,-36.492068,BGS,1.28256017,0.4500,true
V4T000100,346.169043,-38.674994,ELG,0.31028305,1.0000,false
V4T000101,351.322914,-19.526726,QSO,0.35684981,1.7000,false
V4T000102,355.534317,-19.700676,LRG,0.20133934,1.0000,false
V4T000103,358.281076,-28.512437,QSO,0.16067564,1.7000,false
V4T000104,44.674458,-38.509747,QSO,0.22377775,1.7000,true
V4T000105,355.601787,-20.072167,ELG,0.43019831,1.0000,false
V4T000106,353.753431,-24.915888,QSO,0.12972456,1.7000,true
V4T000107,16.338569,-54.644179,BGS,1.16073453,0.4500,false
V4T000108,354.970246,-33.473360,Star,4.05792944,0.3000,false
V4T000109,17.981965,-45.298381,ELG,0.63695080,1.0000,false
V4T000110,42.874483,-44.050189,ELG,0.54033760,1.0000,false
V4T000111,349.387493,-28.538533,ELG,0.69627249,1.0000,false
V4T000112,47.678589,-51.257014,LRG,0.26950673,1.0000,false
V4T000113,351.992050,-18.654512,Star,4.31053852,0.3000,false
V4T000114,343.825017,-32.264104,Star,2.91909359,0.3000,false
V4T000115,38.946600,-44.567387,Star,4.19750358,0.3000,false
V4T000116,54.101818,-51.281034,LRG,0.61127844,1.0000,false
V4T000117,53.774349,-53.608717,LRG,0.21187374,1.0000,false
V4T000118,29.920219,-46.671359,QSO,0.83376842,1.7000,true
V4T000119,32.991141,-36.014980,BGS,1.94267817,0.4500,false
V4T000120,346.683286,-34.928814,BGS,1.33153352,0.4500,false
V4T000121,28.742468,-34.716742,BGS,1.21862648,0.4500,false
V4T000122,347.513348,-20.084811,Star,3.85996361,0.3000,false
V4T000123,44.142239,-55.138813,ELG,0.46286516,1.0000,true
V4T000124,37.400951,-56.365177,LRG,0.39833797,1.0000,false
V4T000125,341.426770,-24.427772,ELG,0.93700104,1.0000,false
V4T000126,358.419235,-25.616315,Star,3.54859057,0.3000,false
V4T000127,53.557132,-56.943658,ELG,0.40389146,1.0000,false
V4T000128,343.421612,-24.645012,BGS,1.43164796,0.4500,false
V4T000129,356.078056,-19.486147,LRG,0.52796441,1.0000,false
V4T000130,28.515121,-47.166149,LRG,0.40152808,1.0000,false
V4T000131,355.712513,-18.526556,BGS,2.71321979,0.4500,false
V4T000132,33.454235,-38.316069,LRG,0.39810168,1.0000,false
V4T000133,355.606293,-19.220067,QSO,0.09137216,1.7000,false
V4T000134,355.993005,-35.277000,QSO,0.25115694,1.7000,false
V4T000135,2.714093,-28.931071,ELG,0.97533368,1.0000,false
V4T000136,346.482422,-29.887472,ELG,0.61345477,1.0000,false
V4T000137,54.651362,-51.847367,ELG,0.51157632,1.0000,false
V4T000138,346.155227,-30.257450,ELG,1.00455842,1.0000,false
V4T000139,357.433388,-27.374053,LRG,0.36123363,1.0000,false
V4T000140,29.014510,-53.767447,QSO,0.07410492,1.7000,false
V4T000141,37.158154,-50.448055,ELG,0.84798012,1.0000,false
V4T000142,352.171247,-18.359302,BGS,1.09350116,0.4500,false
V4T000143,352.765588,-18.380850,LRG,0.31842861,1.0000,false
V4T000144,34.155852,-54.022226,ELG,0.66708539,1.0000,false
V4T000145,343.191130,-25.134087,LRG,0.32154051,1.0000,false
V4T000146,43.445616,-40.761619,LRG,0.20914841,1.0000,false
V4T000147,27.149980,-43.155611,ELG,1.07938722,1.0000,false
V4T000148,1.629599,-27.744381,ELG,0.84602268,1.0000,false
V4T000149,22.735355,-53.331346,ELG,0.76268312,1.0000,true
V4T000150,37.165952,-58.645079,ELG,0.28896111,1.0000,false
V4T000151,25.128808,-40.060952,ELG,0.29283509,1.0000,false
V4T000152,343.497871,-25.193902,ELG,0.32754098,1.0000,false
V4T000153,356.369221,-39.873230,QSO,0.11617186,1.7000,false
V4T000154,40.309894,-55.336068,ELG,0.94232935,1.0000,false
V4T000155,25.151847,-37.371171,Star,3.66626545,0.3000,false
V4T000156,42.312188,-44.301615,ELG,0.50362235,1.0000,false
V4T000157,44.432282,-58.708500,QSO,0.18642684,1.7000,false
V4T000158,358.285141,-26.004900,BGS,1.19680934,0.4500,false
V4T000159,0.332875,-34.291558,BGS,1.49746074,0.4500,false
V4T000160,350.299311,-21.112294,LRG,0.22790208,1.0000,false
V4T000161,49.716724,-44.196592,QSO,0.16086185,1.7000,false
V4T000162,14.708799,-54.104411,QSO,0.15703364,1.7000,false
V4T000163,38.921467,-44.291725,BGS,1.43261464,0.4500,false
V4T000164,25.689120,-59.624321,BGS,1.65868054,0.4500,false
V4T000165,1.667217,-28.228404,QSO,0.27899784,1.7000,false
V4T000166,343.372812,-38.152263,BGS,1.31533058,0.4500,false
V4T000167,45.077404,-55.984038,QSO,0.30010524,1.7000,false
V4T000168,41.361637,-56.181582,LRG,0.28144270,1.0000,false
V4T000169,38.148254,-50.332529,QSO,0.28845295,1.7000,false
V4T000170,49.773234,-48.455095,LRG,0.36577306,1.0000,false
V4T000171,2.279114,-28.429802,BGS,1.50107690,0.4500,false
V4T000172,37.631783,-50.633450,BGS,1.02614926,0.4500,true
V4T000173,344.649351,-33.753356,BGS,1.17205853,0.4500,false
V4T000174,36.694261,-37.297886,LRG,0.33469142,1.0000,true
V4T000175,30.153660,-53.267582,ELG,0.67057894,1.0000,false
V4T000176,17.222987,-50.161488,Star,5.86698002,0.3000,false
V4T000177,345.868776,-33.200100,QSO,0.22654823,1.7000,false
V4T000178,343.345533,-25.356524,ELG,0.71763469,1.0000,false
V4T000179,340.165805,-32.212943,BGS,1.21628801,0.4500,false
V4T000180,34.687304,-42.388458,ELG,0.33348155,1.0000,false
V4T000181,45.080337,-38.920663,ELG,0.68927671,1.0000,false
V4T000182,1.910639,-28.828954,QSO,0.21175699,1.7000,false
V4T000183,353.536174,-18.548926,ELG,0.70781173,1.0000,true
V4T000184,25.068642,-56.071736,LRG,0.26035866,1.0000,false
V4T000185,41.038033,-47.259209,QSO,0.05672764,1.7000,false
V4T000186,337.903763,-26.060027,LRG,0.23908908,1.0000,false
V4T000187,345.326324,-29.975698,ELG,0.39411577,1.0000,false
V4T000188,35.924196,-56.660717,LRG,0.56107247,1.0000,true
V4T000189,352.002744,-36.922539,ELG,0.49395206,1.0000,false
V4T000190,339.266921,-31.825336,BGS,1.26780880,0.4500,false
V4T000191,0.831702,-28.230836,QSO,0.29053620,1.7000,false
V4T000192,26.584287,-45.539463,BGS,0.52786908,0.4500,false
V4T000193,345.605056,-25.494629,LRG,0.45584257,1.0000,false
V4T000194,23.810620,-43.891085,LRG,0.35913623,1.0000,false
V4T000195,356.101528,-33.218166,Star,4.73561814,0.3000,false
V4T000196,344.492974,-23.682608,ELG,0.31863122,1.0000,false
V4T000197,355.026044,-33.848877,BGS,1.20013577,0.4500,true
V4T000198,345.080321,-30.360328,ELG,0.43040908,1.0000,false
V4T000199,27.546182,-60.691710,QSO,0.17204296,1.7000,false
V4T000200,346.176597,-30.672004,LRG,0.43240595,1.0000,false
V4T000201,354.964009,-26.013785,BGS,1.28923053,0.4500,false
V4T000202,23.650302,-50.933865,LRG,0.27427600,1.0000,false
V4T000203,34.275836,-38.541054,LRG,0.62865574,1.0000,false
V4T000204,341.642915,-23.873393,BGS,2.27018645,0.4500,false
V4T000205,30.084544,-41.704803,LRG,0.36840047,1.0000,false
V4T000206,54.371013,-51.390060,BGS,1.50737830,0.4500,false
V4T000207,42.388807,-55.371966,ELG,0.53269808,1.0000,false
V4T000208,34.000080,-58.090919,LRG,0.21733077,1.0000,false
V4T000209,349.444013,-27.493316,ELG,1.17727917,1.0000,false
V4T000210,0.419536,-19.654774,ELG,0.52019503,1.0000,false
V4T000211,351.152906,-18.322661,Star,5.64593171,0.3000,false
V4T000212,26.671978,-43.022093,QSO,0.10400175,1.7000,false
V4T000213,343.711107,-29.548216,QSO,0.17922997,1.7000,false
V4T000214,336.669905,-33.708539,LRG,0.53203355,1.0000,false
V4T000215,18.433566,-55.002089,ELG,0.47417660,1.0000,false
V4T000216,38.726235,-43.257943,LRG,0.23060834,1.0000,false
V4T000217,55.250347,-52.770985,ELG,0.64943972,1.0000,false
V4T000218,53.572481,-51.777051,BGS,1.14935406,0.4500,false
V4T000219,50.905566,-55.915767,ELG,0.83903033,1.0000,false
V4T000220,351.631110,-32.361083,BGS,0.86677145,0.4500,false
V4T000221,37.886751,-39.402288,QSO,0.10724492,1.7000,false
V4T000222,27.944728,-39.310893,ELG,0.35703276,1.0000,true
V4T000223,51.716719,-45.026688,BGS,1.26556318,0.4500,false
V4T000224,23.483061,-35.986872,Star,5.04833876,0.3000,false
V4T000225,356.181969,-17.556394,Star,5.01549227,0.3000,false
V4T000226,54.236929,-51.748334,BGS,1.12601538,0.4500,false
V4T000227,358.522432,-24.108524,LRG,0.22456813,1.0000,false
V4T000228,18.160571,-47.124396,BGS,1.95952408,0.4500,false
V4T000229,31.733027,-52.914206,BGS,0.92232466,0.4500,false
V4T000230,37.871311,-36.442130,BGS,1.71281235,0.4500,false
V4T000231,40.940577,-35.326566,BGS,0.85480832,0.4500,false
V4T000232,43.362428,-37.127444,QSO,0.31839167,1.7000,false
V4T000233,336.968560,-26.297110,ELG,0.54015921,1.0000,false
V4T000234,30.401991,-45.610750,BGS,0.87661357,0.4500,false
V4T000235,26.108368,-44.492240,BGS,1.48506743,0.4500,false
V4T000236,356.164385,-19.349713,QSO,0.12882655,1.7000,false
V4T000237,24.339357,-40.205746,BGS,1.20063824,0.4500,false
V4T000238,45.308565,-39.268241,LRG,0.23287927,1.0000,false
V4T000239,51.364522,-53.131931,ELG,0.72982731,1.0000,false
V4T000240,353.135419,-39.006563,LRG,0.97455850,1.0000,false
V4T000241,46.936296,-41.483942,ELG,0.35457732,1.0000,false
V4T000242,47.988349,-49.726079,ELG,0.50141905,1.0000,false
V4T000243,29.985285,-46.369045,LRG,0.41398449,1.0000,false
V4T000244,29.433912,-56.552435,BGS,0.94948642,0.4500,false
V4T000245,29.273714,-35.304082,Star,3.37197083,0.3000,false
V4T000246,48.182186,-41.740329,BGS,1.28505417,0.4500,false
V4T000247,26.574961,-58.625354,ELG,1.01829342,1.0000,false
V4T000248,37.892324,-51.543398,BGS,1.15861544,0.4500,false
V4T000249,31.910156,-48.718009,LRG,0.73053332,1.0000,false
V4T000250,40.615528,-48.180099,BGS,1.73859878,0.4500,false
V4T000251,349.205116,-37.861399,BGS,1.37931846,0.4500,false
V4T000252,355.777009,-19.103928,LRG,0.22352116,1.0000,true
V4T000253,353.704484,-30.260442,BGS,1.96252443,0.4500,false
V4T000254,47.298112,-40.454292,LRG,0.29126401,1.0000,false
V4T000255,19.054989,-57.871381,QSO,0.14626640,1.7000,false
V4T000256,3.066106,-28.143168,BGS,1.19833374,0.4500,false
V4T000257,359.092076,-31.810058,ELG,0.75789970,1.0000,false
V4T000258,41.134415,-57.090745,BGS,1.61147028,0.4500,false
V4T000259,36.700546,-48.188503,Star,5.41762097,0.3000,false
V4T000260,337.007776,-29.024100,QSO,0.20806346,1.7000,true
V4T000261,344.036857,-21.517160,ELG,0.58419225,1.0000,false
V4T000262,357.754426,-26.798944,BGS,1.60566119,0.4500,false
V4T000263,39.252515,-34.836538,QSO,0.17814039,1.7000,false
V4T000264,54.062413,-53.854130,QSO,0.17311361,1.7000,false
V4T000265,34.962051,-33.500102,BGS,1.28212975,0.4500,false
V4T000266,353.245951,-26.617501,ELG,0.58542510,1.0000,false
V4T000267,359.659911,-27.473304,ELG,0.88342619,1.0000,false
V4T000268,344.855436,-17.441552,BGS,1.07919992,0.4500,false
V4T000269,16.959946,-44.416427,BGS,1.52318491,0.4500,false
V4T000270,351.924352,-18.823983,QSO,0.08021906,1.7000,false
V4T000271,24.389025,-44.312910,ELG,0.95430635,1.0000,false
V4T000272,55.531292,-51.211260,Star,4.00955028,0.3000,true
V4T000273,22.060257,-41.657548,ELG,0.70875839,1.0000,false
V4T000274,32.032737,-42.932634,LRG,0.28580439,1.0000,false
V4T000275,344.657269,-21.209623,LRG,0.27877109,1.0000,false
V4T000276,29.587684,-36.088674,LRG,0.46663614,1.0000,false
V4T000277,343.094277,-25.717292,QSO,0.46262336,1.7000,false
V4T000278,23.594261,-45.686039,ELG,0.55427603,1.0000,false
V4T000279,354.074390,-33.564027,ELG,0.27996973,1.0000,false
V4T000280,37.500028,-49.909939,Star,5.92068798,0.3000,false
V4T000281,355.924268,-19.669073,ELG,0.48172266,1.0000,false
V4T000282,27.682055,-55.211741,ELG,0.88829198,1.0000,false
V4T000283,39.182999,-50.501908,QSO,0.22098075,1.7000,false
V4T000284,3.939815,-31.137114,ELG,0.33955813,1.0000,false
V4T000285,47.220984,-41.762108,BGS,1.96411604,0.4500,false
V4T000286,357.080650,-19.642697,BGS,1.64048457,0.4500,false
V4T000287,28.644042,-50.453610,QSO,0.13630352,1.7000,false
V4T000288,355.574320,-24.782713,ELG,0.58486365,1.0000,false
V4T000289,20.155445,-42.609244,ELG,0.36553541,1.0000,false
V4T000290,343.588973,-25.393703,ELG,0.71992491,1.0000,false
V4T000291,39.730505,-55.346493,LRG,0.12208186,1.0000,false
V4T000292,36.665600,-50.933060,LRG,0.27858462,1.0000,false
V4T000293,339.684200,-27.579471,LRG,0.32676264,1.0000,false
V4T000294,29.904806,-48.145063,ELG,0.29388503,1.0000,false
V4T000295,357.100206,-35.330198,BGS,1.57001360,0.4500,false
V4T000296,47.908871,-43.135733,BGS,1.01789603,0.4500,false
V4T000297,22.886355,-56.087023,BGS,1.38942676,0.4500,false
V4T000298,52.632983,-44.612208,ELG,0.47788578,1.0000,false
V4T000299,344.639819,-22.432026,LRG,0.30051148,1.0000,false
V4T000300,345.299129,-30.700030,LRG,0.35574680,1.0000,false
V4T000301,359.152068,-37.941246,BGS,1.48478995,0.4500,false
V4T000302,343.218563,-27.123705,LRG,0.34286799,1.0000,false
V4T000303,343.975659,-34.363306,ELG,0.52159232,1.0000,false
V4T000304,345.748065,-23.347678,BGS,1.61157416,0.4500,false
V4T000305,45.156378,-39.193745,LRG,0.30882420,1.0000,false
V4T000306,359.669161,-23.163939,BGS,1.18904827,0.4500,false
V4T000307,39.227198,-46.523133,QSO,0.13032999,1.7000,false
V4T000308,34.538268,-40.982697,QSO,0.18078800,1.7000,false
V4T000309,23.712352,-59.473983,Star,5.41192911,0.3000,false
V4T000310,356.388242,-21.330439,QSO,0.14281545,1.7000,false
V4T000311,3.521874,-27.675117,BGS,2.49323414,0.4500,false
V4T000312,0.655605,-31.153235,BGS,1.45429818,0.4500,false
V4T000313,352.456970,-18.137289,Star,4.36289988,0.3000,false
V4T000314,358.263111,-25.246327,LRG,0.35811772,1.0000,false
V4T000315,351.046873,-16.545828,BGS,1.48570629,0.4500,true
V4T000316,38.119922,-50.417983,LRG,0.19331499,1.0000,false
V4T000317,44.150207,-46.659195,ELG,0.70740151,1.0000,false
V4T000318,357.715254,-18.991690,ELG,0.42382786,1.0000,false
V4T000319,338.499936,-24.940664,ELG,0.85000149,1.0000,false
V4T000320,35.591780,-60.919622,Star,3.17646593,0.3000,false
V4T000321,44.302209,-39.682493,LRG,0.38837778,1.0000,true
V4T000322,343.909813,-24.856277,BGS,0.97139169,0.4500,false
V4T000323,55.316652,-51.312678,ELG,0.57784176,1.0000,false
V4T000324,343.759308,-25.471263,ELG,0.88000306,1.0000,false
V4T000325,351.264654,-18.867435,LRG,0.26803214,1.0000,false
V4T000326,355.972460,-18.754650,QSO,0.21994386,1.7000,false
V4T000327,355.600150,-19.717690,LRG,0.42234306,1.0000,false
V4T000328,37.325139,-45.379625,QSO,0.07896250,1.7000,false
V4T000329,37.444014,-50.200186,BGS,1.32306400,0.4500,false
V4T000330,337.293545,-26.476751,Star,3.75947454,0.3000,false
V4T000331,32.491676,-54.987472,LRG,0.19323272,1.0000,false
V4T000332,30.491144,-55.166809,LRG,0.43825221,1.0000,false
V4T000333,1.182829,-26.624595,BGS,1.43579092,0.4500,false
V4T000334,54.302952,-50.720714,LRG,0.34370129,1.0000,false
V4T000335,16.223798,-54.984238,ELG,0.51248592,1.0000,false
V4T000336,349.302269,-20.380940,ELG,0.68671788,1.0000,false
V4T000337,46.469502,-52.619451,LRG,0.30245960,1.0000,false
V4T000338,38.466474,-54.872949,BGS,1.45649669,0.4500,false
V4T000339,32.843518,-36.247132,QSO,0.15955617,1.7000,false
V4T000340,41.537739,-56.729445,BGS,1.22958205,0.4500,false
V4T000341,337.360925,-30.812347,Star,4.12187958,0.3000,false
V4T000342,41.050310,-50.075212,BGS,1.18713454,0.4500,false
V4T000343,36.575912,-41.268820,QSO,0.13941754,1.7000,false
V4T000344,343.698010,-23.933506,Star,4.72855584,0.3000,false
V4T000345,351.868545,-18.248643,ELG,0.91025436,1.0000,false
V4T000346,41.368492,-50.736569,LRG,0.31988556,1.0000,false
V4T000347,357.505984,-35.583623,ELG,0.74903680,1.0000,false
V4T000348,339.654188,-36.939123,LRG,0.30951570,1.0000,false
V4T000349,342.904982,-28.206992,ELG,0.42498221,1.0000,false
V4T000350,347.507885,-29.856172,LRG,0.21551943,1.0000,false
V4T000351,2.870372,-27.920668,BGS,2.13674084,0.4500,false
V4T000352,357.420929,-26.430978,ELG,0.29090179,1.0000,false
V4T000353,27.126498,-48.515484,ELG,0.86384199,1.0000,false
V4T000354,356.050810,-22.825325,LRG,0.31555726,1.0000,false
V4T000355,341.779167,-20.788641,LRG,0.60691542,1.0000,false
V4T000356,338.059029,-28.282705,BGS,0.94048432,0.4500,false
V4T000357,35.069338,-40.483025,Star,7.89792782,0.3000,true
V4T000358,51.224784,-47.744888,BGS,2.16521035,0.4500,false
V4T000359,16.337558,-55.372216,QSO,0.17001169,1.7000,false
V4T000360,339.710721,-21.863165,LRG,0.49831390,1.0000,false
V4T000361,28.849914,-47.048984,LRG,0.66696610,1.0000,false
V4T000362,337.992181,-25.531230,ELG,0.72043746,1.0000,false
V4T000363,25.538967,-42.744073,BGS,0.94074534,0.4500,false
V4T000364,51.256920,-51.931123,ELG,0.66234887,1.0000,false
V4T000365,38.236617,-50.054719,BGS,1.39771616,0.4500,false
V4T000366,338.766486,-29.065135,ELG,0.46976136,1.0000,false
V4T000367,39.814266,-47.968334,Star,3.01119725,0.3000,false
V4T000368,348.543526,-18.808905,LRG,0.19614987,1.0000,false
V4T000369,51.203831,-46.928122,ELG,0.21513602,1.0000,false
V4T000370,47.704683,-45.139003,LRG,0.28408380,1.0000,false
V4T000371,51.988287,-55.529116,ELG,0.51261741,1.0000,false
V4T000372,345.599122,-27.803687,Star,5.23237996,0.3000,false
V4T000373,28.720300,-44.674689,Star,3.94421276,0.3000,false
V4T000374,345.743746,-30.457500,QSO,0.21833037,1.7000,false
V4T000375,47.305810,-46.257318,ELG,0.39876694,1.0000,false
V4T000376,352.716629,-17.625661,ELG,0.51004290,1.0000,false
V4T000377,22.519087,-36.726491,BGS,0.80552159,0.4500,false
V4T000378,357.263988,-27.105497,Star,3.02845304,0.3000,false
V4T000379,54.770107,-46.811333,ELG,0.50081755,1.0000,false
V4T000380,345.230380,-19.930298,Star,3.85675259,0.3000,false
V4T000381,33.161292,-54.845922,Star,5.57647407,0.3000,false
V4T000382,351.234051,-30.159706,LRG,0.26295499,1.0000,false
V4T000383,336.792617,-30.695050,QSO,0.18354067,1.7000,false
V4T000384,350.441832,-34.334491,LRG,0.33339651,1.0000,false
V4T000385,350.556547,-16.807299,ELG,0.16244542,1.0000,false
V4T000386,346.395538,-33.282220,QSO,0.45829004,1.7000,false
V4T000387,352.752408,-28.997372,Star,3.35340963,0.3000,false
V4T000388,39.139209,-36.187033,BGS,1.54091540,0.4500,false
V4T000389,2.392905,-21.694736,QSO,0.22605934,1.7000,false
V4T000390,1.987412,-27.736858,QSO,0.17514802,1.7000,false
V4T000391,343.512779,-26.049819,ELG,0.60327634,1.0000,true
V4T000392,356.331509,-19.201056,BGS,1.64376242,0.4500,false
V4T000393,40.883612,-41.171456,ELG,0.82337110,1.0000,false
V4T000394,347.220494,-29.093359,LRG,0.54728274,1.0000,false
V4T000395,29.204059,-34.340629,Star,3.78142335,0.3000,false
V4T000396,27.087332,-53.651074,ELG,0.83636164,1.0000,false
V4T000397,340.246982,-25.024108,BGS,1.92820345,0.4500,false
V4T000398,53.591649,-55.701094,BGS,0.81890486,0.4500,false
V4T000399,355.721955,-20.147249,ELG,0.49460777,1.0000,false
V4T000400,352.794410,-17.676691,QSO,0.39834341,1.7000,false
V4T000401,14.944377,-52.845519,BGS,1.16324968,0.4500,false
V4T000402,38.514427,-49.560384,LRG,0.22402897,1.0000,false
V4T000403,41.681772,-51.974441,ELG,0.46609944,1.0000,false
V4T000404,47.742073,-47.218068,ELG,0.62892040,1.0000,true
V4T000405,358.337018,-16.958252,QSO,0.09011189,1.7000,false
V4T000406,30.213712,-44.432557,ELG,0.48288920,1.0000,false
V4T000407,39.590760,-40.364533,ELG,0.82733367,1.0000,false
V4T000408,20.870633,-52.798203,ELG,1.17982915,1.0000,false
V4T000409,36.875112,-48.993273,QSO,0.37539582,1.7000,false
V4T000410,338.450339,-27.049911,ELG,0.48194453,1.0000,false
V4T000411,2.265399,-28.994978,ELG,0.92896462,1.0000,false
V4T000412,3.825936,-29.961785,ELG,0.68587977,1.0000,false
V4T000413,57.035316,-53.573864,ELG,0.53099358,1.0000,false
V4T000414,0.084816,-18.767106,ELG,1.08828220,1.0000,false
V4T000415,37.440687,-43.637171,LRG,0.61075954,1.0000,false
V4T000416,345.762675,-30.681471,BGS,0.88241150,0.4500,false
V4T000417,353.082576,-18.106741,ELG,0.59262948,1.0000,false
V4T000418,353.034330,-17.066768,ELG,0.79690561,1.0000,false
V4T000419,349.833691,-32.397755,LRG,0.40926075,1.0000,false
V4T000420,359.208330,-38.352377,LRG,0.29444099,1.0000,false
V4T000421,346.422374,-30.529202,LRG,0.20388713,1.0000,false
V4T000422,18.737866,-41.699288,QSO,0.18550359,1.7000,false
V4T000423,23.330015,-44.138885,ELG,1.35914380,1.0000,false
V4T000424,53.623738,-51.374508,Star,4.20313023,0.3000,false
V4T000425,46.515513,-50.080294,BGS,1.99588345,0.4500,false
V4T000426,54.774779,-50.567392,BGS,1.48136822,0.4500,true
V4T000427,38.037320,-47.061859,Star,2.97178250,0.3000,false
V4T000428,1.568381,-36.610329,ELG,0.82991355,1.0000,false
V4T000429,35.675435,-37.814440,ELG,0.48809104,1.0000,false
V4T000430,2.898239,-29.591133,LRG,0.25750954,1.0000,false
V4T000431,38.612072,-51.941682,ELG,0.90135466,1.0000,false
V4T000432,352.792280,-20.115739,BGS,1.70312378,0.4500,false
V4T000433,46.965563,-47.795692,ELG,0.30828006,1.0000,false
V4T000434,353.960364,-32.619825,ELG,0.55737361,1.0000,false
V4T000435,27.530832,-44.228280,BGS,1.43239365,0.4500,false
V4T000436,43.830888,-61.049406,ELG,0.47551078,1.0000,false
V4T000437,349.331153,-35.732585,BGS,1.10246587,0.4500,false
V4T000438,353.369470,-23.219488,LRG,0.36799280,1.0000,false
V4T000439,44.873370,-39.526581,ELG,0.45092989,1.0000,false
V4T000440,37.134723,-50.506177,ELG,0.44031070,1.0000,false
V4T000441,346.010726,-39.232410,ELG,0.69155329,1.0000,false
V4T000442,30.189707,-43.748181,BGS,1.21777540,0.4500,false
V4T000443,352.560674,-17.763255,BGS,1.06137628,0.4500,false
V4T000444,344.988429,-37.628575,ELG,0.60020023,1.0000,false
V4T000445,38.446969,-50.898338,BGS,1.49945014,0.4500,false
V4T000446,348.947269,-27.815279,QSO,0.13307279,1.7000,false
V4T000447,37.220908,-43.234207,QSO,0.13554173,1.7000,false
V4T000448,20.943923,-55.983309,ELG,0.72509473,1.0000,true
V4T000449,44.611650,-38.515037,BGS,0.99715366,0.4500,false
V4T000450,29.917922,-33.968503,BGS,1.57674424,0.4500,false
V4T000451,37.988850,-49.504761,BGS,0.93507481,0.4500,false
V4T000452,342.540050,-37.963653,BGS,1.01187641,0.4500,false
V4T000453,38.487902,-35.494531,ELG,0.55690777,1.0000,false
V4T000454,346.474213,-19.345272,Star,2.90549997,0.3000,false
V4T000455,346.231960,-25.212516,ELG,1.02897175,1.0000,false
V4T000456,38.005768,-39.559016,LRG,0.40396691,1.0000,false
V4T000457,34.473622,-41.018738,LRG,0.21106567,1.0000,false
V4T000458,43.872702,-39.775708,BGS,0.63797797,0.4500,false
V4T000459,35.715751,-59.657342,ELG,0.43351889,1.0000,false
V4T000460,347.454490,-16.655292,BGS,1.16418347,0.4500,false
V4T000461,350.676126,-18.486572,BGS,1.83233638,0.4500,false
V4T000462,52.525477,-55.258767,QSO,0.18054537,1.7000,false
V4T000463,345.503283,-27.784741,Star,4.57646371,0.3000,false
V4T000464,354.556858,-33.496296,ELG,0.77807096,1.0000,false
V4T000465,2.475092,-27.779892,BGS,1.04903916,0.4500,false
V4T000466,28.475083,-45.109089,ELG,0.97874668,1.0000,false
V4T000467,43.087502,-36.787600,LRG,0.37484135,1.0000,false
V4T000468,56.028532,-49.833306,ELG,0.41827468,1.0000,false
V4T000469,355.430641,-19.262394,LRG,0.33288092,1.0000,false
V4T000470,42.819951,-42.058529,LRG,0.30536396,1.0000,false
V4T000471,35.927064,-48.471095,BGS,0.70999833,0.4500,false
V4T000472,55.337129,-52.172020,ELG,0.63693854,1.0000,false
V4T000473,356.983997,-26.882467,QSO,0.14444135,1.7000,false
V4T000474,40.715664,-38.700717,LRG,0.28488676,1.0000,false
V4T000475,354.163918,-20.976270,LRG,0.53543658,1.0000,false
V4T000476,348.093806,-30.138616,LRG,0.40962476,1.0000,false
V4T000477,354.669800,-20.088065,BGS,0.83834574,0.4500,true
V4T000478,344.973136,-29.931391,ELG,0.33648133,1.0000,false
V4T000479,350.855551,-39.702007,Star,5.09933919,0.3000,false
V4T000480,32.475283,-45.020642,ELG,1.02335886,1.0000,false
V4T000481,0.412619,-23.523041,ELG,0.49676223,1.0000,false
V4T000482,18.253834,-45.730245,LRG,0.22799864,1.0000,false
V4T000483,353.510268,-17.838257,ELG,0.78278803,1.0000,false
V4T000484,14.802030,-47.688150,BGS,1.26529397,0.4500,false
V4T000485,342.996129,-33.435435,Star,4.33048871,0.3000,false
V4T000486,36.615610,-41.244612,BGS,0.99507902,0.4500,false
V4T000487,353.159397,-17.436028,LRG,0.21079445,1.0000,false
V4T000488,3.033130,-29.371458,ELG,0.97762952,1.0000,false
V4T000489,41.657613,-43.251773,Star,3.24881652,0.3000,false
V4T000490,354.054426,-17.100391,Star,5.26954632,0.3000,false
V4T000491,42.690476,-50.037040,LRG,0.44806611,1.0000,false
V4T000492,23.297391,-56.785420,ELG,0.27982622,1.0000,false
V4T000493,349.217234,-34.245723,ELG,0.51264527,1.0000,true
V4T000494,337.871128,-34.652623,ELG,0.82082801,1.0000,false
V4T000495,45.019279,-39.051360,Star,3.55657586,0.3000,false
V4T000496,351.431834,-35.167589,ELG,0.57010318,1.0000,false
V4T000497,34.911712,-49.147792,ELG,0.75825651,1.0000,false
V4T000498,355.489663,-20.301644,QSO,0.24192227,1.7000,false
V4T000499,356.632355,-31.961673,BGS,1.14716486,0.4500,false
V4T000500,342.749514,-21.571300,LRG,0.41465797,1.0000,false
V4T000501,352.319280,-32.213239,ELG,0.45414157,1.0000,false
V4T000502,345.487215,-22.616183,ELG,0.81222634,1.0000,false
V4T000503,349.442317,-38.367828,LRG,0.54973301,1.0000,false
V4T000504,25.466628,-36.340040,LRG,0.53185940,1.0000,false
V4T000505,344.323265,-23.226873,BGS,1.75034438,0.4500,true
V4T000506,23.167101,-39.311937,LRG,0.32863709,1.0000,false
V4T000507,26.023239,-59.418657,BGS,1.74161109,0.4500,false
V4T000508,346.327956,-18.959826,Star,4.41749466,0.3000,false
V4T000509,352.539681,-29.974891,LRG,0.31229404,1.0000,false
V4T000510,353.582094,-17.553800,LRG,0.33763515,1.0000,false
V4T000511,42.725209,-54.641559,ELG,0.50886684,1.0000,false
V4T000512,44.883911,-50.095437,Star,4.44062541,0.3000,false
V4T000513,348.702143,-31.657078,QSO,0.12516156,1.7000,false
V4T000514,29.623552,-55.736471,QSO,0.29083888,1.7000,false
V4T000515,37.711047,-59.242833,QSO,0.03469790,1.7000,false
V4T000516,345.959253,-30.369101,ELG,0.42254453,1.0000,false
V4T000517,355.899571,-23.750392,LRG,0.32804127,1.0000,false
V4T000518,351.719489,-18.316194,LRG,0.36962695,1.0000,true
V4T000519,352.574086,-18.068809,LRG,0.58450273,1.0000,false
V4T000520,357.964761,-23.044857,ELG,0.42608721,1.0000,false
V4T000521,25.470175,-42.148374,ELG,0.29379870,1.0000,false
V4T000522,344.548000,-22.653974,ELG,0.89768945,1.0000,false
V4T000523,342.847908,-28.727398,LRG,0.17740411,1.0000,false
V4T000524,358.087599,-26.063707,ELG,0.38326190,1.0000,false
V4T000525,355.812941,-18.754345,ELG,0.89156092,1.0000,false
V4T000526,25.465711,-43.682169,ELG,0.54285322,1.0000,false
V4T000527,44.766830,-39.169454,ELG,0.88914393,1.0000,false
V4T000528,54.931403,-51.087630,BGS,1.15818901,0.4500,false
V4T000529,344.108799,-24.480310,QSO,0.11393875,1.7000,false
V4T000530,350.748438,-23.303641,ELG,0.43952765,1.0000,false
V4T000531,347.631917,-21.996445,BGS,1.23594663,0.4500,false
V4T000532,358.463025,-26.909113,ELG,0.35761154,1.0000,false
V4T000533,41.013183,-56.599037,ELG,0.36486285,1.0000,false
V4T000534,35.161296,-42.796557,LRG,0.21735337,1.0000,false
V4T000535,357.251771,-27.059367,Star,4.13559318,0.3000,false
V4T000536,34.692577,-54.042501,ELG,0.58161724,1.0000,false
V4T000537,27.890960,-48.706462,QSO,0.15849023,1.7000,false
V4T000538,53.423696,-45.568470,QSO,0.11788530,1.7000,false
V4T000539,355.775920,-15.717248,LRG,0.44663036,1.0000,false
V4T000540,57.929759,-53.280019,ELG,0.54605267,1.0000,false
V4T000541,355.240111,-19.693563,ELG,0.30718170,1.0000,false
V4T000542,54.100150,-47.062447,ELG,0.44624781,1.0000,false
V4T000543,356.519905,-32.531942,BGS,1.40152824,0.4500,false
V4T000544,36.877414,-49.793966,BGS,1.80760255,0.4500,false
V4T000545,358.189185,-16.194507,ELG,0.47331879,1.0000,false
V4T000546,352.200727,-18.876896,BGS,1.00361874,0.4500,false
V4T000547,340.899000,-22.638852,QSO,0.09030475,1.7000,false
V4T000548,355.294284,-27.621657,LRG,0.23744893,1.0000,false
V4T000549,44.593783,-39.245483,LRG,0.46618364,1.0000,false
V4T000550,24.203940,-41.241335,LRG,0.31227893,1.0000,false
V4T000551,45.823631,-47.881327,Star,4.30991718,0.3000,false
V4T000552,356.968558,-35.971390,QSO,0.31148571,1.7000,false
V4T000553,357.349451,-26.986662,LRG,0.35708983,1.0000,false
V4T000554,344.120378,-35.889820,BGS,1.02061101,0.4500,false
V4T000555,44.759989,-57.048774,BGS,0.59806221,0.4500,false
V4T000556,40.567742,-37.273880,BGS,1.30417504,0.4500,false
V4T000557,39.497965,-42.042664,BGS,1.90968985,0.4500,false
V4T000558,352.724173,-17.383274,Star,3.76854531,0.3000,false
V4T000559,38.994035,-50.315321,LRG,0.51375831,1.0000,false
V4T000560,40.522290,-61.574047,LRG,0.21549584,1.0000,false
V4T000561,355.311068,-34.910548,ELG,0.31147645,1.0000,false
V4T000562,352.419133,-18.382359,ELG,0.68064869,1.0000,false
V4T000563,356.164311,-30.427395,ELG,0.64500601,1.0000,false
V4T000564,32.162932,-56.699848,ELG,0.58144315,1.0000,false
V4T000565,51.542750,-59.611167,ELG,0.94986382,1.0000,false
V4T000566,345.353977,-36.615839,QSO,0.08198052,1.7000,true
V4T000567,345.453075,-21.502544,LRG,0.39480893,1.0000,false
V4T000568,28.664029,-35.244459,BGS,1.40145906,0.4500,false
V4T000569,351.618438,-29.791716,LRG,0.42525078,1.0000,false
V4T000570,38.026522,-48.299474,Star,6.56671539,0.3000,false
V4T000571,55.077183,-50.780042,ELG,0.70940548,1.0000,false
V4T000572,47.561510,-41.701284,LRG,0.45293481,1.0000,false
V4T000573,337.506989,-25.738951,LRG,0.42077477,1.0000,false
V4T000574,345.831116,-29.468660,LRG,0.33191539,1.0000,false
V4T000575,42.840677,-56.004389,LRG,0.36487401,1.0000,false
V4T000576,33.250854,-50.114531,ELG,0.91323326,1.0000,false
V4T000577,358.341184,-20.579759,QSO,0.55014084,1.7000,false
V4T000578,341.337741,-32.168762,Star,2.16943931,0.3000,false
V4T000579,346.331521,-29.440641,QSO,0.07052644,1.7000,false
V4T000580,347.984975,-38.898923,ELG,1.14957059,1.0000,false
V4T000581,47.426622,-42.017017,BGS,0.98331255,0.4500,false
V4T000582,41.704100,-43.793825,ELG,0.50458470,1.0000,false
V4T000583,46.044063,-39.546447,BGS,1.82450485,0.4500,false
V4T000584,355.174141,-19.436989,ELG,0.60992989,1.0000,false
V4T000585,13.912038,-51.988965,BGS,1.27152882,0.4500,false
V4T000586,22.469485,-37.980168,BGS,0.61514185,0.4500,false
V4T000587,37.004591,-55.773076,ELG,0.59407794,1.0000,false
V4T000588,347.258992,-29.138834,ELG,0.92828698,1.0000,false
V4T000589,351.281684,-26.589720,QSO,0.19773566,1.7000,false
V4T000590,352.471554,-31.419099,BGS,1.52163040,0.4500,false
V4T000591,24.438681,-45.583225,ELG,0.45411516,1.0000,false
V4T000592,48.442088,-42.263974,LRG,0.27377026,1.0000,false
V4T000593,345.363638,-38.598717,ELG,0.37502363,1.0000,false
V4T000594,55.192095,-50.809839,ELG,0.37839186,1.0000,false
V4T000595,34.796690,-36.561937,QSO,0.14290247,1.7000,false
V4T000596,45.445440,-40.087504,LRG,0.44096689,1.0000,false
V4T000597,36.655114,-49.138712,ELG,0.82461502,1.0000,false
V4T000598,358.965916,-18.007603,LRG,0.27341711,1.0000,false
V4T000599,47.649236,-40.778614,QSO,0.13950311,1.7000,false
V4T000600,352.481236,-34.762371,BGS,0.62920665,0.4500,false
V4T000601,336.939006,-32.369280,QSO,0.47122273,1.7000,false
V4T000602,36.696735,-37.352498,ELG,0.54065475,1.0000,false
V4T000603,356.756978,-27.314057,ELG,0.30081967,1.0000,false
V4T000604,19.992754,-46.255216,ELG,0.61738800,1.0000,false
V4T000605,348.267698,-29.115364,LRG,0.72937694,1.0000,false
V4T000606,23.304140,-50.880178,ELG,0.46273915,1.0000,false
V4T000607,354.542607,-34.225589,BGS,1.37609131,0.4500,false
V4T000608,19.105265,-50.042479,Star,4.44685184,0.3000,false
V4T000609,357.194383,-26.188651,LRG,0.33981991,1.0000,false
V4T000610,348.617634,-23.063677,BGS,0.85789306,0.4500,false
V4T000611,0.126441,-31.593845,BGS,0.81797170,0.4500,false
V4T000612,40.262607,-40.096031,Star,2.58069633,0.3000,false
V4T000613,18.409669,-50.006003,QSO,0.07675363,1.7000,false
V4T000614,55.830139,-48.040297,ELG,0.82822821,1.0000,false
V4T000615,19.746976,-40.322278,BGS,0.94243913,0.4500,false
V4T000616,46.229964,-47.272003,BGS,0.98669385,0.4500,false
V4T000617,19.563028,-52.690025,BGS,1.35381578,0.4500,false
V4T000618,346.173981,-29.955537,LRG,0.36644967,1.0000,false
V4T000619,36.045120,-40.859022,ELG,0.44217288,1.0000,false
V4T000620,42.176095,-55.978114,ELG,0.50303651,1.0000,false
V4T000621,345.565823,-24.266101,LRG,0.44133411,1.0000,false
V4T000622,340.293094,-22.975672,BGS,0.95366296,0.4500,false
V4T000623,37.896715,-37.538796,Star,3.54713328,0.3000,true
V4T000624,354.628343,-39.667181,LRG,0.24249289,1.0000,false
V4T000625,50.983860,-58.419693,ELG,0.45859014,1.0000,false
V4T000626,26.808341,-38.894328,ELG,0.59134682,1.0000,false
V4T000627,20.074343,-49.353410,Star,4.23889632,0.3000,false
V4T000628,337.842508,-28.181762,LRG,0.32907811,1.0000,false
V4T000629,15.538472,-46.477784,ELG,0.43832321,1.0000,true
V4T000630,347.787299,-25.489240,LRG,0.35198384,1.0000,false
V4T000631,358.055167,-26.072823,BGS,1.18794642,0.4500,false
V4T000632,341.383085,-29.268895,BGS,0.89955384,0.4500,false
V4T000633,48.560443,-52.089155,Star,4.34443562,0.3000,false
V4T000634,353.969056,-38.005229,LRG,0.64899156,1.0000,true
V4T000635,47.968132,-41.701185,ELG,0.50104167,1.0000,false
V4T000636,353.376605,-33.190042,BGS,1.06271570,0.4500,false
V4T000637,19.873222,-52.095996,BGS,1.69657832,0.4500,false
V4T000638,355.431104,-18.501627,ELG,0.50247069,1.0000,false
V4T000639,46.987842,-42.039715,ELG,0.42659876,1.0000,false
V4T000640,348.203805,-16.943924,Star,5.04081777,0.3000,false
V4T000641,346.584253,-17.050955,LRG,0.36281472,1.0000,false
V4T000642,33.172931,-54.148764,LRG,0.26179339,1.0000,false
V4T000643,52.801520,-48.675305,BGS,1.52405977,0.4500,false
V4T000644,356.703298,-20.168486,LRG,0.69364274,1.0000,false
V4T000645,357.476316,-20.139951,ELG,0.47594169,1.0000,false
V4T000646,23.546188,-58.797287,ELG,1.04235149,1.0000,false
V4T000647,354.084356,-30.500203,QSO,0.21315489,1.7000,false
V4T000648,351.644803,-23.468828,BGS,2.58747262,0.4500,false
V4T000649,344.679983,-19.004570,LRG,0.34798800,1.0000,false
V4T000650,37.003412,-50.345322,Star,5.19062489,0.3000,false
V4T000651,53.210586,-51.717275,QSO,0.23108705,1.7000,false
V4T000652,32.389935,-52.941093,BGS,1.17784633,0.4500,false
V4T000653,359.700105,-20.716994,LRG,0.53887767,1.0000,false
V4T000654,44.609159,-53.894305,QSO,0.07952593,1.7000,false
V4T000655,2.694903,-25.836666,Star,4.00227098,0.3000,false
V4T000656,38.224791,-34.993872,LRG,0.40281985,1.0000,false
V4T000657,37.095247,-35.473045,ELG,0.53094375,1.0000,false
V4T000658,51.282060,-49.356794,BGS,1.53338206,0.4500,false
V4T000659,39.437564,-39.496315,ELG,0.71226604,1.0000,false
V4T000660,355.485984,-19.088009,BGS,1.18209937,0.4500,false
V4T000661,41.641619,-56.078145,QSO,0.19046394,1.7000,false
V4T000662,44.238864,-57.090933,ELG,0.59792244,1.0000,false
V4T000663,2.088181,-22.018509,LRG,0.43964628,1.0000,false
V4T000664,347.360796,-35.203448,ELG,0.71882037,1.0000,false
V4T000665,347.875173,-15.116058,QSO,0.18071732,1.7000,false
V4T000666,342.157379,-36.145133,ELG,0.65551194,1.0000,true
V4T000667,30.151195,-33.725971,BGS,2.09812675,0.4500,false
V4T000668,41.679808,-50.043899,BGS,1.19267634,0.4500,false
V4T000669,348.561395,-21.716934,Star,4.27744110,0.3000,false
V4T000670,347.791592,-15.797357,LRG,0.59331010,1.0000,false
V4T000671,355.778289,-19.986199,ELG,1.34168560,1.0000,false
V4T000672,39.820374,-57.127866,QSO,0.06598851,1.7000,false
V4T000673,2.387711,-27.723251,BGS,1.79305527,0.4500,false
V4T000674,54.919082,-51.968495,ELG,0.57424532,1.0000,false
V4T000675,353.539515,-36.579679,ELG,1.24415101,1.0000,false
V4T000676,55.428453,-51.399331,BGS,2.18056010,0.4500,false
V4T000677,351.580586,-18.795665,LRG,0.41787770,1.0000,false
V4T000678,43.961531,-39.357551,LRG,0.37576036,1.0000,false
V4T000679,34.774260,-43.517736,BGS,1.35157209,0.4500,false
V4T000680,30.804460,-46.719803,ELG,0.57332326,1.0000,false
V4T000681,28.721225,-49.881007,LRG,0.43441463,1.0000,false
V4T000682,26.059127,-59.156457,BGS,1.48152194,0.4500,false
V4T000683,22.393137,-44.825813,LRG,0.23271961,1.0000,false
V4T000684,35.236514,-40.016588,BGS,1.03837702,0.4500,false
V4T000685,45.117584,-39.156418,Star,2.59826079,0.3000,false
V4T000686,25.005841,-51.560547,LRG,0.29096210,1.0000,false
V4T000687,53.184534,-50.299469,ELG,0.40241449,1.0000,false
V4T000688,39.820237,-53.194399,ELG,0.53446292,1.0000,false
V4T000689,345.887066,-30.673678,Star,2.96619772,0.3000,false
V4T000690,46.863771,-41.671221,BGS,1.32543994,0.4500,false
V4T000691,30.267642,-44.273026,QSO,0.27729443,1.7000,false
V4T000692,346.709204,-30.849387,BGS,0.84620960,0.4500,false
V4T000693,18.397542,-54.864594,ELG,1.49543516,1.0000,false
V4T000694,17.550952,-51.730215,QSO,0.13184754,1.7000,false
V4T000695,350.789881,-18.642245,BGS,1.00343503,0.4500,false
V4T000696,18.651597,-48.840589,LRG,0.29671470,1.0000,true
V4T000697,24.708894,-43.258927,QSO,0.28940103,1.7000,false
V4T000698,3.000336,-23.470001,ELG,0.39110537,1.0000,true
V4T000699,345.710136,-23.867736,BGS,1.83786748,0.4500,false
V4T000700,20.161321,-53.897267,BGS,1.45200420,0.4500,false
V4T000701,53.324052,-54.390741,Star,3.15564349,0.3000,false
V4T000702,29.979636,-39.499673,LRG,0.31194349,1.0000,false
V4T000703,359.345755,-25.520608,Star,3.33252179,0.3000,false
V4T000704,349.503386,-37.343231,ELG,0.49171146,1.0000,false
V4T000705,346.390269,-30.488887,QSO,0.14580908,1.7000,true
V4T000706,30.134913,-43.438736,LRG,0.26399013,1.0000,false
V4T000707,349.829588,-36.776898,BGS,1.06530533,0.4500,false
V4T000708,14.023358,-50.875497,QSO,0.09499125,1.7000,false
V4T000709,54.110683,-58.164074,QSO,0.25649095,1.7000,false
V4T000710,41.532313,-56.808250,QSO,0.22041238,1.7000,false
V4T000711,3.624434,-25.857399,ELG,0.56676508,1.0000,false
V4T000712,26.340234,-46.765548,BGS,1.77877787,0.4500,false
V4T000713,22.669027,-54.766909,ELG,0.72560265,1.0000,false
V4T000714,356.171051,-37.184196,Star,2.36519687,0.3000,false
V4T000715,42.531270,-56.867849,LRG,0.78708584,1.0000,false
V4T000716,40.150964,-56.606190,QSO,0.20806006,1.7000,false
V4T000717,24.355181,-47.609757,ELG,0.30430120,1.0000,false
V4T000718,346.300814,-30.646007,Star,4.06525368,0.3000,false
V4T000719,54.890990,-51.814478,LRG,0.40219097,1.0000,true
V4T000720,47.804002,-41.647277,LRG,0.38459833,1.0000,false
V4T000721,47.430186,-45.464256,Star,4.23069628,0.3000,false
V4T000722,357.724324,-27.303853,Star,4.05962348,0.3000,false
V4T000723,54.409996,-53.083680,QSO,0.06369666,1.7000,false
V4T000724,25.232743,-45.938420,BGS,2.18110173,0.4500,false
V4T000725,343.714513,-19.808314,QSO,0.21672683,1.7000,false
V4T000726,347.018392,-28.898773,LRG,0.32245362,1.0000,false
V4T000727,54.238640,-51.161976,LRG,0.27598775,1.0000,false
V4T000728,351.884331,-17.837021,QSO,0.27107269,1.7000,false
V4T000729,51.574057,-53.374246,ELG,1.04673225,1.0000,false
V4T000730,345.025845,-24.611774,LRG,0.55352901,1.0000,false
V4T000731,359.052278,-36.592885,BGS,0.90862384,0.4500,false
V4T000732,52.025648,-54.201252,BGS,0.89750435,0.4500,false
V4T000733,338.667376,-35.189732,LRG,0.52256672,1.0000,false
V4T000734,56.826987,-49.374886,BGS,0.98567336,0.4500,true
V4T000735,37.312670,-50.141730,BGS,1.27799011,0.4500,false
V4T000736,347.788052,-16.682937,LRG,0.30853712,1.0000,false
V4T000737,54.042946,-51.468167,QSO,0.13894305,1.7000,false
V4T000738,23.868818,-51.128738,ELG,0.81040355,1.0000,false
V4T000739,28.676039,-42.738555,Star,4.26551193,0.3000,false
V4T000740,37.696530,-58.815941,BGS,1.25907227,0.4500,false
V4T000741,41.090710,-57.202817,ELG,0.57736230,1.0000,false
V4T000742,42.986142,-54.928615,ELG,0.36434092,1.0000,false
V4T000743,33.078137,-50.942949,ELG,0.66320848,1.0000,false
V4T000744,354.014578,-26.255793,ELG,0.89900395,1.0000,false
V4T000745,47.018742,-56.964827,BGS,1.44413073,0.4500,false
V4T000746,343.688393,-24.708410,QSO,0.14185813,1.7000,false
V4T000747,47.177426,-41.559903,BGS,0.85898425,0.4500,false
V4T000748,47.726696,-41.616012,ELG,0.37582989,1.0000,false
V4T000749,33.686148,-38.810768,BGS,0.74991962,0.4500,false
V4T000750,27.912594,-34.830579,ELG,0.66492691,1.0000,false
V4T000751,48.347302,-54.889750,BGS,1.46087981,0.4500,false
V4T000752,354.898098,-15.057722,LRG,0.24594483,1.0000,false
V4T000753,352.927794,-25.647581,BGS,1.39666937,0.4500,false
V4T000754,344.035411,-24.065594,LRG,0.39216082,1.0000,false
V4T000755,39.348689,-43.285117,ELG,0.54468309,1.0000,false
V4T000756,26.585280,-55.549213,ELG,0.65406624,1.0000,false
V4T000757,50.358484,-47.697240,QSO,0.13583215,1.7000,false
V4T000758,40.883944,-56.600099,BGS,1.10413803,0.4500,false
V4T000759,341.587136,-29.493918,Star,3.11896574,0.3000,false
V4T000760,35.885258,-44.716182,ELG,0.52230927,1.0000,false
V4T000761,45.053822,-43.176554,ELG,1.10957751,1.0000,false
V4T000762,344.661574,-18.792714,ELG,0.42914807,1.0000,false
V4T000763,42.766826,-48.362405,LRG,0.43736658,1.0000,false
V4T000764,335.720270,-30.370589,LRG,0.61629241,1.0000,false
V4T000765,45.562601,-39.602036,ELG,0.81056461,1.0000,false
V4T000766,48.586293,-43.284321,ELG,0.52204968,1.0000,false
V4T000767,354.828279,-20.094605,LRG,0.38633443,1.0000,false
V4T000768,356.033375,-36.108613,QSO,0.10505683,1.7000,false
V4T000769,355.129334,-38.615610,ELG,0.46338191,1.0000,false
V4T000770,38.094624,-50.079364,LRG,0.29384488,1.0000,false
V4T000771,0.425345,-33.383189,LRG,0.19448413,1.0000,false
V4T000772,53.778645,-51.326319,QSO,0.53391011,1.7000,false
V4T000773,353.013989,-35.257573,BGS,0.91726839,0.4500,false
V4T000774,32.237205,-44.821242,BGS,1.08189909,0.4500,false
V4T000775,18.891908,-45.584802,LRG,0.28811059,1.0000,false
V4T000776,354.650332,-18.301657,BGS,1.35144786,0.4500,false
V4T000777,347.736368,-17.047666,BGS,1.22507465,0.4500,false
V4T000778,34.124932,-38.067332,LRG,0.33148236,1.0000,false
V4T000779,54.909316,-51.037393,LRG,0.40596007,1.0000,false
V4T000780,353.276282,-35.748821,LRG,0.40429292,1.0000,false
V4T000781,353.367037,-27.173000,LRG,0.36030027,1.0000,false
V4T000782,343.621831,-25.300978,QSO,0.17866907,1.7000,false
V4T000783,339.644709,-29.586558,QSO,0.20486658,1.7000,false
V4T000784,357.901332,-26.424539,BGS,1.58601249,0.4500,true
V4T000785,355.560038,-20.275359,LRG,0.49107526,1.0000,false
V4T000786,353.726077,-35.469762,LRG,0.31469915,1.0000,false
V4T000787,37.277783,-56.211054,ELG,0.27126390,1.0000,false
V4T000788,357.452637,-34.156245,ELG,0.55928011,1.0000,false
V4T000789,359.919437,-27.111654,ELG,0.29903591,1.0000,false
V4T000790,33.466247,-52.731931,ELG,0.33973621,1.0000,false
V4T000791,28.393132,-34.655230,QSO,0.10996830,1.7000,false
V4T000792,33.886218,-50.547361,BGS,1.00122310,0.4500,true
V4T000793,345.402574,-39.189141,ELG,0.59048934,1.0000,false
V4T000794,346.483076,-36.187109,ELG,0.52150635,1.0000,false
V4T000795,54.322734,-51.038395,QSO,0.10616729,1.7000,false
V4T000796,343.370017,-21.118536,BGS,1.62276098,0.4500,false
V4T000797,49.222447,-42.804301,ELG,0.52648477,1.0000,false
V4T000798,25.525890,-60.010840,BGS,1.35634151,0.4500,false
V4T000799,340.169259,-35.234859,LRG,0.34132625,1.0000,false
V4T000800,41.115893,-56.436187,BGS,1.10983331,0.4500,false
V4T000801,29.044370,-41.184843,Star,4.86371779,0.3000,false
V4T000802,351.399243,-18.200961,LRG,0.39672970,1.0000,false
V4T000803,47.471323,-48.195467,ELG,1.49841338,1.0000,false
V4T000804,20.254796,-40.897133,BGS,1.46822621,0.4500,false
V4T000805,344.721742,-24.550184,ELG,0.73226325,1.0000,false
V4T000806,33.245527,-37.111022,ELG,0.85932537,1.0000,false
V4T000807,27.760137,-40.053936,LRG,0.47292145,1.0000,true
V4T000808,47.319670,-41.469525,ELG,0.84752325,1.0000,false
V4T000809,352.050984,-17.080561,ELG,0.43769316,1.0000,false
V4T000810,342.595948,-35.232421,QSO,0.23377066,1.7000,false
V4T000811,352.285330,-18.501037,LRG,0.49815300,1.0000,false
V4T000812,14.205006,-49.663866,BGS,1.19934734,0.4500,false
V4T000813,41.824922,-46.811975,BGS,0.79000246,0.4500,false
V4T000814,25.579806,-41.045586,LRG,0.43366573,1.0000,false
V4T000815,345.523246,-30.489060,BGS,0.72259403,0.4500,false
V4T000816,27.141371,-54.535426,QSO,0.27547331,1.7000,false
V4T000817,46.176034,-47.985994,LRG,0.20669296,1.0000,false
V4T000818,26.642440,-38.822692,LRG,0.25239624,1.0000,false
V4T000819,350.997213,-18.596217,QSO,0.08036475,1.7000,false
V4T000820,356.026871,-18.333950,QSO,0.14534918,1.7000,false
V4T000821,28.420944,-41.048823,ELG,0.72401631,1.0000,false
V4T000822,47.731671,-49.119109,LRG,0.52393466,1.0000,false
V4T000823,41.384749,-57.293249,BGS,1.03905059,0.4500,false
V4T000824,27.068903,-48.552774,ELG,0.38892486,1.0000,false
V4T000825,0.149288,-37.406441,ELG,1.31044684,1.0000,false
V4T000826,55.806392,-57.096160,ELG,0.97540404,1.0000,false
V4T000827,37.227986,-49.636757,ELG,0.44360429,1.0000,false
V4T000828,21.426656,-39.747083,LRG,0.40941525,1.0000,false
V4T000829,19.904678,-55.088901,LRG,0.34796333,1.0000,false
V4T000830,336.760162,-29.949453,Star,3.66303569,0.3000,false
V4T000831,22.290803,-46.149598,ELG,0.70435143,1.0000,false
V4T000832,21.079446,-38.051859,ELG,0.46424003,1.0000,false
V4T000833,47.329553,-56.677406,ELG,0.58875076,1.0000,false
V4T000834,44.298040,-40.312861,QSO,0.22383119,1.7000,false
V4T000835,355.356208,-19.315894,ELG,0.37848829,1.0000,true
V4T000836,353.938957,-17.456027,ELG,0.37199915,1.0000,false
V4T000837,342.066317,-28.546901,BGS,1.00082072,0.4500,false
V4T000838,2.603305,-28.963482,QSO,0.17780630,1.7000,false
V4T000839,346.848888,-36.635089,ELG,0.33883087,1.0000,false
V4T000840,344.221809,-26.540709,ELG,0.35480258,1.0000,false
V4T000841,29.810230,-43.262655,ELG,0.41288961,1.0000,false
V4T000842,32.803749,-48.863575,BGS,1.25891507,0.4500,false
V4T000843,356.407286,-35.173191,BGS,0.87753327,0.4500,true
V4T000844,55.165420,-50.893864,BGS,1.60411837,0.4500,false
V4T000845,47.590908,-57.114221,ELG,0.46936441,1.0000,false
V4T000846,36.425142,-49.656116,ELG,0.30088844,1.0000,false
V4T000847,337.769350,-30.996182,ELG,0.36480183,1.0000,false
V4T000848,352.370481,-18.957271,ELG,0.27739855,1.0000,false
V4T000849,352.894750,-18.479211,ELG,0.79423850,1.0000,false
V4T000850,44.973158,-41.857243,BGS,1.82556750,0.4500,false
V4T000851,37.256671,-48.300822,LRG,0.41605768,1.0000,false
V4T000852,30.369644,-50.692501,BGS,1.47307797,0.4500,false
V4T000853,2.635465,-28.001910,QSO,0.12858094,1.7000,false
V4T000854,352.342836,-18.146847,QSO,0.16936158,1.7000,false
V4T000855,346.156370,-30.097677,ELG,0.43949402,1.0000,false
V4T000856,353.766945,-21.123288,ELG,0.78221047,1.0000,false
V4T000857,343.868985,-33.741456,ELG,0.35171206,1.0000,false
V4T000858,352.730217,-18.551050,ELG,1.17778602,1.0000,false
V4T000859,20.610765,-44.971339,ELG,0.40348796,1.0000,false
V4T000860,31.525746,-53.709495,BGS,1.02241973,0.4500,false
V4T000861,358.166054,-26.097876,Star,5.85853300,0.3000,false
V4T000862,340.470458,-30.857449,QSO,0.27200002,1.7000,false
V4T000863,47.114032,-41.372255,ELG,0.38758060,1.0000,false
V4T000864,44.511265,-50.153095,ELG,0.98770847,1.0000,false
V4T000865,346.160003,-30.818994,ELG,0.52711437,1.0000,false
V4T000866,352.183258,-28.097494,ELG,0.64600660,1.0000,false
V4T000867,45.909857,-45.433513,LRG,0.29736691,1.0000,false
V4T000868,38.335689,-38.471688,ELG,0.65574123,1.0000,false
V4T000869,33.826116,-34.421133,BGS,1.19219369,0.4500,false
V4T000870,45.203256,-49.944971,LRG,0.29269182,1.0000,false
V4T000871,352.531231,-17.649443,QSO,0.20810683,1.7000,false
V4T000872,41.381716,-61.114619,Star,4.77703945,0.3000,false
V4T000873,352.031293,-15.852479,BGS,1.45519020,0.4500,false
V4T000874,350.716822,-27.196386,ELG,0.48116444,1.0000,false
V4T000875,42.823015,-42.716131,QSO,0.59917864,1.7000,false
V4T000876,346.948970,-17.863255,QSO,0.11579740,1.7000,false
V4T000877,52.672523,-51.130836,ELG,0.47544920,1.0000,false
V4T000878,28.039518,-35.809307,QSO,0.18330544,1.7000,false
V4T000879,41.926440,-57.145682,BGS,1.31391747,0.4500,false
V4T000880,42.269854,-42.994813,ELG,0.76084466,1.0000,false
V4T000881,22.568900,-37.257692,ELG,0.41490005,1.0000,false
V4T000882,343.685918,-25.552585,ELG,0.61841382,1.0000,false
V4T000883,342.662416,-26.722760,ELG,0.55899973,1.0000,false
V4T000884,341.019751,-29.643567,BGS,1.21290161,0.4500,false
V4T000885,45.283489,-38.944161,ELG,0.43763965,1.0000,false
V4T000886,2.196450,-28.616452,Star,3.24584361,0.3000,false
V4T000887,357.597248,-26.844702,BGS,1.12689922,0.4500,false
V4T000888,53.102429,-51.809531,ELG,0.46767943,1.0000,false
V4T000889,346.346382,-29.796349,ELG,0.30291428,1.0000,false
V4T000890,29.490297,-41.587118,ELG,0.50971880,1.0000,false
V4T000891,355.473603,-19.233602,Star,5.61407268,0.3000,false
V4T000892,359.165908,-38.425314,ELG,0.46812548,1.0000,false
V4T000893,43.967146,-39.570924,BGS,1.19933508,0.4500,false
V4T000894,340.827521,-27.455158,BGS,1.13873627,0.4500,false
V4T000895,356.584656,-18.044467,QSO,0.06970518,1.7000,false
V4T000896,353.575436,-17.432303,BGS,0.97942856,0.4500,false
V4T000897,352.827492,-19.052246,BGS,1.12318486,0.4500,false
V4T000898,45.108419,-39.269684,BGS,0.95072434,0.4500,false
V4T000899,19.077591,-44.052084,QSO,0.21266081,1.7000,false
V4T000900,54.958597,-51.054365,QSO,0.31943146,1.7000,false
V4T000901,347.768250,-22.432794,LRG,0.55566802,1.0000,false
V4T000902,355.973487,-21.226768,ELG,0.52395004,1.0000,false
V4T000903,347.324099,-38.309647,LRG,0.29422945,1.0000,false
V4T000904,42.540724,-58.276861,Star,3.72368078,0.3000,false
V4T000905,358.754718,-27.084183,BGS,1.10441023,0.4500,false
V4T000906,30.916815,-52.218096,BGS,1.13648300,0.4500,false
V4T000907,355.027059,-20.356474,QSO,0.15955493,1.7000,false
V4T000908,0.295141,-24.801700,LRG,0.39192842,1.0000,false
V4T000909,344.367735,-38.949801,QSO,0.07208476,1.7000,false
V4T000910,346.477733,-35.815072,LRG,0.30069214,1.0000,false
V4T000911,36.915841,-50.048408,BGS,1.52802768,0.4500,false
V4T000912,355.158816,-19.885877,BGS,1.70348019,0.4500,false
V4T000913,341.444796,-37.829545,ELG,0.36770084,1.0000,false
V4T000914,347.231208,-30.723698,ELG,0.54973855,1.0000,false
V4T000915,47.268053,-46.843319,ELG,0.52636512,1.0000,false
V4T000916,356.342866,-19.787910,LRG,0.37236669,1.0000,false
V4T000917,356.665648,-17.973987,LRG,0.24922879,1.0000,false
V4T000918,352.749131,-17.345387,BGS,0.70757514,0.4500,false
V4T000919,349.469195,-18.996566,QSO,0.10664409,1.7000,false
V4T000920,49.891237,-42.964152,LRG,0.78535005,1.0000,false
V4T000921,355.867623,-20.274768,LRG,0.40496984,1.0000,false
V4T000922,41.095295,-48.449419,ELG,0.35167710,1.0000,false
V4T000923,359.977898,-31.581652,ELG,0.78198042,1.0000,false
V4T000924,47.793566,-41.323340,Star,5.27250374,0.3000,false
V4T000925,340.909367,-24.540599,QSO,0.60531928,1.7000,false
V4T000926,40.896395,-35.460575,ELG,0.71635040,1.0000,false
V4T000927,1.567699,-21.631488,BGS,1.52631453,0.4500,false
V4T000928,44.226206,-41.084896,Star,3.30117300,0.3000,false
V4T000929,38.875803,-41.529175,Star,5.68160088,0.3000,false
V4T000930,44.482755,-38.856232,ELG,0.37861218,1.0000,false
V4T000931,345.913864,-30.434409,BGS,1.89032523,0.4500,false
V4T000932,358.075805,-24.813168,BGS,1.51778653,0.4500,false
V4T000933,349.621638,-19.398700,BGS,0.89424413,0.4500,false
V4T000934,52.388369,-57.933770,BGS,1.10567621,0.4500,false
V4T000935,356.049218,-19.253929,BGS,1.06760510,0.4500,true
V4T000936,355.359040,-18.774073,ELG,0.28800022,1.0000,false
V4T000937,47.978046,-41.043435,Star,3.41441770,0.3000,false
V4T000938,344.875049,-30.767152,LRG,0.32055659,1.0000,false
V4T000939,353.172202,-31.738246,QSO,0.18566601,1.7000,true
V4T000940,336.306164,-27.078000,LRG,0.15164188,1.0000,false
V4T000941,352.122336,-18.463312,QSO,0.09865383,1.7000,false
V4T000942,47.472750,-41.140185,ELG,0.50416551,1.0000,false
V4T000943,339.588209,-24.210396,Star,4.28524243,0.3000,false
V4T000944,342.228711,-35.025000,QSO,0.22906776,1.7000,false
V4T000945,41.357262,-45.826260,ELG,0.91917092,1.0000,false
V4T000946,55.661008,-50.509703,ELG,0.51550203,1.0000,false
V4T000947,45.188705,-39.571124,ELG,0.26459958,1.0000,true
V4T000948,347.397837,-37.029519,LRG,0.35660305,1.0000,false
V4T000949,353.559387,-20.325959,ELG,0.28308180,1.0000,false
V4T000950,24.160504,-43.627517,LRG,0.23336048,1.0000,false
V4T000951,42.700040,-57.552130,ELG,0.96004579,1.0000,false
V4T000952,26.331291,-41.204363,LRG,0.61508916,1.0000,false
V4T000953,45.843775,-41.487388,Star,3.17293511,0.3000,false
V4T000954,37.520463,-50.353141,ELG,0.38068127,1.0000,false
V4T000955,14.901071,-45.975651,ELG,0.87610373,1.0000,false
V4T000956,33.194034,-36.457484,Star,2.84922427,0.3000,false
V4T000957,46.301451,-41.143826,Star,6.28230156,0.3000,false
V4T000958,37.136622,-49.937087,ELG,0.44636258,1.0000,false
V4T000959,355.400567,-34.052819,BGS,0.84455547,0.4500,false
V4T000960,2.468184,-29.156051,BGS,1.64761395,0.4500,false
V4T000961,348.653849,-25.227678,LRG,0.24911711,1.0000,false
V4T000962,18.724995,-42.691998,LRG,0.37363917,1.0000,false
V4T000963,41.176457,-38.403414,LRG,0.34508633,1.0000,false
V4T000964,36.264395,-49.325421,ELG,0.62466327,1.0000,false
V4T000965,357.511274,-19.040399,BGS,0.86083563,0.4500,false
V4T000966,44.999029,-52.809043,ELG,0.48834354,1.0000,false
V4T000967,23.003174,-47.132815,Star,5.20404066,0.3000,false
V4T000968,43.455047,-42.292971,LRG,0.41305092,1.0000,false
V4T000969,23.064720,-39.081088,LRG,0.64957635,1.0000,false
V4T000970,344.898328,-22.633840,BGS,0.77251754,0.4500,false
V4T000971,40.056949,-57.486485,ELG,0.29443526,1.0000,false
V4T000972,36.960339,-37.183919,QSO,0.19020796,1.7000,false
V4T000973,30.696402,-49.282599,BGS,2.13345992,0.4500,false
V4T000974,343.404190,-21.620086,QSO,0.15967090,1.7000,false
V4T000975,351.358221,-25.905174,ELG,0.43173743,1.0000,false
V4T000976,351.595658,-37.191584,ELG,0.61169098,1.0000,false
V4T000977,45.551250,-55.355612,ELG,0.60434528,1.0000,false
V4T000978,35.004619,-47.774928,QSO,0.10428603,1.7000,false
V4T000979,33.314544,-38.864175,BGS,0.92133939,0.4500,false
V4T000980,346.494069,-27.328694,ELG,0.54851144,1.0000,false
V4T000981,340.851889,-34.228935,ELG,0.47068708,1.0000,false
V4T000982,345.846312,-22.900911,LRG,0.42515934,1.0000,false
V4T000983,28.040014,-51.556145,LRG,0.42996090,1.0000,false
V4T000984,343.290559,-19.322243,QSO,0.13204199,1.7000,false
V4T000985,31.799652,-58.701270,ELG,0.64706311,1.0000,false
V4T000986,352.721608,-16.925861,QSO,0.16315526,1.7000,false
V4T000987,353.033106,-18.263839,Star,4.15164894,0.3000,true
V4T000988,23.014371,-50.937707,QSO,0.18158262,1.7000,false
V4T000989,343.623403,-30.340404,LRG,0.48790434,1.0000,true
V4T000990,357.570835,-30.783143,BGS,1.39235717,0.4500,false
V4T000991,27.995849,-41.682042,BGS,1.23979938,0.4500,false
V4T000992,24.264771,-48.090317,BGS,0.90124516,0.4500,false
V4T000993,351.447697,-28.414635,ELG,0.43175113,1.0000,false
V4T000994,340.761521,-20.655947,BGS,0.75857813,0.4500,false
V4T000995,40.778154,-56.935808,QSO,0.23703252,1.7000,false
V4T000996,357.835937,-29.912565,BGS,1.48715198,0.4500,false
V4T000997,18.140513,-41.122817,BGS,1.92038247,0.4500,false
V4T000998,351.029074,-22.038316,BGS,1.14853115,0.4500,false
V4T000999,356.668773,-23.502032,ELG,0.34929195,1.0000,false
V4T001000,41.896812,-57.184333,ELG,0.53739337,1.0000,false
V4T001001,29.908678,-47.354024,LRG,0.29313214,1.0000,false
V4T001002,340.702120,-30.614367,BGS,0.67314647,0.4500,false
V4T001003,356.073269,-35.314563,ELG,0.48146510,1.0000,false
V4T001004,347.098414,-35.759610,ELG,0.39785042,1.0000,false
V4T001005,22.778037,-46.332506,LRG,0.25880707,1.0000,false
V4T001006,49.937405,-44.500232,BGS,0.98497639,0.4500,false
V4T001007,53.054768,-52.115925,LRG,0.37850725,1.0000,false
V4T001008,46.768053,-40.586538,LRG,0.57740475,1.0000,false
V4T001009,53.946022,-45.357333,LRG,0.33283429,1.0000,false
V4T001010,16.252237,-44.359188,ELG,0.25803955,1.0000,false
V4T001011,34.864977,-35.998186,ELG,1.11665922,1.0000,false
V4T001012,349.679685,-39.949475,ELG,0.89620638,1.0000,false
V4T001013,340.963791,-22.457428,ELG,0.70551362,1.0000,false
V4T001014,353.683166,-32.525579,QSO,0.15508963,1.7000,false
V4T001015,344.192391,-33.531458,BGS,0.91486057,0.4500,false
V4T001016,351.772689,-14.422149,ELG,0.56701570,1.0000,false
V4T001017,350.553734,-15.438962,BGS,1.70626081,0.4500,false
V4T001018,25.541546,-52.202461,ELG,0.96405443,1.0000,false
V4T001019,345.027934,-24.322012,QSO,0.15505798,1.7000,false
V4T001020,340.007503,-29.616934,BGS,1.80967931,0.4500,false
V4T001021,54.846008,-51.456717,BGS,1.31394047,0.4500,false
V4T001022,44.300472,-54.335230,LRG,0.44136120,1.0000,false
V4T001023,348.799321,-22.268392,BGS,1.33065494,0.4500,false
V4T001024,351.173700,-18.346556,ELG,0.52526872,1.0000,false
V4T001025,338.576375,-24.910739,BGS,1.44359644,0.4500,false
V4T001026,0.006799,-32.295109,BGS,1.50582901,0.4500,false
V4T001027,343.370770,-25.084097,Star,3.94639397,0.3000,false
V4T001028,43.880738,-51.379319,QSO,0.18834606,1.7000,false
V4T001029,358.922327,-21.246295,ELG,0.77309682,1.0000,false
V4T001030,357.579363,-26.415318,Star,3.66515401,0.3000,false
V4T001031,341.500908,-34.012423,BGS,0.96723732,0.4500,false
V4T001032,47.308425,-43.903351,ELG,0.65143604,1.0000,false
V4T001033,31.697424,-51.864563,LRG,0.24660574,1.0000,false
V4T001034,348.650712,-19.230965,LRG,0.36109060,1.0000,false
V4T001035,15.720853,-46.207142,ELG,1.96659897,1.0000,false
V4T001036,358.612006,-27.412083,Star,4.09970398,0.3000,false
V4T001037,18.715126,-53.812749,ELG,0.52301333,1.0000,false
V4T001038,2.135154,-23.953550,ELG,0.25839932,1.0000,false
V4T001039,346.185431,-18.418707,BGS,1.64938657,0.4500,false
V4T001040,55.184747,-50.902696,BGS,1.49904114,0.4500,false
V4T001041,38.712824,-40.152992,LRG,0.42334502,1.0000,false
V4T001042,47.749804,-42.118867,ELG,0.58325375,1.0000,false
V4T001043,42.301094,-43.716590,BGS,1.31666779,0.4500,false
V4T001044,40.407939,-39.260752,ELG,0.65400892,1.0000,false
V4T001045,44.438971,-45.924555,ELG,0.35323873,1.0000,false
V4T001046,44.430632,-46.451564,QSO,0.25025693,1.7000,false
V4T001047,24.839424,-44.445171,Star,4.24693076,0.3000,false
V4T001048,32.429869,-43.929233,ELG,0.97056172,1.0000,false
V4T001049,41.713430,-56.579988,QSO,0.11928733,1.7000,false
V4T001050,21.481344,-46.599927,ELG,0.64221941,1.0000,false
V4T001051,28.617145,-35.151188,QSO,0.16441999,1.7000,false
V4T001052,40.457880,-39.763684,BGS,1.18917884,0.4500,false
V4T001053,356.210201,-16.320666,QSO,0.11536435,1.7000,false
V4T001054,352.965917,-25.769125,QSO,0.13454817,1.7000,false
V4T001055,49.153562,-59.317758,ELG,0.71540828,1.0000,false
V4T001056,32.420429,-41.099814,LRG,0.26728808,1.0000,false
V4T001057,43.023869,-38.204662,BGS,1.84215214,0.4500,false
V4T001058,21.510579,-38.653826,BGS,2.04244517,0.4500,false
V4T001059,37.611061,-56.358133,BGS,1.65884627,0.4500,false
V4T001060,41.348517,-57.279282,ELG,0.62052657,1.0000,false
V4T001061,342.557221,-32.367568,Star,4.63022750,0.3000,false
V4T001062,36.115034,-46.469407,BGS,1.10852843,0.4500,false
V4T001063,352.811777,-16.886385,LRG,0.38879917,1.0000,false
V4T001064,359.073499,-25.183215,ELG,0.33643413,1.0000,false
V4T001065,52.885229,-51.092570,Star,4.18269894,0.3000,false
V4T001066,44.019369,-44.973947,ELG,0.66599201,1.0000,false
V4T001067,21.738648,-50.217163,Star,3.83150516,0.3000,false
V4T001068,16.512951,-48.016255,QSO,0.22756958,1.7000,false
V4T001069,20.764862,-49.932099,LRG,0.28709816,1.0000,false
V4T001070,345.063375,-34.518941,LRG,0.21170837,1.0000,false
V4T001071,352.008905,-18.014827,LRG,0.31185229,1.0000,false
V4T001072,344.132995,-25.947075,Star,3.37599757,0.3000,false
V4T001073,25.837682,-52.546802,ELG,0.45746942,1.0000,false
V4T001074,356.028414,-19.616513,ELG,0.46899670,1.0000,false
V4T001075,25.570344,-42.466554,ELG,0.63274056,1.0000,false
V4T001076,337.756797,-31.460853,BGS,1.34082279,0.4500,false
V4T001077,355.904565,-18.763494,ELG,0.36474715,1.0000,false
V4T001078,349.508382,-35.335000,BGS,1.24278785,0.4500,true
V4T001079,0.904828,-28.634356,QSO,0.14318647,1.7000,false
V4T001080,0.238162,-29.507935,BGS,1.85308832,0.4500,false
V4T001081,354.893755,-19.771108,Star,3.68635807,0.3000,false
V4T001082,24.287391,-46.013784,LRG,0.26824696,1.0000,false
V4T001083,29.163229,-57.964384,Star,4.41434624,0.3000,false
V4T001084,23.432922,-43.778855,QSO,0.20156050,1.7000,false
V4T001085,18.566884,-43.305846,LRG,0.35589074,1.0000,false
V4T001086,345.045091,-27.009342,ELG,0.31580588,1.0000,false
V4T001087,50.898807,-53.453014,ELG,0.53677909,1.0000,false
V4T001088,357.786949,-22.587386,BGS,0.92356286,0.4500,false
V4T001089,347.673175,-23.898371,BGS,1.74247955,0.4500,false
V4T001090,351.121005,-18.742349,QSO,0.23306658,1.7000,false
V4T001091,359.951326,-34.515374,QSO,0.07066968,1.7000,false
V4T001092,352.632024,-25.937438,LRG,0.71569202,1.0000,false
V4T001093,343.326216,-25.723818,BGS,1.38557580,0.4500,true
V4T001094,41.903697,-56.334190,LRG,0.29267911,1.0000,false
V4T001095,37.481080,-58.618487,ELG,0.56701374,1.0000,false
V4T001096,49.531392,-56.107525,ELG,0.64434964,1.0000,false
V4T001097,20.707287,-55.209206,LRG,0.33384285,1.0000,false
V4T001098,43.103316,-40.414812,ELG,0.80965178,1.0000,false
V4T001099,48.452226,-49.959498,ELG,0.61016751,1.0000,true
V4T001100,27.549726,-40.012282,ELG,0.61648523,1.0000,false
V4T001101,47.031299,-41.553841,LRG,0.37624801,1.0000,true
V4T001102,33.407654,-38.986080,BGS,0.98369605,0.4500,false
V4T001103,39.144117,-40.277461,ELG,0.72840658,1.0000,false
V4T001104,18.766767,-51.092225,BGS,1.43910799,0.4500,false
V4T001105,22.997491,-36.717582,QSO,0.18311067,1.7000,false
V4T001106,29.005120,-38.101540,ELG,0.72481982,1.0000,false
V4T001107,357.007746,-19.383360,BGS,1.19509532,0.4500,false
V4T001108,343.390238,-25.603907,QSO,0.11551323,1.7000,false
V4T001109,55.466883,-51.595282,ELG,0.64216924,1.0000,false
V4T001110,350.658379,-18.739179,ELG,0.50432542,1.0000,true
V4T001111,53.191451,-48.010948,ELG,0.63772520,1.0000,false
V4T001112,349.044594,-20.529073,QSO,0.12302711,1.7000,false
V4T001113,339.542686,-28.391250,LRG,0.21757917,1.0000,false
V4T001114,342.061296,-25.308326,LRG,0.17125564,1.0000,false
V4T001115,24.608034,-56.753885,LRG,0.32052836,1.0000,false
V4T001116,29.395579,-60.410961,ELG,0.87827338,1.0000,false
V4T001117,353.697276,-31.466908,QSO,0.20579844,1.7000,false
V4T001118,38.617956,-49.367384,BGS,1.33913919,0.4500,true
V4T001119,350.068720,-21.620420,ELG,1.27780258,1.0000,false
V4T001120,358.182675,-26.789593,QSO,0.19145246,1.7000,false
V4T001121,54.596254,-48.796262,BGS,1.09755239,0.4500,false
V4T001122,348.078869,-33.571452,LRG,0.31437262,1.0000,false
V4T001123,27.487689,-40.844405,BGS,0.60511054,0.4500,false
V4T001124,43.681762,-57.379956,LRG,1.01415685,1.0000,false
V4T001125,356.624320,-16.859380,Star,3.45351424,0.3000,false
V4T001126,353.067627,-17.251912,LRG,0.16029477,1.0000,false
V4T001127,44.354990,-39.379129,LRG,0.32808396,1.0000,false
V4T001128,46.088872,-60.105120,Star,5.08027200,0.3000,false
V4T001129,352.273368,-16.951280,BGS,1.45344712,0.4500,false
V4T001130,46.208835,-43.405820,ELG,0.74584059,1.0000,false
V4T001131,354.510214,-35.195024,BGS,1.70955726,0.4500,false
V4T001132,346.594915,-29.818076,ELG,0.36207991,1.0000,false
V4T001133,349.283127,-33.572287,LRG,0.16576585,1.0000,false
V4T001134,351.859885,-21.301835,LRG,0.25803154,1.0000,false
V4T001135,348.753214,-19.503253,BGS,0.93976055,0.4500,false
V4T001136,28.000959,-43.960425,ELG,0.34323760,1.0000,false
V4T001137,52.588984,-58.861832,ELG,0.39819399,1.0000,true
V4T001138,357.269492,-35.921957,BGS,1.67301993,0.4500,false
V4T001139,42.962544,-50.032427,BGS,0.92671773,0.4500,false
V4T001140,14.434280,-51.692728,BGS,0.84092945,0.4500,false
V4T001141,340.932944,-26.293938,Star,3.43965557,0.3000,false
V4T001142,3.588240,-26.485646,QSO,0.15335062,1.7000,false
V4T001143,20.871037,-52.999104,QSO,0.08209945,1.7000,true
V4T001144,46.235343,-44.373330,ELG,0.50373526,1.0000,false
V4T001145,27.877244,-38.282039,ELG,0.69253458,1.0000,false
V4T001146,49.055598,-54.665061,ELG,1.14363510,1.0000,false
V4T001147,35.691410,-39.279421,ELG,0.65481585,1.0000,false
V4T001148,28.179469,-43.595083,LRG,0.40687060,1.0000,false
V4T001149,44.699088,-39.577534,ELG,0.31490183,1.0000,false
V4T001150,44.561814,-43.172112,QSO,0.16785327,1.7000,false
V4T001151,38.618521,-44.662526,QSO,0.30343856,1.7000,false
V4T001152,352.372510,-20.375202,ELG,0.63419816,1.0000,false
V4T001153,356.978850,-37.159006,QSO,0.53072316,1.7000,false
V4T001154,347.553700,-29.014806,Star,4.97372019,0.3000,false
V4T001155,355.836700,-21.845684,ELG,0.27689931,1.0000,false
V4T001156,26.863955,-40.433799,LRG,0.44189273,1.0000,false
V4T001157,344.036664,-17.694224,BGS,1.50005443,0.4500,false
V4T001158,18.973560,-40.045863,ELG,0.39382717,1.0000,false
V4T001159,44.001721,-45.753400,BGS,1.29533456,0.4500,false
V4T001160,46.587640,-41.957506,ELG,0.56717575,1.0000,false
V4T001161,346.964944,-38.982971,ELG,0.46232424,1.0000,false
V4T001162,37.951174,-44.594986,ELG,0.84951416,1.0000,false
V4T001163,350.821715,-34.928607,LRG,0.60124203,1.0000,false
V4T001164,21.499602,-46.387502,QSO,0.48285363,1.7000,false
V4T001165,352.626298,-17.913717,Star,4.68405707,0.3000,false
V4T001166,352.155344,-19.258942,BGS,2.05006716,0.4500,false
V4T001167,38.371203,-43.181962,LRG,0.29954264,1.0000,false
V4T001168,24.535165,-37.175968,ELG,0.42306358,1.0000,false
V4T001169,351.554327,-18.696000,LRG,0.32415316,1.0000,false
V4T001170,31.387444,-61.203344,ELG,0.38609253,1.0000,false
V4T001171,351.668262,-40.384632,LRG,0.20335349,1.0000,true
V4T001172,36.315693,-51.111995,BGS,1.70028287,0.4500,false
V4T001173,3.529519,-28.482104,BGS,0.80523501,0.4500,false
V4T001174,343.210300,-24.761220,BGS,1.02009209,0.4500,false
V4T001175,48.798924,-56.046646,Star,4.60369126,0.3000,false
V4T001176,357.532638,-26.725617,QSO,0.15427011,1.7000,false
V4T001177,48.553581,-44.431788,QSO,0.97639206,1.7000,false
V4T001178,356.191973,-18.081111,ELG,0.59984874,1.0000,true
V4T001179,351.650332,-19.132115,BGS,0.92727642,0.4500,false
V4T001180,53.128258,-50.999967,Star,5.51188901,0.3000,false
V4T001181,32.952228,-34.349068,BGS,1.31724093,0.4500,true
V4T001182,3.112752,-33.248770,ELG,0.78047209,1.0000,false
V4T001183,54.382897,-51.237860,LRG,0.58396034,1.0000,false
V4T001184,358.530184,-19.218473,BGS,1.02673858,0.4500,false
V4T001185,30.022216,-49.376535,ELG,0.44421414,1.0000,false
V4T001186,45.958297,-46.627544,ELG,0.53276579,1.0000,false
V4T001187,42.219254,-57.126337,BGS,0.93989532,0.4500,false
V4T001188,56.713635,-54.522240,Star,5.34181564,0.3000,false
V4T001189,339.274018,-32.936715,BGS,0.94795038,0.4500,false
V4T001190,340.519183,-25.486641,ELG,0.51499910,1.0000,false
V4T001191,20.878423,-52.054337,ELG,0.37830251,1.0000,false
V4T001192,41.950477,-39.848065,Star,3.61325272,0.3000,false
V4T001193,3.378893,-26.778747,BGS,1.13001741,0.4500,false
V4T001194,355.244243,-38.636120,Star,2.64197388,0.3000,false
V4T001195,346.963778,-29.516158,LRG,0.43337054,1.0000,false
V4T001196,350.413814,-38.364963,ELG,0.48136970,1.0000,false
V4T001197,55.154335,-51.783585,LRG,0.28403381,1.0000,false
V4T001198,341.554051,-20.625943,LRG,0.54424996,1.0000,false
V4T001199,46.977681,-41.006843,BGS,1.00160907,0.4500,false
V4T001200,1.704699,-28.590380,BGS,1.07832247,0.4500,false
V4T001201,354.018659,-14.736211,ELG,0.57588164,1.0000,false
V4T001202,34.020835,-43.147681,LRG,0.25056326,1.0000,false
V4T001203,55.846392,-56.199089,LRG,0.22748130,1.0000,false
V4T001204,350.421240,-20.915718,ELG,0.34807847,1.0000,false
V4T001205,1.666674,-21.420886,Star,2.74001567,0.3000,false
V4T001206,348.845898,-37.884462,Star,4.28555985,0.3000,false
V4T001207,47.481410,-40.466901,Star,3.93338699,0.3000,false
V4T001208,358.707099,-30.955842,QSO,0.17560162,1.7000,true
V4T001209,352.248759,-39.858060,LRG,0.37119313,1.0000,true
V4T001210,343.289466,-23.667682,ELG,0.62895777,1.0000,false
V4T001211,0.760487,-34.376912,BGS,1.54388481,0.4500,false
V4T001212,355.418281,-32.000078,Star,3.58135503,0.3000,false
V4T001213,343.946654,-25.430527,BGS,1.61798268,0.4500,false
V4T001214,31.372250,-44.231132,LRG,0.34854469,1.0000,false
V4T001215,40.602875,-41.687014,BGS,1.27967746,0.4500,false
V4T001216,36.599047,-47.463427,ELG,1.70754773,1.0000,false
V4T001217,23.254318,-55.782907,QSO,0.22871368,1.7000,false
V4T001218,22.979725,-42.449325,QSO,0.11687450,1.7000,false
V4T001219,356.006611,-19.284505,Star,3.50850666,0.3000,false
V4T001220,353.354689,-19.003311,LRG,0.51958341,1.0000,false
V4T001221,354.151845,-18.210473,ELG,0.31768446,1.0000,false
V4T001222,353.765283,-31.570606,QSO,0.19213546,1.7000,false
V4T001223,45.920946,-41.367866,QSO,0.16089672,1.7000,false
V4T001224,348.521180,-18.154272,LRG,0.27352160,1.0000,false
V4T001225,29.061261,-48.476868,BGS,0.71091446,0.4500,false
V4T001226,352.401988,-38.799959,BGS,1.60230100,0.4500,false
V4T001227,353.749329,-24.193027,BGS,1.06536522,0.4500,false
V4T001228,354.783028,-38.192722,BGS,1.22871033,0.4500,false
V4T001229,344.726708,-34.067272,Star,4.22062392,0.3000,false
V4T001230,359.612789,-25.329801,BGS,1.94479724,0.4500,false
V4T001231,348.333591,-32.254894,BGS,1.16044097,0.4500,false
V4T001232,54.395719,-57.300109,Star,4.26247403,0.3000,false
V4T001233,44.033866,-49.138814,ELG,0.73022143,1.0000,false
V4T001234,48.250572,-48.279584,LRG,0.82823316,1.0000,false
V4T001235,354.360294,-31.180229,LRG,0.28921943,1.0000,false
V4T001236,54.982168,-52.002423,BGS,1.44291226,0.4500,false
V4T001237,44.417398,-39.013773,ELG,1.23634278,1.0000,false
V4T001238,346.495795,-29.582846,BGS,1.43703671,0.4500,false
V4T001239,17.636449,-51.286599,BGS,0.67375583,0.4500,false
V4T001240,351.400354,-20.627550,ELG,0.73628902,1.0000,false
V4T001241,37.520202,-57.576730,BGS,1.56918995,0.4500,false
V4T001242,1.407158,-24.830531,LRG,0.29059873,1.0000,false
V4T001243,342.331207,-25.682319,QSO,0.13601008,1.7000,false
V4T001244,352.328961,-31.989553,BGS,1.32464513,0.4500,false
V4T001245,353.095639,-34.853397,LRG,0.28410843,1.0000,false
V4T001246,19.546348,-56.623608,ELG,0.95413258,1.0000,false
V4T001247,36.149769,-33.577781,ELG,0.41870881,1.0000,false
V4T001248,343.334867,-25.824012,LRG,0.45274034,1.0000,false
V4T001249,48.767590,-41.377480,Star,3.38552452,0.3000,false
V4T001250,340.222710,-36.078442,ELG,0.43173576,1.0000,true
V4T001251,24.391728,-44.526732,LRG,0.42988652,1.0000,false
V4T001252,350.467739,-33.308202,ELG,0.86314494,1.0000,false
V4T001253,351.096821,-28.712070,ELG,0.75800097,1.0000,false
V4T001254,46.108262,-42.189495,QSO,0.11235265,1.7000,false
V4T001255,47.507250,-42.675636,ELG,1.06889030,1.0000,false
V4T001256,37.120488,-50.583812,LRG,0.29996162,1.0000,false
V4T001257,40.984342,-52.449058,BGS,1.33470701,0.4500,false
V4T001258,346.713618,-29.391084,BGS,1.06433531,0.4500,false
V4T001259,48.108347,-43.556424,ELG,0.47658895,1.0000,false
V4T001260,349.921200,-29.549465,ELG,0.35450462,1.0000,false
V4T001261,40.032820,-56.427004,QSO,0.32566107,1.7000,false
V4T001262,55.196796,-50.848349,QSO,0.08732339,1.7000,false
V4T001263,51.600018,-44.948101,Star,3.58938714,0.3000,false
V4T001264,36.163508,-36.860365,BGS,1.68825784,0.4500,false
V4T001265,339.358129,-35.992601,ELG,0.43314767,1.0000,false
V4T001266,354.311150,-28.219317,BGS,1.44377337,0.4500,false
V4T001267,57.108291,-51.068590,BGS,1.38224858,0.4500,false
V4T001268,39.257976,-36.628381,ELG,0.47409456,1.0000,false
V4T001269,351.821290,-17.762615,LRG,0.46431377,1.0000,false
V4T001270,42.642620,-42.151134,ELG,0.39905709,1.0000,false
V4T001271,30.638208,-35.039846,LRG,0.35742819,1.0000,false
V4T001272,52.026978,-48.971503,ELG,0.70529604,1.0000,false
V4T001273,357.288471,-35.035725,BGS,1.19492860,0.4500,false
V4T001274,2.536906,-24.319745,ELG,0.39562057,1.0000,false
V4T001275,349.692835,-23.880512,BGS,1.29719016,0.4500,false
V4T001276,352.147136,-33.500553,ELG,0.78614412,1.0000,false
V4T001277,350.845696,-21.029485,BGS,0.96365696,0.4500,false
V4T001278,344.963805,-27.196261,QSO,0.18033519,1.7000,false
V4T001279,47.043372,-50.015176,ELG,0.45806315,1.0000,false
V4T001280,358.065628,-38.507193,BGS,1.93641219,0.4500,false
V4T001281,54.103314,-50.792262,QSO,0.14272298,1.7000,false
V4T001282,38.795892,-51.117612,ELG,0.49534861,1.0000,false
V4T001283,38.782591,-50.320384,QSO,0.19119279,1.7000,false
V4T001284,355.891678,-36.911353,LRG,0.13438990,1.0000,false
V4T001285,352.744136,-22.197024,BGS,0.87653023,0.4500,false
V4T001286,22.794054,-46.760165,Star,2.97316494,0.3000,true
V4T001287,45.189387,-38.899691,ELG,0.31092610,1.0000,false
V4T001288,16.938411,-55.741421,ELG,0.65521212,1.0000,false
V4T001289,340.110909,-34.008531,ELG,0.42551787,1.0000,false
V4T001290,348.158229,-20.785507,ELG,0.33656930,1.0000,false
V4T001291,347.247633,-16.426388,LRG,0.51244418,1.0000,false
V4T001292,42.355430,-44.439097,ELG,0.32727345,1.0000,false
V4T001293,43.959761,-39.218036,ELG,0.64209760,1.0000,false
V4T001294,30.763380,-54.159563,ELG,0.62795344,1.0000,false
V4T001295,35.670270,-47.270268,LRG,0.40783894,1.0000,false
V4T001296,22.014864,-47.734597,ELG,0.71288063,1.0000,false
V4T001297,55.049254,-51.607992,QSO,0.23752783,1.7000,false
V4T001298,355.320983,-15.221978,LRG,0.33351869,1.0000,false
V4T001299,2.480513,-30.372414,ELG,0.66464301,1.0000,false
V4T001300,26.253377,-48.522760,ELG,0.98419394,1.0000,false
V4T001301,359.577934,-21.350149,ELG,0.43530250,1.0000,false
V4T001302,31.506894,-36.436311,BGS,1.15998152,0.4500,false
V4T001303,18.096044,-56.437162,ELG,0.74645746,1.0000,false
V4T001304,24.210058,-56.903983,BGS,2.19237650,0.4500,false
V4T001305,344.695935,-24.648280,ELG,0.92993786,1.0000,false
V4T001306,338.917208,-30.185533,ELG,0.70061146,1.0000,false
V4T001307,34.314640,-43.361915,BGS,1.32630707,0.4500,false
V4T001308,350.618681,-27.320502,ELG,1.09776067,1.0000,false
V4T001309,344.979292,-33.586094,ELG,0.46406837,1.0000,false
V4T001310,22.615932,-40.095671,QSO,0.15349724,1.7000,false
V4T001311,349.478266,-14.912401,BGS,0.85173963,0.4500,false
V4T001312,344.757320,-31.238819,LRG,0.43851296,1.0000,false
V4T001313,2.702679,-28.057085,ELG,0.38458180,1.0000,false
V4T001314,352.203042,-18.185470,ELG,0.51038214,1.0000,false
V4T001315,345.793270,-30.603306,BGS,1.36710730,0.4500,false
V4T001316,46.582471,-41.363902,ELG,0.30319429,1.0000,false
V4T001317,355.255284,-32.391127,BGS,1.29424855,0.4500,false
V4T001318,358.985557,-29.610431,ELG,0.79173149,1.0000,false
V4T001319,46.764369,-41.611217,BGS,1.29704648,0.4500,false
V4T001320,23.859906,-56.310160,ELG,0.30321154,1.0000,false
V4T001321,27.822941,-37.402621,QSO,0.30821486,1.7000,false
V4T001322,351.375523,-18.247607,Star,5.68681720,0.3000,false
V4T001323,53.943672,-51.552360,BGS,1.45200060,0.4500,false
V4T001324,30.182223,-52.265452,BGS,0.90847018,0.4500,false
V4T001325,346.643283,-27.201188,QSO,0.12450426,1.7000,false
V4T001326,38.757850,-56.693017,BGS,1.59808298,0.4500,false
V4T001327,352.944302,-38.020943,QSO,0.50441142,1.7000,false
V4T001328,46.198785,-41.951184,ELG,0.88842216,1.0000,false
V4T001329,42.281621,-46.357405,BGS,0.93824526,0.4500,false
V4T001330,46.620794,-40.939113,LRG,0.43764120,1.0000,false
V4T001331,343.745702,-25.310402,ELG,0.40585315,1.0000,false
V4T001332,346.130966,-21.627850,QSO,0.28803283,1.7000,false
V4T001333,350.292110,-16.225026,BGS,1.10654363,0.4500,false
V4T001334,357.104808,-27.408508,LRG,0.27609359,1.0000,false
V4T001335,41.161565,-55.921176,LRG,0.35819054,1.0000,false
V4T001336,26.385710,-35.265012,LRG,0.13580145,1.0000,false
V4T001337,30.240446,-50.983601,QSO,0.12303000,1.7000,false
V4T001338,28.827399,-39.844660,ELG,1.17942701,1.0000,false
V4T001339,0.190994,-31.673413,LRG,0.39511674,1.0000,false
V4T001340,45.680208,-48.598777,BGS,1.71613548,0.4500,false
V4T001341,0.161967,-22.010357,LRG,0.37571487,1.0000,false
V4T001342,38.168100,-61.319266,BGS,1.01956863,0.4500,false
V4T001343,42.681939,-48.308402,ELG,0.29607528,1.0000,false
V4T001344,41.040169,-51.152227,LRG,0.53465650,1.0000,false
V4T001345,344.311224,-37.590441,ELG,1.00192077,1.0000,false
V4T001346,357.999017,-26.825112,LRG,0.17994855,1.0000,false
V4T001347,27.842179,-38.423802,BGS,1.73892079,0.4500,false
V4T001348,344.954327,-34.106596,LRG,0.37673711,1.0000,false
V4T001349,350.578745,-38.362677,QSO,0.28606033,1.7000,false
V4T001350,28.102180,-49.157726,QSO,0.20477762,1.7000,true
V4T001351,355.408931,-35.861556,LRG,0.40829725,1.0000,false
V4T001352,40.149123,-56.458251,BGS,1.62193533,0.4500,false
V4T001353,348.525922,-19.957023,Star,3.17074716,0.3000,true
V4T001354,34.327103,-45.596051,LRG,0.35863560,1.0000,false
V4T001355,352.428026,-17.160318,LRG,0.18941623,1.0000,false
V4T001356,38.230857,-50.856282,ELG,0.29143543,1.0000,false
V4T001357,358.285869,-17.800546,QSO,0.18724701,1.7000,false
V4T001358,29.437227,-44.061846,QSO,0.23550450,1.7000,false
V4T001359,54.121705,-50.889330,LRG,0.15963865,1.0000,false
V4T001360,33.968893,-33.535380,Star,3.79003106,0.3000,false
V4T001361,34.066093,-39.961699,ELG,0.68094043,1.0000,false
V4T001362,345.039933,-28.847085,BGS,2.01071153,0.4500,true
V4T001363,53.222762,-47.091465,ELG,0.46373409,1.0000,true
V4T001364,350.473806,-40.289061,Star,3.78686589,0.3000,false
V4T001365,26.890932,-58.635315,ELG,0.52169288,1.0000,false
V4T001366,50.448259,-55.675858,ELG,0.27190082,1.0000,false
V4T001367,49.448327,-57.383928,QSO,0.17125466,1.7000,false
V4T001368,0.584125,-22.897052,ELG,0.53516905,1.0000,false
V4T001369,357.795852,-19.909022,QSO,0.11156135,1.7000,false
V4T001370,46.852951,-58.960067,BGS,2.10823031,0.4500,false
V4T001371,358.034157,-20.164959,BGS,1.90140086,0.4500,false
V4T001372,355.589684,-21.592881,LRG,0.27787434,1.0000,false
V4T001373,352.728730,-30.249982,LRG,0.33255572,1.0000,false
V4T001374,349.862266,-16.216693,ELG,0.37189846,1.0000,false
V4T001375,24.869158,-44.551348,Star,2.80999593,0.3000,false
V4T001376,25.994006,-47.623897,BGS,1.03832836,0.4500,true
V4T001377,349.348728,-34.527187,Star,4.21057728,0.3000,false
V4T001378,358.814838,-32.711483,BGS,1.06442310,0.4500,false
V4T001379,349.020195,-33.718732,BGS,1.51175419,0.4500,false
V4T001380,21.544120,-48.668202,LRG,0.44628745,1.0000,false
V4T001381,53.469718,-50.730820,BGS,1.27330466,0.4500,false
V4T001382,46.126431,-53.045308,ELG,0.77972010,1.0000,false
V4T001383,53.995183,-54.423480,BGS,1.19731279,0.4500,false
V4T001384,358.207670,-26.166631,ELG,0.52861415,1.0000,false
V4T001385,0.398007,-29.775759,ELG,0.66936979,1.0000,false
V4T001386,29.781869,-33.944749,QSO,0.28325416,1.7000,false
V4T001387,44.737016,-60.321418,ELG,0.87974057,1.0000,false
V4T001388,50.517746,-43.088528,QSO,0.15874474,1.7000,false
V4T001389,346.242857,-29.634640,QSO,0.33872899,1.7000,false
V4T001390,353.143574,-17.452518,BGS,0.92352383,0.4500,false
V4T001391,2.264040,-28.743643,QSO,0.32571726,1.7000,false
V4T001392,25.335981,-49.349596,ELG,0.82217362,1.0000,false
V4T001393,346.961425,-38.930294,BGS,1.09873346,0.4500,false
V4T001394,54.824789,-50.899406,ELG,1.45365858,1.0000,false
V4T001395,44.847252,-39.687393,LRG,0.32897237,1.0000,false
V4T001396,352.030525,-27.143073,LRG,0.38682453,1.0000,false
V4T001397,352.725310,-21.420471,ELG,0.34336490,1.0000,false
V4T001398,39.714219,-39.185764,BGS,0.85009428,0.4500,false
V4T001399,45.224592,-44.775467,QSO,0.15670422,1.7000,true
V4T001400,357.642345,-17.058884,LRG,0.46847487,1.0000,false
V4T001401,47.995960,-55.004888,BGS,0.79547761,0.4500,false
V4T001402,33.188566,-50.158850,BGS,1.02280150,0.4500,false
V4T001403,41.428074,-52.266602,LRG,0.27471322,1.0000,false
V4T001404,30.984609,-59.116524,LRG,0.21972733,1.0000,false
V4T001405,352.227498,-25.324551,ELG,0.76308031,1.0000,false
V4T001406,30.605186,-36.273714,QSO,0.12319443,1.7000,false
V4T001407,15.762630,-48.203868,QSO,0.26669531,1.7000,false
V4T001408,352.580045,-18.875507,QSO,0.11717236,1.7000,true
V4T001409,340.149218,-25.259781,ELG,1.04356885,1.0000,false
V4T001410,31.913382,-41.160529,LRG,0.70631083,1.0000,false
V4T001411,43.013370,-57.934760,ELG,1.54687089,1.0000,false
V4T001412,25.688303,-47.695655,ELG,0.59117328,1.0000,false
V4T001413,355.085463,-19.485098,QSO,0.16883920,1.7000,false
V4T001414,337.902755,-28.414305,QSO,0.22030851,1.7000,false
V4T001415,44.694590,-39.728379,ELG,0.72835357,1.0000,true
V4T001416,18.452375,-44.520194,Star,4.32123729,0.3000,false
V4T001417,1.396864,-28.809581,BGS,0.97178996,0.4500,false
V4T001418,357.949796,-39.209111,Star,5.61167806,0.3000,false
V4T001419,0.595418,-35.019376,QSO,0.06099116,1.7000,false
V4T001420,353.713304,-33.462988,ELG,0.36405390,1.0000,false
V4T001421,42.900890,-46.630006,LRG,0.44834717,1.0000,false
V4T001422,351.491800,-19.813000,ELG,0.82479418,1.0000,false
V4T001423,41.932207,-57.070186,LRG,0.37711349,1.0000,false
V4T001424,53.041408,-51.268198,ELG,0.61569103,1.0000,false
V4T001425,38.382911,-49.500086,LRG,0.29015259,1.0000,false
V4T001426,358.848925,-20.311448,Star,2.72744115,0.3000,false
V4T001427,40.730337,-58.860297,ELG,1.22612686,1.0000,false
V4T001428,2.047458,-28.248896,ELG,0.65274383,1.0000,false
V4T001429,40.464986,-50.606651,BGS,1.24594846,0.4500,false
V4T001430,22.126698,-36.973471,QSO,0.41207169,1.7000,false
V4T001431,25.855419,-50.732246,BGS,1.93931521,0.4500,false
V4T001432,34.774930,-59.235853,ELG,0.43635882,1.0000,false
V4T001433,44.053591,-39.439724,LRG,0.26151267,1.0000,false
V4T001434,355.586429,-19.937426,LRG,0.43126852,1.0000,false
V4T001435,355.793784,-19.870097,ELG,0.39126829,1.0000,false
V4T001436,349.638333,-34.849012,QSO,0.42807785,1.7000,false
V4T001437,40.277941,-58.088705,QSO,0.44960411,1.7000,false
V4T001438,44.660622,-40.241328,BGS,1.24167580,0.4500,false
V4T001439,344.011939,-26.517292,ELG,0.49018502,1.0000,false
V4T001440,352.196568,-39.732438,BGS,0.84181243,0.4500,false
V4T001441,35.655655,-55.317023,ELG,0.95351022,1.0000,false
V4T001442,336.420903,-32.862763,LRG,0.58557513,1.0000,false
V4T001443,55.341368,-56.424134,BGS,1.46711898,0.4500,false
V4T001444,346.751866,-32.448095,LRG,0.25765302,1.0000,false
V4T001445,32.939859,-54.328156,LRG,0.29429037,1.0000,false
V4T001446,53.952849,-50.719857,BGS,1.67383814,0.4500,false
V4T001447,44.669160,-39.197387,ELG,0.50073773,1.0000,false
V4T001448,16.513575,-55.820912,ELG,0.65300286,1.0000,false
V4T001449,346.013116,-21.827080,BGS,1.39962455,0.4500,false
V4T001450,30.981607,-58.695123,ELG,0.39180640,1.0000,false
V4T001451,353.072015,-25.057579,QSO,0.28666187,1.7000,false
V4T001452,44.613394,-39.392201,ELG,0.39491445,1.0000,false
V4T001453,29.841726,-33.326909,BGS,1.91484408,0.4500,true
V4T001454,21.014594,-38.842806,ELG,0.86774497,1.0000,false
V4T001455,352.683151,-29.113551,Star,5.08775209,0.3000,false
V4T001456,353.196547,-33.233496,ELG,0.85211231,1.0000,false
V4T001457,40.729811,-45.165896,LRG,0.46078065,1.0000,false
V4T001458,1.702299,-20.420297,ELG,0.58495991,1.0000,false
V4T001459,31.063002,-47.400540,LRG,0.19311477,1.0000,false
V4T001460,344.877461,-32.399737,ELG,0.97465250,1.0000,false
V4T001461,351.758818,-18.335753,QSO,0.10531722,1.7000,false
V4T001462,26.179525,-38.583653,Star,4.87688024,0.3000,true
V4T001463,346.800848,-29.557250,ELG,0.86174252,1.0000,true
V4T001464,54.071325,-50.755366,LRG,0.43461844,1.0000,false
V4T001465,357.659851,-25.882669,ELG,0.36670933,1.0000,false
V4T001466,353.634780,-17.533680,QSO,0.21966684,1.7000,false
V4T001467,356.998137,-26.665567,LRG,0.38591281,1.0000,false
V4T001468,50.562752,-52.053585,BGS,1.50903859,0.4500,false
V4T001469,346.226045,-30.558122,QSO,0.64781944,1.7000,false
V4T001470,39.553149,-46.530567,ELG,0.55711699,1.0000,false
V4T001471,355.428883,-27.526486,ELG,0.36891381,1.0000,false
V4T001472,38.365024,-51.029759,ELG,0.46612476,1.0000,false
V4T001473,31.522769,-52.731771,ELG,0.74915775,1.0000,false
V4T001474,344.535245,-29.841886,ELG,0.72649756,1.0000,false
V4T001475,32.481163,-38.084165,ELG,0.77494204,1.0000,false
V4T001476,345.213182,-24.084020,QSO,0.10639973,1.7000,false
V4T001477,47.128365,-47.901939,ELG,0.65376269,1.0000,false
V4T001478,350.211365,-17.744061,ELG,0.88737996,1.0000,false
V4T001479,27.297859,-57.355561,ELG,0.70911644,1.0000,false
V4T001480,354.584967,-15.436311,BGS,1.35103159,0.4500,false
V4T001481,352.000469,-17.144156,ELG,0.78132342,1.0000,false
V4T001482,352.902437,-35.383432,BGS,1.86819550,0.4500,false
V4T001483,356.959234,-29.225233,LRG,0.38621593,1.0000,false
V4T001484,349.294072,-21.036495,ELG,0.95785326,1.0000,false
V4T001485,342.964088,-24.932623,QSO,0.22820371,1.7000,false
V4T001486,46.551248,-42.273300,ELG,1.06493358,1.0000,false
V4T001487,358.367304,-23.148653,ELG,0.95407457,1.0000,false
V4T001488,347.654020,-23.619375,ELG,1.12472108,1.0000,false
V4T001489,46.613960,-52.439657,ELG,0.69055410,1.0000,false
V4T001490,353.321972,-21.062104,ELG,0.44185402,1.0000,false
V4T001491,56.051310,-50.959374,BGS,1.19106812,0.4500,false
V4T001492,44.738743,-40.759746,BGS,1.44046858,0.4500,false
V4T001493,43.504961,-39.462977,LRG,0.18018854,1.0000,false
V4T001494,357.562295,-34.534550,ELG,0.39271957,1.0000,false
V4T001495,348.661557,-24.191240,ELG,0.64165767,1.0000,false
V4T001496,29.153132,-46.737369,QSO,0.24414432,1.7000,false
V4T001497,53.325155,-51.332616,QSO,0.20989206,1.7000,false
V4T001498,41.096032,-56.024871,Star,3.90850224,0.3000,false
V4T001499,0.785036,-23.668961,QSO,0.25532755,1.7000,false
V4T001500,38.053029,-57.936091,LRG,0.29087875,1.0000,false
V4T001501,340.581894,-28.572522,LRG,0.17398151,1.0000,false
V4T001502,2.153789,-28.008958,BGS,1.23862845,0.4500,false
V4T001503,40.288721,-60.222141,BGS,0.81874526,0.4500,false
V4T001504,352.203012,-30.439950,LRG,0.38520099,1.0000,false
V4T001505,42.434138,-38.412868,LRG,0.26440939,1.0000,false
V4T001506,352.411100,-18.318379,ELG,0.55923821,1.0000,false
V4T001507,350.254279,-36.758660,ELG,0.27810733,1.0000,false
V4T001508,348.265332,-36.202602,QSO,0.18698348,1.7000,false
V4T001509,2.268120,-31.690525,BGS,2.10628599,0.4500,false
V4T001510,345.053490,-30.266253,LRG,0.23278402,1.0000,false
V4T001511,350.410575,-17.422653,LRG,0.34823674,1.0000,false
V4T001512,27.607460,-48.884801,LRG,0.33223734,1.0000,false
V4T001513,27.012340,-49.239063,ELG,0.64550174,1.0000,false
V4T001514,354.269619,-38.327464,QSO,0.19144014,1.7000,true
V4T001515,40.569270,-57.030173,QSO,0.17600389,1.7000,false
V4T001516,54.219285,-52.540033,ELG,0.88847166,1.0000,false
V4T001517,358.392396,-27.179390,ELG,0.47625956,1.0000,false
V4T001518,40.879586,-39.943796,BGS,0.94901650,0.4500,false
V4T001519,52.889563,-49.173092,ELG,0.65417829,1.0000,false
V4T001520,18.694449,-48.896693,QSO,0.08194259,1.7000,false
V4T001521,52.660110,-54.678996,LRG,0.34301200,1.0000,false
V4T001522,39.994820,-36.319394,QSO,0.12769123,1.7000,false
V4T001523,41.912369,-55.276831,ELG,0.58555515,1.0000,false
V4T001524,28.308883,-47.511526,QSO,0.19398980,1.7000,false
V4T001525,355.292216,-39.160117,LRG,0.30130731,1.0000,false
V4T001526,345.331730,-30.541142,Star,4.54301868,0.3000,false
V4T001527,346.750726,-30.832099,BGS,1.03014335,0.4500,false
V4T001528,34.472720,-43.166778,ELG,0.74765368,1.0000,false
V4T001529,29.189134,-45.689536,Star,4.45246437,0.3000,false
V4T001530,52.186819,-49.250745,BGS,1.04821591,0.4500,false
V4T001531,30.851606,-50.033833,BGS,2.01070540,0.4500,false
V4T001532,346.614320,-20.088928,ELG,0.46996755,1.0000,false
V4T001533,1.949001,-28.801362,ELG,0.27486957,1.0000,false
V4T001534,28.672316,-56.770232,ELG,0.91978450,1.0000,true
V4T001535,34.550782,-49.762621,QSO,0.17255267,1.7000,false
V4T001536,24.484376,-53.201471,BGS,1.02191280,0.4500,false
V4T001537,54.314485,-50.919527,ELG,0.71954350,1.0000,false
V4T001538,352.520788,-18.938624,ELG,0.65171844,1.0000,false
V4T001539,355.915095,-20.147082,QSO,0.08009615,1.7000,false
V4T001540,352.417079,-32.767821,ELG,0.50174801,1.0000,false
V4T001541,25.723139,-56.328050,ELG,0.38430006,1.0000,false
V4T001542,359.333139,-17.709004,BGS,1.59374902,0.4500,false
V4T001543,42.792805,-49.329416,BGS,1.51651255,0.4500,false
V4T001544,49.836195,-57.540366,ELG,0.45049454,1.0000,false
V4T001545,34.487948,-45.303096,ELG,0.38195727,1.0000,false
V4T001546,54.794793,-53.048173,LRG,0.39295538,1.0000,false
V4T001547,2.507534,-27.835711,BGS,1.19832358,0.4500,true
V4T001548,44.368022,-55.155245,ELG,0.38826310,1.0000,false
V4T001549,36.962204,-58.814258,BGS,1.31543323,0.4500,false
V4T001550,53.255791,-49.197193,ELG,0.65176105,1.0000,false
V4T001551,357.852724,-15.939748,QSO,0.11299193,1.7000,true
V4T001552,0.606201,-35.790255,QSO,0.08005738,1.7000,true
V4T001553,33.008258,-60.680677,LRG,0.24880684,1.0000,false
V4T001554,351.118499,-15.628013,ELG,0.59919998,1.0000,false
V4T001555,47.316265,-50.699768,BGS,1.88969818,0.4500,false
V4T001556,352.928277,-17.576557,ELG,0.71291412,1.0000,false
V4T001557,356.341287,-19.508807,ELG,0.49621759,1.0000,false
V4T001558,4.083021,-30.276431,ELG,0.35870306,1.0000,false
V4T001559,47.252451,-41.790231,ELG,0.27048921,1.0000,false
V4T001560,347.677934,-28.577654,ELG,0.48271950,1.0000,false
V4T001561,348.973136,-38.975053,ELG,0.77520041,1.0000,true
V4T001562,15.101874,-48.621995,BGS,1.71574359,0.4500,false
V4T001563,39.443302,-37.576548,LRG,0.25195502,1.0000,false
V4T001564,48.858714,-57.321218,ELG,0.24006873,1.0000,false
V4T001565,346.141001,-29.751651,Star,3.56391407,0.3000,false
V4T001566,20.763949,-44.647712,Star,4.17319825,0.3000,false
V4T001567,32.642744,-55.069367,BGS,1.29625396,0.4500,false
V4T001568,342.415277,-25.841533,LRG,0.23213029,1.0000,false
V4T001569,46.927878,-41.499587,ELG,0.39846648,1.0000,false
V4T001570,359.473403,-27.892302,Star,4.01723213,0.3000,false
V4T001571,355.381203,-19.025409,Star,4.25253263,0.3000,false
V4T001572,342.495692,-31.478811,BGS,1.36848801,0.4500,false
V4T001573,45.280862,-39.348946,LRG,0.22502705,1.0000,false
V4T001574,53.531401,-58.557144,LRG,0.26621038,1.0000,false
V4T001575,353.192963,-35.229485,ELG,0.57872824,1.0000,false
V4T001576,40.185433,-41.532773,Star,4.12989127,0.3000,false
V4T001577,41.618712,-49.436615,ELG,0.44785536,1.0000,false
V4T001578,25.005838,-36.947846,LRG,0.48471066,1.0000,false
V4T001579,52.573025,-52.384658,ELG,0.67910062,1.0000,false
V4T001580,50.683016,-56.679497,Star,4.01926738,0.3000,false
V4T001581,342.953621,-31.067298,QSO,0.11488484,1.7000,false
V4T001582,0.308796,-23.739408,LRG,0.42292262,1.0000,false
V4T001583,343.484762,-25.789251,BGS,0.98495182,0.4500,false
V4T001584,27.961107,-45.234109,ELG,0.64485944,1.0000,false
V4T001585,351.046467,-40.039217,ELG,0.45277634,1.0000,false
V4T001586,27.392741,-49.301374,QSO,0.10272612,1.7000,false
V4T001587,48.757920,-41.273424,LRG,0.65165144,1.0000,false
V4T001588,56.085522,-55.604066,QSO,0.08087638,1.7000,false
V4T001589,31.972161,-46.572813,ELG,0.62206195,1.0000,false
V4T001590,347.225693,-17.860527,QSO,0.23456052,1.7000,false
V4T001591,340.891626,-35.894772,LRG,0.29106031,1.0000,false
V4T001592,2.264210,-34.150648,Star,4.44652286,0.3000,false
V4T001593,341.925556,-34.714129,LRG,0.34250215,1.0000,false
V4T001594,343.130112,-25.423099,ELG,0.93189180,1.0000,false
V4T001595,37.119713,-49.578100,ELG,0.67595770,1.0000,false
V4T001596,1.478815,-20.062486,LRG,0.32918683,1.0000,false
V4T001597,349.772606,-28.558673,LRG,0.79446858,1.0000,false
V4T001598,356.062937,-19.481129,ELG,1.22406344,1.0000,false
V4T001599,341.784666,-24.285296,LRG,0.51230207,1.0000,false
V4T001600,3.328081,-24.235177,QSO,0.10366635,1.7000,false
V4T001601,351.999866,-18.717513,ELG,0.54426676,1.0000,false
V4T001602,2.383481,-28.914312,LRG,0.14656718,1.0000,false
V4T001603,47.697143,-43.965779,ELG,0.74908393,1.0000,false
V4T001604,51.607687,-48.815301,Star,5.41676899,0.3000,false
V4T001605,3.716532,-26.959242,ELG,0.50480146,1.0000,false
V4T001606,31.609539,-36.360895,ELG,0.60884068,1.0000,false
V4T001607,23.468154,-40.444514,ELG,0.63872550,1.0000,false
V4T001608,37.677365,-50.600624,ELG,0.65763540,1.0000,false
V4T001609,353.679793,-19.112556,ELG,0.44097017,1.0000,false
V4T001610,53.885207,-49.686663,ELG,0.44611146,1.0000,false
V4T001611,350.403401,-31.245694,Star,4.23020121,0.3000,false
V4T001612,348.706068,-37.982927,Star,6.57665721,0.3000,false
V4T001613,353.574938,-16.964747,QSO,0.22487841,1.7000,false
V4T001614,47.048192,-42.073371,BGS,1.00676205,0.4500,false
V4T001615,31.887054,-48.062965,LRG,0.42555203,1.0000,false
V4T001616,0.016337,-25.805274,BGS,1.06077759,0.4500,false
V4T001617,35.429042,-54.824474,ELG,0.30276329,1.0000,false
V4T001618,353.457794,-17.790198,QSO,0.45771674,1.7000,false
V4T001619,353.855635,-32.038586,ELG,0.46844539,1.0000,false
V4T001620,354.510659,-14.671296,LRG,0.43354705,1.0000,false
V4T001621,41.375468,-51.440931,LRG,0.25690330,1.0000,false
V4T001622,355.264454,-32.619184,QSO,0.19407895,1.7000,false
V4T001623,351.977108,-32.560373,BGS,1.05192419,0.4500,false
V4T001624,340.383922,-32.768425,LRG,0.27156304,1.0000,false
V4T001625,356.949274,-36.436804,BGS,1.55861004,0.4500,false
V4T001626,356.029731,-37.780516,Star,3.65441333,0.3000,false
V4T001627,357.702863,-25.932796,BGS,1.40760716,0.4500,false
V4T001628,53.787231,-49.905373,ELG,0.59772428,1.0000,false
V4T001629,21.261722,-48.354368,LRG,0.36515340,1.0000,false
V4T001630,359.941157,-26.100510,LRG,0.29611324,1.0000,false
V4T001631,44.925110,-39.199249,QSO,0.42455966,1.7000,false
V4T001632,343.303152,-26.058228,ELG,0.67210297,1.0000,false
V4T001633,26.040798,-45.785142,ELG,1.15121057,1.0000,false
V4T001634,351.988620,-36.204171,LRG,0.16782208,1.0000,false
V4T001635,2.201220,-35.303121,BGS,2.14225324,0.4500,false
V4T001636,40.762559,-56.096439,LRG,0.41632031,1.0000,false
V4T001637,36.220747,-36.193847,LRG,0.30129810,1.0000,true
V4T001638,356.196621,-22.211573,ELG,1.05865081,1.0000,false
V4T001639,39.434258,-58.329394,LRG,0.29092833,1.0000,false
V4T001640,352.489370,-18.646961,QSO,0.28015990,1.7000,false
V4T001641,37.182206,-37.132931,ELG,0.28694583,1.0000,false
V4T001642,352.534983,-17.848202,QSO,0.12948307,1.7000,false
V4T001643,35.567620,-44.955116,ELG,0.47493552,1.0000,false
V4T001644,353.272869,-38.255091,BGS,0.57926139,0.4500,false
V4T001645,355.462141,-20.138762,BGS,1.65442187,0.4500,false
V4T001646,53.084431,-55.485862,BGS,1.55356824,0.4500,false
V4T001647,33.820271,-35.068576,BGS,1.35858853,0.4500,true
V4T001648,354.256217,-15.000023,ELG,0.92429220,1.0000,false
V4T001649,350.949034,-22.273323,QSO,0.20808514,1.7000,false
V4T001650,358.335603,-26.466586,Star,4.55103024,0.3000,false
V4T001651,2.876510,-28.241850,LRG,0.37008942,1.0000,false
V4T001652,42.047803,-56.511525,BGS,1.58873610,0.4500,false
V4T001653,358.726952,-25.275208,ELG,1.03270550,1.0000,false
V4T001654,39.315740,-41.073110,ELG,0.29503798,1.0000,false
V4T001655,34.000932,-34.870235,BGS,1.42093394,0.4500,false
V4T001656,340.922949,-23.984213,LRG,0.38709385,1.0000,true
V4T001657,38.249899,-50.020122,ELG,0.40031847,1.0000,false
V4T001658,357.619004,-26.989214,LRG,0.36467093,1.0000,false
V4T001659,55.641024,-52.151448,LRG,0.15649847,1.0000,false
V4T001660,357.402580,-26.718318,BGS,1.86151524,0.4500,false
V4T001661,339.707303,-34.051940,BGS,1.00015721,0.4500,false
V4T001662,357.031482,-26.215824,ELG,0.52380008,1.0000,false
V4T001663,45.191875,-39.468499,QSO,0.23034465,1.7000,false
V4T001664,354.672304,-19.833690,BGS,0.97934307,0.4500,false
V4T001665,25.774362,-58.871762,QSO,0.09569755,1.7000,false
V4T001666,343.476679,-25.948878,ELG,0.56184984,1.0000,false
V4T001667,45.424781,-44.528999,LRG,0.49475803,1.0000,false
V4T001668,25.006893,-50.253080,LRG,0.34837638,1.0000,false
V4T001669,358.210831,-27.475085,BGS,0.98918887,0.4500,false
V4T001670,346.579345,-28.704207,BGS,0.84340646,0.4500,false
V4T001671,352.441066,-15.210204,LRG,0.36392829,1.0000,false
V4T001672,338.380098,-26.216181,BGS,1.08895374,0.4500,false
V4T001673,29.345771,-41.666466,LRG,0.50662768,1.0000,false
V4T001674,354.181157,-23.609267,QSO,0.14163501,1.7000,false
V4T001675,30.154946,-50.885997,QSO,0.12901320,1.7000,false
V4T001676,353.828323,-27.800009,BGS,0.80767104,0.4500,false
V4T001677,48.530319,-42.508821,ELG,0.89403425,1.0000,false
V4T001678,352.812597,-40.040059,QSO,0.11490262,1.7000,false
V4T001679,357.558192,-26.364581,BGS,1.86081543,0.4500,false
V4T001680,55.660423,-52.908929,LRG,0.46230296,1.0000,false
V4T001681,37.360160,-49.393199,QSO,0.17798571,1.7000,false
V4T001682,2.037610,-22.557609,LRG,0.91942829,1.0000,false
V4T001683,54.494026,-51.431176,LRG,0.31987234,1.0000,true
V4T001684,23.623004,-48.801011,ELG,0.26134531,1.0000,false
V4T001685,352.701033,-19.167606,LRG,0.41930629,1.0000,false
V4T001686,37.694072,-37.000005,LRG,0.30489507,1.0000,false
V4T001687,355.590562,-30.742063,QSO,0.26383621,1.7000,false
V4T001688,355.749968,-20.421431,ELG,0.44034411,1.0000,false
V4T001689,49.600933,-47.147212,BGS,1.68338649,0.4500,false
V4T001690,343.933086,-17.542546,LRG,0.29805030,1.0000,false
V4T001691,355.839771,-20.263907,ELG,0.52190423,1.0000,false
V4T001692,344.415570,-25.552013,BGS,1.13706154,0.4500,false
V4T001693,349.491612,-22.214390,BGS,1.79271074,0.4500,false
V4T001694,39.328761,-37.278023,LRG,0.35146235,1.0000,false
V4T001695,22.765301,-56.375134,Star,4.89734989,0.3000,false
V4T001696,16.801046,-53.773520,LRG,0.44374114,1.0000,false
V4T001697,355.943633,-20.088430,ELG,0.57226313,1.0000,false
V4T001698,2.225991,-30.466030,LRG,0.17372080,1.0000,true
V4T001699,358.282997,-26.385764,ELG,0.36633369,1.0000,false
V4T001700,358.111369,-21.420837,QSO,0.11753907,1.7000,false
V4T001701,34.566937,-46.440525,LRG,0.43216526,1.0000,false
V4T001702,54.872057,-51.687363,Star,3.48671397,0.3000,false
V4T001703,351.192660,-19.311636,QSO,0.13215618,1.7000,false
V4T001704,346.627269,-35.528144,LRG,0.25742081,1.0000,false
V4T001705,25.231320,-49.829499,ELG,0.44081538,1.0000,false
V4T001706,40.999902,-56.797230,ELG,0.54901191,1.0000,false
V4T001707,14.811201,-48.930475,ELG,0.27410451,1.0000,false
V4T001708,46.824882,-53.092443,LRG,0.77525721,1.0000,false
V4T001709,346.906520,-23.830680,QSO,0.17424617,1.7000,false
V4T001710,56.064640,-48.395781,LRG,0.60820615,1.0000,false
V4T001711,339.021378,-22.875183,BGS,1.74397883,0.4500,false
V4T001712,342.542720,-19.138616,ELG,0.43617173,1.0000,false
V4T001713,357.787022,-26.885861,LRG,0.22243405,1.0000,false
V4T001714,40.785270,-41.222197,QSO,0.22210978,1.7000,false
V4T001715,45.843575,-42.306573,BGS,1.37654986,0.4500,false
V4T001716,43.483153,-56.268686,Star,3.49657677,0.3000,false
V4T001717,47.356607,-41.050785,BGS,0.89989391,0.4500,false
V4T001718,343.335410,-24.567162,BGS,1.58386266,0.4500,false
V4T001719,27.617117,-57.325223,ELG,0.69788599,1.0000,false
V4T001720,31.606214,-53.579238,BGS,1.28236799,0.4500,false
V4T001721,24.915207,-41.031591,LRG,0.29205171,1.0000,false
V4T001722,349.200298,-23.302159,BGS,1.26099499,0.4500,false
V4T001723,359.802165,-30.209330,LRG,0.27267768,1.0000,false
V4T001724,356.548609,-17.848415,BGS,1.45849913,0.4500,false
V4T001725,352.058396,-17.546803,LRG,0.33431140,1.0000,false
V4T001726,352.935380,-16.391037,ELG,0.57604725,1.0000,false
V4T001727,355.837801,-26.612732,BGS,1.23618634,0.4500,false
V4T001728,348.398931,-30.471581,Star,5.13431206,0.3000,false
V4T001729,32.478618,-41.599498,QSO,0.20031214,1.7000,false
V4T001730,32.970352,-49.117679,Star,6.16586090,0.3000,false
V4T001731,343.353551,-25.471534,BGS,1.24722901,0.4500,false
V4T001732,36.785268,-51.218507,BGS,0.87386391,0.4500,false
V4T001733,29.551055,-46.698571,QSO,0.18969355,1.7000,false
V4T001734,18.902037,-53.019277,LRG,0.17255693,1.0000,false
V4T001735,344.312118,-25.422942,BGS,0.91431158,0.4500,false
V4T001736,38.925653,-37.702741,QSO,0.10573587,1.7000,false
V4T001737,39.958985,-55.238982,ELG,0.43330825,1.0000,false
V4T001738,352.817225,-16.981992,ELG,0.30134794,1.0000,false
V4T001739,345.189992,-30.368726,BGS,1.40391840,0.4500,false
V4T001740,57.121706,-49.858070,LRG,0.43319111,1.0000,false
V4T001741,3.458666,-29.062533,LRG,0.30466135,1.0000,false
V4T001742,34.820915,-41.769582,Star,2.94441027,0.3000,false
V4T001743,351.183714,-18.114356,ELG,0.22261339,1.0000,false
V4T001744,48.485181,-41.837754,QSO,0.13090207,1.7000,false
V4T001745,0.916397,-22.641599,BGS,0.75352226,0.4500,false
V4T001746,0.803793,-34.286616,ELG,0.63690251,1.0000,false
V4T001747,359.633988,-20.654641,ELG,0.41229272,1.0000,false
V4T001748,339.129587,-27.717130,LRG,0.36331603,1.0000,false
V4T001749,47.377555,-41.912920,ELG,0.48309559,1.0000,false
V4T001750,29.925689,-42.400617,BGS,0.81047237,0.4500,false
V4T001751,357.656386,-30.528558,QSO,0.10469231,1.7000,false
V4T001752,16.220418,-51.471492,Star,3.54974211,0.3000,false
V4T001753,47.564104,-41.490884,BGS,1.63962937,0.4500,false
V4T001754,45.283709,-39.605621,ELG,0.67992385,1.0000,false
V4T001755,353.134759,-27.662158,ELG,0.33066071,1.0000,false
V4T001756,32.598560,-57.807079,LRG,0.48350549,1.0000,false
V4T001757,45.187599,-50.527912,ELG,0.54312266,1.0000,false
V4T001758,341.066293,-37.204159,BGS,0.94456515,0.4500,false
V4T001759,32.278287,-44.191973,QSO,0.23876059,1.7000,false
V4T001760,339.751467,-33.451254,QSO,0.09838173,1.7000,false
V4T001761,37.540118,-50.846032,ELG,0.26323803,1.0000,false
V4T001762,49.453643,-45.843518,ELG,0.63861562,1.0000,false
V4T001763,351.764378,-16.942651,LRG,0.34216015,1.0000,false
V4T001764,356.152946,-29.322809,ELG,0.46392709,1.0000,true
V4T001765,46.650098,-41.380139,ELG,0.82660103,1.0000,false
V4T001766,19.252685,-47.328834,BGS,1.32147975,0.4500,false
V4T001767,41.265921,-46.896044,ELG,0.64681167,1.0000,false
V4T001768,40.028992,-55.161409,QSO,0.17925695,1.7000,false
V4T001769,0.032278,-24.204936,Star,3.33049331,0.3000,true
V4T001770,32.066834,-43.856306,LRG,0.38532931,1.0000,false
V4T001771,346.307380,-27.745692,LRG,0.43622395,1.0000,false
V4T001772,29.399965,-52.503105,ELG,0.58741854,1.0000,true
V4T001773,38.931013,-47.695965,BGS,1.55799664,0.4500,false
V4T001774,37.482155,-57.849188,QSO,0.32915640,1.7000,true
V4T001775,51.019890,-43.357050,QSO,0.26990748,1.7000,false
V4T001776,341.499785,-33.554810,BGS,0.70789607,0.4500,false
V4T001777,343.232692,-25.218985,BGS,1.09089802,0.4500,true
V4T001778,36.685191,-50.580112,ELG,0.31627281,1.0000,false
V4T001779,337.964007,-34.779346,LRG,0.51560086,1.0000,false
V4T001780,21.638211,-46.003051,ELG,0.92005352,1.0000,false
V4T001781,345.287709,-29.304138,QSO,0.35264413,1.7000,false
V4T001782,353.184734,-20.219599,ELG,0.64586534,1.0000,false
V4T001783,32.701958,-38.942738,QSO,0.29704033,1.7000,false
V4T001784,339.337796,-36.565780,QSO,0.22433361,1.7000,false
V4T001785,342.755230,-25.759578,LRG,0.32275712,1.0000,false
V4T001786,36.725688,-49.780312,LRG,0.34944991,1.0000,false
V4T001787,34.922352,-55.213639,Star,3.23634801,0.3000,false
V4T001788,33.602246,-52.738234,LRG,0.35763499,1.0000,false
V4T001789,357.238194,-25.604406,BGS,0.85460572,0.4500,false
V4T001790,37.163713,-46.035934,Star,4.06253081,0.3000,false
V4T001791,38.180371,-47.756490,BGS,2.71945902,0.4500,false
V4T001792,22.152401,-48.457189,ELG,0.44622099,1.0000,false
V4T001793,53.259574,-51.822410,ELG,0.59670079,1.0000,false
V4T001794,356.462492,-29.738213,ELG,0.97168531,1.0000,true
V4T001795,55.909053,-50.570979,LRG,0.35396953,1.0000,false
V4T001796,350.962881,-16.892573,LRG,0.28277593,1.0000,false
V4T001797,351.739094,-15.975075,BGS,0.88499857,0.4500,false
V4T001798,353.214088,-15.086885,BGS,1.59485916,0.4500,false
V4T001799,49.821766,-51.346440,BGS,1.06797248,0.4500,false
V4T001800,354.297005,-19.830562,BGS,2.08066584,0.4500,false
V4T001801,341.740576,-36.421014,BGS,0.71003533,0.4500,false
V4T001802,28.207036,-51.738749,LRG,0.31076292,1.0000,false
V4T001803,45.782221,-40.499749,ELG,0.34827534,1.0000,false
V4T001804,343.772917,-26.297458,ELG,0.81110332,1.0000,false
V4T001805,351.423804,-19.000380,QSO,0.14719490,1.7000,false
V4T001806,342.858176,-25.905770,BGS,1.14878830,0.4500,false
V4T001807,356.049177,-19.689441,LRG,0.30906559,1.0000,false
V4T001808,27.907435,-54.073897,QSO,0.18236468,1.7000,false
V4T001809,1.001404,-26.047799,QSO,0.32336677,1.7000,false
V4T001810,47.327208,-41.279835,ELG,0.66489790,1.0000,false
V4T001811,352.536474,-17.232543,ELG,0.63890352,1.0000,false
V4T001812,0.927244,-21.088906,ELG,0.49690702,1.0000,false
V4T001813,56.927408,-50.699780,QSO,0.15023043,1.7000,false
V4T001814,33.491572,-45.953773,ELG,0.50801668,1.0000,false
V4T001815,46.832138,-41.647283,BGS,1.88061937,0.4500,false
V4T001816,47.204942,-47.040674,ELG,0.38004258,1.0000,false
V4T001817,342.234102,-25.715633,ELG,0.54622889,1.0000,false
V4T001818,50.067249,-48.086942,ELG,0.44137023,1.0000,false
V4T001819,22.345830,-41.294652,BGS,1.03119664,0.4500,false
V4T001820,40.284916,-36.739673,QSO,0.08072459,1.7000,false
V4T001821,1.582155,-29.483697,BGS,1.56338936,0.4500,false
V4T001822,2.431676,-28.564105,LRG,0.43571839,1.0000,false
V4T001823,41.753854,-57.601830,BGS,1.48475858,0.4500,false
V4T001824,42.095632,-48.978725,LRG,0.29753370,1.0000,false
V4T001825,49.727996,-44.595185,Star,4.10456899,0.3000,false
V4T001826,41.296835,-44.689688,LRG,0.56978704,1.0000,false
V4T001827,1.155413,-20.643995,ELG,0.65416794,1.0000,false
V4T001828,42.713547,-56.595290,ELG,0.43143259,1.0000,false
V4T001829,350.244232,-26.420312,ELG,0.34641652,1.0000,false
V4T001830,52.309704,-45.327973,BGS,1.19674493,0.4500,false
V4T001831,346.630869,-35.711271,LRG,0.52246990,1.0000,false
V4T001832,357.689957,-27.230910,QSO,0.09155783,1.7000,false
V4T001833,346.021988,-30.448592,ELG,0.52992788,1.0000,false
V4T001834,31.535695,-60.125726,LRG,0.34567335,1.0000,false
V4T001835,341.731235,-26.284066,QSO,0.16284959,1.7000,false
V4T001836,54.567750,-50.662738,QSO,0.18932446,1.7000,false
V4T001837,44.563033,-43.544475,ELG,0.76195480,1.0000,false
V4T001838,36.653675,-33.680561,BGS,1.45929617,0.4500,false
V4T001839,36.196316,-54.892391,LRG,0.37067708,1.0000,false
V4T001840,341.962546,-37.331730,ELG,0.74376713,1.0000,false
V4T001841,347.671234,-28.573487,ELG,0.38136289,1.0000,false
V4T001842,356.217903,-19.213018,ELG,0.57053862,1.0000,false
V4T001843,23.164219,-56.562895,ELG,0.60344086,1.0000,false
V4T001844,49.893354,-54.058252,ELG,0.43480302,1.0000,false
V4T001845,355.863862,-18.933728,Star,5.30973657,0.3000,false
V4T001846,41.559790,-57.099127,QSO,0.32464288,1.7000,true
V4T001847,29.727970,-47.940283,QSO,0.31082326,1.7000,false
V4T001848,50.674798,-49.176971,LRG,0.38942422,1.0000,false
V4T001849,346.586294,-38.895009,QSO,0.13958627,1.7000,false
V4T001850,356.779071,-23.654812,BGS,1.25827782,0.4500,false
V4T001851,47.627066,-40.779812,Star,4.82351389,0.3000,false
V4T001852,0.671001,-22.074418,ELG,0.94542675,1.0000,false
V4T001853,46.920944,-54.137927,BGS,1.43525765,0.4500,false
V4T001854,38.271318,-43.157984,ELG,0.46166544,1.0000,true
V4T001855,53.834803,-47.297853,ELG,2.04947194,1.0000,false
V4T001856,350.544386,-37.866728,Star,3.32493667,0.3000,false
V4T001857,41.377860,-57.132777,LRG,0.25552417,1.0000,false
V4T001858,353.974038,-39.903296,LRG,0.34084974,1.0000,false
V4T001859,17.568891,-49.084447,BGS,1.02544255,0.4500,false
V4T001860,38.221123,-48.488500,BGS,1.94903580,0.4500,false
V4T001861,0.803299,-31.214608,ELG,0.53168102,1.0000,false
V4T001862,51.466039,-46.288604,LRG,0.30511834,1.0000,false
V4T001863,352.075852,-22.560453,BGS,1.03765168,0.4500,false
V4T001864,2.590211,-29.356342,QSO,0.08988230,1.7000,false
V4T001865,0.120224,-20.215766,QSO,0.15089447,1.7000,false
V4T001866,34.556765,-49.749760,BGS,1.38648266,0.4500,false
V4T001867,20.500786,-56.553664,BGS,1.15914385,0.4500,false
V4T001868,27.989596,-53.177729,Star,2.99391468,0.3000,false
V4T001869,343.965830,-24.545511,LRG,0.32592165,1.0000,false
V4T001870,33.473727,-52.517709,ELG,0.50029391,1.0000,false
V4T001871,51.641439,-57.057740,LRG,0.34947198,1.0000,false
V4T001872,338.914662,-33.046263,BGS,0.97349950,0.4500,false
V4T001873,42.381171,-57.258371,BGS,1.48506537,0.4500,false
V4T001874,357.293961,-27.423450,BGS,1.31131256,0.4500,false
V4T001875,356.877715,-15.626751,LRG,0.39162116,1.0000,false
V4T001876,50.082820,-48.710597,ELG,0.60382111,1.0000,false
V4T001877,1.595340,-36.719326,ELG,0.33196679,1.0000,false
V4T001878,335.805463,-28.729222,LRG,0.40120092,1.0000,false
V4T001879,17.269586,-44.778295,QSO,0.19809136,1.7000,false
V4T001880,18.009039,-52.983775,BGS,0.78336446,0.4500,false
V4T001881,341.742117,-28.124625,BGS,1.64145533,0.4500,false
V4T001882,347.567855,-34.672550,BGS,1.86574073,0.4500,false
V4T001883,355.466428,-17.534765,ELG,0.63771398,1.0000,false
V4T001884,38.859606,-50.233114,BGS,1.65845868,0.4500,false
V4T001885,346.939583,-35.701072,LRG,0.48996443,1.0000,false
V4T001886,55.722852,-53.383694,ELG,0.21088110,1.0000,false
V4T001887,44.625053,-39.623032,BGS,1.74985653,0.4500,false
V4T001888,358.783121,-18.360302,ELG,0.78363640,1.0000,false
V4T001889,352.515933,-14.810144,Star,4.63678990,0.3000,false
V4T001890,357.514604,-26.531612,BGS,0.84321808,0.4500,false
V4T001891,341.922075,-23.053348,BGS,1.45901420,0.4500,false
V4T001892,344.859277,-30.512017,LRG,0.21094439,1.0000,false
V4T001893,38.451124,-51.041078,ELG,0.38898819,1.0000,false
V4T001894,358.056447,-37.413162,LRG,0.36506293,1.0000,false
V4T001895,36.773552,-49.894499,BGS,1.78015012,0.4500,false
V4T001896,40.206943,-39.077507,QSO,0.23178748,1.7000,false
V4T001897,355.377945,-27.961540,QSO,0.16778876,1.7000,false
V4T001898,344.299145,-29.439618,QSO,0.20501923,1.7000,false
V4T001899,358.781309,-20.295565,ELG,0.99062269,1.0000,false
V4T001900,38.036875,-58.492745,LRG,0.24321662,1.0000,false
V4T001901,38.100068,-47.610011,LRG,0.18973016,1.0000,false
V4T001902,29.007034,-41.136833,ELG,0.64655916,1.0000,false
V4T001903,1.897565,-27.628765,LRG,0.41935879,1.0000,false
V4T001904,351.206805,-18.898095,QSO,0.31068622,1.7000,false
V4T001905,40.902416,-56.813967,QSO,0.19893309,1.7000,false
V4T001906,351.725774,-18.485189,BGS,0.96207529,0.4500,false
V4T001907,41.471789,-53.406155,LRG,0.20065749,1.0000,false
V4T001908,345.906700,-29.573501,ELG,0.44104084,1.0000,false
V4T001909,343.570600,-25.238384,LRG,0.29154862,1.0000,false
V4T001910,32.255104,-57.045570,ELG,0.40938742,1.0000,false
V4T001911,343.594873,-21.175431,BGS,2.16484929,0.4500,false
V4T001912,34.994154,-50.699457,ELG,0.68714801,1.0000,false
V4T001913,41.310290,-57.103422,BGS,1.51376163,0.4500,false
V4T001914,355.935571,-19.926562,LRG,0.34490142,1.0000,false
V4T001915,358.015181,-26.689980,QSO,0.22626884,1.7000,false
V4T001916,44.555184,-46.879018,ELG,0.40329010,1.0000,false
V4T001917,342.876190,-23.959986,LRG,0.47118712,1.0000,false
V4T001918,27.691775,-35.902088,ELG,0.59333232,1.0000,false
V4T001919,341.957498,-19.625051,ELG,0.52992104,1.0000,false
V4T001920,41.608329,-36.495907,QSO,0.09424363,1.7000,false
V4T001921,2.521136,-29.345596,LRG,0.29358001,1.0000,false
V4T001922,343.130549,-25.923754,ELG,0.59345943,1.0000,false
V4T001923,37.991768,-37.528798,LRG,0.61453238,1.0000,false
V4T001924,342.750161,-25.149981,BGS,1.51031109,0.4500,false
V4T001925,351.897212,-34.812224,Star,3.46817431,0.3000,false
V4T001926,45.040551,-57.032807,BGS,1.59127645,0.4500,false
V4T001927,30.521698,-51.537866,BGS,1.00273225,0.4500,false
V4T001928,346.299310,-30.335047,LRG,0.44587989,1.0000,false
V4T001929,41.424576,-57.040142,LRG,0.39126216,1.0000,false
V4T001930,347.015372,-32.963925,ELG,0.51758640,1.0000,false
V4T001931,24.433072,-37.959597,BGS,1.55310775,0.4500,false
V4T001932,54.244414,-51.440272,ELG,0.60304996,1.0000,false
V4T001933,355.169312,-19.619880,ELG,0.80622078,1.0000,false
V4T001934,3.440910,-31.342488,QSO,0.23126049,1.7000,false
V4T001935,353.600995,-35.234680,QSO,0.19135172,1.7000,false
V4T001936,339.738970,-34.473565,QSO,0.20250103,1.7000,false
V4T001937,55.871351,-52.183705,BGS,1.71593628,0.4500,false
V4T001938,38.892180,-49.782860,BGS,0.97489881,0.4500,false
V4T001939,30.919970,-58.016265,Star,4.82438652,0.3000,false
V4T001940,48.175925,-56.607585,ELG,0.51861285,1.0000,false
V4T001941,40.268078,-54.521705,LRG,0.34706118,1.0000,false
V4T001942,353.236102,-17.960369,BGS,1.37961268,0.4500,true
V4T001943,354.390398,-24.417566,LRG,0.49660416,1.0000,false
V4T001944,1.060624,-28.820549,BGS,1.18125773,0.4500,false
V4T001945,342.288706,-37.413313,LRG,0.41890285,1.0000,false
V4T001946,352.403894,-17.452453,QSO,0.10795337,1.7000,false
V4T001947,357.252307,-26.788072,ELG,0.53988363,1.0000,false
V4T001948,53.519349,-56.296694,QSO,0.12780290,1.7000,false
V4T001949,37.963126,-40.957588,LRG,0.51954745,1.0000,false
V4T001950,339.912722,-26.905180,Star,3.52356470,0.3000,false
V4T001951,48.881664,-45.828698,ELG,0.37325635,1.0000,false
V4T001952,344.166031,-18.421493,BGS,0.95200037,0.4500,false
V4T001953,32.641565,-49.360616,LRG,0.34344327,1.0000,false
V4T001954,41.210280,-41.265440,ELG,1.37252486,1.0000,false
V4T001955,1.389178,-20.571773,BGS,0.80592666,0.4500,false
V4T001956,344.983597,-25.526371,QSO,0.17805227,1.7000,false
V4T001957,341.907795,-32.165732,LRG,0.26432527,1.0000,false
V4T001958,354.407302,-25.469087,LRG,0.34731773,1.0000,true
V4T001959,54.681479,-50.987344,ELG,0.41017724,1.0000,false
V4T001960,0.715973,-28.112976,ELG,0.42481608,1.0000,false
V4T001961,342.108019,-25.039938,Star,3.57147234,0.3000,false
V4T001962,37.968637,-45.572403,BGS,1.12438020,0.4500,false
V4T001963,2.022688,-27.970741,ELG,0.89077523,1.0000,false
V4T001964,2.367613,-27.527115,BGS,1.46231143,0.4500,false
V4T001965,0.948723,-29.675534,ELG,0.42501544,1.0000,false
V4T001966,0.771200,-26.181422,BGS,0.86691672,0.4500,false
V4T001967,353.860543,-17.014959,QSO,0.30458662,1.7000,false
V4T001968,1.810654,-28.347721,BGS,1.90309462,0.4500,false
V4T001969,346.303033,-30.438696,ELG,0.82267162,1.0000,false
V4T001970,18.248681,-56.769545,ELG,0.38813531,1.0000,false
V4T001971,53.924066,-51.232386,Star,3.20526217,0.3000,false
V4T001972,337.590459,-24.816926,ELG,0.42208560,1.0000,false
V4T001973,47.803920,-41.327133,LRG,0.26089278,1.0000,false
V4T001974,19.484477,-43.724427,BGS,1.10546810,0.4500,false
V4T001975,41.323307,-53.612223,Star,4.72717607,0.3000,false
V4T001976,15.939124,-54.351876,ELG,0.51422934,1.0000,false
V4T001977,345.482136,-20.212693,ELG,0.51141572,1.0000,false
V4T001978,354.824570,-20.986439,Star,3.80732872,0.3000,false
V4T001979,352.749125,-17.539296,QSO,0.21669677,1.7000,false
V4T001980,340.994018,-26.686293,ELG,0.47236437,1.0000,false
V4T001981,352.184559,-17.941412,Star,4.30659144,0.3000,false
V4T001982,355.304744,-18.419877,ELG,0.52668286,1.0000,false
V4T001983,359.110341,-36.583337,LRG,0.27531378,1.0000,false
V4T001984,43.290678,-59.085687,QSO,0.16037467,1.7000,false
V4T001985,0.307112,-27.699501,BGS,1.19286199,0.4500,false
V4T001986,346.027672,-30.863350,QSO,0.23107273,1.7000,false
V4T001987,350.160558,-40.136942,QSO,0.14350244,1.7000,false
V4T001988,54.897547,-52.306568,QSO,0.35911624,1.7000,false
V4T001989,27.104866,-50.032488,BGS,1.78652517,0.4500,false
V4T001990,54.075854,-51.222853,ELG,0.55743244,1.0000,false
V4T001991,352.477171,-16.722951,ELG,0.52999245,1.0000,false
V4T001992,343.157991,-25.816899,LRG,0.40631306,1.0000,false
V4T001993,343.138330,-35.219785,LRG,0.20082138,1.0000,false
V4T001994,47.508252,-42.323390,ELG,0.36208113,1.0000,false
V4T001995,343.760220,-25.813770,BGS,1.48260129,0.4500,false
V4T001996,352.431754,-17.520163,LRG,0.24246885,1.0000,true
V4T001997,350.264062,-19.288351,ELG,0.16301568,1.0000,false
V4T001998,45.109621,-39.233613,ELG,0.42431502,1.0000,false
V4T001999,345.521764,-20.806995,ELG,0.69214775,1.0000,false
V4T002000,31.641605,-51.572284,LRG,0.19751250,1.0000,false
V4T002001,38.248424,-50.060170,ELG,0.53391106,1.0000,false
V4T002002,358.682882,-32.156244,QSO,0.19093448,1.7000,false
V4T002003,51.870148,-48.021836,LRG,0.49292142,1.0000,false
V4T002004,2.884669,-26.395083,QSO,0.18601923,1.7000,false
V4T002005,32.850951,-59.515508,ELG,0.95916561,1.0000,false
V4T002006,341.501059,-26.548075,ELG,1.02405067,1.0000,false
V4T002007,344.835277,-24.921239,BGS,0.76830797,0.4500,false
V4T002008,55.926265,-48.423472,BGS,1.05730094,0.4500,false
V4T002009,345.459516,-31.819017,ELG,0.41107674,1.0000,false
V4T002010,38.196190,-49.307082,LRG,0.34225019,1.0000,false
V4T002011,354.098605,-27.841803,BGS,1.48541821,0.4500,false
V4T002012,34.109330,-39.358879,BGS,0.88950842,0.4500,false
V4T002013,37.364397,-51.259045,QSO,0.15395212,1.7000,false
V4T002014,36.263522,-45.182181,LRG,0.47722240,1.0000,false
V4T002015,351.320004,-19.343035,LRG,0.30187448,1.0000,false
V4T002016,342.254589,-30.798249,ELG,0.70491109,1.0000,false
V4T002017,20.752881,-56.101892,BGS,2.60557625,0.4500,false
V4T002018,41.562903,-55.828096,LRG,0.29530815,1.0000,false
V4T002019,21.915136,-45.737116,ELG,0.49565689,1.0000,true
V4T002020,344.415983,-24.210819,ELG,0.35524273,1.0000,false
V4T002021,21.954171,-49.143847,ELG,0.36950713,1.0000,false
V4T002022,39.760821,-38.708774,BGS,0.94114872,0.4500,false
V4T002023,351.428112,-18.258261,QSO,0.24396845,1.7000,false
V4T002024,15.289554,-51.275898,ELG,0.64938659,1.0000,false
V4T002025,355.559199,-24.296970,QSO,0.11883698,1.7000,false
V4T002026,339.862488,-30.671699,LRG,0.36208406,1.0000,false
V4T002027,353.417055,-17.074184,ELG,0.63530170,1.0000,false
V4T002028,3.047695,-24.041278,ELG,0.42820869,1.0000,true
V4T002029,351.627054,-18.129747,QSO,0.30297584,1.7000,false
V4T002030,342.786369,-25.344652,BGS,1.00728252,0.4500,false
V4T002031,47.361659,-53.780960,ELG,0.74531247,1.0000,false
V4T002032,30.478158,-44.714516,Star,3.79220782,0.3000,false
V4T002033,27.470268,-44.851730,Star,4.27697973,0.3000,false
V4T002034,349.248020,-21.112249,ELG,0.48982369,1.0000,false
V4T002035,48.159498,-55.338934,LRG,0.42789232,1.0000,false
V4T002036,2.783103,-28.399865,LRG,0.60528177,1.0000,false
V4T002037,28.712549,-60.453961,BGS,1.45650130,0.4500,false
V4T002038,357.232166,-26.910334,LRG,0.28044418,1.0000,false
V4T002039,352.948349,-19.211092,BGS,1.94482083,0.4500,false
V4T002040,20.901950,-49.771218,LRG,0.45478581,1.0000,false
V4T002041,348.884634,-34.120103,ELG,0.89918937,1.0000,false
V4T002042,337.573749,-31.473656,BGS,1.21986286,0.4500,false
V4T002043,37.058943,-34.867237,BGS,1.34962915,0.4500,false
V4T002044,344.841339,-23.171030,ELG,0.63613604,1.0000,false
V4T002045,351.939242,-18.876258,BGS,0.70670348,0.4500,false
V4T002046,2.965966,-24.371523,QSO,0.18752038,1.7000,false
V4T002047,40.758276,-45.267660,LRG,0.31024485,1.0000,false
V4T002048,2.247813,-29.252091,QSO,0.30286040,1.7000,false
V4T002049,338.021088,-25.403548,ELG,0.41662680,1.0000,false
V4T002050,23.139040,-39.605330,ELG,0.37567142,1.0000,true
V4T002051,50.747164,-52.059130,QSO,0.27820192,1.7000,false
V4T002052,18.043266,-46.140529,QSO,0.14438799,1.7000,false
V4T002053,57.822095,-53.574874,LRG,0.36989692,1.0000,false
V4T002054,18.953273,-47.696344,BGS,0.76937333,0.4500,false
V4T002055,338.030392,-29.005688,LRG,0.14797157,1.0000,false
V4T002056,27.569001,-39.530522,ELG,0.24336891,1.0000,false
V4T002057,23.066599,-51.818556,QSO,0.14831147,1.7000,false
V4T002058,17.397104,-43.542532,QSO,0.17440145,1.7000,false
V4T002059,352.950755,-17.918526,ELG,0.89204603,1.0000,false
V4T002060,47.931852,-41.106167,BGS,1.14739343,0.4500,false
V4T002061,1.259420,-27.948529,LRG,0.42972360,1.0000,false
V4T002062,36.969468,-50.183259,Star,6.05548822,0.3000,false
V4T002063,21.858688,-47.570601,ELG,0.57606555,1.0000,false
V4T002064,0.860457,-35.244018,BGS,0.90562835,0.4500,false
V4T002065,49.053278,-45.393896,QSO,0.13112483,1.7000,false
V4T002066,48.611598,-57.356305,ELG,0.68671614,1.0000,false
V4T002067,352.277713,-16.714288,QSO,0.35772497,1.7000,false
V4T002068,349.879785,-14.534753,LRG,0.75271258,1.0000,false
V4T002069,344.357006,-18.156609,QSO,0.04010590,1.7000,false
V4T002070,53.760223,-56.268571,BGS,1.08882154,0.4500,false
V4T002071,343.484705,-29.181377,ELG,0.43782557,1.0000,false
V4T002072,31.129329,-51.040767,LRG,0.39674601,1.0000,true
V4T002073,346.547516,-19.145549,ELG,0.28564944,1.0000,false
V4T002074,56.504398,-54.311873,BGS,1.75373563,0.4500,false
V4T002075,32.915637,-46.393772,BGS,1.18204118,0.4500,false
V4T002076,27.550394,-36.079605,ELG,0.41197868,1.0000,false
V4T002077,28.706082,-45.724060,ELG,0.66634484,1.0000,false
V4T002078,18.943672,-50.270383,ELG,0.45962083,1.0000,true
V4T002079,44.964775,-39.545800,BGS,1.02803571,0.4500,false
V4T002080,346.908298,-31.830580,BGS,1.45999529,0.4500,false
V4T002081,30.073986,-50.785678,ELG,0.64629030,1.0000,false
V4T002082,358.329826,-27.208021,QSO,0.30821661,1.7000,false
V4T002083,51.089046,-50.990686,ELG,0.48444548,1.0000,false
V4T002084,336.518498,-31.638502,ELG,0.71824728,1.0000,false
V4T002085,25.647660,-53.441089,Star,3.23995001,0.3000,true
V4T002086,46.231823,-47.168980,LRG,0.73127375,1.0000,false
V4T002087,45.567951,-39.345674,Star,3.22384520,0.3000,false
V4T002088,43.687794,-49.570695,QSO,0.21187922,1.7000,false
V4T002089,346.002465,-30.795820,QSO,0.17320228,1.7000,false
V4T002090,353.433389,-19.566610,LRG,0.39697652,1.0000,false
V4T002091,3.064739,-28.975484,Star,3.39841904,0.3000,false
V4T002092,342.447671,-33.638791,LRG,0.62955939,1.0000,false
V4T002093,42.788372,-42.226080,QSO,0.24479512,1.7000,false
V4T002094,37.933569,-55.810009,BGS,1.70324593,0.4500,false
V4T002095,0.216977,-27.022641,LRG,0.20623515,1.0000,false
V4T002096,34.468351,-51.646039,LRG,0.27701398,1.0000,false
V4T002097,355.122311,-39.371146,QSO,0.16248449,1.7000,false
V4T002098,37.797595,-34.663221,BGS,2.05283122,0.4500,false
V4T002099,30.634356,-59.519316,LRG,0.24097604,1.0000,false
V4T002100,352.522918,-17.347612,BGS,1.44119109,0.4500,false
V4T002101,23.766291,-56.750318,LRG,0.36213997,1.0000,false
V4T002102,340.048514,-22.486474,Star,3.57947008,0.3000,false
V4T002103,29.630490,-58.419807,LRG,0.43566655,1.0000,false
V4T002104,352.736220,-17.616884,Star,5.68588339,0.3000,false
V4T002105,342.934884,-38.399365,QSO,0.16208425,1.7000,true
V4T002106,43.570419,-38.497568,ELG,0.46453111,1.0000,false
V4T002107,26.520138,-56.613493,BGS,1.87719027,0.4500,false
V4T002108,343.461396,-39.023397,LRG,0.22647528,1.0000,false
V4T002109,37.911246,-50.168866,LRG,0.49945107,1.0000,false
V4T002110,346.752249,-30.313244,ELG,0.47727286,1.0000,false
V4T002111,39.103504,-52.175319,ELG,0.55960638,1.0000,false
V4T002112,45.992585,-58.032979,BGS,0.77622475,0.4500,false
V4T002113,50.708901,-43.172607,BGS,1.50555863,0.4500,false
V4T002114,33.492977,-34.719841,ELG,0.61983856,1.0000,false
V4T002115,2.014774,-28.253951,ELG,0.57181635,1.0000,false
V4T002116,346.806204,-37.091245,LRG,0.26520670,1.0000,false
V4T002117,24.216644,-49.756056,QSO,0.14745590,1.7000,false
V4T002118,345.934157,-29.899447,LRG,0.18902926,1.0000,false
V4T002119,28.800604,-36.407151,QSO,0.16822425,1.7000,false
V4T002120,352.657606,-31.696485,QSO,0.14399082,1.7000,false
V4T002121,358.663615,-28.112050,Star,4.39554641,0.3000,false
V4T002122,344.296100,-27.650849,ELG,0.52776531,1.0000,false
V4T002123,30.242946,-40.545547,ELG,0.89740468,1.0000,false
V4T002124,40.963645,-57.216854,ELG,0.59648519,1.0000,false
V4T002125,339.007964,-29.714744,ELG,0.39695056,1.0000,false
V4T002126,1.292990,-23.637866,ELG,0.37631855,1.0000,false
V4T002127,28.031976,-39.882470,ELG,0.70571381,1.0000,false
V4T002128,52.844703,-58.563177,BGS,1.34708055,0.4500,false
V4T002129,39.746134,-48.535460,BGS,1.38751800,0.4500,false
V4T002130,37.861536,-49.793751,BGS,1.88898725,0.4500,false
V4T002131,38.233513,-47.666711,Star,4.75477271,0.3000,false
V4T002132,347.758126,-34.988212,LRG,0.35688975,1.0000,false
V4T002133,353.265819,-18.795844,LRG,0.59459854,1.0000,false
V4T002134,357.619137,-37.442960,ELG,0.39308318,1.0000,false
V4T002135,0.880428,-24.358941,QSO,0.10126598,1.7000,false
V4T002136,54.595282,-50.725804,LRG,0.42565451,1.0000,false
V4T002137,26.429498,-39.328240,ELG,0.95749134,1.0000,false
V4T002138,49.809821,-59.016214,LRG,0.25000266,1.0000,false
V4T002139,40.331655,-54.065157,BGS,1.19074400,0.4500,false
V4T002140,36.410878,-44.974094,LRG,0.24520364,1.0000,false
V4T002141,33.041954,-37.959266,ELG,0.36284781,1.0000,false
V4T002142,50.688203,-53.591375,LRG,0.21570225,1.0000,false
V4T002143,41.446210,-53.921812,BGS,0.80641434,0.4500,false
V4T002144,48.335500,-59.451652,ELG,0.37199958,1.0000,false
V4T002145,357.402167,-25.909234,ELG,0.57213358,1.0000,false
V4T002146,34.672700,-55.046120,LRG,0.39044949,1.0000,false
V4T002147,55.030095,-55.148818,LRG,0.44427733,1.0000,false
V4T002148,359.033432,-25.442532,ELG,0.63369429,1.0000,false
V4T002149,25.159398,-59.995485,BGS,1.15669971,0.4500,false
V4T002150,37.102341,-56.948008,LRG,0.31331203,1.0000,false
V4T002151,355.748473,-33.017788,ELG,0.96433045,1.0000,true
V4T002152,345.609530,-21.573142,ELG,0.65870505,1.0000,false
V4T002153,352.471310,-18.281260,ELG,0.46687600,1.0000,false
V4T002154,49.267535,-50.635363,BGS,1.79029883,0.4500,false
V4T002155,42.255212,-40.045568,BGS,1.04018655,0.4500,false
V4T002156,35.086413,-53.918297,QSO,0.43727597,1.7000,false
V4T002157,355.970518,-19.747853,LRG,0.66377625,1.0000,false
V4T002158,37.269901,-35.732594,BGS,1.27667854,0.4500,true
V4T002159,51.162549,-51.795898,ELG,0.72388269,1.0000,false
V4T002160,1.728527,-26.410754,BGS,0.97973144,0.4500,false
V4T002161,3.215865,-27.676703,ELG,0.42459769,1.0000,false
V4T002162,28.407824,-54.685540,LRG,0.56942731,1.0000,false
V4T002163,355.308686,-20.089472,BGS,1.52420658,0.4500,false
V4T002164,357.730544,-27.141637,LRG,0.47009185,1.0000,false
V4T002165,48.380600,-55.739863,Star,3.07008030,0.3000,false
V4T002166,54.948062,-51.702578,ELG,0.37401737,1.0000,false
V4T002167,353.246090,-37.807728,QSO,0.11090410,1.7000,false
V4T002168,47.640534,-41.478581,BGS,1.17702325,0.4500,false
V4T002169,41.601736,-54.498228,ELG,0.79803223,1.0000,false
V4T002170,341.858079,-21.894540,BGS,1.80978275,0.4500,false
V4T002171,342.678098,-38.636983,QSO,0.13299567,1.7000,false
V4T002172,358.407328,-22.669607,LRG,0.34470716,1.0000,false
V4T002173,357.514399,-27.350827,QSO,0.27277965,1.7000,true
V4T002174,37.940403,-48.604418,Star,3.59965889,0.3000,false
V4T002175,346.173463,-30.305183,QSO,0.13512531,1.7000,false
V4T002176,346.814947,-30.157677,BGS,2.25443311,0.4500,false
V4T002177,356.087124,-29.613447,ELG,1.11311373,1.0000,false
V4T002178,31.990417,-49.252662,BGS,1.11459097,0.4500,false
V4T002179,35.663030,-33.333043,ELG,1.10185974,1.0000,false
V4T002180,358.350634,-23.876036,QSO,0.16660634,1.7000,false
V4T002181,356.258949,-19.404162,BGS,1.08154533,0.4500,false
V4T002182,354.804150,-32.103131,LRG,0.17611083,1.0000,false
V4T002183,21.880116,-41.191476,LRG,0.37863055,1.0000,false
V4T002184,35.776612,-35.248500,ELG,0.28163393,1.0000,false
V4T002185,48.045155,-55.400196,BGS,0.93970078,0.4500,false
V4T002186,349.797665,-28.826636,Star,4.76655346,0.3000,false
V4T002187,352.393899,-17.859659,LRG,0.49635096,1.0000,false
V4T002188,17.720308,-50.505633,LRG,0.46168058,1.0000,false
V4T002189,36.972993,-50.885015,BGS,0.96082458,0.4500,false
V4T002190,56.851606,-49.034705,ELG,0.57835854,1.0000,true
V4T002191,50.569753,-58.267659,BGS,2.38261103,0.4500,false
V4T002192,348.386618,-36.400455,QSO,0.15763223,1.7000,false
V4T002193,356.168777,-19.085777,QSO,0.14344355,1.7000,false
V4T002194,40.591318,-42.375634,QSO,0.21327613,1.7000,false
V4T002195,22.199073,-48.690767,QSO,0.20594955,1.7000,false
V4T002196,32.195659,-48.405506,BGS,1.19780379,0.4500,false
V4T002197,15.176911,-46.259014,LRG,0.85126019,1.0000,false
V4T002198,15.087583,-47.028521,ELG,0.26779779,1.0000,false
V4T002199,15.815839,-43.995776,BGS,1.65164130,0.4500,false
V4T002200,41.351507,-41.700883,BGS,1.39736683,0.4500,false
V4T002201,357.786011,-27.813061,QSO,0.35652699,1.7000,true
V4T002202,353.965486,-25.569327,ELG,0.36314066,1.0000,false
V4T002203,351.098383,-38.102532,BGS,0.71859990,0.4500,false
V4T002204,33.990320,-51.351799,ELG,0.49717475,1.0000,false
V4T002205,41.817150,-58.036212,BGS,2.80710200,0.4500,false
V4T002206,41.215110,-56.589510,QSO,0.10320075,1.7000,false
V4T002207,343.430332,-25.545994,ELG,0.53784397,1.0000,false
V4T002208,47.045011,-42.039001,QSO,0.13375295,1.7000,false
V4T002209,342.667323,-31.431609,BGS,0.90993010,0.4500,false
V4T002210,345.572845,-30.792998,LRG,0.18239752,1.0000,false
V4T002211,26.760665,-53.462723,LRG,0.42517730,1.0000,false
V4T002212,353.162007,-17.230173,Star,3.23210135,0.3000,false
V4T002213,16.223286,-47.690885,QSO,0.77294485,1.7000,false
V4T002214,32.564517,-50.508372,BGS,0.93823685,0.4500,false
V4T002215,29.178679,-40.826735,LRG,0.38925437,1.0000,false
V4T002216,39.516861,-57.561623,QSO,0.33341906,1.7000,false
V4T002217,353.538239,-39.822015,ELG,0.62562943,1.0000,false
V4T002218,344.071131,-24.871325,BGS,1.24866278,0.4500,false
V4T002219,36.441156,-37.916742,QSO,0.23084863,1.7000,false
V4T002220,36.985258,-33.715726,LRG,0.24835314,1.0000,false
V4T002221,36.287474,-41.828635,BGS,1.52082080,0.4500,false
V4T002222,344.960966,-18.616834,BGS,1.28456686,0.4500,false
V4T002223,341.302978,-23.525234,BGS,0.91662773,0.4500,false
V4T002224,340.951172,-32.044267,QSO,0.24930042,1.7000,false
V4T002225,44.616167,-39.751251,Star,2.94740942,0.3000,false
V4T002226,357.210904,-26.712310,BGS,1.24228942,0.4500,false
V4T002227,347.307099,-29.738325,ELG,0.76020620,1.0000,false
V4T002228,45.449925,-43.480986,LRG,0.68736514,1.0000,false
V4T002229,352.955471,-18.117108,LRG,0.53156414,1.0000,false
V4T002230,347.627926,-21.145575,BGS,1.33332716,0.4500,false
V4T002231,52.839593,-57.483488,BGS,0.98288857,0.4500,false
V4T002232,342.765525,-25.735092,LRG,0.37333150,1.0000,false
V4T002233,354.560607,-15.464509,LRG,0.29033267,1.0000,false
V4T002234,359.773518,-34.152042,ELG,0.51057970,1.0000,false
V4T002235,344.362774,-19.150513,LRG,0.51582590,1.0000,false
V4T002236,343.126739,-25.119148,ELG,0.63947107,1.0000,false
V4T002237,350.586592,-24.834603,Star,2.94233741,0.3000,false
V4T002238,352.779234,-27.994260,LRG,0.24123021,1.0000,false
V4T002239,348.057576,-17.781883,LRG,0.34863219,1.0000,false
V4T002240,357.670568,-22.848954,QSO,0.17071068,1.7000,false
V4T002241,358.803257,-24.506818,ELG,0.39116051,1.0000,false
V4T002242,17.848373,-47.001228,Star,6.01562785,0.3000,false
V4T002243,1.590237,-35.705446,Star,3.35017238,0.3000,false
V4T002244,45.368613,-39.010309,QSO,0.06331026,1.7000,false
V4T002245,358.989074,-31.699881,Star,2.80467933,0.3000,false
V4T002246,53.339593,-55.578619,ELG,0.38741749,1.0000,false
V4T002247,350.686337,-28.319164,BGS,1.73910190,0.4500,false
V4T002248,17.630962,-51.992184,LRG,0.34315158,1.0000,false
V4T002249,54.739302,-50.608692,QSO,0.20775051,1.7000,false
V4T002250,38.115655,-48.260176,ELG,0.46231439,1.0000,false
V4T002251,347.033943,-28.427414,ELG,0.21847820,1.0000,false
V4T002252,27.736250,-35.556714,ELG,0.53636331,1.0000,false
V4T002253,356.609983,-24.891805,ELG,0.25486327,1.0000,false
V4T002254,355.203109,-19.622587,QSO,0.24615835,1.7000,false
V4T002255,347.509680,-18.699571,ELG,0.60230872,1.0000,false
V4T002256,343.082037,-25.567123,ELG,0.65629943,1.0000,false
V4T002257,347.038582,-30.254182,LRG,0.26732794,1.0000,false
V4T002258,15.734953,-51.534425,ELG,0.43347026,1.0000,false
V4T002259,45.192127,-38.880627,BGS,1.26438748,0.4500,false
V4T002260,41.171132,-56.520954,LRG,0.20890960,1.0000,false
V4T002261,25.907176,-47.989844,ELG,1.13120062,1.0000,false
V4T002262,356.771774,-26.122142,LRG,0.60586864,1.0000,true
V4T002263,32.141163,-41.519184,ELG,0.91558362,1.0000,false
V4T002264,50.657639,-50.473086,ELG,0.51149667,1.0000,false
V4T002265,52.386144,-50.451964,QSO,0.22452449,1.7000,false
V4T002266,352.906042,-17.256674,ELG,0.32018531,1.0000,false
V4T002267,39.521707,-48.203904,ELG,0.76593837,1.0000,false
V4T002268,30.349705,-50.676217,ELG,0.93469102,1.0000,true
V4T002269,46.848966,-42.414071,ELG,0.31253945,1.0000,false
V4T002270,2.833921,-28.927581,QSO,0.27503601,1.7000,false
V4T002271,343.293884,-36.912162,LRG,0.83470859,1.0000,false
V4T002272,352.529418,-17.523648,QSO,0.14500256,1.7000,false
V4T002273,19.993372,-55.076403,QSO,0.15953659,1.7000,false
V4T002274,352.008411,-17.441719,ELG,0.29614208,1.0000,false
V4T002275,27.555616,-48.954646,QSO,0.10904001,1.7000,false
V4T002276,356.701971,-32.532859,LRG,0.32493167,1.0000,false
V4T002277,350.950644,-27.658804,ELG,0.60834185,1.0000,false
V4T002278,357.143441,-19.827892,BGS,1.02907542,0.4500,false
V4T002279,49.317200,-49.084435,LRG,0.39231400,1.0000,false
V4T002280,20.389619,-45.739099,BGS,1.03477680,0.4500,false
V4T002281,357.351785,-36.369775,QSO,0.88352525,1.7000,false
V4T002282,17.908457,-54.051750,LRG,0.47065349,1.0000,false
V4T002283,1.044114,-22.314188,ELG,0.78771576,1.0000,false
V4T002284,355.507691,-21.444730,LRG,0.30547929,1.0000,false
V4T002285,40.157671,-46.344241,BGS,1.02213131,0.4500,false
V4T002286,351.139740,-19.195087,ELG,0.81081340,1.0000,false
V4T002287,357.699487,-26.598857,BGS,1.50441644,0.4500,false
V4T002288,337.183732,-33.782636,Star,2.98159523,0.3000,false
V4T002289,350.386988,-14.569540,Star,3.46055999,0.3000,false
V4T002290,351.751523,-18.480917,LRG,0.30244711,1.0000,false
V4T002291,351.756063,-17.793496,QSO,0.22261664,1.7000,false
V4T002292,350.432148,-15.711438,Star,4.35909875,0.3000,false
V4T002293,355.880525,-23.711646,BGS,1.00582766,0.4500,false
V4T002294,339.548321,-23.501000,ELG,0.50641092,1.0000,false
V4T002295,33.748441,-50.519869,LRG,0.21731362,1.0000,false
V4T002296,40.204267,-40.903021,BGS,1.39495117,0.4500,false
V4T002297,355.523581,-32.855837,LRG,0.79909510,1.0000,false
V4T002298,345.347511,-30.701430,BGS,1.10343819,0.4500,false
V4T002299,52.106599,-52.687536,ELG,0.75408388,1.0000,false
V4T002300,29.644289,-52.468162,LRG,0.24937064,1.0000,false
V4T002301,1.345049,-33.007467,ELG,0.48621331,1.0000,false
V4T002302,358.554318,-26.546707,LRG,0.59407152,1.0000,false
V4T002303,356.513565,-16.136410,ELG,1.07250668,1.0000,false
V4T002304,347.231601,-37.036431,ELG,0.41167506,1.0000,false
V4T002305,356.503495,-22.316109,QSO,0.16986952,1.7000,false
V4T002306,36.168686,-50.397479,LRG,0.29590840,1.0000,false
V4T002307,0.118636,-33.618569,QSO,0.15509113,1.7000,false
V4T002308,341.944811,-19.391812,QSO,0.37028729,1.7000,false
V4T002309,30.814622,-35.375722,ELG,0.70187660,1.0000,true
V4T002310,353.570463,-14.972212,ELG,0.47677846,1.0000,false
V4T002311,343.581972,-24.880137,ELG,1.10332453,1.0000,false
V4T002312,53.709982,-51.585381,ELG,0.33996957,1.0000,false
V4T002313,48.727442,-50.124224,BGS,1.45113652,0.4500,false
V4T002314,353.071981,-17.857348,Star,3.64216857,0.3000,false
V4T002315,47.630812,-46.238353,QSO,0.18507123,1.7000,false
V4T002316,353.135002,-17.932367,ELG,0.35908575,1.0000,false
V4T002317,3.488721,-32.040342,Star,3.17949447,0.3000,false
V4T002318,355.558265,-30.480079,QSO,0.14202374,1.7000,false
V4T002319,2.707031,-28.392648,ELG,0.85440752,1.0000,false
V4T002320,17.755261,-48.207917,LRG,0.18844263,1.0000,true
V4T002321,39.525994,-47.518496,BGS,1.06972546,0.4500,false
V4T002322,351.219955,-27.161900,BGS,1.14211753,0.4500,false
V4T002323,26.406043,-35.046703,ELG,0.36895773,1.0000,false
V4T002324,38.531168,-36.114847,ELG,0.71528705,1.0000,false
V4T002325,358.997653,-21.261745,BGS,1.99688542,0.4500,false
V4T002326,49.885628,-55.214578,Star,4.06301096,0.3000,false
V4T002327,342.546177,-34.732246,LRG,0.17605056,1.0000,false
V4T002328,21.499036,-56.961283,ELG,0.97307665,1.0000,false
V4T002329,358.272994,-33.286647,LRG,0.15749423,1.0000,false
V4T002330,29.339466,-50.651373,ELG,0.34032775,1.0000,false
V4T002331,351.698566,-15.302748,BGS,1.14444129,0.4500,false
V4T002332,351.760541,-18.643951,ELG,0.47405699,1.0000,false
V4T002333,36.415516,-55.069575,QSO,0.29423542,1.7000,false
V4T002334,50.114802,-51.820133,LRG,0.48310935,1.0000,false
V4T002335,1.375156,-28.380950,LRG,0.27500507,1.0000,false
V4T002336,48.928894,-48.078335,ELG,0.52480299,1.0000,false
V4T002337,351.898281,-19.055295,Star,4.10961263,0.3000,false
V4T002338,43.993009,-58.679718,LRG,0.48611907,1.0000,false
V4T002339,337.798031,-33.524020,LRG,0.44485556,1.0000,false
V4T002340,351.958580,-26.654886,Star,6.01928148,0.3000,false
V4T002341,352.938326,-14.587400,LRG,0.16809417,1.0000,false
V4T002342,353.250641,-18.094280,QSO,0.31139079,1.7000,false
V4T002343,339.884884,-29.669659,ELG,0.76718264,1.0000,false
V4T002344,25.834385,-43.823612,ELG,0.64432308,1.0000,false
V4T002345,355.709449,-19.242657,BGS,1.03466665,0.4500,false
V4T002346,29.405666,-58.346560,LRG,0.31630275,1.0000,false
V4T002347,35.066967,-43.204858,ELG,0.59072485,1.0000,false
V4T002348,352.327731,-16.971847,QSO,0.12685048,1.7000,true
V4T002349,45.344482,-56.264884,BGS,1.20039143,0.4500,false
V4T002350,48.342453,-50.055970,ELG,0.62195029,1.0000,false
V4T002351,343.509137,-33.440255,QSO,0.55646786,1.7000,false
V4T002352,20.814481,-50.931054,BGS,1.17240573,0.4500,false
V4T002353,43.822492,-40.598375,ELG,0.35028387,1.0000,false
V4T002354,348.635992,-24.595098,ELG,0.46014798,1.0000,false
V4T002355,357.129984,-37.764603,ELG,0.37809028,1.0000,false
V4T002356,17.536606,-51.448701,QSO,0.24329457,1.7000,false
V4T002357,355.720395,-18.938388,LRG,0.31854415,1.0000,false
V4T002358,46.363508,-40.547758,LRG,0.38772847,1.0000,false
V4T002359,352.886315,-17.417549,LRG,0.54172103,1.0000,false
V4T002360,45.589957,-39.582951,QSO,0.10956042,1.7000,false
V4T002361,30.316162,-40.936118,ELG,0.19800548,1.0000,false
V4T002362,356.358631,-19.442850,BGS,1.84421547,0.4500,false
V4T002363,41.547290,-56.904611,QSO,0.16279154,1.7000,false
V4T002364,358.705722,-26.616550,QSO,0.19758652,1.7000,false
V4T002365,350.031711,-25.609173,BGS,2.21925099,0.4500,false
V4T002366,339.506464,-35.039196,ELG,0.37226589,1.0000,false
V4T002367,343.507436,-25.151089,BGS,1.31581288,0.4500,false
V4T002368,51.961806,-51.604511,QSO,0.19370729,1.7000,false
V4T002369,27.980446,-56.181660,QSO,0.34415534,1.7000,false
V4T002370,354.968413,-19.237964,ELG,0.36665529,1.0000,false
V4T002371,15.639245,-47.920458,BGS,1.32085325,0.4500,false
V4T002372,347.305901,-31.636293,QSO,0.09198985,1.7000,false
V4T002373,353.452096,-18.454029,ELG,1.44265824,1.0000,true
V4T002374,351.666080,-17.883184,QSO,0.20148843,1.7000,false
V4T002375,41.813190,-58.962970,LRG,0.42539637,1.0000,false
V4T002376,351.941550,-17.873913,LRG,0.17528786,1.0000,false
V4T002377,40.828247,-52.159409,BGS,1.10065410,0.4500,false
V4T002378,33.325088,-57.547563,BGS,1.29145719,0.4500,false
V4T002379,49.413359,-48.503041,ELG,0.77426720,1.0000,false
V4T002380,356.907726,-28.608254,ELG,0.57756045,1.0000,false
V4T002381,26.172678,-50.059184,QSO,0.15361798,1.7000,false
V4T002382,351.731161,-18.894061,ELG,0.39353096,1.0000,false
V4T002383,34.577400,-39.466009,LRG,0.29186593,1.0000,false
V4T002384,355.230889,-20.098909,Star,3.87850652,0.3000,false
V4T002385,21.884621,-54.816391,ELG,0.53021757,1.0000,false
V4T002386,30.652416,-52.211707,ELG,0.40855378,1.0000,false
V4T002387,339.382392,-32.449221,BGS,0.94506707,0.4500,false
V4T002388,37.440099,-49.559358,ELG,0.57640864,1.0000,false
V4T002389,351.729208,-18.817930,BGS,1.86109796,0.4500,false
V4T002390,30.780556,-41.471011,BGS,1.61931706,0.4500,false
V4T002391,356.048809,-33.942190,QSO,0.36569199,1.7000,false
V4T002392,35.209574,-53.219381,BGS,1.15678092,0.4500,true
V4T002393,53.802571,-49.403126,BGS,0.87247468,0.4500,false
V4T002394,352.252407,-15.499970,Star,5.59657038,0.3000,false
V4T002395,22.558947,-37.735904,ELG,0.29226461,1.0000,true
V4T002396,54.740775,-50.926610,QSO,0.20005211,1.7000,false
V4T002397,40.438060,-35.277059,BGS,0.71191635,0.4500,false
V4T002398,2.175263,-28.752672,ELG,1.04024105,1.0000,false
V4T002399,347.219488,-29.076751,ELG,0.54204009,1.0000,false
V4T002400,347.161367,-29.727358,ELG,0.58757789,1.0000,false
V4T002401,25.464424,-51.196214,ELG,1.18136732,1.0000,false
V4T002402,343.339018,-25.347251,ELG,0.66433565,1.0000,false
V4T002403,38.336001,-37.799481,LRG,0.47354617,1.0000,true
V4T002404,54.071572,-50.709603,BGS,1.01357156,0.4500,false
V4T002405,15.648091,-47.471152,LRG,0.37787091,1.0000,false
V4T002406,48.112511,-41.014420,ELG,0.70438298,1.0000,true
V4T002407,51.671735,-48.854059,ELG,0.61229875,1.0000,false
V4T002408,36.590933,-35.348112,LRG,0.30723347,1.0000,false
V4T002409,31.801527,-50.280602,LRG,0.41470780,1.0000,false
V4T002410,34.210146,-45.071621,LRG,0.44009237,1.0000,false
V4T002411,46.820450,-55.069341,ELG,0.78812400,1.0000,false
V4T002412,47.038779,-40.878457,BGS,2.06676392,0.4500,false
V4T002413,39.448716,-41.202199,BGS,1.44592940,0.4500,false
V4T002414,346.465462,-29.978391,QSO,0.17497920,1.7000,false
V4T002415,344.323067,-34.144046,LRG,0.46129957,1.0000,false
V4T002416,44.772620,-40.464967,ELG,0.51584954,1.0000,false
V4T002417,38.419747,-61.496772,LRG,0.40414103,1.0000,false
V4T002418,350.985328,-18.990319,QSO,0.35481974,1.7000,false
V4T002419,44.222211,-39.182105,ELG,0.38041152,1.0000,false
V4T002420,19.548681,-43.232535,BGS,1.86167393,0.4500,false
V4T002421,358.512894,-38.555375,LRG,0.32731267,1.0000,false
V4T002422,31.823404,-45.046813,ELG,0.69529531,1.0000,false
V4T002423,38.674028,-37.255097,Star,4.47067563,0.3000,false
V4T002424,42.835773,-48.375618,ELG,0.69482794,1.0000,false
V4T002425,43.653914,-52.236496,BGS,2.00453743,0.4500,false
V4T002426,350.783583,-25.237586,Star,4.89621635,0.3000,false
V4T002427,42.136032,-51.062360,BGS,0.59109611,0.4500,false
V4T002428,54.830766,-50.868247,BGS,2.31818455,0.4500,false
V4T002429,28.385475,-59.439737,Star,5.46717879,0.3000,false
V4T002430,342.025357,-23.109490,QSO,0.08686174,1.7000,false
V4T002431,357.394021,-32.952858,ELG,0.47927594,1.0000,false
V4T002432,339.048842,-36.083445,ELG,0.35473338,1.0000,false
V4T002433,40.489867,-57.845367,LRG,0.17959192,1.0000,false
V4T002434,343.592387,-26.545123,BGS,1.89324622,0.4500,false
V4T002435,344.870221,-31.466840,Star,3.38445777,0.3000,false
V4T002436,44.751847,-39.037376,BGS,1.19958859,0.4500,false
V4T002437,352.418131,-16.794403,BGS,1.04996696,0.4500,false
V4T002438,339.034028,-28.868136,ELG,0.41722152,1.0000,false
V4T002439,347.615656,-34.750579,ELG,0.54251143,1.0000,false
V4T002440,24.068631,-42.419198,BGS,1.99146493,0.4500,false
V4T002441,40.576942,-57.291153,BGS,1.00494649,0.4500,false
V4T002442,342.591457,-32.192343,LRG,0.31646248,1.0000,false
V4T002443,55.815212,-50.378725,LRG,0.92522138,1.0000,false
V4T002444,343.697194,-25.382363,ELG,0.38281773,1.0000,false
V4T002445,353.038590,-17.260666,LRG,0.56760443,1.0000,false
V4T002446,357.688391,-26.439350,LRG,0.34411356,1.0000,false
V4T002447,339.065960,-31.684377,BGS,1.32299922,0.4500,false
V4T002448,350.422612,-31.235256,ELG,0.76470037,1.0000,false
V4T002449,356.307773,-19.365048,QSO,0.10307003,1.7000,false
V4T002450,339.500694,-32.772065,ELG,0.77795550,1.0000,false
V4T002451,349.781995,-27.684548,ELG,0.58065215,1.0000,false
V4T002452,336.596191,-26.623320,BGS,1.05946736,0.4500,false
V4T002453,31.917049,-52.431187,ELG,0.95431833,1.0000,false
V4T002454,352.773353,-28.104998,QSO,0.26537064,1.7000,false
V4T002455,353.715424,-17.091641,BGS,2.02520552,0.4500,false
V4T002456,36.776974,-39.436576,QSO,0.25144508,1.7000,false
V4T002457,2.033415,-23.247196,ELG,0.48134071,1.0000,false
V4T002458,342.978219,-20.858342,ELG,0.40677082,1.0000,false
V4T002459,29.462980,-36.704511,BGS,1.22000267,0.4500,false
V4T002460,44.915852,-40.771273,BGS,1.97234646,0.4500,false
V4T002461,350.300407,-22.363034,QSO,0.20670002,1.7000,false
V4T002462,0.700338,-30.708507,ELG,0.35904435,1.0000,false
V4T002463,46.235923,-41.087661,BGS,1.07734834,0.4500,false
V4T002464,53.857493,-47.059468,ELG,0.58921214,1.0000,false
V4T002465,45.495093,-39.296353,LRG,0.29744933,1.0000,false
V4T002466,350.558304,-16.861852,ELG,0.54547114,1.0000,false
V4T002467,345.514602,-26.197329,LRG,0.20139207,1.0000,false
V4T002468,51.989368,-49.591186,Star,4.56726542,0.3000,true
V4T002469,355.163718,-19.388372,ELG,0.60059120,1.0000,false
V4T002470,352.845171,-18.462474,LRG,0.49712062,1.0000,false
V4T002471,35.006998,-39.276415,LRG,0.29150941,1.0000,false
V4T002472,354.635948,-26.205075,LRG,0.39222928,1.0000,false
V4T002473,30.563575,-47.739839,BGS,1.29126130,0.4500,false
V4T002474,55.460986,-52.364804,BGS,1.77941201,0.4500,false
V4T002475,25.442707,-41.589948,QSO,0.12035442,1.7000,false
V4T002476,40.175003,-40.855767,LRG,0.22248203,1.0000,false
V4T002477,352.497293,-17.215335,ELG,0.91281283,1.0000,false
V4T002478,47.428415,-41.928623,ELG,0.76227359,1.0000,false
V4T002479,31.130873,-53.974937,BGS,1.17589801,0.4500,false
V4T002480,44.805048,-42.258199,LRG,0.39850007,1.0000,true
V4T002481,354.128837,-14.642658,LRG,0.31267051,1.0000,false
V4T002482,45.102749,-58.225414,ELG,0.49219401,1.0000,false
V4T002483,351.543441,-18.458177,QSO,0.17785654,1.7000,false
V4T002484,29.444100,-38.878701,LRG,0.22808719,1.0000,false
V4T002485,34.943650,-54.735458,QSO,0.50655432,1.7000,false
V4T002486,339.662123,-34.570121,BGS,1.41591120,0.4500,false
V4T002487,0.474488,-25.041252,ELG,0.72031622,1.0000,false
V4T002488,342.224292,-27.451441,QSO,0.32817002,1.7000,false
V4T002489,29.124987,-39.224397,ELG,0.42018551,1.0000,false
V4T002490,359.130877,-22.937373,BGS,1.34342507,0.4500,false
V4T002491,29.879987,-57.647238,QSO,0.32408618,1.7000,false
V4T002492,355.168084,-28.216904,BGS,1.64509598,0.4500,false
V4T002493,43.209913,-56.620812,ELG,0.33507477,1.0000,false
V4T002494,353.537364,-18.138548,QSO,0.16160860,1.7000,false
V4T002495,46.521320,-50.404909,LRG,0.28000061,1.0000,false
V4T002496,351.410669,-24.946001,ELG,0.77905578,1.0000,false
V4T002497,16.806694,-48.329142,BGS,1.88338878,0.4500,false
V4T002498,2.629724,-25.370597,ELG,0.48452534,1.0000,true
V4T002499,19.032747,-54.104977,ELG,0.94620502,1.0000,false
V4T002500,41.326056,-50.782537,LRG,0.39793813,1.0000,false
V4T002501,343.930756,-25.110085,ELG,0.77226079,1.0000,false
V4T002502,338.859092,-27.698501,ELG,0.31092092,1.0000,false
V4T002503,37.787641,-49.951829,BGS,1.11448170,0.4500,true
V4T002504,31.247416,-52.338570,BGS,1.27130148,0.4500,true
V4T002505,29.124381,-54.309313,BGS,0.93797306,0.4500,false
V4T002506,36.947396,-44.020400,ELG,0.25538103,1.0000,false
V4T002507,358.541120,-26.296951,LRG,0.24187506,1.0000,false
V4T002508,355.358427,-20.154943,QSO,0.28813771,1.7000,false
V4T002509,27.521186,-40.712664,ELG,0.40300363,1.0000,false
V4T002510,0.918032,-26.476608,ELG,0.80813221,1.0000,false
V4T002511,346.502730,-32.352759,Star,6.40808550,0.3000,false
V4T002512,345.836026,-19.445684,Star,3.56117757,0.3000,false
V4T002513,31.681939,-43.440215,BGS,1.81853236,0.4500,false
V4T002514,3.897851,-31.754790,QSO,0.11196491,1.7000,false
V4T002515,342.635906,-31.488048,BGS,1.99382421,0.4500,false
V4T002516,356.102264,-26.535122,QSO,0.08517106,1.7000,false
V4T002517,55.040750,-50.668501,BGS,1.21004804,0.4500,false
V4T002518,2.052287,-28.737338,BGS,1.64912874,0.4500,true
V4T002519,53.847091,-54.004751,BGS,0.93406452,0.4500,false
V4T002520,32.665924,-36.293722,ELG,0.50653904,1.0000,false
V4T002521,48.645351,-54.608671,ELG,0.76662430,1.0000,false
V4T002522,351.150785,-18.786395,QSO,0.22720020,1.7000,false
V4T002523,342.497720,-32.672233,ELG,0.74180639,1.0000,false
V4T002524,45.197918,-51.782950,ELG,0.69165621,1.0000,false
V4T002525,355.425534,-34.359779,BGS,2.02662860,0.4500,false
V4T002526,40.425105,-54.671676,QSO,0.34976661,1.7000,false
V4T002527,347.957662,-26.976342,ELG,0.67446675,1.0000,false
V4T002528,29.316145,-42.008815,LRG,0.41895069,1.0000,false
V4T002529,43.366714,-45.565763,ELG,0.49449222,1.0000,false
V4T002530,22.973429,-52.310467,BGS,0.75265101,0.4500,false
V4T002531,356.401924,-29.900641,LRG,0.57014120,1.0000,false
V4T002532,53.891275,-53.638774,ELG,0.51230857,1.0000,false
V4T002533,40.151011,-56.728534,Star,2.92627403,0.3000,false
V4T002534,22.244484,-44.328909,ELG,0.30255102,1.0000,false
V4T002535,47.519476,-41.365140,LRG,0.25694391,1.0000,false
V4T002536,345.905366,-30.667262,Star,3.28382655,0.3000,false
V4T002537,353.099721,-29.923401,ELG,0.86482177,1.0000,true
V4T002538,43.677516,-59.228082,LRG,0.39989223,1.0000,false
V4T002539,347.157627,-25.872066,ELG,1.09720409,1.0000,false
V4T002540,31.746635,-52.165133,ELG,0.61248776,1.0000,false
V4T002541,349.124185,-34.662145,BGS,0.78449461,0.4500,true
V4T002542,27.222033,-34.804913,ELG,0.34812731,1.0000,false
V4T002543,24.182044,-44.805328,ELG,0.95963820,1.0000,true
V4T002544,341.224289,-28.909939,QSO,0.31257165,1.7000,false
V4T002545,349.392325,-36.241763,ELG,0.43080545,1.0000,false
V4T002546,351.299787,-17.383419,Star,3.43276805,0.3000,false
V4T002547,45.129448,-39.317134,ELG,0.25440799,1.0000,false
V4T002548,0.233726,-28.933810,LRG,0.40807171,1.0000,false
V4T002549,15.915766,-52.174082,ELG,0.57683104,1.0000,false
V4T002550,357.953296,-36.587193,BGS,1.56756509,0.4500,false
V4T002551,0.762394,-35.620649,ELG,0.56953091,1.0000,false
V4T002552,54.292297,-50.781550,QSO,0.29765930,1.7000,false
V4T002553,337.535614,-31.394114,QSO,0.33464049,1.7000,false
V4T002554,27.522860,-49.427748,LRG,0.34426871,1.0000,false
V4T002555,46.795548,-41.518423,BGS,1.13940332,0.4500,false
V4T002556,350.865586,-29.041062,BGS,2.02482641,0.4500,false
V4T002557,49.593178,-44.302406,LRG,0.45175766,1.0000,false
V4T002558,358.262604,-37.815291,ELG,0.49761681,1.0000,false
V4T002559,351.804708,-35.289357,BGS,1.94517986,0.4500,false
V4T002560,2.929904,-33.326085,ELG,0.59155626,1.0000,false
V4T002561,338.294354,-28.836777,LRG,0.29673240,1.0000,false
V4T002562,36.794043,-35.778632,ELG,0.20903790,1.0000,false
V4T002563,353.007625,-31.044957,QSO,0.22376419,1.7000,false
V4T002564,24.510827,-58.841135,QSO,0.17472197,1.7000,false
V4T002565,2.528973,-28.713616,BGS,1.00887216,0.4500,false
V4T002566,51.905026,-57.851703,ELG,0.49139972,1.0000,false
V4T002567,21.749573,-38.302660,LRG,0.32484490,1.0000,false
V4T002568,341.371859,-35.150331,BGS,1.91698600,0.4500,false
V4T002569,45.131935,-51.494914,QSO,0.06230191,1.7000,false
V4T002570,348.064238,-18.744710,QSO,0.22165912,1.7000,false
V4T002571,47.128261,-41.265395,BGS,0.73651625,0.4500,false
V4T002572,1.418613,-28.025155,ELG,0.71802812,1.0000,false
V4T002573,346.264350,-30.120406,ELG,0.83518453,1.0000,false
V4T002574,44.152000,-45.080113,ELG,0.62826770,1.0000,false
V4T002575,32.752215,-53.607361,ELG,0.86347920,1.0000,false
V4T002576,54.399237,-51.593946,LRG,0.40741163,1.0000,false
V4T002577,53.958430,-54.915045,BGS,1.68023095,0.4500,false
V4T002578,357.706275,-28.159327,ELG,0.74868371,1.0000,false
V4T002579,345.789192,-30.233594,ELG,0.34899124,1.0000,false
V4T002580,39.004313,-44.142312,Star,4.89414817,0.3000,false
V4T002581,350.703210,-17.624397,BGS,1.26612295,0.4500,false
V4T002582,342.924608,-22.909256,QSO,0.21491660,1.7000,false
V4T002583,354.845360,-38.705488,LRG,0.27110293,1.0000,false
V4T002584,336.626046,-30.108238,QSO,0.11309980,1.7000,false
V4T002585,44.914533,-39.477327,ELG,0.38560531,1.0000,false
V4T002586,336.360900,-26.694969,BGS,1.40582822,0.4500,false
V4T002587,33.861544,-44.743523,Star,3.47713197,0.3000,false
V4T002588,350.022889,-21.783505,LRG,0.76307668,1.0000,false
V4T002589,39.799193,-48.670298,ELG,0.76399717,1.0000,false
V4T002590,28.844382,-43.042480,LRG,0.52970771,1.0000,false
V4T002591,39.935255,-42.063844,ELG,0.30088286,1.0000,false
V4T002592,38.708732,-57.129937,ELG,0.46614292,1.0000,false
V4T002593,25.414310,-50.679429,LRG,0.41881292,1.0000,false
V4T002594,349.770679,-29.149300,ELG,0.31453969,1.0000,false
V4T002595,55.932594,-57.035494,LRG,0.57182618,1.0000,false
V4T002596,358.152252,-26.010644,BGS,1.20096642,0.4500,false
V4T002597,353.945841,-27.219223,BGS,1.22313666,0.4500,false
V4T002598,42.510146,-51.870251,QSO,0.27719951,1.7000,false
V4T002599,359.851466,-22.666027,ELG,0.65865231,1.0000,false
V4T002600,33.499448,-50.223209,LRG,0.34453758,1.0000,false
V4T002601,357.355969,-26.790534,LRG,0.14669839,1.0000,false
V4T002602,343.758120,-22.501802,ELG,0.27355062,1.0000,false
V4T002603,337.505732,-33.787393,LRG,0.24542533,1.0000,false
V4T002604,41.604359,-57.073352,ELG,0.85912666,1.0000,false
V4T002605,349.559807,-26.871897,BGS,0.56676462,0.4500,false
V4T002606,359.042288,-29.584905,ELG,0.46068367,1.0000,false
V4T002607,341.161950,-21.273018,LRG,0.39932751,1.0000,false
V4T002608,33.526267,-47.151088,LRG,0.41630227,1.0000,false
V4T002609,49.843596,-48.350042,BGS,1.17485263,0.4500,false
V4T002610,347.705761,-23.313354,BGS,1.63102900,0.4500,false
V4T002611,56.413984,-54.295187,BGS,1.18687215,0.4500,false
V4T002612,354.871182,-22.654254,BGS,0.72191514,0.4500,false
V4T002613,25.796483,-60.069285,LRG,0.36433741,1.0000,false
V4T002614,20.799860,-46.573872,ELG,0.59153641,1.0000,true
V4T002615,57.618383,-51.806208,ELG,0.78976236,1.0000,false
V4T002616,354.796434,-19.981464,LRG,0.36457416,1.0000,false
V4T002617,343.604713,-25.315246,LRG,0.17228175,1.0000,false
V4T002618,351.767770,-36.668659,ELG,0.66475976,1.0000,false
V4T002619,346.566452,-25.636975,Star,3.34298628,0.3000,false
V4T002620,355.750022,-19.765796,QSO,0.35130435,1.7000,false
V4T002621,20.636154,-42.743853,ELG,0.43869315,1.0000,false
V4T002622,42.286534,-56.651205,QSO,0.14392390,1.7000,false
V4T002623,43.632920,-53.453651,ELG,0.47768762,1.0000,false
V4T002624,343.742398,-24.262312,Star,5.25553343,0.3000,false
V4T002625,43.339197,-43.351689,LRG,0.30120457,1.0000,false
V4T002626,353.340817,-29.640929,LRG,0.34980065,1.0000,false
V4T002627,353.098678,-17.293657,Star,3.49638378,0.3000,false
V4T002628,38.339196,-47.675179,QSO,0.30651841,1.7000,false
V4T002629,345.777555,-22.425506,QSO,0.40202853,1.7000,false
V4T002630,21.952139,-55.576398,BGS,2.14453838,0.4500,false
V4T002631,34.575138,-40.202941,ELG,0.49850310,1.0000,false
V4T002632,43.838910,-58.293763,BGS,1.24438452,0.4500,false
V4T002633,19.362246,-40.078988,Star,7.47733609,0.3000,false
V4T002634,19.787951,-41.218606,BGS,1.16589779,0.4500,false
V4T002635,28.315982,-57.328532,QSO,0.17981753,1.7000,false
V4T002636,345.991348,-27.053901,ELG,0.59697987,1.0000,false
V4T002637,348.136145,-26.273276,ELG,0.47358630,1.0000,false
V4T002638,0.905124,-29.488849,BGS,0.87608619,0.4500,false
V4T002639,54.236606,-49.044238,QSO,0.10135712,1.7000,false
V4T002640,349.495185,-20.778140,LRG,0.38765316,1.0000,false
V4T002641,35.780964,-33.855670,BGS,1.61295829,0.4500,false
V4T002642,38.039607,-55.115063,BGS,1.84119736,0.4500,false
V4T002643,357.379435,-34.614211,BGS,1.77513687,0.4500,false
V4T002644,55.515557,-56.583534,BGS,1.51456661,0.4500,false
V4T002645,31.084554,-40.001541,ELG,0.87663241,1.0000,false
V4T002646,22.195929,-45.617851,ELG,0.61779342,1.0000,false
V4T002647,349.618841,-19.318267,BGS,1.22306633,0.4500,false
V4T002648,30.525242,-44.921345,BGS,1.20948902,0.4500,false
V4T002649,17.027292,-55.803057,BGS,1.68315310,0.4500,false
V4T002650,46.062706,-41.014141,ELG,0.52775070,1.0000,false
V4T002651,39.353729,-51.256636,LRG,0.22765223,1.0000,false
V4T002652,359.004129,-35.542794,ELG,0.57974795,1.0000,false
V4T002653,355.421325,-18.588727,ELG,0.49671542,1.0000,false
V4T002654,0.304973,-26.417455,ELG,0.53078329,1.0000,false
V4T002655,354.618279,-37.938031,LRG,0.35988630,1.0000,true
V4T002656,26.307115,-37.776729,BGS,1.13976216,0.4500,false
V4T002657,24.801509,-49.621430,BGS,1.61661204,0.4500,false
V4T002658,46.726231,-42.012677,LRG,0.30510108,1.0000,false
V4T002659,29.310066,-39.511459,LRG,0.28157437,1.0000,false
V4T002660,358.074625,-18.897309,QSO,0.29872459,1.7000,false
V4T002661,53.838500,-46.576063,ELG,0.61720683,1.0000,false
V4T002662,30.593365,-34.235455,ELG,0.68224530,1.0000,false
V4T002663,43.420623,-42.625590,QSO,0.17275147,1.7000,false
V4T002664,27.681229,-41.036974,ELG,0.27324222,1.0000,false
V4T002665,343.465783,-23.374293,LRG,0.24227596,1.0000,false
V4T002666,351.755870,-19.277205,LRG,0.45684675,1.0000,false
V4T002667,45.354585,-59.370322,BGS,0.96362495,0.4500,false
V4T002668,42.518268,-47.605158,LRG,0.28890398,1.0000,false
V4T002669,54.795429,-50.104301,QSO,0.47254685,1.7000,false
V4T002670,18.594363,-54.089715,ELG,0.59472567,1.0000,false
V4T002671,344.140359,-25.096822,ELG,0.40454436,1.0000,false
V4T002672,353.214371,-17.558178,BGS,1.13553557,0.4500,false
V4T002673,356.101550,-38.357824,ELG,0.57130807,1.0000,false
V4T002674,23.219147,-36.248379,ELG,1.27960478,1.0000,false
V4T002675,15.791627,-47.282839,Star,3.42206515,0.3000,false
V4T002676,348.647674,-18.945577,ELG,0.32411720,1.0000,false
V4T002677,3.792951,-28.488413,ELG,0.28050693,1.0000,false
V4T002678,39.639622,-37.868237,ELG,1.28227536,1.0000,true
V4T002679,357.375926,-19.608504,ELG,0.39972623,1.0000,false
V4T002680,355.779101,-39.582890,LRG,0.60275859,1.0000,false
V4T002681,37.775662,-56.531875,BGS,1.20239424,0.4500,false
V4T002682,52.750712,-49.286682,QSO,0.22185809,1.7000,false
V4T002683,51.469964,-51.450478,BGS,0.99894124,0.4500,false
V4T002684,42.263893,-36.286694,BGS,0.68808673,0.4500,false
V4T002685,346.517710,-30.717409,ELG,0.56226769,1.0000,false
V4T002686,344.718581,-17.585399,ELG,0.56846110,1.0000,true
V4T002687,346.422216,-30.325961,ELG,0.53196005,1.0000,false
V4T002688,355.953476,-28.416377,ELG,0.45646895,1.0000,false
V4T002689,351.684850,-16.064561,ELG,0.54892599,1.0000,false
V4T002690,23.185626,-36.882449,BGS,0.82676307,0.4500,false
V4T002691,23.492200,-38.967843,QSO,0.25704456,1.7000,false
V4T002692,50.115962,-58.773694,BGS,1.45389722,0.4500,false
V4T002693,343.601411,-39.003039,LRG,0.40373108,1.0000,false
V4T002694,355.412211,-29.175275,ELG,0.66868386,1.0000,false
V4T002695,358.480919,-37.658731,QSO,0.20533804,1.7000,false
V4T002696,0.896718,-20.127955,ELG,0.33871311,1.0000,false
V4T002697,348.988972,-40.018235,LRG,0.44895762,1.0000,true
V4T002698,352.481583,-17.524414,LRG,0.40185267,1.0000,false
V4T002699,47.844582,-40.752354,ELG,1.32127317,1.0000,false
V4T002700,31.728058,-52.077244,LRG,0.29722993,1.0000,false
V4T002701,24.080510,-36.825989,ELG,0.37601982,1.0000,false
V4T002702,24.713419,-43.819167,LRG,0.24066623,1.0000,false
V4T002703,54.632127,-56.323269,LRG,0.30000531,1.0000,false
V4T002704,340.822669,-29.847811,ELG,0.93204270,1.0000,false
V4T002705,346.005741,-30.695546,BGS,1.61965524,0.4500,false
V4T002706,339.184137,-36.498919,ELG,0.57895956,1.0000,false
V4T002707,353.560843,-14.401467,BGS,1.80263914,0.4500,false
V4T002708,343.621264,-25.386627,LRG,0.37679695,1.0000,false
V4T002709,349.213959,-24.135589,QSO,0.19072178,1.7000,false
V4T002710,357.396721,-26.781376,ELG,0.37074560,1.0000,false
V4T002711,355.994534,-19.118749,BGS,0.97898405,0.4500,false
V4T002712,352.354479,-18.281358,BGS,0.76410994,0.4500,false
V4T002713,351.375447,-18.004031,BGS,1.44250150,0.4500,false
V4T002714,358.763374,-23.178600,Star,3.20044618,0.3000,false
V4T002715,27.246595,-43.878645,BGS,1.27826642,0.4500,false
V4T002716,34.935669,-54.081665,Star,4.18727334,0.3000,false
V4T002717,42.349507,-56.927575,QSO,0.29417516,1.7000,false
V4T002718,22.476570,-59.330329,QSO,0.13588224,1.7000,false
V4T002719,16.555107,-48.055095,ELG,0.50314655,1.0000,false
V4T002720,346.406890,-30.384630,BGS,1.09215701,0.4500,false
V4T002721,357.013969,-25.572282,ELG,0.44996797,1.0000,false
V4T002722,56.578150,-48.371641,ELG,0.46122126,1.0000,false
V4T002723,50.679091,-59.877655,LRG,0.21260433,1.0000,false
V4T002724,1.415201,-27.896876,LRG,0.40957946,1.0000,false
V4T002725,350.955072,-33.124967,ELG,0.80696026,1.0000,false
V4T002726,49.409756,-46.368126,BGS,1.26520978,0.4500,false
V4T002727,46.958525,-59.870471,ELG,0.66986342,1.0000,false
V4T002728,15.158443,-48.964484,BGS,1.40976172,0.4500,false
V4T002729,20.923051,-46.625644,ELG,0.84757512,1.0000,false
V4T002730,23.165237,-43.861451,ELG,0.27125047,1.0000,false
V4T002731,37.813962,-34.990373,BGS,0.95546567,0.4500,false
V4T002732,48.204194,-46.172549,BGS,1.11994627,0.4500,false
V4T002733,353.563411,-16.617663,LRG,0.25776167,1.0000,false
V4T002734,44.613037,-56.529901,LRG,0.36361974,1.0000,false
V4T002735,40.124075,-42.255288,QSO,0.08323110,1.7000,false
V4T002736,351.777565,-24.752321,ELG,0.73958147,1.0000,false
V4T002737,1.913868,-28.014790,ELG,0.90418735,1.0000,false
V4T002738,353.219873,-34.222846,LRG,0.43797820,1.0000,false
V4T002739,40.400604,-56.779682,QSO,0.28260634,1.7000,false
V4T002740,342.446997,-24.998737,BGS,0.90640893,0.4500,false
V4T002741,352.448151,-18.448176,BGS,1.03061474,0.4500,false
V4T002742,43.040241,-49.190030,QSO,0.24334400,1.7000,false
V4T002743,359.143647,-18.765108,BGS,0.91968134,0.4500,false
V4T002744,355.951399,-27.039151,BGS,1.23434526,0.4500,false
V4T002745,1.036993,-27.422486,ELG,0.87952784,1.0000,false
V4T002746,357.229950,-27.228028,LRG,0.24415336,1.0000,false
V4T002747,353.729754,-20.419662,ELG,0.54285705,1.0000,false
V4T002748,47.347168,-41.562151,BGS,0.90969290,0.4500,false
V4T002749,344.710488,-33.946608,ELG,0.53675894,1.0000,false
V4T002750,345.824207,-30.526805,QSO,0.40741653,1.7000,false
V4T002751,349.638213,-23.625580,Star,2.96248373,0.3000,false
V4T002752,45.453365,-42.092807,ELG,0.46442602,1.0000,false
V4T002753,356.794817,-25.919049,ELG,0.35142214,1.0000,false
V4T002754,342.901689,-19.940059,ELG,0.66528456,1.0000,false
V4T002755,55.779655,-47.976734,ELG,0.60398326,1.0000,false
V4T002756,344.084993,-30.576626,ELG,0.58766942,1.0000,false
V4T002757,37.751193,-49.422988,LRG,0.24870926,1.0000,false
V4T002758,338.001705,-31.273795,LRG,0.46095777,1.0000,false
V4T002759,1.187445,-32.829182,QSO,0.15412827,1.7000,false
V4T002760,41.207571,-48.113840,QSO,0.14526979,1.7000,false
V4T002761,351.645899,-40.431683,ELG,0.61332999,1.0000,false
V4T002762,44.915129,-38.684928,BGS,1.08232376,0.4500,false
V4T002763,2.107537,-28.429689,LRG,0.38563436,1.0000,false
V4T002764,55.724641,-51.115970,ELG,1.51413607,1.0000,false
V4T002765,338.753697,-32.025777,QSO,0.23854535,1.7000,false
V4T002766,2.993750,-32.330080,Star,5.37171167,0.3000,true
V4T002767,343.124898,-24.885605,BGS,1.09863678,0.4500,false
V4T002768,338.533362,-27.051073,ELG,0.52073137,1.0000,false
V4T002769,15.425447,-44.561209,ELG,0.43376990,1.0000,false
V4T002770,358.066557,-17.707050,BGS,0.85032685,0.4500,false
V4T002771,43.503822,-47.076080,LRG,0.27464724,1.0000,false
V4T002772,345.306845,-27.462001,ELG,0.56069303,1.0000,false
V4T002773,40.297068,-56.935505,ELG,0.51039150,1.0000,false
V4T002774,50.612409,-51.104896,ELG,0.43011919,1.0000,false
V4T002775,27.255175,-58.400690,Star,6.01268912,0.3000,false
V4T002776,54.891137,-51.568262,BGS,0.87938452,0.4500,false
V4T002777,31.606181,-47.322451,QSO,0.06038775,1.7000,false
V4T002778,38.852319,-40.259709,LRG,0.49239956,1.0000,false
V4T002779,33.858790,-54.392865,ELG,0.49765648,1.0000,false
V4T002780,335.882150,-31.666621,BGS,1.14603537,0.4500,true
V4T002781,38.182802,-39.568120,ELG,0.45430383,1.0000,false
V4T002782,45.063806,-38.759035,Star,3.52267513,0.3000,false
V4T002783,43.367328,-59.545690,BGS,0.75103659,0.4500,false
V4T002784,350.714926,-34.737372,ELG,0.22667344,1.0000,false
V4T002785,352.945237,-17.770919,ELG,0.54919649,1.0000,false
V4T002786,358.516714,-29.389768,BGS,1.80928161,0.4500,false
V4T002787,37.575206,-49.400905,ELG,0.46582021,1.0000,false
V4T002788,38.774776,-49.572393,QSO,0.14664752,1.7000,false
V4T002789,31.236747,-33.389667,BGS,1.10189840,0.4500,false
V4T002790,340.802708,-20.563395,LRG,0.29920644,1.0000,false
V4T002791,346.835815,-29.006782,LRG,0.29497371,1.0000,false
V4T002792,30.261283,-41.375358,QSO,0.18191590,1.7000,false
V4T002793,54.371596,-50.833103,BGS,1.81968481,0.4500,false
V4T002794,37.576456,-56.535569,BGS,1.37336773,0.4500,false
V4T002795,26.043083,-48.891572,ELG,0.50961051,1.0000,false
V4T002796,51.032233,-46.898084,Star,3.37617531,0.3000,false
V4T002797,343.908595,-25.489180,BGS,2.17450749,0.4500,false
V4T002798,2.342374,-28.794380,ELG,0.69986884,1.0000,false
V4T002799,346.899822,-26.262572,ELG,0.94624183,1.0000,false
V4T002800,357.912983,-26.602608,Star,2.77732257,0.3000,false
V4T002801,0.371428,-23.071059,BGS,1.47838060,0.4500,false
V4T002802,2.729031,-28.539244,LRG,0.19509906,1.0000,false
V4T002803,36.815734,-39.589727,LRG,0.52333454,1.0000,false
V4T002804,346.031463,-30.694783,ELG,0.93823248,1.0000,false
V4T002805,356.077592,-20.275941,ELG,0.51991852,1.0000,true
V4T002806,342.252887,-24.870660,ELG,0.33358852,1.0000,false
V4T002807,42.787142,-44.732894,QSO,0.21176611,1.7000,false
V4T002808,30.687335,-34.312679,ELG,1.17802589,1.0000,true
V4T002809,351.690978,-18.798202,ELG,0.49102345,1.0000,true
V4T002810,357.360712,-26.427924,ELG,0.83618275,1.0000,false
V4T002811,45.033891,-38.848716,QSO,0.16703839,1.7000,false
V4T002812,39.132286,-35.753863,BGS,1.09619520,0.4500,false
V4T002813,351.975283,-18.646132,ELG,0.53931356,1.0000,false
V4T002814,338.620398,-31.087131,ELG,0.38903022,1.0000,false
V4T002815,39.716074,-50.966668,LRG,0.49127378,1.0000,false
V4T002816,45.747276,-52.928535,LRG,0.28511322,1.0000,false
V4T002817,37.720924,-49.658913,ELG,0.38554117,1.0000,false
V4T002818,2.839173,-28.642736,ELG,0.77487532,1.0000,false
V4T002819,343.085662,-24.003301,ELG,0.39305476,1.0000,false
V4T002820,50.583417,-49.557409,QSO,0.16882886,1.7000,false
V4T002821,52.522705,-51.427307,ELG,0.98692226,1.0000,false
V4T002822,54.974774,-52.250193,QSO,0.22837543,1.7000,false
V4T002823,45.334099,-53.894283,QSO,0.08772343,1.7000,false
V4T002824,55.341921,-50.160881,BGS,1.26014604,0.4500,false
V4T002825,38.138025,-56.113085,QSO,0.09909118,1.7000,false
V4T002826,350.535695,-22.020715,QSO,0.11771898,1.7000,false
V4T002827,36.672884,-43.451978,BGS,0.98262025,0.4500,false
V4T002828,355.656629,-28.162751,ELG,0.86872614,1.0000,false
V4T002829,357.489326,-25.761694,ELG,0.58541119,1.0000,false
V4T002830,343.255323,-25.010855,LRG,0.27614770,1.0000,false
V4T002831,53.174461,-57.575710,BGS,1.81971784,0.4500,false
V4T002832,0.767756,-31.380030,ELG,0.35512844,1.0000,false
V4T002833,28.459545,-51.016954,BGS,0.91128210,0.4500,false
V4T002834,357.941495,-25.935628,Star,3.29905572,0.3000,false
V4T002835,27.895405,-43.098643,Star,4.89352345,0.3000,false
V4T002836,40.538874,-39.482729,ELG,0.49850418,1.0000,false
V4T002837,0.146912,-25.074679,QSO,0.17769893,1.7000,false
V4T002838,22.137960,-51.190929,BGS,0.96228695,0.4500,false
V4T002839,24.313081,-37.454267,BGS,1.21081342,0.4500,false
V4T002840,18.980213,-47.708368,ELG,0.42449665,1.0000,false
V4T002841,346.115036,-30.358836,ELG,0.39835229,1.0000,false
V4T002842,343.481449,-24.889987,BGS,1.64094116,0.4500,false
V4T002843,46.990628,-41.890289,ELG,0.91942771,1.0000,false
V4T002844,345.891966,-31.383033,LRG,0.45927728,1.0000,false
V4T002845,18.083224,-55.157229,Star,3.70005923,0.3000,false
V4T002846,351.313148,-17.189811,ELG,0.43094882,1.0000,false
V4T002847,350.843127,-28.326345,LRG,0.24895017,1.0000,false
V4T002848,342.062677,-25.013442,ELG,0.24417018,1.0000,false
V4T002849,354.828660,-32.793153,BGS,1.42140923,0.4500,false
V4T002850,54.511431,-53.092311,ELG,0.51460072,1.0000,false
V4T002851,345.720796,-30.527211,ELG,0.52298529,1.0000,false
V4T002852,355.722677,-19.698429,ELG,0.72979808,1.0000,false
V4T002853,47.509077,-54.945181,LRG,0.43648223,1.0000,false
V4T002854,26.644966,-47.345413,BGS,1.06776549,0.4500,false
V4T002855,357.658930,-38.687611,LRG,0.23952265,1.0000,false
V4T002856,55.280651,-49.226070,ELG,0.51059005,1.0000,false
V4T002857,45.276111,-39.921755,ELG,1.15059962,1.0000,false
V4T002858,55.327728,-50.608219,ELG,0.60722464,1.0000,false
V4T002859,46.560264,-41.826486,ELG,0.95066543,1.0000,false
V4T002860,355.545759,-34.075808,ELG,0.31622141,1.0000,false
V4T002861,33.378609,-60.116073,ELG,0.42355260,1.0000,true
V4T002862,1.253804,-35.671223,ELG,0.60317892,1.0000,false
V4T002863,345.026954,-35.203982,BGS,0.92723455,0.4500,false
V4T002864,347.846195,-19.668472,BGS,1.30179327,0.4500,false
V4T002865,15.905402,-53.257939,LRG,0.53853557,1.0000,false
V4T002866,351.481603,-17.960888,ELG,0.31370836,1.0000,false
V4T002867,42.169366,-40.027606,ELG,0.59083105,1.0000,false
V4T002868,356.096812,-24.062827,QSO,0.25580715,1.7000,false
V4T002869,32.153046,-36.657347,ELG,1.14584725,1.0000,false
V4T002870,349.002806,-20.482818,BGS,0.94328856,0.4500,false
V4T002871,16.870795,-43.018928,ELG,0.66400802,1.0000,false
V4T002872,349.941224,-19.365066,BGS,0.85245696,0.4500,false
V4T002873,38.838791,-44.181645,LRG,0.30354676,1.0000,false
V4T002874,346.424018,-18.451997,LRG,0.61576306,1.0000,false
V4T002875,20.071800,-43.882298,BGS,0.74900437,0.4500,false
V4T002876,1.672215,-34.543841,BGS,0.93613109,0.4500,false
V4T002877,43.368909,-38.734817,LRG,0.24252747,1.0000,false
V4T002878,342.559367,-25.253352,QSO,0.14056151,1.7000,false
V4T002879,358.997700,-37.963902,ELG,0.57732497,1.0000,false
V4T002880,29.601373,-49.867139,BGS,1.24666647,0.4500,false
V4T002881,34.160422,-54.807833,ELG,0.58691134,1.0000,false
V4T002882,346.109122,-30.291226,ELG,0.89481138,1.0000,false
V4T002883,40.280900,-41.037333,LRG,0.39728279,1.0000,false
V4T002884,354.963809,-33.707730,ELG,0.83707308,1.0000,false
V4T002885,349.740891,-28.603261,BGS,1.32257577,0.4500,true
V4T002886,35.623443,-53.552894,QSO,0.16090383,1.7000,false
V4T002887,1.706612,-35.320027,ELG,0.42567714,1.0000,false
V4T002888,344.979438,-32.389593,ELG,0.47294917,1.0000,false
V4T002889,337.645050,-25.277185,ELG,1.20411833,1.0000,false
V4T002890,39.656502,-55.924425,ELG,0.97207800,1.0000,false
V4T002891,352.344175,-18.382129,QSO,0.15879163,1.7000,false
V4T002892,29.884974,-51.784670,BGS,1.11532197,0.4500,false
V4T002893,42.491987,-37.933366,BGS,1.28196433,0.4500,false
V4T002894,351.832292,-21.350729,BGS,1.57751223,0.4500,false
V4T002895,346.854560,-22.035657,ELG,0.55799073,1.0000,false
V4T002896,357.104652,-19.985498,BGS,0.99410635,0.4500,false
V4T002897,359.026687,-32.376410,BGS,1.22644851,0.4500,false
V4T002898,37.651077,-61.317339,LRG,0.49608331,1.0000,true
V4T002899,36.903532,-44.220788,QSO,0.18756690,1.7000,false
V4T002900,351.564457,-29.427400,LRG,0.42350199,1.0000,false
V4T002901,352.062481,-17.339322,ELG,0.38145233,1.0000,false
V4T002902,354.493163,-26.587355,BGS,1.46223236,0.4500,false
V4T002903,31.346499,-37.763794,BGS,1.19960541,0.4500,false
V4T002904,338.768408,-30.628972,LRG,0.15021468,1.0000,false
V4T002905,20.396691,-50.885597,ELG,0.58366540,1.0000,false
V4T002906,350.464580,-16.868152,Star,7.80766429,0.3000,false
V4T002907,55.270297,-51.336926,ELG,0.56073779,1.0000,false
V4T002908,26.745418,-39.074392,LRG,0.39496858,1.0000,false
V4T002909,38.101737,-50.860599,ELG,0.72193552,1.0000,false
V4T002910,335.915565,-29.188005,ELG,0.54089837,1.0000,false
V4T002911,352.905150,-23.350202,ELG,0.50915290,1.0000,false
V4T002912,37.100119,-49.329819,ELG,0.61896153,1.0000,false
V4T002913,38.489184,-39.622501,QSO,0.14404744,1.7000,false
V4T002914,48.570484,-53.317203,ELG,0.46169940,1.0000,false
V4T002915,31.936174,-58.927061,ELG,0.96572666,1.0000,false
V4T002916,354.015775,-22.317819,ELG,0.38167033,1.0000,false
V4T002917,343.962949,-25.174581,ELG,1.05366487,1.0000,false
V4T002918,38.990821,-49.320963,ELG,0.22007765,1.0000,false
V4T002919,42.557126,-43.733668,BGS,1.27157031,0.4500,false
V4T002920,0.684951,-28.653372,ELG,0.27488113,1.0000,false
V4T002921,343.395897,-25.539229,LRG,0.36021785,1.0000,false
V4T002922,32.382058,-46.581442,ELG,0.55407273,1.0000,false
V4T002923,1.241830,-36.572534,LRG,0.52544944,1.0000,false
V4T002924,54.966382,-49.657709,BGS,1.31443127,0.4500,false
V4T002925,35.172521,-50.411275,QSO,0.35441800,1.7000,false
V4T002926,42.062587,-43.521734,QSO,0.19988965,1.7000,false
V4T002927,343.015666,-29.971472,BGS,1.44329346,0.4500,false
V4T002928,22.633698,-40.704405,QSO,0.12516770,1.7000,false
V4T002929,350.309695,-33.804358,BGS,1.14939822,0.4500,true
V4T002930,18.121593,-51.175436,ELG,0.38823262,1.0000,false
V4T002931,345.594067,-30.047527,Star,5.03505142,0.3000,false
V4T002932,356.491964,-27.287429,ELG,0.75883121,1.0000,false
V4T002933,46.966418,-47.536069,QSO,0.24824180,1.7000,false
V4T002934,35.752775,-51.284771,LRG,0.44630490,1.0000,false
V4T002935,357.448885,-26.865651,Star,3.14435900,0.3000,false
V4T002936,43.074029,-44.062782,QSO,0.08139756,1.7000,false
V4T002937,355.760699,-27.971776,ELG,0.46557757,1.0000,false
V4T002938,41.534082,-55.892416,ELG,0.73460952,1.0000,false
V4T002939,46.894245,-41.472217,BGS,1.26625239,0.4500,false
V4T002940,342.334700,-34.736834,BGS,1.11043505,0.4500,false
V4T002941,21.481905,-45.824573,BGS,1.33110181,0.4500,false
V4T002942,351.745568,-21.549864,Star,4.04321263,0.3000,false
V4T002943,343.144339,-36.696948,LRG,0.58062239,1.0000,false
V4T002944,46.742146,-45.203540,ELG,0.43044103,1.0000,false
V4T002945,28.899630,-46.504457,LRG,0.29889937,1.0000,false
V4T002946,356.689565,-24.826037,ELG,0.51425754,1.0000,false
V4T002947,350.723744,-18.093194,BGS,1.06919478,0.4500,false
V4T002948,18.984225,-40.147027,LRG,0.37087603,1.0000,false
V4T002949,48.636885,-57.532100,ELG,0.32152055,1.0000,false
V4T002950,349.463448,-27.634170,ELG,0.47539637,1.0000,false
V4T002951,2.419619,-28.494567,BGS,1.70681738,0.4500,false
V4T002952,50.407663,-48.416281,ELG,0.51827381,1.0000,false
V4T002953,341.791262,-20.426022,LRG,0.28612663,1.0000,false
V4T002954,35.332211,-49.077012,ELG,0.69194556,1.0000,false
V4T002955,35.773926,-36.188894,ELG,0.78839097,1.0000,false
V4T002956,34.226378,-35.747191,ELG,0.50693836,1.0000,false
V4T002957,351.170290,-22.050848,LRG,0.64677213,1.0000,false
V4T002958,45.177187,-38.936144,Star,3.32167285,0.3000,false
V4T002959,27.628146,-43.022891,BGS,1.09757925,0.4500,false
V4T002960,352.910725,-17.018143,BGS,1.31304579,0.4500,true
V4T002961,347.557127,-35.881707,BGS,1.09576109,0.4500,false
V4T002962,37.652715,-43.301517,QSO,0.19812695,1.7000,false
V4T002963,35.767960,-40.484531,BGS,1.42517081,0.4500,false
V4T002964,32.009226,-52.740200,Star,4.13304229,0.3000,false
V4T002965,45.488867,-39.243948,ELG,0.66562790,1.0000,false
V4T002966,29.199680,-37.979756,LRG,0.52882590,1.0000,false
V4T002967,46.971139,-41.991459,BGS,1.26441384,0.4500,false
V4T002968,33.544135,-46.762397,BGS,1.44320192,0.4500,false
V4T002969,38.028240,-47.720632,ELG,0.50182687,1.0000,false
V4T002970,357.887722,-24.630141,QSO,0.14719807,1.7000,false
V4T002971,343.880752,-35.179109,Star,4.50215365,0.3000,false
V4T002972,26.737633,-46.184487,ELG,0.58619509,1.0000,false
V4T002973,351.830472,-19.494768,LRG,0.24233102,1.0000,false
V4T002974,356.880064,-27.550208,BGS,1.61207858,0.4500,false
V4T002975,45.661763,-39.196237,BGS,1.72708546,0.4500,false
V4T002976,20.211326,-42.955003,LRG,0.25054937,1.0000,false
V4T002977,31.789808,-37.828799,QSO,0.19492127,1.7000,false
V4T002978,41.967700,-48.484406,BGS,0.96025476,0.4500,false
V4T002979,343.983082,-23.890326,BGS,1.10718474,0.4500,false
V4T002980,357.314807,-22.515757,ELG,0.46385127,1.0000,false
V4T002981,355.110414,-35.951465,QSO,0.14889127,1.7000,false
V4T002982,20.685091,-43.685553,BGS,1.13751568,0.4500,false
V4T002983,32.356482,-42.134611,BGS,1.05581295,0.4500,false
V4T002984,350.138943,-16.583037,ELG,0.45907332,1.0000,false
V4T002985,17.501225,-51.417637,BGS,0.89936067,0.4500,false
V4T002986,1.325664,-20.284218,QSO,0.14046917,1.7000,false
V4T002987,18.250819,-51.571656,LRG,0.31602998,1.0000,false
V4T002988,54.416360,-51.399233,ELG,0.54842350,1.0000,false
V4T002989,38.231276,-50.584987,ELG,0.48501831,1.0000,false
V4T002990,22.201559,-44.347830,LRG,0.38558454,1.0000,false
V4T002991,343.756727,-25.139538,ELG,0.74456370,1.0000,false
V4T002992,348.266462,-22.660298,BGS,0.88540445,0.4500,true
V4T002993,20.403140,-39.759074,ELG,0.83028513,1.0000,false
V4T002994,343.281937,-27.013351,ELG,0.77954141,1.0000,false
V4T002995,352.993462,-16.772854,ELG,0.79656640,1.0000,false
V4T002996,1.604871,-28.974543,BGS,1.32085097,0.4500,false
V4T002997,40.977938,-41.869479,ELG,0.49191081,1.0000,false
V4T002998,47.795427,-41.386262,ELG,0.38809048,1.0000,false
V4T002999,23.910922,-59.222850,LRG,0.32821847,1.0000,false
V4T003000,38.455123,-43.706979,BGS,1.67332318,0.4500,false
V4T003001,356.963189,-24.991017,LRG,0.38612340,1.0000,false
V4T003002,353.984898,-16.768650,ELG,0.98706142,1.0000,false
V4T003003,28.909859,-58.200793,QSO,0.15125393,1.7000,false
V4T003004,40.051133,-39.133129,ELG,0.62017059,1.0000,false
V4T003005,47.060959,-57.552568,ELG,0.71596340,1.0000,false
V4T003006,46.116952,-55.525565,ELG,1.00826686,1.0000,false
V4T003007,1.577365,-34.996005,ELG,0.58201653,1.0000,false
V4T003008,44.367958,-37.724788,ELG,0.72477339,1.0000,false
V4T003009,346.107258,-20.582954,Star,4.05365264,0.3000,false
V4T003010,352.828665,-16.929086,QSO,0.12470539,1.7000,false
V4T003011,17.806284,-46.569225,ELG,0.37774209,1.0000,false
V4T003012,355.902146,-19.676562,LRG,0.22873574,1.0000,false
V4T003013,344.110934,-22.122136,ELG,0.90987981,1.0000,false
V4T003014,47.989339,-41.639904,LRG,0.21969205,1.0000,false
V4T003015,352.854841,-17.823858,ELG,0.84134084,1.0000,false
V4T003016,45.358434,-39.982745,BGS,0.84303399,0.4500,false
V4T003017,33.987519,-57.367057,BGS,2.38156849,0.4500,false
V4T003018,351.951761,-17.105537,ELG,0.86276203,1.0000,false
V4T003019,2.025933,-21.862203,ELG,0.41471214,1.0000,false
V4T003020,41.578210,-57.423476,BGS,1.21321651,0.4500,false
V4T003021,43.067494,-43.497260,QSO,0.17226577,1.7000,false
V4T003022,345.692999,-27.896731,QSO,0.39386732,1.7000,false
V4T003023,348.283740,-36.430392,BGS,0.85386885,0.4500,false
V4T003024,18.557972,-55.677078,ELG,0.86570886,1.0000,false
V4T003025,28.063244,-43.989399,QSO,0.26274771,1.7000,false
V4T003026,25.045245,-41.804361,ELG,0.46492955,1.0000,false
V4T003027,356.645746,-28.178593,Star,3.04892581,0.3000,false
V4T003028,341.516808,-37.767066,LRG,0.34877807,1.0000,false
V4T003029,346.211569,-30.925379,ELG,0.48476991,1.0000,false
V4T003030,356.481723,-19.545527,BGS,1.34894569,0.4500,false
V4T003031,0.533071,-32.885175,LRG,0.33735333,1.0000,false
V4T003032,37.917673,-50.946399,BGS,0.61640289,0.4500,false
V4T003033,53.792268,-50.911539,BGS,3.24119056,0.4500,false
V4T003034,32.162327,-35.811044,BGS,1.56213217,0.4500,false
V4T003035,50.642241,-51.711900,LRG,0.32198040,1.0000,false
V4T003036,55.580751,-48.910489,Star,2.75500263,0.3000,false
V4T003037,356.020778,-16.647989,BGS,1.36091971,0.4500,false
V4T003038,23.134237,-49.724897,ELG,0.39411139,1.0000,false
V4T003039,38.039564,-37.048783,LRG,0.55278884,1.0000,false
V4T003040,15.686307,-45.698309,ELG,0.47581143,1.0000,false
V4T003041,28.124834,-36.462405,BGS,1.22957696,0.4500,false
V4T003042,351.991951,-17.887606,QSO,0.23321482,1.7000,false
V4T003043,342.753518,-25.763537,ELG,0.52847484,1.0000,false
V4T003044,350.673999,-37.845510,ELG,0.67522325,1.0000,false
V4T003045,342.310865,-24.188985,ELG,0.92243213,1.0000,false
V4T003046,23.322544,-56.487710,BGS,1.22241558,0.4500,false
V4T003047,354.003831,-22.539189,LRG,0.46817316,1.0000,false
V4T003048,0.417227,-23.191602,LRG,0.64850967,1.0000,false
V4T003049,21.711994,-41.340564,ELG,0.47354426,1.0000,false
V4T003050,52.005659,-55.304230,BGS,1.48640093,0.4500,false
V4T003051,45.378186,-39.132249,LRG,0.41460525,1.0000,false
V4T003052,31.400456,-45.767962,ELG,0.44715113,1.0000,false
V4T003053,355.828658,-31.143552,ELG,0.31406674,1.0000,true
V4T003054,351.454722,-18.071894,Star,4.39778793,0.3000,false
V4T003055,31.269775,-46.986437,ELG,0.75175534,1.0000,false
V4T003056,358.159944,-19.505569,ELG,0.81485784,1.0000,false
V4T003057,352.484310,-17.302019,LRG,0.42081557,1.0000,true
V4T003058,352.749940,-18.183175,BGS,0.92249859,0.4500,false
V4T003059,339.003267,-23.780595,BGS,1.17989469,0.4500,false
V4T003060,56.536883,-49.754804,ELG,0.53443262,1.0000,false
V4T003061,32.671852,-41.019774,QSO,0.13816393,1.7000,false
V4T003062,352.923928,-17.138297,BGS,1.18252263,0.4500,false
V4T003063,358.803032,-26.191049,QSO,0.22383761,1.7000,false
V4T003064,26.533145,-37.317636,QSO,0.10903713,1.7000,false
V4T003065,18.742570,-45.811747,ELG,0.47578720,1.0000,false
V4T003066,41.039950,-58.278828,LRG,0.41837777,1.0000,false
V4T003067,38.878633,-48.543025,LRG,0.37652812,1.0000,false
V4T003068,355.702657,-25.708890,QSO,0.11931166,1.7000,false
V4T003069,26.367226,-51.527008,LRG,0.25523116,1.0000,false
V4T003070,54.560251,-51.257328,BGS,2.03360756,0.4500,false
V4T003071,353.405324,-17.245648,QSO,0.22454306,1.7000,false
V4T003072,52.168179,-47.054950,Star,3.47803915,0.3000,true
V4T003073,46.024610,-40.155387,BGS,2.20066149,0.4500,false
V4T003074,29.698137,-53.054612,QSO,0.16740968,1.7000,false
V4T003075,339.934843,-33.093090,ELG,0.90724918,1.0000,false
V4T003076,51.060704,-43.842923,LRG,0.24491143,1.0000,false
V4T003077,46.010090,-59.022482,ELG,0.65367475,1.0000,false
V4T003078,337.927381,-25.624269,BGS,0.95666425,0.4500,false
V4T003079,358.039451,-38.247323,BGS,1.06958269,0.4500,false
V4T003080,345.326615,-30.090703,ELG,0.66658256,1.0000,false
V4T003081,351.606683,-24.527353,BGS,1.68514049,0.4500,false
V4T003082,349.005347,-22.997293,ELG,0.28758242,1.0000,false
V4T003083,351.853505,-19.450690,ELG,1.23481141,1.0000,false
V4T003084,55.131264,-51.108575,BGS,0.62542360,0.4500,false
V4T003085,358.782601,-22.918695,QSO,0.10837166,1.7000,false
V4T003086,343.235549,-25.018969,QSO,0.19107927,1.7000,false
V4T003087,41.101244,-56.752424,ELG,0.42180529,1.0000,false
V4T003088,54.335782,-55.609415,ELG,0.15887807,1.0000,false
V4T003089,349.140380,-36.421031,ELG,1.55259861,1.0000,false
V4T003090,17.776036,-46.001796,Star,4.12575808,0.3000,false
V4T003091,45.417007,-39.538526,BGS,0.97994059,0.4500,false
V4T003092,344.609854,-22.871627,Star,3.27998861,0.3000,false
V4T003093,351.315159,-32.037216,BGS,0.97025731,0.4500,false
V4T003094,20.737400,-43.840587,BGS,1.21167296,0.4500,false
V4T003095,34.201039,-41.418784,QSO,0.36474233,1.7000,false
V4T003096,40.981737,-56.416693,ELG,1.12178935,1.0000,false
V4T003097,46.023159,-51.054922,BGS,0.97061239,0.4500,false
V4T003098,342.353998,-26.463653,ELG,0.39678543,1.0000,false
V4T003099,24.637979,-58.288201,Star,3.33208450,0.3000,false
V4T003100,54.980996,-51.345597,BGS,1.55937066,0.4500,false
V4T003101,55.167179,-57.118469,BGS,1.10553513,0.4500,false
V4T003102,42.343460,-36.749743,ELG,0.43659887,1.0000,false
V4T003103,29.759671,-38.389603,LRG,0.54651901,1.0000,false
V4T003104,46.182887,-56.324519,QSO,0.24255972,1.7000,false
V4T003105,355.821568,-35.510069,BGS,2.75281190,0.4500,false
V4T003106,34.735545,-39.820667,LRG,0.28231330,1.0000,false
V4T003107,38.097668,-50.057253,BGS,1.48005493,0.4500,false
V4T003108,26.866510,-42.665022,LRG,0.30326713,1.0000,false
V4T003109,355.545987,-19.279275,BGS,1.35082174,0.4500,false
V4T003110,348.409490,-17.729730,BGS,1.44894238,0.4500,false
V4T003111,47.531938,-42.188598,BGS,2.00212330,0.4500,false
V4T003112,32.886407,-48.123952,LRG,0.25091131,1.0000,false
V4T003113,350.085020,-19.236077,LRG,0.30380565,1.0000,false
V4T003114,357.465903,-17.342041,ELG,0.79206694,1.0000,false
V4T003115,340.153196,-26.693320,ELG,0.63129612,1.0000,false
V4T003116,352.674668,-17.396157,ELG,0.63067221,1.0000,false
V4T003117,39.861061,-54.114821,ELG,0.75561176,1.0000,false
V4T003118,18.424114,-52.563712,BGS,1.41958413,0.4500,false
V4T003119,41.662766,-47.512160,QSO,0.13770784,1.7000,false
V4T003120,340.742314,-25.280162,LRG,0.34498238,1.0000,false
V4T003121,41.716961,-56.845723,ELG,0.30005876,1.0000,false
V4T003122,345.279725,-38.090139,BGS,1.37916139,0.4500,false
V4T003123,32.729262,-54.365277,ELG,0.92577692,1.0000,false
V4T003124,49.781279,-46.609785,ELG,0.36939375,1.0000,false
V4T003125,343.660287,-23.196505,ELG,0.63212367,1.0000,false
V4T003126,351.913139,-18.183002,ELG,0.52065517,1.0000,false
V4T003127,352.234846,-18.204776,QSO,0.20567487,1.7000,false
V4T003128,346.080635,-23.448803,ELG,0.59426792,1.0000,false
V4T003129,354.758414,-20.228845,BGS,1.06083275,0.4500,false
V4T003130,346.603833,-29.346634,BGS,1.57136162,0.4500,false
V4T003131,357.837114,-36.352041,LRG,0.17177724,1.0000,false
V4T003132,48.516404,-41.290429,LRG,0.30470752,1.0000,false
V4T003133,3.579502,-26.754054,QSO,0.24332079,1.7000,false
V4T003134,34.506194,-47.798208,ELG,0.78058867,1.0000,false
V4T003135,355.944831,-20.070972,ELG,0.36909078,1.0000,false
V4T003136,341.259299,-26.433201,LRG,0.23116950,1.0000,false
V4T003137,35.036060,-34.778293,BGS,1.14687638,0.4500,false
V4T003138,19.037307,-42.213391,QSO,0.20781809,1.7000,false
V4T003139,356.342060,-19.220094,ELG,0.89726731,1.0000,false
V4T003140,0.987865,-20.783762,BGS,0.80694759,0.4500,false
V4T003141,351.659468,-18.711770,ELG,0.61290064,1.0000,false
V4T003142,338.321749,-30.295075,ELG,0.46011848,1.0000,false
V4T003143,24.040045,-36.194869,Star,5.82933665,0.3000,false
V4T003144,56.787791,-48.802925,QSO,0.06937543,1.7000,false
V4T003145,37.427012,-55.726348,BGS,1.27254037,0.4500,false
V4T003146,37.555849,-49.340859,LRG,0.20091290,1.0000,false
V4T003147,346.740860,-26.592276,ELG,0.29606144,1.0000,false
V4T003148,340.054128,-25.855870,ELG,0.55923201,1.0000,false
V4T003149,345.822690,-30.029161,LRG,0.61126721,1.0000,false
V4T003150,45.157787,-39.413605,QSO,0.32020667,1.7000,false
V4T003151,2.182502,-29.715897,BGS,2.37947989,0.4500,false
V4T003152,358.476243,-23.961150,Star,3.21975321,0.3000,false
V4T003153,46.567424,-42.618061,LRG,0.29597426,1.0000,false
V4T003154,35.730181,-48.293352,BGS,1.05724164,0.4500,false
V4T003155,18.270489,-55.357206,ELG,0.44734141,1.0000,false
V4T003156,355.548836,-25.349849,QSO,0.05558570,1.7000,false
V4T003157,357.320013,-26.358778,ELG,0.66519535,1.0000,false
V4T003158,353.171324,-21.062563,LRG,0.27590230,1.0000,false
V4T003159,2.696162,-34.797425,LRG,0.67017155,1.0000,false
V4T003160,346.055125,-30.515835,Star,2.52199267,0.3000,false
V4T003161,351.450004,-25.323294,BGS,2.09228202,0.4500,false
V4T003162,28.815291,-57.864673,BGS,1.63587460,0.4500,false
V4T003163,31.254586,-33.876873,LRG,0.42100506,1.0000,false
V4T003164,340.099666,-27.662162,Star,3.67052370,0.3000,false
V4T003165,38.654504,-50.060644,ELG,0.66416376,1.0000,false
V4T003166,51.489388,-46.215987,BGS,0.88680329,0.4500,false
V4T003167,54.491092,-50.884479,LRG,0.43660437,1.0000,false
V4T003168,27.318429,-34.737965,LRG,0.32107955,1.0000,false
V4T003169,350.157207,-27.746471,LRG,0.31694509,1.0000,false
V4T003170,32.228512,-39.101795,BGS,1.15784196,0.4500,false
V4T003171,53.362595,-50.437733,LRG,0.31711209,1.0000,false
V4T003172,352.796975,-17.592001,LRG,0.36069412,1.0000,false
V4T003173,19.921544,-55.667730,ELG,0.44901022,1.0000,false
V4T003174,31.093373,-39.461561,Star,4.80943653,0.3000,false
V4T003175,340.393070,-22.142170,QSO,0.07745639,1.7000,false
V4T003176,352.797096,-19.477640,Star,3.95442394,0.3000,false
V4T003177,23.173928,-46.140599,BGS,1.17413539,0.4500,false
V4T003178,352.546573,-34.092103,ELG,0.46215530,1.0000,false
V4T003179,31.722139,-42.893342,ELG,0.69600062,1.0000,false
V4T003180,46.643220,-39.668474,BGS,1.75122144,0.4500,false
V4T003181,0.853524,-29.229312,BGS,1.41222358,0.4500,false
V4T003182,52.480550,-51.499696,QSO,0.08377855,1.7000,false
V4T003183,345.831521,-31.296510,QSO,0.19867396,1.7000,false
V4T003184,343.368370,-33.556641,BGS,1.76232748,0.4500,false
V4T003185,343.154811,-34.045943,BGS,1.71122737,0.4500,false
V4T003186,38.740307,-38.782514,BGS,1.87781359,0.4500,false
V4T003187,55.123082,-55.376805,LRG,0.24681421,1.0000,false
V4T003188,50.360215,-45.591698,LRG,0.19831222,1.0000,false
V4T003189,352.833453,-17.673118,LRG,0.58157729,1.0000,false
V4T003190,25.940458,-40.957450,QSO,0.10806199,1.7000,false
V4T003191,36.301227,-34.170241,BGS,0.88072364,0.4500,false
V4T003192,19.518672,-57.550845,ELG,0.66414122,1.0000,false
V4T003193,351.394361,-19.060836,ELG,0.44712611,1.0000,false
V4T003194,44.776561,-41.259682,ELG,0.71706689,1.0000,false
V4T003195,352.502372,-15.113246,ELG,0.36504137,1.0000,true
V4T003196,20.513456,-56.752067,QSO,0.14759492,1.7000,true
V4T003197,337.451871,-33.934175,ELG,0.57075292,1.0000,false
V4T003198,55.095994,-51.548929,BGS,1.37322806,0.4500,true
V4T003199,36.802917,-50.519184,ELG,0.65189612,1.0000,false
V4T003200,338.949120,-28.044131,BGS,1.36862040,0.4500,false
V4T003201,349.440618,-24.015754,LRG,0.36190629,1.0000,true
V4T003202,34.553083,-45.297842,ELG,0.64147965,1.0000,false
V4T003203,22.862273,-43.611855,ELG,0.76793495,1.0000,false
V4T003204,340.174994,-29.594273,QSO,0.13231492,1.7000,false
V4T003205,42.273642,-41.849758,ELG,0.30408658,1.0000,false
V4T003206,45.681130,-42.839774,QSO,0.25696502,1.7000,false
V4T003207,38.575778,-56.791624,ELG,0.39932586,1.0000,false
V4T003208,359.845888,-27.353433,BGS,1.31824298,0.4500,false
V4T003209,353.450126,-18.476109,BGS,1.20617082,0.4500,false
V4T003210,350.627240,-38.856863,ELG,0.66125381,1.0000,false
V4T003211,54.686108,-51.254437,Star,6.24658807,0.3000,false
V4T003212,357.309957,-26.110820,ELG,0.45649218,1.0000,true
V4T003213,346.179803,-23.814266,ELG,0.66040536,1.0000,false
V4T003214,2.553688,-31.980718,ELG,0.26625198,1.0000,false
V4T003215,344.521395,-26.281158,BGS,1.00261377,0.4500,false
V4T003216,348.354399,-16.731641,ELG,0.49840431,1.0000,false
V4T003217,36.394871,-36.701231,BGS,1.38543418,0.4500,false
V4T003218,21.680741,-45.509433,BGS,0.97856531,0.4500,false
V4T003219,31.455713,-41.155994,BGS,1.02089102,0.4500,false
V4T003220,350.478675,-25.165867,ELG,0.48205302,1.0000,false
V4T003221,358.345384,-27.104157,ELG,0.62461740,1.0000,false
V4T003222,23.658639,-46.676910,Star,3.89661594,0.3000,false
V4T003223,39.650345,-49.231552,ELG,0.44861064,1.0000,false
V4T003224,28.035815,-44.640051,BGS,1.96530493,0.4500,false
V4T003225,353.477668,-29.784456,BGS,0.89985739,0.4500,false
V4T003226,26.776182,-40.714373,BGS,1.31951055,0.4500,false
V4T003227,358.315323,-27.238191,QSO,0.16116496,1.7000,false
V4T003228,25.992710,-59.629305,LRG,0.30603324,1.0000,false
V4T003229,348.717242,-15.291631,ELG,0.52737649,1.0000,false
V4T003230,344.839653,-26.440486,ELG,0.74580234,1.0000,false
V4T003231,52.102793,-54.487234,ELG,0.37639824,1.0000,false
V4T003232,43.389050,-47.083549,QSO,0.12223677,1.7000,false
V4T003233,31.674041,-33.548440,ELG,0.67748578,1.0000,false
V4T003234,342.476371,-26.251340,ELG,0.44546412,1.0000,false
V4T003235,52.565396,-50.420325,LRG,0.25546542,1.0000,false
V4T003236,21.484559,-38.913586,QSO,0.17551628,1.7000,false
V4T003237,30.938240,-52.588172,LRG,0.21608418,1.0000,false
V4T003238,356.194579,-34.554128,BGS,1.16758749,0.4500,false
V4T003239,342.435687,-20.372199,QSO,0.13134953,1.7000,false
V4T003240,40.918394,-39.655110,ELG,0.59265762,1.0000,false
V4T003241,36.580119,-52.654305,LRG,0.32784092,1.0000,false
V4T003242,357.780102,-20.885265,QSO,0.15313434,1.7000,false
V4T003243,18.950262,-55.579737,ELG,0.78378051,1.0000,false
V4T003244,357.014695,-30.301892,ELG,1.57256463,1.0000,false
V4T003245,54.843036,-51.303877,BGS,0.43784724,0.4500,false
V4T003246,344.177479,-25.354821,LRG,0.22796173,1.0000,false
V4T003247,352.903592,-16.616998,Star,5.25892869,0.3000,false
V4T003248,33.012535,-58.713219,ELG,0.70565119,1.0000,false
V4T003249,353.040742,-27.365419,LRG,0.20165288,1.0000,false
V4T003250,353.594892,-18.895380,ELG,0.43951408,1.0000,false
V4T003251,41.500624,-35.627250,LRG,0.30163944,1.0000,false
V4T003252,344.509246,-25.387874,ELG,0.77715049,1.0000,false
V4T003253,340.501593,-20.821959,QSO,0.06391573,1.7000,false
V4T003254,56.136990,-53.216542,BGS,1.37756105,0.4500,true
V4T003255,354.849704,-19.116019,ELG,0.47823908,1.0000,false
V4T003256,352.630376,-17.378485,BGS,1.09863280,0.4500,false
V4T003257,21.835265,-39.442472,ELG,0.74123620,1.0000,false
V4T003258,342.475956,-28.622602,QSO,0.17190804,1.7000,false
V4T003259,22.211274,-44.964703,ELG,0.78200980,1.0000,false
V4T003260,355.733486,-19.235118,ELG,0.34221612,1.0000,false
V4T003261,358.993076,-24.448173,ELG,0.45143232,1.0000,false
V4T003262,36.691519,-50.481895,Star,3.53515782,0.3000,false
V4T003263,26.928667,-57.909583,LRG,0.61933746,1.0000,false
V4T003264,43.044819,-48.413344,BGS,1.35894937,0.4500,false
V4T003265,35.997869,-35.953638,ELG,0.38402047,1.0000,false
V4T003266,345.667936,-38.910665,ELG,0.37303559,1.0000,false
V4T003267,345.764039,-38.334049,LRG,0.57938272,1.0000,false
V4T003268,349.934590,-26.885833,ELG,0.48983582,1.0000,false
V4T003269,357.605425,-27.217686,BGS,0.92548181,0.4500,false
V4T003270,23.494150,-45.560132,ELG,0.80136795,1.0000,false
V4T003271,1.887080,-21.615744,LRG,0.31312435,1.0000,false
V4T003272,356.119272,-19.386367,ELG,0.54647096,1.0000,false
V4T003273,355.690417,-20.312965,BGS,1.61090340,0.4500,false
V4T003274,348.838950,-29.665543,QSO,0.29961806,1.7000,false
V4T003275,0.564357,-35.005221,ELG,0.72615222,1.0000,false
V4T003276,349.499254,-26.499635,BGS,0.90952526,0.4500,false
V4T003277,356.136603,-26.618504,ELG,0.41824067,1.0000,false
V4T003278,32.329957,-57.403573,ELG,0.88581091,1.0000,false
V4T003279,42.667070,-58.529127,BGS,1.18511537,0.4500,false
V4T003280,40.899699,-43.183836,LRG,0.42990242,1.0000,false
V4T003281,41.678460,-56.525488,QSO,0.25093063,1.7000,true
V4T003282,36.191072,-55.008959,Star,3.75682852,0.3000,true
V4T003283,45.867367,-55.732068,ELG,0.94338914,1.0000,false
V4T003284,3.091136,-25.325775,BGS,1.06669889,0.4500,false
V4T003285,39.399752,-51.211357,QSO,0.28933941,1.7000,false
V4T003286,30.135650,-36.389258,Star,4.16866965,0.3000,false
V4T003287,337.218526,-32.210139,ELG,0.37872321,1.0000,false
V4T003288,14.663218,-52.880496,QSO,0.11755706,1.7000,false
V4T003289,351.344725,-15.651600,ELG,0.60354711,1.0000,false
V4T003290,23.895133,-42.764851,QSO,0.16579838,1.7000,true
V4T003291,24.634546,-44.566227,QSO,0.33819342,1.7000,false
V4T003292,44.727556,-38.965117,ELG,0.63687250,1.0000,false
V4T003293,30.711466,-59.687630,LRG,0.21684197,1.0000,false
V4T003294,21.408252,-39.978176,ELG,0.38812854,1.0000,false
V4T003295,358.108827,-25.469750,ELG,0.30996358,1.0000,false
V4T003296,346.779382,-15.711601,Star,5.01599290,0.3000,false
V4T003297,341.035579,-32.095249,LRG,0.34014295,1.0000,false
V4T003298,45.423603,-39.035004,BGS,1.71568043,0.4500,false
V4T003299,349.777337,-25.974789,BGS,1.30173291,0.4500,false
V4T003300,47.664425,-52.324919,ELG,0.74420087,1.0000,false
V4T003301,40.758954,-55.978508,QSO,0.11050668,1.7000,false
V4T003302,44.435999,-38.801632,ELG,0.61124991,1.0000,false
V4T003303,42.035292,-56.714608,LRG,0.18869677,1.0000,false
V4T003304,31.420247,-44.022667,BGS,1.36866421,0.4500,false
V4T003305,38.412806,-42.435630,QSO,0.15910209,1.7000,false
V4T003306,342.939763,-25.906522,QSO,0.37856202,1.7000,false
V4T003307,27.852573,-56.872321,Star,3.04316349,0.3000,false
V4T003308,38.883671,-36.267946,ELG,0.34159494,1.0000,false
V4T003309,18.039446,-45.693954,BGS,1.18011300,0.4500,false
V4T003310,38.400742,-48.622552,BGS,1.07368097,0.4500,false
V4T003311,41.022535,-40.860214,ELG,0.38816641,1.0000,false
V4T003312,354.495170,-21.844602,QSO,0.30100402,1.7000,false
V4T003313,47.714099,-40.715952,ELG,0.48355295,1.0000,false
V4T003314,357.941945,-26.711829,LRG,0.22052489,1.0000,false
V4T003315,337.755034,-33.351736,LRG,0.28612003,1.0000,false
V4T003316,55.549525,-51.594773,QSO,0.07474907,1.7000,false
V4T003317,26.441937,-36.728337,LRG,0.29437751,1.0000,true
V4T003318,33.609399,-59.666064,QSO,0.11301303,1.7000,false
V4T003319,347.628420,-33.176778,ELG,0.46448055,1.0000,true
V4T003320,351.779008,-18.884111,ELG,0.41482650,1.0000,false
V4T003321,34.511076,-38.735339,BGS,1.22786146,0.4500,false
V4T003322,56.785499,-51.879449,LRG,0.48855344,1.0000,false
V4T003323,16.059374,-55.063292,BGS,0.58388076,0.4500,false
V4T003324,31.967122,-44.840131,ELG,0.50643219,1.0000,false
V4T003325,33.926687,-44.276651,BGS,0.84396265,0.4500,false
V4T003326,345.998858,-30.986761,ELG,0.48000777,1.0000,false
V4T003327,38.479297,-49.961489,ELG,0.91158693,1.0000,false
V4T003328,46.491262,-60.434986,BGS,0.92156930,0.4500,false
V4T003329,2.208908,-28.217625,LRG,0.31766297,1.0000,false
V4T003330,353.889183,-16.724612,LRG,0.38501526,1.0000,false
V4T003331,3.431541,-27.219243,LRG,0.31604949,1.0000,false
V4T003332,44.296295,-39.583560,ELG,0.56573650,1.0000,false
V4T003333,351.518660,-18.670756,ELG,0.56515048,1.0000,true
V4T003334,359.296476,-19.965422,BGS,1.09201908,0.4500,false
V4T003335,348.777966,-25.214692,Star,3.51028534,0.3000,false
V4T003336,345.082725,-29.219192,ELG,0.79812111,1.0000,false
V4T003337,34.215543,-51.960242,Star,6.40860054,0.3000,false
V4T003338,30.129931,-42.760780,ELG,0.59475795,1.0000,false
V4T003339,23.526551,-39.936834,Star,2.37717213,0.3000,false
V4T003340,348.301621,-16.452590,BGS,1.30354350,0.4500,false
V4T003341,358.758568,-21.056916,ELG,0.53615676,1.0000,false
V4T003342,341.382076,-35.305901,ELG,0.85191503,1.0000,false
V4T003343,351.738875,-29.836207,BGS,1.34846074,0.4500,false
V4T003344,349.360457,-33.334007,ELG,0.71431515,1.0000,false
V4T003345,351.425299,-28.393727,ELG,0.33144572,1.0000,false
V4T003346,347.020135,-29.713607,Star,3.30506373,0.3000,false
V4T003347,1.908388,-28.862464,Star,4.34540220,0.3000,false
V4T003348,354.252360,-17.755585,LRG,0.33095308,1.0000,false
V4T003349,36.750249,-51.013308,BGS,1.23228122,0.4500,false
V4T003350,352.363193,-18.821104,LRG,0.53882527,1.0000,false
V4T003351,1.962134,-29.586096,ELG,0.67329954,1.0000,true
V4T003352,43.379457,-37.009096,BGS,1.60200189,0.4500,false
V4T003353,346.809899,-30.246419,ELG,0.53127108,1.0000,false
V4T003354,21.939526,-58.445281,ELG,0.57103457,1.0000,false
V4T003355,49.389522,-47.280211,ELG,0.57591003,1.0000,true
V4T003356,32.550766,-57.744630,QSO,0.27437679,1.7000,false
V4T003357,356.138555,-20.249606,QSO,0.12307253,1.7000,false
V4T003358,52.545836,-46.100766,LRG,0.46011067,1.0000,false
V4T003359,3.013921,-27.776851,ELG,0.61275622,1.0000,false
V4T003360,31.831917,-40.771761,ELG,0.32838508,1.0000,true
V4T003361,339.382497,-23.956960,ELG,0.29709317,1.0000,false
V4T003362,344.804821,-28.968663,ELG,0.47738202,1.0000,false
V4T003363,51.886574,-52.148853,ELG,0.42741786,1.0000,false
V4T003364,352.983250,-32.543715,LRG,0.24794463,1.0000,false
V4T003365,358.371142,-26.297495,ELG,0.88255251,1.0000,false
V4T003366,37.219335,-44.978327,BGS,1.33114539,0.4500,false
V4T003367,31.653889,-48.951891,ELG,0.38577322,1.0000,false
V4T003368,356.132664,-27.363462,Star,4.61156956,0.3000,false
V4T003369,45.251922,-40.025532,BGS,1.32733560,0.4500,false
V4T003370,339.434527,-28.711259,QSO,0.15043956,1.7000,false
V4T003371,25.074970,-49.974493,BGS,0.85490307,0.4500,false
V4T003372,31.298880,-38.352007,BGS,1.20330401,0.4500,false
V4T003373,47.466678,-41.697106,BGS,0.81380835,0.4500,false
V4T003374,358.974807,-26.898337,Star,2.99956685,0.3000,false
V4T003375,345.521622,-30.384144,BGS,2.46551623,0.4500,false
V4T003376,353.656169,-30.419735,BGS,1.02107870,0.4500,false
V4T003377,1.040197,-34.451350,ELG,0.36869139,1.0000,false
V4T003378,342.716831,-25.558286,LRG,0.44971847,1.0000,false
V4T003379,357.519371,-35.236542,ELG,0.36972884,1.0000,false
V4T003380,348.207089,-26.610390,ELG,0.48766317,1.0000,false
V4T003381,27.840048,-57.009054,BGS,1.00306947,0.4500,false
V4T003382,348.243390,-38.219562,ELG,0.78341479,1.0000,false
V4T003383,50.173306,-47.979867,QSO,0.33177655,1.7000,false
V4T003384,355.910123,-17.966067,BGS,1.54547512,0.4500,false
V4T003385,346.138342,-30.342866,BGS,1.09470337,0.4500,false
V4T003386,347.163604,-28.496467,ELG,0.44027107,1.0000,false
V4T003387,357.943081,-26.271141,ELG,1.15305385,1.0000,false
V4T003388,345.891179,-30.861415,LRG,0.16402041,1.0000,false
V4T003389,32.229260,-39.562993,LRG,0.29542032,1.0000,false
V4T003390,4.007433,-31.384198,BGS,2.29772246,0.4500,false
V4T003391,41.445197,-48.030578,LRG,0.34058753,1.0000,true
V4T003392,2.166015,-30.996171,ELG,0.55957711,1.0000,false
V4T003393,357.323132,-26.110665,ELG,0.48720715,1.0000,false
V4T003394,47.597670,-41.455149,BGS,1.29935076,0.4500,false
V4T003395,29.445463,-41.681862,BGS,1.38949755,0.4500,false
V4T003396,345.660098,-30.852312,BGS,1.24267885,0.4500,false
V4T003397,346.132619,-31.143138,ELG,0.77441535,1.0000,false
V4T003398,27.026519,-37.928521,QSO,0.11482820,1.7000,false
V4T003399,346.308233,-29.724854,LRG,0.25683090,1.0000,true
V4T003400,44.534349,-39.438343,ELG,0.90606571,1.0000,false
V4T003401,346.236343,-30.242366,BGS,0.93200620,0.4500,false
V4T003402,42.154903,-56.383745,BGS,1.35159791,0.4500,false
V4T003403,37.235573,-42.094550,QSO,1.00450874,1.7000,false
V4T003404,351.173721,-26.039731,LRG,0.53726484,1.0000,false
V4T003405,35.036074,-60.000093,ELG,0.81522732,1.0000,false
V4T003406,41.540484,-56.626440,ELG,0.98873873,1.0000,false
V4T003407,25.821910,-44.288215,LRG,0.45602456,1.0000,false
V4T003408,21.554851,-45.280261,BGS,1.10830423,0.4500,false
V4T003409,351.898114,-19.578411,Star,4.22486352,0.3000,false
V4T003410,37.427662,-39.462164,ELG,0.32325778,1.0000,false
V4T003411,342.336797,-24.736325,LRG,0.26992010,1.0000,false
V4T003412,2.408163,-23.280526,ELG,0.34979198,1.0000,false
V4T003413,349.526245,-32.682479,LRG,0.39120801,1.0000,false
V4T003414,46.886518,-58.710034,LRG,0.38382617,1.0000,false
V4T003415,23.302874,-46.583706,ELG,0.64842528,1.0000,false
V4T003416,355.397895,-14.810837,ELG,0.59498369,1.0000,false
V4T003417,55.757574,-51.599933,QSO,0.15690162,1.7000,false
V4T003418,52.934828,-45.490397,BGS,0.78264114,0.4500,false
V4T003419,359.192170,-31.146095,BGS,1.14310279,0.4500,false
V4T003420,40.156553,-56.218582,ELG,0.40143647,1.0000,false
V4T003421,53.792468,-51.585901,LRG,0.30715884,1.0000,false
V4T003422,53.806534,-49.621696,QSO,0.20842062,1.7000,true
V4T003423,346.256992,-30.079591,QSO,0.56023260,1.7000,false
V4T003424,3.087451,-28.531162,ELG,0.55688194,1.0000,false
V4T003425,357.984233,-26.727489,QSO,0.41407680,1.7000,false
V4T003426,1.774426,-28.593959,QSO,0.43491780,1.7000,false
V4T003427,345.885341,-17.581907,ELG,1.17381436,1.0000,false
V4T003428,2.669497,-28.190076,LRG,0.42191722,1.0000,false
V4T003429,339.713312,-27.699967,LRG,0.36406424,1.0000,false
V4T003430,42.068209,-43.402177,BGS,0.98204616,0.4500,false
V4T003431,41.127278,-37.870665,LRG,0.30930926,1.0000,false
V4T003432,46.143402,-39.611384,LRG,0.25969809,1.0000,false
V4T003433,355.352600,-14.963992,ELG,0.92185722,1.0000,false
V4T003434,20.313195,-41.252885,Star,3.04539267,0.3000,false
V4T003435,44.564597,-38.965426,LRG,0.31468973,1.0000,false
V4T003436,43.178190,-60.370501,QSO,0.13311598,1.7000,false
V4T003437,355.120655,-19.900785,QSO,0.12257916,1.7000,false
V4T003438,354.657672,-19.997519,ELG,1.12669499,1.0000,false
V4T003439,21.837204,-46.355928,ELG,0.65840698,1.0000,false
V4T003440,19.166385,-57.693601,ELG,0.66268349,1.0000,false
V4T003441,18.280993,-48.644877,QSO,0.11789310,1.7000,false
V4T003442,38.702642,-35.361236,QSO,0.12274689,1.7000,false
V4T003443,0.632207,-34.943060,LRG,0.32599218,1.0000,false
V4T003444,36.696070,-48.022105,Star,3.59216382,0.3000,false
V4T003445,341.299215,-27.199053,QSO,0.10473266,1.7000,false
V4T003446,2.669168,-28.620067,BGS,0.79700437,0.4500,false
V4T003447,344.157178,-25.260945,Star,4.63308048,0.3000,false
V4T003448,49.582716,-50.689752,LRG,0.38352690,1.0000,false
V4T003449,27.155670,-58.061245,ELG,0.52897552,1.0000,false
V4T003450,356.395320,-18.989519,LRG,0.28291482,1.0000,false
V4T003451,353.277586,-39.537925,Star,4.36297068,0.3000,false
V4T003452,342.886976,-20.898754,LRG,0.41159161,1.0000,false
V4T003453,49.101367,-41.937312,ELG,0.50055918,1.0000,false
V4T003454,343.140682,-36.553712,QSO,0.15507628,1.7000,false
V4T003455,349.452636,-22.277241,ELG,0.35484039,1.0000,false
V4T003456,31.616897,-59.715792,BGS,1.25237061,0.4500,false
V4T003457,346.560106,-29.924944,BGS,0.91861854,0.4500,false
V4T003458,355.271925,-36.978586,ELG,0.81663240,1.0000,true
V4T003459,358.729709,-32.694305,ELG,0.77798871,1.0000,false
V4T003460,45.706016,-59.601885,BGS,0.82447678,0.4500,false
V4T003461,346.903950,-30.341810,QSO,0.20451684,1.7000,false
V4T003462,354.819441,-21.003290,ELG,0.48955619,1.0000,false
V4T003463,54.024520,-52.035673,ELG,1.03187954,1.0000,false
V4T003464,43.779280,-38.591601,QSO,0.11033600,1.7000,true
V4T003465,31.999674,-43.582834,LRG,0.18065697,1.0000,false
V4T003466,43.756971,-40.620126,ELG,0.68309168,1.0000,false
V4T003467,54.642040,-52.269734,LRG,0.32383850,1.0000,false
V4T003468,338.025885,-28.265206,ELG,0.69962510,1.0000,false
V4T003469,38.362922,-49.498340,BGS,1.14145463,0.4500,false
V4T003470,340.915789,-34.490902,BGS,1.04739135,0.4500,true
V4T003471,42.135217,-54.971025,LRG,0.21567324,1.0000,false
V4T003472,351.107004,-14.787334,LRG,0.20758009,1.0000,false
V4T003473,343.283151,-24.798139,QSO,0.14370646,1.7000,false
V4T003474,40.639812,-56.224595,BGS,1.45913815,0.4500,false
V4T003475,50.237342,-56.382564,LRG,0.26654551,1.0000,false
V4T003476,350.691508,-19.388402,ELG,1.27309334,1.0000,false
V4T003477,0.605024,-28.776665,QSO,0.18318674,1.7000,false
V4T003478,14.983573,-52.010275,QSO,0.13277277,1.7000,false
V4T003479,359.162854,-23.380294,ELG,0.26213025,1.0000,false
V4T003480,24.132511,-50.473361,ELG,0.20014021,1.0000,true
V4T003481,351.416954,-25.132941,BGS,2.01070053,0.4500,false
V4T003482,2.834890,-24.315522,BGS,1.32726602,0.4500,false
V4T003483,339.721085,-33.440856,QSO,0.08453476,1.7000,false
V4T003484,43.103599,-41.992995,ELG,0.73619597,1.0000,false
V4T003485,27.860466,-37.094742,Star,4.63837058,0.3000,false
V4T003486,2.038721,-28.466731,ELG,0.59363199,1.0000,false
V4T003487,35.244504,-42.419414,ELG,0.41147783,1.0000,false
V4T003488,354.941564,-18.242938,LRG,0.84328182,1.0000,false
V4T003489,38.198944,-44.683019,BGS,1.10776671,0.4500,false
V4T003490,346.034952,-30.046606,ELG,0.49853754,1.0000,false
V4T003491,30.083214,-51.108158,ELG,0.54703146,1.0000,false
V4T003492,19.253087,-50.916688,ELG,0.45057496,1.0000,false
V4T003493,40.064289,-52.752792,BGS,2.15773012,0.4500,false
V4T003494,45.972645,-39.346801,LRG,0.15353610,1.0000,false
V4T003495,47.277446,-54.267202,LRG,0.23301898,1.0000,false
V4T003496,46.175615,-52.613438,BGS,1.78342051,0.4500,false
V4T003497,358.680057,-27.573260,LRG,0.22260124,1.0000,false
V4T003498,47.625158,-40.797125,ELG,0.41654946,1.0000,false
V4T003499,19.568887,-50.052434,ELG,0.83957358,1.0000,false
V4T003500,345.410552,-39.100826,BGS,1.04956780,0.4500,false
V4T003501,1.923660,-28.578972,QSO,0.27711489,1.7000,false
V4T003502,1.643810,-27.721997,ELG,0.57592139,1.0000,false
V4T003503,18.197221,-52.277571,ELG,1.11104432,1.0000,false
V4T003504,54.335465,-51.056080,ELG,0.86175133,1.0000,false
V4T003505,354.250623,-30.955140,BGS,0.93322155,0.4500,false
V4T003506,3.292286,-31.051092,ELG,0.56663156,1.0000,false
V4T003507,24.975636,-37.314417,Star,3.80083736,0.3000,false
V4T003508,352.291076,-18.253316,ELG,0.50928723,1.0000,false
V4T003509,352.760505,-18.194426,BGS,1.45343261,0.4500,false
V4T003510,353.006928,-18.297614,LRG,0.22559335,1.0000,false
V4T003511,343.746350,-18.107671,ELG,0.63568585,1.0000,false
V4T003512,346.690200,-38.200362,LRG,0.40111406,1.0000,false
V4T003513,344.103136,-18.723406,ELG,0.46815667,1.0000,false
V4T003514,46.003957,-45.948150,QSO,0.09569468,1.7000,false
V4T003515,17.102942,-52.062055,ELG,0.84271604,1.0000,false
V4T003516,38.970790,-36.794821,LRG,0.23319872,1.0000,false
V4T003517,344.774077,-30.749739,ELG,0.72682788,1.0000,false
V4T003518,1.465127,-25.562008,QSO,0.28144358,1.7000,false
V4T003519,346.595601,-36.406886,ELG,0.58811212,1.0000,false
V4T003520,43.945322,-56.854959,ELG,0.47018862,1.0000,false
V4T003521,54.587257,-51.577027,LRG,0.62659450,1.0000,false
V4T003522,342.107946,-36.381222,Star,3.17761799,0.3000,true
V4T003523,357.744378,-27.177016,ELG,0.87011599,1.0000,false
V4T003524,353.122039,-33.812505,BGS,0.73034535,0.4500,false
V4T003525,356.101290,-19.696914,LRG,0.24507572,1.0000,false
V4T003526,48.180292,-41.752626,ELG,0.17599631,1.0000,false
V4T003527,18.005386,-50.669065,BGS,1.51157883,0.4500,false
V4T003528,1.836599,-27.776296,ELG,0.60849766,1.0000,false
V4T003529,349.745728,-20.043951,ELG,0.49412309,1.0000,false
V4T003530,21.958539,-46.176195,ELG,1.11048719,1.0000,false
V4T003531,352.758862,-34.020501,LRG,0.41588580,1.0000,false
V4T003532,349.117714,-26.075926,BGS,1.16543967,0.4500,true
V4T003533,350.151299,-14.776653,ELG,0.64309554,1.0000,false
V4T003534,49.206214,-51.799394,LRG,0.15836080,1.0000,false
V4T003535,54.100341,-51.586823,QSO,0.23928644,1.7000,false
V4T003536,344.520761,-26.867635,ELG,0.83194598,1.0000,false
V4T003537,30.914450,-44.723448,Star,4.74754478,0.3000,false
V4T003538,340.923188,-36.111815,ELG,0.69562396,1.0000,false
V4T003539,357.818070,-26.116686,BGS,2.73144295,0.4500,false
V4T003540,344.051538,-25.389368,ELG,0.98466796,1.0000,false
V4T003541,20.416920,-44.384057,BGS,0.99678733,0.4500,false
V4T003542,45.468351,-43.259234,QSO,0.10208274,1.7000,true
V4T003543,48.221387,-41.541118,ELG,1.19843398,1.0000,false
V4T003544,35.951737,-47.313652,BGS,2.03092747,0.4500,false
V4T003545,352.961268,-29.238276,Star,4.99418080,0.3000,false
V4T003546,340.398516,-21.911949,LRG,0.46986444,1.0000,false
V4T003547,357.458329,-18.781832,BGS,1.70321504,0.4500,true
V4T003548,35.987162,-47.080023,LRG,0.57571789,1.0000,false
V4T003549,40.501807,-56.645784,ELG,0.37420214,1.0000,false
V4T003550,38.465790,-50.131262,QSO,0.19722628,1.7000,true
V4T003551,2.178088,-25.478149,BGS,1.45572028,0.4500,false
V4T003552,344.574702,-25.645305,BGS,1.31062835,0.4500,false
V4T003553,42.127154,-50.292208,ELG,0.22754638,1.0000,false
V4T003554,53.698588,-51.288382,QSO,0.15326356,1.7000,false
V4T003555,356.860303,-22.385922,BGS,0.91755338,0.4500,false
V4T003556,49.649308,-45.991682,BGS,0.82612796,0.4500,false
V4T003557,351.195070,-25.732868,LRG,0.32543328,1.0000,false
V4T003558,36.470870,-46.290946,LRG,0.36823247,1.0000,false
V4T003559,345.612945,-30.525660,ELG,0.44238142,1.0000,false
V4T003560,359.653984,-22.915262,ELG,0.48343635,1.0000,false
V4T003561,45.924551,-51.078492,LRG,0.23644126,1.0000,false
V4T003562,351.487930,-36.722166,BGS,1.85816912,0.4500,false
V4T003563,27.717312,-41.905784,ELG,0.46008871,1.0000,false
V4T003564,52.776956,-45.295445,BGS,1.20355284,0.4500,false
V4T003565,356.820455,-19.177626,BGS,0.92857696,0.4500,false
V4T003566,355.991640,-18.832287,ELG,0.63484425,1.0000,false
V4T003567,29.220409,-47.096288,LRG,0.33821332,1.0000,false
V4T003568,30.155825,-56.708289,ELG,0.37338498,1.0000,false
V4T003569,27.027698,-44.363570,Star,4.20402130,0.3000,false
V4T003570,23.808330,-37.166389,ELG,0.38893861,1.0000,false
V4T003571,21.692487,-49.544660,BGS,1.93152376,0.4500,false
V4T003572,46.404129,-42.302241,QSO,0.27240569,1.7000,false
V4T003573,343.872902,-34.435691,QSO,0.16279717,1.7000,true
V4T003574,2.613087,-28.501013,BGS,1.62512287,0.4500,false
V4T003575,354.085209,-29.062181,ELG,1.06472189,1.0000,false
V4T003576,38.176887,-47.963048,ELG,0.30197134,1.0000,false
V4T003577,37.075751,-57.193393,QSO,0.35635737,1.7000,false
V4T003578,45.416940,-39.357398,ELG,0.54917118,1.0000,false
V4T003579,354.988721,-34.273226,BGS,1.60641485,0.4500,false
V4T003580,38.214046,-49.622478,BGS,1.36785416,0.4500,false
V4T003581,0.906472,-28.289621,ELG,0.42562155,1.0000,false
V4T003582,24.571999,-42.933605,BGS,1.08979376,0.4500,false
V4T003583,26.094541,-46.800046,BGS,0.96847304,0.4500,false
V4T003584,28.499697,-54.522355,ELG,0.42567330,1.0000,false
V4T003585,340.987844,-23.337260,ELG,0.69392182,1.0000,false
V4T003586,354.764774,-26.536573,BGS,0.95744048,0.4500,false
V4T003587,340.386133,-32.443502,LRG,0.21820653,1.0000,false
V4T003588,350.172922,-38.040165,LRG,0.19516201,1.0000,false
V4T003589,358.900276,-26.118338,LRG,0.32892411,1.0000,false
V4T003590,37.900687,-61.207195,BGS,1.09287032,0.4500,false
V4T003591,355.510473,-35.456241,BGS,0.92788612,0.4500,false
V4T003592,339.335366,-26.348630,ELG,0.84610935,1.0000,false
V4T003593,48.160655,-58.826728,QSO,0.18801885,1.7000,true
V4T003594,354.112283,-18.015272,QSO,0.12158456,1.7000,false
V4T003595,56.072458,-54.790632,LRG,0.44766118,1.0000,false
V4T003596,39.659427,-51.561348,BGS,1.38597964,0.4500,false
V4T003597,19.935860,-47.253071,LRG,0.25825537,1.0000,false
V4T003598,38.510756,-35.702339,ELG,0.31433323,1.0000,false
V4T003599,18.227564,-57.154085,ELG,0.49169171,1.0000,false
V4T003600,347.884198,-32.264148,QSO,0.49336106,1.7000,false
V4T003601,23.241048,-41.461195,QSO,0.30888059,1.7000,false
V4T003602,45.899048,-40.787512,BGS,1.36796779,0.4500,false
V4T003603,33.453676,-51.346923,ELG,0.72737274,1.0000,false
V4T003604,355.180270,-18.764299,BGS,0.93404010,0.4500,false
V4T003605,356.462073,-30.725363,ELG,1.16594032,1.0000,false
V4T003606,350.048250,-33.537781,BGS,1.18076435,0.4500,false
V4T003607,356.966747,-32.595326,ELG,0.60871474,1.0000,false
V4T003608,343.308638,-24.820453,QSO,0.18841994,1.7000,false
V4T003609,16.240840,-52.420040,ELG,0.54230291,1.0000,false
V4T003610,27.188736,-53.554847,QSO,0.21670741,1.7000,false
V4T003611,37.845827,-50.729787,BGS,0.63618480,0.4500,false
V4T003612,348.462602,-26.662517,Star,4.33557275,0.3000,false
V4T003613,340.315997,-28.797669,QSO,0.10340138,1.7000,false
V4T003614,39.769183,-48.543814,ELG,0.22685696,1.0000,false
V4T003615,350.830206,-27.530177,ELG,0.93780247,1.0000,false
V4T003616,44.660371,-39.895358,LRG,0.51829293,1.0000,false
V4T003617,357.142569,-38.728577,ELG,0.41208757,1.0000,false
V4T003618,356.991430,-26.300385,QSO,0.15870539,1.7000,false
V4T003619,344.391694,-24.737934,ELG,0.35433824,1.0000,false
V4T003620,343.878563,-25.785018,BGS,1.54190457,0.4500,false
V4T003621,34.215631,-36.332350,BGS,1.99271570,0.4500,false
V4T003622,27.177469,-40.567438,BGS,1.11063393,0.4500,false
V4T003623,43.233143,-47.716195,ELG,0.71373051,1.0000,true
V4T003624,350.938836,-18.411270,BGS,1.12867605,0.4500,false
V4T003625,43.679401,-57.981535,LRG,0.37928028,1.0000,false
V4T003626,353.564675,-17.179045,BGS,1.65201306,0.4500,false
V4T003627,35.598891,-48.815339,BGS,1.55214883,0.4500,false
V4T003628,50.075472,-42.840707,ELG,0.77343082,1.0000,false
V4T003629,343.072000,-31.654768,LRG,0.30140816,1.0000,false
V4T003630,23.017957,-47.936774,ELG,0.78859792,1.0000,false
V4T003631,33.407193,-33.988438,BGS,1.07154963,0.4500,false
V4T003632,344.078050,-25.514983,ELG,0.86059916,1.0000,false
V4T003633,341.208909,-23.055690,ELG,0.62390142,1.0000,false
V4T003634,352.906338,-23.793113,BGS,1.40199030,0.4500,false
V4T003635,40.702626,-56.270961,LRG,0.30491966,1.0000,false
V4T003636,1.747430,-32.278922,ELG,0.47529761,1.0000,false
V4T003637,356.679160,-38.866889,LRG,0.34040136,1.0000,false
V4T003638,340.551730,-30.675947,QSO,0.14576901,1.7000,false
V4T003639,3.955963,-29.631753,BGS,1.28345639,0.4500,false
V4T003640,339.638326,-22.055461,BGS,1.29994171,0.4500,false
V4T003641,45.244467,-51.331639,Star,2.72303680,0.3000,false
V4T003642,55.616960,-51.134451,LRG,0.55735561,1.0000,false
V4T003643,41.572172,-56.773989,QSO,0.14289068,1.7000,false
V4T003644,22.385947,-49.043459,BGS,0.61360317,0.4500,false
V4T003645,351.911503,-26.085916,BGS,0.87205955,0.4500,false
V4T003646,29.054075,-47.898831,BGS,1.68224270,0.4500,false
V4T003647,352.264596,-27.258594,LRG,0.99501112,1.0000,true
V4T003648,343.215379,-25.333583,ELG,0.64714994,1.0000,false
V4T003649,21.791250,-44.377055,BGS,1.94281376,0.4500,false
V4T003650,351.683259,-18.856453,BGS,1.40315519,0.4500,false
V4T003651,355.651038,-19.313390,LRG,0.49547879,1.0000,false
V4T003652,54.795354,-51.713498,LRG,0.32436881,1.0000,false
V4T003653,53.269719,-50.734604,BGS,2.37356721,0.4500,true
V4T003654,47.364959,-41.932936,ELG,0.16917353,1.0000,false
V4T003655,356.048726,-38.446070,ELG,0.25518101,1.0000,false
V4T003656,53.613164,-46.994099,ELG,0.50000166,1.0000,false
V4T003657,358.433685,-38.284523,Star,3.67416222,0.3000,false
V4T003658,30.008898,-51.022681,ELG,1.06867059,1.0000,false
V4T003659,346.343869,-16.690374,QSO,0.13438889,1.7000,false
V4T003660,31.695248,-52.762065,ELG,0.38573585,1.0000,false
V4T003661,18.076201,-50.837126,ELG,0.68101877,1.0000,false
V4T003662,347.860832,-34.377179,ELG,0.46620124,1.0000,false
V4T003663,354.104564,-27.458902,ELG,0.94718995,1.0000,false
V4T003664,31.505639,-48.526158,BGS,1.89523963,0.4500,false
V4T003665,348.066032,-37.811692,LRG,0.29273945,1.0000,false
V4T003666,346.244748,-30.029709,Star,4.71078345,0.3000,false
V4T003667,350.431186,-30.014903,ELG,0.63365177,1.0000,false
V4T003668,13.747646,-50.681417,BGS,1.27361496,0.4500,false
V4T003669,51.480828,-49.978462,ELG,0.99365713,1.0000,false
V4T003670,49.338359,-56.398220,Star,5.73370272,0.3000,false
V4T003671,350.030825,-26.197885,QSO,0.07468692,1.7000,false
V4T003672,339.772705,-29.495270,QSO,0.33454650,1.7000,false
V4T003673,347.237736,-25.963707,QSO,0.19608967,1.7000,false
V4T003674,31.460432,-39.603109,BGS,0.50056327,0.4500,false
V4T003675,341.867938,-31.131388,BGS,1.74338267,0.4500,false
V4T003676,350.530331,-25.028307,ELG,0.51965445,1.0000,false
V4T003677,36.274183,-44.377002,ELG,0.44722899,1.0000,false
V4T003678,345.816920,-36.360637,BGS,1.05197395,0.4500,false
V4T003679,37.027799,-51.173643,BGS,1.41047383,0.4500,false
V4T003680,53.151862,-55.753025,ELG,0.59644681,1.0000,false
V4T003681,33.869428,-61.477919,QSO,0.33800905,1.7000,false
V4T003682,53.395880,-56.012684,QSO,0.37157485,1.7000,false
V4T003683,45.167157,-48.037111,ELG,0.63954129,1.0000,false
V4T003684,353.550238,-17.733623,LRG,0.22168318,1.0000,false
V4T003685,346.286651,-37.915037,BGS,1.49576689,0.4500,false
V4T003686,38.830539,-51.255027,QSO,0.16007969,1.7000,false
V4T003687,351.421885,-17.701973,ELG,0.81491536,1.0000,false
V4T003688,44.990051,-51.277728,QSO,0.20519851,1.7000,false
V4T003689,49.209520,-49.576703,ELG,0.37009145,1.0000,false
V4T003690,49.193845,-51.235768,Star,7.85020965,0.3000,false
V4T003691,355.755208,-19.654486,QSO,0.06816185,1.7000,false
V4T003692,358.478395,-26.450896,ELG,0.46468459,1.0000,false
V4T003693,47.415859,-41.977377,Star,6.65353738,0.3000,false
V4T003694,48.193660,-46.956491,BGS,1.41773768,0.4500,false
V4T003695,43.480213,-57.058866,LRG,0.36945004,1.0000,false
V4T003696,29.701623,-54.242376,BGS,1.19833039,0.4500,false
V4T003697,345.629120,-30.124303,BGS,1.51185747,0.4500,false
V4T003698,28.684537,-40.003457,LRG,0.35830553,1.0000,false
V4T003699,346.609191,-30.062970,BGS,1.85824132,0.4500,false
V4T003700,340.719382,-32.726219,ELG,0.93590235,1.0000,false
V4T003701,51.117663,-47.926453,LRG,0.33340044,1.0000,false
V4T003702,52.283119,-45.088144,ELG,0.99349508,1.0000,false
V4T003703,31.242007,-33.219255,BGS,1.46500484,0.4500,false
V4T003704,355.000331,-24.814573,ELG,0.41946147,1.0000,false
V4T003705,44.766976,-54.439284,ELG,0.30436260,1.0000,false
V4T003706,44.068619,-38.852862,ELG,0.60784803,1.0000,false
V4T003707,351.191381,-16.491857,BGS,1.08375888,0.4500,false
V4T003708,351.046609,-27.895077,ELG,0.77113728,1.0000,true
V4T003709,37.408876,-50.192503,BGS,0.67740653,0.4500,false
V4T003710,341.304023,-25.477878,ELG,0.36815484,1.0000,false
V4T003711,356.008046,-19.904942,LRG,0.34575769,1.0000,false
V4T003712,51.879206,-57.515289,LRG,0.43386675,1.0000,false
V4T003713,351.575137,-26.717222,QSO,0.33829475,1.7000,false
V4T003714,352.834182,-17.341916,ELG,0.48435384,1.0000,false
V4T003715,343.005911,-25.971648,ELG,0.59677784,1.0000,false
V4T003716,43.496414,-57.043360,LRG,0.39551441,1.0000,false
V4T003717,348.179299,-29.930809,BGS,1.28872803,0.4500,false
V4T003718,356.520935,-21.146120,ELG,0.58741711,1.0000,false
V4T003719,54.137730,-50.946281,BGS,0.88352208,0.4500,false
V4T003720,42.742702,-57.236448,BGS,1.04210019,0.4500,false
V4T003721,341.034402,-37.610319,ELG,0.67849801,1.0000,false
V4T003722,38.346946,-50.848028,BGS,0.88881678,0.4500,false
V4T003723,34.527100,-47.028505,Star,3.61810791,0.3000,false
V4T003724,53.057591,-51.388851,LRG,0.21447679,1.0000,false
V4T003725,347.221303,-27.105069,LRG,0.33497312,1.0000,false
V4T003726,346.429452,-38.251279,BGS,1.19610455,0.4500,false
V4T003727,26.840198,-42.247134,BGS,1.35828021,0.4500,false
V4T003728,44.693377,-41.801623,BGS,1.46710179,0.4500,false
V4T003729,53.489448,-50.486897,Star,3.87721312,0.3000,false
V4T003730,340.688190,-21.050584,ELG,1.63414724,1.0000,false
V4T003731,347.058343,-21.014525,ELG,0.31429921,1.0000,false
V4T003732,30.345230,-59.099436,BGS,1.13359046,0.4500,false
V4T003733,23.258280,-44.533290,QSO,0.35586414,1.7000,false
V4T003734,22.726583,-52.429414,ELG,0.37925979,1.0000,false
V4T003735,341.644993,-30.552400,Star,4.28646996,0.3000,false
V4T003736,338.323892,-28.022124,ELG,0.25038147,1.0000,false
V4T003737,47.834885,-42.337836,LRG,0.47015989,1.0000,true
V4T003738,49.232922,-53.697528,ELG,0.47339671,1.0000,false
V4T003739,37.308341,-50.447563,BGS,1.37685793,0.4500,false
V4T003740,34.485776,-38.405681,BGS,1.53920745,0.4500,false
V4T003741,52.625568,-44.754206,ELG,0.69111542,1.0000,false
V4T003742,352.934982,-40.155710,ELG,0.50075573,1.0000,false
V4T003743,356.253440,-37.722639,BGS,1.11093619,0.4500,false
V4T003744,336.783260,-32.508766,ELG,0.58715835,1.0000,false
V4T003745,32.298684,-44.705344,Star,2.93145834,0.3000,false
V4T003746,347.252819,-36.224322,LRG,0.26139941,1.0000,false
V4T003747,343.355739,-25.019259,ELG,0.59658641,1.0000,false
V4T003748,38.261016,-46.399808,QSO,0.06320935,1.7000,false
V4T003749,32.230469,-56.875090,BGS,1.43631955,0.4500,false
V4T003750,45.783187,-38.852905,ELG,0.40623502,1.0000,false
V4T003751,50.210088,-54.223268,ELG,0.33774145,1.0000,false
V4T003752,38.041865,-49.936967,ELG,0.69176167,1.0000,false
V4T003753,356.644789,-26.394282,ELG,0.86835917,1.0000,false
V4T003754,18.603739,-53.767552,ELG,0.49187858,1.0000,false
V4T003755,28.908196,-48.076193,BGS,1.24440782,0.4500,false
V4T003756,352.038024,-18.930226,BGS,2.08587485,0.4500,false
V4T003757,0.541232,-18.721355,QSO,0.17589615,1.7000,false
V4T003758,50.451632,-51.969741,LRG,0.18982536,1.0000,false
V4T003759,339.162675,-33.414309,BGS,1.10017567,0.4500,false
V4T003760,50.327619,-43.605938,QSO,0.16788846,1.7000,false
V4T003761,23.025296,-45.103586,ELG,0.31107841,1.0000,false
V4T003762,24.031284,-40.366016,BGS,1.41005248,0.4500,false
V4T003763,56.660450,-50.540424,ELG,0.40381874,1.0000,false
V4T003764,18.689029,-48.719943,LRG,0.21298350,1.0000,false
V4T003765,22.839545,-46.156317,ELG,0.48465251,1.0000,true
V4T003766,53.702982,-45.744653,ELG,0.54589923,1.0000,false
V4T003767,49.407903,-50.870313,BGS,1.14829427,0.4500,false
V4T003768,27.332139,-53.305104,LRG,0.42962655,1.0000,false
V4T003769,43.004091,-59.159505,QSO,0.07493672,1.7000,false
V4T003770,26.443072,-34.679994,ELG,0.83907972,1.0000,false
V4T003771,343.167717,-25.599641,LRG,0.15055235,1.0000,false
V4T003772,357.964160,-27.168463,BGS,1.57316303,0.4500,false
V4T003773,27.879234,-48.784882,LRG,0.22125718,1.0000,false
V4T003774,354.907598,-19.604226,BGS,1.49428941,0.4500,false
V4T003775,29.722522,-44.284062,ELG,0.59510714,1.0000,false
V4T003776,350.428802,-24.991784,LRG,0.32745158,1.0000,false
V4T003777,30.238741,-46.848976,ELG,0.44732693,1.0000,false
V4T003778,21.418031,-52.281992,ELG,0.48195871,1.0000,false
V4T003779,1.916420,-28.707076,Star,4.90226872,0.3000,true
V4T003780,56.943088,-51.679233,Star,3.57530349,0.3000,false
V4T003781,358.763638,-33.767447,LRG,0.46834652,1.0000,false
V4T003782,23.246542,-41.910949,BGS,1.29875105,0.4500,false
V4T003783,35.182377,-40.303783,LRG,0.40074695,1.0000,false
V4T003784,351.867248,-19.033404,BGS,1.02154148,0.4500,false
V4T003785,41.694244,-44.167111,ELG,0.66932498,1.0000,false
V4T003786,25.756810,-47.182063,ELG,0.63176028,1.0000,false
V4T003787,23.544331,-38.420119,BGS,0.84620684,0.4500,false
V4T003788,45.226970,-43.349052,ELG,0.75292964,1.0000,false
V4T003789,355.820378,-32.670018,BGS,0.87519718,0.4500,false
V4T003790,26.337621,-34.579769,ELG,0.53856063,1.0000,false
V4T003791,47.183378,-53.798674,Star,3.86562080,0.3000,false
V4T003792,34.261564,-58.435728,BGS,1.90172996,0.4500,false
V4T003793,357.956878,-27.275716,LRG,0.40369753,1.0000,false
V4T003794,41.503038,-56.532485,BGS,1.26063791,0.4500,false
V4T003795,346.605088,-29.625521,QSO,0.41741747,1.7000,true
V4T003796,29.161044,-39.498778,ELG,0.34695598,1.0000,false
V4T003797,346.472663,-29.613167,BGS,1.71215196,0.4500,false
V4T003798,343.097080,-25.466384,BGS,1.26080170,0.4500,false
V4T003799,36.612770,-49.363859,BGS,1.27904346,0.4500,false
V4T003800,15.517098,-46.602210,ELG,0.56431805,1.0000,false
V4T003801,347.442813,-35.609675,ELG,0.49459641,1.0000,false
V4T003802,47.526353,-49.468432,ELG,0.76330539,1.0000,false
V4T003803,48.355127,-41.149477,LRG,0.38482460,1.0000,false
V4T003804,340.852587,-33.805716,BGS,1.40433497,0.4500,false
V4T003805,23.773415,-53.687803,LRG,0.28739447,1.0000,false
V4T003806,352.167714,-19.195041,Star,3.96369317,0.3000,false
V4T003807,13.896618,-48.537229,Star,3.64773713,0.3000,false
V4T003808,343.359189,-25.252523,QSO,0.22511923,1.7000,false
V4T003809,351.819967,-17.527698,ELG,0.63155021,1.0000,false
V4T003810,46.610881,-51.911827,LRG,0.35104951,1.0000,false
V4T003811,23.607405,-58.107044,BGS,1.44558995,0.4500,false
V4T003812,1.299309,-28.994704,LRG,0.32759967,1.0000,false
V4T003813,358.294923,-27.084623,ELG,0.66634570,1.0000,false
V4T003814,44.330610,-38.702625,BGS,1.57048051,0.4500,false
V4T003815,345.633447,-34.774689,BGS,1.42025773,0.4500,false
V4T003816,32.614802,-34.263355,ELG,0.42733414,1.0000,false
V4T003817,46.795164,-42.237228,QSO,0.27397205,1.7000,false
V4T003818,1.565946,-22.378208,ELG,0.47406740,1.0000,false
V4T003819,32.870213,-42.451054,QSO,0.13304382,1.7000,false
V4T003820,41.164352,-40.045486,QSO,0.10818472,1.7000,false
V4T003821,339.825895,-37.076719,BGS,0.83261662,0.4500,false
V4T003822,352.535354,-18.647689,BGS,1.12928315,0.4500,true
V4T003823,358.259548,-22.616369,LRG,0.31128714,1.0000,false
V4T003824,352.159439,-18.381241,ELG,0.78573787,1.0000,false
V4T003825,48.691061,-51.481187,BGS,1.81255934,0.4500,false
V4T003826,342.654472,-25.435716,LRG,0.41362172,1.0000,false
V4T003827,345.116709,-35.140191,ELG,0.70709097,1.0000,false
V4T003828,31.789669,-37.069184,LRG,0.48028702,1.0000,false
V4T003829,3.027391,-24.327527,QSO,0.11676920,1.7000,false
V4T003830,37.652884,-44.095615,BGS,1.19386226,0.4500,false
V4T003831,35.560193,-36.898587,ELG,0.42982541,1.0000,false
V4T003832,356.947342,-25.511355,BGS,1.12379423,0.4500,false
V4T003833,356.995250,-21.733992,ELG,0.37055622,1.0000,false
V4T003834,355.914080,-20.638702,BGS,0.96286731,0.4500,false
V4T003835,1.306204,-32.666757,LRG,0.16093290,1.0000,false
V4T003836,336.159023,-30.266011,BGS,1.29711235,0.4500,true
V4T003837,358.971858,-31.075106,ELG,0.26359441,1.0000,false
V4T003838,51.343438,-56.823234,ELG,0.30663077,1.0000,false
V4T003839,341.459865,-20.803807,BGS,0.86315626,0.4500,false
V4T003840,28.916246,-42.891176,ELG,0.74004244,1.0000,false
V4T003841,46.782915,-55.101168,LRG,0.55164950,1.0000,false
V4T003842,31.528864,-52.795795,ELG,0.98419080,1.0000,false
V4T003843,343.112301,-21.580486,ELG,0.29898577,1.0000,false
V4T003844,1.608121,-26.717345,ELG,0.98016908,1.0000,false
V4T003845,54.393947,-52.102607,QSO,0.06687424,1.7000,false
V4T003846,358.564638,-23.552443,ELG,0.36339783,1.0000,false
V4T003847,348.428697,-16.287125,BGS,1.12058118,0.4500,false
V4T003848,339.809727,-25.057398,BGS,1.07112733,0.4500,false
V4T003849,55.657537,-51.192785,LRG,0.24161297,1.0000,false
V4T003850,352.500869,-18.577687,ELG,0.59038086,1.0000,false
V4T003851,29.080876,-55.623131,QSO,0.10339955,1.7000,false
V4T003852,355.076205,-26.837727,Star,4.05756783,0.3000,false
V4T003853,23.770126,-42.647912,ELG,0.65709808,1.0000,false
V4T003854,0.342968,-21.661001,QSO,0.12646397,1.7000,false
V4T003855,42.279254,-56.135715,ELG,0.56487749,1.0000,false
V4T003856,53.525962,-50.452689,LRG,0.39783490,1.0000,false
V4T003857,347.123144,-39.794134,LRG,0.46060448,1.0000,false
V4T003858,24.554455,-57.741999,BGS,1.65523685,0.4500,true
V4T003859,347.495720,-24.957752,QSO,0.08779501,1.7000,true
V4T003860,37.504214,-50.096348,BGS,1.23218082,0.4500,false
V4T003861,351.143891,-18.706674,QSO,0.26324086,1.7000,false
V4T003862,23.269585,-38.001724,ELG,0.82244830,1.0000,false
V4T003863,28.857642,-41.249152,Star,4.08674095,0.3000,false
V4T003864,24.656064,-59.307971,Star,6.77936081,0.3000,false
V4T003865,351.749178,-28.047417,QSO,0.21011543,1.7000,false
V4T003866,356.893377,-35.442033,ELG,0.71900666,1.0000,false
V4T003867,54.518259,-51.076645,ELG,0.63690114,1.0000,false
V4T003868,351.145122,-21.024248,BGS,1.16145898,0.4500,true
V4T003869,54.221673,-50.602982,ELG,0.30757383,1.0000,false
V4T003870,46.135498,-46.820427,BGS,2.15555440,0.4500,false
V4T003871,348.425449,-32.092375,BGS,1.20271992,0.4500,false
V4T003872,54.558092,-50.385324,ELG,0.71938829,1.0000,false
V4T003873,340.077681,-35.322287,ELG,0.41295506,1.0000,false
V4T003874,1.081253,-28.003705,BGS,0.99179792,0.4500,true
V4T003875,34.217824,-55.384764,QSO,0.10927540,1.7000,false
V4T003876,53.934606,-50.738251,QSO,0.27714679,1.7000,false
V4T003877,19.277833,-42.272571,LRG,0.55959597,1.0000,false
V4T003878,0.909379,-35.233465,BGS,1.76002801,0.4500,false
V4T003879,356.356779,-32.657653,ELG,0.21734400,1.0000,false
V4T003880,342.136495,-36.313349,BGS,0.77956736,0.4500,false
V4T003881,45.097872,-39.624785,LRG,0.47846256,1.0000,false
V4T003882,353.738672,-21.136584,QSO,0.24001099,1.7000,false
V4T003883,342.391420,-25.121553,ELG,0.33115081,1.0000,false
V4T003884,356.987423,-36.244780,BGS,1.08785166,0.4500,false
V4T003885,38.627400,-50.423441,ELG,0.47894158,1.0000,false
V4T003886,38.163054,-50.327922,ELG,0.59783736,1.0000,false
V4T003887,32.785534,-52.403228,ELG,0.44288694,1.0000,false
V4T003888,27.070683,-49.208410,QSO,0.12273611,1.7000,false
V4T003889,346.709625,-37.870727,BGS,0.98846237,0.4500,false
V4T003890,357.897866,-35.850169,QSO,0.14821062,1.7000,false
V4T003891,356.561873,-39.656333,QSO,0.37222156,1.7000,false
V4T003892,351.591626,-36.196333,BGS,2.10028339,0.4500,true
V4T003893,42.464522,-56.989918,LRG,0.22701316,1.0000,false
V4T003894,55.933622,-47.666888,LRG,0.39489097,1.0000,false
V4T003895,340.135267,-30.614381,BGS,1.49061801,0.4500,false
V4T003896,36.099350,-50.201053,ELG,0.55095457,1.0000,false
V4T003897,1.311539,-34.659403,BGS,1.41052477,0.4500,false
V4T003898,0.463328,-24.923298,BGS,1.68093458,0.4500,false
V4T003899,37.136892,-54.117437,ELG,0.61046986,1.0000,false
V4T003900,46.594458,-42.915553,BGS,0.62318979,0.4500,false
V4T003901,347.766082,-31.341143,LRG,0.39510915,1.0000,false
V4T003902,39.400056,-56.565242,ELG,0.68906100,1.0000,false
V4T003903,355.877018,-37.696726,ELG,0.55781209,1.0000,false
V4T003904,343.513665,-25.306325,LRG,0.27658953,1.0000,false
V4T003905,33.821996,-34.313614,ELG,1.06007885,1.0000,false
V4T003906,344.466119,-25.126762,QSO,0.49481567,1.7000,false
V4T003907,28.275439,-41.684044,ELG,0.39579150,1.0000,false
V4T003908,45.263661,-44.452805,ELG,0.43004535,1.0000,false
V4T003909,354.793365,-29.095353,LRG,0.32872562,1.0000,false
V4T003910,42.711636,-40.972176,LRG,0.21239006,1.0000,false
V4T003911,36.914964,-41.413638,ELG,0.79328015,1.0000,false
V4T003912,16.875719,-55.070310,LRG,0.24598230,1.0000,false
V4T003913,341.590129,-27.060841,BGS,1.21285381,0.4500,false
V4T003914,25.760347,-35.577058,ELG,0.47359520,1.0000,false
V4T003915,354.495569,-28.005509,QSO,0.12797527,1.7000,false
V4T003916,28.454478,-37.166597,ELG,0.49755460,1.0000,false
V4T003917,336.028609,-31.157584,BGS,0.93780939,0.4500,false
V4T003918,2.118484,-34.508190,Star,2.82512939,0.3000,false
V4T003919,24.108291,-46.143038,QSO,0.55188017,1.7000,false
V4T003920,352.051063,-19.208455,ELG,0.24101078,1.0000,false
V4T003921,357.244436,-21.974017,QSO,0.08752165,1.7000,true
V4T003922,41.157104,-57.270167,BGS,0.97906209,0.4500,true
V4T003923,343.361568,-25.046330,QSO,0.22411419,1.7000,false
V4T003924,29.258281,-54.958328,BGS,0.95309969,0.4500,false
V4T003925,47.700063,-42.761857,BGS,0.86330696,0.4500,false
V4T003926,46.983507,-47.239055,ELG,0.40302287,1.0000,false
V4T003927,40.500010,-37.184744,ELG,0.69334647,1.0000,false
V4T003928,354.212275,-30.905827,ELG,0.65424615,1.0000,false
V4T003929,33.148885,-39.082165,Star,4.82051471,0.3000,false
V4T003930,347.055556,-22.423914,BGS,0.74531777,0.4500,false
V4T003931,352.720362,-38.636426,ELG,0.70855408,1.0000,false
V4T003932,358.904855,-27.189595,Star,3.85839529,0.3000,false
V4T003933,359.023213,-37.663082,ELG,0.82603901,1.0000,false
V4T003934,1.236879,-28.337168,BGS,1.35642488,0.4500,false
V4T003935,350.589642,-29.107547,ELG,0.46509145,1.0000,false
V4T003936,38.722799,-51.678928,BGS,0.87243559,0.4500,false
V4T003937,19.801275,-41.342549,LRG,0.46817969,1.0000,false
V4T003938,22.391499,-37.339638,BGS,1.01700890,0.4500,false
V4T003939,56.483264,-50.499345,BGS,1.45739628,0.4500,false
V4T003940,33.418282,-59.303055,BGS,0.87549002,0.4500,false
V4T003941,2.263783,-24.953164,BGS,1.41138649,0.4500,false
V4T003942,347.293345,-30.430170,ELG,0.49352117,1.0000,false
V4T003943,351.815424,-18.645430,ELG,0.76110112,1.0000,false
V4T003944,24.055566,-52.407147,LRG,0.38916787,1.0000,false
V4T003945,22.322019,-49.643988,ELG,0.51660064,1.0000,false
V4T003946,25.297741,-53.904516,BGS,1.30938967,0.4500,false
V4T003947,351.133965,-16.049729,ELG,1.11725974,1.0000,false
V4T003948,352.242812,-18.585466,ELG,0.35508269,1.0000,false
V4T003949,24.763814,-39.361334,ELG,0.46054930,1.0000,false
V4T003950,53.133047,-51.762668,QSO,0.46410289,1.7000,false
V4T003951,345.239706,-38.178443,ELG,0.94063525,1.0000,false
V4T003952,28.916897,-42.112257,LRG,0.58237199,1.0000,false
V4T003953,342.121383,-38.295298,BGS,1.19202976,0.4500,false
V4T003954,24.988108,-48.777008,ELG,0.60569010,1.0000,false
V4T003955,32.381605,-54.588380,LRG,0.33505625,1.0000,false
V4T003956,346.666887,-25.170396,LRG,0.35653127,1.0000,false
V4T003957,1.329293,-26.721663,Star,4.72040358,0.3000,false
V4T003958,355.239901,-26.291903,QSO,0.10532088,1.7000,false
V4T003959,352.407195,-18.067197,LRG,0.32205887,1.0000,false
V4T003960,29.558949,-60.688070,LRG,0.38423052,1.0000,false
V4T003961,28.404803,-52.631241,LRG,0.26134356,1.0000,false
V4T003962,356.562301,-38.747579,QSO,0.20701704,1.7000,false
V4T003963,345.285512,-32.713419,QSO,0.29855599,1.7000,false
V4T003964,38.012807,-52.519964,ELG,0.85334500,1.0000,false
V4T003965,35.900158,-45.991922,QSO,0.19050548,1.7000,false
V4T003966,28.369839,-48.615776,BGS,1.36160558,0.4500,false
V4T003967,55.882382,-48.854263,LRG,0.46029196,1.0000,false
V4T003968,26.821798,-46.829741,QSO,0.09337659,1.7000,false
V4T003969,37.567077,-42.225533,ELG,0.95224776,1.0000,false
V4T003970,41.243450,-36.000533,BGS,1.03657459,0.4500,false
V4T003971,41.789032,-35.811446,QSO,0.35168241,1.7000,false
V4T003972,353.857232,-17.353783,BGS,2.45408416,0.4500,false
V4T003973,41.390762,-38.171240,LRG,0.26504201,1.0000,false
V4T003974,39.453766,-47.441666,QSO,0.11737982,1.7000,false
V4T003975,37.682924,-43.691150,Star,3.29110976,0.3000,false
V4T003976,339.900679,-24.665288,Star,2.91532710,0.3000,false
V4T003977,3.198696,-28.530322,ELG,0.43169279,1.0000,false
V4T003978,357.797477,-27.081936,BGS,0.89605408,0.4500,true
V4T003979,343.754356,-34.567494,ELG,1.11379753,1.0000,false
V4T003980,34.735170,-43.942164,QSO,0.13165959,1.7000,false
V4T003981,354.369100,-35.131954,QSO,0.08437773,1.7000,false
V4T003982,37.282780,-49.221197,BGS,1.55661504,0.4500,false
V4T003983,348.628884,-20.315239,ELG,0.51850905,1.0000,false
V4T003984,37.069002,-40.737455,QSO,0.15666164,1.7000,false
V4T003985,44.547145,-46.150696,BGS,1.83438798,0.4500,false
V4T003986,51.414904,-54.807492,Star,5.46873358,0.3000,false
V4T003987,352.578511,-22.787640,BGS,1.52701949,0.4500,false
V4T003988,355.548739,-15.105064,BGS,0.71452408,0.4500,false
V4T003989,27.850620,-45.778860,BGS,2.22798742,0.4500,false
V4T003990,46.691691,-60.515532,ELG,0.67809831,1.0000,false
V4T003991,356.677326,-26.005838,BGS,1.08416228,0.4500,false
V4T003992,358.581911,-38.683321,ELG,0.90662646,1.0000,false
V4T003993,342.853866,-24.677161,ELG,1.02746617,1.0000,false
V4T003994,354.447353,-15.979514,LRG,0.26728266,1.0000,false
V4T003995,2.248137,-27.619980,LRG,0.31506607,1.0000,false
V4T003996,51.231666,-59.021338,BGS,0.81852709,0.4500,false
V4T003997,343.975134,-37.580410,BGS,1.02500222,0.4500,false
V4T003998,353.666212,-38.082942,BGS,1.27722368,0.4500,false
V4T003999,341.697382,-22.422828,BGS,1.10943410,0.4500,false
V4T004000,358.101594,-26.580704,ELG,0.34431842,1.0000,false
V4T004001,19.732671,-41.249416,ELG,0.59612096,1.0000,false
V4T004002,341.906637,-27.759816,LRG,0.18750946,1.0000,false
V4T004003,352.370322,-16.136585,ELG,0.43715285,1.0000,false
V4T004004,26.287132,-38.293619,LRG,0.70523655,1.0000,false
V4T004005,353.740707,-17.264320,ELG,0.71302836,1.0000,false
V4T004006,46.087830,-39.775184,QSO,0.17463027,1.7000,true
V4T004007,1.977317,-33.241280,ELG,0.59123825,1.0000,false
V4T004008,356.471850,-37.867037,Star,4.74359902,0.3000,false
V4T004009,1.805008,-21.110644,ELG,0.32959865,1.0000,false
V4T004010,358.620900,-26.662226,QSO,0.29858941,1.7000,false
V4T004011,26.406779,-36.804211,QSO,0.09135002,1.7000,false
V4T004012,38.326946,-49.819634,ELG,0.39355252,1.0000,false
V4T004013,23.027015,-56.176235,ELG,0.56204222,1.0000,true
V4T004014,29.016240,-38.888890,LRG,0.45678921,1.0000,false
V4T004015,346.891850,-34.816044,ELG,0.80450725,1.0000,false
V4T004016,354.570022,-20.031676,QSO,0.19338327,1.7000,false
V4T004017,42.885674,-40.998000,Star,3.72111623,0.3000,false
V4T004018,49.791320,-52.027906,QSO,0.18179952,1.7000,false
V4T004019,343.335788,-24.575077,BGS,1.54842397,0.4500,false
V4T004020,54.097258,-51.493746,QSO,0.44314054,1.7000,false
V4T004021,341.840469,-34.661506,ELG,0.31602085,1.0000,false
V4T004022,33.299669,-46.099139,ELG,0.48187434,1.0000,false
V4T004023,341.713429,-21.231370,Star,2.86207676,0.3000,false
V4T004024,2.946852,-31.816594,LRG,0.21035516,1.0000,false
V4T004025,41.933276,-52.742366,QSO,0.34934833,1.7000,false
V4T004026,343.678617,-23.430149,ELG,0.99471797,1.0000,false
V4T004027,38.208927,-49.710729,QSO,0.16644474,1.7000,false
V4T004028,38.902091,-35.704199,Star,3.68529000,0.3000,false
V4T004029,41.910198,-61.194035,QSO,0.25290704,1.7000,false
V4T004030,350.667039,-28.691493,Star,3.32873338,0.3000,false
V4T004031,27.182719,-46.815524,ELG,0.46878843,1.0000,false
V4T004032,36.771714,-36.365592,BGS,0.66685375,0.4500,false
V4T004033,50.365438,-48.847710,ELG,0.33071021,1.0000,false
V4T004034,45.892192,-43.018199,LRG,0.50533022,1.0000,false
V4T004035,2.236553,-26.098888,ELG,0.39833934,1.0000,false
V4T004036,358.003556,-26.490654,LRG,0.44773562,1.0000,false
V4T004037,37.327234,-49.751619,BGS,1.14447278,0.4500,false
V4T004038,36.494127,-43.759495,ELG,0.40216385,1.0000,false
V4T004039,42.994463,-44.233001,BGS,1.36640611,0.4500,false
V4T004040,48.323586,-42.024596,ELG,0.34653185,1.0000,false
V4T004041,345.483888,-27.632145,BGS,1.22599657,0.4500,false
V4T004042,50.962049,-46.367277,LRG,0.34142790,1.0000,false
V4T004043,355.815423,-19.851476,ELG,0.46343497,1.0000,false
V4T004044,346.006027,-30.405545,BGS,1.05815026,0.4500,false
V4T004045,44.523828,-38.973899,LRG,0.34532885,1.0000,false
V4T004046,351.736505,-37.924394,BGS,1.59847660,0.4500,false
V4T004047,349.135306,-21.973657,LRG,0.48779940,1.0000,false
V4T004048,337.106451,-29.563345,Star,2.76966994,0.3000,false
V4T004049,31.082355,-42.606910,ELG,0.29220895,1.0000,false
V4T004050,344.002062,-23.953452,BGS,2.42717360,0.4500,false
V4T004051,26.290976,-43.281400,ELG,0.38774207,1.0000,false
V4T004052,358.268086,-34.607270,BGS,1.21998184,0.4500,false
V4T004053,38.498259,-38.223747,BGS,1.69288610,0.4500,false
V4T004054,3.187606,-29.075731,LRG,0.39176995,1.0000,false
V4T004055,29.140071,-45.910632,ELG,0.58712295,1.0000,false
V4T004056,349.274256,-24.110674,BGS,1.07970972,0.4500,false
V4T004057,1.626247,-23.454030,QSO,0.21232732,1.7000,false
V4T004058,342.743354,-18.642412,ELG,0.45056254,1.0000,false
V4T004059,26.961151,-35.486169,BGS,0.98213139,0.4500,false
V4T004060,46.896176,-41.336224,ELG,0.51394430,1.0000,false
V4T004061,1.681584,-28.169659,BGS,0.98500063,0.4500,false
V4T004062,354.844547,-19.641256,QSO,0.19399287,1.7000,false
V4T004063,26.972771,-46.834262,ELG,0.50644318,1.0000,false
V4T004064,41.808855,-52.749707,BGS,0.85445481,0.4500,false
V4T004065,349.587146,-14.496828,ELG,1.51025723,1.0000,false
V4T004066,353.382988,-33.880703,ELG,0.63092408,1.0000,false
V4T004067,343.678821,-25.351879,LRG,0.45480793,1.0000,false
V4T004068,3.399732,-25.953671,Star,3.64239052,0.3000,false
V4T004069,42.151064,-53.713802,LRG,0.38757014,1.0000,false
V4T004070,350.360543,-32.381115,ELG,0.75071054,1.0000,false
V4T004071,33.844526,-52.257949,BGS,0.79498438,0.4500,false
V4T004072,56.841533,-51.592023,Star,4.36133204,0.3000,false
V4T004073,341.157414,-35.216590,LRG,0.38746069,1.0000,false
V4T004074,31.792001,-33.194082,LRG,0.37362092,1.0000,false
V4T004075,23.972159,-46.930912,ELG,0.51680624,1.0000,false
V4T004076,43.568779,-46.784717,ELG,0.50369949,1.0000,false
V4T004077,34.644585,-42.624378,LRG,0.28117443,1.0000,false
V4T004078,352.548987,-18.060238,QSO,0.07860444,1.7000,false
V4T004079,351.938193,-35.681299,ELG,0.77854989,1.0000,false
V4T004080,24.140868,-41.937357,ELG,0.74558764,1.0000,false
V4T004081,358.819858,-18.601835,LRG,0.24908303,1.0000,false
V4T004082,1.589597,-28.434055,Star,3.20007006,0.3000,false
V4T004083,32.177933,-35.601119,ELG,0.41730709,1.0000,false
V4T004084,18.550024,-54.605763,ELG,0.41047318,1.0000,false
V4T004085,355.513351,-39.846255,LRG,0.41113985,1.0000,false
V4T004086,28.373423,-53.655131,Star,4.96088359,0.3000,false
V4T004087,353.862406,-23.700455,BGS,1.48141936,0.4500,false
V4T004088,38.493768,-49.952899,ELG,0.68168942,1.0000,false
V4T004089,1.971795,-29.456451,ELG,0.44588869,1.0000,true
V4T004090,37.187579,-60.332908,LRG,0.58930093,1.0000,false
V4T004091,355.297894,-19.622780,ELG,0.87388098,1.0000,false
V4T004092,354.480173,-17.784476,BGS,1.13160062,0.4500,false
V4T004093,349.988593,-36.760727,BGS,1.75649587,0.4500,true
V4T004094,352.912774,-17.656419,LRG,0.51269864,1.0000,false
V4T004095,53.327056,-54.760358,BGS,1.32291476,0.4500,false
V4T004096,357.914154,-30.599953,LRG,0.31757914,1.0000,false
V4T004097,26.213824,-50.925972,Star,4.99450522,0.3000,false
V4T004098,351.327837,-25.674175,ELG,0.30731428,1.0000,true
V4T004099,37.519172,-45.172165,Star,2.86761835,0.3000,false
V4T004100,37.375050,-56.694904,ELG,0.76719930,1.0000,false
V4T004101,344.937172,-32.222998,LRG,0.32839220,1.0000,false
V4T004102,357.603908,-30.439562,LRG,0.26864854,1.0000,false
V4T004103,27.099634,-47.063815,QSO,0.16152084,1.7000,false
V4T004104,14.789968,-49.471551,ELG,0.47604290,1.0000,false
V4T004105,24.552066,-46.452232,ELG,0.70656467,1.0000,false
V4T004106,44.054042,-45.798712,ELG,0.47395630,1.0000,false
V4T004107,345.921023,-23.596096,BGS,1.43745992,0.4500,false
V4T004108,352.332973,-26.703188,ELG,0.59705843,1.0000,false
V4T004109,346.052474,-17.099831,ELG,0.47203035,1.0000,false
V4T004110,40.710557,-56.959796,Star,3.78261342,0.3000,false
V4T004111,32.292259,-53.813027,LRG,0.42604762,1.0000,false
V4T004112,353.558415,-18.780483,Star,5.32587595,0.3000,true
V4T004113,32.824847,-55.118029,ELG,0.48053958,1.0000,false
V4T004114,2.240349,-28.407836,LRG,0.33108084,1.0000,false
V4T004115,26.957515,-34.745594,BGS,0.78061123,0.4500,false
V4T004116,356.139897,-37.909989,QSO,0.13632209,1.7000,false
V4T004117,347.545773,-35.233482,QSO,0.20206602,1.7000,false
V4T004118,41.255412,-57.582219,BGS,0.97918471,0.4500,false
V4T004119,25.702262,-53.413827,ELG,0.40794095,1.0000,false
V4T004120,338.562558,-31.264746,QSO,0.19885384,1.7000,false
V4T004121,351.381124,-18.997542,ELG,0.49797427,1.0000,false
V4T004122,40.291239,-44.940178,Star,4.06005565,0.3000,false
V4T004123,355.996342,-19.240047,QSO,0.14676454,1.7000,false
V4T004124,25.671963,-46.115862,ELG,0.91746496,1.0000,false
V4T004125,345.774716,-38.809462,Star,3.30773508,0.3000,false
V4T004126,51.649383,-57.322188,ELG,0.50154256,1.0000,false
V4T004127,346.740965,-30.354259,BGS,1.07631978,0.4500,false
V4T004128,346.757077,-25.763705,ELG,0.97998600,1.0000,false
V4T004129,356.222315,-19.979178,Star,3.02799143,0.3000,true
V4T004130,350.067020,-24.054024,LRG,0.50125450,1.0000,false
V4T004131,355.868351,-19.608527,BGS,0.67093796,0.4500,true
V4T004132,37.648225,-50.362035,ELG,0.28743959,1.0000,false
V4T004133,19.079452,-43.743121,LRG,0.34509220,1.0000,false
V4T004134,342.401789,-34.333338,Star,4.07014350,0.3000,false
V4T004135,344.253052,-24.661406,ELG,0.66999136,1.0000,false
V4T004136,32.801589,-44.020425,BGS,2.13371909,0.4500,false
V4T004137,354.899735,-15.768906,LRG,0.44405396,1.0000,false
V4T004138,0.731757,-27.431353,ELG,0.50627104,1.0000,false
V4T004139,1.144363,-21.144892,LRG,0.24693470,1.0000,false
V4T004140,352.520407,-25.190305,ELG,0.65709337,1.0000,false
V4T004141,351.354619,-25.830879,LRG,0.31988124,1.0000,false
V4T004142,347.390951,-34.724823,QSO,0.17435711,1.7000,false
V4T004143,351.966840,-40.125602,LRG,0.26920318,1.0000,false
V4T004144,346.401916,-39.440289,ELG,0.93551564,1.0000,false
V4T004145,343.080987,-30.012475,ELG,0.65302193,1.0000,false
V4T004146,22.878603,-39.617702,ELG,0.52318706,1.0000,false
V4T004147,32.182300,-43.093053,ELG,0.64771714,1.0000,false
V4T004148,354.445513,-35.734595,ELG,0.71270237,1.0000,false
V4T004149,349.204736,-17.753775,QSO,0.23902068,1.7000,false
V4T004150,345.097102,-34.610173,LRG,0.33203104,1.0000,false
V4T004151,18.367336,-56.805288,LRG,0.28655697,1.0000,false
V4T004152,40.676493,-56.769932,Star,3.03960604,0.3000,false
V4T004153,34.168731,-49.269672,ELG,0.92649917,1.0000,true
V4T004154,358.079235,-26.802877,BGS,1.00017298,0.4500,false
V4T004155,344.157302,-25.059152,ELG,1.03254267,1.0000,false
V4T004156,17.034837,-55.209977,ELG,0.69728469,1.0000,false
V4T004157,359.898906,-31.754440,LRG,0.22038268,1.0000,false
V4T004158,35.064169,-59.469572,QSO,0.25515668,1.7000,false
V4T004159,344.334514,-26.912512,QSO,0.23887947,1.7000,false
V4T004160,352.677888,-17.497009,LRG,0.32800274,1.0000,false
V4T004161,357.727083,-26.514794,BGS,1.34481556,0.4500,false
V4T004162,27.618021,-42.091348,BGS,0.98404705,0.4500,false
V4T004163,31.992723,-57.552511,ELG,0.36699777,1.0000,true
V4T004164,36.315473,-46.033472,BGS,1.06988109,0.4500,false
V4T004165,342.578193,-24.872851,QSO,0.12047000,1.7000,false
V4T004166,44.517093,-39.980513,LRG,0.61196954,1.0000,false
V4T004167,51.965062,-45.022431,ELG,0.57046411,1.0000,false
V4T004168,44.338916,-39.091593,ELG,0.70864263,1.0000,false
V4T004169,34.147878,-39.370349,Star,3.09809487,0.3000,true
V4T004170,45.036475,-53.723967,LRG,0.20772948,1.0000,false
V4T004171,38.413366,-41.379330,QSO,0.42919324,1.7000,false
V4T004172,42.124446,-60.385851,Star,5.62122358,0.3000,false
V4T004173,357.978520,-28.834421,ELG,0.36587840,1.0000,false
V4T004174,29.753866,-40.372767,LRG,0.34868487,1.0000,false
V4T004175,32.854993,-57.171954,BGS,1.00221488,0.4500,false
V4T004176,351.407243,-23.496325,BGS,1.27137060,0.4500,false
V4T004177,347.861634,-31.648227,LRG,0.20829502,1.0000,false
V4T004178,40.150844,-53.673492,ELG,0.57502542,1.0000,false
V4T004179,358.615442,-36.983095,BGS,1.45746200,0.4500,false
V4T004180,350.215663,-30.687337,BGS,0.82922982,0.4500,false
V4T004181,42.336884,-55.228080,LRG,0.26178461,1.0000,false
V4T004182,53.791324,-50.832967,BGS,1.91961313,0.4500,false
V4T004183,47.148391,-41.890786,ELG,0.61357638,1.0000,false
V4T004184,2.085889,-34.954551,QSO,0.14867561,1.7000,false
V4T004185,47.566629,-40.360517,ELG,0.41080356,1.0000,false
V4T004186,43.699183,-57.648146,QSO,0.30823279,1.7000,false
V4T004187,34.408093,-43.340967,BGS,2.74776985,0.4500,false
V4T004188,38.212314,-50.517923,Star,5.89497869,0.3000,false
V4T004189,35.394359,-56.649853,BGS,2.04847055,0.4500,false
V4T004190,1.057615,-29.498932,Star,4.59380144,0.3000,false
V4T004191,356.735662,-21.156999,LRG,0.25932620,1.0000,false
V4T004192,2.346271,-28.697218,ELG,0.64754316,1.0000,false
V4T004193,340.429736,-23.011068,ELG,0.42336194,1.0000,false
V4T004194,350.186302,-31.276907,QSO,0.12171880,1.7000,false
V4T004195,358.887533,-38.530406,ELG,0.80480456,1.0000,false
V4T004196,46.764094,-41.390106,QSO,0.23203657,1.7000,false
V4T004197,14.772536,-51.237076,BGS,0.76701260,0.4500,false
V4T004198,47.533997,-49.251783,LRG,0.45666403,1.0000,true
V4T004199,50.632349,-47.672079,BGS,1.26857589,0.4500,false
V4T004200,44.918101,-40.692021,ELG,0.44245199,1.0000,false
V4T004201,30.436019,-43.117561,LRG,0.33416114,1.0000,false
V4T004202,1.655924,-28.004904,LRG,0.24268718,1.0000,false
V4T004203,31.228026,-48.270974,ELG,0.74972212,1.0000,false
V4T004204,35.557259,-44.107683,Star,3.20241728,0.3000,false
V4T004205,25.526199,-45.152378,LRG,0.32353406,1.0000,false
V4T004206,350.379071,-37.234373,ELG,0.23260347,1.0000,true
V4T004207,28.032682,-37.680569,ELG,0.40711046,1.0000,false
V4T004208,343.836308,-25.666716,ELG,0.96699005,1.0000,false
V4T004209,340.378453,-22.301691,ELG,0.45532342,1.0000,false
V4T004210,341.136245,-23.298020,ELG,0.76186676,1.0000,false
V4T004211,340.650848,-27.912069,ELG,0.40272484,1.0000,false
V4T004212,345.392020,-27.384429,LRG,0.33143530,1.0000,false
V4T004213,33.456536,-58.194905,ELG,0.48178438,1.0000,false
V4T004214,344.834570,-19.242759,LRG,0.64631120,1.0000,false
V4T004215,355.381858,-19.924068,LRG,0.21894949,1.0000,false
V4T004216,47.288568,-40.828177,LRG,0.29001473,1.0000,false
V4T004217,343.384448,-25.025578,LRG,0.22756076,1.0000,false
V4T004218,46.953732,-57.963990,LRG,0.33015649,1.0000,false
V4T004219,49.153378,-52.781645,ELG,0.62342623,1.0000,false
V4T004220,35.773667,-43.181451,ELG,0.33924171,1.0000,false
V4T004221,1.563873,-28.724640,ELG,0.52295925,1.0000,false
V4T004222,343.824373,-28.723350,LRG,0.34996029,1.0000,false
V4T004223,357.473560,-19.739728,ELG,0.51834779,1.0000,false
V4T004224,44.013776,-37.957069,LRG,0.40169973,1.0000,false
V4T004225,54.228259,-51.617603,QSO,0.11754631,1.7000,false
V4T004226,350.126389,-33.019920,Star,3.34510416,0.3000,false
V4T004227,353.436638,-17.602810,QSO,0.23991944,1.7000,false
V4T004228,25.354337,-44.423075,ELG,0.23790289,1.0000,false
V4T004229,25.995140,-36.914000,BGS,1.90985594,0.4500,false
V4T004230,349.366555,-22.759714,LRG,0.40625740,1.0000,false
V4T004231,29.317806,-36.604257,BGS,1.45802055,0.4500,false
V4T004232,0.158482,-36.446698,LRG,0.33670105,1.0000,false
V4T004233,34.795000,-45.133291,ELG,0.27402569,1.0000,false
V4T004234,343.430568,-25.174758,BGS,0.65245720,0.4500,false
V4T004235,0.654004,-36.104562,ELG,0.62104858,1.0000,false
V4T004236,351.953521,-16.855964,LRG,0.38653216,1.0000,false
V4T004237,29.714386,-43.882018,ELG,0.65701723,1.0000,false
V4T004238,37.161765,-50.592885,BGS,1.13252594,0.4500,false
V4T004239,1.372048,-28.268069,ELG,0.97945967,1.0000,false
V4T004240,341.222953,-37.135410,ELG,0.59394437,1.0000,false
V4T004241,2.510985,-28.240949,ELG,0.59781881,1.0000,false
V4T004242,355.879323,-21.089020,Star,2.61597765,0.3000,false
V4T004243,24.655543,-46.275220,ELG,0.41235499,1.0000,false
V4T004244,43.125442,-51.574667,ELG,0.98802065,1.0000,false
V4T004245,45.131336,-39.084436,BGS,1.51117866,0.4500,false
V4T004246,44.748659,-45.533490,QSO,0.22270233,1.7000,true
V4T004247,54.438781,-57.850256,BGS,0.77658821,0.4500,false
V4T004248,343.697732,-25.485022,ELG,0.43556519,1.0000,false
V4T004249,17.221624,-49.815698,LRG,0.29345448,1.0000,false
V4T004250,36.649892,-49.825739,BGS,2.09999509,0.4500,false
V4T004251,44.583967,-59.197568,ELG,0.60392269,1.0000,true
V4T004252,357.004045,-39.515341,ELG,0.46645963,1.0000,true
V4T004253,2.408753,-31.599447,LRG,0.61989729,1.0000,false
V4T004254,26.965219,-56.205366,BGS,1.02459904,0.4500,false
V4T004255,353.945007,-17.957014,Star,4.12485010,0.3000,false
V4T004256,46.866812,-41.128001,QSO,0.07850673,1.7000,false
V4T004257,343.379866,-20.391869,ELG,0.49803362,1.0000,false
V4T004258,346.948453,-30.649721,BGS,1.41508923,0.4500,false
V4T004259,351.702294,-19.262224,LRG,0.33903108,1.0000,false
V4T004260,36.772751,-33.963528,QSO,0.30121355,1.7000,false
V4T004261,18.704972,-40.430610,ELG,0.58142473,1.0000,false
V4T004262,339.456376,-35.926153,ELG,0.31554796,1.0000,false
V4T004263,48.305581,-41.411846,BGS,2.29833751,0.4500,true
V4T004264,1.185761,-27.618771,BGS,1.46648132,0.4500,false
V4T004265,1.686944,-23.403682,LRG,0.27158689,1.0000,false
V4T004266,55.026561,-50.928277,ELG,0.39925127,1.0000,false
V4T004267,41.358774,-56.792893,BGS,1.13798693,0.4500,true
V4T004268,352.903560,-21.263860,BGS,1.39062249,0.4500,false
V4T004269,45.538325,-42.546519,ELG,0.42794077,1.0000,false
V4T004270,359.273578,-28.342717,ELG,0.32912284,1.0000,false
V4T004271,354.668561,-19.293666,ELG,0.58302721,1.0000,false
V4T004272,356.888927,-26.679014,LRG,0.35258255,1.0000,false
V4T004273,349.512250,-24.452062,BGS,0.95334366,0.4500,false
V4T004274,354.558760,-23.612738,ELG,0.72778187,1.0000,false
V4T004275,40.827174,-56.201394,ELG,0.38092662,1.0000,false
V4T004276,46.249790,-40.940005,QSO,0.09504551,1.7000,false
V4T004277,344.070166,-21.701196,QSO,0.22748503,1.7000,false
V4T004278,345.816836,-30.238454,BGS,1.70610983,0.4500,true
V4T004279,44.634326,-39.617196,QSO,0.21753983,1.7000,false
V4T004280,36.538428,-50.997644,BGS,2.11737509,0.4500,false
V4T004281,337.632211,-27.179430,QSO,0.19620166,1.7000,false
V4T004282,43.602400,-38.092707,QSO,0.11111627,1.7000,false
V4T004283,47.274917,-41.534361,BGS,1.44952168,0.4500,false
V4T004284,43.233816,-57.826712,QSO,0.35469825,1.7000,false
V4T004285,48.041410,-44.126330,BGS,2.07356099,0.4500,false
V4T004286,50.477129,-49.644387,ELG,0.49682765,1.0000,false
V4T004287,49.880914,-56.739383,LRG,0.25668843,1.0000,false
V4T004288,344.328959,-24.813619,QSO,0.25370961,1.7000,false
V4T004289,355.436609,-20.568716,BGS,1.30453637,0.4500,false
V4T004290,348.603103,-29.528036,BGS,2.06464488,0.4500,false
V4T004291,351.738646,-18.051742,BGS,0.94478475,0.4500,false
V4T004292,35.884145,-34.591895,Star,4.09257400,0.3000,false
V4T004293,20.215933,-43.657355,BGS,1.89433323,0.4500,false
V4T004294,340.563729,-25.701809,BGS,2.34336302,0.4500,false
V4T004295,29.209097,-34.504584,ELG,0.43066596,1.0000,false
V4T004296,350.127670,-23.915790,QSO,0.29877875,1.7000,false
V4T004297,339.233028,-29.344034,BGS,0.92506360,0.4500,false
V4T004298,43.203401,-60.218727,ELG,0.81251936,1.0000,false
V4T004299,45.473692,-45.239769,ELG,0.67783107,1.0000,false
V4T004300,353.204591,-27.318629,ELG,0.48719477,1.0000,false
V4T004301,46.135675,-41.735102,ELG,0.37269750,1.0000,false
V4T004302,35.090795,-47.888790,ELG,0.72242677,1.0000,false
V4T004303,344.276659,-25.975172,ELG,0.26043506,1.0000,true
V4T004304,38.390029,-60.707611,LRG,0.30582819,1.0000,false
V4T004305,50.178115,-58.660186,LRG,0.48543077,1.0000,false
V4T004306,344.590087,-24.783443,BGS,0.69456023,0.4500,false
V4T004307,353.541179,-18.780355,BGS,1.21160987,0.4500,false
V4T004308,353.101421,-36.042683,ELG,0.33195968,1.0000,false
V4T004309,343.813879,-25.242575,BGS,1.32645099,0.4500,false
V4T004310,47.076445,-41.751883,ELG,0.28367288,1.0000,false
V4T004311,26.636714,-35.577569,ELG,0.25413320,1.0000,false
V4T004312,353.336100,-17.538424,Star,3.45215377,0.3000,false
V4T004313,343.436954,-25.409054,ELG,0.90803848,1.0000,false
V4T004314,51.715810,-53.818142,LRG,0.36215147,1.0000,false
V4T004315,357.768952,-26.722235,ELG,0.58693561,1.0000,false
V4T004316,55.556003,-51.191609,ELG,0.44996500,1.0000,false
V4T004317,37.505099,-34.242286,LRG,0.50231530,1.0000,false
V4T004318,351.958877,-20.934105,BGS,1.66320378,0.4500,false
V4T004319,54.844102,-51.200805,LRG,0.43124366,1.0000,false
V4T004320,342.581286,-30.380153,ELG,0.40423225,1.0000,false
V4T004321,2.301369,-34.004613,ELG,0.54306893,1.0000,false
V4T004322,40.344636,-48.323625,BGS,1.84754310,0.4500,false
V4T004323,343.373099,-24.891592,QSO,0.23815834,1.7000,false
V4T004324,339.868850,-36.378183,LRG,0.28398146,1.0000,false
V4T004325,49.166523,-46.817414,QSO,0.25769415,1.7000,false
V4T004326,346.244616,-29.601543,ELG,0.24093495,1.0000,false
V4T004327,1.888731,-29.688833,LRG,0.35665549,1.0000,false
V4T004328,23.798830,-44.176404,LRG,0.24627714,1.0000,false
V4T004329,345.872888,-31.033727,ELG,0.82449025,1.0000,false
V4T004330,33.003733,-49.888246,BGS,1.86249693,0.4500,false
V4T004331,19.653626,-51.636238,QSO,0.17387974,1.7000,false
V4T004332,350.702108,-24.666737,QSO,0.09694136,1.7000,false
V4T004333,25.838544,-58.179147,BGS,1.26422885,0.4500,false
V4T004334,352.735644,-15.438677,ELG,0.68552149,1.0000,false
V4T004335,343.323139,-33.042391,Star,4.88602542,0.3000,false
V4T004336,339.648269,-30.925305,ELG,0.48164500,1.0000,false
V4T004337,346.307527,-29.869271,ELG,0.34990296,1.0000,false
V4T004338,52.724396,-57.139464,LRG,0.31708522,1.0000,false
V4T004339,358.758156,-27.274124,ELG,0.24901044,1.0000,false
V4T004340,41.839383,-56.238770,QSO,0.27232665,1.7000,false
V4T004341,39.837754,-57.840691,QSO,0.37767627,1.7000,false
V4T004342,42.979545,-51.926829,ELG,0.80092131,1.0000,false
V4T004343,34.903315,-55.935317,LRG,0.34444980,1.0000,false
V4T004344,16.719230,-52.816153,BGS,0.80807011,0.4500,false
V4T004345,38.271082,-50.663463,ELG,1.00688566,1.0000,false
V4T004346,1.637574,-31.427146,BGS,2.07145973,0.4500,false
V4T004347,357.315586,-35.250388,BGS,1.06276170,0.4500,false
V4T004348,357.103748,-19.515009,ELG,0.38484557,1.0000,false
V4T004349,37.051966,-52.447715,BGS,2.16914314,0.4500,false
V4T004350,1.608215,-28.557175,ELG,0.70342598,1.0000,false
V4T004351,355.350991,-19.485720,ELG,0.54195985,1.0000,false
V4T004352,351.399521,-18.832729,LRG,0.38631797,1.0000,false
V4T004353,357.767055,-26.725937,LRG,0.24140508,1.0000,false
V4T004354,359.870986,-25.155129,BGS,1.27163511,0.4500,false
V4T004355,346.284303,-29.844108,QSO,0.20027449,1.7000,false
V4T004356,358.165472,-25.948475,BGS,1.18633726,0.4500,false
V4T004357,28.789473,-43.229414,BGS,1.37063516,0.4500,false
V4T004358,33.350916,-46.760196,ELG,0.48481295,1.0000,false
V4T004359,343.979510,-29.143655,ELG,0.39077068,1.0000,false
V4T004360,347.454851,-30.091825,QSO,0.29618543,1.7000,false
V4T004361,356.242764,-19.065284,BGS,1.48806906,0.4500,false
V4T004362,27.957502,-52.302841,QSO,0.13781948,1.7000,false
V4T004363,353.999741,-22.654813,Star,3.69552152,0.3000,false
V4T004364,349.178620,-34.017228,LRG,0.26546130,1.0000,false
V4T004365,23.277112,-42.165517,BGS,2.11309267,0.4500,false
V4T004366,41.579065,-56.672163,LRG,0.42694445,1.0000,false
V4T004367,357.968121,-27.879923,ELG,0.52712627,1.0000,false
V4T004368,20.094163,-49.767272,LRG,0.35066838,1.0000,false
V4T004369,39.417208,-44.714818,ELG,0.26746000,1.0000,false
V4T004370,37.204976,-34.012042,ELG,0.81706964,1.0000,false
V4T004371,39.577518,-42.134451,BGS,1.75987595,0.4500,false
V4T004372,45.867531,-39.333856,ELG,1.20195629,1.0000,false
V4T004373,44.821544,-39.296552,ELG,1.36678931,1.0000,false
V4T004374,350.640697,-26.110544,QSO,0.19470694,1.7000,false
V4T004375,33.462876,-35.386839,BGS,0.96311448,0.4500,false
V4T004376,27.375876,-39.210795,ELG,0.57059449,1.0000,false
V4T004377,52.565447,-51.189842,QSO,0.22835567,1.7000,false
V4T004378,340.750482,-22.522770,QSO,0.07710270,1.7000,false
V4T004379,56.930683,-51.071799,ELG,0.46225436,1.0000,false
V4T004380,42.875322,-56.722357,ELG,0.72155895,1.0000,false
V4T004381,36.759697,-42.613207,Star,3.36413900,0.3000,false
V4T004382,356.239703,-20.806641,LRG,0.36329149,1.0000,false
V4T004383,44.708645,-39.565814,ELG,0.69960435,1.0000,false
V4T004384,353.719542,-31.996849,BGS,0.66063693,0.4500,false
V4T004385,54.685179,-50.843716,BGS,1.89660337,0.4500,false
V4T004386,39.239248,-53.986373,QSO,0.41443379,1.7000,false
V4T004387,46.325060,-44.646526,Star,4.70568410,0.3000,false
V4T004388,40.820212,-48.116681,ELG,0.34573415,1.0000,false
V4T004389,46.839481,-41.865301,QSO,0.13621469,1.7000,false
V4T004390,52.254204,-46.222953,QSO,0.47840010,1.7000,false
V4T004391,347.456115,-30.015259,LRG,0.40475396,1.0000,false
V4T004392,53.264926,-49.498116,ELG,0.98027189,1.0000,false
V4T004393,37.608119,-50.013631,ELG,0.46516832,1.0000,false
V4T004394,354.820632,-19.029918,BGS,1.08225356,0.4500,false
V4T004395,338.378793,-27.066136,BGS,1.01323743,0.4500,false
V4T004396,18.707008,-55.619449,ELG,0.98115664,1.0000,false
V4T004397,355.211748,-28.235458,ELG,0.26479291,1.0000,false
V4T004398,37.817754,-56.267570,ELG,0.68864041,1.0000,false
V4T004399,352.082167,-18.368479,Star,2.30667926,0.3000,false
V4T004400,346.848029,-29.971023,BGS,1.83534183,0.4500,false
V4T004401,34.683660,-36.399825,ELG,0.56512936,1.0000,false
V4T004402,19.055247,-40.373021,ELG,0.38372797,1.0000,false
V4T004403,40.836981,-56.846134,BGS,1.61137289,0.4500,false
V4T004404,345.096422,-22.280292,ELG,0.68586289,1.0000,false
V4T004405,344.074364,-33.629079,BGS,1.73666671,0.4500,false
V4T004406,337.928512,-30.511832,QSO,0.18789612,1.7000,false
V4T004407,28.886728,-41.488962,ELG,0.91691247,1.0000,false
V4T004408,55.419097,-51.291874,LRG,0.41004685,1.0000,false
V4T004409,56.066349,-51.382311,ELG,0.71311027,1.0000,false
V4T004410,37.249084,-50.401755,LRG,0.33700494,1.0000,false
V4T004411,29.907395,-42.727167,ELG,0.55158924,1.0000,false
V4T004412,38.841124,-45.926558,LRG,0.58695512,1.0000,false
V4T004413,37.831575,-34.744467,ELG,1.09366485,1.0000,false
V4T004414,53.894558,-50.354814,ELG,0.70556103,1.0000,false
V4T004415,53.012817,-51.479602,ELG,0.57213474,1.0000,false
V4T004416,349.663448,-15.630926,BGS,1.39516924,0.4500,false
V4T004417,39.546994,-60.461982,ELG,0.69618118,1.0000,false
V4T004418,26.927235,-54.806912,LRG,0.25717106,1.0000,false
V4T004419,33.462153,-58.544753,QSO,0.20641756,1.7000,false
V4T004420,45.733618,-39.090936,ELG,0.80145717,1.0000,false
V4T004421,353.876614,-15.565345,BGS,1.94445627,0.4500,false
V4T004422,28.560164,-51.279270,ELG,1.25393138,1.0000,false
V4T004423,350.883566,-18.894492,LRG,0.26725732,1.0000,false
V4T004424,25.956596,-40.952150,ELG,0.42388694,1.0000,false
V4T004425,355.245316,-18.860109,ELG,0.42780580,1.0000,false
V4T004426,336.698815,-30.340299,BGS,0.85081031,0.4500,false
V4T004427,337.471541,-28.343083,BGS,2.03858904,0.4500,false
V4T004428,345.984194,-30.747685,QSO,0.15513686,1.7000,false
V4T004429,30.947933,-34.343773,QSO,0.19598836,1.7000,false
V4T004430,356.140027,-30.004005,QSO,0.05236694,1.7000,false
V4T004431,30.386166,-50.753448,BGS,1.40624026,0.4500,false
V4T004432,348.358510,-24.581403,BGS,0.86784761,0.4500,false
V4T004433,37.779171,-50.512464,Star,4.81660617,0.3000,false
V4T004434,348.559922,-24.895588,BGS,1.46386867,0.4500,false
V4T004435,350.711228,-36.882683,ELG,0.87454213,1.0000,false
V4T004436,19.267640,-44.610361,ELG,0.77081782,1.0000,false
V4T004437,45.606824,-39.895231,BGS,0.78085434,0.4500,false
V4T004438,39.807341,-39.791532,LRG,0.36974499,1.0000,false
V4T004439,355.751602,-19.637944,ELG,0.43033131,1.0000,false
V4T004440,349.835522,-27.476309,BGS,2.41405762,0.4500,false
V4T004441,37.956459,-42.560098,QSO,0.10945625,1.7000,false
V4T004442,32.420481,-41.256933,BGS,1.24801529,0.4500,false
V4T004443,48.494935,-47.524242,Star,3.61253234,0.3000,false
V4T004444,33.240623,-34.921287,LRG,0.41024131,1.0000,false
V4T004445,41.795619,-43.236312,Star,4.99361869,0.3000,false
V4T004446,46.891918,-42.159530,BGS,1.58284800,0.4500,false
V4T004447,21.270617,-48.196170,BGS,1.31452566,0.4500,false
V4T004448,1.412167,-21.069495,LRG,0.24925965,1.0000,false
V4T004449,354.938636,-40.203430,QSO,0.07508783,1.7000,false
V4T004450,352.785189,-32.004532,BGS,1.07868200,0.4500,false
V4T004451,24.946346,-58.834580,QSO,0.34369293,1.7000,false
V4T004452,39.308731,-49.958181,BGS,1.26477020,0.4500,false
V4T004453,337.457113,-24.959910,LRG,0.33488126,1.0000,false
V4T004454,14.789252,-51.642304,QSO,0.17863665,1.7000,false
V4T004455,347.478276,-16.436126,BGS,0.81865188,0.4500,false
V4T004456,33.997572,-50.289768,ELG,1.09177486,1.0000,false
V4T004457,355.414227,-19.800190,ELG,0.52372213,1.0000,false
V4T004458,28.230486,-37.996207,QSO,0.23732881,1.7000,false
V4T004459,349.343125,-22.262844,QSO,0.31816783,1.7000,false
V4T004460,344.435483,-38.848286,QSO,0.32590003,1.7000,false
V4T004461,19.936935,-39.998908,QSO,0.10353511,1.7000,false
V4T004462,2.171379,-28.164801,QSO,0.17399147,1.7000,true
V4T004463,43.094643,-45.111218,LRG,0.47678111,1.0000,false
V4T004464,344.736789,-33.082604,ELG,0.33664055,1.0000,true
V4T004465,357.678905,-16.591772,QSO,0.11088685,1.7000,false
V4T004466,351.480998,-30.183946,BGS,1.34773042,0.4500,false
V4T004467,353.582002,-23.560100,LRG,0.53647744,1.0000,false
V4T004468,345.413111,-17.420011,LRG,0.24037894,1.0000,false
V4T004469,356.303684,-20.056376,ELG,0.79865517,1.0000,false
V4T004470,359.070827,-29.520744,LRG,0.46082072,1.0000,false
V4T004471,342.493098,-20.323229,LRG,0.51171961,1.0000,false
V4T004472,355.466171,-28.197803,ELG,0.26138810,1.0000,false
V4T004473,2.441028,-29.071793,BGS,1.70139720,0.4500,false
V4T004474,4.173947,-29.972157,ELG,0.50302698,1.0000,false
V4T004475,352.192606,-18.559812,Star,3.93541271,0.3000,false
V4T004476,2.405877,-29.312453,ELG,0.56210857,1.0000,false
V4T004477,22.241096,-55.814348,LRG,0.32225096,1.0000,false
V4T004478,24.911225,-52.925887,ELG,0.49005225,1.0000,false
V4T004479,342.229950,-25.246225,ELG,0.51339757,1.0000,false
V4T004480,37.677730,-47.790418,LRG,0.22453909,1.0000,false
V4T004481,351.018449,-19.323182,BGS,0.87514163,0.4500,true
V4T004482,355.286575,-24.369274,BGS,1.15893743,0.4500,false
V4T004483,46.033399,-60.936171,QSO,0.33750194,1.7000,false
V4T004484,45.478559,-39.822933,LRG,0.29893610,1.0000,false
V4T004485,44.333373,-44.123480,Star,4.15338387,0.3000,false
V4T004486,353.224785,-35.793608,LRG,0.21944520,1.0000,false
V4T004487,37.590998,-49.562033,BGS,1.23760553,0.4500,false
V4T004488,354.681664,-18.843332,BGS,1.05979725,0.4500,false
V4T004489,48.960007,-58.395764,BGS,1.14683241,0.4500,false
V4T004490,351.280481,-18.766472,LRG,0.28320582,1.0000,false
V4T004491,36.868132,-50.453816,ELG,0.26021635,1.0000,false
V4T004492,335.854730,-29.051064,LRG,0.64031315,1.0000,true
V4T004493,34.078681,-43.696649,Star,3.43938573,0.3000,false
V4T004494,43.700217,-56.816888,ELG,0.54043204,1.0000,false
V4T004495,18.183825,-56.977146,Star,3.93626402,0.3000,false
V4T004496,348.378298,-23.769114,BGS,1.21628456,0.4500,false
V4T004497,3.509620,-28.225817,BGS,1.18951628,0.4500,false
V4T004498,353.054007,-16.945520,ELG,0.57244287,1.0000,false
V4T004499,19.951537,-41.366231,ELG,0.54631343,1.0000,false
V4T004500,51.712182,-48.458881,BGS,2.14751627,0.4500,false
V4T004501,344.832678,-30.766319,LRG,0.39732456,1.0000,false
V4T004502,26.798470,-37.304351,QSO,0.25659291,1.7000,false
V4T004503,21.684781,-50.060925,ELG,0.40139596,1.0000,false
V4T004504,44.830105,-44.006259,BGS,1.71798425,0.4500,false
V4T004505,336.400157,-29.012339,ELG,0.77524768,1.0000,false
V4T004506,32.429030,-41.548114,Star,5.11693186,0.3000,false
V4T004507,354.588875,-40.240413,Star,3.20582857,0.3000,false
V4T004508,352.545281,-39.919676,BGS,1.96414341,0.4500,false
V4T004509,351.695061,-17.287590,ELG,1.06104499,1.0000,false
V4T004510,15.939994,-52.016414,BGS,1.08896051,0.4500,false
V4T004511,26.991453,-48.128030,ELG,1.04089327,1.0000,false
V4T004512,54.492786,-50.944393,BGS,0.82705305,0.4500,false
V4T004513,28.847732,-57.799247,BGS,2.95138001,0.4500,false
V4T004514,338.816121,-26.234886,QSO,0.17917063,1.7000,false
V4T004515,34.332554,-52.909674,QSO,0.12437808,1.7000,false
V4T004516,358.733069,-26.631341,QSO,0.18909635,1.7000,false
V4T004517,354.079279,-37.745690,ELG,0.36514973,1.0000,false
V4T004518,25.451998,-39.151696,BGS,0.69452048,0.4500,false
V4T004519,47.963061,-53.081074,BGS,1.10539600,0.4500,false
V4T004520,33.873297,-44.179591,BGS,1.51948200,0.4500,false
V4T004521,31.194878,-41.836988,ELG,0.79614999,1.0000,false
V4T004522,345.028378,-23.017180,QSO,0.37233798,1.7000,false
V4T004523,345.522041,-30.461716,ELG,0.67143024,1.0000,false
V4T004524,348.626015,-35.621929,QSO,0.15752570,1.7000,false
V4T004525,354.197170,-19.991503,ELG,0.63298266,1.0000,false
V4T004526,20.858415,-53.513197,ELG,0.63516801,1.0000,false
V4T004527,1.880655,-28.466392,ELG,0.68975974,1.0000,false
V4T004528,346.701041,-30.041118,Star,4.65459961,0.3000,false
V4T004529,346.600749,-27.929957,Star,4.41539327,0.3000,false
V4T004530,56.787492,-52.241741,Star,2.95051903,0.3000,false
V4T004531,352.508540,-17.069064,BGS,0.98639233,0.4500,false
V4T004532,0.295577,-37.058202,ELG,0.47472180,1.0000,false
V4T004533,346.607661,-18.537663,QSO,0.09279235,1.7000,false
V4T004534,346.245264,-29.942736,BGS,1.15945983,0.4500,false
V4T004535,43.172278,-36.885790,BGS,2.53222864,0.4500,false
V4T004536,28.403462,-37.993942,QSO,0.12386715,1.7000,false
V4T004537,44.423176,-39.610830,LRG,0.37389111,1.0000,false
V4T004538,37.085296,-34.348592,BGS,1.21635644,0.4500,false
V4T004539,44.000400,-38.627531,ELG,0.24771225,1.0000,false
V4T004540,54.587621,-50.632434,Star,5.08639175,0.3000,false
V4T004541,347.452562,-22.343354,ELG,0.31105865,1.0000,false
V4T004542,343.870446,-25.362647,Star,3.72665345,0.3000,false
V4T004543,54.549710,-52.096828,ELG,0.80804534,1.0000,false
V4T004544,355.938820,-15.808260,BGS,1.05569250,0.4500,false
V4T004545,344.348777,-33.537486,ELG,0.66654190,1.0000,false
V4T004546,43.538254,-60.369291,BGS,0.81789583,0.4500,false
V4T004547,340.906205,-32.636008,Star,3.95689902,0.3000,false
V4T004548,355.828991,-15.927142,BGS,0.85644008,0.4500,false
V4T004549,351.343175,-18.982401,ELG,0.39283054,1.0000,false
V4T004550,344.616373,-32.905899,ELG,0.42497379,1.0000,false
V4T004551,348.429062,-23.173340,ELG,0.37258100,1.0000,false
V4T004552,346.358554,-30.292270,LRG,0.10594865,1.0000,false
V4T004553,348.385067,-33.019183,Star,3.46204302,0.3000,false
V4T004554,2.157022,-28.751731,ELG,0.54182437,1.0000,false
V4T004555,343.547957,-27.837132,LRG,0.20872699,1.0000,false
V4T004556,29.866120,-40.920240,LRG,0.40584521,1.0000,false
V4T004557,35.632278,-61.000000,LRG,0.38368638,1.0000,false
V4T004558,348.226002,-30.331233,QSO,0.15651381,1.7000,true
V4T004559,358.128044,-20.515993,BGS,0.87458380,0.4500,false
V4T004560,357.924607,-32.839637,ELG,0.82746390,1.0000,false
V4T004561,37.731038,-50.705122,LRG,0.31543613,1.0000,false
V4T004562,355.258494,-15.251293,LRG,0.41751703,1.0000,false
V4T004563,352.651783,-29.906209,BGS,0.96686238,0.4500,false
V4T004564,342.007391,-23.781169,ELG,0.88658137,1.0000,false
V4T004565,24.563250,-45.632450,ELG,0.52639787,1.0000,false
V4T004566,31.308441,-54.990253,BGS,1.12437652,0.4500,false
V4T004567,358.967172,-22.874115,ELG,0.27266449,1.0000,false
V4T004568,23.221208,-49.474399,ELG,1.48305598,1.0000,false
V4T004569,352.733421,-18.760189,ELG,0.84003229,1.0000,false
V4T004570,352.027921,-18.090440,LRG,0.37805151,1.0000,false
V4T004571,45.821006,-44.516517,BGS,1.11009633,0.4500,false
V4T004572,40.048811,-51.365890,Star,4.07697285,0.3000,false
V4T004573,0.988464,-31.072835,BGS,1.14821560,0.4500,true
V4T004574,358.455255,-28.233073,QSO,0.44098089,1.7000,false
V4T004575,345.846106,-29.869453,LRG,0.21886115,1.0000,false
V4T004576,48.259433,-40.937061,ELG,0.43467944,1.0000,false
V4T004577,353.502898,-15.199317,ELG,0.88491134,1.0000,false
V4T004578,20.736275,-58.398198,ELG,0.25706647,1.0000,false
V4T004579,3.600612,-28.204624,ELG,0.37033911,1.0000,true
V4T004580,20.355428,-40.672118,BGS,1.34495320,0.4500,false
V4T004581,35.349690,-53.340603,ELG,0.67254853,1.0000,false
V4T004582,53.932581,-45.447264,Star,5.23114127,0.3000,false
V4T004583,17.170333,-52.587649,ELG,0.66987073,1.0000,false
V4T004584,358.543531,-25.370232,BGS,1.40826160,0.4500,false
V4T004585,341.619166,-35.844480,LRG,0.40512470,1.0000,false
V4T004586,37.478815,-53.262149,LRG,0.30377078,1.0000,false
V4T004587,37.309554,-40.446643,BGS,1.12871585,0.4500,false
V4T004588,34.606711,-54.924392,QSO,0.12780597,1.7000,false
V4T004589,355.856267,-26.606243,LRG,0.76892177,1.0000,false
V4T004590,343.053506,-23.726640,QSO,0.18198138,1.7000,false
V4T004591,356.516539,-19.241611,LRG,0.28312840,1.0000,false
V4T004592,32.405891,-43.728242,BGS,1.22789429,0.4500,false
V4T004593,358.658710,-37.889873,ELG,0.53105916,1.0000,false
V4T004594,32.523681,-60.413724,BGS,1.86453987,0.4500,false
V4T004595,46.388729,-39.870775,ELG,0.33531068,1.0000,false
V4T004596,354.526143,-25.998248,QSO,0.18078061,1.7000,false
V4T004597,359.008222,-21.887465,BGS,1.06461352,0.4500,false
V4T004598,346.119335,-31.170167,BGS,1.00995272,0.4500,false
V4T004599,343.339176,-24.858243,ELG,0.82097131,1.0000,false
V4T004600,357.784528,-21.934479,ELG,0.39215449,1.0000,false
V4T004601,29.698614,-44.226434,ELG,0.56459829,1.0000,false
V4T004602,16.605044,-55.087974,ELG,0.45780439,1.0000,false
V4T004603,40.342602,-56.204017,Star,3.77738031,0.3000,false
V4T004604,353.604890,-37.206092,QSO,0.34335299,1.7000,false
V4T004605,353.061400,-32.790857,ELG,0.45208648,1.0000,false
V4T004606,28.492139,-42.221004,ELG,0.16565910,1.0000,false
V4T004607,52.461274,-45.413987,LRG,0.28151008,1.0000,false
V4T004608,356.153768,-19.893048,LRG,0.41206433,1.0000,false
V4T004609,38.873682,-50.058407,LRG,0.28656364,1.0000,true
V4T004610,343.674615,-25.980230,BGS,1.64916344,0.4500,false
V4T004611,348.748713,-27.844805,ELG,0.55126483,1.0000,false
V4T004612,357.816568,-26.476162,BGS,1.74995052,0.4500,false
V4T004613,56.294763,-51.294175,LRG,0.41943635,1.0000,false
V4T004614,32.078313,-42.741324,LRG,0.25616330,1.0000,false
V4T004615,350.924779,-27.778581,Star,3.65396043,0.3000,false
V4T004616,343.557875,-25.288664,LRG,0.23295544,1.0000,false
V4T004617,37.312997,-60.532027,BGS,1.41857465,0.4500,false
V4T004618,357.094705,-30.928807,BGS,1.39680372,0.4500,false
V4T004619,54.186411,-50.204914,ELG,0.41708642,1.0000,false
V4T004620,38.433713,-50.576547,QSO,0.21281989,1.7000,false
V4T004621,38.936177,-49.472065,BGS,1.42803026,0.4500,false
V4T004622,358.348476,-25.856614,BGS,1.26898814,0.4500,false
V4T004623,40.133128,-57.550177,BGS,1.34657737,0.4500,false
V4T004624,350.957676,-16.479831,Star,6.81072372,0.3000,false
V4T004625,48.778345,-58.822440,BGS,0.93663742,0.4500,false
V4T004626,340.166218,-24.498342,ELG,0.79886458,1.0000,false
V4T004627,24.656716,-55.116579,ELG,0.71293092,1.0000,false
V4T004628,355.356429,-19.463230,QSO,0.50673470,1.7000,false
V4T004629,39.048444,-45.749341,LRG,0.28493407,1.0000,false
V4T004630,38.193757,-50.803120,LRG,0.27537221,1.0000,false
V4T004631,337.257887,-25.600008,Star,3.35693124,0.3000,false
V4T004632,21.459603,-56.847043,ELG,0.27226250,1.0000,false
V4T004633,44.938769,-39.461250,QSO,0.14192432,1.7000,false
V4T004634,44.512303,-38.582800,QSO,0.65915481,1.7000,false
V4T004635,29.275558,-52.859566,ELG,0.48713275,1.0000,false
V4T004636,18.124511,-41.777848,ELG,0.37850676,1.0000,false
V4T004637,338.550414,-34.897436,ELG,0.47318314,1.0000,false
V4T004638,355.422807,-20.107458,LRG,0.13087215,1.0000,false
V4T004639,342.327777,-33.952297,QSO,0.15080070,1.7000,false
V4T004640,46.976350,-46.492941,QSO,0.30385583,1.7000,false
V4T004641,47.502172,-46.116884,BGS,0.99355446,0.4500,false
V4T004642,40.758980,-39.879732,LRG,0.37573573,1.0000,false
V4T004643,345.833927,-30.344529,ELG,0.78995823,1.0000,false
V4T004644,46.612390,-50.090370,LRG,0.47649826,1.0000,false
V4T004645,44.444104,-44.688953,LRG,0.62489877,1.0000,false
V4T004646,29.296348,-53.748867,ELG,0.80194579,1.0000,false
V4T004647,349.043667,-37.695682,BGS,1.95381522,0.4500,false
V4T004648,343.734450,-29.626860,BGS,0.62785326,0.4500,false
V4T004649,48.554331,-43.361282,LRG,0.32270214,1.0000,false
V4T004650,54.895498,-55.182251,QSO,0.14915620,1.7000,false
V4T004651,38.542100,-37.785787,ELG,0.64116813,1.0000,false
V4T004652,355.258607,-26.371209,BGS,1.05134716,0.4500,false
V4T004653,354.787343,-25.605852,BGS,1.66237941,0.4500,false
V4T004654,345.884827,-25.086074,Star,4.07415886,0.3000,false
V4T004655,26.701059,-39.859206,ELG,0.29737312,1.0000,false
V4T004656,16.187365,-53.749262,ELG,0.47985813,1.0000,false
V4T004657,356.849279,-26.321378,BGS,1.25128499,0.4500,false
V4T004658,359.068593,-35.696753,BGS,1.78227903,0.4500,false
V4T004659,31.326416,-42.061925,BGS,1.23384529,0.4500,false
V4T004660,47.566066,-41.646429,QSO,0.14536270,1.7000,false
V4T004661,19.748196,-41.615500,ELG,0.38011479,1.0000,false
V4T004662,2.749374,-29.439133,BGS,1.00754114,0.4500,false
V4T004663,352.503602,-37.109349,QSO,0.20842553,1.7000,false
V4T004664,42.814164,-37.266437,ELG,0.81926674,1.0000,false
V4T004665,40.504251,-56.166248,BGS,1.52666208,0.4500,false
V4T004666,20.558824,-56.447068,BGS,0.84536627,0.4500,false
V4T004667,24.418843,-41.396058,QSO,0.12188272,1.7000,false
V4T004668,16.399112,-56.047479,Star,7.26249169,0.3000,false
V4T004669,346.170543,-29.990756,LRG,0.44988474,1.0000,true
V4T004670,351.776142,-27.313172,LRG,0.26597576,1.0000,false
V4T004671,42.042441,-55.462404,BGS,1.70975648,0.4500,false
V4T004672,356.088978,-39.518375,BGS,1.15362448,0.4500,false
V4T004673,3.094775,-24.771193,LRG,0.39014799,1.0000,false
V4T004674,39.658640,-40.225065,BGS,1.67703367,0.4500,false
V4T004675,41.585334,-39.805754,QSO,0.37911683,1.7000,false
V4T004676,353.767067,-25.349975,LRG,0.64642622,1.0000,false
V4T004677,341.256926,-30.694899,ELG,0.33324115,1.0000,true
V4T004678,352.504065,-17.772842,ELG,0.52566965,1.0000,true
V4T004679,24.382975,-49.855224,LRG,0.26628660,1.0000,false
V4T004680,49.041034,-43.078829,BGS,0.79705431,0.4500,false
V4T004681,25.593755,-47.470411,LRG,0.27338338,1.0000,false
V4T004682,27.653350,-52.827414,LRG,0.30669663,1.0000,false
V4T004683,3.267351,-27.462141,Star,3.06552486,0.3000,false
V4T004684,33.587688,-34.569217,LRG,0.31038266,1.0000,false
V4T004685,26.371135,-40.236272,QSO,0.19561717,1.7000,false
V4T004686,343.272439,-23.138920,BGS,0.82921050,0.4500,false
V4T004687,17.997536,-45.949546,BGS,0.97718438,0.4500,false
V4T004688,351.486557,-38.729658,BGS,1.20177634,0.4500,false
V4T004689,57.461614,-53.858758,BGS,1.06606283,0.4500,false
V4T004690,348.028891,-17.925035,Star,3.44020000,0.3000,true
V4T004691,37.099249,-49.934843,BGS,1.55623812,0.4500,false
V4T004692,350.634912,-33.114355,QSO,0.26165630,1.7000,false
V4T004693,343.296390,-24.693910,QSO,0.10519799,1.7000,false
V4T004694,357.912942,-26.973245,ELG,0.87392225,1.0000,false
V4T004695,343.371204,-30.372860,Star,3.56256030,0.3000,false
V4T004696,350.597745,-29.448294,ELG,1.24810443,1.0000,false
V4T004697,358.268905,-24.079355,BGS,1.23335000,0.4500,false
V4T004698,37.127074,-50.161345,LRG,0.45415187,1.0000,false
V4T004699,20.311141,-50.892560,BGS,0.91993686,0.4500,false
V4T004700,34.151759,-48.049655,Star,3.54650681,0.3000,false
V4T004701,26.128070,-52.644273,ELG,0.30798913,1.0000,false
V4T004702,44.775646,-38.967862,LRG,0.42393754,1.0000,false
V4T004703,352.505570,-15.830838,ELG,0.52634211,1.0000,false
V4T004704,348.196590,-27.602441,BGS,1.09831733,0.4500,false
V4T004705,37.937691,-49.779719,ELG,0.46219213,1.0000,false
V4T004706,46.241585,-39.182050,QSO,0.16610665,1.7000,false
V4T004707,29.502664,-41.793989,QSO,0.11395818,1.7000,false
V4T004708,24.479603,-53.020862,LRG,0.34894721,1.0000,false
V4T004709,358.662135,-18.489243,LRG,0.36528461,1.0000,false
V4T004710,48.016792,-47.690881,QSO,0.33643738,1.7000,false
V4T004711,357.976903,-27.203608,ELG,0.46610961,1.0000,false
V4T004712,35.685047,-50.322832,ELG,0.31751509,1.0000,false
V4T004713,354.620306,-19.472586,ELG,0.85980399,1.0000,false
V4T004714,39.272265,-52.565924,BGS,1.39146916,0.4500,false
V4T004715,357.779073,-25.949602,BGS,0.73522330,0.4500,false
V4T004716,53.373878,-52.145338,LRG,0.51952929,1.0000,false
V4T004717,347.729056,-34.939826,ELG,0.33223143,1.0000,false
V4T004718,56.745949,-51.959381,QSO,0.13903119,1.7000,false
V4T004719,340.851339,-23.082178,BGS,1.35446490,0.4500,false
V4T004720,43.404111,-48.233338,QSO,0.43579674,1.7000,false
V4T004721,42.264681,-57.080989,BGS,1.52652884,0.4500,false
V4T004722,341.701969,-26.486471,QSO,0.27648117,1.7000,false
V4T004723,56.570110,-55.644420,ELG,1.60467807,1.0000,false
V4T004724,0.136805,-21.439025,ELG,0.40287633,1.0000,false
V4T004725,357.980930,-25.941670,LRG,0.51111833,1.0000,false
V4T004726,345.294379,-30.774035,ELG,0.36384922,1.0000,false
V4T004727,33.614928,-42.060989,LRG,0.31821384,1.0000,false
V4T004728,30.219715,-34.039157,QSO,0.34043935,1.7000,false
V4T004729,39.954887,-56.331636,BGS,1.52875468,0.4500,false
V4T004730,47.531695,-40.899141,ELG,0.68171625,1.0000,false
V4T004731,1.668128,-27.479266,ELG,0.59124467,1.0000,false
V4T004732,37.325905,-56.182338,ELG,0.69821733,1.0000,false
V4T004733,355.441073,-36.861206,LRG,0.17927862,1.0000,false
V4T004734,1.916307,-28.871459,ELG,0.45921211,1.0000,false
V4T004735,51.938231,-48.553550,ELG,0.63392195,1.0000,false
V4T004736,48.400523,-56.206751,Star,5.00810300,0.3000,false
V4T004737,354.150702,-17.609469,BGS,0.87530272,0.4500,false
V4T004738,357.924050,-27.626421,QSO,0.30743072,1.7000,false
V4T004739,25.918826,-38.929899,Star,4.00852464,0.3000,true
V4T004740,21.580258,-48.851335,ELG,0.58940449,1.0000,false
V4T004741,351.693052,-17.780307,ELG,0.70751901,1.0000,false
V4T004742,351.574292,-18.261602,Star,5.32133096,0.3000,false
V4T004743,3.296819,-32.247796,ELG,0.42104341,1.0000,false
V4T004744,54.055164,-51.747670,LRG,0.31770406,1.0000,false
V4T004745,353.579948,-20.431832,BGS,1.25355367,0.4500,false
V4T004746,345.701376,-30.189965,BGS,1.04719670,0.4500,false
V4T004747,41.427253,-56.809307,BGS,0.82982080,0.4500,false
V4T004748,28.040291,-48.880280,LRG,0.45774053,1.0000,false
V4T004749,1.425622,-28.411964,ELG,0.33660942,1.0000,false
V4T004750,347.517895,-17.872870,BGS,1.48680124,0.4500,false
V4T004751,349.417685,-24.159812,ELG,0.43538370,1.0000,false
V4T004752,353.193566,-17.486056,ELG,0.49934542,1.0000,false
V4T004753,347.190532,-29.013854,ELG,1.17858086,1.0000,false
V4T004754,344.324774,-24.943607,LRG,0.48288756,1.0000,false
V4T004755,343.940392,-24.548531,LRG,0.26899773,1.0000,false
V4T004756,352.150872,-16.651998,LRG,0.31234963,1.0000,false
V4T004757,355.203590,-20.127275,ELG,0.45546439,1.0000,false
V4T004758,35.938672,-36.835458,LRG,0.22650248,1.0000,false
V4T004759,342.469847,-21.089074,LRG,0.14328656,1.0000,true
V4T004760,31.349427,-38.457209,QSO,0.32961174,1.7000,false
V4T004761,34.044625,-38.339456,ELG,0.88497639,1.0000,false
V4T004762,343.496566,-26.016006,ELG,0.53446298,1.0000,false
V4T004763,26.448544,-47.320218,LRG,0.66309699,1.0000,false
V4T004764,15.419961,-52.215950,LRG,0.37165074,1.0000,false
V4T004765,339.549264,-22.962407,ELG,0.35292471,1.0000,false
V4T004766,39.218880,-37.280795,ELG,0.49551147,1.0000,false
V4T004767,356.372330,-24.716536,LRG,0.28504160,1.0000,false
V4T004768,342.120005,-33.572270,LRG,0.43044610,1.0000,false
V4T004769,42.885518,-53.478584,ELG,0.49852882,1.0000,false
V4T004770,28.766748,-54.608220,LRG,0.40679076,1.0000,false
V4T004771,359.401181,-21.000774,ELG,0.32789670,1.0000,false
V4T004772,38.058731,-44.060022,LRG,0.31507929,1.0000,false
V4T004773,342.573000,-20.321360,LRG,0.28514862,1.0000,false
V4T004774,54.063327,-50.859137,Star,3.57617242,0.3000,false
V4T004775,351.110752,-39.474242,ELG,0.68111767,1.0000,false
V4T004776,0.681979,-35.787727,ELG,0.55983731,1.0000,false
V4T004777,344.109439,-25.078363,LRG,0.19822500,1.0000,false
V4T004778,357.882297,-33.478987,LRG,0.35418683,1.0000,false
V4T004779,54.982187,-52.153406,LRG,0.32200704,1.0000,false
V4T004780,348.812809,-29.598785,Star,3.47909249,0.3000,false
V4T004781,341.971438,-22.514428,BGS,1.03269683,0.4500,false
V4T004782,344.672333,-39.064010,BGS,0.97359158,0.4500,false
V4T004783,53.898133,-54.549940,Star,4.41303602,0.3000,false
V4T004784,34.745000,-50.684546,QSO,0.14613358,1.7000,false
V4T004785,348.245705,-20.344634,ELG,0.83689637,1.0000,false
V4T004786,41.746641,-57.402978,LRG,0.31566502,1.0000,false
V4T004787,350.111089,-38.530676,ELG,1.08426911,1.0000,false
V4T004788,24.787401,-54.349917,LRG,0.45769468,1.0000,false
V4T004789,359.506305,-17.351872,LRG,0.40432806,1.0000,false
V4T004790,38.137421,-50.128432,ELG,0.61709498,1.0000,false
V4T004791,2.363296,-23.957176,BGS,1.45289632,0.4500,false
V4T004792,44.094072,-43.131463,ELG,0.57232174,1.0000,false
V4T004793,50.445802,-53.956930,ELG,0.45558608,1.0000,false
V4T004794,18.176865,-42.443778,ELG,0.58928486,1.0000,false
V4T004795,356.671880,-30.168858,BGS,2.01175975,0.4500,false
V4T004796,29.078849,-49.194955,QSO,0.15088315,1.7000,false
V4T004797,47.188470,-40.722641,QSO,0.14287528,1.7000,false
V4T004798,22.553134,-45.504116,BGS,1.03272509,0.4500,false
V4T004799,48.200328,-44.792227,ELG,0.68195753,1.0000,false
V4T004800,344.677008,-25.629394,BGS,0.73780422,0.4500,false
V4T004801,54.242538,-50.685920,BGS,2.94603476,0.4500,false
V4T004802,357.783928,-38.329237,LRG,0.31472477,1.0000,false
V4T004803,39.449572,-54.308791,BGS,1.58437040,0.4500,false
V4T004804,15.974193,-52.909745,BGS,1.99796966,0.4500,false
V4T004805,22.997202,-56.615461,LRG,0.67110260,1.0000,false
V4T004806,42.425234,-54.821400,LRG,0.29043720,1.0000,false
V4T004807,31.323004,-47.905954,QSO,0.09908656,1.7000,false
V4T004808,359.317499,-31.513831,ELG,0.60202778,1.0000,false
V4T004809,21.225327,-55.531934,Star,4.75426937,0.3000,false
V4T004810,55.333137,-50.946244,ELG,0.77183931,1.0000,false
V4T004811,37.575705,-50.695705,ELG,0.53546237,1.0000,false
V4T004812,357.796438,-26.005033,BGS,2.13659215,0.4500,false
V4T004813,46.143964,-48.449067,QSO,0.45291320,1.7000,false
V4T004814,353.012196,-39.314732,Star,3.22888861,0.3000,false
V4T004815,1.369837,-28.271030,BGS,1.33237137,0.4500,true
V4T004816,49.014759,-53.747724,ELG,0.54572526,1.0000,false
V4T004817,24.504329,-41.351323,BGS,1.19403728,0.4500,false
V4T004818,42.167495,-47.440353,ELG,0.61658324,1.0000,false
V4T004819,338.414496,-26.013652,ELG,0.64871860,1.0000,false
V4T004820,2.419456,-26.497513,BGS,1.54333026,0.4500,false
V4T004821,49.626454,-42.862404,ELG,0.85436767,1.0000,false
V4T004822,351.214083,-18.661390,LRG,0.52155531,1.0000,false
V4T004823,32.367465,-47.855538,BGS,1.22160018,0.4500,false
V4T004824,343.671477,-29.685591,QSO,0.86308949,1.7000,false
V4T004825,24.917525,-45.982247,BGS,1.15555066,0.4500,false
V4T004826,2.897191,-27.475943,ELG,0.51503835,1.0000,false
V4T004827,352.848498,-21.603232,LRG,0.32082751,1.0000,false
V4T004828,359.129400,-28.404125,ELG,0.62505574,1.0000,true
V4T004829,39.390765,-35.717475,LRG,0.31582220,1.0000,false
V4T004830,32.341853,-35.116444,Star,2.53949793,0.3000,false
V4T004831,57.704178,-51.402109,ELG,0.28767978,1.0000,false
V4T004832,343.112932,-24.855777,QSO,0.13034636,1.7000,false
V4T004833,352.161886,-17.212781,BGS,1.24824473,0.4500,false
V4T004834,49.878608,-45.099164,Star,3.60177291,0.3000,false
V4T004835,359.197604,-25.303811,BGS,0.94018410,0.4500,false
V4T004836,355.030407,-37.547604,LRG,0.54572292,1.0000,false
V4T004837,358.875982,-27.311652,BGS,1.10434178,0.4500,false
V4T004838,345.796728,-30.604513,LRG,0.30356431,1.0000,false
V4T004839,357.980981,-24.369328,ELG,0.26158176,1.0000,false
V4T004840,33.173684,-34.403796,Star,6.32738611,0.3000,false
V4T004841,37.993414,-49.878671,LRG,0.38957776,1.0000,true
V4T004842,355.983296,-33.467258,QSO,0.48536839,1.7000,false
V4T004843,345.536307,-36.963301,Star,3.55491838,0.3000,false
V4T004844,37.082964,-50.443267,Star,3.56029932,0.3000,false
V4T004845,17.255810,-55.832837,BGS,0.80343439,0.4500,false
V4T004846,30.247047,-35.096920,ELG,0.37088842,1.0000,false
V4T004847,44.693853,-38.771334,Star,4.01752035,0.3000,false
V4T004848,16.624884,-44.009230,ELG,0.29361286,1.0000,false
V4T004849,348.753659,-34.531821,QSO,0.32120891,1.7000,false
V4T004850,16.006858,-51.969089,LRG,0.35789865,1.0000,false
V4T004851,344.598593,-26.499307,ELG,0.84840459,1.0000,false
V4T004852,32.510901,-33.193705,BGS,1.30393305,0.4500,false
V4T004853,2.511134,-28.961362,LRG,0.38786533,1.0000,false
V4T004854,342.916611,-38.040797,ELG,0.41062029,1.0000,false
V4T004855,39.681681,-44.247984,QSO,0.15695148,1.7000,false
V4T004856,53.848724,-51.505053,ELG,0.45003818,1.0000,false
V4T004857,346.767388,-37.321118,BGS,0.76421943,0.4500,false
V4T004858,351.645767,-18.641620,QSO,0.15955936,1.7000,false
V4T004859,345.424402,-29.923632,ELG,0.51315185,1.0000,false
V4T004860,348.244965,-25.376341,QSO,0.11095295,1.7000,false
V4T004861,45.180113,-38.884033,QSO,0.10647605,1.7000,false
V4T004862,48.565634,-46.296383,LRG,0.35908328,1.0000,false
V4T004863,25.762597,-52.277060,ELG,0.80822207,1.0000,false
V4T004864,35.202156,-38.821017,LRG,0.56445150,1.0000,false
V4T004865,33.881106,-40.651345,LRG,0.41926137,1.0000,true
V4T004866,351.485868,-24.153337,ELG,0.39373722,1.0000,false
V4T004867,25.913437,-34.791275,ELG,0.29423938,1.0000,false
V4T004868,4.045236,-31.317612,BGS,1.77253879,0.4500,false
V4T004869,350.687693,-16.453925,BGS,1.11785181,0.4500,false
V4T004870,50.441876,-54.514182,BGS,1.09771845,0.4500,false
V4T004871,348.155940,-24.751146,QSO,0.09143376,1.7000,false
V4T004872,342.572611,-32.094589,ELG,0.34593492,1.0000,false
V4T004873,31.149999,-40.055838,QSO,0.26505218,1.7000,false
V4T004874,354.663296,-19.473781,ELG,0.53362590,1.0000,false
V4T004875,31.474656,-43.373637,Star,3.37760086,0.3000,false
V4T004876,352.814582,-21.421074,BGS,1.79703787,0.4500,false
V4T004877,32.647904,-34.145589,ELG,0.54751208,1.0000,false
V4T004878,355.199140,-20.681699,LRG,0.34212162,1.0000,true
V4T004879,25.248395,-38.030959,BGS,0.87359687,0.4500,false
V4T004880,37.664692,-50.336015,Star,6.59464554,0.3000,false
V4T004881,21.842321,-46.587709,Star,7.58042715,0.3000,false
V4T004882,354.582195,-21.985255,ELG,0.36662655,1.0000,false
V4T004883,43.393867,-43.627076,LRG,0.35835411,1.0000,true
V4T004884,40.449064,-49.474776,QSO,0.18129779,1.7000,false
V4T004885,41.938416,-57.836073,LRG,0.32174824,1.0000,true
V4T004886,31.754588,-39.471482,BGS,1.16567765,0.4500,false
V4T004887,32.451026,-57.089297,QSO,0.06332324,1.7000,false
V4T004888,42.659107,-54.222043,BGS,1.30742442,0.4500,false
V4T004889,354.528685,-36.103462,LRG,0.56443194,1.0000,false
V4T004890,351.547879,-14.703336,ELG,0.48148890,1.0000,false
V4T004891,54.117596,-48.348811,QSO,0.10195743,1.7000,false
V4T004892,29.895215,-39.103913,ELG,0.37243724,1.0000,false
V4T004893,46.375932,-41.873939,ELG,0.27386080,1.0000,true
V4T004894,350.190298,-34.321899,ELG,0.54406393,1.0000,true
V4T004895,352.004684,-36.832934,ELG,0.80603818,1.0000,false
V4T004896,344.286178,-18.489337,ELG,0.53026202,1.0000,false
V4T004897,16.435114,-56.262601,BGS,1.13472816,0.4500,false
V4T004898,33.074694,-53.205847,BGS,1.63599546,0.4500,false
V4T004899,47.565449,-40.940477,LRG,0.40544495,1.0000,false
V4T004900,353.087750,-37.881216,ELG,0.81192974,1.0000,false
V4T004901,356.222943,-38.431029,ELG,0.32181653,1.0000,false
V4T004902,25.903326,-42.925438,ELG,0.67926375,1.0000,false
V4T004903,357.379248,-25.931140,QSO,0.16818450,1.7000,false
V4T004904,357.721736,-28.676017,ELG,0.95172331,1.0000,false
V4T004905,1.730975,-20.433504,BGS,1.49992130,0.4500,false
V4T004906,349.058568,-34.849823,QSO,0.13657350,1.7000,false
V4T004907,350.366366,-29.559136,BGS,1.25707689,0.4500,true
V4T004908,357.670340,-27.392219,ELG,0.57387674,1.0000,true
V4T004909,358.547561,-26.359706,ELG,0.49721907,1.0000,false
V4T004910,32.706361,-40.568455,ELG,0.76317623,1.0000,false
V4T004911,47.450234,-41.104089,BGS,1.71524882,0.4500,false
V4T004912,24.173008,-54.601659,BGS,1.20405627,0.4500,false
V4T004913,338.774176,-33.737839,Star,5.62465734,0.3000,false
V4T004914,346.004955,-28.961565,LRG,0.20482030,1.0000,false
V4T004915,337.503064,-27.807736,ELG,0.42742347,1.0000,false
V4T004916,17.264701,-42.587981,BGS,0.79101256,0.4500,false
V4T004917,352.739774,-35.924567,BGS,1.55539086,0.4500,false
V4T004918,359.239574,-36.330075,LRG,0.21584752,1.0000,false
V4T004919,344.898767,-26.444482,LRG,0.30682820,1.0000,false
V4T004920,16.662727,-54.532893,ELG,1.91395333,1.0000,false
V4T004921,0.813626,-26.222849,LRG,0.77820270,1.0000,true
V4T004922,354.658827,-18.537789,Star,8.10903249,0.3000,false
V4T004923,343.646731,-25.567098,QSO,0.14675268,1.7000,false
V4T004924,30.315132,-46.951847,Star,5.47230945,0.3000,false
V4T004925,1.580229,-34.848678,Star,4.72888169,0.3000,false
V4T004926,38.346697,-50.215163,BGS,1.77699074,0.4500,false
V4T004927,51.372740,-43.899987,ELG,0.33250846,1.0000,false
V4T004928,352.627480,-36.480571,ELG,0.51379787,1.0000,false
V4T004929,352.822488,-17.398185,BGS,0.64874789,0.4500,false
V4T004930,39.705299,-39.755365,ELG,0.40857241,1.0000,false
V4T004931,346.850506,-30.296932,ELG,0.64762536,1.0000,false
V4T004932,24.853644,-49.047710,Star,3.84580092,0.3000,false
V4T004933,349.661814,-40.303645,QSO,0.17839369,1.7000,false
V4T004934,1.564442,-28.919393,BGS,1.25088945,0.4500,false
V4T004935,358.981617,-38.517311,BGS,1.16100198,0.4500,false
V4T004936,351.302962,-25.461879,ELG,0.62344381,1.0000,false
V4T004937,55.999024,-51.324495,ELG,0.65770623,1.0000,false
V4T004938,29.164631,-43.185010,QSO,0.16915987,1.7000,false
V4T004939,38.516268,-44.154497,ELG,1.32244955,1.0000,true
V4T004940,49.742197,-59.585835,BGS,1.07856445,0.4500,false
V4T004941,356.258133,-20.429225,QSO,0.22526944,1.7000,false
V4T004942,346.270622,-30.677947,Star,5.69470554,0.3000,false
V4T004943,47.711078,-40.580496,BGS,1.65442392,0.4500,false
V4T004944,352.227727,-27.363596,ELG,0.37958834,1.0000,false
V4T004945,355.757200,-31.545507,BGS,1.20080507,0.4500,true
V4T004946,44.581157,-40.247316,BGS,1.08879191,0.4500,false
V4T004947,353.113161,-18.383150,LRG,0.36817936,1.0000,false
V4T004948,48.529372,-48.608147,BGS,1.50965515,0.4500,false
V4T004949,349.323306,-16.483007,LRG,0.34311440,1.0000,true
V4T004950,356.997608,-35.002643,BGS,0.72549475,0.4500,false
V4T004951,351.172470,-18.826871,BGS,1.07720860,0.4500,false
V4T004952,342.606880,-34.084054,ELG,0.99045157,1.0000,false
V4T004953,339.902768,-34.679436,QSO,0.23981341,1.7000,true
V4T004954,344.778366,-23.564116,ELG,0.41796540,1.0000,false
V4T004955,348.917662,-22.345753,Star,5.62534707,0.3000,false
V4T004956,32.834191,-54.982147,Star,4.38684281,0.3000,false
V4T004957,37.284915,-45.413988,LRG,0.30143932,1.0000,false
V4T004958,353.281457,-36.989987,ELG,0.18747243,1.0000,false
V4T004959,40.123464,-49.648553,Star,3.77020285,0.3000,true
V4T004960,31.768644,-39.994369,ELG,0.81260888,1.0000,false
V4T004961,31.004208,-55.518979,Star,4.81945291,0.3000,false
V4T004962,343.010494,-21.173750,ELG,0.91188838,1.0000,false
V4T004963,22.235874,-38.262906,ELG,0.61400196,1.0000,false
V4T004964,356.668397,-19.523740,BGS,1.90667984,0.4500,false
V4T004965,46.787764,-47.327469,ELG,0.82381269,1.0000,false
V4T004966,352.287051,-18.596712,Star,4.09931540,0.3000,false
V4T004967,25.510533,-51.332716,BGS,0.90486727,0.4500,false
V4T004968,2.430929,-31.911033,ELG,0.73689087,1.0000,false
V4T004969,37.389434,-50.327722,BGS,1.23266036,0.4500,false
V4T004970,42.195756,-56.680645,ELG,0.58800445,1.0000,false
V4T004971,34.067414,-59.531825,LRG,0.20597219,1.0000,false
V4T004972,29.966607,-50.654199,BGS,1.02801237,0.4500,false
V4T004973,32.639706,-46.879010,QSO,0.13640610,1.7000,false
V4T004974,14.560668,-52.236426,Star,4.77133272,0.3000,false
V4T004975,357.470339,-20.812254,BGS,1.30219182,0.4500,false
V4T004976,352.547493,-18.124882,ELG,0.22969131,1.0000,false
V4T004977,40.350215,-52.915785,LRG,0.68337804,1.0000,false
V4T004978,21.214660,-44.321945,QSO,0.24006066,1.7000,false
V4T004979,57.034281,-51.737878,BGS,0.83503100,0.4500,false
V4T004980,37.399055,-42.419177,ELG,0.47880471,1.0000,false
V4T004981,39.257164,-49.974676,LRG,0.41498488,1.0000,false
V4T004982,349.602057,-19.361916,QSO,0.19339614,1.7000,false
V4T004983,54.858362,-47.916142,QSO,0.28760304,1.7000,true
V4T004984,357.805346,-25.210273,QSO,0.30917032,1.7000,false
V4T004985,342.168159,-34.342638,QSO,0.14830114,1.7000,false
V4T004986,25.517038,-52.466434,LRG,0.41022997,1.0000,false
V4T004987,54.344426,-51.044605,LRG,0.70078821,1.0000,false
V4T004988,353.069018,-17.984926,Star,4.56466627,0.3000,false
V4T004989,53.376331,-53.205788,BGS,1.66720367,0.4500,false
V4T004990,344.255955,-35.254470,ELG,0.67558147,1.0000,false
V4T004991,346.433096,-30.754038,QSO,0.07119535,1.7000,false
V4T004992,17.246669,-45.662210,QSO,0.17592340,1.7000,false
V4T004993,31.293969,-33.880597,BGS,1.39077772,0.4500,false
V4T004994,350.238988,-37.730355,LRG,0.22846941,1.0000,false
V4T004995,52.533382,-51.173785,ELG,0.39928561,1.0000,false
V4T004996,46.916745,-44.843233,ELG,0.80533426,1.0000,false
V4T004997,353.486079,-32.978745,LRG,0.44027171,1.0000,false
V4T004998,36.768560,-33.708055,Star,4.22894453,0.3000,false
V4T004999,350.351192,-24.582267,BGS,1.79588576,0.4500,false
V4T005000,35.351693,-60.052865,BGS,1.30834320,0.4500,false
V4T005001,45.616685,-54.885472,QSO,0.13941615,1.7000,true
V4T005002,353.741179,-28.560024,ELG,0.43229507,1.0000,false
V4T005003,344.269767,-18.625484,ELG,0.27702212,1.0000,false
V4T005004,23.127147,-39.504308,ELG,0.72674310,1.0000,false
V4T005005,351.037709,-21.441642,QSO,0.06920223,1.7000,false
V4T005006,1.916796,-28.604746,ELG,0.46814176,1.0000,false
V4T005007,53.996924,-46.758959,ELG,0.72823888,1.0000,false
V4T005008,52.121153,-55.716382,ELG,1.02520189,1.0000,false
V4T005009,2.060027,-27.647155,ELG,0.36315617,1.0000,false
V4T005010,17.994675,-56.921584,LRG,0.21189401,1.0000,false
V4T005011,358.536948,-20.440823,Star,4.51370606,0.3000,false
V4T005012,352.915922,-18.357265,LRG,0.31685800,1.0000,false
V4T005013,18.206410,-44.528539,Star,3.50093794,0.3000,false
V4T005014,44.533074,-45.182257,LRG,0.72425212,1.0000,false
V4T005015,355.600722,-18.870267,QSO,0.09569066,1.7000,false
V4T005016,38.212460,-50.381277,BGS,1.10708058,0.4500,false
V4T005017,37.639186,-61.296199,ELG,0.32958360,1.0000,false
V4T005018,347.189906,-30.001854,ELG,0.82988864,1.0000,false
V4T005019,33.844212,-36.074774,BGS,1.41379172,0.4500,false
V4T005020,32.869630,-58.013304,ELG,0.59299215,1.0000,false
V4T005021,352.094731,-29.780187,QSO,0.26694229,1.7000,false
V4T005022,347.710933,-36.179156,BGS,1.32443456,0.4500,false
V4T005023,32.702640,-46.215162,LRG,0.42403683,1.0000,false
V4T005024,343.929793,-25.983226,ELG,0.42672806,1.0000,false
V4T005025,39.560741,-38.296310,QSO,0.32640186,1.7000,false
V4T005026,1.419763,-28.650691,LRG,0.54341562,1.0000,false
V4T005027,354.779018,-36.198100,QSO,0.19419329,1.7000,false
V4T005028,343.810239,-25.829285,BGS,1.65955866,0.4500,false
V4T005029,48.129814,-48.508660,BGS,1.13221500,0.4500,false
V4T005030,40.465270,-54.991067,ELG,0.39116021,1.0000,false
V4T005031,353.857839,-31.569403,BGS,1.05087832,0.4500,false
V4T005032,357.095553,-24.321445,QSO,0.03288907,1.7000,false
V4T005033,37.192336,-43.967397,ELG,0.70566229,1.0000,false
V4T005034,37.379312,-40.489333,BGS,1.14037489,0.4500,false
V4T005035,38.707314,-34.371104,LRG,0.32154893,1.0000,false
V4T005036,355.029432,-19.073100,ELG,1.54834811,1.0000,false
V4T005037,350.679443,-14.829519,BGS,1.44214673,0.4500,false
V4T005038,350.670389,-20.737007,ELG,1.20273458,1.0000,false
V4T005039,346.226070,-29.674492,BGS,1.28473578,0.4500,false
V4T005040,352.085351,-28.436257,ELG,1.19947303,1.0000,false
V4T005041,339.921426,-31.374825,QSO,0.13766266,1.7000,false
V4T005042,339.267360,-26.516325,QSO,0.13917280,1.7000,false
V4T005043,351.399948,-16.132146,BGS,0.81654584,0.4500,false
V4T005044,45.705730,-38.775120,Star,5.38272044,0.3000,false
V4T005045,54.283285,-51.692454,BGS,1.31979974,0.4500,false
V4T005046,343.327929,-25.295616,LRG,0.33252512,1.0000,false
V4T005047,351.092847,-18.272724,QSO,0.30232952,1.7000,true
V4T005048,349.933218,-24.448811,ELG,0.51205798,1.0000,false
V4T005049,36.775506,-45.688680,ELG,0.97043386,1.0000,false
V4T005050,349.553205,-30.360205,LRG,0.37821271,1.0000,true
V4T005051,339.218953,-31.833261,BGS,1.51051448,0.4500,false
V4T005052,22.637334,-49.096214,LRG,0.56300097,1.0000,true
V4T005053,344.905489,-25.909785,BGS,1.37571654,0.4500,false
V4T005054,354.644395,-20.287434,ELG,0.45545626,1.0000,false
V4T005055,0.912550,-37.258461,Star,2.97069280,0.3000,false
V4T005056,16.898294,-42.552138,Star,3.14406040,0.3000,false
V4T005057,352.874960,-17.339571,QSO,0.52247634,1.7000,false
V4T005058,346.562233,-29.925121,ELG,0.58266344,1.0000,false
V4T005059,50.992608,-47.184011,LRG,0.59167837,1.0000,false
V4T005060,24.343932,-37.478641,BGS,1.30813452,0.4500,false
V4T005061,17.194767,-43.817899,LRG,0.35099998,1.0000,false
V4T005062,359.570107,-29.956393,ELG,0.71874306,1.0000,false
V4T005063,1.216589,-31.062676,LRG,0.24768753,1.0000,false
V4T005064,346.113020,-35.722297,BGS,1.35942247,0.4500,false
V4T005065,53.765953,-51.075287,BGS,1.88015686,0.4500,false
V4T005066,31.732737,-40.543207,BGS,1.43417576,0.4500,false
V4T005067,27.695611,-47.396344,ELG,0.19901289,1.0000,false
V4T005068,51.585636,-46.884309,BGS,1.19202377,0.4500,false
V4T005069,27.241775,-39.665530,BGS,1.35737456,0.4500,false
V4T005070,348.201039,-24.924698,QSO,0.06957609,1.7000,false
V4T005071,349.416406,-40.406805,ELG,0.45630734,1.0000,false
V4T005072,345.380421,-30.471712,ELG,0.55098060,1.0000,false
V4T005073,357.850502,-25.983039,ELG,0.46542779,1.0000,false
V4T005074,30.000542,-39.495442,ELG,0.51556973,1.0000,false
V4T005075,36.487774,-33.716619,ELG,0.39321998,1.0000,false
V4T005076,34.865210,-51.604753,BGS,1.35787235,0.4500,false
V4T005077,359.276424,-20.117640,ELG,0.45632167,1.0000,false
V4T005078,39.239831,-40.524539,BGS,2.15531831,0.4500,false
V4T005079,356.750763,-21.572847,Star,3.98226367,0.3000,false
V4T005080,342.268424,-25.789520,LRG,0.30300283,1.0000,false
V4T005081,43.292508,-47.909671,ELG,0.86421413,1.0000,false
V4T005082,39.615099,-39.222413,Star,3.22409598,0.3000,false
V4T005083,40.603045,-56.794118,ELG,0.45441415,1.0000,false
V4T005084,357.379336,-26.559969,QSO,0.25020964,1.7000,false
V4T005085,27.162937,-38.938900,LRG,0.39970491,1.0000,false
V4T005086,356.322073,-21.987969,BGS,0.62369184,0.4500,false
V4T005087,0.088711,-30.146441,BGS,1.79163218,0.4500,false
V4T005088,37.075052,-50.857118,Star,3.30968360,0.3000,false
V4T005089,353.372848,-31.200818,QSO,0.26219605,1.7000,false
V4T005090,343.945444,-25.537868,Star,2.82920559,0.3000,true
V4T005091,339.684286,-26.553915,BGS,1.55483411,0.4500,false
V4T005092,23.837120,-54.111757,ELG,0.33538356,1.0000,false
V4T005093,35.567913,-39.666856,ELG,0.30332691,1.0000,false
V4T005094,53.771029,-52.265242,ELG,0.46272077,1.0000,false
V4T005095,349.441984,-26.912616,QSO,0.11946812,1.7000,false
V4T005096,351.009728,-16.648732,QSO,0.31148288,1.7000,true
V4T005097,353.538580,-22.829456,ELG,0.40744208,1.0000,false
V4T005098,38.043418,-37.513932,QSO,0.12701325,1.7000,false
V4T005099,43.847344,-57.840629,ELG,0.72160117,1.0000,false
V4T005100,29.694251,-37.245587,QSO,0.20276367,1.7000,false
V4T005101,47.677763,-41.542730,Star,2.67411858,0.3000,false
V4T005102,357.583263,-26.473124,BGS,0.64177579,0.4500,true
V4T005103,349.541773,-34.303445,ELG,0.29192097,1.0000,false
V4T005104,20.918010,-53.837101,QSO,0.30248553,1.7000,false
V4T005105,46.174531,-41.614414,Star,3.67845263,0.3000,false
V4T005106,354.728272,-29.737854,ELG,0.82562300,1.0000,false
V4T005107,356.229973,-37.006682,ELG,0.44245512,1.0000,false
V4T005108,354.041290,-24.652036,BGS,2.00704548,0.4500,false
V4T005109,349.332675,-38.180753,ELG,0.99198346,1.0000,true
V4T005110,352.953308,-36.967472,LRG,0.35932695,1.0000,false
V4T005111,15.840819,-50.787151,BGS,1.75271645,0.4500,false
V4T005112,36.951186,-36.779244,ELG,0.54170313,1.0000,false
V4T005113,55.040323,-47.928084,ELG,0.46672244,1.0000,false
V4T005114,54.542357,-52.398092,QSO,0.23734646,1.7000,false
V4T005115,346.958839,-16.022472,BGS,1.56125023,0.4500,false
V4T005116,352.072230,-21.212579,LRG,0.52310542,1.0000,false
V4T005117,355.017516,-26.954436,Star,4.63744633,0.3000,true
V4T005118,352.055113,-19.576989,ELG,0.50547512,1.0000,false
V4T005119,47.962740,-44.010723,BGS,1.66573764,0.4500,false
V4T005120,342.228273,-20.738849,ELG,0.72921907,1.0000,false
V4T005121,338.772019,-28.468340,Star,3.90698579,0.3000,false
V4T005122,352.622663,-17.749140,QSO,0.23090977,1.7000,false
V4T005123,351.647907,-18.987150,BGS,1.55433420,0.4500,false
V4T005124,2.760772,-24.308190,ELG,0.69728683,1.0000,false
V4T005125,1.370774,-33.159244,ELG,0.64556715,1.0000,false
V4T005126,2.239036,-22.886436,QSO,0.21315383,1.7000,false
V4T005127,43.905138,-41.905136,Star,3.78966930,0.3000,false
V4T005128,358.179434,-28.448742,ELG,0.51798784,1.0000,false
V4T005129,348.911252,-34.267536,ELG,0.79888484,1.0000,false
V4T005130,358.038718,-18.722443,ELG,0.98106522,1.0000,false
V4T005131,29.548091,-37.268881,BGS,0.96272109,0.4500,true
V4T005132,33.761300,-37.155303,ELG,0.93599089,1.0000,false
V4T005133,1.858868,-29.397679,ELG,0.88276657,1.0000,false
V4T005134,343.237846,-25.039569,LRG,0.24180478,1.0000,false
V4T005135,42.090908,-56.701071,ELG,0.36913222,1.0000,false
V4T005136,344.497959,-33.447472,ELG,0.50815024,1.0000,false
V4T005137,358.199634,-27.359828,ELG,0.81626298,1.0000,false
V4T005138,40.952220,-46.718896,LRG,0.44435891,1.0000,false
V4T005139,38.204815,-42.955726,BGS,1.58637767,0.4500,false
V4T005140,355.264189,-20.121750,ELG,0.43106105,1.0000,false
V4T005141,38.330783,-50.562515,ELG,0.90439401,1.0000,false
V4T005142,350.066635,-16.698258,LRG,0.48966561,1.0000,false
V4T005143,25.827239,-52.270921,Star,6.91480873,0.3000,false
V4T005144,28.071089,-47.881063,ELG,0.32984017,1.0000,false
V4T005145,31.895297,-35.109268,ELG,0.41479736,1.0000,false
V4T005146,339.630539,-28.326618,Star,3.66767964,0.3000,false
V4T005147,44.957263,-51.907552,BGS,1.36852094,0.4500,false
V4T005148,40.938956,-50.325277,ELG,0.53656902,1.0000,false
V4T005149,37.358316,-53.977630,BGS,1.91832520,0.4500,false
V4T005150,351.469769,-21.748397,BGS,1.24810472,0.4500,false
V4T005151,31.290948,-44.618137,Star,2.80090382,0.3000,false
V4T005152,35.127623,-36.627202,LRG,0.44214610,1.0000,false
V4T005153,26.167695,-45.421305,ELG,1.60407392,1.0000,false
V4T005154,23.523741,-52.276186,ELG,0.45274792,1.0000,false
V4T005155,341.422205,-31.211099,BGS,1.05703767,0.4500,false
V4T005156,357.676546,-26.425422,QSO,0.12104594,1.7000,false
V4T005157,22.256859,-44.985309,LRG,0.52992540,1.0000,false
V4T005158,337.994963,-30.356282,QSO,0.37886176,1.7000,false
V4T005159,43.244050,-51.531878,ELG,0.86721422,1.0000,false
V4T005160,42.546827,-57.300055,LRG,0.29131865,1.0000,false
V4T005161,345.624863,-17.872099,LRG,0.39047596,1.0000,false
V4T005162,55.081442,-48.250959,QSO,0.22622768,1.7000,false
V4T005163,358.108201,-26.900772,ELG,1.09784563,1.0000,false
V4T005164,24.394044,-51.647221,LRG,0.28300192,1.0000,true
V4T005165,39.920883,-36.354744,Star,3.24454290,0.3000,false
V4T005166,355.289197,-18.335430,BGS,1.16847868,0.4500,false
V4T005167,44.071382,-39.124138,LRG,0.37332278,1.0000,false
V4T005168,36.085704,-47.748316,LRG,0.35206266,1.0000,true
V4T005169,13.814283,-48.714233,QSO,0.12550795,1.7000,false
V4T005170,1.375769,-27.997238,BGS,2.23261975,0.4500,false
V4T005171,343.606248,-31.009794,BGS,1.35860452,0.4500,false
V4T005172,351.265843,-18.597201,BGS,1.74540609,0.4500,false
V4T005173,348.568468,-20.399286,ELG,0.77727295,1.0000,false
V4T005174,343.400999,-25.040838,LRG,0.41475861,1.0000,false
V4T005175,41.213079,-44.824766,Star,3.39579494,0.3000,false
V4T005176,351.986619,-21.641100,BGS,1.43170854,0.4500,false
V4T005177,54.052022,-51.705515,LRG,0.29178515,1.0000,false
V4T005178,24.803402,-52.451991,ELG,0.44638075,1.0000,false
V4T005179,351.869414,-19.237782,BGS,1.89558851,0.4500,false
V4T005180,346.899320,-28.447768,ELG,0.50491774,1.0000,false
V4T005181,47.671532,-42.558110,BGS,1.56436858,0.4500,false
V4T005182,2.343571,-28.463138,ELG,0.28068928,1.0000,false
V4T005183,31.393335,-37.018388,BGS,1.55035771,0.4500,false
V4T005184,51.965949,-43.588601,LRG,0.81844840,1.0000,false
V4T005185,350.907602,-24.209645,QSO,0.22541260,1.7000,false
V4T005186,42.379726,-61.199449,LRG,0.32267398,1.0000,false
V4T005187,2.986719,-27.885901,BGS,1.45544832,0.4500,false
V4T005188,2.099589,-30.634366,ELG,0.64644233,1.0000,false
V4T005189,24.619279,-56.303432,BGS,1.40132726,0.4500,false
V4T005190,34.839246,-33.484867,LRG,0.33264366,1.0000,false
V4T005191,40.232206,-56.280086,BGS,0.57584688,0.4500,false
V4T005192,344.925061,-27.191020,BGS,1.90532471,0.4500,false
V4T005193,354.799236,-14.973611,BGS,1.31410294,0.4500,false
V4T005194,44.746563,-38.705834,QSO,0.12480012,1.7000,false
V4T005195,346.790109,-29.556978,ELG,0.59972291,1.0000,false
V4T005196,21.446931,-45.434850,LRG,0.22743315,1.0000,false
V4T005197,44.908635,-39.583220,BGS,1.13038860,0.4500,false
V4T005198,343.995204,-38.472418,ELG,0.24656303,1.0000,false
V4T005199,46.959257,-41.012458,LRG,0.27023064,1.0000,true
V4T005200,53.635388,-46.200911,QSO,0.42190456,1.7000,false
V4T005201,25.757151,-45.622930,BGS,1.31114635,0.4500,false
V4T005202,25.076413,-38.447783,ELG,0.44307891,1.0000,false
V4T005203,355.417548,-19.529588,ELG,0.97251137,1.0000,true
V4T005204,347.730780,-35.804127,BGS,1.28861171,0.4500,false
V4T005205,344.872316,-32.826653,BGS,1.12618860,0.4500,false
V4T005206,43.341030,-57.950973,BGS,0.94678146,0.4500,false
V4T005207,42.386164,-43.372511,BGS,0.78212316,0.4500,false
V4T005208,35.063706,-36.115669,Star,3.42435584,0.3000,false
V4T005209,37.150074,-50.414565,ELG,0.45616132,1.0000,false
V4T005210,355.921088,-34.012767,LRG,0.60598795,1.0000,false
V4T005211,49.201212,-52.880059,LRG,0.38429278,1.0000,true
V4T005212,357.479937,-26.732423,LRG,0.34313325,1.0000,true
V4T005213,346.997684,-38.063342,LRG,0.41460957,1.0000,false
V4T005214,55.820237,-56.122843,ELG,0.57338010,1.0000,false
V4T005215,345.857497,-31.188516,LRG,0.33970568,1.0000,false
V4T005216,17.176995,-45.899175,BGS,0.93591842,0.4500,false
V4T005217,14.440786,-53.694666,ELG,0.41097922,1.0000,false
V4T005218,27.560838,-47.435221,BGS,1.09284383,0.4500,false
V4T005219,343.770164,-38.390599,ELG,0.49427852,1.0000,false
V4T005220,345.528294,-29.767507,BGS,2.07711290,0.4500,false
V4T005221,348.550604,-37.459617,BGS,1.28125040,0.4500,false
V4T005222,41.820363,-56.949308,ELG,0.49436124,1.0000,false
V4T005223,21.208528,-49.050226,LRG,0.24532288,1.0000,false
V4T005224,30.749287,-36.205521,Star,3.35524598,0.3000,false
V4T005225,349.955154,-26.188594,LRG,0.70209233,1.0000,false
V4T005226,40.191231,-44.255650,QSO,0.19590732,1.7000,false
V4T005227,359.070066,-27.486942,QSO,0.14003810,1.7000,true
V4T005228,19.749958,-49.860994,BGS,1.17860403,0.4500,true
V4T005229,35.147987,-37.765356,QSO,0.12577729,1.7000,false
V4T005230,47.305170,-41.503833,ELG,1.18496628,1.0000,false
V4T005231,347.226229,-16.777714,Star,2.66211655,0.3000,false
V4T005232,346.325855,-30.054540,LRG,0.24131546,1.0000,false
V4T005233,39.258336,-49.748789,ELG,0.55785930,1.0000,false
V4T005234,44.589394,-40.186937,ELG,0.56781570,1.0000,false
V4T005235,17.944971,-54.995822,Star,5.28598504,0.3000,false
V4T005236,345.137329,-28.711206,BGS,1.44945637,0.4500,false
V4T005237,352.336633,-24.512500,BGS,1.34799586,0.4500,false
V4T005238,24.355299,-45.117724,BGS,1.25972500,0.4500,true
V4T005239,338.237157,-28.247976,ELG,0.28789777,1.0000,false
V4T005240,346.019038,-38.294722,Star,3.13539623,0.3000,false
V4T005241,351.510508,-18.957968,Star,4.12837014,0.3000,false
V4T005242,38.053894,-46.675105,ELG,0.72522083,1.0000,false
V4T005243,20.652404,-58.769131,BGS,1.52902426,0.4500,false
V4T005244,48.330347,-53.387724,LRG,0.46217989,1.0000,false
V4T005245,357.940264,-26.988655,QSO,0.68731817,1.7000,false
V4T005246,28.917893,-51.546970,ELG,0.27994612,1.0000,false
V4T005247,355.077568,-20.018634,ELG,0.56692280,1.0000,false
V4T005248,0.730528,-25.845061,ELG,0.28839645,1.0000,false
V4T005249,3.342357,-28.824634,BGS,0.75279078,0.4500,false
V4T005250,351.614164,-18.298953,BGS,0.86145896,0.4500,false
V4T005251,40.042305,-47.991443,QSO,0.06609341,1.7000,false
V4T005252,40.880065,-49.929737,ELG,0.92441964,1.0000,false
V4T005253,41.262294,-43.429184,QSO,0.13645046,1.7000,false
V4T005254,357.076416,-15.661901,ELG,0.39797736,1.0000,false
V4T005255,26.271080,-55.817117,ELG,0.45112295,1.0000,false
V4T005256,345.884910,-30.247858,LRG,0.24738084,1.0000,false
V4T005257,48.362727,-50.272950,BGS,0.88110231,0.4500,false
V4T005258,56.239004,-51.748640,Star,2.52493495,0.3000,false
V4T005259,2.092079,-35.548639,BGS,1.67650711,0.4500,false
V4T005260,355.713667,-19.789265,BGS,1.68762771,0.4500,false
V4T005261,346.896722,-15.853008,QSO,0.18985678,1.7000,false
V4T005262,18.640959,-48.847390,ELG,0.49414300,1.0000,false
V4T005263,349.635300,-32.518360,BGS,1.51494893,0.4500,false
V4T005264,46.772204,-41.355819,QSO,0.37068869,1.7000,false
V4T005265,20.402679,-41.317061,BGS,1.52951952,0.4500,false
V4T005266,46.700466,-41.043651,Star,7.23490977,0.3000,false
V4T005267,42.736615,-56.352081,ELG,0.50485438,1.0000,false
V4T005268,348.789157,-27.447641,Star,3.39650783,0.3000,false
V4T005269,344.454452,-26.737858,ELG,0.42035774,1.0000,false
V4T005270,20.237419,-44.226043,QSO,0.23500436,1.7000,false
V4T005271,342.689361,-25.289280,LRG,0.56356922,1.0000,false
V4T005272,351.469819,-19.198334,BGS,1.99582458,0.4500,false
V4T005273,47.609954,-42.013179,BGS,1.01706899,0.4500,false
V4T005274,45.295038,-39.743358,ELG,0.43677344,1.0000,false
V4T005275,351.220183,-34.564866,LRG,0.39166445,1.0000,false
V4T005276,33.407966,-43.243641,BGS,1.21311179,0.4500,false
V4T005277,357.023632,-26.390557,BGS,0.98809892,0.4500,false
V4T005278,353.512362,-27.047456,BGS,1.06310666,0.4500,false
V4T005279,345.507494,-28.829054,ELG,0.67118840,1.0000,false
V4T005280,21.726160,-50.128894,LRG,0.62689463,1.0000,false
V4T005281,49.056886,-51.546463,ELG,0.78394612,1.0000,false
V4T005282,19.234619,-40.097383,ELG,0.50785150,1.0000,false
V4T005283,53.561988,-51.399185,ELG,0.76126429,1.0000,false
V4T005284,3.104216,-27.754723,QSO,0.10124257,1.7000,false
V4T005285,26.918768,-45.201215,Star,2.50493068,0.3000,false
V4T005286,40.247750,-51.071240,ELG,0.34386639,1.0000,false
V4T005287,53.904084,-51.057470,LRG,0.42835851,1.0000,false
V4T005288,0.366028,-28.398054,BGS,1.01669011,0.4500,false
V4T005289,338.859967,-35.297585,BGS,1.50656926,0.4500,false
V4T005290,42.520717,-57.755964,BGS,1.09202806,0.4500,false
V4T005291,353.080464,-17.976545,Star,6.12029511,0.3000,true
V4T005292,34.698666,-35.704558,ELG,0.59023167,1.0000,false
V4T005293,42.626412,-60.702474,QSO,0.32079648,1.7000,false
V4T005294,355.195057,-32.983264,LRG,0.59977168,1.0000,false
V4T005295,53.908427,-52.338677,LRG,0.74169027,1.0000,false
V4T005296,357.170514,-37.891406,BGS,1.30685620,0.4500,false
V4T005297,18.567617,-47.204047,LRG,0.22321589,1.0000,false
V4T005298,45.581447,-39.710138,LRG,0.38293861,1.0000,false
V4T005299,39.912295,-52.448102,ELG,0.36204555,1.0000,false
V4T005300,346.479449,-29.816875,ELG,0.61308067,1.0000,false
V4T005301,355.715726,-19.866832,ELG,0.94219660,1.0000,false
V4T005302,349.970767,-15.029476,ELG,0.22231348,1.0000,false
V4T005303,20.615967,-46.385316,ELG,0.36637432,1.0000,false
V4T005304,20.048304,-48.804288,ELG,0.59808847,1.0000,false
V4T005305,359.176577,-17.323747,ELG,0.82589638,1.0000,false
V4T005306,55.252568,-53.846766,BGS,0.88134454,0.4500,false
V4T005307,358.687870,-16.689628,BGS,0.68650861,0.4500,false
V4T005308,343.926205,-25.458908,BGS,1.09533683,0.4500,false
V4T005309,40.589512,-57.271265,LRG,0.29985073,1.0000,false
V4T005310,355.143586,-19.937653,ELG,0.79633490,1.0000,false
V4T005311,349.271945,-32.264000,ELG,0.95825874,1.0000,false
V4T005312,355.292817,-19.763329,QSO,0.16303301,1.7000,false
V4T005313,358.351152,-21.364766,LRG,0.33040460,1.0000,false
V4T005314,32.102115,-46.902690,BGS,1.48553561,0.4500,false
V4T005315,36.183430,-40.128328,Star,3.98891882,0.3000,false
V4T005316,347.333863,-28.604868,ELG,0.54416678,1.0000,false
V4T005317,356.298819,-19.842278,QSO,0.28636802,1.7000,false
V4T005318,43.935399,-53.320860,LRG,0.37225734,1.0000,false
V4T005319,37.266545,-36.003500,ELG,0.56370016,1.0000,false
V4T005320,348.098506,-25.256331,LRG,0.43738184,1.0000,false
V4T005321,352.415106,-17.725950,LRG,0.37346702,1.0000,true
V4T005322,40.321106,-38.483872,ELG,1.26914098,1.0000,false
V4T005323,343.384459,-29.571310,LRG,0.33925680,1.0000,false
V4T005324,27.514917,-53.558017,ELG,1.03906730,1.0000,false
V4T005325,358.842923,-18.904487,BGS,0.95881276,0.4500,false
V4T005326,54.219349,-51.330743,LRG,0.33229842,1.0000,false
V4T005327,346.796189,-29.872670,LRG,0.22310088,1.0000,false
V4T005328,356.357002,-20.624936,ELG,0.43335345,1.0000,false
V4T005329,18.041179,-53.210349,LRG,0.25586526,1.0000,false
V4T005330,347.287173,-31.121376,LRG,0.35833304,1.0000,false
V4T005331,31.587394,-39.819275,ELG,0.58103771,1.0000,false
V4T005332,343.280994,-25.231173,BGS,1.33131166,0.4500,false
V4T005333,352.710998,-18.153204,ELG,0.33989819,1.0000,false
V4T005334,350.800272,-17.578135,BGS,1.32518002,0.4500,false
V4T005335,347.468444,-21.675779,LRG,0.27956435,1.0000,false
V4T005336,41.061045,-36.718967,Star,3.65164406,0.3000,false
V4T005337,1.331326,-27.110629,LRG,0.28422101,1.0000,true
V4T005338,54.020961,-53.907282,BGS,2.16518162,0.4500,false
V4T005339,53.390868,-56.586397,QSO,0.39723268,1.7000,false
V4T005340,353.052863,-17.030689,BGS,1.91581997,0.4500,false
V4T005341,347.605766,-29.394626,ELG,0.62708651,1.0000,false
V4T005342,42.417379,-40.187374,BGS,1.89914018,0.4500,true
V4T005343,45.264655,-43.410389,BGS,0.94900396,0.4500,false
V4T005344,1.089359,-23.234420,LRG,0.51857769,1.0000,false
V4T005345,348.866633,-37.047013,BGS,1.29327433,0.4500,false
V4T005346,354.492335,-29.077560,QSO,0.17381681,1.7000,false
V4T005347,351.459758,-19.419195,QSO,0.18932403,1.7000,false
V4T005348,43.419488,-44.111313,BGS,0.61761505,0.4500,false
V4T005349,55.278601,-51.639492,BGS,2.02415312,0.4500,false
V4T005350,358.253464,-25.224014,ELG,0.33332475,1.0000,false
V4T005351,357.709349,-22.660005,Star,3.84611528,0.3000,false
V4T005352,355.771960,-20.284885,ELG,0.49903134,1.0000,false
V4T005353,346.631171,-35.516725,ELG,0.41994653,1.0000,false
V4T005354,33.954475,-48.066642,QSO,0.11338023,1.7000,false
V4T005355,345.178917,-38.837809,ELG,0.54958384,1.0000,false
V4T005356,358.784572,-24.054614,QSO,0.16727859,1.7000,false
V4T005357,42.938740,-38.911986,ELG,0.30521290,1.0000,false
V4T005358,31.839967,-50.544254,QSO,0.17037922,1.7000,false
V4T005359,34.507553,-47.387961,ELG,0.61189491,1.0000,false
V4T005360,43.311520,-57.778363,QSO,0.27877355,1.7000,false
V4T005361,38.941119,-39.713164,Star,3.63910427,0.3000,false
V4T005362,0.809507,-33.759663,Star,3.76916823,0.3000,false
V4T005363,30.527959,-53.200037,ELG,0.78453102,1.0000,false
V4T005364,38.988035,-55.590310,BGS,0.65163799,0.4500,false
V4T005365,352.775301,-21.457345,BGS,0.94869033,0.4500,false
V4T005366,48.284387,-54.086925,ELG,0.42788851,1.0000,false
V4T005367,37.977362,-57.224984,ELG,0.91653999,1.0000,false
V4T005368,346.496171,-16.389041,LRG,0.18468985,1.0000,false
V4T005369,352.373765,-17.121486,BGS,1.04874387,0.4500,false
V4T005370,341.988633,-25.327764,ELG,0.32853703,1.0000,false
V4T005371,43.154548,-45.312047,ELG,1.07068339,1.0000,true
V4T005372,54.495910,-51.148392,BGS,0.63300998,0.4500,false
V4T005373,345.952882,-30.573559,ELG,0.71391292,1.0000,false
V4T005374,358.026895,-26.024270,BGS,1.14818287,0.4500,false
V4T005375,45.527263,-42.287142,Star,3.46392175,0.3000,false
V4T005376,19.982025,-53.588306,BGS,1.95155941,0.4500,true
V4T005377,357.091355,-27.092276,ELG,0.21556756,1.0000,false
V4T005378,47.901367,-43.912087,BGS,1.04880003,0.4500,false
V4T005379,342.874366,-25.564797,ELG,0.66118960,1.0000,false
V4T005380,49.042965,-42.654417,Star,4.58978783,0.3000,false
V4T005381,18.565202,-50.815954,LRG,0.42795204,1.0000,false
V4T005382,41.798634,-56.994589,LRG,0.25489095,1.0000,false
V4T005383,28.371085,-45.160310,ELG,0.38609172,1.0000,false
V4T005384,19.965363,-41.465554,BGS,2.01867140,0.4500,false
V4T005385,351.143385,-18.616077,BGS,1.59776886,0.4500,false
V4T005386,355.201160,-19.596685,BGS,1.52805855,0.4500,false
V4T005387,351.490106,-20.181410,QSO,0.16944527,1.7000,false
V4T005388,344.889471,-29.669368,BGS,1.28580306,0.4500,false
V4T005389,351.864899,-19.196197,BGS,0.64982635,0.4500,false
V4T005390,31.936827,-42.127476,ELG,1.07746339,1.0000,false
V4T005391,350.897667,-18.708756,ELG,0.50670856,1.0000,false
V4T005392,337.563925,-24.669146,BGS,1.22717629,0.4500,false
V4T005393,38.960114,-49.415554,QSO,0.25138921,1.7000,false
V4T005394,353.261214,-19.441867,ELG,0.52171243,1.0000,false
V4T005395,33.619110,-43.122394,LRG,0.40539303,1.0000,false
V4T005396,345.768185,-24.093806,ELG,0.41128373,1.0000,false
V4T005397,35.683898,-49.147700,BGS,1.42668354,0.4500,false
V4T005398,40.672070,-35.675452,LRG,0.39830392,1.0000,false
V4T005399,343.368781,-26.983745,BGS,1.91702627,0.4500,false
V4T005400,41.393878,-57.269490,BGS,1.07705084,0.4500,false
V4T005401,346.385120,-17.801641,BGS,0.96617024,0.4500,false
V4T005402,29.748475,-54.960873,ELG,0.34079919,1.0000,false
V4T005403,0.727181,-32.785415,ELG,0.27393174,1.0000,false
V4T005404,45.642916,-57.902021,LRG,0.45518363,1.0000,false
V4T005405,0.905808,-26.825114,ELG,0.61488855,1.0000,false
V4T005406,352.308143,-18.976749,ELG,0.40162762,1.0000,false
V4T005407,354.822939,-19.514644,ELG,0.43855078,1.0000,false
V4T005408,342.926182,-26.681273,QSO,0.24294176,1.7000,false
V4T005409,358.135281,-27.220585,BGS,0.75039273,0.4500,true
V4T005410,351.357724,-19.026982,Star,3.73088482,0.3000,false
V4T005411,24.334035,-54.191928,BGS,0.80428033,0.4500,false
V4T005412,350.008004,-37.293894,ELG,0.40186183,1.0000,false
V4T005413,346.509723,-26.483113,ELG,0.97712036,1.0000,false
V4T005414,346.323622,-18.651725,BGS,1.31225613,0.4500,false
V4T005415,49.154815,-43.633782,ELG,0.98085462,1.0000,false
V4T005416,358.062437,-36.203751,Star,3.42180382,0.3000,false
V4T005417,351.798597,-18.468527,LRG,0.29280353,1.0000,false
V4T005418,341.609698,-28.030661,BGS,1.22007781,0.4500,false
V4T005419,359.440588,-31.303927,BGS,0.76626296,0.4500,false
V4T005420,37.884479,-49.813704,BGS,1.02587139,0.4500,false
V4T005421,23.788888,-43.941962,ELG,0.38625201,1.0000,false
V4T005422,351.229847,-18.535596,ELG,0.36606501,1.0000,false
V4T005423,346.746170,-20.433230,QSO,0.16920655,1.7000,false
V4T005424,43.678859,-45.607818,ELG,0.76376408,1.0000,false
V4T005425,353.419038,-34.634394,ELG,0.83038128,1.0000,false
V4T005426,44.334008,-39.297957,ELG,0.34723617,1.0000,false
V4T005427,344.357406,-18.353970,LRG,0.21269299,1.0000,false
V4T005428,20.515072,-45.325062,BGS,1.19203329,0.4500,false
V4T005429,356.317657,-19.405262,BGS,1.04494086,0.4500,false
V4T005430,351.409386,-18.099063,QSO,0.40382608,1.7000,false
V4T005431,0.132198,-36.930584,LRG,0.16354258,1.0000,false
V4T005432,34.416965,-45.707613,LRG,0.36989211,1.0000,false
V4T005433,18.462156,-50.392673,LRG,0.49089971,1.0000,false
V4T005434,346.064239,-30.150218,LRG,0.34859660,1.0000,false
V4T005435,49.241313,-46.821021,ELG,0.58521677,1.0000,false
V4T005436,33.513665,-39.238293,ELG,0.46971229,1.0000,false
V4T005437,1.214765,-27.990068,LRG,0.52727281,1.0000,false
V4T005438,45.552351,-39.625630,LRG,0.44255873,1.0000,false
V4T005439,344.505461,-24.898330,QSO,0.08703209,1.7000,false
V4T005440,41.374492,-39.447250,QSO,0.10132167,1.7000,false
V4T005441,347.967793,-26.744631,BGS,1.25990207,0.4500,false
V4T005442,46.275806,-41.494076,BGS,2.08022441,0.4500,false
V4T005443,2.361383,-28.635292,ELG,0.63088672,1.0000,false
V4T005444,356.767094,-21.039321,ELG,0.62272472,1.0000,false
V4T005445,45.376647,-56.955271,LRG,0.34610429,1.0000,false
V4T005446,41.960369,-43.909000,ELG,0.27790969,1.0000,false
V4T005447,347.062651,-25.142692,BGS,1.45783661,0.4500,false
V4T005448,351.708231,-33.882548,LRG,0.41428833,1.0000,false
V4T005449,48.722222,-52.454694,LRG,0.61157097,1.0000,false
V4T005450,46.870817,-39.765533,ELG,0.71432721,1.0000,false
V4T005451,27.343370,-51.234297,ELG,0.72379187,1.0000,false
V4T005452,354.741056,-21.354183,BGS,1.90550397,0.4500,false
V4T005453,345.061238,-28.601182,Star,2.64096375,0.3000,false
V4T005454,356.533937,-30.135443,BGS,1.30998180,0.4500,false
V4T005455,343.374879,-25.374813,BGS,0.92808048,0.4500,false
V4T005456,53.199042,-51.384205,QSO,0.13272170,1.7000,false
V4T005457,353.530014,-17.734253,ELG,0.66465971,1.0000,false
V4T005458,30.419307,-48.920958,BGS,1.21133448,0.4500,false
V4T005459,351.927251,-18.303150,ELG,0.42188018,1.0000,false
V4T005460,47.945630,-42.419916,ELG,0.88115999,1.0000,false
V4T005461,27.508986,-37.308115,ELG,0.28934642,1.0000,false
V4T005462,29.940581,-48.622562,LRG,0.25344884,1.0000,false
V4T005463,17.335402,-43.976872,ELG,0.60103047,1.0000,false
V4T005464,54.884000,-51.128741,ELG,0.33399998,1.0000,false
V4T005465,351.957743,-18.652853,QSO,0.15034575,1.7000,false
V4T005466,37.030613,-53.732219,Star,3.94542071,0.3000,false
V4T005467,345.908234,-19.403512,ELG,0.56629473,1.0000,false
V4T005468,38.555690,-49.844668,LRG,0.28849215,1.0000,false
V4T005469,344.628268,-21.325968,LRG,0.41465431,1.0000,false
V4T005470,341.291734,-30.389223,ELG,0.82942807,1.0000,false
V4T005471,36.933929,-34.798281,ELG,0.80082742,1.0000,false
V4T005472,34.055473,-38.163092,ELG,0.38446429,1.0000,false
V4T005473,42.442364,-38.417690,ELG,0.81576731,1.0000,false
V4T005474,353.719875,-21.497064,ELG,0.48928764,1.0000,true
V4T005475,57.388101,-53.604858,ELG,0.21594939,1.0000,false
V4T005476,22.736516,-40.126854,BGS,1.20386247,0.4500,false
V4T005477,32.819862,-59.669220,LRG,0.35064280,1.0000,false
V4T005478,2.366414,-28.949698,ELG,1.65599258,1.0000,false
V4T005479,353.466418,-21.877833,Star,4.64144455,0.3000,false
V4T005480,343.513211,-26.041289,ELG,0.41567617,1.0000,false
V4T005481,344.592330,-24.546344,ELG,0.57293413,1.0000,false
V4T005482,27.728101,-53.846794,LRG,0.24969490,1.0000,false
V4T005483,356.009653,-24.353698,QSO,0.23937915,1.7000,false
V4T005484,36.935188,-35.705707,LRG,0.78368613,1.0000,false
V4T005485,36.632579,-42.767613,Star,3.81774522,0.3000,false
V4T005486,356.885884,-36.798344,Star,3.45351043,0.3000,false
V4T005487,354.507051,-19.964171,QSO,0.13575661,1.7000,false
V4T005488,357.383910,-26.892821,BGS,2.03681400,0.4500,false
V4T005489,343.212948,-25.393867,ELG,0.96742023,1.0000,false
V4T005490,357.603701,-29.298259,Star,3.64942376,0.3000,false
V4T005491,41.093959,-50.190544,LRG,0.36741781,1.0000,false
V4T005492,24.958048,-42.261969,ELG,0.33736389,1.0000,false
V4T005493,352.500273,-18.953998,ELG,0.48003596,1.0000,false
V4T005494,29.021161,-42.642980,Star,3.69450758,0.3000,false
V4T005495,3.225452,-29.045504,ELG,0.20050200,1.0000,false
V4T005496,40.548428,-49.878728,ELG,1.32445406,1.0000,false
V4T005497,343.554641,-25.909176,LRG,0.24924956,1.0000,false
V4T005498,20.122838,-38.953816,QSO,0.23614174,1.7000,false
V4T005499,34.172509,-41.747104,LRG,0.57096829,1.0000,true
V4T005500,1.026492,-32.168927,BGS,0.89134891,0.4500,false
V4T005501,346.101638,-30.837032,BGS,0.69480190,0.4500,false
V4T005502,350.959594,-15.234889,LRG,0.43428952,1.0000,false
V4T005503,356.104816,-25.953809,ELG,0.40038674,1.0000,false
V4T005504,358.679092,-30.263537,BGS,1.14860034,0.4500,false
V4T005505,351.626016,-16.524667,BGS,1.68041911,0.4500,false
V4T005506,38.390918,-40.522116,Star,4.54836292,0.3000,false
V4T005507,352.380297,-18.891300,BGS,1.60216572,0.4500,false
V4T005508,354.473078,-15.885923,ELG,0.55866022,1.0000,false
V4T005509,36.608092,-49.919605,BGS,0.99687790,0.4500,false
V4T005510,358.304282,-23.073413,ELG,1.70458491,1.0000,false
V4T005511,30.189432,-44.154005,BGS,1.84236542,0.4500,false
V4T005512,356.139449,-25.496268,BGS,3.56536645,0.4500,false
V4T005513,34.333657,-51.856490,ELG,0.80655844,1.0000,false
V4T005514,44.759562,-39.290270,ELG,0.91587145,1.0000,true
V4T005515,45.915578,-52.737641,ELG,1.33235944,1.0000,false
V4T005516,359.470438,-32.871145,ELG,0.59180415,1.0000,false
V4T005517,353.438216,-16.764535,ELG,0.70178664,1.0000,false
V4T005518,339.375389,-22.357210,LRG,0.47085643,1.0000,false
V4T005519,340.117135,-22.142938,ELG,0.99773912,1.0000,false
V4T005520,1.982631,-28.766596,ELG,0.25447918,1.0000,false
V4T005521,54.606048,-52.377389,ELG,0.77123818,1.0000,false
V4T005522,345.684590,-29.444663,QSO,0.19749346,1.7000,false
V4T005523,2.376469,-27.890651,QSO,0.14103886,1.7000,false
V4T005524,45.280499,-50.355778,BGS,2.30304006,0.4500,false
V4T005525,342.883446,-23.740286,Star,5.10295925,0.3000,false
V4T005526,39.114945,-50.400971,BGS,1.05186056,0.4500,false
V4T005527,348.806232,-26.792430,LRG,0.30572189,1.0000,false
V4T005528,26.261111,-34.670737,LRG,0.46310842,1.0000,false
V4T005529,32.951109,-47.921655,BGS,0.91908305,0.4500,false
V4T005530,47.352924,-41.367698,ELG,0.59662086,1.0000,false
V4T005531,30.995819,-38.027136,BGS,2.00092517,0.4500,false
V4T005532,37.681029,-50.547851,LRG,0.26766342,1.0000,false
V4T005533,1.032753,-19.806397,ELG,0.48171310,1.0000,false
V4T005534,340.699961,-25.423364,ELG,0.47459902,1.0000,false
V4T005535,355.730500,-19.642292,ELG,0.69443228,1.0000,false
V4T005536,359.004118,-26.598981,LRG,0.40546926,1.0000,false
V4T005537,20.558131,-52.427938,LRG,0.72472327,1.0000,false
V4T005538,342.084805,-27.082713,LRG,0.38753404,1.0000,false
V4T005539,345.507750,-33.706507,Star,2.40197504,0.3000,false
V4T005540,351.337453,-18.705309,BGS,1.72437431,0.4500,false
V4T005541,32.039181,-43.712627,BGS,1.26541526,0.4500,false
V4T005542,33.718207,-50.900551,BGS,1.30675438,0.4500,false
V4T005543,341.602149,-33.290516,BGS,0.91853279,0.4500,false
V4T005544,343.752096,-36.909121,ELG,0.39521320,1.0000,false
V4T005545,343.441147,-24.873633,ELG,0.51410563,1.0000,false
V4T005546,344.176568,-24.898762,Star,4.69229744,0.3000,false
V4T005547,348.829490,-16.378330,LRG,0.21871107,1.0000,false
V4T005548,40.734564,-56.843070,QSO,0.14991323,1.7000,false
V4T005549,355.251545,-20.332667,Star,5.91063861,0.3000,false
V4T005550,359.638181,-36.368770,BGS,1.37586301,0.4500,false
V4T005551,348.864169,-37.271371,BGS,1.24339607,0.4500,false
V4T005552,351.766336,-31.313616,Star,3.06639794,0.3000,false
V4T005553,2.235511,-29.282293,ELG,0.65834662,1.0000,false
V4T005554,27.168699,-58.627599,ELG,0.54957898,1.0000,false
V4T005555,40.394998,-54.819617,ELG,1.11139125,1.0000,false
V4T005556,347.101433,-22.209242,Star,4.91081895,0.3000,false
V4T005557,352.675479,-19.230920,BGS,1.46958033,0.4500,false
V4T005558,24.069462,-59.496255,QSO,0.63011585,1.7000,false
V4T005559,50.757968,-57.242366,BGS,1.16117153,0.4500,false
V4T005560,54.586101,-51.731909,LRG,0.21554272,1.0000,false
V4T005561,37.275479,-47.670292,LRG,0.34504574,1.0000,false
V4T005562,24.084024,-57.502346,Star,3.98948871,0.3000,false
V4T005563,19.198038,-45.663482,ELG,0.61257110,1.0000,false
V4T005564,54.738701,-53.650687,ELG,0.65212820,1.0000,false
V4T005565,45.336721,-38.754468,Star,6.82668663,0.3000,false
V4T005566,25.780008,-49.678665,ELG,0.38664563,1.0000,false
V4T005567,354.220724,-25.441266,ELG,0.60680697,1.0000,false
V4T005568,47.769776,-41.152595,QSO,0.15944631,1.7000,false
V4T005569,354.749459,-16.072670,LRG,0.24318970,1.0000,false
V4T005570,351.963303,-19.309572,ELG,0.62603660,1.0000,false
V4T005571,356.337083,-21.351688,BGS,1.96817938,0.4500,false
V4T005572,46.260391,-54.631963,LRG,0.47038771,1.0000,false
V4T005573,47.286997,-41.594200,ELG,1.06541179,1.0000,false
V4T005574,353.508176,-39.175317,QSO,0.08208253,1.7000,false
V4T005575,40.564031,-36.428244,ELG,0.93918967,1.0000,false
V4T005576,42.083579,-49.504423,ELG,0.25468126,1.0000,false
V4T005577,343.821579,-25.058599,BGS,0.89180968,0.4500,false
V4T005578,349.664251,-26.191306,BGS,2.37844288,0.4500,false
V4T005579,25.002870,-37.585775,Star,4.41212317,0.3000,false
V4T005580,355.968659,-21.365547,BGS,2.32226571,0.4500,false
V4T005581,25.384250,-51.893090,LRG,0.27607986,1.0000,false
V4T005582,44.112542,-42.156132,Star,5.28108446,0.3000,false
V4T005583,36.852530,-50.386555,BGS,1.43469663,0.4500,false
V4T005584,24.410221,-37.632239,ELG,0.43023566,1.0000,false
V4T005585,353.094367,-17.627054,BGS,1.25447150,0.4500,false
V4T005586,351.743686,-31.779655,BGS,1.64944559,0.4500,false
V4T005587,34.318684,-50.664408,BGS,1.32163412,0.4500,false
V4T005588,37.276625,-54.077403,LRG,0.61695680,1.0000,false
V4T005589,352.140905,-18.603090,BGS,1.24918029,0.4500,false
V4T005590,30.767111,-42.140355,ELG,0.52785389,1.0000,false
V4T005591,25.498762,-44.680878,LRG,0.35029572,1.0000,false
V4T005592,344.675362,-24.649660,ELG,0.55917145,1.0000,false
V4T005593,347.409693,-20.654632,BGS,1.00893370,0.4500,false
V4T005594,45.467874,-50.485402,BGS,0.87863148,0.4500,false
V4T005595,40.370689,-55.587426,Star,4.89950378,0.3000,false
V4T005596,38.340925,-53.667543,LRG,0.46081743,1.0000,false
V4T005597,346.022235,-30.232193,LRG,0.89927218,1.0000,false
V4T005598,348.869377,-36.884743,ELG,0.36147024,1.0000,false
V4T005599,24.926486,-56.494103,BGS,0.88788936,0.4500,false
V4T005600,51.041698,-46.935260,BGS,0.97066119,0.4500,false
V4T005601,30.557907,-47.594331,LRG,0.57591950,1.0000,false
V4T005602,341.308440,-24.820258,ELG,0.67966543,1.0000,false
V4T005603,352.837016,-28.767628,LRG,0.47909660,1.0000,false
V4T005604,39.575267,-50.807092,ELG,0.41267599,1.0000,false
V4T005605,356.504094,-33.909545,LRG,0.24852004,1.0000,false
V4T005606,32.601475,-33.336511,QSO,0.08390794,1.7000,false
V4T005607,355.539362,-15.011659,QSO,0.15406844,1.7000,false
V4T005608,14.539729,-51.635205,ELG,0.49384983,1.0000,false
V4T005609,26.642480,-50.916558,ELG,0.76845633,1.0000,false
V4T005610,345.758012,-30.711156,ELG,0.58219861,1.0000,false
V4T005611,354.544947,-36.217552,ELG,0.62158443,1.0000,false
V4T005612,352.749119,-23.645456,ELG,1.15653242,1.0000,false
V4T005613,19.710053,-56.700914,ELG,0.46103112,1.0000,false
V4T005614,342.309044,-37.568522,BGS,0.72576593,0.4500,false
V4T005615,348.854734,-22.914931,LRG,0.39702540,1.0000,false
V4T005616,31.869240,-57.695489,LRG,0.35602702,1.0000,false
V4T005617,348.959238,-35.872341,BGS,1.53012288,0.4500,false
V4T005618,42.124318,-56.392649,LRG,0.55196418,1.0000,false
V4T005619,346.910222,-27.314154,BGS,1.61772686,0.4500,false
V4T005620,351.657465,-19.320833,ELG,0.95212751,1.0000,false
V4T005621,30.700135,-41.356408,LRG,0.23373093,1.0000,false
V4T005622,45.508736,-39.543941,BGS,1.02093353,0.4500,false
V4T005623,45.862553,-57.617314,Star,6.11095777,0.3000,false
V4T005624,353.807846,-39.031303,LRG,0.45483777,1.0000,false
V4T005625,46.623364,-48.314522,LRG,0.28791261,1.0000,false
V4T005626,357.636508,-26.537188,ELG,0.51210673,1.0000,false
V4T005627,353.069938,-18.085482,LRG,0.33840230,1.0000,false
V4T005628,0.306430,-18.160422,BGS,1.50286486,0.4500,false
V4T005629,29.964311,-39.827190,BGS,0.64269187,0.4500,false
V4T005630,46.666958,-40.544822,BGS,1.45903386,0.4500,false
V4T005631,42.596544,-60.195636,BGS,1.27418303,0.4500,false
V4T005632,40.744324,-50.993619,LRG,0.40598049,1.0000,false
V4T005633,352.514058,-19.379986,ELG,0.43774487,1.0000,false
V4T005634,342.461038,-26.031729,LRG,0.26432653,1.0000,false
V4T005635,32.866542,-33.600441,ELG,0.48231366,1.0000,true
V4T005636,1.495378,-27.005020,QSO,0.22533480,1.7000,true
V4T005637,30.111557,-38.047283,ELG,0.40595301,1.0000,false
V4T005638,345.605807,-30.751636,LRG,0.36507623,1.0000,false
V4T005639,51.247858,-44.009307,LRG,0.27787367,1.0000,false
V4T005640,54.973144,-50.905536,ELG,0.87752133,1.0000,false
V4T005641,357.216138,-17.550033,QSO,0.16839292,1.7000,false
V4T005642,355.326102,-18.307997,ELG,0.79525108,1.0000,false
V4T005643,349.239765,-30.144898,LRG,0.63223507,1.0000,false
V4T005644,1.867145,-33.541801,BGS,1.32620198,0.4500,false
V4T005645,21.632160,-37.979186,ELG,0.92219353,1.0000,false
V4T005646,21.402524,-49.489551,Star,4.21151204,0.3000,false
V4T005647,39.729819,-39.365994,BGS,1.15569763,0.4500,false
V4T005648,42.119954,-58.859000,Star,4.32144774,0.3000,false
V4T005649,30.321317,-48.139043,BGS,1.80083709,0.4500,false
V4T005650,352.791836,-35.540126,BGS,1.32578297,0.4500,false
V4T005651,43.257202,-59.139910,ELG,0.86848335,1.0000,false
V4T005652,24.513294,-37.246561,BGS,1.42150560,0.4500,false
V4T005653,52.007943,-50.166178,Star,5.28181163,0.3000,false
V4T005654,29.098645,-38.830281,ELG,0.55757696,1.0000,false
V4T005655,342.403649,-27.794381,ELG,0.28632102,1.0000,false
V4T005656,46.926698,-54.482267,LRG,0.31944757,1.0000,false
V4T005657,352.062824,-18.945878,LRG,0.44330444,1.0000,false
V4T005658,347.782902,-38.609163,Star,3.47852082,0.3000,false
V4T005659,33.954912,-53.217939,ELG,0.60267739,1.0000,false
V4T005660,357.274556,-31.856443,QSO,0.23248754,1.7000,false
V4T005661,343.810090,-24.651965,LRG,0.23711714,1.0000,false
V4T005662,30.156612,-56.497677,ELG,0.52834537,1.0000,false
V4T005663,352.393563,-19.448661,QSO,0.08473193,1.7000,false
V4T005664,343.560523,-25.316735,BGS,1.80210309,0.4500,false
V4T005665,53.044669,-49.665520,ELG,0.31611291,1.0000,false
V4T005666,31.043667,-36.638254,ELG,0.86996791,1.0000,false
V4T005667,348.072377,-23.649783,ELG,0.94782687,1.0000,false
V4T005668,336.491948,-33.044853,LRG,0.61925721,1.0000,false
V4T005669,26.476040,-42.270958,BGS,1.62948322,0.4500,false
V4T005670,350.961506,-38.244273,Star,3.41312126,0.3000,true
V4T005671,339.073481,-26.299957,ELG,0.64052194,1.0000,false
V4T005672,351.492940,-25.122215,LRG,0.31222200,1.0000,true
V4T005673,44.310896,-38.524275,ELG,0.53424214,1.0000,false
V4T005674,37.644413,-49.073975,ELG,0.95823280,1.0000,false
V4T005675,345.083175,-35.930857,ELG,0.43086290,1.0000,true
V4T005676,356.316274,-33.594109,BGS,0.69569741,0.4500,true
V4T005677,43.561673,-37.643037,ELG,0.37096070,1.0000,false
V4T005678,343.335519,-25.467295,ELG,0.50064460,1.0000,false
V4T005679,358.390308,-26.782381,ELG,0.45927744,1.0000,false
V4T005680,356.711778,-26.187021,ELG,0.74806382,1.0000,false
V4T005681,37.121883,-39.345826,ELG,0.49666282,1.0000,false
V4T005682,336.578554,-32.771488,BGS,0.95348236,0.4500,false
V4T005683,22.665921,-44.092459,BGS,1.88258144,0.4500,false
V4T005684,42.636984,-47.047392,BGS,1.43272748,0.4500,false
V4T005685,4.026184,-28.815528,ELG,0.55317085,1.0000,false
V4T005686,50.467177,-42.548894,ELG,1.11549405,1.0000,false
V4T005687,354.520553,-39.054653,ELG,0.62780694,1.0000,false
V4T005688,41.045388,-56.847362,ELG,0.36085703,1.0000,false
V4T005689,44.397037,-38.266343,LRG,0.37485133,1.0000,false
V4T005690,351.443614,-19.499856,ELG,0.32218966,1.0000,true
V4T005691,0.302684,-35.586458,BGS,1.36813072,0.4500,false
V4T005692,39.615088,-49.791499,BGS,2.06365342,0.4500,true
V4T005693,53.803138,-51.700071,BGS,1.73136824,0.4500,false
V4T005694,2.345988,-29.049354,LRG,0.22391256,1.0000,false
V4T005695,32.010637,-59.605271,ELG,0.80269194,1.0000,false
V4T005696,2.572074,-27.807084,BGS,1.30938952,0.4500,false
V4T005697,37.225530,-47.233800,LRG,0.25567979,1.0000,false
V4T005698,351.502452,-20.042307,QSO,0.19582746,1.7000,false
V4T005699,46.118410,-39.586213,QSO,0.11852345,1.7000,false
V4T005700,46.163670,-40.848309,LRG,0.33041848,1.0000,false
V4T005701,347.117726,-23.745063,ELG,0.71290364,1.0000,false
V4T005702,350.723094,-34.853387,LRG,0.31968186,1.0000,false
V4T005703,353.384317,-27.152384,LRG,0.18539008,1.0000,false
V4T005704,2.094254,-30.311730,ELG,0.43011806,1.0000,false
V4T005705,350.080591,-28.162620,Star,8.40480679,0.3000,true
V4T005706,348.150797,-16.038671,Star,3.94673301,0.3000,false
V4T005707,53.912631,-50.688711,ELG,0.53749278,1.0000,false
V4T005708,34.113684,-48.202480,Star,2.96235078,0.3000,false
V4T005709,351.241055,-18.821721,ELG,0.73961186,1.0000,false
V4T005710,16.366733,-44.459784,BGS,1.21368594,0.4500,false
V4T005711,0.002134,-36.989103,Star,2.56617688,0.3000,false
V4T005712,54.023999,-45.429655,QSO,0.30814484,1.7000,false
V4T005713,53.600230,-51.510797,ELG,0.52154634,1.0000,false
V4T005714,345.699214,-30.834559,BGS,0.89346915,0.4500,false
V4T005715,353.759383,-18.258237,ELG,0.61436179,1.0000,false
V4T005716,38.300906,-51.101994,Star,4.33660730,0.3000,false
V4T005717,31.752385,-43.824193,QSO,0.10679409,1.7000,false
V4T005718,352.146989,-22.918837,ELG,0.68270410,1.0000,false
V4T005719,34.948931,-35.550341,ELG,0.49559533,1.0000,false
V4T005720,354.575550,-35.589413,ELG,0.58463913,1.0000,false
V4T005721,44.233743,-44.661035,ELG,0.79536111,1.0000,true
V4T005722,348.287514,-15.868013,Star,3.55355580,0.3000,false
V4T005723,44.004136,-44.163558,LRG,0.33966823,1.0000,false
V4T005724,50.082180,-52.944294,QSO,0.13963670,1.7000,false
V4T005725,352.403024,-16.863415,LRG,0.37838887,1.0000,false
V4T005726,337.041292,-33.439472,ELG,1.11248853,1.0000,false
V4T005727,347.977501,-20.627510,BGS,1.57524712,0.4500,false
V4T005728,343.097714,-26.059631,QSO,0.19623723,1.7000,false
V4T005729,359.187259,-37.357494,BGS,1.07551771,0.4500,true
V4T005730,25.327000,-46.564650,LRG,0.17436101,1.0000,false
V4T005731,346.354413,-15.956543,Star,2.74031851,0.3000,false
V4T005732,352.234893,-17.079920,QSO,0.25449831,1.7000,false
V4T005733,1.492396,-28.449510,Star,5.70839747,0.3000,true
V4T005734,348.453941,-18.947123,ELG,0.42336448,1.0000,false
V4T005735,46.621264,-40.888949,BGS,1.31256476,0.4500,false
V4T005736,40.394744,-51.696554,ELG,2.73819990,1.0000,false
V4T005737,359.252366,-34.428370,LRG,0.33779963,1.0000,false
V4T005738,0.458183,-37.067824,LRG,0.23271283,1.0000,false
V4T005739,48.445716,-42.232844,ELG,0.41381726,1.0000,false
V4T005740,0.774005,-32.266990,BGS,1.27995657,0.4500,false
V4T005741,37.512284,-53.756284,ELG,0.67164068,1.0000,false
V4T005742,28.345852,-47.632846,ELG,0.54512362,1.0000,false
V4T005743,357.800471,-36.740434,Star,4.27397443,0.3000,false
V4T005744,351.182296,-15.757837,LRG,0.46537188,1.0000,false
V4T005745,357.827361,-27.124059,QSO,0.25587238,1.7000,false
V4T005746,357.189228,-27.939922,LRG,0.39345516,1.0000,false
V4T005747,346.514899,-30.471016,BGS,1.40743886,0.4500,false
V4T005748,3.242849,-29.953692,BGS,0.74286641,0.4500,false
V4T005749,353.454512,-35.415758,BGS,1.08778401,0.4500,false
V4T005750,55.029967,-57.334724,LRG,0.18575044,1.0000,false
V4T005751,356.145120,-20.287439,BGS,0.77896144,0.4500,false
V4T005752,23.932682,-52.635631,QSO,0.23005390,1.7000,false
V4T005753,47.904444,-49.811145,LRG,0.31168702,1.0000,false
V4T005754,30.204314,-38.825270,BGS,1.24022448,0.4500,false
V4T005755,355.547778,-19.088059,LRG,0.42591132,1.0000,false
V4T005756,338.604133,-23.699785,ELG,1.13363730,1.0000,false
V4T005757,357.403816,-16.831752,LRG,0.32223551,1.0000,false
V4T005758,341.358802,-33.216921,LRG,0.28289921,1.0000,true
V4T005759,24.197996,-52.553254,ELG,0.98918220,1.0000,false
V4T005760,357.065053,-19.993736,QSO,0.15842933,1.7000,false
V4T005761,16.643009,-52.736455,BGS,1.09129648,0.4500,false
V4T005762,19.784949,-42.196221,BGS,1.12216915,0.4500,false
V4T005763,27.242188,-55.914846,BGS,1.48242653,0.4500,false
V4T005764,343.372339,-25.494041,BGS,1.28735866,0.4500,false
V4T005765,357.661786,-26.410692,Star,3.67797209,0.3000,false
V4T005766,343.144629,-25.088923,LRG,0.15334330,1.0000,false
V4T005767,36.577577,-61.133175,BGS,1.24644017,0.4500,false
V4T005768,40.293818,-56.516063,ELG,0.96289832,1.0000,false
V4T005769,34.510569,-55.967117,ELG,0.47513871,1.0000,false
V4T005770,347.029167,-30.725657,ELG,0.78861780,1.0000,false
V4T005771,30.929555,-35.546118,BGS,0.93686081,0.4500,false
V4T005772,33.146830,-33.215801,ELG,0.70827709,1.0000,false
V4T005773,3.099720,-27.524598,BGS,1.24312622,0.4500,false
V4T005774,352.735266,-17.260434,LRG,0.30854205,1.0000,false
V4T005775,28.261792,-36.102555,LRG,0.39135634,1.0000,false
V4T005776,347.625444,-25.294085,QSO,0.09089831,1.7000,false
V4T005777,38.812949,-49.471794,LRG,0.30776630,1.0000,false
V4T005778,38.455695,-48.033565,QSO,0.10606623,1.7000,false
V4T005779,1.785584,-28.611733,ELG,0.50301443,1.0000,false
V4T005780,1.382936,-27.883399,Star,3.30896766,0.3000,false
V4T005781,14.163749,-51.807275,QSO,0.24078044,1.7000,false
V4T005782,36.133045,-50.842675,ELG,0.96976217,1.0000,false
V4T005783,54.635788,-50.842968,BGS,1.24975948,0.4500,false
V4T005784,39.033606,-40.855643,LRG,0.47133791,1.0000,false
V4T005785,352.793364,-17.451529,LRG,0.43919859,1.0000,false
V4T005786,25.058302,-47.119472,BGS,1.40155562,0.4500,false
V4T005787,30.704124,-46.289687,Star,3.86057385,0.3000,false
V4T005788,37.324647,-50.328428,QSO,0.29429259,1.7000,true
V4T005789,47.033192,-40.474238,LRG,0.40385349,1.0000,false
V4T005790,359.478698,-25.771456,Star,4.03366375,0.3000,false
V4T005791,39.782956,-53.186325,BGS,0.82496005,0.4500,false
V4T005792,2.311081,-24.484404,LRG,0.30614462,1.0000,false
V4T005793,2.653318,-28.979037,QSO,0.18823962,1.7000,false
V4T005794,54.664382,-50.218806,Star,3.33576819,0.3000,false
V4T005795,41.083047,-47.743946,QSO,0.23220097,1.7000,false
V4T005796,43.473141,-42.088912,QSO,0.20318440,1.7000,false
V4T005797,338.412222,-34.699655,ELG,0.50190989,1.0000,false
V4T005798,38.595579,-42.063075,ELG,0.43776616,1.0000,false
V4T005799,42.407377,-56.365588,QSO,0.16622544,1.7000,false
V4T005800,0.309976,-24.767625,ELG,0.29195067,1.0000,false
V4T005801,343.222755,-26.169573,ELG,1.00994029,1.0000,false
V4T005802,347.469636,-22.696379,LRG,0.33534689,1.0000,false
V4T005803,3.627335,-27.148869,ELG,0.44014119,1.0000,false
V4T005804,55.081105,-50.910208,QSO,0.21791010,1.7000,false
V4T005805,347.154671,-16.238490,BGS,1.65791170,0.4500,false
V4T005806,353.090324,-20.258216,BGS,1.81987284,0.4500,false
V4T005807,55.391588,-51.256841,ELG,0.70639343,1.0000,false
V4T005808,356.982197,-24.205041,ELG,0.37760509,1.0000,false
V4T005809,55.662773,-56.617167,BGS,1.26711210,0.4500,false
V4T005810,347.969338,-36.652656,ELG,0.78326440,1.0000,false
V4T005811,47.371360,-41.526574,QSO,0.10774650,1.7000,true
V4T005812,345.826054,-33.632909,LRG,0.36093960,1.0000,false
V4T005813,28.429495,-35.136767,BGS,1.11187259,0.4500,false
V4T005814,20.644161,-55.835613,LRG,0.31721601,1.0000,false
V4T005815,355.871133,-19.667552,ELG,0.62940809,1.0000,false
V4T005816,22.579852,-52.012632,BGS,1.28038532,0.4500,false
V4T005817,48.266649,-46.377029,BGS,1.15603817,0.4500,false
V4T005818,46.932966,-41.568951,Star,5.75900170,0.3000,true
V4T005819,31.575447,-52.892881,BGS,1.39820450,0.4500,false
V4T005820,44.810546,-38.907031,ELG,0.46978902,1.0000,false
V4T005821,33.362722,-47.660097,ELG,0.92389496,1.0000,false
V4T005822,347.248713,-31.392584,BGS,1.32806351,0.4500,false
V4T005823,0.491829,-20.852272,ELG,0.77662004,1.0000,false
V4T005824,37.151712,-46.066913,BGS,1.67129081,0.4500,false
V4T005825,344.157347,-19.250247,ELG,0.53728508,1.0000,false
V4T005826,354.914547,-35.387846,ELG,0.76301847,1.0000,false
V4T005827,2.985376,-28.173099,Star,4.62580550,0.3000,false
V4T005828,54.136233,-51.507749,Star,6.01037556,0.3000,false
V4T005829,340.870939,-31.738477,LRG,0.32211519,1.0000,false
V4T005830,28.448342,-34.000855,ELG,0.47478249,1.0000,false
V4T005831,45.386846,-38.890426,ELG,0.41145830,1.0000,false
V4T005832,49.962457,-54.237554,BGS,1.56645364,0.4500,false
V4T005833,23.688909,-47.171837,QSO,0.27743887,1.7000,false
V4T005834,39.085172,-35.550439,QSO,0.20008812,1.7000,false
V4T005835,33.931352,-33.410922,BGS,1.79158158,0.4500,false
V4T005836,353.119889,-39.016882,ELG,0.41571306,1.0000,false
V4T005837,2.094434,-28.641248,BGS,0.87395687,0.4500,false
V4T005838,339.433860,-24.119570,QSO,0.08792050,1.7000,false
V4T005839,351.612407,-18.810534,ELG,0.46645949,1.0000,false
V4T005840,41.319617,-56.671440,ELG,0.80216913,1.0000,false
V4T005841,42.318431,-58.005291,BGS,1.11162814,0.4500,false
V4T005842,356.154109,-16.280961,QSO,0.37868458,1.7000,false
V4T005843,352.426369,-17.196176,ELG,0.71208372,1.0000,false
V4T005844,355.933257,-19.930282,BGS,0.90982436,0.4500,false
V4T005845,41.310835,-56.626814,LRG,0.43689797,1.0000,false
V4T005846,352.742080,-25.972373,LRG,0.13431026,1.0000,true
V4T005847,353.676481,-25.307051,QSO,0.13619999,1.7000,false
V4T005848,40.133037,-52.296806,BGS,1.13296024,0.4500,false
V4T005849,351.968345,-22.299430,QSO,0.20578519,1.7000,false
V4T005850,46.415472,-41.743408,LRG,0.39191028,1.0000,false
V4T005851,4.035135,-27.780472,ELG,0.48941278,1.0000,false
V4T005852,356.414705,-15.939385,BGS,1.30423763,0.4500,false
V4T005853,345.682805,-31.715497,ELG,1.15432576,1.0000,false
V4T005854,356.066658,-39.698004,BGS,1.26018539,0.4500,false
V4T005855,30.844368,-46.572869,ELG,0.95093230,1.0000,false
V4T005856,43.728896,-53.826907,ELG,0.49870513,1.0000,false
V4T005857,54.733420,-50.699085,LRG,0.42127315,1.0000,true
V4T005858,355.788139,-19.980493,ELG,0.46174916,1.0000,false
V4T005859,0.892618,-33.027695,ELG,0.63470838,1.0000,false
V4T005860,46.797079,-40.684936,ELG,0.41843662,1.0000,false
V4T005861,342.518519,-18.818144,Star,4.67644364,0.3000,false
V4T005862,350.276314,-33.380933,ELG,0.30680788,1.0000,false
V4T005863,347.083518,-38.964483,Star,5.70115606,0.3000,false
V4T005864,21.938774,-42.841977,QSO,0.10334273,1.7000,false
V4T005865,21.826220,-58.321902,QSO,0.31456975,1.7000,false
V4T005866,0.687720,-23.834803,BGS,1.89018932,0.4500,false
V4T005867,358.422608,-27.223700,ELG,1.10435117,1.0000,false
V4T005868,37.176533,-41.956026,QSO,0.10405402,1.7000,false
V4T005869,44.767412,-59.059477,BGS,1.13752929,0.4500,false
V4T005870,14.520932,-51.954569,ELG,0.59551700,1.0000,false
V4T005871,356.761883,-38.177421,LRG,0.32286366,1.0000,false
V4T005872,353.509546,-17.281852,ELG,0.67914619,1.0000,false
V4T005873,344.757222,-25.713666,ELG,0.46382141,1.0000,false
V4T005874,353.221789,-17.744678,QSO,0.16239181,1.7000,false
V4T005875,19.241456,-44.557045,LRG,0.39491287,1.0000,false
V4T005876,25.763784,-41.657506,LRG,0.26764353,1.0000,false
V4T005877,344.004929,-19.862746,ELG,0.41400291,1.0000,false
V4T005878,51.909096,-54.903242,Star,1.73263965,0.3000,false
V4T005879,350.985730,-19.057623,ELG,0.52466874,1.0000,false
V4T005880,54.266614,-58.001608,ELG,0.52421606,1.0000,false
V4T005881,27.483050,-41.217312,BGS,1.14181541,0.4500,false
V4T005882,351.452986,-21.938824,LRG,0.39678184,1.0000,false
V4T005883,35.593279,-36.572541,QSO,0.28293889,1.7000,false
V4T005884,26.499544,-36.449920,QSO,0.07569740,1.7000,false
V4T005885,348.733814,-18.109031,BGS,1.30470307,0.4500,false
V4T005886,31.446114,-59.983119,ELG,0.88969995,1.0000,false
V4T005887,343.545390,-22.495436,ELG,0.51187446,1.0000,false
V4T005888,350.630648,-31.937783,Star,4.26928671,0.3000,false
V4T005889,353.459541,-16.946808,QSO,0.27096586,1.7000,false
V4T005890,342.928617,-21.156305,BGS,0.95719422,0.4500,false
V4T005891,345.400516,-28.340959,LRG,0.33163947,1.0000,false
V4T005892,344.803461,-17.114254,Star,2.94979670,0.3000,false
V4T005893,45.657416,-48.186554,ELG,0.53625522,1.0000,false
V4T005894,31.804880,-40.965320,BGS,0.95285291,0.4500,false
V4T005895,45.446763,-39.280775,BGS,0.98042862,0.4500,false
V4T005896,346.503022,-30.618906,BGS,1.34277562,0.4500,false
V4T005897,51.008629,-52.584376,ELG,0.72094919,1.0000,false
V4T005898,347.286803,-24.984369,LRG,0.39193971,1.0000,false
V4T005899,38.690367,-38.118290,QSO,0.25294391,1.7000,false
V4T005900,344.374507,-23.408160,QSO,0.12155797,1.7000,false
V4T005901,353.255878,-17.179768,LRG,0.28737376,1.0000,false
V4T005902,43.015407,-60.796892,ELG,0.55372080,1.0000,false
V4T005903,337.350531,-25.776294,ELG,0.85327186,1.0000,false
V4T005904,48.299020,-41.022810,ELG,0.71157063,1.0000,false
V4T005905,353.725147,-37.664683,ELG,0.39298813,1.0000,false
V4T005906,49.907618,-43.426402,LRG,0.62919707,1.0000,false
V4T005907,21.235311,-46.916585,BGS,0.94016552,0.4500,false
V4T005908,18.838509,-57.424132,LRG,0.39790282,1.0000,false
V4T005909,44.205564,-39.119425,ELG,0.53100081,1.0000,false
V4T005910,44.196039,-38.279172,QSO,0.13148996,1.7000,false
V4T005911,28.958613,-49.047671,BGS,1.13628209,0.4500,true
V4T005912,26.336726,-41.599241,BGS,1.18503062,0.4500,false
V4T005913,355.268841,-35.085597,ELG,0.25908883,1.0000,false
V4T005914,339.593187,-34.447603,LRG,0.17482310,1.0000,false
V4T005915,54.062133,-50.330197,LRG,0.46314428,1.0000,false
V4T005916,28.089824,-49.304260,ELG,0.36783491,1.0000,false
V4T005917,358.679991,-31.372662,BGS,1.38062553,0.4500,false
V4T005918,36.868418,-50.209062,LRG,0.35442662,1.0000,false
V4T005919,37.983253,-50.266136,ELG,0.58508941,1.0000,false
V4T005920,356.914994,-26.559658,LRG,0.34108805,1.0000,false
V4T005921,27.565376,-39.138319,BGS,0.60785203,0.4500,true
V4T005922,1.644059,-29.780482,ELG,0.57473967,1.0000,true
V4T005923,18.224062,-49.792253,ELG,0.45656022,1.0000,false
V4T005924,342.132842,-34.994281,Star,4.07181102,0.3000,false
V4T005925,352.636712,-17.351889,BGS,1.44269065,0.4500,false
V4T005926,357.923605,-28.573896,ELG,0.37177575,1.0000,false
V4T005927,33.125319,-40.020579,ELG,0.17015189,1.0000,false
V4T005928,34.166881,-56.095190,LRG,0.44255348,1.0000,false
V4T005929,22.388025,-52.312707,ELG,0.55449505,1.0000,false
V4T005930,343.663567,-28.354022,LRG,0.34426495,1.0000,false
V4T005931,358.243988,-26.899359,ELG,0.69422352,1.0000,false
V4T005932,33.397666,-34.491915,ELG,0.81272293,1.0000,false
V4T005933,48.754040,-41.351953,BGS,1.39764375,0.4500,false
V4T005934,346.019880,-26.788933,BGS,1.19934089,0.4500,false
V4T005935,351.603746,-18.742120,LRG,0.29836333,1.0000,true
V4T005936,357.687623,-25.313503,BGS,1.27902365,0.4500,false
V4T005937,35.110276,-34.330238,ELG,0.37440930,1.0000,false
V4T005938,351.905201,-22.469279,ELG,1.68865839,1.0000,false
V4T005939,47.636241,-41.193929,Star,3.94170523,0.3000,false
V4T005940,39.255808,-35.469813,QSO,0.32828390,1.7000,false
V4T005941,348.603901,-30.412999,ELG,0.39863321,1.0000,false
V4T005942,40.078246,-37.103168,ELG,0.75725828,1.0000,false
V4T005943,49.593676,-60.010280,QSO,0.22014090,1.7000,false
V4T005944,41.630449,-56.438226,ELG,0.97491881,1.0000,false
V4T005945,39.938904,-56.314237,BGS,1.17700746,0.4500,false
V4T005946,33.996524,-43.195637,BGS,1.58462737,0.4500,false
V4T005947,343.197015,-25.402396,Star,2.31361126,0.3000,false
V4T005948,26.772446,-36.339456,BGS,1.39221145,0.4500,false
V4T005949,345.963734,-20.825872,BGS,0.96845465,0.4500,false
V4T005950,345.165911,-32.046556,BGS,1.23879669,0.4500,false
V4T005951,336.895481,-26.087817,LRG,0.82675910,1.0000,false
V4T005952,349.464435,-20.164335,QSO,0.19481693,1.7000,false
V4T005953,49.270915,-52.014041,ELG,0.65006593,1.0000,false
V4T005954,355.098002,-20.098324,LRG,0.42235143,1.0000,false
V4T005955,31.651325,-45.787183,QSO,0.06750797,1.7000,false
V4T005956,350.892169,-23.939129,LRG,0.32452401,1.0000,false
V4T005957,352.042646,-25.444903,Star,4.07858251,0.3000,false
V4T005958,343.205208,-37.087243,Star,3.70600930,0.3000,false
V4T005959,343.495447,-26.024113,ELG,0.65564705,1.0000,false
V4T005960,41.559367,-39.388112,QSO,0.15879672,1.7000,false
V4T005961,342.902751,-25.245902,BGS,1.01950831,0.4500,false
V4T005962,22.048773,-42.080882,LRG,0.20492925,1.0000,false
V4T005963,356.963318,-35.237160,BGS,1.20781390,0.4500,false
V4T005964,356.317443,-36.661679,BGS,1.42902727,0.4500,false
V4T005965,54.016215,-50.774807,BGS,0.77287427,0.4500,false
V4T005966,341.979302,-22.532865,BGS,1.95774485,0.4500,false
V4T005967,19.122411,-45.885316,BGS,1.13830821,0.4500,false
V4T005968,354.110703,-39.960584,QSO,0.10148199,1.7000,false
V4T005969,344.674947,-18.021225,ELG,0.51056544,1.0000,false
V4T005970,341.931890,-28.491371,BGS,2.29260061,0.4500,false
V4T005971,350.545525,-16.933925,ELG,0.59259688,1.0000,false
V4T005972,19.438739,-52.975495,ELG,0.84919313,1.0000,false
V4T005973,345.136341,-17.065153,QSO,0.22735152,1.7000,false
V4T005974,44.119211,-53.733528,ELG,0.94696071,1.0000,false
V4T005975,47.600757,-53.414732,LRG,0.48571322,1.0000,false
V4T005976,19.687881,-51.022320,LRG,0.33906937,1.0000,false
V4T005977,2.099759,-27.943962,LRG,0.61826669,1.0000,false
V4T005978,28.066227,-54.832100,ELG,0.44641559,1.0000,false
V4T005979,339.533934,-23.516790,LRG,0.44296221,1.0000,false
V4T005980,1.862939,-29.365492,LRG,0.25437917,1.0000,false
V4T005981,355.163353,-20.071310,LRG,0.25520807,1.0000,false
V4T005982,347.709257,-26.483985,QSO,0.29693245,1.7000,false
V4T005983,41.941229,-39.292924,BGS,1.22951384,0.4500,true
V4T005984,345.611289,-20.346961,LRG,0.24528578,1.0000,false
V4T005985,34.078661,-33.963552,ELG,0.46803707,1.0000,false
V4T005986,15.619677,-49.627616,BGS,1.69883158,0.4500,false
V4T005987,344.998312,-27.684022,BGS,1.12049352,0.4500,false
V4T005988,53.578613,-51.377413,LRG,0.32326809,1.0000,false
V4T005989,43.483613,-53.903260,ELG,0.32077139,1.0000,false
V4T005990,0.779195,-28.804150,ELG,0.36810372,1.0000,false
V4T005991,352.838419,-33.541510,LRG,0.28387601,1.0000,false
V4T005992,34.297965,-47.422223,ELG,0.56648452,1.0000,false
V4T005993,35.262587,-58.553364,QSO,0.20107320,1.7000,false
V4T005994,56.961873,-52.670681,ELG,0.23299444,1.0000,false
V4T005995,337.459006,-27.508255,ELG,0.59020696,1.0000,false
V4T005996,42.686533,-49.238372,ELG,0.44111612,1.0000,false
V4T005997,30.689737,-48.123619,QSO,0.12940802,1.7000,false
V4T005998,51.853579,-55.220153,QSO,0.13897387,1.7000,false
V4T005999,36.922710,-35.712390,Star,2.95967160,0.3000,false
V4T006000,354.669678,-39.874459,LRG,0.43498733,1.0000,false
V4T006001,348.850447,-30.223937,LRG,0.36566436,1.0000,false
V4T006002,354.386357,-19.818002,ELG,0.89627228,1.0000,false
V4T006003,344.406644,-33.602649,ELG,0.32727309,1.0000,true
V4T006004,342.522975,-25.240864,LRG,0.42998699,1.0000,false
V4T006005,37.030372,-49.660778,ELG,0.42210561,1.0000,false
V4T006006,40.950911,-44.158995,LRG,0.25176363,1.0000,false
V4T006007,337.019859,-29.710300,ELG,0.25739937,1.0000,false
V4T006008,1.344081,-28.564340,ELG,0.66047574,1.0000,false
V4T006009,39.602926,-39.092687,QSO,0.14469344,1.7000,false
V4T006010,40.435200,-57.689417,ELG,0.61641761,1.0000,false
V4T006011,32.421373,-34.785445,QSO,0.29003040,1.7000,false
V4T006012,342.750024,-24.424049,BGS,1.45271016,0.4500,true
V4T006013,54.927286,-50.992844,ELG,0.67758437,1.0000,false
V4T006014,21.016247,-38.265223,LRG,0.55825430,1.0000,false
V4T006015,35.137066,-53.669897,ELG,0.54229555,1.0000,false
V4T006016,355.817080,-19.580140,BGS,1.43584969,0.4500,false
V4T006017,52.444855,-48.000104,ELG,0.36252678,1.0000,false
V4T006018,353.122720,-27.504203,QSO,0.16654160,1.7000,false
V4T006019,358.177085,-23.089072,BGS,2.05106985,0.4500,false
V4T006020,350.605624,-21.186138,Star,2.75902249,0.3000,false
V4T006021,36.174853,-61.641811,LRG,0.59715815,1.0000,false
V4T006022,45.654273,-49.945885,ELG,0.33953283,1.0000,false
V4T006023,346.076125,-19.861300,ELG,0.33208832,1.0000,false
V4T006024,352.333490,-16.324525,ELG,0.45529623,1.0000,false
V4T006025,38.616277,-45.544342,ELG,0.59080506,1.0000,false
V4T006026,55.698405,-54.389856,LRG,0.41574091,1.0000,false
V4T006027,339.671441,-33.408451,Star,4.24206021,0.3000,false
V4T006028,56.578361,-52.155431,BGS,1.05583867,0.4500,false
V4T006029,44.537603,-39.296271,ELG,0.49121215,1.0000,false
V4T006030,23.567618,-36.899770,ELG,0.19162110,1.0000,false
V4T006031,17.326340,-53.321882,ELG,0.59288918,1.0000,false
V4T006032,346.076403,-30.580594,ELG,0.34820926,1.0000,false
V4T006033,355.972147,-19.712269,BGS,1.48152733,0.4500,false
V4T006034,357.938383,-19.633843,ELG,0.52163046,1.0000,false
V4T006035,350.769359,-34.160219,ELG,0.50936240,1.0000,false
V4T006036,352.800965,-17.226633,QSO,0.16568015,1.7000,false
V4T006037,33.608553,-33.265609,BGS,2.22297517,0.4500,false
V4T006038,26.355862,-59.433075,LRG,0.34770882,1.0000,false
V4T006039,35.804688,-43.256081,BGS,1.60943816,0.4500,false
V4T006040,51.507327,-59.429959,BGS,1.22997339,0.4500,false
V4T006041,29.947945,-36.956679,QSO,0.12048858,1.7000,false
V4T006042,356.371915,-20.261890,Star,3.23490954,0.3000,false
V4T006043,33.984098,-52.652113,BGS,1.31639913,0.4500,false
V4T006044,2.177744,-34.603755,BGS,1.01497049,0.4500,false
V4T006045,342.932557,-25.575214,QSO,0.15049895,1.7000,false
V4T006046,344.609421,-25.993478,QSO,0.29673699,1.7000,false
V4T006047,45.241507,-38.616620,LRG,0.33851757,1.0000,false
V4T006048,355.187417,-19.305510,ELG,0.58652236,1.0000,false
V4T006049,31.637814,-37.881602,QSO,0.25282289,1.7000,false
V4T006050,44.394281,-39.361160,ELG,0.65788403,1.0000,false
V4T006051,43.700514,-57.138606,QSO,0.20727258,1.7000,false
V4T006052,355.309008,-19.415433,ELG,0.44561294,1.0000,false
V4T006053,46.643440,-41.156322,ELG,0.45645695,1.0000,false
V4T006054,349.807379,-31.219704,ELG,0.84735233,1.0000,false
V4T006055,344.132184,-34.006829,BGS,2.46176707,0.4500,true
V4T006056,32.212901,-47.224086,ELG,0.88261461,1.0000,false
V4T006057,44.953749,-56.353801,BGS,1.16364035,0.4500,false
V4T006058,35.459164,-52.520202,LRG,0.28914212,1.0000,false
V4T006059,340.438347,-22.231580,LRG,0.22700589,1.0000,false
V4T006060,45.078141,-39.534131,ELG,0.43886149,1.0000,false
V4T006061,353.539834,-32.225152,ELG,0.48266435,1.0000,false
V4T006062,350.950959,-18.710840,LRG,0.38658831,1.0000,false
V4T006063,352.254772,-19.425965,BGS,1.46256882,0.4500,false
V4T006064,343.941606,-35.311754,BGS,1.52817522,0.4500,false
V4T006065,348.381988,-16.521472,BGS,1.23915678,0.4500,false
V4T006066,26.639083,-50.183145,Star,3.72319183,0.3000,false
V4T006067,359.678140,-33.743145,LRG,0.24449441,1.0000,false
V4T006068,27.338783,-52.601998,ELG,0.41663081,1.0000,false
V4T006069,352.753844,-32.045398,ELG,0.69180074,1.0000,false
V4T006070,37.220863,-53.432899,LRG,0.31083128,1.0000,true
V4T006071,355.741139,-20.238712,LRG,0.42770466,1.0000,false
V4T006072,33.937588,-60.444271,ELG,0.41157189,1.0000,false
V4T006073,346.336301,-25.382756,Star,4.42075466,0.3000,false
V4T006074,353.468555,-31.132843,QSO,0.14572700,1.7000,false
V4T006075,15.353725,-47.125039,QSO,0.09383110,1.7000,false
V4T006076,349.246421,-16.957683,QSO,0.19434866,1.7000,false
V4T006077,354.055468,-27.796151,LRG,0.43660091,1.0000,false
V4T006078,39.066560,-52.909797,LRG,0.31605017,1.0000,false
V4T006079,53.583468,-50.990952,LRG,0.23052644,1.0000,false
V4T006080,29.403786,-46.392704,LRG,0.28506093,1.0000,false
V4T006081,347.510467,-19.826149,ELG,0.68658027,1.0000,false
V4T006082,38.576758,-43.867648,BGS,1.85228286,0.4500,false
V4T006083,33.413503,-56.841105,BGS,1.42796422,0.4500,false
V4T006084,350.576300,-18.952967,BGS,1.28394518,0.4500,false
V4T006085,345.786848,-17.030385,ELG,0.61502913,1.0000,false
V4T006086,28.837377,-52.391923,BGS,1.52335344,0.4500,false
V4T006087,39.226323,-49.902405,LRG,0.22955060,1.0000,false
V4T006088,339.336780,-36.297123,Star,4.23738469,0.3000,false
V4T006089,349.975428,-21.512990,BGS,1.33552809,0.4500,false
V4T006090,48.140846,-41.816640,BGS,0.79931085,0.4500,false
V4T006091,1.775037,-28.503842,BGS,1.29670415,0.4500,false
V4T006092,352.582619,-18.403430,BGS,2.16845204,0.4500,false
V4T006093,37.456874,-59.529575,LRG,0.28387352,1.0000,false
V4T006094,355.202991,-19.896575,ELG,0.48288729,1.0000,false
V4T006095,29.225231,-59.937973,QSO,0.32825991,1.7000,false
V4T006096,32.201561,-38.553986,BGS,1.43891960,0.4500,false
V4T006097,33.204392,-60.606350,QSO,0.21006533,1.7000,false
V4T006098,358.522242,-25.700364,LRG,0.23156213,1.0000,false
V4T006099,340.175693,-27.986610,LRG,0.25972451,1.0000,false
V4T006100,18.406681,-52.909009,LRG,0.29358399,1.0000,false
V4T006101,344.114530,-24.866767,QSO,0.24905349,1.7000,false
V4T006102,339.560132,-33.474894,QSO,0.16781757,1.7000,false
V4T006103,343.855373,-25.215310,LRG,0.29034963,1.0000,false
V4T006104,342.824301,-25.259138,ELG,0.69133897,1.0000,false
V4T006105,31.378311,-46.065601,QSO,0.31820236,1.7000,false
V4T006106,349.165885,-38.018117,ELG,0.65819575,1.0000,false
V4T006107,46.470003,-53.774805,ELG,0.94950253,1.0000,false
V4T006108,52.674094,-45.836566,ELG,0.39118566,1.0000,false
V4T006109,347.834389,-29.793680,BGS,1.33226655,0.4500,false
V4T006110,44.846654,-42.514393,ELG,0.70071585,1.0000,true
V4T006111,30.610974,-55.764322,Star,4.98887785,0.3000,false
V4T006112,358.318647,-26.591521,LRG,0.36137799,1.0000,false
V4T006113,349.567558,-14.785748,ELG,0.46623950,1.0000,false
V4T006114,47.156757,-49.780796,ELG,0.39954068,1.0000,false
V4T006115,17.652314,-48.689957,BGS,0.92233329,0.4500,false
V4T006116,353.786516,-20.879389,QSO,0.15108278,1.7000,false
V4T006117,345.968247,-30.997416,ELG,0.42039532,1.0000,false
V4T006118,346.668831,-30.951826,ELG,1.49402087,1.0000,false
V4T006119,345.673359,-32.182117,BGS,2.19119195,0.4500,false
V4T006120,350.865419,-23.242512,ELG,0.41574201,1.0000,false
V4T006121,47.845314,-42.264021,BGS,1.66435528,0.4500,false
V4T006122,38.888444,-45.887373,LRG,0.48831266,1.0000,false
V4T006123,350.674063,-31.279447,LRG,0.41038648,1.0000,false
V4T006124,351.108344,-18.477720,BGS,0.96750568,0.4500,false
V4T006125,353.092111,-18.250295,ELG,0.49454625,1.0000,false
V4T006126,348.662388,-33.511003,QSO,0.16070634,1.7000,false
V4T006127,357.447681,-34.651091,ELG,0.23096564,1.0000,false
V4T006128,351.292221,-15.981566,ELG,0.58933812,1.0000,false
V4T006129,29.294320,-41.422561,BGS,0.86025679,0.4500,false
V4T006130,54.737388,-49.286579,LRG,0.38263682,1.0000,false
V4T006131,45.855453,-58.068338,LRG,0.68382669,1.0000,false
V4T006132,54.725947,-51.523115,LRG,0.29510820,1.0000,false
V4T006133,355.516686,-20.968823,Star,6.77505740,0.3000,false
V4T006134,351.230668,-19.477115,ELG,0.34282199,1.0000,false
V4T006135,346.336087,-29.981062,LRG,0.48584018,1.0000,false
V4T006136,20.378929,-38.407115,BGS,1.09353087,0.4500,false
V4T006137,348.966777,-17.855631,BGS,1.70356216,0.4500,false
V4T006138,28.746413,-44.942128,LRG,0.30002182,1.0000,false
V4T006139,54.964996,-51.265538,ELG,0.86473705,1.0000,false
V4T006140,44.993624,-39.823459,Star,3.72456616,0.3000,false
V4T006141,2.475196,-28.497430,LRG,0.29551070,1.0000,false
V4T006142,50.563111,-48.163776,BGS,0.92823639,0.4500,false
V4T006143,343.202940,-27.301776,ELG,0.29795412,1.0000,false
V4T006144,34.931414,-41.940650,ELG,0.83796615,1.0000,false
V4T006145,350.112513,-29.840416,ELG,0.78418218,1.0000,false
V4T006146,25.197815,-42.712304,LRG,0.47363685,1.0000,false
V4T006147,36.803508,-40.366757,QSO,0.11855047,1.7000,false
V4T006148,38.376972,-47.380187,ELG,0.48334968,1.0000,false
V4T006149,339.203393,-29.068061,BGS,2.30094421,0.4500,false
V4T006150,355.650761,-35.953636,QSO,0.22528675,1.7000,false
V4T006151,39.292639,-52.477619,Star,3.66827026,0.3000,false
V4T006152,348.787835,-16.108032,ELG,0.92247723,1.0000,false
V4T006153,354.236452,-20.836249,ELG,0.65917555,1.0000,false
V4T006154,18.532249,-42.005721,LRG,0.32028450,1.0000,false
V4T006155,31.003651,-34.966485,LRG,0.19329292,1.0000,false
V4T006156,349.630976,-16.295567,ELG,0.58531301,1.0000,false
V4T006157,40.702178,-49.416394,BGS,1.16845340,0.4500,false
V4T006158,351.629001,-30.841458,ELG,0.61605832,1.0000,false
V4T006159,32.176642,-55.105954,QSO,0.22284770,1.7000,false
V4T006160,348.535166,-29.423397,QSO,0.10172210,1.7000,false
V4T006161,55.702161,-51.113668,BGS,1.23518585,0.4500,false
V4T006162,27.379283,-40.769028,ELG,0.84549785,1.0000,false
V4T006163,40.961960,-57.045138,Star,3.75551439,0.3000,false
V4T006164,2.078062,-28.445252,Star,3.50374771,0.3000,false
V4T006165,45.188531,-39.153796,BGS,1.36515616,0.4500,false
V4T006166,340.179379,-37.057749,ELG,0.45977962,1.0000,false
V4T006167,352.092270,-18.210208,ELG,0.34798402,1.0000,false
V4T006168,26.988553,-50.147657,BGS,0.95965221,0.4500,false
V4T006169,356.030505,-18.635868,QSO,0.09442881,1.7000,false
V4T006170,54.268355,-50.985514,LRG,0.27950447,1.0000,false
V4T006171,50.722836,-52.942245,Star,3.08753618,0.3000,false
V4T006172,355.238615,-19.638873,ELG,0.70651227,1.0000,false
V4T006173,25.071611,-46.665032,BGS,0.92763415,0.4500,false
V4T006174,47.339618,-41.318048,Star,2.84912147,0.3000,false
V4T006175,16.649512,-43.363656,ELG,0.38459801,1.0000,false
V4T006176,3.164528,-28.129747,BGS,1.02986092,0.4500,false
V4T006177,349.833110,-27.847543,ELG,0.41245035,1.0000,false
V4T006178,345.704870,-30.616967,BGS,1.12464691,0.4500,false
V4T006179,343.346219,-31.138495,BGS,0.93360933,0.4500,false
V4T006180,345.932112,-30.445366,ELG,0.43907111,1.0000,false
V4T006181,25.477474,-39.096722,ELG,0.56244315,1.0000,false
V4T006182,28.943369,-36.169172,QSO,0.14776062,1.7000,false
V4T006183,43.001196,-53.557023,Star,4.93979846,0.3000,false
V4T006184,351.722164,-40.166110,Star,5.66321232,0.3000,false
V4T006185,44.936619,-39.922992,LRG,0.42686146,1.0000,false
V4T006186,26.073063,-57.453380,ELG,0.70279142,1.0000,false
V4T006187,25.263666,-50.338745,Star,3.93146617,0.3000,false
V4T006188,23.260012,-42.373179,BGS,2.19277969,0.4500,false
V4T006189,45.139813,-39.140401,BGS,0.98906291,0.4500,false
V4T006190,41.181387,-39.387132,BGS,1.02268938,0.4500,false
V4T006191,36.490660,-49.216144,BGS,1.73651537,0.4500,false
V4T006192,32.686689,-44.866061,Star,3.41582904,0.3000,false
V4T006193,355.996215,-24.976866,LRG,0.65342086,1.0000,false
V4T006194,345.756191,-19.872076,ELG,0.73230505,1.0000,false
V4T006195,1.735834,-28.495946,QSO,0.11707663,1.7000,false
V4T006196,41.533422,-61.021948,ELG,0.48670631,1.0000,false
V4T006197,44.902968,-39.601262,ELG,0.66325229,1.0000,false
V4T006198,54.031904,-51.474270,Star,3.37470482,0.3000,false
V4T006199,338.298789,-30.358636,ELG,0.80531934,1.0000,false
V4T006200,18.162882,-41.282342,LRG,0.40667031,1.0000,false
V4T006201,39.923435,-47.712253,ELG,0.58182343,1.0000,false
V4T006202,344.301785,-18.497952,LRG,0.52168699,1.0000,false
V4T006203,345.536948,-37.173516,LRG,0.29041186,1.0000,false
V4T006204,347.102573,-30.867281,Star,3.02775400,0.3000,false
V4T006205,49.978831,-49.404499,Star,5.88371703,0.3000,true
V4T006206,31.026772,-43.716318,ELG,0.74417942,1.0000,false
V4T006207,45.657015,-52.073332,QSO,0.12216125,1.7000,false
V4T006208,353.056811,-18.312800,ELG,0.33449735,1.0000,false
V4T006209,32.427744,-58.967895,LRG,0.37926330,1.0000,false
V4T006210,30.696334,-36.290015,BGS,1.34767207,0.4500,false
V4T006211,54.819929,-51.116356,LRG,1.06540026,1.0000,false
V4T006212,2.372187,-28.761192,LRG,0.25457391,1.0000,false
V4T006213,339.794746,-23.249514,Star,2.87283418,0.3000,false
V4T006214,350.799636,-18.637959,BGS,1.83926495,0.4500,false
V4T006215,357.794988,-26.195892,ELG,0.60111355,1.0000,false
V4T006216,338.070240,-28.300472,BGS,1.59500671,0.4500,false
V4T006217,36.383672,-49.944178,LRG,0.61622499,1.0000,false
V4T006218,50.089984,-44.358155,Star,3.78096522,0.3000,false
V4T006219,52.919260,-50.966042,Star,4.59183300,0.3000,false
V4T006220,350.339753,-17.155652,QSO,0.07545358,1.7000,false
V4T006221,358.770882,-27.002378,BGS,0.91911219,0.4500,false
V4T006222,37.389515,-37.884456,BGS,0.87844883,0.4500,false
V4T006223,337.609466,-34.275141,ELG,0.70594552,1.0000,false
V4T006224,1.084315,-26.072580,LRG,0.39110003,1.0000,false
V4T006225,46.035379,-41.911608,ELG,0.52513592,1.0000,false
V4T006226,349.869361,-40.472271,QSO,0.20205115,1.7000,false
V4T006227,17.835390,-56.422075,ELG,0.56000266,1.0000,false
V4T006228,24.170160,-35.514076,ELG,0.62321787,1.0000,false
V4T006229,356.562719,-22.061840,LRG,0.19423841,1.0000,false
V4T006230,47.820201,-54.170202,BGS,2.24752255,0.4500,false
V4T006231,35.645979,-34.809750,ELG,1.30298210,1.0000,false
V4T006232,352.057365,-16.021375,ELG,0.47900903,1.0000,false
V4T006233,355.165401,-35.609441,LRG,0.50731494,1.0000,false
V4T006234,346.595882,-30.014263,QSO,0.12990300,1.7000,false
V4T006235,46.219551,-45.205462,ELG,0.71141172,1.0000,false
V4T006236,353.503839,-18.349395,Star,3.06120228,0.3000,false
V4T006237,49.650207,-49.451362,BGS,1.18686009,0.4500,false
V4T006238,348.536120,-29.964598,ELG,0.59512973,1.0000,false
V4T006239,342.826757,-36.562213,Star,5.54391872,0.3000,false
V4T006240,45.390231,-39.143386,QSO,0.22263798,1.7000,false
V4T006241,357.276934,-24.153587,BGS,1.15880559,0.4500,false
V4T006242,346.782014,-17.881714,BGS,0.87804781,0.4500,false
V4T006243,344.766193,-36.268873,Star,3.93631146,0.3000,true
V4T006244,37.385901,-49.727760,QSO,0.40164537,1.7000,false
V4T006245,346.777485,-28.480460,ELG,0.33026710,1.0000,false
V4T006246,353.971795,-19.067981,ELG,0.51117051,1.0000,false
V4T006247,18.364305,-46.146081,BGS,1.25931410,0.4500,false
V4T006248,26.767315,-37.607086,ELG,0.65581837,1.0000,false
V4T006249,356.196737,-38.335925,LRG,0.44684240,1.0000,false
V4T006250,29.283171,-52.620824,LRG,0.36852504,1.0000,false
V4T006251,357.582526,-26.919426,QSO,0.32727051,1.7000,false
V4T006252,342.891977,-24.655337,BGS,0.96521786,0.4500,false
V4T006253,345.847862,-35.790219,ELG,0.85193778,1.0000,false
V4T006254,21.821977,-55.949998,Star,4.29446969,0.3000,false
V4T006255,352.952877,-17.200301,ELG,0.48151820,1.0000,false
V4T006256,356.587846,-18.564642,LRG,0.39306758,1.0000,false
V4T006257,0.986361,-27.423699,ELG,0.63907788,1.0000,false
V4T006258,347.750219,-35.498311,BGS,1.22368426,0.4500,false
V4T006259,352.974925,-16.165873,ELG,0.78276094,1.0000,false
V4T006260,37.246821,-56.525718,Star,4.08109426,0.3000,false
V4T006261,355.562606,-20.182933,BGS,1.11752271,0.4500,false
V4T006262,39.696146,-52.202956,ELG,0.75971723,1.0000,false
V4T006263,50.411751,-45.228336,QSO,0.12493362,1.7000,false
V4T006264,35.250602,-36.294864,QSO,0.11554671,1.7000,false
V4T006265,33.731495,-59.016977,LRG,0.35721205,1.0000,false
V4T006266,38.802499,-50.256049,Star,4.55636024,0.3000,false
V4T006267,347.172285,-28.751508,QSO,0.11157549,1.7000,false
V4T006268,345.577666,-30.051354,BGS,0.79055225,0.4500,false
V4T006269,29.009877,-41.139136,ELG,0.42541287,1.0000,false
V4T006270,353.238547,-19.173307,ELG,0.96496072,1.0000,false
V4T006271,342.960687,-25.023233,LRG,0.17430352,1.0000,false
V4T006272,51.035437,-44.565039,QSO,0.07069540,1.7000,true
V4T006273,54.876190,-51.487364,BGS,1.47138939,0.4500,true
V4T006274,343.305761,-24.580348,LRG,0.45765133,1.0000,false
V4T006275,27.822405,-35.771273,BGS,0.83730775,0.4500,false
V4T006276,55.027632,-51.537695,LRG,0.32167622,1.0000,false
V4T006277,346.568283,-30.736031,ELG,0.43270569,1.0000,false
V4T006278,16.026264,-50.211603,ELG,0.61808471,1.0000,false
V4T006279,43.093165,-47.757673,Star,4.05229057,0.3000,false
V4T006280,56.220330,-55.159498,ELG,0.75076912,1.0000,false
V4T006281,353.227874,-33.975276,ELG,0.53481634,1.0000,false
V4T006282,359.169661,-19.336516,Star,3.71341091,0.3000,true
V4T006283,349.913773,-23.177092,ELG,0.49487778,1.0000,false
V4T006284,26.978436,-57.802125,QSO,0.18125399,1.7000,false
V4T006285,42.635635,-43.618818,LRG,0.92861653,1.0000,false
V4T006286,46.482166,-40.503288,Star,6.16552192,0.3000,false
V4T006287,351.076286,-18.220858,LRG,0.26951817,1.0000,false
V4T006288,51.783359,-48.581667,ELG,0.81005166,1.0000,false
V4T006289,33.058540,-55.327923,QSO,0.16741509,1.7000,false
V4T006290,37.605324,-50.236823,BGS,1.38762968,0.4500,false
V4T006291,45.227237,-39.642940,BGS,1.22527296,0.4500,false
V4T006292,29.844083,-43.656544,BGS,1.23130544,0.4500,false
V4T006293,34.634203,-47.186405,LRG,0.41424487,1.0000,false
V4T006294,348.274346,-22.557787,ELG,0.66557552,1.0000,false
V4T006295,3.128250,-31.038166,BGS,1.50687875,0.4500,false
V4T006296,54.047893,-47.904147,ELG,0.31848647,1.0000,false
V4T006297,43.467411,-57.397075,Star,4.41608094,0.3000,false
V4T006298,353.422723,-17.677606,BGS,1.03124588,0.4500,false
V4T006299,352.166676,-19.617654,BGS,0.97290179,0.4500,false
V4T006300,341.472841,-25.220950,LRG,0.27761902,1.0000,true
V4T006301,348.440683,-21.410814,ELG,0.46190616,1.0000,false
V4T006302,1.990349,-28.281512,LRG,0.51753826,1.0000,false
V4T006303,355.577123,-19.868363,ELG,0.59613807,1.0000,false
V4T006304,355.971629,-20.183789,BGS,1.07709058,0.4500,false
V4T006305,347.249233,-33.650577,QSO,0.23419609,1.7000,false
V4T006306,43.862194,-54.787053,BGS,1.12161883,0.4500,false
V4T006307,341.919729,-30.779970,BGS,0.86287129,0.4500,false
V4T006308,22.622417,-58.014995,QSO,0.13303059,1.7000,false
V4T006309,35.149487,-58.473490,BGS,1.89996209,0.4500,false
V4T006310,45.854790,-43.667600,ELG,0.95038705,1.0000,false
V4T006311,349.111492,-35.007612,BGS,0.85485797,0.4500,false
V4T006312,348.028915,-20.462529,LRG,0.37289207,1.0000,false
V4T006313,27.204306,-43.857561,QSO,0.12773668,1.7000,false
V4T006314,55.672558,-55.993507,QSO,0.15562515,1.7000,false
V4T006315,38.530821,-34.686238,LRG,0.28261370,1.0000,false
V4T006316,21.286061,-39.923027,LRG,0.61469796,1.0000,false
V4T006317,0.347776,-31.477218,LRG,0.39866603,1.0000,false
V4T006318,351.170243,-32.444759,ELG,0.52279021,1.0000,false
V4T006319,337.677120,-28.117282,Star,3.95291552,0.3000,false
V4T006320,34.826735,-49.201691,BGS,1.29164718,0.4500,false
V4T006321,3.595606,-33.456493,ELG,0.58580082,1.0000,false
V4T006322,54.858716,-51.351717,LRG,0.67998182,1.0000,false
V4T006323,55.898841,-51.132445,Star,4.41522127,0.3000,false
V4T006324,356.380510,-16.011617,QSO,0.34454851,1.7000,false
V4T006325,356.078264,-19.394254,ELG,0.40770202,1.0000,false
V4T006326,339.163372,-33.662498,ELG,0.49747491,1.0000,false
V4T006327,351.801748,-18.191937,ELG,1.07416784,1.0000,false
V4T006328,346.468949,-30.849788,BGS,1.20069139,0.4500,false
V4T006329,356.373939,-39.388522,LRG,0.40455420,1.0000,false
V4T006330,355.520526,-19.675789,BGS,0.95430409,0.4500,false
V4T006331,42.664298,-48.938335,QSO,0.14271188,1.7000,false
V4T006332,3.422335,-28.529144,BGS,1.22550615,0.4500,false
V4T006333,352.123158,-17.192479,ELG,0.70929452,1.0000,false
V4T006334,24.874805,-37.571221,BGS,0.94999105,0.4500,false
V4T006335,44.542679,-51.866611,ELG,0.41195957,1.0000,false
V4T006336,48.389859,-46.026989,ELG,0.72475234,1.0000,false
V4T006337,19.571000,-53.421743,ELG,0.79479443,1.0000,false
V4T006338,355.252263,-19.072615,BGS,1.29563838,0.4500,false
V4T006339,33.268158,-37.191612,QSO,0.26395866,1.7000,false
V4T006340,43.912586,-61.065257,LRG,0.24918241,1.0000,false
V4T006341,40.314010,-41.694358,ELG,0.99991782,1.0000,false
V4T006342,2.408713,-34.809397,ELG,0.61358373,1.0000,false
V4T006343,35.331490,-46.396783,LRG,0.21149294,1.0000,false
V4T006344,340.981954,-24.106301,ELG,0.51001519,1.0000,false
V4T006345,358.134401,-34.520369,QSO,0.29325752,1.7000,false
V4T006346,343.068092,-35.896161,Star,3.96434771,0.3000,false
V4T006347,354.986005,-23.476410,LRG,0.43379559,1.0000,false
V4T006348,57.358103,-50.886022,BGS,1.15814226,0.4500,false
V4T006349,339.050210,-29.510789,ELG,0.46355303,1.0000,false
V4T006350,18.016567,-57.216734,BGS,1.75941358,0.4500,false
V4T006351,352.424216,-16.684567,BGS,1.02031992,0.4500,true
V4T006352,344.225428,-30.723095,Star,4.18196495,0.3000,false
V4T006353,17.409804,-54.037359,BGS,1.29211810,0.4500,false
V4T006354,346.665649,-29.984593,Star,5.56841298,0.3000,false
V4T006355,44.526268,-61.058354,LRG,0.54175660,1.0000,false
V4T006356,30.321258,-33.759241,ELG,0.41373056,1.0000,false
V4T006357,1.631597,-27.936897,QSO,0.42304531,1.7000,false
V4T006358,48.919404,-55.261326,ELG,1.45292630,1.0000,false
V4T006359,48.315297,-52.113459,ELG,1.16384949,1.0000,false
V4T006360,52.417204,-52.873110,ELG,0.50205734,1.0000,false
V4T006361,353.094548,-14.876294,BGS,0.86691213,0.4500,false
V4T006362,19.317781,-53.600093,BGS,0.91736815,0.4500,false
V4T006363,0.246837,-33.968466,BGS,1.07352573,0.4500,false
V4T006364,45.554246,-39.632221,BGS,1.68317923,0.4500,false
V4T006365,351.952774,-16.935419,BGS,0.96634837,0.4500,false
V4T006366,347.714910,-21.275942,LRG,0.52432561,1.0000,false
V4T006367,20.633450,-38.554800,BGS,1.64857247,0.4500,false
V4T006368,46.796737,-41.584454,BGS,1.32934440,0.4500,false
V4T006369,53.856560,-51.993864,BGS,1.28541707,0.4500,false
V4T006370,43.057769,-49.930272,BGS,1.31730880,0.4500,false
V4T006371,343.818205,-29.741125,QSO,0.08761540,1.7000,false
V4T006372,356.376764,-21.134115,ELG,0.33785157,1.0000,false
V4T006373,344.020520,-26.247644,Star,4.56184301,0.3000,false
V4T006374,20.930487,-44.411583,Star,3.11919330,0.3000,false
V4T006375,22.285477,-59.232960,LRG,0.41244390,1.0000,false
V4T006376,41.442814,-56.695231,BGS,1.20825382,0.4500,false
V4T006377,337.706036,-24.989140,BGS,1.19765254,0.4500,false
V4T006378,354.154799,-30.987166,QSO,0.55029482,1.7000,false
V4T006379,38.214312,-60.587760,QSO,0.10182541,1.7000,false
V4T006380,40.463765,-41.647784,Star,3.21468044,0.3000,false
V4T006381,349.128236,-28.906152,BGS,1.09160610,0.4500,false
V4T006382,32.240753,-45.024627,BGS,1.14189554,0.4500,true
V4T006383,344.069649,-24.631970,ELG,0.55800879,1.0000,false
V4T006384,339.959115,-22.486802,BGS,0.98555596,0.4500,false
V4T006385,337.448707,-34.341959,LRG,0.44763525,1.0000,false
V4T006386,359.755955,-24.373776,ELG,0.19334332,1.0000,false
V4T006387,40.486133,-45.402092,BGS,0.93688196,0.4500,false
V4T006388,23.842883,-46.413755,Star,2.41968022,0.3000,false
V4T006389,348.967776,-15.798482,BGS,1.44582556,0.4500,false
V4T006390,355.453712,-20.128912,ELG,0.58611837,1.0000,false
V4T006391,341.665602,-32.411046,LRG,0.22601873,1.0000,false
V4T006392,31.379525,-57.050247,QSO,0.11920912,1.7000,false
V4T006393,47.624094,-47.164830,ELG,0.62506859,1.0000,false
V4T006394,44.288006,-47.825685,ELG,0.38101859,1.0000,false
V4T006395,357.295148,-26.929012,LRG,0.48896680,1.0000,false
V4T006396,46.828784,-41.638221,ELG,0.44678858,1.0000,false
V4T006397,343.580098,-25.509576,ELG,0.44761406,1.0000,false
V4T006398,34.359804,-59.323090,LRG,0.43698907,1.0000,false
V4T006399,46.858070,-42.294666,Star,4.34070881,0.3000,false
V4T006400,346.436062,-30.281973,ELG,0.48457527,1.0000,false
V4T006401,355.708222,-15.603209,Star,4.77048204,0.3000,false
V4T006402,43.983982,-47.959882,BGS,0.94016693,0.4500,false
V4T006403,353.100538,-22.133467,ELG,0.34245756,1.0000,false
V4T006404,38.039670,-49.946594,ELG,0.20336347,1.0000,false
V4T006405,355.250302,-18.851100,BGS,1.22690564,0.4500,false
V4T006406,352.157454,-19.090436,ELG,0.55740055,1.0000,false
V4T006407,29.332187,-34.582777,BGS,1.27521496,0.4500,false
V4T006408,3.340518,-29.702576,BGS,0.92483781,0.4500,false
V4T006409,26.018893,-49.767204,LRG,0.43501583,1.0000,false
V4T006410,345.874653,-29.499107,LRG,0.43281259,1.0000,false
V4T006411,42.329952,-56.587326,ELG,0.51087297,1.0000,false
V4T006412,17.052104,-44.844249,LRG,0.52222429,1.0000,false
V4T006413,0.426781,-19.386159,LRG,0.40766720,1.0000,false
V4T006414,358.486960,-37.589500,LRG,0.23107508,1.0000,false
V4T006415,336.815651,-32.148869,LRG,0.30372329,1.0000,true
V4T006416,347.095119,-15.782131,ELG,0.88412859,1.0000,false
V4T006417,352.153664,-22.558752,LRG,0.31110133,1.0000,false
V4T006418,44.598048,-39.890031,LRG,0.22670837,1.0000,false
V4T006419,352.340590,-19.446987,ELG,0.48899821,1.0000,false
V4T006420,343.252692,-25.186012,BGS,1.07770947,0.4500,false
V4T006421,42.580751,-49.386292,LRG,0.25027516,1.0000,true
V4T006422,345.520894,-37.780240,ELG,0.81198148,1.0000,false
V4T006423,25.369734,-38.621543,ELG,0.55523017,1.0000,false
V4T006424,343.325577,-28.294438,ELG,0.33090960,1.0000,false
V4T006425,37.547887,-52.608388,ELG,0.39649170,1.0000,false
V4T006426,353.972072,-27.370982,ELG,0.30370681,1.0000,false
V4T006427,42.360835,-57.416154,ELG,0.88796176,1.0000,false
V4T006428,24.549248,-56.777808,BGS,1.89283451,0.4500,false
V4T006429,337.166827,-33.204560,BGS,0.97577820,0.4500,false
V4T006430,3.553562,-31.987456,ELG,1.03128941,1.0000,false
V4T006431,351.364734,-25.366641,BGS,0.96744779,0.4500,false
V4T006432,346.980625,-23.996440,BGS,1.07901754,0.4500,false
V4T006433,16.546642,-52.424463,ELG,0.81198827,1.0000,false
V4T006434,0.928469,-35.585710,ELG,0.44980647,1.0000,false
V4T006435,27.782611,-41.515437,LRG,0.47982587,1.0000,false
V4T006436,350.819631,-39.504915,LRG,0.44171607,1.0000,false
V4T006437,35.311349,-51.582765,ELG,0.83637162,1.0000,false
V4T006438,42.345511,-56.942205,LRG,0.64767975,1.0000,false
V4T006439,41.646472,-45.279785,LRG,0.36647645,1.0000,false
V4T006440,337.337564,-25.597814,ELG,0.61565625,1.0000,false
V4T006441,45.012401,-39.291844,BGS,1.32172724,0.4500,false
V4T006442,351.440513,-18.316594,BGS,1.76268362,0.4500,false
V4T006443,349.599133,-40.368925,BGS,1.03702512,0.4500,false
V4T006444,353.733611,-38.609961,BGS,1.39306736,0.4500,false
V4T006445,0.973775,-23.558277,ELG,0.92304428,1.0000,false
V4T006446,49.265327,-42.351959,ELG,0.28742818,1.0000,false
V4T006447,347.533414,-23.034728,ELG,0.69831659,1.0000,false
V4T006448,343.247610,-25.286408,ELG,1.32144829,1.0000,false
V4T006449,352.017218,-18.921862,QSO,0.11272566,1.7000,true
V4T006450,348.233086,-18.699954,LRG,0.45079786,1.0000,true
V4T006451,338.445743,-35.322408,BGS,1.13865100,0.4500,false
V4T006452,38.897446,-50.354996,QSO,0.07437807,1.7000,false
V4T006453,348.240785,-33.631396,BGS,0.92069192,0.4500,true
V4T006454,16.226489,-50.636487,BGS,0.92479661,0.4500,false
V4T006455,353.860947,-32.018423,BGS,0.95493252,0.4500,false
V4T006456,359.410888,-37.222961,LRG,0.25574293,1.0000,false
V4T006457,24.922583,-40.082319,QSO,0.17115879,1.7000,false
V4T006458,20.294583,-57.194702,LRG,0.42342041,1.0000,false
V4T006459,45.334206,-38.680852,LRG,0.29976126,1.0000,false
V4T006460,18.537875,-53.761059,QSO,0.12676253,1.7000,false
V4T006461,357.965945,-26.986554,LRG,0.48586738,1.0000,false
V4T006462,24.754159,-42.403829,ELG,0.66894752,1.0000,false
V4T006463,0.605850,-31.387110,Star,3.32186416,0.3000,false
V4T006464,37.023989,-49.865844,LRG,0.32902770,1.0000,false
V4T006465,343.563141,-25.339771,LRG,0.39399183,1.0000,false
V4T006466,358.578753,-22.029522,BGS,1.73752154,0.4500,false
V4T006467,339.114787,-29.993651,ELG,0.27636875,1.0000,false
V4T006468,359.150476,-37.600456,BGS,1.71802842,0.4500,false
V4T006469,41.789824,-37.938976,QSO,0.19336404,1.7000,false
V4T006470,353.538584,-28.646034,BGS,1.71251376,0.4500,false
V4T006471,43.281757,-37.820333,ELG,0.45915709,1.0000,false
V4T006472,42.691840,-41.912147,LRG,0.29130920,1.0000,false
V4T006473,347.845177,-29.030901,LRG,0.47379706,1.0000,false
V4T006474,349.490948,-15.080674,LRG,0.63269494,1.0000,false
V4T006475,47.219186,-52.493318,BGS,1.37737221,0.4500,true
V4T006476,54.741065,-56.714138,BGS,1.19201291,0.4500,false
V4T006477,351.360176,-37.473285,QSO,0.18851083,1.7000,false
V4T006478,52.895769,-44.345230,QSO,0.13333828,1.7000,false
V4T006479,40.117857,-50.183944,ELG,0.39951501,1.0000,false
V4T006480,351.825503,-23.041653,BGS,1.82921903,0.4500,false
V4T006481,39.288345,-39.032289,Star,2.81892810,0.3000,false
V4T006482,353.113141,-31.950915,ELG,0.89875406,1.0000,false
V4T006483,33.158593,-36.502351,LRG,0.37601572,1.0000,false
V4T006484,351.481022,-17.724472,BGS,1.11100478,0.4500,false
V4T006485,46.908581,-41.276594,LRG,0.49168503,1.0000,false
V4T006486,340.826595,-33.792006,ELG,0.73605355,1.0000,false
V4T006487,0.577197,-33.414331,LRG,0.22488552,1.0000,false
V4T006488,44.896840,-51.177510,BGS,1.17594939,0.4500,false
V4T006489,1.179214,-27.556308,ELG,0.60041071,1.0000,false
V4T006490,47.910272,-42.389109,ELG,0.46152243,1.0000,false
V4T006491,352.399367,-17.603409,LRG,0.31226286,1.0000,false
V4T006492,46.689161,-56.574864,ELG,0.34921246,1.0000,false
V4T006493,335.989792,-28.115586,BGS,1.07560789,0.4500,false
V4T006494,29.042628,-51.910049,ELG,0.51925698,1.0000,false
V4T006495,357.273949,-30.192089,QSO,0.09152111,1.7000,false
V4T006496,26.276682,-52.383898,BGS,1.07098728,0.4500,false
V4T006497,41.891684,-56.492091,BGS,1.18795751,0.4500,false
V4T006498,353.169389,-33.386077,BGS,1.31357110,0.4500,false
V4T006499,336.566786,-29.652327,LRG,0.47499413,1.0000,false
V4T006500,21.402770,-43.893222,LRG,0.22006809,1.0000,false
V4T006501,339.491215,-30.911246,ELG,0.60281081,1.0000,false
V4T006502,353.240107,-18.747424,LRG,0.16717452,1.0000,false
V4T006503,353.376607,-26.420201,BGS,1.57754932,0.4500,false
V4T006504,341.546352,-26.945591,LRG,0.25640335,1.0000,false
V4T006505,27.963059,-47.282413,Star,4.00925643,0.3000,false
V4T006506,17.677261,-52.037871,ELG,0.58419982,1.0000,false
V4T006507,336.364144,-28.381050,BGS,0.99340889,0.4500,false
V4T006508,1.599290,-28.484707,LRG,0.28955252,1.0000,true
V4T006509,54.062772,-58.144969,BGS,1.49298522,0.4500,true
V4T006510,352.394513,-17.240891,Star,6.81084481,0.3000,false
V4T006511,24.033612,-56.521222,LRG,0.38880031,1.0000,false
V4T006512,55.270410,-53.127461,BGS,1.21591264,0.4500,false
V4T006513,37.429071,-55.337481,LRG,0.31519239,1.0000,false
V4T006514,54.812487,-51.125360,BGS,0.85261366,0.4500,false
V4T006515,34.276666,-61.132231,LRG,0.19008091,1.0000,false
V4T006516,41.247894,-44.611746,QSO,0.23660713,1.7000,false
V4T006517,355.482533,-19.684031,LRG,0.38028015,1.0000,false
V4T006518,34.564803,-49.494023,ELG,0.58172289,1.0000,false
V4T006519,356.382897,-19.992540,ELG,0.78832221,1.0000,false
V4T006520,349.221659,-35.416218,ELG,0.42898417,1.0000,false
V4T006521,36.644684,-44.058548,BGS,0.99526394,0.4500,false
V4T006522,41.807060,-56.360917,QSO,0.09976766,1.7000,false
V4T006523,342.805875,-32.387960,ELG,0.62987931,1.0000,false
V4T006524,31.576533,-54.000380,BGS,0.87346511,0.4500,false
V4T006525,44.969731,-52.254652,LRG,0.35690291,1.0000,true
V4T006526,41.571768,-56.426500,LRG,0.66884790,1.0000,false
V4T006527,41.646408,-46.057078,BGS,1.38496478,0.4500,false
V4T006528,350.648542,-29.568453,ELG,0.37977243,1.0000,false
V4T006529,343.293287,-35.934529,BGS,1.16390005,0.4500,false
V4T006530,18.525108,-43.561339,LRG,0.26522389,1.0000,false
V4T006531,3.396298,-28.824902,ELG,0.75709461,1.0000,false
V4T006532,2.735692,-28.209082,QSO,0.28395496,1.7000,false
V4T006533,16.984712,-44.781546,QSO,0.18282264,1.7000,false
V4T006534,359.224015,-32.193273,ELG,0.52404723,1.0000,false
V4T006535,37.531477,-50.947358,ELG,0.84923846,1.0000,false
V4T006536,22.011743,-49.907254,LRG,0.24823604,1.0000,true
V4T006537,340.729312,-21.767349,QSO,0.14966301,1.7000,false
V4T006538,352.823700,-17.259255,Star,4.77007093,0.3000,false
V4T006539,358.244998,-25.697885,BGS,1.35030113,0.4500,false
V4T006540,51.800982,-46.455371,BGS,1.33404908,0.4500,true
V4T006541,45.700988,-47.932091,BGS,1.56016144,0.4500,false
V4T006542,28.063613,-34.002424,QSO,0.09575726,1.7000,false
V4T006543,53.230922,-51.568628,ELG,0.64636666,1.0000,false
V4T006544,31.742793,-55.472905,ELG,0.67233062,1.0000,false
V4T006545,345.449762,-29.898303,QSO,0.19201715,1.7000,false
V4T006546,49.001122,-59.840134,ELG,0.54765015,1.0000,false
V4T006547,37.491684,-50.516896,LRG,0.69084693,1.0000,false
V4T006548,49.362504,-52.186088,QSO,0.07614181,1.7000,false
V4T006549,21.101359,-47.055779,BGS,1.69296172,0.4500,false
V4T006550,347.567581,-38.913020,LRG,0.26386494,1.0000,false
V4T006551,344.130146,-39.206879,BGS,1.25726935,0.4500,false
V4T006552,48.030463,-42.202055,LRG,0.31300768,1.0000,false
V4T006553,16.971941,-50.242623,QSO,0.39202088,1.7000,false
V4T006554,336.119050,-28.901543,BGS,0.84458116,0.4500,false
V4T006555,343.600174,-27.945408,LRG,0.20608561,1.0000,false
V4T006556,47.814018,-41.919396,ELG,0.57322009,1.0000,false
V4T006557,338.214933,-31.696016,BGS,1.62884478,0.4500,false
V4T006558,355.443365,-36.794474,LRG,0.40874213,1.0000,false
V4T006559,31.166793,-43.743813,BGS,1.51706310,0.4500,false
V4T006560,19.577362,-47.698997,ELG,0.50116816,1.0000,false
V4T006561,20.411692,-54.148080,ELG,0.55260556,1.0000,false
V4T006562,33.760126,-39.247485,BGS,2.52487420,0.4500,false
V4T006563,22.370925,-46.335720,ELG,0.35869425,1.0000,false
V4T006564,351.638633,-18.605809,ELG,0.95551149,1.0000,false
V4T006565,49.575610,-46.262472,QSO,0.43181603,1.7000,false
V4T006566,345.864504,-30.025291,QSO,0.08064183,1.7000,false
V4T006567,47.108669,-40.747022,Star,3.66686696,0.3000,false
V4T006568,39.348230,-61.209640,ELG,0.31738548,1.0000,false
V4T006569,2.445876,-27.889360,QSO,0.11525177,1.7000,false
V4T006570,33.986390,-58.944054,LRG,0.68568595,1.0000,false
V4T006571,354.769714,-27.950658,LRG,0.45397558,1.0000,false
V4T006572,353.477396,-25.426265,LRG,0.32452531,1.0000,false
V4T006573,357.543176,-17.736858,ELG,0.41079120,1.0000,true
V4T006574,24.832444,-36.767333,ELG,0.82882966,1.0000,true
V4T006575,350.548796,-28.628198,ELG,0.63139748,1.0000,true
V4T006576,343.587985,-24.547104,QSO,0.09783607,1.7000,false
V4T006577,355.558879,-35.212012,BGS,1.19762538,0.4500,false
V4T006578,50.893625,-51.786547,BGS,1.29643022,0.4500,false
V4T006579,338.522089,-33.763281,BGS,1.04055351,0.4500,false
V4T006580,27.534822,-53.111105,QSO,0.41145880,1.7000,false
V4T006581,34.105731,-57.854077,BGS,0.94635633,0.4500,false
V4T006582,44.835182,-39.980997,ELG,0.61702175,1.0000,false
V4T006583,55.424607,-51.705193,LRG,0.38090753,1.0000,false
V4T006584,55.080886,-46.945774,ELG,0.71271235,1.0000,false
V4T006585,351.465994,-23.902737,LRG,0.30557566,1.0000,false
V4T006586,45.152365,-40.106835,BGS,0.91862146,0.4500,false
V4T006587,34.945801,-61.123354,BGS,1.25131279,0.4500,false
V4T006588,344.179070,-28.288047,BGS,1.14251187,0.4500,false
V4T006589,51.670240,-58.907565,BGS,0.78080418,0.4500,false
V4T006590,2.073088,-28.791769,QSO,0.31948995,1.7000,false
V4T006591,343.679466,-28.155266,ELG,0.62756836,1.0000,false
V4T006592,49.462186,-44.166809,LRG,0.42535384,1.0000,false
V4T006593,349.909838,-24.468211,ELG,1.05248388,1.0000,false
V4T006594,36.180555,-38.189163,ELG,0.49827378,1.0000,false
V4T006595,41.508026,-56.702175,Star,4.79276426,0.3000,false
V4T006596,38.519667,-34.879003,BGS,0.91141319,0.4500,false
V4T006597,46.202688,-41.141115,ELG,0.29027668,1.0000,false
V4T006598,47.952384,-41.717498,LRG,0.28735689,1.0000,false
V4T006599,352.871569,-33.195206,LRG,0.12333382,1.0000,true
V4T006600,28.110551,-52.094551,BGS,2.31248777,0.4500,false
V4T006601,2.230327,-22.158120,LRG,0.51820786,1.0000,false
V4T006602,359.113487,-28.742558,BGS,1.41022107,0.4500,false
V4T006603,346.413752,-30.238316,LRG,0.37547771,1.0000,false
V4T006604,359.232211,-34.739739,LRG,0.38335605,1.0000,false
V4T006605,25.875423,-53.865973,Star,2.76406661,0.3000,false
V4T006606,41.170003,-38.837382,LRG,0.38116398,1.0000,false
V4T006607,348.782230,-33.701430,ELG,0.39289479,1.0000,false
V4T006608,56.003880,-48.009135,LRG,0.27851220,1.0000,false
V4T006609,42.521548,-47.086698,Star,4.15378564,0.3000,false
V4T006610,0.979264,-28.706697,ELG,0.32143718,1.0000,false
V4T006611,354.689366,-22.131204,LRG,0.43903167,1.0000,false
V4T006612,44.333211,-48.924058,ELG,0.96348536,1.0000,false
V4T006613,353.249579,-17.798001,BGS,0.68343032,0.4500,false
V4T006614,54.579898,-51.068977,LRG,0.30832323,1.0000,false
V4T006615,25.715035,-35.104775,BGS,1.20995038,0.4500,false
V4T006616,355.554829,-19.531559,BGS,1.53068183,0.4500,false
V4T006617,40.761890,-48.329081,BGS,0.66263771,0.4500,false
V4T006618,353.341829,-17.824696,ELG,1.12656921,1.0000,false
V4T006619,46.892991,-41.680663,LRG,0.28691624,1.0000,false
V4T006620,26.453368,-40.936607,ELG,0.27572187,1.0000,true
V4T006621,339.530789,-32.243168,QSO,0.11517167,1.7000,false
V4T006622,55.905651,-47.489512,LRG,0.36146743,1.0000,false
V4T006623,341.273031,-24.109096,LRG,0.32283928,1.0000,false
V4T006624,57.717527,-51.079696,ELG,1.29363934,1.0000,false
V4T006625,355.157617,-20.516530,ELG,0.71112828,1.0000,false
V4T006626,31.854552,-46.803154,LRG,0.33993162,1.0000,false
V4T006627,355.564347,-19.974213,ELG,0.48360209,1.0000,false
V4T006628,26.351429,-34.769791,ELG,0.69820932,1.0000,false
V4T006629,354.794135,-19.154753,ELG,0.71542605,1.0000,false
V4T006630,351.563932,-20.117384,LRG,0.17342546,1.0000,false
V4T006631,30.789757,-44.261076,ELG,0.70552206,1.0000,false
V4T006632,37.669533,-39.088974,ELG,0.64976619,1.0000,false
V4T006633,36.280896,-40.917976,ELG,0.81448720,1.0000,false
V4T006634,353.326096,-14.898554,QSO,0.09390196,1.7000,false
V4T006635,350.517478,-22.320592,ELG,0.47252538,1.0000,false
V4T006636,41.733744,-57.067554,BGS,0.63463388,0.4500,false
V4T006637,19.112161,-55.351202,LRG,0.25604910,1.0000,false
V4T006638,0.908921,-29.876245,QSO,0.21249510,1.7000,false
V4T006639,27.647771,-34.127624,QSO,0.16330304,1.7000,false
V4T006640,42.185024,-57.287913,LRG,0.49008453,1.0000,false
V4T006641,42.814086,-37.791381,BGS,1.77568005,0.4500,false
V4T006642,23.884460,-46.120691,Star,3.96978602,0.3000,false
V4T006643,16.297908,-54.206395,LRG,0.56098018,1.0000,false
V4T006644,27.480912,-42.894665,ELG,0.52585726,1.0000,false
V4T006645,40.912505,-51.707205,BGS,2.29932255,0.4500,false
V4T006646,55.768309,-56.311958,QSO,0.11213195,1.7000,false
V4T006647,41.013103,-35.912780,LRG,0.32545792,1.0000,false
V4T006648,22.272750,-49.376939,ELG,0.31989910,1.0000,false
V4T006649,57.356300,-49.832231,ELG,0.45206612,1.0000,true
V4T006650,33.605771,-38.270909,ELG,0.67972718,1.0000,false
V4T006651,39.879025,-42.307180,QSO,0.22817774,1.7000,false
V4T006652,19.642438,-56.066245,Star,4.16816652,0.3000,false
V4T006653,38.370177,-50.693814,BGS,1.61145107,0.4500,false
V4T006654,19.322415,-56.513189,ELG,1.09230272,1.0000,false
V4T006655,43.968862,-49.372385,BGS,1.05351688,0.4500,false
V4T006656,336.964190,-28.841827,ELG,0.51107229,1.0000,false
V4T006657,30.380617,-37.175069,ELG,0.48811684,1.0000,false
V4T006658,345.173657,-33.152078,LRG,0.51029150,1.0000,false
V4T006659,18.849780,-45.948506,ELG,0.85833325,1.0000,false
V4T006660,346.603775,-29.984971,ELG,0.55681977,1.0000,false
V4T006661,26.691778,-60.091493,ELG,0.34983625,1.0000,true
V4T006662,47.210862,-42.127613,QSO,0.11851668,1.7000,false
V4T006663,355.959817,-15.362860,BGS,0.92037250,0.4500,false
V4T006664,354.910529,-37.770115,ELG,0.38902296,1.0000,false
V4T006665,344.461858,-34.644366,BGS,1.65200971,0.4500,false
V4T006666,347.770813,-25.284068,LRG,0.29276441,1.0000,false
V4T006667,358.093956,-31.620973,QSO,0.11078816,1.7000,false
V4T006668,45.551550,-48.737834,BGS,1.02364732,0.4500,false
V4T006669,33.367770,-51.807565,BGS,1.15517060,0.4500,false
V4T006670,47.426973,-58.543219,BGS,1.00249930,0.4500,false
V4T006671,18.122630,-52.621306,Star,5.72296596,0.3000,false
V4T006672,47.742663,-41.105874,ELG,0.70432897,1.0000,false
V4T006673,354.634039,-29.217663,BGS,1.28449428,0.4500,false
V4T006674,351.966140,-17.328602,ELG,1.12237283,1.0000,false
V4T006675,55.231229,-51.369242,BGS,1.64596164,0.4500,true
V4T006676,35.515699,-47.882336,QSO,0.12982654,1.7000,false
V4T006677,338.556819,-35.052132,ELG,0.53705843,1.0000,false
V4T006678,346.272126,-38.935349,QSO,0.74631798,1.7000,false
V4T006679,345.962135,-28.784645,BGS,1.43266710,0.4500,true
V4T006680,343.544469,-25.103547,LRG,0.30823779,1.0000,false
V4T006681,50.319762,-49.312842,ELG,0.61083401,1.0000,false
V4T006682,1.708859,-28.811386,BGS,0.81130507,0.4500,false
V4T006683,358.100070,-26.190939,LRG,0.34206453,1.0000,false
V4T006684,354.540303,-14.663018,BGS,1.33556782,0.4500,false
V4T006685,41.438091,-56.411773,QSO,0.19925812,1.7000,false
V4T006686,349.599089,-19.113781,QSO,0.12756551,1.7000,false
V4T006687,34.927100,-34.378541,BGS,0.99449575,0.4500,false
V4T006688,16.624627,-49.032094,ELG,0.56151881,1.0000,false
V4T006689,55.453126,-47.264435,BGS,1.24445984,0.4500,false
V4T006690,42.741997,-39.124308,ELG,0.40067342,1.0000,false
V4T006691,342.838320,-25.619427,QSO,0.45873715,1.7000,false
V4T006692,25.637785,-58.194776,LRG,0.19424647,1.0000,false
V4T006693,351.102844,-19.374281,BGS,1.41052065,0.4500,false
V4T006694,351.343503,-15.070823,QSO,0.36975171,1.7000,false
V4T006695,26.270467,-42.735875,BGS,0.47338123,0.4500,false
V4T006696,344.080439,-25.458776,LRG,0.30951581,1.0000,false
V4T006697,56.252465,-53.689934,ELG,0.34459348,1.0000,false
V4T006698,19.161477,-52.404318,ELG,0.47649863,1.0000,false
V4T006699,15.703572,-49.711782,Star,4.68406185,0.3000,false
V4T006700,356.069986,-27.382300,ELG,0.33308028,1.0000,false
V4T006701,345.849018,-32.853411,Star,5.72918511,0.3000,false
V4T006702,19.844806,-55.957476,BGS,1.87872638,0.4500,false
V4T006703,358.640244,-38.874711,LRG,0.52452193,1.0000,false
V4T006704,351.885662,-17.229772,ELG,0.80753130,1.0000,false
V4T006705,32.603430,-35.360370,BGS,1.28633368,0.4500,false
V4T006706,351.939888,-32.009142,Star,5.81505605,0.3000,false
V4T006707,21.741412,-39.380111,ELG,0.86473197,1.0000,false
V4T006708,43.777546,-40.043444,Star,3.76406779,0.3000,false
V4T006709,338.271019,-27.193080,ELG,0.37349340,1.0000,false
V4T006710,357.269359,-34.526189,BGS,1.10473968,0.4500,false
V4T006711,346.726757,-30.625729,BGS,1.91392727,0.4500,false
V4T006712,344.556216,-25.864354,ELG,1.02457054,1.0000,false
V4T006713,348.720710,-25.287773,LRG,0.69515190,1.0000,false
V4T006714,41.309674,-35.632942,ELG,0.90984781,1.0000,false
V4T006715,349.114797,-25.109197,ELG,0.45945185,1.0000,false
V4T006716,358.035256,-27.018156,ELG,0.83880044,1.0000,false
V4T006717,18.820774,-45.432693,BGS,0.96686879,0.4500,false
V4T006718,355.618574,-16.675970,ELG,0.88735845,1.0000,false
V4T006719,0.261392,-18.671368,QSO,0.30937461,1.7000,false
V4T006720,354.953831,-16.853872,LRG,0.66617047,1.0000,false
V4T006721,34.849947,-37.589653,LRG,0.23236583,1.0000,false
V4T006722,357.665018,-25.949747,BGS,1.42341327,0.4500,false
V4T006723,53.598117,-49.061307,BGS,1.38614119,0.4500,true
V4T006724,49.371864,-58.321932,BGS,1.24852492,0.4500,false
V4T006725,345.209264,-29.747992,ELG,0.35832177,1.0000,false
V4T006726,28.341144,-42.115880,LRG,0.37705583,1.0000,false
V4T006727,38.688053,-38.282063,LRG,0.63875191,1.0000,false
V4T006728,24.172230,-43.819271,ELG,1.58368275,1.0000,false
V4T006729,40.505475,-41.514204,QSO,0.15780987,1.7000,false
V4T006730,341.304594,-23.100317,BGS,2.07612283,0.4500,false
V4T006731,50.438851,-43.226307,LRG,0.50958055,1.0000,false
V4T006732,351.922399,-19.298576,ELG,0.57098899,1.0000,false
V4T006733,34.862664,-50.293168,QSO,0.11495789,1.7000,false
V4T006734,31.908408,-56.787910,ELG,0.34862216,1.0000,false
V4T006735,45.196120,-39.944206,BGS,0.96833704,0.4500,false
V4T006736,53.679466,-47.244061,QSO,0.09100127,1.7000,false
V4T006737,40.950213,-56.726779,ELG,0.51489338,1.0000,false
V4T006738,56.828000,-55.783616,ELG,0.63895540,1.0000,false
V4T006739,25.522622,-41.035420,BGS,1.40623720,0.4500,false
V4T006740,40.584587,-44.649679,LRG,0.16737401,1.0000,false
V4T006741,359.354184,-24.058060,BGS,1.09662149,0.4500,false
V4T006742,54.933540,-50.766763,QSO,0.21247066,1.7000,true
V4T006743,55.542797,-54.162027,BGS,1.09833182,0.4500,false
V4T006744,41.599884,-53.223364,BGS,1.94447194,0.4500,true
V4T006745,36.111876,-42.596673,QSO,0.12556601,1.7000,true
V4T006746,34.869553,-47.064059,ELG,0.48528485,1.0000,false
V4T006747,23.771519,-52.182690,BGS,0.92219719,0.4500,false
V4T006748,28.972441,-55.452948,Star,2.58093471,0.3000,false
V4T006749,51.130607,-46.024027,BGS,0.87865467,0.4500,false
V4T006750,354.615808,-38.735678,ELG,0.36415161,1.0000,false
V4T006751,346.665869,-30.222573,LRG,0.44018268,1.0000,false
V4T006752,53.419280,-51.775748,BGS,1.93727530,0.4500,false
V4T006753,2.358272,-28.154097,LRG,0.26776829,1.0000,false
V4T006754,351.754233,-18.935550,BGS,0.74548529,0.4500,false
V4T006755,348.549010,-28.206790,QSO,0.17317651,1.7000,false
V4T006756,20.681137,-58.289447,ELG,0.39725782,1.0000,false
V4T006757,355.940210,-19.511798,ELG,0.55008338,1.0000,false
V4T006758,16.410845,-47.269632,ELG,0.60246165,1.0000,false
V4T006759,43.479950,-55.775538,Star,3.22910813,0.3000,false
V4T006760,1.334182,-27.862834,QSO,0.20229370,1.7000,false
V4T006761,359.368939,-31.875666,ELG,0.34430636,1.0000,false
V4T006762,357.024168,-36.873100,LRG,0.14947345,1.0000,false
V4T006763,346.855584,-32.993845,LRG,0.24802354,1.0000,false
V4T006764,49.469234,-56.201014,LRG,0.31027269,1.0000,false
V4T006765,343.823692,-25.237795,LRG,0.28322906,1.0000,false
V4T006766,28.158227,-40.279399,BGS,1.67150573,0.4500,false
V4T006767,337.342135,-29.439482,LRG,0.26026118,1.0000,false
V4T006768,345.427046,-29.296670,Star,2.80362422,0.3000,false
V4T006769,350.792117,-15.304339,ELG,0.97073593,1.0000,false
V4T006770,35.153830,-33.407302,ELG,0.56363223,1.0000,true
V4T006771,48.160614,-59.466966,QSO,0.28473119,1.7000,false
V4T006772,346.916017,-30.116027,BGS,0.92061080,0.4500,false
V4T006773,42.657983,-57.247097,LRG,0.84773154,1.0000,false
V4T006774,24.453694,-45.619816,BGS,1.07777174,0.4500,false
V4T006775,46.644995,-40.339903,ELG,0.54141621,1.0000,false
V4T006776,25.615015,-45.734637,BGS,1.80783853,0.4500,false
V4T006777,24.005856,-36.175056,ELG,0.74771634,1.0000,false
V4T006778,50.221597,-49.196872,BGS,1.47669742,0.4500,false
V4T006779,49.768681,-50.820210,ELG,0.76431525,1.0000,false
V4T006780,348.463430,-16.182916,LRG,0.31656039,1.0000,false
V4T006781,354.843162,-19.979362,QSO,0.16537050,1.7000,false
V4T006782,357.069932,-26.221764,LRG,0.42841929,1.0000,false
V4T006783,19.174658,-43.865633,ELG,0.82815003,1.0000,false
V4T006784,343.666577,-28.954568,BGS,0.90373491,0.4500,false
V4T006785,346.876155,-30.142686,ELG,1.00605546,1.0000,false
V4T006786,353.936469,-30.602391,BGS,0.92041472,0.4500,false
V4T006787,353.917462,-35.172890,LRG,0.29052331,1.0000,false
V4T006788,355.545355,-15.968246,LRG,0.22544205,1.0000,false
V4T006789,340.214848,-26.301255,Star,4.26523496,0.3000,false
V4T006790,14.679438,-46.653864,LRG,0.38692735,1.0000,false
V4T006791,345.836141,-30.544190,BGS,1.62531121,0.4500,false
V4T006792,35.439768,-54.103384,LRG,0.64636664,1.0000,false
V4T006793,347.639635,-37.719908,ELG,0.60373528,1.0000,false
V4T006794,37.940680,-50.952167,BGS,0.95559196,0.4500,false
V4T006795,357.650644,-38.168848,BGS,1.71558068,0.4500,false
V4T006796,354.285868,-36.194539,ELG,0.57214856,1.0000,false
V4T006797,14.678358,-47.770262,LRG,0.52994484,1.0000,true
V4T006798,54.612388,-51.225395,QSO,0.50735022,1.7000,false
V4T006799,345.741793,-30.923465,Star,2.45598757,0.3000,false
V4T006800,29.260004,-46.853770,ELG,0.54754116,1.0000,false
V4T006801,28.395512,-60.597858,BGS,1.59431792,0.4500,false
V4T006802,338.535858,-29.189399,ELG,0.35302062,1.0000,false
V4T006803,344.233884,-19.096272,LRG,0.18959902,1.0000,false
V4T006804,353.362386,-15.137518,ELG,0.73639719,1.0000,false
V4T006805,18.122198,-49.384423,Star,4.00981743,0.3000,false
V4T006806,351.988345,-30.473819,QSO,0.23021366,1.7000,true
V4T006807,357.723984,-27.960214,ELG,0.52747193,1.0000,false
V4T006808,354.715109,-19.583583,BGS,1.42464774,0.4500,false
V4T006809,353.131910,-21.116695,ELG,0.56295619,1.0000,false
V4T006810,347.396270,-25.272475,BGS,0.65325637,0.4500,false
V4T006811,0.107477,-33.315539,LRG,0.41445542,1.0000,false
V4T006812,358.459386,-19.912027,BGS,1.00317778,0.4500,false
V4T006813,351.676485,-18.534120,LRG,0.43832299,1.0000,false
V4T006814,355.706986,-19.519944,BGS,0.77533350,0.4500,false
V4T006815,339.623423,-31.991372,ELG,0.63555061,1.0000,false
V4T006816,337.276851,-27.395171,Star,5.40640195,0.3000,false
V4T006817,34.808601,-46.098273,ELG,0.51530080,1.0000,false
V4T006818,39.522353,-50.870794,BGS,0.77548177,0.4500,false
V4T006819,32.234656,-42.707682,ELG,0.55058922,1.0000,false
V4T006820,338.794415,-25.837023,ELG,0.56429436,1.0000,false
V4T006821,54.239928,-49.802018,Star,5.41634679,0.3000,false
V4T006822,345.713221,-31.354015,Star,3.96883484,0.3000,false
V4T006823,24.174499,-50.317840,BGS,2.20003167,0.4500,false
V4T006824,24.591242,-54.509991,ELG,0.61671997,1.0000,true
V4T006825,355.246542,-35.879640,Star,3.68914088,0.3000,false
V4T006826,352.175284,-16.570515,ELG,0.59702634,1.0000,false
V4T006827,27.013127,-56.720170,LRG,0.35566275,1.0000,false
V4T006828,1.782092,-28.329370,ELG,0.62157554,1.0000,false
V4T006829,341.596337,-29.284704,ELG,0.33755554,1.0000,false
V4T006830,37.371977,-43.298668,QSO,0.26976378,1.7000,false
V4T006831,17.145747,-52.231731,LRG,0.32968569,1.0000,false
V4T006832,340.577360,-27.882489,LRG,0.38508999,1.0000,false
V4T006833,48.493284,-49.568626,ELG,0.51439362,1.0000,false
V4T006834,349.257627,-21.082754,ELG,0.69589980,1.0000,false
V4T006835,2.575208,-35.492813,BGS,1.86203978,0.4500,false
V4T006836,339.346494,-24.462020,Star,3.08930148,0.3000,false
V4T006837,3.937056,-28.034829,LRG,0.12285601,1.0000,false
V4T006838,51.337809,-45.070914,ELG,1.10426160,1.0000,true
V4T006839,353.426957,-18.180555,ELG,0.49975186,1.0000,false
V4T006840,48.768489,-45.582426,ELG,0.25365326,1.0000,true
V4T006841,351.909371,-21.064237,LRG,0.31415551,1.0000,false
V4T006842,32.123607,-51.112586,LRG,0.28298732,1.0000,false
V4T006843,351.509552,-18.770842,LRG,0.39558990,1.0000,false
V4T006844,53.821867,-45.260791,QSO,0.08605959,1.7000,false
V4T006845,55.158163,-51.644883,Star,4.50562920,0.3000,false
V4T006846,343.334546,-25.414805,ELG,0.55232731,1.0000,false
V4T006847,2.621272,-28.849012,ELG,0.61349244,1.0000,false
V4T006848,356.172071,-28.288915,QSO,0.15565084,1.7000,false
V4T006849,38.932258,-41.946034,BGS,1.29750041,0.4500,false
V4T006850,358.541841,-26.109456,BGS,1.23051905,0.4500,false
V4T006851,352.468088,-22.176276,BGS,1.35535175,0.4500,false
V4T006852,357.977755,-27.445150,ELG,0.41117866,1.0000,false
V4T006853,359.183807,-25.083522,ELG,0.62106024,1.0000,false
V4T006854,37.325236,-45.782608,LRG,0.30828510,1.0000,false
V4T006855,357.442743,-26.987000,BGS,0.86204785,0.4500,false
V4T006856,38.918334,-50.597378,QSO,0.19370920,1.7000,false
V4T006857,359.075232,-32.954865,ELG,1.19804786,1.0000,true
V4T006858,40.750804,-43.643899,QSO,0.13551620,1.7000,false
V4T006859,43.557877,-41.178365,LRG,0.35167426,1.0000,false
V4T006860,1.094049,-32.243162,QSO,0.40184427,1.7000,false
V4T006861,355.363990,-19.306393,LRG,0.63680850,1.0000,false
V4T006862,47.815323,-59.093930,LRG,0.18675819,1.0000,false
V4T006863,29.912476,-47.199911,ELG,0.60750016,1.0000,false
V4T006864,351.949443,-32.029732,ELG,0.47760222,1.0000,false
V4T006865,41.113483,-56.824406,Star,3.42804902,0.3000,false
V4T006866,44.379017,-39.478486,LRG,0.25089403,1.0000,false
V4T006867,341.075165,-29.060345,LRG,0.24557968,1.0000,false
V4T006868,37.953529,-50.810828,ELG,0.57657989,1.0000,false
V4T006869,348.215064,-36.747628,LRG,0.18576897,1.0000,false
V4T006870,350.008240,-16.243931,ELG,0.37206591,1.0000,false
V4T006871,346.425936,-29.979918,LRG,0.30680879,1.0000,false
V4T006872,2.055474,-20.936594,QSO,0.14172849,1.7000,false
V4T006873,341.028166,-27.506902,QSO,0.16912623,1.7000,false
V4T006874,352.252042,-37.549313,BGS,1.81457970,0.4500,false
V4T006875,54.586950,-50.665924,LRG,0.30793585,1.0000,false
V4T006876,30.067567,-35.964424,BGS,1.37407571,0.4500,false
V4T006877,20.549465,-40.646813,Star,2.60730329,0.3000,false
V4T006878,42.881140,-39.927502,ELG,1.18544615,1.0000,false
V4T006879,40.924758,-36.586797,QSO,0.30864584,1.7000,false
V4T006880,351.889318,-15.821702,ELG,0.60659730,1.0000,false
V4T006881,356.627083,-32.293846,BGS,0.87153963,0.4500,false
V4T006882,18.405827,-53.458663,LRG,0.45823220,1.0000,false
V4T006883,20.225610,-46.038386,LRG,0.43487567,1.0000,true
V4T006884,340.790466,-34.279554,ELG,0.30076103,1.0000,false
V4T006885,350.925745,-18.548657,ELG,0.36920288,1.0000,false
V4T006886,46.475328,-42.034306,ELG,0.74617599,1.0000,false
V4T006887,47.187367,-41.761810,ELG,0.70362447,1.0000,false
V4T006888,20.113152,-41.549118,QSO,0.18494291,1.7000,false
V4T006889,38.012694,-56.068035,ELG,1.01619942,1.0000,false
V4T006890,39.608296,-41.937044,Star,2.86423488,0.3000,false
V4T006891,354.221774,-35.763173,QSO,0.10189495,1.7000,true
V4T006892,31.213471,-41.040801,ELG,0.70825160,1.0000,false
V4T006893,1.029151,-36.535060,QSO,0.17760388,1.7000,false
V4T006894,351.864581,-27.490091,ELG,0.47680472,1.0000,false
V4T006895,352.686639,-27.317115,QSO,0.16341404,1.7000,false
V4T006896,48.901839,-54.802446,LRG,0.40278306,1.0000,false
V4T006897,340.162657,-28.047322,QSO,0.19889390,1.7000,false
V4T006898,26.522776,-34.607344,BGS,1.36930559,0.4500,false
V4T006899,358.176187,-19.840989,LRG,0.19363311,1.0000,false
V4T006900,39.338365,-56.695759,ELG,0.36736420,1.0000,false
V4T006901,42.430358,-56.981268,LRG,0.26729046,1.0000,false
V4T006902,27.999553,-48.518517,BGS,0.97765756,0.4500,false
V4T006903,47.738888,-40.678276,LRG,0.17661730,1.0000,true
V4T006904,353.027188,-17.815170,ELG,0.49378912,1.0000,false
V4T006905,40.627811,-50.385193,ELG,0.53612861,1.0000,false
V4T006906,30.177495,-53.173212,LRG,0.49947701,1.0000,false
V4T006907,41.195329,-37.095711,ELG,0.34584845,1.0000,false
V4T006908,357.553356,-31.799700,BGS,1.60997813,0.4500,false
V4T006909,353.537914,-17.612637,QSO,0.11345198,1.7000,false
V4T006910,2.962864,-27.747387,LRG,0.26959588,1.0000,false
V4T006911,36.879452,-58.924130,ELG,0.47532393,1.0000,false
V4T006912,46.467015,-41.062200,BGS,1.22274696,0.4500,false
V4T006913,38.870697,-49.971532,QSO,0.05549746,1.7000,false
V4T006914,31.807827,-37.185987,ELG,0.60237396,1.0000,false
V4T006915,18.287702,-46.799263,BGS,0.89563671,0.4500,false
V4T006916,343.624459,-25.425718,BGS,0.83239862,0.4500,false
V4T006917,44.140925,-40.604651,LRG,0.22416574,1.0000,false
V4T006918,358.620384,-23.342194,ELG,0.83526059,1.0000,false
V4T006919,347.051910,-37.288038,Star,5.20720696,0.3000,false
V4T006920,353.329274,-16.555442,LRG,0.27726876,1.0000,false
V4T006921,347.066538,-28.939557,LRG,0.46554286,1.0000,false
V4T006922,349.463059,-16.469044,BGS,1.53452583,0.4500,false
V4T006923,35.993154,-35.880927,BGS,1.56942516,0.4500,false
V4T006924,336.171113,-29.855373,BGS,2.06334313,0.4500,false
V4T006925,343.822948,-25.588454,LRG,0.45961657,1.0000,false
V4T006926,22.950849,-38.680233,BGS,0.88856867,0.4500,false
V4T006927,355.175186,-28.895296,Star,4.59289420,0.3000,false
V4T006928,339.183594,-30.176242,ELG,0.47998810,1.0000,false
V4T006929,37.604758,-50.749411,LRG,0.43476374,1.0000,false
V4T006930,25.026498,-42.249501,QSO,0.25707274,1.7000,false
V4T006931,345.677770,-17.726911,BGS,2.09491244,0.4500,false
V4T006932,19.096208,-56.693500,ELG,0.50131843,1.0000,false
V4T006933,38.048010,-39.870365,LRG,0.33142523,1.0000,true
V4T006934,352.301751,-18.262151,BGS,1.26794214,0.4500,false
V4T006935,1.383916,-25.355781,BGS,1.15758283,0.4500,true
V4T006936,43.908662,-55.733624,QSO,0.06840695,1.7000,false
V4T006937,24.273962,-51.347235,QSO,0.11968957,1.7000,false
V4T006938,48.079969,-42.631578,LRG,0.15766558,1.0000,false
V4T006939,352.518007,-23.374578,ELG,0.81172069,1.0000,false
V4T006940,52.152656,-58.350075,BGS,1.92391005,0.4500,false
V4T006941,357.300568,-26.621401,BGS,1.04355131,0.4500,false
V4T006942,47.688009,-51.467337,QSO,0.19649797,1.7000,false
V4T006943,355.614433,-19.441558,BGS,1.44645081,0.4500,false
V4T006944,25.411223,-50.143164,BGS,1.73304515,0.4500,false
V4T006945,352.199253,-18.935825,LRG,0.42795101,1.0000,false
V4T006946,29.541583,-60.853020,ELG,0.65619753,1.0000,false
V4T006947,357.496327,-26.243419,ELG,0.49036554,1.0000,false
V4T006948,16.981101,-55.306846,ELG,0.82780960,1.0000,false
V4T006949,349.822721,-37.937916,ELG,0.83229366,1.0000,false
V4T006950,53.742796,-51.107474,QSO,0.37358324,1.7000,false
V4T006951,46.555402,-46.627344,LRG,0.42156459,1.0000,false
V4T006952,349.731058,-15.172785,ELG,0.73533345,1.0000,false
V4T006953,350.827382,-19.198515,LRG,0.51901543,1.0000,true
V4T006954,24.542664,-41.837281,BGS,1.19294191,0.4500,false
V4T006955,344.356123,-33.612761,BGS,1.84526469,0.4500,false
V4T006956,35.252261,-38.922339,BGS,1.08460514,0.4500,false
V4T006957,42.875226,-50.395356,ELG,0.34490550,1.0000,false
V4T006958,346.035796,-30.054339,ELG,0.67794986,1.0000,false
V4T006959,346.211765,-27.631620,LRG,0.29481681,1.0000,false
V4T006960,358.566449,-18.197658,ELG,0.59430241,1.0000,false
V4T006961,343.185087,-25.552341,BGS,0.96205830,0.4500,false
V4T006962,54.881654,-48.234651,LRG,0.32714665,1.0000,false
V4T006963,40.515336,-49.609009,ELG,0.46329173,1.0000,false
V4T006964,2.469300,-28.719390,LRG,0.17270108,1.0000,false
V4T006965,27.068904,-47.955078,ELG,0.45760081,1.0000,false
V4T006966,20.389163,-46.094536,ELG,0.32958939,1.0000,false
V4T006967,341.567026,-36.022996,QSO,0.21983642,1.7000,false
V4T006968,356.606629,-22.328677,LRG,0.67737225,1.0000,false
V4T006969,343.590481,-37.373678,QSO,0.19639186,1.7000,false
V4T006970,353.042490,-17.173772,ELG,0.54596357,1.0000,false
V4T006971,47.699845,-52.856395,QSO,0.22588715,1.7000,false
V4T006972,20.201787,-48.452541,Star,4.51291022,0.3000,false
V4T006973,49.821527,-53.707172,ELG,1.48569096,1.0000,false
V4T006974,44.676059,-39.668447,LRG,0.28265680,1.0000,false
V4T006975,340.836872,-30.035547,ELG,0.88431917,1.0000,false
V4T006976,336.341397,-30.316952,QSO,0.16554357,1.7000,false
V4T006977,19.294042,-46.034615,ELG,0.70898068,1.0000,false
V4T006978,350.696739,-17.283250,Star,3.86151183,0.3000,false
V4T006979,35.580952,-44.952016,QSO,0.32525981,1.7000,false
V4T006980,0.768847,-35.053353,ELG,0.38419411,1.0000,false
V4T006981,348.523351,-26.146900,Star,4.14115354,0.3000,true
V4T006982,29.101142,-41.384038,BGS,1.49226252,0.4500,false
V4T006983,32.380182,-35.398187,ELG,1.09876119,1.0000,false
V4T006984,43.120630,-37.855872,QSO,0.16374428,1.7000,false
V4T006985,38.050927,-44.088144,BGS,1.08845302,0.4500,false
V4T006986,353.366413,-28.275472,BGS,1.07624063,0.4500,false
V4T006987,359.735732,-24.308953,ELG,0.36117519,1.0000,false
V4T006988,352.565240,-18.844219,QSO,0.12535405,1.7000,false
V4T006989,54.800407,-57.765168,ELG,0.50753130,1.0000,false
V4T006990,33.696846,-52.863178,ELG,0.49496601,1.0000,true
V4T006991,21.545938,-58.472060,Star,3.18636154,0.3000,false
V4T006992,26.266968,-57.216309,ELG,0.54975276,1.0000,false
V4T006993,56.356919,-50.498395,ELG,0.80303993,1.0000,false
V4T006994,348.033913,-19.808824,ELG,0.72666088,1.0000,false
V4T006995,47.791792,-41.264061,ELG,1.05111251,1.0000,false
V4T006996,37.904978,-42.869098,ELG,0.65019554,1.0000,false
V4T006997,20.491976,-39.886981,ELG,0.74469414,1.0000,false
V4T006998,39.426764,-45.769002,ELG,0.53355751,1.0000,false
V4T006999,18.844714,-44.467755,LRG,0.37376668,1.0000,false
V4T007000,15.873747,-44.509198,BGS,1.26446029,0.4500,false
V4T007001,43.864369,-45.359179,QSO,0.18353518,1.7000,false
V4T007002,40.966074,-42.962134,ELG,0.43087764,1.0000,false
V4T007003,46.734081,-41.678225,BGS,1.51844302,0.4500,false
V4T007004,53.882038,-56.685428,QSO,0.16599741,1.7000,false
V4T007005,23.943999,-48.768076,BGS,1.83620993,0.4500,false
V4T007006,344.640715,-32.304209,BGS,1.06818724,0.4500,false
V4T007007,32.481060,-39.106895,ELG,0.49898882,1.0000,false
V4T007008,341.253600,-21.497522,LRG,0.29296741,1.0000,false
V4T007009,344.991952,-19.691920,QSO,0.49131682,1.7000,false
V4T007010,344.636373,-22.217581,ELG,1.01392338,1.0000,false
V4T007011,342.730952,-24.904079,ELG,1.04720720,1.0000,false
V4T007012,21.891848,-38.370939,BGS,1.14504244,0.4500,false
V4T007013,347.226839,-37.412929,LRG,0.23712330,1.0000,false
V4T007014,356.121463,-27.658259,ELG,0.80490959,1.0000,false
V4T007015,354.681443,-38.398484,BGS,1.25948864,0.4500,false
V4T007016,359.167016,-26.816669,ELG,0.78040771,1.0000,false
V4T007017,352.896988,-22.632651,ELG,0.85062776,1.0000,false
V4T007018,344.829171,-18.168429,BGS,1.07552273,0.4500,false
V4T007019,43.773004,-50.424209,QSO,0.12435061,1.7000,false
V4T007020,27.759628,-57.615268,ELG,0.35813671,1.0000,false
V4T007021,41.987773,-56.614621,LRG,0.52129770,1.0000,false
V4T007022,357.743962,-25.755494,QSO,0.14050306,1.7000,false
V4T007023,36.635603,-38.964694,ELG,0.71977692,1.0000,true
V4T007024,48.907345,-56.811188,ELG,0.47468116,1.0000,false
V4T007025,54.355638,-51.309643,LRG,0.31876318,1.0000,false
V4T007026,45.345741,-39.796873,BGS,0.79420411,0.4500,false
V4T007027,29.753411,-36.274204,BGS,1.09827540,0.4500,false
V4T007028,351.129574,-15.248741,ELG,0.44277420,1.0000,false
V4T007029,339.042409,-30.630271,LRG,0.19574197,1.0000,false
V4T007030,36.480411,-42.558011,ELG,0.65760289,1.0000,false
V4T007031,359.266572,-31.528347,LRG,0.30889543,1.0000,false
V4T007032,40.336662,-56.808647,ELG,0.59359966,1.0000,false
V4T007033,40.452946,-56.787154,QSO,0.15551396,1.7000,false
V4T007034,40.545489,-46.372731,QSO,0.15913817,1.7000,false
V4T007035,350.957791,-38.924872,ELG,0.41729750,1.0000,true
V4T007036,22.456388,-51.341107,ELG,1.34837115,1.0000,false
V4T007037,343.073105,-25.877308,BGS,1.04848533,0.4500,false
V4T007038,32.829058,-40.244189,QSO,0.14653086,1.7000,false
V4T007039,45.780735,-49.906869,BGS,0.98987868,0.4500,true
V4T007040,41.863694,-45.091222,QSO,0.36535978,1.7000,false
V4T007041,42.695687,-56.805898,LRG,0.28707904,1.0000,false
V4T007042,1.557650,-26.136981,QSO,0.08337206,1.7000,false
V4T007043,342.007696,-37.454766,ELG,0.44844188,1.0000,false
V4T007044,346.732331,-26.690885,BGS,2.11870370,0.4500,true
V4T007045,40.122370,-57.091819,QSO,0.15868786,1.7000,false
V4T007046,348.320128,-35.209453,Star,2.80910392,0.3000,false
V4T007047,341.258461,-29.194865,ELG,1.16670753,1.0000,false
V4T007048,355.811055,-20.266961,ELG,0.61285245,1.0000,false
V4T007049,347.496834,-30.273062,BGS,1.11028487,0.4500,false
V4T007050,357.947059,-26.933613,LRG,0.24223353,1.0000,false
V4T007051,357.075477,-19.134578,QSO,0.37380415,1.7000,false
V4T007052,355.030921,-38.302082,BGS,1.19053454,0.4500,false
V4T007053,26.868821,-39.432993,ELG,0.60813071,1.0000,false
V4T007054,32.308174,-43.879854,ELG,0.54464544,1.0000,false
V4T007055,3.012761,-23.678698,ELG,0.24262090,1.0000,false
V4T007056,56.822636,-54.297818,ELG,1.32522735,1.0000,false
V4T007057,18.434234,-50.825309,BGS,1.32117006,0.4500,true
V4T007058,342.493158,-20.688607,LRG,0.40558754,1.0000,false
V4T007059,54.748147,-51.700909,LRG,0.27305268,1.0000,true
V4T007060,3.950611,-30.947023,QSO,0.13973743,1.7000,false
V4T007061,47.146354,-41.654759,QSO,0.16996951,1.7000,false
V4T007062,346.938641,-33.277077,ELG,0.54630670,1.0000,false
V4T007063,339.940853,-31.951291,QSO,0.19503203,1.7000,false
V4T007064,345.769642,-22.838746,LRG,0.18666869,1.0000,false
V4T007065,34.829306,-38.327909,LRG,0.21774946,1.0000,false
V4T007066,351.536164,-29.122575,BGS,0.84216820,0.4500,false
V4T007067,40.718844,-56.872449,ELG,0.33572841,1.0000,false
V4T007068,344.868981,-27.456791,QSO,0.54060861,1.7000,false
V4T007069,351.644529,-18.707208,ELG,0.37209437,1.0000,false
V4T007070,355.510085,-27.507665,QSO,0.13215906,1.7000,false
V4T007071,19.314979,-49.346770,LRG,0.36284054,1.0000,false
V4T007072,351.543406,-17.546204,Star,3.63098301,0.3000,false
V4T007073,357.392089,-26.331801,BGS,1.04919180,0.4500,false
V4T007074,1.954433,-29.258762,BGS,1.02236336,0.4500,false
V4T007075,337.741603,-34.218701,BGS,1.34004616,0.4500,false
V4T007076,37.475617,-40.315355,Star,3.06355456,0.3000,false
V4T007077,355.091054,-18.799523,LRG,0.30261627,1.0000,false
V4T007078,355.280693,-16.571400,QSO,0.25188123,1.7000,false
V4T007079,46.113810,-41.422653,ELG,0.39467790,1.0000,false
V4T007080,355.437498,-15.063737,QSO,0.40424701,1.7000,false
V4T007081,338.380987,-31.296804,LRG,0.58036960,1.0000,false
V4T007082,35.289630,-36.184251,ELG,0.34646027,1.0000,false
V4T007083,341.980116,-32.966234,QSO,0.34827817,1.7000,false
V4T007084,50.633153,-49.421057,BGS,1.45975327,0.4500,false
V4T007085,358.100336,-36.433684,ELG,0.57185332,1.0000,false
V4T007086,349.837654,-20.818131,ELG,0.61405417,1.0000,false
V4T007087,353.323503,-18.224140,LRG,0.22050488,1.0000,false
V4T007088,44.189335,-38.253313,ELG,0.38876850,1.0000,false
V4T007089,16.675031,-42.789635,QSO,0.25379620,1.7000,false
V4T007090,354.104864,-24.632650,BGS,1.86930082,0.4500,false
V4T007091,35.553871,-60.221024,BGS,0.78254851,0.4500,false
V4T007092,346.002278,-30.241005,QSO,0.28461515,1.7000,false
V4T007093,43.379953,-57.836308,Star,2.76201362,0.3000,false
V4T007094,354.963429,-24.332277,ELG,0.78097558,1.0000,true
V4T007095,49.648429,-48.891173,LRG,0.32636985,1.0000,false
V4T007096,357.102656,-25.708948,ELG,0.53605742,1.0000,false
V4T007097,31.481604,-35.424159,BGS,1.67588700,0.4500,false
V4T007098,36.517883,-50.634064,LRG,0.35620921,1.0000,false
V4T007099,44.876159,-39.612229,BGS,1.65118538,0.4500,false
V4T007100,344.077540,-33.337359,LRG,0.30001668,1.0000,false
V4T007101,357.045248,-25.421608,ELG,0.15730245,1.0000,false
V4T007102,350.048622,-19.642920,BGS,0.82051729,0.4500,false
V4T007103,341.251946,-27.694396,LRG,0.32403177,1.0000,false
V4T007104,357.521838,-32.838001,BGS,1.18660136,0.4500,false
V4T007105,346.671803,-31.269031,Star,3.25312675,0.3000,false
V4T007106,44.323532,-57.734257,LRG,0.33778258,1.0000,false
V4T007107,353.003937,-27.700161,ELG,0.45370977,1.0000,false
V4T007108,17.513421,-52.719387,ELG,0.33779547,1.0000,false
V4T007109,48.293497,-54.278779,ELG,0.61570999,1.0000,false
V4T007110,42.362809,-50.589034,BGS,1.09143572,0.4500,false
V4T007111,45.526287,-41.451618,ELG,0.63295569,1.0000,false
V4T007112,45.303152,-42.262866,ELG,0.45228477,1.0000,false
V4T007113,356.601648,-28.036121,BGS,1.07360007,0.4500,false
V4T007114,26.668738,-58.098600,LRG,0.39690144,1.0000,false
V4T007115,345.028987,-25.013188,ELG,0.40493113,1.0000,false
V4T007116,343.891271,-21.350498,BGS,2.26530944,0.4500,false
V4T007117,350.585348,-23.967529,ELG,0.56684020,1.0000,false
V4T007118,348.272467,-19.817083,BGS,1.05074083,0.4500,false
V4T007119,0.309719,-25.899770,QSO,0.26277902,1.7000,false
V4T007120,340.169991,-34.075582,ELG,0.42561417,1.0000,false
V4T007121,23.592765,-55.072890,ELG,0.43125760,1.0000,false
V4T007122,45.504644,-39.106986,QSO,0.12686193,1.7000,false
V4T007123,41.698712,-56.888295,Star,3.93282517,0.3000,false
V4T007124,38.252256,-36.491164,BGS,1.93865323,0.4500,false
V4T007125,22.593088,-40.150706,ELG,0.86917616,1.0000,false
V4T007126,359.533485,-20.504692,BGS,1.32847173,0.4500,false
V4T007127,341.169244,-36.287912,ELG,0.51858888,1.0000,false
V4T007128,346.724595,-26.302786,ELG,0.46998565,1.0000,false
V4T007129,29.312946,-47.925049,QSO,0.11743188,1.7000,false
V4T007130,53.152899,-51.895097,LRG,0.53754060,1.0000,false
V4T007131,342.222184,-29.237465,LRG,0.27303142,1.0000,false
V4T007132,42.435211,-51.026105,LRG,0.36942951,1.0000,false
V4T007133,356.982602,-20.418943,ELG,0.43033397,1.0000,false
V4T007134,28.570917,-41.669076,ELG,0.38639530,1.0000,false
V4T007135,355.234988,-19.969935,QSO,0.25289006,1.7000,false
V4T007136,359.794221,-33.290486,Star,4.76705270,0.3000,false
V4T007137,353.923043,-21.471530,BGS,1.16260449,0.4500,false
V4T007138,339.274105,-33.123505,LRG,0.58590701,1.0000,false
V4T007139,354.446369,-19.918679,BGS,1.57829712,0.4500,false
V4T007140,341.923058,-36.658967,LRG,0.31857029,1.0000,false
V4T007141,1.445924,-29.215707,LRG,0.30550526,1.0000,false
V4T007142,350.433768,-33.708850,LRG,0.37272607,1.0000,false
V4T007143,45.734254,-39.988901,ELG,0.50024691,1.0000,false
V4T007144,340.850917,-22.339287,LRG,0.48205980,1.0000,true
V4T007145,340.456618,-37.235379,ELG,0.65581139,1.0000,false
V4T007146,345.297562,-29.723944,BGS,1.41185104,0.4500,false
V4T007147,339.908045,-21.958755,ELG,0.40359507,1.0000,false
V4T007148,354.619731,-19.083619,ELG,0.67740990,1.0000,false
V4T007149,28.669153,-34.330539,ELG,0.49155488,1.0000,false
V4T007150,358.781915,-17.702627,LRG,0.44327854,1.0000,false
V4T007151,27.796512,-47.115026,QSO,0.19273331,1.7000,false
V4T007152,356.749519,-27.954937,ELG,0.31828667,1.0000,false
V4T007153,347.849143,-37.783431,LRG,0.32842767,1.0000,true
V4T007154,26.515381,-51.268581,BGS,1.28719910,0.4500,false
V4T007155,355.347945,-29.974430,Star,3.61486360,0.3000,false
V4T007156,345.031279,-26.537436,Star,3.61259050,0.3000,false
V4T007157,355.817420,-37.346776,LRG,0.40149286,1.0000,false
V4T007158,353.904114,-17.348183,LRG,0.21062347,1.0000,false
V4T007159,48.596673,-45.816707,ELG,0.30854978,1.0000,false
V4T007160,344.168012,-23.070745,ELG,0.44600511,1.0000,false
V4T007161,356.752780,-24.394593,QSO,0.07384102,1.7000,false
V4T007162,343.152340,-24.581210,BGS,0.97553210,0.4500,false
V4T007163,54.453001,-50.959733,LRG,0.29306254,1.0000,false
V4T007164,29.570350,-40.682074,ELG,0.70330162,1.0000,false
V4T007165,35.914144,-33.398311,LRG,0.37222315,1.0000,true
V4T007166,358.153381,-26.237756,ELG,0.66074307,1.0000,false
V4T007167,341.769454,-31.860401,QSO,0.11898812,1.7000,false
V4T007168,36.324685,-58.416143,Star,2.77903532,0.3000,false
V4T007169,50.662482,-42.660501,Star,4.62084488,0.3000,false
V4T007170,345.109796,-22.612416,ELG,0.41525964,1.0000,false
V4T007171,42.828025,-40.608778,ELG,0.84288809,1.0000,false
V4T007172,25.458537,-52.811169,ELG,0.39331713,1.0000,false
V4T007173,348.903041,-24.576729,Star,3.29134698,0.3000,false
V4T007174,3.344562,-27.836015,ELG,0.81625884,1.0000,false
V4T007175,45.886493,-57.008450,QSO,0.27683655,1.7000,false
V4T007176,353.791122,-22.346715,LRG,0.81391385,1.0000,false
V4T007177,341.057487,-22.893721,BGS,1.52216447,0.4500,false
V4T007178,22.443728,-54.051005,ELG,0.68188492,1.0000,false
V4T007179,341.728555,-37.229641,BGS,1.23079421,0.4500,false
V4T007180,358.185878,-26.731929,ELG,0.80215621,1.0000,false
V4T007181,17.761183,-42.541628,ELG,0.17533614,1.0000,false
V4T007182,36.997447,-41.282979,BGS,1.63993129,0.4500,false
V4T007183,41.396401,-35.907084,QSO,0.12337456,1.7000,false
V4T007184,32.610671,-40.354170,QSO,0.22817923,1.7000,false
V4T007185,32.449863,-60.299255,LRG,0.28525424,1.0000,false
V4T007186,34.558753,-51.635014,BGS,0.97310405,0.4500,false
V4T007187,352.103053,-18.090970,ELG,0.74425546,1.0000,false
V4T007188,52.330648,-45.039018,BGS,1.77220488,0.4500,false
V4T007189,1.430965,-28.374026,BGS,1.44047716,0.4500,false
V4T007190,45.823682,-50.661240,ELG,0.47011726,1.0000,false
V4T007191,21.801386,-42.751940,ELG,0.67106690,1.0000,false
V4T007192,37.713550,-49.899808,BGS,1.50908450,0.4500,false
V4T007193,24.701945,-41.480884,ELG,0.25899091,1.0000,true
V4T007194,357.835243,-27.029430,BGS,1.60285702,0.4500,false
V4T007195,28.574519,-34.389249,LRG,0.50883353,1.0000,false
V4T007196,352.861852,-39.263353,Star,4.90683089,0.3000,false
V4T007197,354.559334,-20.810910,ELG,1.04010129,1.0000,true
V4T007198,34.942415,-40.924942,QSO,0.25534177,1.7000,false
V4T007199,355.614483,-26.642603,QSO,0.09614121,1.7000,false
V4T007200,45.392416,-38.660185,ELG,0.48807825,1.0000,false
V4T007201,359.149270,-32.759658,ELG,0.43423530,1.0000,false
V4T007202,354.039633,-19.517285,ELG,0.90067829,1.0000,true
V4T007203,55.998954,-55.236099,LRG,0.38297464,1.0000,false
V4T007204,44.967998,-57.649593,BGS,1.06917155,0.4500,false
V4T007205,352.606605,-22.048460,LRG,0.28240213,1.0000,false
V4T007206,345.218940,-37.600647,ELG,0.50533876,1.0000,false
V4T007207,40.156040,-41.780357,QSO,0.16735011,1.7000,false
V4T007208,41.906612,-55.936675,BGS,0.94479153,0.4500,false
V4T007209,357.727679,-26.303331,ELG,0.29311149,1.0000,false
V4T007210,343.277161,-24.426989,BGS,1.94496637,0.4500,false
V4T007211,55.267209,-51.586975,LRG,0.82491772,1.0000,false
V4T007212,350.818155,-18.988242,QSO,0.05959087,1.7000,false
V4T007213,31.970396,-37.001834,QSO,0.44464766,1.7000,false
V4T007214,29.712382,-41.736918,ELG,0.62295135,1.0000,false
V4T007215,353.095197,-17.477446,ELG,0.41153594,1.0000,false
V4T007216,54.383764,-51.234144,BGS,1.34408544,0.4500,false
V4T007217,340.838735,-25.174705,BGS,1.01470133,0.4500,false
V4T007218,54.954759,-51.122908,QSO,0.16898220,1.7000,false
V4T007219,47.317359,-41.783286,ELG,0.64434156,1.0000,false
V4T007220,354.385701,-34.524088,ELG,0.55415003,1.0000,false
V4T007221,25.719461,-53.727271,Star,2.79343019,0.3000,false
V4T007222,357.872706,-26.210396,Star,5.72097617,0.3000,false
V4T007223,346.666640,-20.015825,ELG,0.86190344,1.0000,false
V4T007224,17.369917,-44.452364,ELG,0.44572198,1.0000,false
V4T007225,40.389344,-36.906659,LRG,0.37456446,1.0000,false
V4T007226,351.664351,-16.948851,QSO,0.33678378,1.7000,false
V4T007227,53.785492,-53.334795,ELG,0.87083891,1.0000,false
V4T007228,346.560298,-28.161056,ELG,0.87049541,1.0000,false
V4T007229,338.084234,-24.091953,Star,4.35473142,0.3000,false
V4T007230,343.959032,-24.792639,BGS,1.22343509,0.4500,true
V4T007231,39.596594,-60.307879,QSO,0.10045221,1.7000,false
V4T007232,354.721534,-21.049640,ELG,0.75167069,1.0000,false
V4T007233,355.778574,-25.863270,ELG,0.53079244,1.0000,false
V4T007234,359.881011,-31.885693,BGS,1.24301101,0.4500,true
V4T007235,45.934336,-57.749242,ELG,0.28035079,1.0000,false
V4T007236,1.609489,-28.768041,LRG,0.41637917,1.0000,false
V4T007237,342.309123,-24.597177,ELG,0.60962277,1.0000,false
V4T007238,2.124885,-33.529574,BGS,1.17185559,0.4500,false
V4T007239,358.700470,-20.833242,LRG,0.61543951,1.0000,false
V4T007240,344.924502,-17.996065,LRG,0.60037023,1.0000,false
V4T007241,352.274297,-19.006074,BGS,2.21863766,0.4500,false
V4T007242,351.535548,-18.893130,BGS,1.29434984,0.4500,false
V4T007243,351.091114,-22.746254,QSO,0.33474067,1.7000,false
V4T007244,342.633368,-26.299301,ELG,0.40770809,1.0000,false
V4T007245,42.047038,-43.092480,LRG,0.29331174,1.0000,false
V4T007246,355.510329,-18.879619,ELG,0.32964578,1.0000,false
V4T007247,352.700859,-31.099623,BGS,1.21502107,0.4500,true
V4T007248,351.640239,-18.403000,Star,4.14784090,0.3000,true
V4T007249,31.132618,-43.807792,BGS,0.91060882,0.4500,false
V4T007250,341.477805,-20.113815,QSO,0.22523153,1.7000,false
V4T007251,350.541402,-17.917638,ELG,0.63047486,1.0000,false
V4T007252,356.125677,-34.968634,QSO,0.10028271,1.7000,false
V4T007253,18.795490,-47.902110,ELG,0.39802341,1.0000,false
V4T007254,23.920044,-49.368587,LRG,0.47501009,1.0000,false
V4T007255,354.507682,-25.766527,BGS,1.11301216,0.4500,false
V4T007256,355.100762,-27.154446,LRG,0.29963856,1.0000,false
V4T007257,46.130004,-50.771903,QSO,0.07121691,1.7000,false
V4T007258,352.244818,-17.661513,ELG,0.28923583,1.0000,true
V4T007259,41.412370,-39.601229,ELG,0.51268566,1.0000,false
V4T007260,348.585995,-17.821309,LRG,0.32988024,1.0000,false
V4T007261,31.156159,-60.117676,BGS,2.58447661,0.4500,false
V4T007262,346.556960,-16.534363,ELG,0.73125147,1.0000,false
V4T007263,28.681159,-56.743796,LRG,0.53678548,1.0000,false
V4T007264,344.255635,-25.510432,ELG,0.42267722,1.0000,false
V4T007265,2.380135,-25.263129,ELG,0.75099768,1.0000,false
V4T007266,2.076659,-27.756031,ELG,0.51119365,1.0000,false
V4T007267,41.269179,-56.025873,ELG,0.32829896,1.0000,false
V4T007268,2.565887,-27.610324,BGS,1.18074758,0.4500,false
V4T007269,348.473601,-35.461766,LRG,0.31446691,1.0000,false
V4T007270,341.250987,-25.377087,LRG,0.46526929,1.0000,false
V4T007271,355.308645,-24.824734,LRG,0.71724403,1.0000,false
V4T007272,39.254604,-45.116992,LRG,0.34144312,1.0000,false
V4T007273,359.531477,-34.996127,LRG,0.54622788,1.0000,false
V4T007274,347.009582,-33.484110,QSO,0.20288822,1.7000,false
V4T007275,346.251894,-27.826112,QSO,0.08735340,1.7000,false
V4T007276,16.993470,-53.907919,BGS,0.83762834,0.4500,false
V4T007277,45.803668,-54.085538,QSO,0.25641326,1.7000,false
V4T007278,30.859687,-39.914225,BGS,2.42080833,0.4500,false
V4T007279,1.229964,-23.829128,BGS,1.84040561,0.4500,false
V4T007280,355.535886,-34.560597,ELG,0.86524483,1.0000,false
V4T007281,1.798902,-28.575882,ELG,0.50684008,1.0000,false
V4T007282,355.957015,-19.403246,Star,5.26304021,0.3000,true
V4T007283,342.466795,-29.881733,ELG,0.30720071,1.0000,false
V4T007284,45.322423,-38.784502,Star,3.41399339,0.3000,false
V4T007285,355.375303,-19.456705,ELG,0.39027271,1.0000,false
V4T007286,339.324510,-28.922110,QSO,0.11490306,1.7000,false
V4T007287,351.176878,-14.915354,QSO,0.25950368,1.7000,false
V4T007288,342.279123,-20.754780,ELG,0.63570529,1.0000,false
V4T007289,41.503655,-56.855169,ELG,0.73942900,1.0000,false
V4T007290,31.196093,-36.545198,ELG,0.25509521,1.0000,false
V4T007291,18.702884,-45.230657,ELG,0.63305950,1.0000,false
V4T007292,37.132851,-50.404176,QSO,0.13249109,1.7000,false
V4T007293,26.802697,-43.775107,BGS,0.89472779,0.4500,false
V4T007294,339.549772,-35.935241,BGS,1.35340871,0.4500,false
V4T007295,352.979704,-20.614340,BGS,1.06642951,0.4500,false
V4T007296,0.396973,-34.174836,LRG,0.30478330,1.0000,false
V4T007297,349.801650,-29.927643,ELG,0.50664241,1.0000,false
V4T007298,345.600180,-33.550518,BGS,0.86384900,0.4500,false
V4T007299,49.373591,-48.127530,ELG,0.50501984,1.0000,false
V4T007300,21.120163,-55.737651,BGS,1.37045569,0.4500,false
V4T007301,355.481695,-19.358920,Star,3.37571097,0.3000,false
V4T007302,28.511396,-46.134946,BGS,1.29129572,0.4500,false
V4T007303,0.596511,-27.789103,LRG,0.57563445,1.0000,false
V4T007304,347.763139,-18.912091,LRG,0.21453345,1.0000,false
V4T007305,41.544981,-50.290611,Star,4.66234561,0.3000,false
V4T007306,37.023117,-55.547796,LRG,0.60384586,1.0000,false
V4T007307,336.446878,-31.844307,LRG,0.35442140,1.0000,false
V4T007308,54.753099,-50.473484,LRG,0.30222851,1.0000,false
V4T007309,340.292660,-33.993038,BGS,0.87441990,0.4500,false
V4T007310,336.865358,-27.455771,QSO,0.32873853,1.7000,false
V4T007311,350.983232,-23.637120,Star,6.13415116,0.3000,false
V4T007312,351.612838,-19.294780,BGS,0.74103720,0.4500,false
V4T007313,353.897911,-26.165912,BGS,1.19851808,0.4500,false
V4T007314,340.807107,-30.430644,LRG,0.36463000,1.0000,false
V4T007315,50.671293,-51.557952,BGS,0.66580947,0.4500,false
V4T007316,19.655916,-47.549134,QSO,0.08499325,1.7000,false
V4T007317,341.913489,-20.687164,LRG,0.18966713,1.0000,false
V4T007318,43.758488,-55.062250,BGS,0.86368804,0.4500,false
V4T007319,0.603991,-25.951779,ELG,0.35127063,1.0000,false
V4T007320,50.295568,-46.319661,ELG,0.59769867,1.0000,false
V4T007321,51.117610,-50.006936,ELG,0.37468744,1.0000,false
V4T007322,354.753015,-19.480155,LRG,0.32210896,1.0000,false
V4T007323,346.809691,-31.105939,QSO,0.16161893,1.7000,false
V4T007324,343.088886,-28.926419,ELG,0.57158941,1.0000,false
V4T007325,356.520630,-28.596319,ELG,0.82081016,1.0000,false
V4T007326,357.678978,-37.099436,ELG,0.47649212,1.0000,false
V4T007327,48.679993,-59.984168,LRG,0.17742779,1.0000,false
V4T007328,40.231034,-43.813900,ELG,0.86103974,1.0000,false
V4T007329,50.497305,-44.888230,Star,3.16414234,0.3000,false
V4T007330,345.387398,-17.393764,ELG,0.35740499,1.0000,true
V4T007331,350.848568,-30.419992,BGS,1.68723870,0.4500,true
V4T007332,29.636162,-50.350970,QSO,0.15840975,1.7000,false
V4T007333,36.719450,-37.567033,LRG,0.25441379,1.0000,false
V4T007334,345.728675,-25.629666,BGS,1.65931660,0.4500,false
V4T007335,3.123384,-28.629876,ELG,0.19877982,1.0000,false
V4T007336,22.208489,-52.997617,QSO,0.22396823,1.7000,false
V4T007337,0.621461,-37.288330,LRG,0.24782297,1.0000,false
V4T007338,353.341536,-18.366062,BGS,1.25772764,0.4500,false
V4T007339,27.890900,-34.106494,ELG,1.10699150,1.0000,false
V4T007340,25.970221,-51.264934,ELG,1.28299349,1.0000,false
V4T007341,346.627761,-29.853856,BGS,1.05277369,0.4500,true
V4T007342,357.584172,-26.452424,BGS,1.27621577,0.4500,false
V4T007343,38.247132,-49.969372,LRG,0.37202763,1.0000,false
V4T007344,349.931805,-23.241770,BGS,1.50625066,0.4500,false
V4T007345,55.928006,-49.976636,BGS,1.07923506,0.4500,false
V4T007346,45.827445,-40.516247,ELG,0.30328142,1.0000,false
V4T007347,55.159396,-51.507809,LRG,0.32135912,1.0000,false
V4T007348,56.634549,-51.668825,BGS,1.50565824,0.4500,false
V4T007349,355.341674,-19.430278,LRG,0.17996002,1.0000,false
V4T007350,349.434057,-28.740839,ELG,1.36608782,1.0000,false
V4T007351,29.626406,-44.692758,BGS,1.10673628,0.4500,false
V4T007352,36.351889,-58.634678,BGS,0.95894116,0.4500,false
V4T007353,346.642430,-34.739863,Star,4.94059829,0.3000,false
V4T007354,359.243984,-25.120132,LRG,0.41742942,1.0000,false
V4T007355,345.255887,-33.020095,QSO,0.13203575,1.7000,false
V4T007356,17.221164,-53.742442,Star,2.92811592,0.3000,false
V4T007357,358.204305,-23.009627,QSO,0.21391070,1.7000,false
V4T007358,350.077459,-27.364558,LRG,0.36326589,1.0000,false
V4T007359,39.261743,-39.198153,LRG,0.56882494,1.0000,false
V4T007360,347.870289,-29.431223,Star,4.38056977,0.3000,false
V4T007361,346.620487,-24.913893,Star,4.34941311,0.3000,false
V4T007362,48.409677,-41.594976,ELG,0.55840502,1.0000,false
V4T007363,355.793954,-34.464766,LRG,0.33941147,1.0000,false
V4T007364,24.369428,-41.503999,ELG,0.36505263,1.0000,false
V4T007365,350.353527,-36.875960,LRG,0.27272343,1.0000,false
V4T007366,36.249192,-35.521795,ELG,0.75557325,1.0000,false
V4T007367,53.330176,-51.160326,LRG,0.47243587,1.0000,false
V4T007368,48.272067,-42.091639,ELG,0.80864305,1.0000,false
V4T007369,352.418326,-17.472010,ELG,0.33538746,1.0000,false
V4T007370,357.440918,-35.163980,ELG,0.44040279,1.0000,false
V4T007371,39.254257,-55.055787,ELG,0.93160535,1.0000,false
V4T007372,54.278738,-51.310945,ELG,0.34474643,1.0000,false
V4T007373,18.786016,-43.695087,ELG,0.28510523,1.0000,false
V4T007374,54.250146,-51.773605,ELG,0.18816184,1.0000,false
V4T007375,41.769234,-38.312980,LRG,0.24849135,1.0000,false
V4T007376,28.266220,-54.383779,ELG,0.65868486,1.0000,false
V4T007377,345.743938,-20.977553,LRG,0.23800527,1.0000,false
V4T007378,30.839173,-40.640672,BGS,0.97391773,0.4500,false
V4T007379,0.670522,-18.852899,BGS,1.47665056,0.4500,false
V4T007380,2.103060,-28.375262,ELG,0.90268687,1.0000,false
V4T007381,348.997040,-27.313081,LRG,0.23985686,1.0000,true
V4T007382,43.982051,-41.336916,BGS,0.99809488,0.4500,false
V4T007383,356.794759,-34.956925,BGS,1.89123879,0.4500,true
V4T007384,354.359052,-35.170369,Star,3.47007529,0.3000,false
V4T007385,32.885082,-36.723320,Star,3.65201237,0.3000,false
V4T007386,351.057149,-26.713582,ELG,0.56346954,1.0000,false
V4T007387,348.869526,-21.793394,Star,3.67804117,0.3000,false
V4T007388,353.222992,-15.367935,ELG,0.40689826,1.0000,false
V4T007389,353.428373,-17.681162,BGS,0.92363058,0.4500,false
V4T007390,24.113911,-51.484542,ELG,0.70061865,1.0000,false
V4T007391,54.951750,-51.198063,ELG,0.37942331,1.0000,false
V4T007392,26.344377,-40.183449,ELG,0.60541628,1.0000,false
V4T007393,35.295060,-53.768583,LRG,0.31626548,1.0000,false
V4T007394,345.975443,-30.104605,QSO,0.18730373,1.7000,false
V4T007395,33.560794,-59.043581,BGS,1.03313381,0.4500,false
V4T007396,339.755340,-29.753686,ELG,0.30102934,1.0000,true
V4T007397,30.836201,-39.348933,ELG,0.47932881,1.0000,false
V4T007398,28.082596,-39.076787,ELG,0.59287527,1.0000,false
V4T007399,24.798431,-53.865451,LRG,0.24681969,1.0000,false
V4T007400,32.030510,-40.291972,ELG,1.10589112,1.0000,false
V4T007401,350.623352,-17.270694,ELG,0.33989227,1.0000,false
V4T007402,33.863807,-56.092824,LRG,0.38087629,1.0000,false
V4T007403,356.154062,-32.267447,Star,2.47664108,0.3000,false
V4T007404,31.695195,-50.884041,BGS,0.82271939,0.4500,true
V4T007405,45.821451,-39.729020,BGS,1.04227941,0.4500,false
V4T007406,18.139580,-53.408935,ELG,0.61169706,1.0000,false
V4T007407,0.351792,-26.617330,BGS,1.35396545,0.4500,false
V4T007408,356.330666,-23.207969,ELG,0.28969533,1.0000,false
V4T007409,51.515467,-49.094313,BGS,0.88375294,0.4500,false
V4T007410,38.592158,-49.662683,LRG,0.36908848,1.0000,false
V4T007411,0.474051,-31.494157,BGS,1.37776361,0.4500,true
V4T007412,1.636649,-31.971217,QSO,0.37630851,1.7000,false
V4T007413,353.619639,-17.498334,ELG,0.42911649,1.0000,true
V4T007414,48.213378,-51.320733,ELG,1.08856863,1.0000,false
V4T007415,343.200038,-35.006544,QSO,0.23426748,1.7000,false
V4T007416,52.847665,-52.106870,BGS,1.10259239,0.4500,false
V4T007417,352.672830,-21.976053,QSO,0.16608039,1.7000,false
V4T007418,357.614235,-32.688584,BGS,1.37363145,0.4500,false
V4T007419,42.716700,-57.919668,Star,4.36200226,0.3000,false
V4T007420,354.107060,-19.525228,ELG,0.90216162,1.0000,false
V4T007421,38.710062,-55.523948,LRG,0.40768107,1.0000,false
V4T007422,44.649934,-45.358515,Star,3.05482735,0.3000,false
V4T007423,41.341586,-40.851278,ELG,0.86658073,1.0000,false
V4T007424,37.427563,-36.245990,BGS,1.16328259,0.4500,false
V4T007425,16.157227,-44.692712,QSO,0.07204362,1.7000,false
V4T007426,3.440581,-33.020388,QSO,0.29876190,1.7000,false
V4T007427,24.425857,-54.663115,ELG,0.87285411,1.0000,false
V4T007428,343.939431,-25.352849,BGS,1.99155276,0.4500,false
V4T007429,347.000840,-29.925745,LRG,0.17268879,1.0000,false
V4T007430,356.609687,-18.393972,ELG,0.63632596,1.0000,false
V4T007431,352.140304,-17.497247,Star,4.37223572,0.3000,false
V4T007432,353.398164,-26.724251,QSO,0.19545488,1.7000,false
V4T007433,354.117849,-16.684459,ELG,0.78236080,1.0000,false
V4T007434,342.404691,-25.669697,QSO,0.26721398,1.7000,false
V4T007435,37.026123,-49.227563,ELG,0.47684880,1.0000,false
V4T007436,29.128137,-46.788968,BGS,1.71891744,0.4500,false
V4T007437,28.127502,-50.454783,ELG,1.18062454,1.0000,false
V4T007438,343.372121,-25.614808,ELG,0.39847421,1.0000,false
V4T007439,26.232667,-41.959842,ELG,0.78119283,1.0000,false
V4T007440,345.250547,-39.435353,LRG,0.40095983,1.0000,false
V4T007441,40.324875,-35.061225,QSO,0.15569413,1.7000,false
V4T007442,42.983302,-52.547569,LRG,0.48087059,1.0000,false
V4T007443,350.642759,-34.257928,LRG,0.34409746,1.0000,false
V4T007444,350.316057,-30.313440,BGS,1.86519749,0.4500,false
V4T007445,17.865407,-43.283982,BGS,0.83515482,0.4500,false
V4T007446,54.837279,-52.514853,LRG,0.33930273,1.0000,false
V4T007447,1.257657,-36.700085,ELG,0.52485446,1.0000,false
V4T007448,39.136810,-40.049150,Star,2.98143570,0.3000,false
V4T007449,28.723482,-37.584400,ELG,0.30573977,1.0000,false
V4T007450,346.566836,-30.985188,ELG,0.58904062,1.0000,false
V4T007451,338.497220,-30.777345,BGS,1.24225254,0.4500,false
V4T007452,340.320824,-30.834596,QSO,0.13146167,1.7000,false
V4T007453,351.279181,-26.837926,BGS,1.26913601,0.4500,false
V4T007454,350.852922,-18.640137,ELG,0.58249134,1.0000,true
V4T007455,46.818293,-60.616063,LRG,0.47744844,1.0000,false
V4T007456,352.355601,-14.202528,ELG,0.27491458,1.0000,false
V4T007457,19.242919,-48.460833,QSO,0.11506541,1.7000,false
V4T007458,47.138965,-53.838567,ELG,0.39849932,1.0000,false
V4T007459,355.722662,-19.885497,ELG,1.23218655,1.0000,false
V4T007460,348.707985,-29.041838,ELG,0.37943581,1.0000,false
V4T007461,51.575992,-56.482949,BGS,0.93480010,0.4500,true
V4T007462,358.572247,-26.408656,QSO,0.26003675,1.7000,false
V4T007463,38.214960,-50.785386,ELG,0.45295546,1.0000,false
V4T007464,1.609906,-28.022332,ELG,0.68175756,1.0000,false
V4T007465,27.785831,-53.778348,QSO,0.10894021,1.7000,false
V4T007466,38.303498,-48.694757,BGS,1.23581773,0.4500,false
V4T007467,354.715391,-33.384734,Star,3.04249260,0.3000,true
V4T007468,344.451647,-25.722532,BGS,1.82739221,0.4500,false
V4T007469,46.110725,-41.612306,ELG,0.44689921,1.0000,false
V4T007470,45.369982,-40.372866,BGS,1.13885226,0.4500,false
V4T007471,356.392845,-19.260937,BGS,1.85256163,0.4500,false
V4T007472,46.032440,-41.435374,Star,5.21390101,0.3000,false
V4T007473,36.261691,-52.208690,LRG,0.26582216,1.0000,true
V4T007474,350.517342,-25.124672,BGS,1.03669026,0.4500,false
V4T007475,47.204071,-40.033880,QSO,0.21833260,1.7000,false
V4T007476,358.882713,-28.617370,Star,4.09703691,0.3000,false
V4T007477,22.909803,-54.122255,LRG,0.45568477,1.0000,false
V4T007478,1.075609,-29.949097,LRG,0.52178868,1.0000,false
V4T007479,25.825983,-35.953401,ELG,0.49154751,1.0000,false
V4T007480,35.220614,-45.403829,QSO,0.11973030,1.7000,true
V4T007481,24.359518,-51.956002,ELG,0.35127313,1.0000,false
V4T007482,43.245199,-55.269813,LRG,0.35819835,1.0000,false
V4T007483,45.237680,-40.058519,ELG,0.66589769,1.0000,false
V4T007484,43.150965,-41.215414,LRG,0.45321856,1.0000,false
V4T007485,39.171879,-37.907712,ELG,0.47086852,1.0000,false
V4T007486,48.702812,-42.825706,LRG,0.27618647,1.0000,false
V4T007487,52.768724,-53.424738,ELG,0.37427631,1.0000,false
V4T007488,40.375758,-46.002737,QSO,0.10331746,1.7000,false
V4T007489,347.284011,-35.976732,LRG,0.27827272,1.0000,false
V4T007490,42.109203,-56.753623,QSO,0.21767139,1.7000,false
V4T007491,20.064084,-40.835422,ELG,0.24592784,1.0000,false
V4T007492,25.129525,-42.264358,BGS,0.86578470,0.4500,false
V4T007493,349.759625,-21.118415,LRG,0.33217141,1.0000,false
V4T007494,22.377592,-48.733876,BGS,0.82243454,0.4500,true
V4T007495,352.935647,-18.147863,ELG,0.41005848,1.0000,false
V4T007496,32.112570,-39.981094,BGS,1.03600410,0.4500,false
V4T007497,24.169356,-55.195075,ELG,0.48369980,1.0000,false
V4T007498,42.918528,-36.985113,QSO,0.19249320,1.7000,false
V4T007499,353.432592,-24.740043,BGS,0.85385242,0.4500,false
V4T007500,342.795650,-18.880948,Star,3.31186208,0.3000,false
V4T007501,351.629070,-32.365523,LRG,0.22555485,1.0000,false
V4T007502,0.917708,-22.382504,ELG,0.39770531,1.0000,false
V4T007503,40.273098,-35.634427,BGS,1.01832966,0.4500,false
V4T007504,2.960992,-27.753229,Star,3.34638792,0.3000,false
V4T007505,32.126917,-49.205333,ELG,0.39163821,1.0000,false
V4T007506,47.782485,-42.317051,LRG,0.32521909,1.0000,false
V4T007507,32.571335,-39.786447,BGS,1.01600367,0.4500,false
V4T007508,47.008618,-41.333689,ELG,0.31323001,1.0000,false
V4T007509,353.227700,-17.687834,ELG,0.41968526,1.0000,false
V4T007510,35.154036,-47.868467,ELG,0.46840496,1.0000,false
V4T007511,54.596223,-51.065844,LRG,0.41479608,1.0000,false
V4T007512,38.621880,-50.279226,QSO,0.16236228,1.7000,false
V4T007513,349.407997,-23.023227,ELG,0.80933455,1.0000,false
V4T007514,343.804755,-35.496037,BGS,0.99894237,0.4500,false
V4T007515,24.944052,-59.942774,ELG,0.57097404,1.0000,false
V4T007516,19.072206,-54.425018,ELG,0.53501287,1.0000,false
V4T007517,41.574275,-56.643216,QSO,0.33372399,1.7000,false
V4T007518,48.495745,-42.323965,QSO,0.15627265,1.7000,false
V4T007519,343.334333,-26.593923,ELG,0.84233853,1.0000,false
V4T007520,27.169972,-35.198169,ELG,0.55265221,1.0000,false
V4T007521,54.616102,-58.066786,ELG,0.54614952,1.0000,true
V4T007522,347.914352,-16.157708,LRG,0.36291628,1.0000,false
V4T007523,345.822054,-37.390437,BGS,1.50144850,0.4500,false
V4T007524,47.590069,-41.154393,LRG,0.30016519,1.0000,false
V4T007525,342.627870,-22.671607,BGS,1.13440708,0.4500,false
V4T007526,347.652270,-16.659295,LRG,0.24826691,1.0000,false
V4T007527,52.925164,-51.776657,LRG,0.63666257,1.0000,false
V4T007528,53.426022,-49.792342,ELG,0.67959804,1.0000,false
V4T007529,349.944475,-17.506089,BGS,1.60384374,0.4500,false
V4T007530,26.468395,-35.507128,QSO,0.35584797,1.7000,false
V4T007531,32.818461,-47.137913,LRG,0.32129744,1.0000,false
V4T007532,2.838712,-24.413483,ELG,0.32716123,1.0000,false
V4T007533,343.376957,-25.974558,QSO,0.13102526,1.7000,false
V4T007534,54.681350,-51.649277,LRG,0.33895001,1.0000,false
V4T007535,40.633805,-56.805776,QSO,0.25194165,1.7000,false
V4T007536,40.429242,-40.501102,ELG,0.70083223,1.0000,false
V4T007537,31.947527,-34.947720,ELG,0.56539642,1.0000,false
V4T007538,349.120958,-30.696402,ELG,0.35778864,1.0000,false
V4T007539,39.271157,-34.597106,ELG,0.79267577,1.0000,false
V4T007540,347.107375,-29.946661,LRG,0.50414349,1.0000,false
V4T007541,54.807639,-51.216271,QSO,0.28720076,1.7000,false
V4T007542,40.806386,-46.103325,QSO,0.17550854,1.7000,true
V4T007543,55.302475,-56.667570,ELG,0.69019633,1.0000,false
V4T007544,343.370861,-33.372098,ELG,0.54429831,1.0000,false
V4T007545,25.770194,-50.451632,LRG,0.55773384,1.0000,false
V4T007546,343.108419,-24.613572,ELG,0.62558338,1.0000,false
V4T007547,355.523015,-19.694382,QSO,0.16208854,1.7000,true
V4T007548,40.755459,-56.925686,ELG,1.57141531,1.0000,false
V4T007549,22.959451,-55.894762,BGS,1.06925742,0.4500,false
V4T007550,348.575912,-22.319794,BGS,1.04700078,0.4500,false
V4T007551,42.706552,-56.100121,QSO,0.12827763,1.7000,false
V4T007552,35.706802,-55.793578,BGS,2.91133519,0.4500,false
V4T007553,27.264147,-40.198915,ELG,0.82431835,1.0000,false
V4T007554,30.658590,-44.311080,Star,4.40475675,0.3000,false
V4T007555,348.318369,-20.263827,LRG,0.26740386,1.0000,false
V4T007556,21.606080,-40.309768,LRG,0.29167731,1.0000,true
V4T007557,41.575388,-56.607145,Star,3.55159189,0.3000,false
V4T007558,45.460279,-42.504650,BGS,1.64778254,0.4500,false
V4T007559,22.088857,-48.846429,Star,3.44108370,0.3000,false
V4T007560,356.854283,-23.503959,BGS,1.21344602,0.4500,false
V4T007561,36.823511,-40.157419,QSO,0.21787527,1.7000,false
V4T007562,346.435181,-26.039112,LRG,0.46456817,1.0000,false
V4T007563,32.091535,-36.898040,ELG,0.43389452,1.0000,false
V4T007564,53.505722,-46.682105,BGS,1.93184042,0.4500,false
V4T007565,20.663847,-50.058972,BGS,2.01612920,0.4500,false
V4T007566,343.948451,-23.020883,Star,3.80179217,0.3000,false
V4T007567,20.243619,-55.152532,ELG,0.54262340,1.0000,false
V4T007568,41.373208,-57.433766,LRG,0.26947326,1.0000,true
V4T007569,357.758550,-26.470209,LRG,0.44957121,1.0000,false
V4T007570,40.187870,-56.253811,BGS,1.30915719,0.4500,false
V4T007571,56.317108,-54.690860,Star,4.67838563,0.3000,false
V4T007572,348.119870,-22.254597,Star,4.25912947,0.3000,false
V4T007573,46.378920,-49.217109,Star,6.01106925,0.3000,false
V4T007574,0.802964,-27.365017,QSO,0.21181141,1.7000,false
V4T007575,35.750355,-38.753128,LRG,0.23961646,1.0000,false
V4T007576,357.318773,-26.783087,BGS,1.01190759,0.4500,false
V4T007577,343.617628,-26.606542,BGS,1.22198642,0.4500,false
V4T007578,18.848325,-57.651824,BGS,0.73323970,0.4500,false
V4T007579,352.267589,-17.901099,BGS,0.80573425,0.4500,false
V4T007580,44.764107,-39.285089,ELG,0.51100502,1.0000,false
V4T007581,342.429550,-25.515821,BGS,0.94508453,0.4500,false
V4T007582,37.590667,-41.174588,LRG,0.22773203,1.0000,false
V4T007583,41.651935,-52.480228,ELG,0.65373358,1.0000,false
V4T007584,48.751294,-54.842214,LRG,0.34225199,1.0000,false
V4T007585,37.032102,-56.131890,ELG,0.59596903,1.0000,false
V4T007586,51.314781,-49.712870,BGS,1.66056637,0.4500,false
V4T007587,51.385909,-46.798824,Star,4.50163607,0.3000,false
V4T007588,23.992046,-45.107453,Star,4.41812546,0.3000,false
V4T007589,346.077539,-29.846657,LRG,0.51702689,1.0000,false
V4T007590,352.644161,-16.684256,BGS,1.13104931,0.4500,true
V4T007591,355.418534,-31.803992,ELG,0.53190609,1.0000,false
V4T007592,53.390344,-51.893358,BGS,1.77436874,0.4500,false
V4T007593,41.090316,-46.553957,ELG,1.13246096,1.0000,false
V4T007594,350.730325,-31.286797,LRG,0.21438619,1.0000,false
V4T007595,35.035689,-38.876571,BGS,0.72704658,0.4500,false
V4T007596,55.886865,-51.373203,LRG,0.26385819,1.0000,false
V4T007597,0.429557,-20.279145,ELG,0.42433920,1.0000,false
V4T007598,30.010424,-38.431539,LRG,0.32700619,1.0000,false
V4T007599,25.789657,-43.402216,LRG,0.36731320,1.0000,false
V4T007600,351.639188,-29.382466,QSO,0.23858765,1.7000,false
V4T007601,357.403162,-27.385323,ELG,0.60554839,1.0000,false
V4T007602,37.930803,-58.363372,LRG,0.25765616,1.0000,false
V4T007603,23.442180,-51.989569,BGS,1.29098961,0.4500,false
V4T007604,351.454776,-18.258816,BGS,1.29276493,0.4500,false
V4T007605,51.949668,-46.019819,LRG,0.20741996,1.0000,true
V4T007606,344.658446,-30.335813,BGS,1.05053191,0.4500,false
V4T007607,342.735425,-24.008313,ELG,0.83463833,1.0000,false
V4T007608,357.090512,-33.157858,ELG,0.29309214,1.0000,false
V4T007609,31.532407,-42.050335,BGS,1.76866955,0.4500,false
V4T007610,26.330957,-54.367817,BGS,1.02268079,0.4500,false
V4T007611,43.051158,-46.810427,BGS,1.30925980,0.4500,false
V4T007612,342.745166,-24.710259,QSO,0.14384246,1.7000,false
V4T007613,358.233045,-25.998550,ELG,0.55153888,1.0000,false
V4T007614,49.233522,-42.266998,BGS,0.82883299,0.4500,true
V4T007615,24.448034,-58.355370,LRG,0.40006679,1.0000,false
V4T007616,47.196709,-41.195718,QSO,0.16388038,1.7000,false
V4T007617,1.540276,-21.518415,BGS,2.10474676,0.4500,false
V4T007618,354.693793,-19.207605,LRG,0.32560007,1.0000,false
V4T007619,19.431894,-56.230649,ELG,0.28160129,1.0000,false
V4T007620,28.560451,-50.265494,Star,5.50801750,0.3000,false
V4T007621,44.809397,-39.774301,QSO,0.17819886,1.7000,false
V4T007622,38.006362,-41.153198,QSO,0.06561276,1.7000,false
V4T007623,345.224433,-27.010679,Star,4.15854565,0.3000,false
V4T007624,348.685332,-32.462473,QSO,0.40271209,1.7000,false
V4T007625,43.453637,-47.620540,LRG,0.23886238,1.0000,false
V4T007626,27.960118,-42.352973,ELG,1.24059106,1.0000,false
V4T007627,347.956249,-31.948682,BGS,1.22520970,0.4500,false
V4T007628,356.409400,-25.852934,QSO,0.23277344,1.7000,true
V4T007629,337.059459,-25.068691,BGS,1.13311294,0.4500,false
V4T007630,37.433194,-50.067012,Star,3.23246953,0.3000,false
V4T007631,342.387143,-25.006978,Star,2.50450002,0.3000,false
V4T007632,352.047723,-18.721144,BGS,1.90298883,0.4500,false
V4T007633,20.223919,-45.993997,QSO,0.26463793,1.7000,false
V4T007634,41.613859,-48.518737,QSO,0.07553306,1.7000,false
V4T007635,37.653203,-55.146011,QSO,0.18541527,1.7000,false
V4T007636,47.424944,-43.425704,LRG,0.26142817,1.0000,false
V4T007637,359.172955,-32.839553,QSO,0.21761647,1.7000,false
V4T007638,26.637282,-46.543449,ELG,0.42843726,1.0000,false
V4T007639,46.459131,-58.121290,ELG,0.38846402,1.0000,false
V4T007640,340.083720,-34.360466,QSO,0.29250815,1.7000,false
V4T007641,20.402429,-41.407780,BGS,0.94884364,0.4500,false
V4T007642,357.942910,-27.219365,ELG,0.46475335,1.0000,false
V4T007643,356.515886,-26.289977,Star,4.25752266,0.3000,false
V4T007644,39.099041,-50.121734,BGS,2.28077505,0.4500,false
V4T007645,354.336298,-28.056452,BGS,0.98725870,0.4500,false
V4T007646,345.635724,-36.854483,BGS,1.28201345,0.4500,false
V4T007647,341.571313,-20.346628,Star,2.73356405,0.3000,false
V4T007648,53.553705,-50.900458,ELG,1.15139569,1.0000,true
V4T007649,356.411271,-20.006019,BGS,2.19653887,0.4500,false
V4T007650,358.061469,-26.353789,QSO,0.09931612,1.7000,false
V4T007651,37.499342,-50.428364,BGS,1.27111951,0.4500,false
V4T007652,39.459783,-34.889703,ELG,0.64582309,1.0000,false
V4T007653,356.152039,-36.537566,BGS,2.01488232,0.4500,false
V4T007654,335.948466,-29.796531,BGS,1.20489979,0.4500,false
V4T007655,342.930932,-24.600201,ELG,0.61960255,1.0000,false
V4T007656,23.868402,-38.421638,Star,4.44403834,0.3000,false
V4T007657,352.544790,-18.915066,LRG,0.46516747,1.0000,false
V4T007658,39.811895,-45.167333,Star,5.49147939,0.3000,false
V4T007659,39.655349,-57.716951,QSO,0.09864534,1.7000,false
V4T007660,38.983934,-50.655540,ELG,0.48700179,1.0000,false
V4T007661,41.739807,-54.438970,ELG,0.70506250,1.0000,false
V4T007662,355.689433,-19.765120,ELG,0.39912365,1.0000,false
V4T007663,44.854324,-39.101759,ELG,0.63835231,1.0000,false
V4T007664,347.665088,-17.853183,LRG,0.15801405,1.0000,false
V4T007665,31.526143,-37.274964,BGS,0.98442401,0.4500,false
V4T007666,51.580966,-56.394574,LRG,0.54561474,1.0000,false
V4T007667,347.429697,-37.921174,BGS,1.05236154,0.4500,false
V4T007668,39.560911,-35.086043,ELG,0.62758214,1.0000,false
V4T007669,31.967452,-53.256068,Star,4.80080311,0.3000,false
V4T007670,36.332669,-56.127451,BGS,0.89264131,0.4500,false
V4T007671,354.699084,-19.949150,QSO,0.11593332,1.7000,false
V4T007672,354.782026,-15.690161,ELG,0.49183869,1.0000,false
V4T007673,46.556421,-41.086430,BGS,0.79416502,0.4500,false
V4T007674,37.588372,-44.774033,QSO,0.29813077,1.7000,false
V4T007675,346.836571,-30.292460,BGS,0.99789670,0.4500,false
V4T007676,343.512375,-35.395586,LRG,0.30699556,1.0000,false
V4T007677,43.193076,-40.023720,BGS,1.76161851,0.4500,true
V4T007678,339.170980,-30.511286,ELG,0.34664235,1.0000,false
V4T007679,342.204457,-20.383292,LRG,0.31599086,1.0000,false
V4T007680,353.156665,-16.946797,LRG,0.49791597,1.0000,false
V4T007681,357.934713,-33.971961,ELG,0.90795155,1.0000,false
V4T007682,20.668488,-49.914000,BGS,1.39003507,0.4500,false
V4T007683,339.376328,-27.237535,QSO,0.09017383,1.7000,false
V4T007684,2.452366,-32.452983,QSO,0.18781571,1.7000,false
V4T007685,37.209951,-34.464150,ELG,0.30237751,1.0000,false
V4T007686,44.830107,-38.993816,ELG,0.70218219,1.0000,false
V4T007687,345.271963,-32.568761,BGS,2.31833971,0.4500,false
V4T007688,345.621635,-23.162097,ELG,0.34643822,1.0000,false
V4T007689,355.608300,-33.807349,ELG,0.45572115,1.0000,false
V4T007690,36.866869,-52.111909,BGS,0.98232658,0.4500,true
V4T007691,19.753425,-40.319782,BGS,1.42959266,0.4500,false
V4T007692,41.848694,-35.928954,BGS,1.10858023,0.4500,false
V4T007693,25.321886,-46.127087,LRG,0.37970888,1.0000,false
V4T007694,45.864205,-40.641427,ELG,0.51453103,1.0000,false
V4T007695,346.097093,-30.482151,BGS,1.32984489,0.4500,false
V4T007696,20.591243,-54.449303,ELG,0.53105588,1.0000,false
V4T007697,32.434298,-35.250978,BGS,2.04062639,0.4500,false
V4T007698,355.264081,-34.152344,ELG,0.43890562,1.0000,false
V4T007699,350.094506,-26.007543,BGS,1.53084341,0.4500,false
V4T007700,341.707674,-21.642976,QSO,0.08747738,1.7000,false
V4T007701,359.366690,-28.026120,LRG,0.40178955,1.0000,false
V4T007702,38.572709,-50.212945,LRG,0.26052699,1.0000,false
V4T007703,355.059553,-17.626575,BGS,1.14715650,0.4500,false
V4T007704,20.656700,-58.759615,BGS,1.97471323,0.4500,false
V4T007705,32.294123,-36.640941,BGS,1.25396685,0.4500,false
V4T007706,44.825090,-38.914353,ELG,0.66344756,1.0000,false
V4T007707,47.414476,-41.557832,LRG,0.57694226,1.0000,false
V4T007708,345.908513,-30.875896,BGS,0.87531488,0.4500,false
V4T007709,24.262975,-42.307992,ELG,0.32742126,1.0000,false
V4T007710,44.347796,-52.918405,ELG,0.53464700,1.0000,false
V4T007711,33.252298,-48.227893,ELG,0.33167908,1.0000,false
V4T007712,357.864160,-26.726415,BGS,1.02392736,0.4500,false
V4T007713,37.272604,-35.200216,BGS,1.24455435,0.4500,false
V4T007714,0.185678,-26.551303,QSO,0.15411835,1.7000,false
V4T007715,19.854371,-39.622546,LRG,0.31197511,1.0000,false
V4T007716,56.358038,-56.012996,ELG,0.39351500,1.0000,false
V4T007717,350.945513,-29.274720,Star,3.30060730,0.3000,false
V4T007718,345.937918,-31.013778,QSO,0.09677029,1.7000,false
V4T007719,1.725415,-28.672469,LRG,0.27672128,1.0000,false
V4T007720,23.127673,-54.903444,ELG,1.18092598,1.0000,false
V4T007721,356.099586,-19.932212,BGS,1.30330215,0.4500,false
V4T007722,355.734455,-19.790817,BGS,1.00399817,0.4500,false
V4T007723,1.649711,-32.111600,LRG,0.25314000,1.0000,false
V4T007724,353.273496,-19.028612,ELG,0.40702109,1.0000,false
V4T007725,30.204945,-33.651098,ELG,0.59318820,1.0000,false
V4T007726,45.701686,-39.059016,LRG,0.47757481,1.0000,false
V4T007727,345.490069,-20.554329,ELG,1.25961222,1.0000,false
V4T007728,35.913619,-51.922140,ELG,0.54599837,1.0000,false
V4T007729,14.492286,-46.553505,QSO,0.33308374,1.7000,false
V4T007730,343.429497,-25.281788,Star,3.71198779,0.3000,false
V4T007731,353.476520,-30.878937,QSO,0.25966118,1.7000,false
V4T007732,34.443229,-52.608944,ELG,0.66873123,1.0000,false
V4T007733,53.529800,-50.450478,LRG,0.52458798,1.0000,false
V4T007734,344.018548,-24.216912,ELG,0.76260116,1.0000,false
V4T007735,344.806608,-34.722323,ELG,0.80749144,1.0000,false
V4T007736,22.883149,-40.288461,ELG,0.72443506,1.0000,false
V4T007737,358.165064,-27.290804,ELG,0.48302883,1.0000,false
V4T007738,356.186710,-21.661707,ELG,0.63925481,1.0000,false
V4T007739,41.859304,-56.823343,ELG,0.29277973,1.0000,false
V4T007740,20.681261,-38.542447,QSO,0.14324226,1.7000,false
V4T007741,347.050709,-30.342833,LRG,0.28202567,1.0000,false
V4T007742,351.624221,-18.936044,Star,4.15832742,0.3000,false
V4T007743,357.836760,-37.318120,BGS,1.13814409,0.4500,false
V4T007744,351.351805,-19.677906,ELG,0.42051882,1.0000,false
V4T007745,47.596404,-48.051538,BGS,1.25460040,0.4500,false
V4T007746,38.245305,-49.505110,BGS,1.17083378,0.4500,false
V4T007747,41.643883,-37.905414,ELG,0.49782297,1.0000,false
V4T007748,49.983639,-53.298710,BGS,1.45586812,0.4500,false
V4T007749,30.119996,-34.698864,ELG,0.24539017,1.0000,false
V4T007750,358.088365,-30.443822,QSO,0.27537426,1.7000,false
V4T007751,352.137348,-16.477721,QSO,0.14973475,1.7000,false
V4T007752,358.328498,-26.432688,LRG,0.36581075,1.0000,false
V4T007753,355.625575,-34.871887,ELG,0.65287008,1.0000,false
V4T007754,352.361235,-31.320393,BGS,1.10808850,0.4500,false
V4T007755,352.089125,-18.091457,LRG,0.45036409,1.0000,false
V4T007756,353.127006,-20.919859,BGS,1.18672891,0.4500,false
V4T007757,15.167751,-49.188807,ELG,0.46055183,1.0000,false
V4T007758,342.471213,-25.002146,LRG,0.27403681,1.0000,false
V4T007759,357.923569,-26.787172,ELG,0.68717215,1.0000,false
V4T007760,2.665838,-28.407367,ELG,0.63669176,1.0000,false
V4T007761,49.264992,-55.168311,LRG,0.31335929,1.0000,false
V4T007762,19.031699,-42.858722,BGS,1.18874712,0.4500,true
V4T007763,357.220723,-26.079061,LRG,0.43513112,1.0000,false
V4T007764,42.502935,-39.637813,ELG,0.71122013,1.0000,false
V4T007765,1.690278,-27.823167,ELG,0.49547289,1.0000,false
V4T007766,340.113907,-32.470762,Star,3.31381520,0.3000,false
V4T007767,359.879336,-35.949842,LRG,0.31412573,1.0000,false
V4T007768,23.890392,-37.084363,ELG,0.62730997,1.0000,false
V4T007769,1.900957,-23.548515,BGS,0.92852942,0.4500,false
V4T007770,342.530243,-36.299604,LRG,0.36453961,1.0000,false
V4T007771,38.251086,-46.825134,BGS,1.06211032,0.4500,false
V4T007772,356.790574,-27.888594,QSO,0.14128450,1.7000,false
V4T007773,357.469151,-27.549659,Star,5.04747143,0.3000,false
V4T007774,55.145955,-51.252865,LRG,0.62950689,1.0000,false
V4T007775,357.213648,-27.071450,BGS,1.18012930,0.4500,false
V4T007776,343.424309,-25.303991,Star,2.39237093,0.3000,false
V4T007777,4.127799,-29.252915,LRG,0.47848905,1.0000,false
V4T007778,1.599104,-28.591701,BGS,0.95578162,0.4500,false
V4T007779,351.335040,-36.938350,ELG,0.77332776,1.0000,false
V4T007780,49.593418,-43.963056,ELG,0.30585452,1.0000,false
V4T007781,22.341514,-41.458498,BGS,1.52206896,0.4500,false
V4T007782,346.434857,-39.330762,BGS,1.30644812,0.4500,false
V4T007783,35.392451,-55.956484,ELG,0.35942588,1.0000,false
V4T007784,24.384583,-50.852091,ELG,1.40745981,1.0000,false
V4T007785,346.897916,-37.561597,ELG,0.69994617,1.0000,false
V4T007786,40.208217,-58.998690,LRG,0.46826613,1.0000,false
V4T007787,353.495623,-23.137269,ELG,0.82976793,1.0000,false
V4T007788,46.120028,-41.700939,ELG,0.72930588,1.0000,false
V4T007789,53.377285,-45.186972,BGS,1.05338810,0.4500,false
V4T007790,56.174695,-52.095252,LRG,0.39153623,1.0000,false
V4T007791,46.016666,-44.177477,ELG,0.38878827,1.0000,false
V4T007792,351.577905,-19.281175,BGS,0.97011371,0.4500,false
V4T007793,358.006577,-18.608918,BGS,0.97886054,0.4500,false
V4T007794,344.996960,-24.394851,BGS,0.91758573,0.4500,false
V4T007795,42.445148,-41.418487,ELG,0.38538259,1.0000,false
V4T007796,345.894253,-20.890774,QSO,0.57954892,1.7000,false
V4T007797,349.198817,-35.763821,QSO,0.23832348,1.7000,false
V4T007798,356.316561,-37.325968,LRG,0.28933423,1.0000,false
V4T007799,346.730792,-24.525251,QSO,0.16550016,1.7000,false
V4T007800,53.837499,-57.510666,LRG,0.49708571,1.0000,false
V4T007801,2.337770,-28.751653,LRG,0.32955654,1.0000,false
V4T007802,343.892308,-24.760154,Star,4.42466470,0.3000,false
V4T007803,49.408165,-47.398997,QSO,0.27510867,1.7000,false
V4T007804,355.564351,-27.552186,ELG,0.70510379,1.0000,false
V4T007805,349.974427,-17.919737,BGS,0.71079380,0.4500,false
V4T007806,345.320045,-26.866781,LRG,0.29185256,1.0000,false
V4T007807,352.834271,-17.985316,LRG,0.32748696,1.0000,false
V4T007808,2.540512,-28.629816,BGS,0.92456876,0.4500,false
V4T007809,42.148648,-57.204143,LRG,0.54053045,1.0000,false
V4T007810,33.279826,-45.790929,BGS,1.04397020,0.4500,false
V4T007811,16.683914,-48.091714,ELG,0.66082915,1.0000,false
V4T007812,44.399622,-51.735170,QSO,0.11600067,1.7000,true
V4T007813,346.170145,-29.442744,ELG,0.89499713,1.0000,false
V4T007814,38.160423,-53.567193,ELG,0.50513656,1.0000,true
V4T007815,42.668457,-56.815456,ELG,0.55608357,1.0000,false
V4T007816,39.276225,-41.178534,ELG,0.36810892,1.0000,false
V4T007817,340.032849,-32.511112,LRG,0.48127455,1.0000,false
V4T007818,33.074132,-48.813941,ELG,0.57190539,1.0000,false
V4T007819,353.439993,-21.649161,BGS,1.14900580,0.4500,false
V4T007820,342.501049,-27.005929,BGS,1.13421228,0.4500,false
V4T007821,34.207570,-58.310432,LRG,0.53124917,1.0000,false
V4T007822,45.417436,-39.161003,ELG,0.53483952,1.0000,false
V4T007823,54.122339,-51.672780,QSO,0.12628231,1.7000,false
V4T007824,53.646038,-51.793003,BGS,1.05472158,0.4500,false
V4T007825,49.725634,-46.737941,BGS,1.21420720,0.4500,false
V4T007826,20.006358,-56.829100,LRG,0.16635193,1.0000,false
V4T007827,25.840295,-51.661540,ELG,0.49865366,1.0000,false
V4T007828,43.654381,-43.596585,LRG,0.32770413,1.0000,false
V4T007829,42.163728,-56.256999,ELG,0.70727766,1.0000,false
V4T007830,27.046558,-45.007226,BGS,0.93450685,0.4500,false
V4T007831,28.558761,-59.297236,BGS,1.60547382,0.4500,false
V4T007832,354.965052,-19.884385,ELG,0.53417824,1.0000,false
V4T007833,356.291074,-20.690812,QSO,0.20665305,1.7000,false
V4T007834,346.255592,-30.826824,ELG,0.68782558,1.0000,false
V4T007835,357.621284,-26.345106,ELG,0.33270043,1.0000,false
V4T007836,36.809788,-54.577675,QSO,0.11794398,1.7000,false
V4T007837,358.207474,-26.702316,QSO,0.09497389,1.7000,false
V4T007838,56.629975,-54.986389,LRG,0.15425114,1.0000,false
V4T007839,345.800545,-18.924699,ELG,0.44987213,1.0000,false
V4T007840,39.988347,-37.585196,QSO,0.29207294,1.7000,false
V4T007841,351.870874,-18.027973,Star,6.36262232,0.3000,false
V4T007842,43.908803,-38.841058,LRG,0.34408026,1.0000,false
V4T007843,37.451314,-50.360169,QSO,0.24779135,1.7000,false
V4T007844,34.137512,-44.872391,QSO,0.25174025,1.7000,false
V4T007845,25.584451,-55.623191,BGS,1.47833642,0.4500,false
V4T007846,345.220004,-29.305690,LRG,0.28908330,1.0000,false
V4T007847,357.562834,-30.757862,BGS,0.94974315,0.4500,false
V4T007848,27.996116,-47.404328,ELG,0.43890461,1.0000,false
V4T007849,0.505803,-29.236598,BGS,1.42132658,0.4500,false
V4T007850,352.215918,-18.472713,ELG,0.89909981,1.0000,false
V4T007851,351.568081,-19.751615,BGS,1.38305313,0.4500,false
V4T007852,31.675774,-42.464757,QSO,0.38910595,1.7000,false
V4T007853,38.873906,-52.104699,ELG,0.40220415,1.0000,false
V4T007854,38.952635,-58.539556,ELG,0.47256105,1.0000,false
V4T007855,356.425956,-19.837797,ELG,0.48380365,1.0000,false
V4T007856,30.985812,-41.964566,ELG,0.61820627,1.0000,false
V4T007857,35.659603,-34.447897,ELG,0.82475721,1.0000,false
V4T007858,356.545438,-21.084477,QSO,0.89063673,1.7000,false
V4T007859,22.170676,-44.310275,BGS,1.74746775,0.4500,false
V4T007860,352.770859,-17.775462,Star,5.06318592,0.3000,false
V4T007861,47.688383,-41.534101,Star,3.58916294,0.3000,false
V4T007862,0.471150,-23.695860,LRG,0.59650289,1.0000,false
V4T007863,355.347980,-38.146008,LRG,0.30301777,1.0000,false
V4T007864,25.133231,-60.122238,ELG,0.52285605,1.0000,false
V4T007865,345.940650,-30.244091,ELG,0.53866608,1.0000,false
V4T007866,341.284046,-19.940570,QSO,0.19184476,1.7000,false
V4T007867,343.190295,-20.339022,BGS,0.96862400,0.4500,false
V4T007868,28.538837,-52.204685,BGS,1.37859761,0.4500,false
V4T007869,353.128688,-15.868245,BGS,0.86289906,0.4500,false
V4T007870,39.021119,-49.550551,Star,3.02387548,0.3000,false
V4T007871,357.943273,-27.443859,LRG,0.19852468,1.0000,false
V4T007872,353.483341,-35.677778,ELG,0.34117112,1.0000,false
V4T007873,348.257694,-28.620181,ELG,0.66796184,1.0000,false
V4T007874,350.564828,-19.553611,ELG,0.80113580,1.0000,false
V4T007875,27.464801,-55.053820,LRG,0.52276812,1.0000,false
V4T007876,343.139042,-25.801362,ELG,0.77691744,1.0000,false
V4T007877,47.999190,-51.753118,BGS,1.39097469,0.4500,false
V4T007878,3.567495,-28.018454,LRG,0.27625056,1.0000,false
V4T007879,357.625950,-25.877677,LRG,0.31302718,1.0000,false
V4T007880,42.148126,-57.118073,BGS,1.34337522,0.4500,false
V4T007881,45.694695,-40.279923,LRG,0.22914596,1.0000,false
V4T007882,352.660437,-34.944909,ELG,0.43239029,1.0000,false
V4T007883,358.104456,-33.334457,BGS,1.62159352,0.4500,false
V4T007884,36.493087,-53.599118,LRG,0.24321871,1.0000,false
V4T007885,31.665999,-42.452103,ELG,0.57463159,1.0000,false
V4T007886,356.837392,-26.067035,LRG,0.59964997,1.0000,false
V4T007887,358.282551,-27.306684,QSO,0.35944055,1.7000,false
V4T007888,2.269348,-28.770602,BGS,0.83142910,0.4500,false
V4T007889,13.819944,-51.656078,QSO,0.38281756,1.7000,false
V4T007890,355.555566,-17.736628,BGS,1.11918424,0.4500,false
V4T007891,18.842548,-52.311382,LRG,0.22140142,1.0000,false
V4T007892,30.583594,-47.041434,ELG,0.50343490,1.0000,false
V4T007893,23.877415,-51.427000,LRG,0.42441693,1.0000,false
V4T007894,356.511486,-26.972772,BGS,0.98056683,0.4500,false
V4T007895,345.644352,-21.914450,LRG,0.37504606,1.0000,false
V4T007896,355.438633,-18.749088,ELG,0.56095919,1.0000,false
V4T007897,33.560894,-54.329083,ELG,0.36525964,1.0000,false
V4T007898,41.128386,-47.415483,ELG,0.63856416,1.0000,false
V4T007899,32.409945,-52.555695,ELG,0.44360153,1.0000,false
V4T007900,25.576951,-46.045394,LRG,0.40645393,1.0000,false
V4T007901,53.356759,-50.646879,BGS,1.15217446,0.4500,false
V4T007902,359.947013,-25.767563,BGS,0.56869950,0.4500,false
V4T007903,346.923680,-30.185536,ELG,0.57201665,1.0000,false
V4T007904,42.585185,-57.124171,BGS,1.32300222,0.4500,false
V4T007905,41.205626,-56.984856,ELG,0.52646244,1.0000,false
V4T007906,32.802233,-43.995173,BGS,1.25817968,0.4500,false
V4T007907,44.060844,-53.318025,LRG,0.49447617,1.0000,false
V4T007908,15.900770,-53.250080,ELG,0.48931182,1.0000,false
V4T007909,37.614806,-48.040807,BGS,0.74128993,0.4500,false
V4T007910,346.431272,-39.004907,LRG,0.44913456,1.0000,false
V4T007911,24.683647,-49.572236,BGS,1.48320431,0.4500,false
V4T007912,34.830004,-52.938906,LRG,0.39334395,1.0000,false
V4T007913,352.782274,-32.083618,Star,2.90549027,0.3000,false
V4T007914,40.573547,-53.255564,Star,5.40450144,0.3000,false
V4T007915,26.748487,-38.326165,BGS,1.20955336,0.4500,false
V4T007916,45.061061,-38.544759,LRG,0.39948550,1.0000,false
V4T007917,40.859334,-42.241571,BGS,1.78522955,0.4500,false
V4T007918,47.254341,-41.532981,QSO,0.18265682,1.7000,false
V4T007919,343.396268,-36.934098,BGS,2.59760881,0.4500,false
V4T007920,347.144920,-31.033376,LRG,0.26292202,1.0000,false
V4T007921,56.262274,-53.187166,LRG,0.27672544,1.0000,false
V4T007922,33.412495,-41.762378,QSO,0.14350846,1.7000,false
V4T007923,356.615923,-31.310867,BGS,1.14580584,0.4500,false
V4T007924,20.834063,-49.480551,ELG,0.29334254,1.0000,false
V4T007925,33.408767,-34.349762,BGS,2.41805748,0.4500,false
V4T007926,345.441158,-29.503868,LRG,0.79570399,1.0000,false
V4T007927,53.681455,-51.960695,LRG,0.36706465,1.0000,false
V4T007928,40.112269,-56.293847,LRG,0.29547443,1.0000,false
V4T007929,345.618420,-30.827813,BGS,1.63683852,0.4500,false
V4T007930,353.828280,-17.815951,Star,4.65630789,0.3000,false
V4T007931,359.577182,-22.326838,ELG,0.88547677,1.0000,false
V4T007932,26.087509,-46.149005,BGS,1.15470996,0.4500,false
V4T007933,31.500178,-55.223717,ELG,0.47730875,1.0000,false
V4T007934,54.951646,-51.499647,LRG,0.33164858,1.0000,false
V4T007935,24.699090,-58.172775,ELG,0.44664697,1.0000,false
V4T007936,350.697542,-36.334171,ELG,0.24052715,1.0000,false
V4T007937,345.709964,-39.062528,BGS,1.48066643,0.4500,false
V4T007938,15.650402,-45.008260,ELG,0.35795661,1.0000,false
V4T007939,353.449278,-18.113494,ELG,0.54339527,1.0000,false
V4T007940,37.933330,-52.240670,ELG,0.54248667,1.0000,false
V4T007941,24.057864,-39.157215,LRG,0.33939574,1.0000,false
V4T007942,37.818359,-38.520339,BGS,0.66466222,0.4500,true
V4T007943,34.193157,-56.300194,QSO,0.19433861,1.7000,false
V4T007944,40.905549,-54.706779,BGS,1.50884254,0.4500,false
V4T007945,32.241842,-44.655213,ELG,0.51653246,1.0000,false
V4T007946,355.609149,-19.688329,Star,3.25882316,0.3000,false
V4T007947,51.792717,-47.703830,BGS,1.82747841,0.4500,false
V4T007948,41.746580,-57.591954,QSO,0.59271692,1.7000,false
V4T007949,354.404934,-16.257524,Star,3.60588680,0.3000,false
V4T007950,54.656404,-51.458197,LRG,0.58314316,1.0000,false
V4T007951,33.697283,-59.339253,QSO,0.12863541,1.7000,false
V4T007952,3.757105,-27.883004,ELG,0.81366549,1.0000,false
V4T007953,351.876049,-17.838652,ELG,0.60154163,1.0000,false
V4T007954,359.627371,-25.218071,LRG,0.15671900,1.0000,false
V4T007955,358.078098,-25.689198,ELG,0.74041667,1.0000,false
V4T007956,356.415941,-36.495105,ELG,0.24184053,1.0000,false
V4T007957,346.524239,-30.553250,QSO,0.46572125,1.7000,false
V4T007958,355.851418,-25.640880,ELG,1.14238272,1.0000,false
V4T007959,343.625313,-24.653969,LRG,0.32170347,1.0000,false
V4T007960,17.978862,-46.650337,ELG,0.92713343,1.0000,false
V4T007961,358.941505,-26.692952,BGS,1.93996237,0.4500,false
V4T007962,24.062498,-39.460609,ELG,0.83079749,1.0000,true
V4T007963,31.141972,-36.508330,ELG,0.44842352,1.0000,false
V4T007964,27.429398,-39.702537,QSO,0.15546440,1.7000,false
V4T007965,355.726846,-19.750321,ELG,0.48323225,1.0000,false
V4T007966,1.333202,-25.934764,LRG,0.51437098,1.0000,false
V4T007967,26.287294,-49.245973,Star,3.82438546,0.3000,false
V4T007968,346.573815,-27.888401,BGS,0.94349412,0.4500,false
V4T007969,25.779659,-39.185390,LRG,0.33378594,1.0000,false
V4T007970,22.474360,-44.436118,ELG,0.16734868,1.0000,false
V4T007971,45.922608,-51.519991,BGS,1.94484103,0.4500,false
V4T007972,32.186674,-49.895973,BGS,1.64146551,0.4500,false
V4T007973,339.193969,-32.146811,Star,3.87599041,0.3000,false
V4T007974,354.940356,-33.149357,BGS,1.43006530,0.4500,false
V4T007975,27.178554,-35.535477,LRG,0.25293867,1.0000,false
V4T007976,53.698166,-47.117312,ELG,0.36915444,1.0000,false
V4T007977,340.287235,-26.676151,LRG,0.29379004,1.0000,false
V4T007978,19.116657,-57.811037,ELG,0.57242438,1.0000,false
V4T007979,350.959413,-29.451504,BGS,2.06848027,0.4500,false
V4T007980,41.010122,-57.852220,ELG,0.32170824,1.0000,false
V4T007981,37.203555,-50.023649,LRG,0.24064944,1.0000,false
V4T007982,358.248952,-26.699595,QSO,0.08494334,1.7000,false
V4T007983,338.148058,-31.567733,BGS,2.10307817,0.4500,false
V4T007984,357.966692,-26.078882,LRG,0.20407349,1.0000,false
V4T007985,40.558783,-56.830682,ELG,0.31031858,1.0000,false
V4T007986,37.916189,-49.307444,ELG,0.38056860,1.0000,false
V4T007987,1.191970,-29.282229,QSO,0.12611107,1.7000,true
V4T007988,38.521519,-60.548315,ELG,0.38506018,1.0000,false
V4T007989,24.317447,-38.798834,LRG,0.46968591,1.0000,false
V4T007990,349.959418,-36.248998,QSO,0.51957475,1.7000,false
V4T007991,25.538436,-36.653516,QSO,0.09792585,1.7000,false
V4T007992,36.614797,-54.386581,ELG,0.47444824,1.0000,false
V4T007993,354.585707,-20.095263,BGS,1.02655507,0.4500,false
V4T007994,353.043160,-30.301427,BGS,1.32430502,0.4500,false
V4T007995,349.050903,-26.807663,BGS,1.02795833,0.4500,false
V4T007996,39.813821,-36.605798,ELG,0.49305304,1.0000,false
V4T007997,44.505798,-52.354552,QSO,0.28625843,1.7000,false
V4T007998,25.313628,-54.611239,QSO,0.31353233,1.7000,false
V4T007999,3.696777,-30.607374,LRG,0.28521801,1.0000,false
V4T008000,41.077299,-45.798055,BGS,1.61180411,0.4500,true
V4T008001,358.206127,-29.276650,LRG,0.41577985,1.0000,false
V4T008002,354.709562,-32.974776,BGS,1.09551570,0.4500,false
V4T008003,351.626932,-18.906657,Star,5.66973450,0.3000,false
V4T008004,352.343467,-17.396025,ELG,1.01698146,1.0000,false
V4T008005,343.521772,-25.539754,ELG,0.71952682,1.0000,false
V4T008006,2.143717,-28.455156,ELG,0.36211757,1.0000,false
V4T008007,342.052312,-27.745061,ELG,0.64261640,1.0000,false
V4T008008,39.159983,-52.576047,ELG,0.52581663,1.0000,false
V4T008009,344.573789,-37.417909,Star,4.64116825,0.3000,false
V4T008010,350.239488,-31.836915,ELG,0.36271999,1.0000,false
V4T008011,353.585129,-14.906008,QSO,0.48607075,1.7000,false
V4T008012,339.457168,-29.330982,ELG,0.67162579,1.0000,false
V4T008013,343.910420,-25.053706,BGS,0.99145245,0.4500,false
V4T008014,31.164734,-44.575988,BGS,0.74437506,0.4500,false
V4T008015,357.055662,-31.724148,BGS,0.95856063,0.4500,false
V4T008016,343.272977,-26.243912,QSO,0.23775476,1.7000,false
V4T008017,357.365008,-26.469250,ELG,0.57339487,1.0000,true
V4T008018,347.583151,-34.837941,LRG,0.49682722,1.0000,true
V4T008019,35.413040,-52.376312,ELG,0.64439802,1.0000,false
V4T008020,46.876749,-49.602649,BGS,1.56859395,0.4500,false
V4T008021,3.756704,-27.028834,QSO,0.18419610,1.7000,false
V4T008022,42.463661,-56.968136,BGS,1.15784137,0.4500,false
V4T008023,344.048976,-25.968368,BGS,0.97812996,0.4500,false
V4T008024,345.792832,-17.695726,Star,3.99732458,0.3000,false
V4T008025,3.933055,-28.766915,ELG,0.82082686,1.0000,false
V4T008026,355.091643,-28.697572,BGS,1.84822560,0.4500,false
V4T008027,357.376932,-26.489663,LRG,0.24871825,1.0000,false
V4T008028,22.614113,-38.481549,BGS,1.35436723,0.4500,false
V4T008029,355.695658,-39.101347,ELG,0.40814762,1.0000,false
V4T008030,38.724034,-34.862155,ELG,0.78020666,1.0000,false
V4T008031,44.415464,-39.623676,LRG,0.53162048,1.0000,false
V4T008032,358.173343,-35.816930,QSO,0.12971768,1.7000,true
V4T008033,26.192547,-48.789553,ELG,0.28917644,1.0000,false
V4T008034,353.494898,-18.848158,ELG,0.46273321,1.0000,true
V4T008035,356.394858,-37.508895,ELG,0.60920834,1.0000,false
V4T008036,359.102710,-38.167732,BGS,0.75171001,0.4500,false
V4T008037,48.945465,-47.703890,ELG,0.47231617,1.0000,false
V4T008038,355.263196,-18.765521,LRG,0.69386164,1.0000,false
V4T008039,25.315923,-45.422777,QSO,0.20518693,1.7000,false
V4T008040,36.446011,-44.570842,ELG,0.39071339,1.0000,false
V4T008041,33.884573,-34.676415,BGS,1.11741536,0.4500,false
V4T008042,337.359260,-25.003336,ELG,0.67348275,1.0000,false
V4T008043,39.618215,-57.310410,Star,5.09134031,0.3000,false
V4T008044,2.309249,-28.242810,QSO,0.20848100,1.7000,false
V4T008045,340.079213,-36.989075,QSO,0.47594138,1.7000,false
V4T008046,38.381755,-55.587008,ELG,0.90915595,1.0000,false
V4T008047,345.107309,-23.833205,ELG,0.57395388,1.0000,false
V4T008048,356.159367,-21.466479,LRG,0.22438162,1.0000,false
V4T008049,339.923317,-32.371636,LRG,0.31229006,1.0000,false
V4T008050,342.648975,-28.404373,ELG,0.41410879,1.0000,false
V4T008051,357.550810,-33.065361,BGS,1.51896042,0.4500,false
V4T008052,346.329346,-29.910620,BGS,1.19576402,0.4500,false
V4T008053,2.054494,-28.197097,BGS,1.12545328,0.4500,false
V4T008054,342.120560,-22.061404,BGS,1.12456748,0.4500,false
V4T008055,351.750399,-17.579675,ELG,0.57126913,1.0000,false
V4T008056,34.693483,-43.286165,BGS,1.19361613,0.4500,false
V4T008057,20.137970,-49.648729,BGS,1.11802849,0.4500,false
V4T008058,44.028627,-48.254613,ELG,0.48967707,1.0000,false
V4T008059,28.174277,-34.387586,ELG,0.49137850,1.0000,false
V4T008060,31.764504,-40.706775,ELG,0.62596414,1.0000,false
V4T008061,15.134819,-52.472458,LRG,0.26204634,1.0000,false
V4T008062,351.757516,-17.251609,QSO,0.16546190,1.7000,false
V4T008063,46.886570,-42.298614,ELG,0.59735454,1.0000,false
V4T008064,20.530381,-42.990430,ELG,0.34773481,1.0000,false
V4T008065,29.105458,-40.502222,BGS,1.37220554,0.4500,false
V4T008066,45.245905,-39.436190,LRG,0.48959200,1.0000,false
V4T008067,40.608532,-49.534743,LRG,0.45418283,1.0000,false
V4T008068,343.765143,-35.303658,BGS,1.41087573,0.4500,false
V4T008069,28.191315,-39.680161,BGS,1.14084842,0.4500,false
V4T008070,52.951751,-51.305466,ELG,0.82658754,1.0000,false
V4T008071,39.293171,-46.027434,BGS,1.53498084,0.4500,false
V4T008072,34.101116,-45.514425,ELG,0.67191318,1.0000,false
V4T008073,34.903521,-52.223925,BGS,1.19363979,0.4500,false
V4T008074,2.956914,-27.705766,ELG,0.60994512,1.0000,false
V4T008075,353.077038,-30.623785,Star,3.53966331,0.3000,false
V4T008076,358.911143,-24.758793,BGS,1.68990303,0.4500,false
V4T008077,42.041468,-39.212439,ELG,0.64323948,1.0000,false
V4T008078,35.566660,-55.258527,BGS,1.37882528,0.4500,false
V4T008079,359.014405,-27.351418,QSO,0.40928311,1.7000,false
V4T008080,51.856738,-53.963659,ELG,0.95302087,1.0000,false
V4T008081,54.215700,-51.168596,QSO,0.07801220,1.7000,false
V4T008082,359.317101,-26.895820,QSO,0.40847183,1.7000,false
V4T008083,38.460321,-49.652915,Star,5.74091291,0.3000,true
V4T008084,340.810833,-24.424316,ELG,0.40952241,1.0000,false
V4T008085,46.233481,-41.208518,ELG,0.49343349,1.0000,false
V4T008086,24.678090,-56.755202,LRG,0.34281204,1.0000,false
V4T008087,42.271072,-59.980768,BGS,1.14323243,0.4500,false
V4T008088,1.888442,-28.786670,ELG,0.52449609,1.0000,false
V4T008089,346.104275,-32.386413,ELG,0.44897395,1.0000,false
V4T008090,354.142465,-32.462646,LRG,0.21386858,1.0000,false
V4T008091,35.468484,-42.340811,Star,3.04024598,0.3000,false
V4T008092,21.228019,-58.892528,BGS,1.69557223,0.4500,false
V4T008093,346.304507,-28.260494,Star,2.67303588,0.3000,false
V4T008094,356.805274,-26.753585,LRG,0.82811348,1.0000,false
V4T008095,344.910776,-21.490475,ELG,0.48627038,1.0000,false
V4T008096,44.625705,-58.760747,LRG,0.26720921,1.0000,false
V4T008097,46.304681,-54.030588,ELG,0.93233221,1.0000,false
V4T008098,17.328203,-53.311362,ELG,0.53238670,1.0000,false
V4T008099,353.956216,-17.886354,ELG,0.70067043,1.0000,false
V4T008100,345.546943,-30.509616,ELG,1.13318596,1.0000,false
V4T008101,41.471539,-42.290022,LRG,0.36462295,1.0000,false
V4T008102,350.604307,-35.485376,Star,3.03241279,0.3000,false
V4T008103,36.112123,-33.773833,Star,3.87173330,0.3000,false
V4T008104,349.833942,-35.782824,ELG,0.96871626,1.0000,false
V4T008105,0.707803,-26.497527,ELG,1.02447368,1.0000,false
V4T008106,20.506902,-57.854561,LRG,0.40548735,1.0000,false
V4T008107,46.346559,-58.244064,ELG,0.61605333,1.0000,false
V4T008108,42.022798,-53.313837,BGS,1.16290730,0.4500,false
V4T008109,2.682304,-28.291572,ELG,0.88562897,1.0000,false
V4T008110,37.869993,-49.718670,ELG,0.49387599,1.0000,false
V4T008111,1.987701,-28.817759,ELG,0.83187427,1.0000,false
V4T008112,34.207580,-37.646053,BGS,1.27039878,0.4500,false
V4T008113,53.790482,-51.052983,BGS,0.99733770,0.4500,false
V4T008114,32.762215,-61.398098,LRG,0.35828504,1.0000,false
V4T008115,1.694076,-27.434314,BGS,1.04526491,0.4500,false
V4T008116,54.873500,-48.758172,LRG,0.55598548,1.0000,false
V4T008117,16.499550,-48.510092,ELG,0.66304325,1.0000,false
V4T008118,35.780284,-39.327473,ELG,0.65233424,1.0000,false
V4T008119,36.334463,-58.567542,LRG,0.36855665,1.0000,false
V4T008120,21.364337,-45.444142,LRG,0.40140616,1.0000,false
V4T008121,45.592184,-44.084679,BGS,1.30561235,0.4500,false
V4T008122,34.152070,-60.287317,BGS,1.69119943,0.4500,false
V4T008123,344.024339,-23.076466,BGS,1.15468710,0.4500,false
V4T008124,35.503134,-53.635068,Star,3.25925590,0.3000,false
V4T008125,29.161715,-56.069062,LRG,0.25481922,1.0000,false
V4T008126,19.257745,-53.523877,ELG,0.36338607,1.0000,true
V4T008127,38.613953,-52.472568,LRG,0.19319813,1.0000,false
V4T008128,0.098114,-37.196994,BGS,1.21056348,0.4500,false
V4T008129,15.944807,-47.747288,ELG,0.36820750,1.0000,false
V4T008130,32.429595,-49.628829,BGS,1.04285279,0.4500,false
V4T008131,347.799395,-26.993640,ELG,0.52075968,1.0000,false
V4T008132,27.136724,-41.386640,ELG,0.50921176,1.0000,false
V4T008133,358.020231,-29.508836,Star,4.72650105,0.3000,false
V4T008134,357.504901,-21.126538,ELG,0.47748093,1.0000,false
V4T008135,33.890089,-54.116085,BGS,2.40018070,0.4500,false
V4T008136,340.315247,-28.252365,QSO,0.10217192,1.7000,false
V4T008137,40.027053,-57.806124,LRG,0.40169798,1.0000,false
V4T008138,25.489128,-40.679211,BGS,0.90993183,0.4500,false
V4T008139,1.746831,-25.008534,BGS,1.58817955,0.4500,false
V4T008140,350.597315,-18.196653,ELG,0.87093564,1.0000,false
V4T008141,343.168554,-24.825109,ELG,0.71886593,1.0000,false
V4T008142,48.738610,-54.323211,ELG,0.40719845,1.0000,false
V4T008143,23.215948,-37.808396,BGS,1.44604169,0.4500,true
V4T008144,52.473410,-53.111964,LRG,0.27364226,1.0000,false
V4T008145,341.957816,-20.226386,BGS,0.87768588,0.4500,false
V4T008146,27.119414,-41.283890,ELG,0.56592223,1.0000,false
V4T008147,351.430866,-18.395557,QSO,0.19047007,1.7000,false
V4T008148,36.411817,-38.203732,QSO,0.24464551,1.7000,false
V4T008149,0.836759,-34.164102,ELG,0.25475483,1.0000,false
V4T008150,29.437150,-43.484229,ELG,0.30018903,1.0000,false
V4T008151,342.399080,-27.423462,LRG,0.23556824,1.0000,false
V4T008152,357.271618,-25.699913,QSO,0.26244778,1.7000,true
V4T008153,15.997517,-45.726448,ELG,1.11386287,1.0000,false
V4T008154,16.770845,-53.774548,BGS,1.03238771,0.4500,false
V4T008155,355.620975,-20.566267,QSO,0.29089430,1.7000,false
V4T008156,353.564345,-24.690083,BGS,0.97371987,0.4500,false
V4T008157,351.140584,-16.895809,Star,2.67941248,0.3000,false
V4T008158,357.857728,-26.437999,ELG,0.30644371,1.0000,false
V4T008159,15.152481,-45.387573,QSO,0.17011206,1.7000,false
V4T008160,46.904937,-41.401347,ELG,0.45198527,1.0000,false
V4T008161,39.480859,-40.609713,LRG,0.29183787,1.0000,false
V4T008162,22.806590,-49.061551,BGS,1.38585974,0.4500,false
V4T008163,44.434695,-38.620574,QSO,0.15624199,1.7000,false
V4T008164,53.538072,-51.577023,ELG,0.59263300,1.0000,false
V4T008165,49.216929,-45.629396,ELG,0.52319014,1.0000,false
V4T008166,27.668663,-48.984748,ELG,0.46382459,1.0000,false
V4T008167,358.212079,-26.951962,LRG,0.31508676,1.0000,false
V4T008168,44.255429,-55.087984,ELG,0.47024983,1.0000,false
V4T008169,45.437536,-39.216094,ELG,0.62689860,1.0000,true
V4T008170,53.582390,-50.801124,BGS,1.39807973,0.4500,false
V4T008171,357.381616,-26.613634,LRG,0.40366851,1.0000,false
V4T008172,352.025687,-38.291271,BGS,1.22473061,0.4500,false
V4T008173,48.381963,-41.395659,ELG,0.69305215,1.0000,false
V4T008174,357.399770,-26.314226,BGS,1.26922417,0.4500,false
V4T008175,26.938372,-55.158248,Star,3.73305510,0.3000,false
V4T008176,351.539805,-18.720728,ELG,1.28497968,1.0000,false
V4T008177,19.798365,-56.543576,ELG,0.35109481,1.0000,false
V4T008178,345.847937,-29.809748,LRG,0.41006111,1.0000,false
V4T008179,45.561733,-39.529900,ELG,0.40328953,1.0000,false
V4T008180,356.489419,-31.208682,ELG,0.98461999,1.0000,false
V4T008181,44.370869,-45.292585,ELG,0.50986027,1.0000,false
V4T008182,351.799555,-19.239539,ELG,0.64368542,1.0000,false
V4T008183,48.773135,-59.301865,QSO,0.60299453,1.7000,false
V4T008184,55.113125,-51.466519,LRG,0.38039333,1.0000,false
V4T008185,351.469909,-19.399034,BGS,0.84688157,0.4500,false
V4T008186,349.341764,-23.655711,ELG,0.49481908,1.0000,false
V4T008187,47.103869,-54.317036,ELG,1.04525975,1.0000,false
V4T008188,44.658076,-39.598616,ELG,0.41566206,1.0000,false
V4T008189,355.860154,-14.939091,LRG,0.32152296,1.0000,false
V4T008190,343.142247,-24.615195,ELG,0.26276928,1.0000,false
V4T008191,45.122475,-46.594215,Star,5.12170132,0.3000,false
V4T008192,359.270922,-22.468493,BGS,1.38732689,0.4500,false
V4T008193,31.064563,-41.067772,LRG,0.27101568,1.0000,false
V4T008194,340.187919,-28.912638,ELG,0.62165346,1.0000,false
V4T008195,354.757671,-19.171230,ELG,0.41206257,1.0000,false
V4T008196,346.804888,-21.303621,LRG,0.37972440,1.0000,false
V4T008197,23.184176,-50.250319,Star,2.28857968,0.3000,true
V4T008198,341.004923,-35.110215,LRG,0.22600065,1.0000,false
V4T008199,346.586765,-29.792769,ELG,0.22411888,1.0000,false
V4T008200,3.225595,-27.336938,QSO,0.21884179,1.7000,false
V4T008201,352.695978,-17.815262,Star,2.81199092,0.3000,false
V4T008202,39.304406,-57.543256,ELG,1.27298027,1.0000,false
V4T008203,34.946089,-61.154496,LRG,0.29375694,1.0000,false
V4T008204,354.600461,-19.890959,QSO,0.32155370,1.7000,false
V4T008205,26.221619,-38.147776,ELG,0.66905932,1.0000,false
V4T008206,356.105754,-20.222628,ELG,0.71854722,1.0000,false
V4T008207,352.720111,-17.733709,BGS,1.40385133,0.4500,false
V4T008208,48.078467,-42.173164,ELG,0.40861333,1.0000,false
V4T008209,49.586280,-48.331800,ELG,0.65490340,1.0000,false
V4T008210,40.286641,-41.608757,QSO,0.20580282,1.7000,false
V4T008211,47.298182,-40.120233,ELG,0.31169005,1.0000,false
V4T008212,47.543060,-41.574660,ELG,0.40897470,1.0000,false
V4T008213,348.439056,-15.663388,BGS,1.46499488,0.4500,false
V4T008214,340.689570,-23.642274,QSO,0.16186556,1.7000,false
V4T008215,345.603746,-25.318286,ELG,0.53336938,1.0000,false
V4T008216,54.868920,-50.582593,BGS,1.11686472,0.4500,false
V4T008217,2.491086,-29.187205,Star,2.56066632,0.3000,false
V4T008218,43.578138,-58.177474,ELG,1.23220801,1.0000,false
V4T008219,34.768927,-33.485264,ELG,0.52580667,1.0000,false
V4T008220,32.327086,-57.218081,QSO,0.17537867,1.7000,false
V4T008221,20.859288,-52.513470,LRG,0.59353641,1.0000,false
V4T008222,359.592129,-20.113730,BGS,1.02126988,0.4500,false
V4T008223,33.034537,-34.742277,LRG,0.37586432,1.0000,false
V4T008224,346.552118,-19.320663,ELG,0.61829321,1.0000,false
V4T008225,25.618160,-53.816741,BGS,1.80986597,0.4500,false
V4T008226,45.275011,-58.119121,ELG,0.31295275,1.0000,false
V4T008227,47.578457,-41.870557,BGS,1.30280393,0.4500,false
V4T008228,36.184066,-39.341450,ELG,0.68711748,1.0000,false
V4T008229,0.775280,-21.941279,QSO,0.10505091,1.7000,false
V4T008230,347.886286,-16.401110,BGS,1.03283576,0.4500,false
V4T008231,44.760874,-38.848247,LRG,0.40869283,1.0000,false
V4T008232,24.692405,-41.162876,BGS,1.35901936,0.4500,false
V4T008233,352.201683,-20.159147,QSO,0.11882698,1.7000,false
V4T008234,49.992918,-59.295180,BGS,1.32987997,0.4500,false
V4T008235,33.344238,-45.349248,ELG,0.82890341,1.0000,false
V4T008236,352.539389,-17.197193,Star,4.76091712,0.3000,false
V4T008237,343.848144,-25.619280,ELG,0.94800941,1.0000,false
V4T008238,47.016310,-41.184701,ELG,0.32759784,1.0000,false
V4T008239,343.579469,-24.544117,ELG,0.74949459,1.0000,false
V4T008240,351.643113,-34.697304,BGS,2.23136776,0.4500,false
V4T008241,349.597269,-32.802832,ELG,0.66746250,1.0000,false
V4T008242,355.975112,-32.160731,BGS,1.14617126,0.4500,false
V4T008243,37.354101,-50.187255,QSO,0.17228911,1.7000,false
V4T008244,37.247673,-44.054532,ELG,0.39869347,1.0000,false
V4T008245,352.825271,-17.477907,ELG,0.46974359,1.0000,false
V4T008246,351.875798,-33.733112,Star,4.40866608,0.3000,false
V4T008247,37.598119,-56.408150,LRG,0.26224445,1.0000,false
V4T008248,340.516426,-34.366027,QSO,0.31851034,1.7000,true
V4T008249,354.739047,-28.700599,ELG,0.42442783,1.0000,false
V4T008250,359.258360,-21.525199,BGS,1.57552746,0.4500,false
V4T008251,48.178621,-56.924626,ELG,0.32181511,1.0000,false
V4T008252,53.780109,-51.353696,ELG,0.53342358,1.0000,false
V4T008253,46.804054,-41.341539,QSO,0.26379399,1.7000,false
V4T008254,25.545415,-49.937337,BGS,1.49597038,0.4500,false
V4T008255,350.519415,-22.015404,BGS,1.22131829,0.4500,false
V4T008256,357.994340,-25.861400,ELG,0.69245788,1.0000,false
V4T008257,343.429502,-25.081114,Star,3.13738155,0.3000,false
V4T008258,46.263264,-41.341559,ELG,0.36842432,1.0000,false
V4T008259,22.588564,-43.304614,ELG,0.50716606,1.0000,false
V4T008260,45.087769,-45.470992,Star,3.19908664,0.3000,false
V4T008261,19.580838,-40.033862,LRG,0.27881926,1.0000,false
V4T008262,347.733150,-39.591608,ELG,0.63368416,1.0000,false
V4T008263,48.060771,-45.492049,BGS,0.94645517,0.4500,false
V4T008264,3.370123,-28.262240,QSO,0.16312533,1.7000,false
V4T008265,32.602760,-47.830307,QSO,0.14037801,1.7000,false
V4T008266,347.877621,-17.670651,LRG,0.31566548,1.0000,false
V4T008267,39.670838,-36.876109,ELG,0.66639114,1.0000,false
V4T008268,3.218831,-24.366529,LRG,0.57400273,1.0000,false
V4T008269,358.697603,-17.850706,Star,4.31912521,0.3000,false
V4T008270,46.372359,-45.780158,BGS,1.60947709,0.4500,false
V4T008271,348.802394,-30.910416,QSO,0.51752578,1.7000,false
V4T008272,352.989541,-36.737994,ELG,0.47037149,1.0000,false
V4T008273,2.751831,-28.539822,Star,4.26800247,0.3000,false
V4T008274,47.726876,-41.234380,ELG,0.85874488,1.0000,false
V4T008275,349.060617,-34.976514,ELG,0.61154324,1.0000,false
V4T008276,343.770686,-25.563823,BGS,0.93514256,0.4500,false
V4T008277,55.888798,-51.486219,ELG,0.60128823,1.0000,false
V4T008278,34.809601,-41.249078,ELG,0.31666910,1.0000,false
V4T008279,44.128915,-51.316864,LRG,0.34664383,1.0000,false
V4T008280,343.197057,-25.298996,ELG,0.31785813,1.0000,false
V4T008281,342.310825,-25.008614,ELG,0.53092088,1.0000,false
V4T008282,37.261252,-38.726843,ELG,0.74537529,1.0000,false
V4T008283,347.900461,-22.186224,BGS,2.58284552,0.4500,false
V4T008284,46.148501,-48.322324,LRG,0.69273486,1.0000,false
V4T008285,44.587570,-38.620381,LRG,0.53317304,1.0000,true
V4T008286,44.300641,-39.026703,ELG,0.93462611,1.0000,false
V4T008287,354.837979,-22.446371,QSO,0.18022150,1.7000,true
V4T008288,343.932356,-25.263747,ELG,0.40229031,1.0000,false
V4T008289,358.818998,-27.884621,LRG,0.31100796,1.0000,true
V4T008290,41.004049,-56.893497,BGS,2.29906580,0.4500,false
V4T008291,355.750719,-19.684850,Star,3.04947911,0.3000,false
V4T008292,354.870117,-19.697746,BGS,1.36342688,0.4500,false
V4T008293,36.842383,-49.357309,ELG,0.48612665,1.0000,false
V4T008294,353.148670,-20.695917,ELG,0.86816446,1.0000,false
V4T008295,26.134797,-51.283387,Star,3.13606968,0.3000,false
V4T008296,345.033264,-37.402833,QSO,0.28338676,1.7000,false
V4T008297,358.547683,-32.015817,ELG,0.35515404,1.0000,false
V4T008298,344.546193,-28.889198,QSO,0.12853493,1.7000,false
V4T008299,356.391062,-17.203745,LRG,0.22750543,1.0000,false
V4T008300,350.409730,-32.667729,LRG,0.45065202,1.0000,false
V4T008301,351.850040,-18.121166,ELG,0.51587492,1.0000,false
V4T008302,46.898393,-49.464952,BGS,1.75218008,0.4500,false
V4T008303,358.335342,-29.125448,QSO,0.24221154,1.7000,false
V4T008304,345.672027,-31.200159,LRG,0.17584965,1.0000,false
V4T008305,38.086118,-42.752605,BGS,0.76800664,0.4500,false
V4T008306,28.285676,-52.218257,LRG,0.26331050,1.0000,false
V4T008307,343.228907,-37.174012,ELG,0.91831604,1.0000,false
V4T008308,2.553864,-29.098106,LRG,0.38677792,1.0000,false
V4T008309,44.285986,-50.097297,Star,3.88942643,0.3000,false
V4T008310,2.242888,-28.404405,ELG,0.32549801,1.0000,false
V4T008311,338.558872,-29.518154,Star,4.77505523,0.3000,false
V4T008312,30.816448,-50.999938,ELG,0.58990914,1.0000,false
V4T008313,3.540458,-28.805159,ELG,0.67998412,1.0000,false
V4T008314,36.025670,-42.716702,QSO,0.27575797,1.7000,false
V4T008315,357.655992,-26.634990,LRG,0.24632952,1.0000,false
V4T008316,2.484766,-28.883618,LRG,0.27731067,1.0000,false
V4T008317,344.944330,-19.366524,LRG,0.27249509,1.0000,false
V4T008318,35.271128,-34.932538,BGS,1.62695314,0.4500,false
V4T008319,352.945817,-25.623631,LRG,0.24051606,1.0000,false
V4T008320,30.138582,-43.586473,ELG,0.59414367,1.0000,false
V4T008321,40.190740,-36.624378,Star,5.64959319,0.3000,false
V4T008322,37.009083,-50.400882,ELG,0.70159784,1.0000,false
V4T008323,24.429496,-49.384052,LRG,0.38502101,1.0000,false
V4T008324,349.274324,-36.544590,QSO,0.29494340,1.7000,false
V4T008325,22.277696,-52.815894,QSO,0.07518142,1.7000,false
V4T008326,346.287461,-25.674319,QSO,0.26539475,1.7000,false
V4T008327,19.536600,-47.674212,LRG,0.33146018,1.0000,false
V4T008328,350.414602,-19.507288,LRG,0.34823703,1.0000,true
V4T008329,48.000088,-47.941255,LRG,0.35270808,1.0000,false
V4T008330,354.607784,-23.874765,QSO,0.25463154,1.7000,false
V4T008331,348.360924,-25.918385,BGS,1.69959107,0.4500,false
V4T008332,19.167088,-50.386514,ELG,0.49028161,1.0000,false
V4T008333,354.697195,-16.449273,ELG,0.73809339,1.0000,false
V4T008334,40.621496,-38.927841,Star,4.86809320,0.3000,false
V4T008335,38.350526,-50.848815,ELG,0.62217907,1.0000,false
V4T008336,39.918547,-48.834373,QSO,0.11692984,1.7000,false
V4T008337,51.536585,-48.861943,LRG,0.33692490,1.0000,false
V4T008338,55.590800,-49.292354,Star,3.67033275,0.3000,false
V4T008339,354.501553,-28.523548,ELG,0.30248995,1.0000,false
V4T008340,354.942789,-19.718912,QSO,0.14810217,1.7000,false
V4T008341,355.312412,-19.450510,ELG,0.23843613,1.0000,false
V4T008342,48.350745,-53.829381,BGS,1.20610521,0.4500,false
V4T008343,45.303388,-39.135571,Star,5.23935719,0.3000,false
V4T008344,54.230030,-46.406876,LRG,0.24951461,1.0000,false
V4T008345,41.328186,-56.478429,BGS,1.88370224,0.4500,false
V4T008346,344.759855,-30.831172,ELG,0.53374675,1.0000,false
V4T008347,346.508769,-22.965762,ELG,0.50808081,1.0000,false
V4T008348,356.319921,-17.321491,BGS,2.13621112,0.4500,false
V4T008349,347.882300,-26.227488,BGS,1.13428530,0.4500,false
V4T008350,353.175575,-18.600506,BGS,2.10971089,0.4500,false
V4T008351,16.554583,-46.380628,BGS,2.51158585,0.4500,false
V4T008352,47.626869,-43.337108,LRG,0.61814913,1.0000,false
V4T008353,44.379724,-49.709115,ELG,0.61534909,1.0000,false
V4T008354,353.097855,-16.909748,ELG,0.59327524,1.0000,false
V4T008355,43.677895,-57.722545,BGS,1.00757655,0.4500,false
V4T008356,40.189822,-39.705901,ELG,0.42004120,1.0000,false
V4T008357,38.043157,-45.455715,ELG,0.36232721,1.0000,false
V4T008358,346.319689,-30.322349,Star,4.11750504,0.3000,false
V4T008359,46.640604,-41.088002,Star,6.93933349,0.3000,false
V4T008360,32.824746,-39.786821,BGS,1.24770599,0.4500,false
V4T008361,356.349909,-22.490905,ELG,0.25177979,1.0000,false
V4T008362,357.279364,-26.735434,ELG,0.64820147,1.0000,false
V4T008363,355.890169,-32.847983,QSO,0.30165394,1.7000,false
V4T008364,347.541916,-23.806782,Star,3.13857829,0.3000,false
V4T008365,343.722417,-25.784608,Star,4.31215818,0.3000,false
V4T008366,55.022546,-50.533458,ELG,0.41417113,1.0000,false
V4T008367,30.203519,-54.124549,ELG,0.64320521,1.0000,false
V4T008368,2.057169,-28.304872,QSO,0.26144457,1.7000,false
V4T008369,34.077668,-41.662407,ELG,0.84451335,1.0000,false
V4T008370,50.109235,-45.258506,BGS,1.40836277,0.4500,false
V4T008371,36.975969,-40.052141,LRG,0.23586607,1.0000,false
V4T008372,16.685065,-53.442455,LRG,0.50417596,1.0000,false
V4T008373,350.998514,-35.611192,LRG,0.40188676,1.0000,false
V4T008374,345.938240,-30.315060,QSO,0.10412813,1.7000,false
V4T008375,30.025633,-35.775545,LRG,0.28824015,1.0000,true
V4T008376,45.030242,-39.686056,LRG,0.41686740,1.0000,false
V4T008377,355.512451,-19.309500,ELG,0.68116646,1.0000,false
V4T008378,51.873166,-50.603392,BGS,0.75478473,0.4500,false
V4T008379,54.311627,-50.407333,BGS,1.15986648,0.4500,false
V4T008380,54.285079,-51.025274,ELG,0.62019380,1.0000,false
V4T008381,355.668745,-19.282795,Star,5.43306036,0.3000,false
V4T008382,346.913274,-23.878052,ELG,0.40194335,1.0000,false
V4T008383,352.724157,-18.744314,BGS,1.01352998,0.4500,false
V4T008384,351.206645,-18.008416,LRG,0.31745941,1.0000,false
V4T008385,47.417124,-41.603683,ELG,0.66030752,1.0000,false
V4T008386,49.221499,-57.625353,QSO,0.24526720,1.7000,false
V4T008387,51.586599,-52.194769,ELG,1.11862975,1.0000,false
V4T008388,357.551418,-15.872518,ELG,0.41241258,1.0000,false
V4T008389,1.815298,-26.687287,ELG,0.49649024,1.0000,false
V4T008390,359.358771,-21.963750,LRG,0.37514007,1.0000,false
V4T008391,41.576611,-56.669019,BGS,1.05083366,0.4500,false
V4T008392,48.960509,-42.555901,BGS,1.38808903,0.4500,false
V4T008393,23.496799,-50.911007,QSO,0.20613855,1.7000,false
V4T008394,347.318340,-27.459485,LRG,0.18471898,1.0000,true
V4T008395,355.564441,-19.766317,ELG,0.34946631,1.0000,false
V4T008396,357.737186,-19.497507,ELG,0.53962555,1.0000,false
V4T008397,347.539092,-20.214313,QSO,0.16305405,1.7000,false
V4T008398,0.392798,-28.753287,LRG,0.31840395,1.0000,false
V4T008399,48.783387,-51.312932,LRG,0.42145450,1.0000,false
V4T008400,352.628253,-18.181360,BGS,1.64230764,0.4500,false
V4T008401,348.614636,-24.010318,BGS,1.07621499,0.4500,false
V4T008402,352.210302,-24.385449,ELG,0.52730252,1.0000,false
V4T008403,38.807407,-39.810152,ELG,0.68319694,1.0000,true
V4T008404,340.471765,-23.453022,QSO,0.15765147,1.7000,false
V4T008405,24.248985,-47.881611,LRG,0.22574665,1.0000,false
V4T008406,34.113920,-55.577977,Star,2.69925334,0.3000,false
V4T008407,24.822924,-54.484054,QSO,0.16235437,1.7000,false
V4T008408,22.795964,-54.089798,BGS,0.96051942,0.4500,false
V4T008409,46.732864,-50.524440,BGS,1.69629053,0.4500,false
V4T008410,29.323417,-38.458436,BGS,1.05493229,0.4500,false
V4T008411,353.128752,-17.199605,ELG,0.69954463,1.0000,false
V4T008412,53.310334,-49.784860,ELG,0.36546392,1.0000,false
V4T008413,26.042342,-46.065219,BGS,1.12273759,0.4500,false
V4T008414,2.011935,-28.937850,ELG,0.97488609,1.0000,false
V4T008415,18.170821,-53.224522,BGS,1.20337095,0.4500,false
V4T008416,17.596757,-54.769270,LRG,0.37582603,1.0000,false
V4T008417,44.484935,-38.565807,ELG,0.53531232,1.0000,false
V4T008418,54.767988,-51.090801,Star,3.40512224,0.3000,false
V4T008419,3.040974,-28.209966,ELG,0.43539176,1.0000,false
V4T008420,50.843716,-47.225321,ELG,0.46506234,1.0000,false
V4T008421,16.001559,-50.185650,LRG,0.60068010,1.0000,false
V4T008422,24.940755,-42.512093,LRG,0.39717321,1.0000,false
V4T008423,342.844798,-27.454796,QSO,0.19166296,1.7000,false
V4T008424,25.997947,-49.506375,LRG,0.33157972,1.0000,false
V4T008425,28.950905,-33.650875,ELG,0.65478853,1.0000,false
V4T008426,31.634922,-43.032862,ELG,0.36456899,1.0000,false
V4T008427,356.069552,-20.555260,QSO,0.12619140,1.7000,false
V4T008428,355.629050,-19.636206,LRG,0.36056207,1.0000,false
V4T008429,54.380416,-50.540937,LRG,0.33646201,1.0000,false
V4T008430,21.319707,-46.510677,ELG,0.31797989,1.0000,false
V4T008431,358.622845,-34.749574,ELG,0.14959443,1.0000,false
V4T008432,344.301175,-24.583519,ELG,0.55630293,1.0000,false
V4T008433,348.721709,-21.314147,BGS,0.93008419,0.4500,false
V4T008434,1.420330,-33.987310,ELG,0.51619536,1.0000,false
V4T008435,34.058753,-41.356893,LRG,0.42891374,1.0000,false
V4T008436,37.393191,-49.036157,QSO,0.21756927,1.7000,false
V4T008437,19.494955,-57.715999,ELG,0.46229879,1.0000,false
V4T008438,46.096056,-41.339076,LRG,0.44570305,1.0000,true
V4T008439,37.822303,-57.073342,BGS,0.63441407,0.4500,false
V4T008440,340.792063,-28.426350,Star,3.78746719,0.3000,false
V4T008441,46.318642,-41.755783,LRG,0.37984878,1.0000,false
V4T008442,56.116718,-47.629277,BGS,1.36283961,0.4500,false
V4T008443,337.768271,-28.394643,BGS,0.98491965,0.4500,false
V4T008444,359.484436,-32.676865,QSO,0.39557618,1.7000,false
V4T008445,353.432986,-36.167693,LRG,0.23946082,1.0000,false
V4T008446,48.844470,-50.329335,ELG,0.50651135,1.0000,false
V4T008447,339.726081,-33.212489,LRG,0.28136267,1.0000,false
V4T008448,341.766521,-22.977957,QSO,0.28066458,1.7000,false
V4T008449,54.986089,-50.759764,ELG,0.73291991,1.0000,false
V4T008450,353.455596,-24.891946,BGS,0.80041292,0.4500,false
V4T008451,50.318205,-58.506554,QSO,0.12787380,1.7000,false
V4T008452,346.590039,-30.609666,LRG,0.35270459,1.0000,false
V4T008453,46.566671,-41.181687,ELG,0.93987896,1.0000,true
V4T008454,351.677428,-29.564676,LRG,0.27980868,1.0000,false
V4T008455,358.739558,-38.401712,Star,4.75019873,0.3000,false
V4T008456,21.119811,-51.738173,ELG,0.41376276,1.0000,false
V4T008457,340.494679,-25.774040,QSO,0.20155623,1.7000,false
V4T008458,45.564146,-53.819234,LRG,0.34719821,1.0000,false
V4T008459,358.013892,-26.105236,Star,3.22268410,0.3000,false
V4T008460,28.941393,-46.726930,ELG,0.95496764,1.0000,false
V4T008461,29.297184,-60.687277,LRG,0.43394794,1.0000,false
V4T008462,43.193132,-56.785776,LRG,0.47034512,1.0000,false
V4T008463,28.831876,-39.908623,BGS,1.08516797,0.4500,false
V4T008464,31.770743,-47.495228,ELG,0.38333779,1.0000,false
V4T008465,42.249125,-56.976980,ELG,0.30953574,1.0000,false
V4T008466,354.246899,-14.854338,ELG,1.49482820,1.0000,false
V4T008467,341.641238,-35.883995,ELG,0.38729290,1.0000,false
V4T008468,350.572775,-22.002864,LRG,0.27325849,1.0000,false
V4T008469,24.800622,-55.958476,Star,3.31131523,0.3000,false
V4T008470,41.534926,-36.232669,BGS,1.49622899,0.4500,false
V4T008471,44.560104,-39.574866,ELG,0.38348250,1.0000,false
V4T008472,40.474375,-46.035221,LRG,0.35541741,1.0000,false
V4T008473,352.983442,-17.856920,LRG,0.47921652,1.0000,false
V4T008474,351.520383,-37.641569,Star,5.34826306,0.3000,false
V4T008475,41.109561,-38.412735,LRG,0.18625004,1.0000,false
V4T008476,352.470476,-35.216038,BGS,1.07887673,0.4500,false
V4T008477,25.997831,-34.618010,BGS,2.12430262,0.4500,false
V4T008478,36.225590,-49.345766,ELG,0.32530247,1.0000,false
V4T008479,352.656989,-17.103441,ELG,0.86531706,1.0000,false
V4T008480,342.286269,-36.716006,ELG,0.34933436,1.0000,false
V4T008481,1.238752,-35.120901,ELG,0.37153380,1.0000,false
V4T008482,351.134784,-32.699690,QSO,0.04322728,1.7000,false
V4T008483,26.920363,-50.156780,BGS,2.14630352,0.4500,false
V4T008484,39.836748,-56.642577,QSO,0.19162717,1.7000,false
V4T008485,2.695421,-28.503157,LRG,0.24676584,1.0000,false
V4T008486,355.582163,-27.643193,LRG,0.34854445,1.0000,false
V4T008487,35.984104,-41.863995,ELG,0.44199170,1.0000,false
V4T008488,41.925420,-56.284679,QSO,0.09491856,1.7000,false
V4T008489,47.109019,-41.885188,BGS,1.13783922,0.4500,false
V4T008490,358.540924,-28.941810,ELG,0.47009736,1.0000,false
V4T008491,2.957360,-30.589514,QSO,0.09792043,1.7000,false
V4T008492,350.027917,-38.090881,QSO,0.12136284,1.7000,false
V4T008493,30.663731,-41.378635,ELG,0.74394853,1.0000,false
V4T008494,36.115444,-34.253732,ELG,0.63583920,1.0000,false
V4T008495,40.569108,-56.200588,ELG,0.37208857,1.0000,false
V4T008496,346.439406,-33.822446,LRG,0.34430183,1.0000,false
V4T008497,342.771366,-31.319580,BGS,0.97732097,0.4500,false
V4T008498,25.970162,-42.124745,QSO,0.10825738,1.7000,false
V4T008499,340.941916,-28.130780,ELG,1.05999957,1.0000,false
V4T008500,26.369892,-54.243869,BGS,1.64059475,0.4500,false
V4T008501,31.699826,-51.772963,QSO,0.11026835,1.7000,false
V4T008502,345.365605,-30.218362,BGS,1.72274011,0.4500,false
V4T008503,353.499456,-17.647930,LRG,0.26147599,1.0000,false
V4T008504,52.047946,-58.774553,QSO,0.16814582,1.7000,false
V4T008505,34.879005,-52.424798,QSO,0.17465573,1.7000,false
V4T008506,354.030088,-17.264634,BGS,0.49417381,0.4500,false
V4T008507,35.500179,-37.189793,BGS,0.98902057,0.4500,false
V4T008508,33.617723,-36.048803,BGS,2.06398825,0.4500,false
V4T008509,54.582397,-50.784019,BGS,2.90728540,0.4500,false
V4T008510,345.088433,-34.436992,QSO,0.17560383,1.7000,false
V4T008511,347.817883,-17.020879,ELG,0.44599497,1.0000,false
V4T008512,17.033802,-54.562883,LRG,0.35345070,1.0000,false
V4T008513,45.949318,-39.020952,QSO,0.12776848,1.7000,false
V4T008514,347.118263,-39.102421,ELG,0.58502468,1.0000,false
V4T008515,52.356496,-44.902651,Star,3.23287433,0.3000,false
V4T008516,26.843414,-50.685533,BGS,1.37442497,0.4500,false
V4T008517,35.106656,-33.447825,ELG,0.64937076,1.0000,false
V4T008518,358.197067,-27.120344,QSO,0.20085815,1.7000,false
V4T008519,45.435379,-39.332492,BGS,1.03782913,0.4500,true
V4T008520,2.824290,-32.011578,ELG,0.96353173,1.0000,false
V4T008521,347.442701,-16.488444,ELG,0.55859998,1.0000,false
V4T008522,32.870455,-47.444619,LRG,0.48100320,1.0000,false
V4T008523,2.693818,-28.913137,ELG,0.98275413,1.0000,false
V4T008524,354.791544,-15.952881,BGS,1.05943656,0.4500,false
V4T008525,29.379162,-53.602729,ELG,0.31729521,1.0000,false
V4T008526,38.315005,-41.565024,ELG,0.71464899,1.0000,false
V4T008527,38.913500,-54.681863,Star,5.21381639,0.3000,false
V4T008528,25.639310,-54.608716,BGS,1.46243738,0.4500,false
V4T008529,45.425910,-43.493769,LRG,0.40881638,1.0000,false
V4T008530,351.665161,-14.892920,BGS,1.74855880,0.4500,false
V4T008531,339.880162,-35.449469,ELG,0.36155845,1.0000,false
V4T008532,30.645338,-60.441102,LRG,0.31799084,1.0000,false
V4T008533,345.672310,-38.898709,BGS,1.45089737,0.4500,false
V4T008534,33.710653,-49.433914,ELG,0.54897623,1.0000,false
V4T008535,352.245990,-18.126281,ELG,0.53214964,1.0000,false
V4T008536,37.887820,-35.552941,BGS,1.51432066,0.4500,true
V4T008537,348.288904,-17.096234,BGS,2.02290411,0.4500,false
V4T008538,355.722038,-19.471066,LRG,0.24500872,1.0000,false
V4T008539,352.175987,-15.034480,LRG,0.24599009,1.0000,false
V4T008540,46.384358,-40.204507,BGS,0.79382502,0.4500,false
V4T008541,43.950598,-39.379912,QSO,0.40364789,1.7000,false
V4T008542,351.364701,-36.293780,QSO,0.12719944,1.7000,false
V4T008543,45.574687,-39.407483,LRG,0.49768616,1.0000,false
V4T008544,41.175006,-56.041280,QSO,0.11422780,1.7000,false
V4T008545,347.634435,-22.812663,LRG,0.41483024,1.0000,false
V4T008546,25.702469,-42.682876,LRG,0.39023546,1.0000,false
V4T008547,358.769581,-23.700993,QSO,0.11670336,1.7000,false
V4T008548,54.342377,-52.426697,BGS,1.46827721,0.4500,false
V4T008549,355.690875,-20.308877,BGS,0.79925813,0.4500,false
V4T008550,32.716466,-34.671320,BGS,1.32949297,0.4500,false
V4T008551,34.370282,-33.774162,BGS,2.16964062,0.4500,false
V4T008552,358.090919,-27.333892,BGS,1.84445981,0.4500,false
V4T008553,344.986536,-22.032240,QSO,0.17141217,1.7000,false
V4T008554,343.996536,-24.519682,BGS,0.93084612,0.4500,false
V4T008555,1.948933,-28.517486,ELG,0.60554302,1.0000,false
V4T008556,45.718277,-39.336965,ELG,0.74462042,1.0000,false
V4T008557,351.446763,-36.757265,QSO,0.06937269,1.7000,false
V4T008558,352.116998,-18.547608,BGS,1.29764134,0.4500,false
V4T008559,33.079458,-58.086887,ELG,0.58011541,1.0000,false
V4T008560,17.327702,-45.009126,ELG,0.54992491,1.0000,false
V4T008561,355.972924,-20.610286,BGS,1.38285766,0.4500,true
V4T008562,41.702923,-56.975527,ELG,0.95737375,1.0000,false
V4T008563,32.683628,-48.364149,ELG,0.97495790,1.0000,false
V4T008564,355.423638,-32.851548,ELG,0.52098991,1.0000,false
V4T008565,341.302610,-37.152289,BGS,1.92953016,0.4500,false
V4T008566,357.778822,-26.998396,LRG,0.37795766,1.0000,false
V4T008567,340.507662,-26.975070,Star,3.93903976,0.3000,false
V4T008568,356.912923,-26.556300,BGS,0.76129748,0.4500,false
V4T008569,43.971379,-45.614862,ELG,0.82183592,1.0000,false
V4T008570,53.028924,-51.677610,QSO,0.16756980,1.7000,false
V4T008571,346.644370,-30.624744,LRG,0.36612766,1.0000,false
V4T008572,353.911135,-36.749892,QSO,0.14145397,1.7000,false
V4T008573,27.321703,-43.387629,Star,5.82914321,0.3000,false
V4T008574,353.435688,-16.298705,ELG,0.65623561,1.0000,false
V4T008575,28.190216,-44.633898,ELG,0.25181773,1.0000,false
V4T008576,343.136348,-25.386687,Star,3.62710040,0.3000,false
V4T008577,42.723714,-43.905050,BGS,1.09447493,0.4500,false
V4T008578,54.441998,-49.000077,ELG,0.53988121,1.0000,false
V4T008579,18.382847,-47.417114,Star,3.54326398,0.3000,false
V4T008580,349.206909,-35.419128,QSO,0.07533799,1.7000,false
V4T008581,343.709263,-24.992728,Star,3.78532900,0.3000,true
V4T008582,45.994508,-57.953240,ELG,0.86518573,1.0000,false
V4T008583,35.836729,-40.661493,QSO,0.30860981,1.7000,false
V4T008584,40.566580,-38.599656,LRG,0.46380830,1.0000,false
V4T008585,354.736408,-21.176233,LRG,0.30649805,1.0000,false
V4T008586,55.366296,-51.172958,ELG,0.39729411,1.0000,false
V4T008587,337.948783,-27.934076,QSO,0.46937173,1.7000,true
V4T008588,57.840824,-51.091315,QSO,0.32454803,1.7000,false
V4T008589,37.357501,-52.985534,Star,5.43789507,0.3000,false
V4T008590,344.087979,-25.399742,ELG,0.80199492,1.0000,false
V4T008591,358.027028,-26.518117,LRG,0.30190588,1.0000,false
V4T008592,356.513139,-20.408564,QSO,0.23910653,1.7000,false
V4T008593,350.370344,-16.627593,LRG,0.48101711,1.0000,false
V4T008594,344.560127,-20.213566,QSO,0.15552783,1.7000,false
V4T008595,40.970009,-37.084693,QSO,0.28720521,1.7000,false
V4T008596,33.073132,-42.352200,BGS,0.91822619,0.4500,false
V4T008597,350.818236,-22.820516,QSO,0.28183969,1.7000,false
V4T008598,20.151058,-45.151764,BGS,1.06776467,0.4500,false
V4T008599,349.593395,-17.721914,LRG,0.23678545,1.0000,false
V4T008600,40.158660,-40.979005,ELG,0.32130514,1.0000,false
V4T008601,21.564721,-43.716136,ELG,0.50519507,1.0000,false
V4T008602,19.482933,-41.374648,ELG,0.58263616,1.0000,false
V4T008603,16.582529,-48.390138,LRG,0.60501093,1.0000,false
V4T008604,346.837872,-29.810478,BGS,1.68510213,0.4500,false
V4T008605,0.803723,-34.156136,Star,4.89627698,0.3000,false
V4T008606,38.532855,-49.841997,ELG,0.66448755,1.0000,false
V4T008607,33.473188,-46.187666,BGS,1.12234608,0.4500,false
V4T008608,358.240663,-27.457834,BGS,0.92119787,0.4500,false
V4T008609,338.050808,-35.273207,ELG,0.24419135,1.0000,false
V4T008610,44.579286,-47.693651,LRG,0.51536741,1.0000,false
V4T008611,51.952584,-47.969197,LRG,0.33083314,1.0000,false
V4T008612,16.966771,-45.077847,LRG,0.47756629,1.0000,false
V4T008613,42.189140,-56.561002,BGS,1.93928520,0.4500,true
V4T008614,27.158118,-37.461269,ELG,0.49409634,1.0000,false
V4T008615,22.609167,-43.701020,ELG,0.29844394,1.0000,false
V4T008616,17.050376,-52.358818,ELG,0.35242090,1.0000,true
V4T008617,347.917878,-22.146425,BGS,1.27111499,0.4500,false
V4T008618,27.355559,-52.600836,ELG,0.79322266,1.0000,false
V4T008619,346.483394,-18.035458,LRG,0.25348328,1.0000,false
V4T008620,31.344332,-39.892708,ELG,0.54730501,1.0000,false
V4T008621,28.095990,-46.939578,BGS,1.11163588,0.4500,false
V4T008622,35.323549,-49.623321,BGS,1.79765319,0.4500,false
V4T008623,1.886639,-28.932625,BGS,1.35841437,0.4500,false
V4T008624,32.840108,-43.938259,BGS,0.76618316,0.4500,false
V4T008625,42.397045,-52.155889,LRG,0.41671118,1.0000,false
V4T008626,48.899160,-54.761039,QSO,0.15423610,1.7000,false
V4T008627,48.311375,-43.263366,ELG,0.87518886,1.0000,false
V4T008628,44.421178,-53.808014,ELG,0.51718256,1.0000,false
V4T008629,346.191160,-29.959653,LRG,0.25413661,1.0000,false
V4T008630,358.880513,-32.692435,LRG,0.27348513,1.0000,false
V4T008631,37.259009,-42.543337,Star,2.96018664,0.3000,false
V4T008632,358.941866,-30.581878,QSO,0.07698740,1.7000,false
V4T008633,40.755333,-54.276738,LRG,0.61422430,1.0000,false
V4T008634,2.917222,-30.152462,BGS,1.66552226,0.4500,false
V4T008635,30.445508,-59.703591,ELG,0.28771951,1.0000,false
V4T008636,29.590364,-36.229946,ELG,0.68428407,1.0000,false
V4T008637,47.339912,-53.155677,ELG,0.44486687,1.0000,false
V4T008638,44.288420,-40.119498,QSO,0.11870083,1.7000,false
V4T008639,350.535736,-17.921993,ELG,0.36500600,1.0000,false
V4T008640,18.513382,-42.600776,ELG,0.42686650,1.0000,false
V4T008641,353.361250,-18.186718,ELG,0.56447664,1.0000,false
V4T008642,49.441284,-60.274436,ELG,0.83286035,1.0000,false
V4T008643,36.079464,-60.671163,QSO,0.21572638,1.7000,false
V4T008644,25.238093,-45.821712,Star,3.97986253,0.3000,false
V4T008645,27.479287,-47.768949,BGS,1.37313660,0.4500,false
V4T008646,55.373442,-52.003152,BGS,1.33074361,0.4500,false
V4T008647,358.681666,-30.647406,BGS,1.06646099,0.4500,false
V4T008648,41.901454,-57.023512,BGS,1.26341208,0.4500,true
V4T008649,45.648055,-50.981056,ELG,0.63009538,1.0000,false
V4T008650,36.914856,-59.630894,ELG,0.42938713,1.0000,false
V4T008651,39.501674,-37.318676,LRG,0.37157881,1.0000,false
V4T008652,15.070748,-47.160852,LRG,0.36315070,1.0000,false
V4T008653,27.717423,-37.155328,ELG,0.55033747,1.0000,false
V4T008654,344.772377,-19.704374,Star,3.02899871,0.3000,false
V4T008655,42.435602,-43.034090,ELG,0.75699860,1.0000,false
V4T008656,46.999900,-42.889746,BGS,0.98055241,0.4500,false
V4T008657,30.058668,-55.099319,ELG,0.57681155,1.0000,false
V4T008658,29.181231,-57.000354,BGS,1.05339774,0.4500,false
V4T008659,41.966690,-56.820252,ELG,0.27051349,1.0000,false
V4T008660,355.060429,-18.768781,BGS,1.12735403,0.4500,false
V4T008661,44.064881,-55.192448,ELG,0.22318946,1.0000,false
V4T008662,45.532464,-44.029484,ELG,0.54681593,1.0000,false
V4T008663,23.270266,-41.356848,QSO,0.35737929,1.7000,false
V4T008664,358.862130,-35.563701,BGS,0.75908231,0.4500,false
V4T008665,22.202033,-42.492760,ELG,0.30915200,1.0000,false
V4T008666,346.285801,-30.436163,ELG,0.54195662,1.0000,false
V4T008667,341.346091,-37.375957,BGS,1.92549327,0.4500,false
V4T008668,356.371972,-23.842022,ELG,0.91002747,1.0000,false
V4T008669,54.059829,-50.971997,ELG,0.79285209,1.0000,false
V4T008670,350.351350,-14.651096,ELG,0.75602846,1.0000,false
V4T008671,44.003647,-39.846867,BGS,1.60060059,0.4500,false
V4T008672,350.450742,-14.771393,ELG,0.50491118,1.0000,false
V4T008673,23.730137,-54.958409,LRG,0.36703501,1.0000,false
V4T008674,36.435509,-36.366315,ELG,0.37680384,1.0000,false
V4T008675,42.525850,-56.594741,LRG,0.41534060,1.0000,false
V4T008676,352.132539,-18.830335,BGS,1.16977460,0.4500,false
V4T008677,357.739470,-26.582377,ELG,0.63113749,1.0000,false
V4T008678,351.232337,-18.669470,BGS,2.27167304,0.4500,false
V4T008679,31.423358,-48.605916,LRG,0.26594296,1.0000,false
V4T008680,20.134453,-42.762441,ELG,0.50520823,1.0000,false
V4T008681,0.256295,-33.043974,Star,4.68924836,0.3000,false
V4T008682,29.204336,-48.935839,ELG,0.70862198,1.0000,false
V4T008683,350.005685,-35.843447,ELG,0.29527963,1.0000,false
V4T008684,349.710040,-27.803003,LRG,0.36178027,1.0000,false
V4T008685,41.939082,-57.574544,LRG,0.25857790,1.0000,false
V4T008686,49.174822,-52.493683,ELG,0.33259308,1.0000,false
V4T008687,40.373655,-42.435948,LRG,0.33035890,1.0000,false
V4T008688,357.450350,-25.896136,ELG,0.57571357,1.0000,false
V4T008689,42.277341,-37.122073,LRG,0.37794124,1.0000,false
V4T008690,337.241900,-30.249982,LRG,0.35041278,1.0000,false
V4T008691,1.841303,-27.550679,ELG,0.53889975,1.0000,false
V4T008692,37.564848,-42.270151,LRG,0.26787766,1.0000,false
V4T008693,357.938714,-33.291047,LRG,0.27875228,1.0000,false
V4T008694,46.779166,-57.502625,BGS,1.03076036,0.4500,false
V4T008695,41.678128,-52.259736,LRG,0.18516714,1.0000,false
V4T008696,346.239240,-20.460991,LRG,0.22945730,1.0000,false
V4T008697,41.823540,-53.777327,BGS,0.75174956,0.4500,false
V4T008698,347.724441,-37.424261,QSO,0.22849343,1.7000,true
V4T008699,19.674241,-43.437611,QSO,0.15125984,1.7000,false
V4T008700,347.019692,-38.542314,ELG,0.40896894,1.0000,false
V4T008701,352.704506,-18.557427,ELG,0.82472907,1.0000,false
V4T008702,23.966410,-53.420014,ELG,0.38106323,1.0000,false
V4T008703,38.382952,-49.756744,LRG,0.34586848,1.0000,false
V4T008704,53.809631,-52.002110,ELG,0.88277921,1.0000,false
V4T008705,357.970197,-39.243914,ELG,0.90095444,1.0000,false
V4T008706,35.078985,-47.585654,QSO,0.20532596,1.7000,false
V4T008707,27.622915,-48.256783,ELG,0.43450509,1.0000,false
V4T008708,45.518216,-39.134560,BGS,1.55659838,0.4500,false
V4T008709,339.424708,-31.187951,LRG,0.43927372,1.0000,false
V4T008710,31.743307,-47.203986,QSO,0.13046652,1.7000,false
V4T008711,39.214456,-56.889222,QSO,0.27394375,1.7000,true
V4T008712,21.473430,-44.219343,ELG,0.30019782,1.0000,false
V4T008713,42.548290,-48.725255,ELG,0.73377897,1.0000,false
V4T008714,340.715660,-25.896956,BGS,0.91112370,0.4500,false
V4T008715,36.977829,-49.667968,LRG,0.35749656,1.0000,false
V4T008716,344.319132,-25.054683,BGS,0.81983685,0.4500,false
V4T008717,344.235092,-24.002776,LRG,0.42689903,1.0000,false
V4T008718,359.997781,-27.151764,ELG,0.52849720,1.0000,false
V4T008719,342.926433,-24.791346,BGS,1.24394453,0.4500,false
V4T008720,353.607216,-16.706106,BGS,0.98582906,0.4500,false
V4T008721,18.833262,-43.858135,ELG,0.44726526,1.0000,false
V4T008722,0.488241,-37.418166,ELG,0.70936919,1.0000,false
V4T008723,31.790656,-45.476007,ELG,0.44843734,1.0000,false
V4T008724,343.236681,-25.691047,BGS,1.14311228,0.4500,false
V4T008725,41.397229,-44.692219,QSO,0.18967761,1.7000,false
V4T008726,22.898406,-45.659927,LRG,0.34511666,1.0000,false
V4T008727,22.212348,-52.743291,Star,2.60122494,0.3000,false
V4T008728,55.154283,-51.078480,ELG,0.37717507,1.0000,false
V4T008729,27.948346,-37.126451,LRG,0.67133060,1.0000,false
V4T008730,29.783062,-47.164748,LRG,0.73655239,1.0000,true
V4T008731,346.581808,-29.919640,ELG,1.14280964,1.0000,false
V4T008732,50.822724,-43.756615,ELG,1.08090334,1.0000,false
V4T008733,53.886964,-51.478814,Star,5.46314983,0.3000,false
V4T008734,357.405557,-31.512263,ELG,1.49368640,1.0000,false
V4T008735,28.727692,-57.427033,ELG,0.80378311,1.0000,false
V4T008736,338.821817,-34.115817,LRG,0.41654903,1.0000,false
V4T008737,337.391209,-26.903412,LRG,0.27052821,1.0000,false
V4T008738,19.166759,-39.718516,ELG,1.13476405,1.0000,false
V4T008739,24.540157,-47.924619,BGS,1.65721859,0.4500,false
V4T008740,47.860879,-41.746456,BGS,1.29467124,0.4500,false
V4T008741,54.766337,-51.046835,Star,3.16055739,0.3000,false
V4T008742,50.014439,-51.073106,QSO,0.15943660,1.7000,false
V4T008743,342.341232,-27.945113,ELG,0.45938437,1.0000,false
V4T008744,26.081427,-59.614422,ELG,0.55559010,1.0000,false
V4T008745,32.257747,-49.019529,QSO,0.09335609,1.7000,false
V4T008746,41.062532,-57.398613,LRG,0.29241474,1.0000,false
V4T008747,21.626002,-40.356858,QSO,0.37264005,1.7000,true
V4T008748,50.124401,-56.470530,ELG,0.63361281,1.0000,false
V4T008749,46.972973,-47.370190,ELG,0.27090938,1.0000,false
V4T008750,47.734642,-44.262378,Star,3.72619865,0.3000,false
V4T008751,0.378398,-29.071055,ELG,0.33632408,1.0000,false
V4T008752,339.458599,-28.131268,ELG,0.73660288,1.0000,false
V4T008753,17.976937,-47.208284,Star,2.31196265,0.3000,false
V4T008754,37.705840,-49.597085,ELG,0.46314385,1.0000,false
V4T008755,26.244477,-46.363390,ELG,0.40137711,1.0000,false
V4T008756,351.294123,-27.723231,LRG,0.27095983,1.0000,false
V4T008757,55.528978,-51.407406,ELG,0.62401912,1.0000,false
V4T008758,25.644744,-52.266194,BGS,1.03807462,0.4500,false
V4T008759,42.483021,-38.771815,ELG,0.34220088,1.0000,false
V4T008760,45.581010,-39.638403,BGS,1.13386334,0.4500,false
V4T008761,55.406567,-53.031537,ELG,0.57112912,1.0000,false
V4T008762,28.914822,-49.759973,BGS,1.72212836,0.4500,false
V4T008763,352.668921,-17.631951,Star,5.72112015,0.3000,false
V4T008764,53.025538,-51.569928,BGS,1.18261515,0.4500,false
V4T008765,27.929160,-42.062140,QSO,0.07134316,1.7000,false
V4T008766,45.200066,-45.068454,LRG,0.29438320,1.0000,false
V4T008767,1.926682,-21.861225,LRG,0.37850039,1.0000,false
V4T008768,43.871176,-57.729951,QSO,0.17140985,1.7000,false
V4T008769,341.848286,-31.795880,BGS,1.81785152,0.4500,false
V4T008770,29.073907,-33.610409,BGS,1.51539391,0.4500,false
V4T008771,32.509074,-36.053883,BGS,1.27153485,0.4500,false
V4T008772,1.379336,-28.819696,ELG,0.59327413,1.0000,false
V4T008773,348.653644,-36.572433,LRG,0.30403306,1.0000,false
V4T008774,36.777033,-34.710221,BGS,0.96967427,0.4500,false
V4T008775,47.308838,-40.520450,QSO,0.23809575,1.7000,false
V4T008776,32.726255,-45.086853,ELG,0.91852359,1.0000,false
V4T008777,55.148122,-51.105610,LRG,0.56161512,1.0000,true
V4T008778,41.992602,-43.432132,ELG,0.49322219,1.0000,false
V4T008779,33.062410,-41.733691,LRG,0.47645878,1.0000,false
V4T008780,51.029801,-56.860112,ELG,0.74181815,1.0000,true
V4T008781,33.166604,-33.388105,Star,3.74153161,0.3000,false
V4T008782,44.936335,-39.086414,BGS,1.81647148,0.4500,false
V4T008783,33.294897,-60.373914,LRG,0.56125290,1.0000,false
V4T008784,352.140320,-19.244244,ELG,0.65044056,1.0000,false
V4T008785,354.826978,-31.791826,QSO,0.23474988,1.7000,false
V4T008786,39.146052,-53.362064,LRG,0.20701757,1.0000,false
V4T008787,41.228932,-56.376721,QSO,0.37201732,1.7000,false
V4T008788,355.744390,-16.599197,ELG,0.58255252,1.0000,false
V4T008789,26.268498,-40.464255,LRG,0.26687500,1.0000,false
V4T008790,37.575290,-54.344317,BGS,1.24361266,0.4500,false
V4T008791,54.738553,-50.770239,ELG,0.39191568,1.0000,false
V4T008792,352.782932,-17.543230,LRG,0.89907106,1.0000,false
V4T008793,352.672685,-15.753538,BGS,0.98156722,0.4500,false
V4T008794,38.918361,-39.728387,BGS,0.94964780,0.4500,false
V4T008795,349.646514,-23.496414,ELG,0.70347295,1.0000,false
V4T008796,46.824073,-41.209873,Star,4.36988766,0.3000,false
V4T008797,342.843890,-24.311179,ELG,0.53941687,1.0000,false
V4T008798,358.097548,-26.541367,LRG,0.26340848,1.0000,false
V4T008799,19.450403,-48.721410,ELG,0.56250808,1.0000,false
V4T008800,54.373939,-46.158662,QSO,0.28591785,1.7000,false
V4T008801,354.488077,-15.987621,BGS,1.64545658,0.4500,false
V4T008802,346.489365,-30.257942,ELG,0.41569146,1.0000,false
V4T008803,44.880370,-49.431316,BGS,1.05768065,0.4500,false
V4T008804,338.668036,-35.782897,LRG,0.32663193,1.0000,false
V4T008805,22.409226,-54.824056,ELG,0.45952766,1.0000,false
V4T008806,346.374541,-31.002615,ELG,0.59051206,1.0000,false
V4T008807,1.893757,-28.228760,LRG,0.37076804,1.0000,false
V4T008808,31.700773,-45.520010,ELG,0.82961338,1.0000,false
V4T008809,53.667033,-51.077007,ELG,0.76142991,1.0000,false
V4T008810,355.342239,-29.175162,LRG,0.35035925,1.0000,false
V4T008811,353.198513,-17.052050,ELG,0.44315052,1.0000,false
V4T008812,343.543571,-20.692534,ELG,0.98248475,1.0000,false
V4T008813,353.252271,-17.415060,ELG,0.40563613,1.0000,false
V4T008814,343.593854,-29.590036,BGS,2.05791494,0.4500,false
V4T008815,355.129702,-19.784287,ELG,0.51120493,1.0000,true
V4T008816,338.834874,-36.360423,QSO,0.29842166,1.7000,false
V4T008817,28.546946,-34.914512,ELG,0.30702596,1.0000,false
V4T008818,38.618802,-49.294767,ELG,0.41174348,1.0000,false
V4T008819,32.121527,-35.537418,ELG,0.42968542,1.0000,true
V4T008820,44.371961,-54.564615,ELG,0.73842686,1.0000,false
V4T008821,346.652622,-17.947167,Star,5.08073287,0.3000,false
V4T008822,347.191540,-24.637360,ELG,0.64725218,1.0000,false
V4T008823,53.283069,-53.096845,ELG,0.74869801,1.0000,false
V4T008824,25.267425,-46.206245,BGS,1.11927985,0.4500,false
V4T008825,1.818373,-28.892366,ELG,0.78875820,1.0000,false
V4T008826,341.630487,-24.751582,ELG,0.24797151,1.0000,false
V4T008827,40.871695,-44.858421,BGS,1.24993328,0.4500,false
V4T008828,30.543806,-60.620842,ELG,0.79188152,1.0000,false
V4T008829,45.324625,-58.318716,ELG,0.79243872,1.0000,false
V4T008830,1.783433,-30.190548,LRG,0.40846469,1.0000,false
V4T008831,343.815746,-24.146953,ELG,0.49064938,1.0000,false
V4T008832,49.054782,-53.734905,BGS,1.20865222,0.4500,false
V4T008833,19.089075,-50.254824,ELG,0.78512400,1.0000,false
V4T008834,355.536560,-18.137139,ELG,0.43089737,1.0000,false
V4T008835,29.258073,-42.861591,BGS,0.68264434,0.4500,false
V4T008836,354.465117,-19.964067,ELG,0.57947826,1.0000,false
V4T008837,55.525189,-50.552697,ELG,0.67405782,1.0000,false
V4T008838,354.241309,-33.725929,ELG,0.85050816,1.0000,false
V4T008839,346.015887,-23.503186,ELG,0.29404159,1.0000,false
V4T008840,345.459607,-30.727773,LRG,0.35448254,1.0000,false
V4T008841,31.614473,-48.520924,QSO,0.14004351,1.7000,false
V4T008842,43.291192,-39.643609,ELG,0.66891387,1.0000,false
V4T008843,40.862360,-57.245659,ELG,0.90699895,1.0000,false
V4T008844,29.245501,-59.004078,BGS,2.14780156,0.4500,true
V4T008845,28.062215,-39.828461,ELG,0.41545264,1.0000,false
V4T008846,25.225421,-55.748189,BGS,0.80425048,0.4500,false
V4T008847,340.327834,-23.227766,BGS,1.37005359,0.4500,false
V4T008848,341.629420,-22.981012,BGS,1.12074650,0.4500,false
V4T008849,46.541144,-45.245687,ELG,0.17884364,1.0000,false
V4T008850,350.929818,-19.302984,BGS,1.35066938,0.4500,false
V4T008851,346.397211,-16.773065,ELG,0.81216980,1.0000,false
V4T008852,337.237253,-28.102571,LRG,0.29363381,1.0000,false
V4T008853,356.668188,-33.759359,QSO,0.22320941,1.7000,false
V4T008854,350.425942,-16.911468,ELG,0.68111373,1.0000,false
V4T008855,15.807021,-45.145341,ELG,0.86407346,1.0000,false
V4T008856,349.770824,-20.384404,ELG,0.34290668,1.0000,false
V4T008857,30.016381,-33.820251,ELG,0.52331503,1.0000,false
V4T008858,44.993171,-39.361946,BGS,1.64895476,0.4500,false
V4T008859,346.983523,-25.949544,LRG,0.55875003,1.0000,false
V4T008860,24.525966,-48.991986,ELG,0.24212018,1.0000,false
V4T008861,49.978637,-47.742395,QSO,0.17456701,1.7000,false
V4T008862,351.578473,-18.698329,BGS,2.23791116,0.4500,false
V4T008863,348.419731,-23.131490,Star,6.25018908,0.3000,false
V4T008864,344.264365,-24.038516,QSO,0.34325693,1.7000,false
V4T008865,355.278516,-30.061390,LRG,0.39873310,1.0000,false
V4T008866,357.208004,-26.446102,BGS,1.44082221,0.4500,false
V4T008867,353.534397,-32.703266,ELG,0.85940569,1.0000,false
V4T008868,38.862637,-45.724648,ELG,0.22078834,1.0000,false
V4T008869,54.210277,-52.113084,Star,3.52529584,0.3000,false
V4T008870,348.322940,-18.774975,LRG,0.34068299,1.0000,false
V4T008871,23.222946,-40.526963,ELG,1.22937233,1.0000,false
V4T008872,354.252436,-17.938609,ELG,1.26130609,1.0000,false
V4T008873,43.603925,-56.962504,BGS,1.05601118,0.4500,false
V4T008874,342.669483,-31.787938,Star,3.18588753,0.3000,false
V4T008875,350.310374,-37.175282,BGS,0.81767909,0.4500,false
V4T008876,42.470356,-56.242841,BGS,0.79277323,0.4500,false
V4T008877,336.538973,-26.624797,LRG,0.46252654,1.0000,false
V4T008878,17.778422,-41.565729,LRG,0.57857427,1.0000,false
V4T008879,42.352954,-57.302586,ELG,0.45389398,1.0000,false
V4T008880,33.939352,-52.534087,LRG,0.32906754,1.0000,false
V4T008881,358.809986,-25.890595,BGS,0.87017262,0.4500,false
V4T008882,45.053050,-39.531289,ELG,0.45569822,1.0000,false
V4T008883,55.107174,-51.523754,BGS,2.00920750,0.4500,false
V4T008884,353.342488,-17.325963,ELG,0.49977495,1.0000,false
V4T008885,20.351324,-52.745229,LRG,0.32899932,1.0000,false
V4T008886,38.606833,-50.202911,Star,5.33671408,0.3000,false
V4T008887,348.723427,-23.746615,ELG,0.62262660,1.0000,false
V4T008888,355.610920,-28.482355,LRG,0.46440165,1.0000,false
V4T008889,34.405493,-33.778141,ELG,0.55641747,1.0000,false
V4T008890,357.620943,-25.669629,ELG,0.60390575,1.0000,false
V4T008891,44.946172,-52.836487,ELG,0.74357520,1.0000,false
V4T008892,43.662542,-52.072568,QSO,0.12703401,1.7000,false
V4T008893,25.936721,-49.237350,ELG,0.94648527,1.0000,false
V4T008894,48.056667,-50.045437,BGS,1.81241351,0.4500,false
V4T008895,352.393652,-19.360853,QSO,0.26504499,1.7000,false
V4T008896,347.640871,-16.908478,BGS,0.83448032,0.4500,false
V4T008897,353.387290,-17.420244,QSO,0.24718733,1.7000,false
V4T008898,41.288343,-56.794862,BGS,1.47687307,0.4500,false
V4T008899,358.709607,-27.464262,ELG,0.26460114,1.0000,false
V4T008900,357.632296,-19.290846,ELG,0.38433997,1.0000,false
V4T008901,351.406891,-16.278283,ELG,0.17103997,1.0000,false
V4T008902,36.516606,-49.088488,BGS,1.07473986,0.4500,false
V4T008903,346.388469,-29.892575,LRG,0.18548258,1.0000,false
V4T008904,359.320590,-25.143247,Star,3.50427242,0.3000,false
V4T008905,350.181379,-32.137182,QSO,0.18231211,1.7000,false
V4T008906,27.711238,-38.880391,QSO,0.13949947,1.7000,false
V4T008907,1.019441,-22.016143,BGS,1.60932418,0.4500,false
V4T008908,28.717241,-59.511418,ELG,0.49355313,1.0000,false
V4T008909,3.401067,-32.077882,QSO,0.44305259,1.7000,false
V4T008910,352.317511,-35.087677,ELG,0.74293342,1.0000,false
V4T008911,354.345061,-18.280766,BGS,1.01200423,0.4500,false
V4T008912,44.141053,-48.638610,ELG,0.72588357,1.0000,false
V4T008913,3.007836,-24.374483,ELG,0.65146144,1.0000,false
V4T008914,43.260329,-41.015583,BGS,0.90976998,0.4500,false
V4T008915,1.663349,-22.338924,QSO,0.15993160,1.7000,false
V4T008916,357.702120,-21.593760,QSO,0.19458786,1.7000,false
V4T008917,17.976000,-50.820252,QSO,0.16392882,1.7000,false
V4T008918,2.116348,-28.358662,ELG,0.28403435,1.0000,false
V4T008919,47.116574,-41.608860,ELG,0.73948625,1.0000,false
V4T008920,47.937427,-41.590176,ELG,0.69220483,1.0000,false
V4T008921,1.704471,-28.189682,BGS,1.44041439,0.4500,false
V4T008922,31.450283,-56.847042,ELG,0.57150495,1.0000,false
V4T008923,47.112053,-41.140846,LRG,0.33082281,1.0000,false
V4T008924,354.532214,-28.277098,BGS,1.05863577,0.4500,false
V4T008925,0.270519,-30.890208,QSO,0.15516593,1.7000,false
V4T008926,352.044731,-17.460648,BGS,1.02797724,0.4500,false
V4T008927,55.708187,-56.051041,ELG,0.75769965,1.0000,false
V4T008928,349.786979,-18.577583,LRG,0.70945825,1.0000,false
V4T008929,45.355495,-39.759961,QSO,0.32090606,1.7000,false
V4T008930,49.257812,-57.523991,LRG,0.32282490,1.0000,false
V4T008931,353.712218,-18.238980,BGS,1.48247530,0.4500,false
V4T008932,355.664219,-26.999524,ELG,1.04618854,1.0000,false
V4T008933,343.807866,-35.210913,BGS,1.22180670,0.4500,false
V4T008934,19.326996,-42.872029,BGS,0.80469753,0.4500,false
V4T008935,53.655940,-51.247760,QSO,0.11080758,1.7000,false
V4T008936,359.276416,-22.993878,ELG,0.68536625,1.0000,false
V4T008937,27.430602,-38.483543,BGS,1.26097525,0.4500,false
V4T008938,358.599539,-21.574985,QSO,0.25200399,1.7000,false
V4T008939,30.880692,-37.627838,BGS,1.23356451,0.4500,false
V4T008940,33.876445,-48.328737,ELG,0.28490355,1.0000,false
V4T008941,346.895024,-26.260506,QSO,0.20250109,1.7000,false
V4T008942,1.278062,-26.365423,ELG,0.46946737,1.0000,false
V4T008943,33.743127,-53.555347,QSO,0.10794992,1.7000,false
V4T008944,37.626593,-38.144454,LRG,0.25062785,1.0000,false
V4T008945,38.133343,-50.181225,BGS,1.20223421,0.4500,false
V4T008946,354.792112,-37.626336,LRG,0.43546723,1.0000,false
V4T008947,42.744250,-54.123319,ELG,0.54277661,1.0000,true
V4T008948,32.243643,-48.923368,BGS,1.19538675,0.4500,false
V4T008949,29.453956,-36.767624,BGS,1.75641926,0.4500,false
V4T008950,345.645063,-29.373005,ELG,0.44925492,1.0000,false
V4T008951,336.030456,-29.966582,ELG,0.69002474,1.0000,false
V4T008952,341.907084,-34.061183,ELG,0.47775574,1.0000,false
V4T008953,354.732606,-37.534587,LRG,0.26633257,1.0000,false
V4T008954,28.216788,-48.586786,ELG,1.51354876,1.0000,false
V4T008955,38.692665,-49.978971,ELG,0.56580018,1.0000,false
V4T008956,2.894122,-28.286127,QSO,0.17823932,1.7000,false
V4T008957,16.453245,-54.157689,ELG,0.40443777,1.0000,false
V4T008958,341.239412,-34.358362,Star,3.63501984,0.3000,false
V4T008959,28.441332,-50.288063,BGS,1.17711494,0.4500,false
V4T008960,47.492469,-41.331740,BGS,2.50230636,0.4500,false
V4T008961,36.481074,-46.937812,LRG,0.30490228,1.0000,false
V4T008962,349.399590,-35.136899,ELG,1.03841564,1.0000,false
V4T008963,51.171131,-43.192981,ELG,0.33385394,1.0000,false
V4T008964,358.377133,-26.618553,QSO,0.09956423,1.7000,false
V4T008965,352.717411,-17.659393,QSO,0.16973939,1.7000,false
V4T008966,336.481660,-31.580482,LRG,0.36888407,1.0000,false
V4T008967,39.931262,-43.820044,BGS,1.33634875,0.4500,false
V4T008968,45.319312,-55.397126,LRG,0.29652599,1.0000,false
V4T008969,51.215933,-48.572030,ELG,0.43735916,1.0000,false
V4T008970,341.460082,-25.045563,QSO,0.40349355,1.7000,false
V4T008971,38.284081,-49.542370,QSO,0.15408072,1.7000,false
V4T008972,355.331035,-19.635100,LRG,0.27079473,1.0000,false
V4T008973,342.876766,-24.743288,LRG,0.23447609,1.0000,false
V4T008974,3.296709,-29.058726,BGS,1.12885649,0.4500,false
V4T008975,359.185093,-20.212771,LRG,0.36853975,1.0000,false
V4T008976,48.861349,-59.103286,LRG,0.55854963,1.0000,false
V4T008977,45.360498,-39.758467,BGS,2.24159380,0.4500,false
V4T008978,53.477880,-50.989231,Star,4.37495594,0.3000,false
V4T008979,346.939397,-30.057022,BGS,1.59332543,0.4500,false
V4T008980,357.827633,-26.750575,ELG,0.46457985,1.0000,false
V4T008981,54.426577,-51.072526,LRG,0.45939503,1.0000,false
V4T008982,0.824135,-28.736576,ELG,0.24305084,1.0000,true
V4T008983,342.337615,-24.844168,Star,3.57787727,0.3000,false
V4T008984,44.897607,-40.266710,ELG,0.68108160,1.0000,false
V4T008985,44.153840,-55.139956,ELG,0.56491698,1.0000,false
V4T008986,48.909700,-55.038140,LRG,0.44922092,1.0000,false
V4T008987,350.489051,-15.798073,ELG,0.31907593,1.0000,false
V4T008988,42.749956,-55.889047,ELG,1.59453952,1.0000,false
V4T008989,26.858337,-57.243787,ELG,0.49570162,1.0000,false
V4T008990,35.055864,-60.246130,LRG,0.29755191,1.0000,false
V4T008991,23.030056,-42.222941,BGS,0.83521675,0.4500,true
V4T008992,33.748731,-46.637653,Star,3.80299698,0.3000,false
V4T008993,35.884948,-39.289814,QSO,0.15568957,1.7000,false
V4T008994,341.351309,-24.684471,BGS,1.02342556,0.4500,false
V4T008995,38.084063,-50.066714,LRG,0.33772061,1.0000,false
V4T008996,355.557862,-19.229387,Star,2.34971754,0.3000,false
V4T008997,345.400951,-39.487596,QSO,0.21224066,1.7000,false
V4T008998,344.066006,-30.543398,Star,3.54330858,0.3000,false
V4T008999,346.081358,-30.854968,LRG,0.25331992,1.0000,false
V4T009000,357.858508,-36.279833,LRG,0.58757395,1.0000,false
V4T009001,35.567351,-52.005100,ELG,0.24809186,1.0000,false
V4T009002,26.653945,-42.957531,BGS,1.13071435,0.4500,false
V4T009003,1.448768,-28.551091,BGS,1.47316628,0.4500,false
V4T009004,346.149799,-23.544352,ELG,0.48132873,1.0000,false
V4T009005,40.612633,-58.654564,BGS,0.83295043,0.4500,false
V4T009006,45.514198,-47.368842,QSO,0.13031203,1.7000,false
V4T009007,351.115686,-35.859204,LRG,0.33993782,1.0000,false
V4T009008,37.987488,-50.142925,QSO,0.14823637,1.7000,false
V4T009009,46.704985,-41.456389,QSO,0.24616281,1.7000,false
V4T009010,340.446561,-27.394001,LRG,0.27029782,1.0000,false
V4T009011,351.026277,-19.174015,Star,3.50454378,0.3000,false
V4T009012,354.214467,-36.392454,QSO,0.13248643,1.7000,false
V4T009013,46.182001,-53.624527,LRG,0.47169440,1.0000,false
V4T009014,54.808466,-49.797047,QSO,0.43753794,1.7000,false
V4T009015,47.261045,-41.492123,LRG,0.40795922,1.0000,false
V4T009016,352.766006,-38.486034,QSO,0.05629245,1.7000,false
V4T009017,354.552773,-28.373878,QSO,0.13888488,1.7000,false
V4T009018,344.870764,-18.468028,BGS,1.32007914,0.4500,false
V4T009019,336.676984,-31.849401,ELG,0.58171652,1.0000,false
V4T009020,350.259624,-28.313023,ELG,0.33951661,1.0000,false
V4T009021,2.183178,-29.107456,ELG,1.45707276,1.0000,false
V4T009022,28.573681,-49.574576,LRG,0.39472753,1.0000,false
V4T009023,1.919537,-30.019285,BGS,0.90190116,0.4500,false
V4T009024,354.514223,-28.174257,LRG,0.34543271,1.0000,true
V4T009025,343.320095,-25.005773,Star,5.84044466,0.3000,false
V4T009026,53.517863,-50.577917,ELG,0.51774332,1.0000,false
V4T009027,40.014522,-36.905008,ELG,1.05539015,1.0000,false
V4T009028,344.395163,-35.021274,ELG,0.93321151,1.0000,true
V4T009029,338.013337,-34.372914,BGS,1.20571590,0.4500,false
V4T009030,340.198972,-36.812487,ELG,0.73429004,1.0000,false
V4T009031,343.447545,-25.392592,Star,3.72593681,0.3000,false
V4T009032,31.814824,-47.848219,QSO,0.18825259,1.7000,false
V4T009033,29.938272,-41.551608,BGS,1.02003398,0.4500,false
V4T009034,351.412175,-39.709314,LRG,0.32204363,1.0000,false
V4T009035,37.709358,-49.970832,ELG,1.27360711,1.0000,false
V4T009036,16.952203,-45.243490,LRG,0.40508569,1.0000,false
V4T009037,42.156292,-46.423855,BGS,1.03317044,0.4500,false
V4T009038,346.889397,-30.244967,Star,4.48280339,0.3000,false
V4T009039,340.503700,-22.628874,Star,4.39956177,0.3000,false
V4T009040,343.583461,-25.683629,LRG,0.68395823,1.0000,false
V4T009041,52.513511,-54.739376,ELG,0.35675789,1.0000,false
V4T009042,348.347975,-21.734819,Star,5.65281464,0.3000,false
V4T009043,356.553839,-27.997209,ELG,0.44835956,1.0000,false
V4T009044,17.209327,-49.587110,BGS,1.50657343,0.4500,false
V4T009045,44.465263,-51.878975,LRG,0.33996091,1.0000,false
V4T009046,351.254532,-21.040871,QSO,0.29500280,1.7000,false
V4T009047,357.936414,-24.318596,ELG,0.91890299,1.0000,false
V4T009048,41.554655,-43.977775,BGS,0.82057605,0.4500,false
V4T009049,353.168509,-31.527876,BGS,0.99589355,0.4500,false
V4T009050,37.746003,-61.218835,BGS,1.33529062,0.4500,false
V4T009051,17.115315,-48.321184,Star,3.84059726,0.3000,false
V4T009052,356.677780,-27.122947,ELG,0.40868058,1.0000,false
V4T009053,37.136819,-48.007069,ELG,0.41744434,1.0000,false
V4T009054,350.584619,-32.777469,ELG,0.46402777,1.0000,false
V4T009055,338.455514,-35.850053,ELG,0.61367827,1.0000,false
V4T009056,16.824987,-51.881927,BGS,1.09994004,0.4500,true
V4T009057,31.915885,-37.027079,LRG,0.69102678,1.0000,false
V4T009058,357.386803,-26.929404,QSO,0.11111072,1.7000,false
V4T009059,30.995234,-57.055497,ELG,0.63404496,1.0000,false
V4T009060,345.949874,-29.800183,QSO,0.25422277,1.7000,false
V4T009061,48.052385,-48.881189,LRG,0.29214220,1.0000,false
V4T009062,1.786629,-27.862175,LRG,0.38941745,1.0000,false
V4T009063,41.349243,-57.705507,BGS,1.46454802,0.4500,false
V4T009064,337.375006,-34.835004,Star,4.87884011,0.3000,false
V4T009065,47.436332,-43.475420,ELG,0.44903922,1.0000,false
V4T009066,354.287950,-33.825927,QSO,0.64713711,1.7000,false
V4T009067,31.603133,-40.771862,ELG,0.59401236,1.0000,false
V4T009068,50.904837,-57.530447,BGS,1.45826058,0.4500,false
V4T009069,357.411682,-26.401681,ELG,0.57697214,1.0000,true
V4T009070,21.654198,-41.527904,ELG,0.68730442,1.0000,true
V4T009071,48.155070,-48.107644,BGS,1.37975562,0.4500,false
V4T009072,34.288030,-57.948288,Star,3.53239518,0.3000,false
V4T009073,32.244950,-44.903048,LRG,0.29737144,1.0000,false
V4T009074,340.853196,-30.175014,LRG,0.36916982,1.0000,false
V4T009075,336.768200,-28.134130,ELG,0.33938330,1.0000,false
V4T009076,351.676676,-19.193885,ELG,0.50305596,1.0000,false
V4T009077,356.141626,-26.942119,ELG,0.74189320,1.0000,false
V4T009078,54.640305,-51.751279,ELG,0.36670357,1.0000,false
V4T009079,37.310173,-38.352672,LRG,0.33072029,1.0000,false
V4T009080,40.811715,-36.763209,QSO,0.13760805,1.7000,false
V4T009081,42.013423,-41.239308,LRG,0.43024576,1.0000,false
V4T009082,357.759196,-26.014642,BGS,0.95352235,0.4500,false
V4T009083,39.890322,-43.293613,QSO,0.30159625,1.7000,false
V4T009084,357.389649,-25.947207,LRG,0.41980934,1.0000,false
V4T009085,343.692822,-31.044216,Star,4.55608706,0.3000,false
V4T009086,342.705751,-20.162820,ELG,0.56771201,1.0000,false
V4T009087,52.815709,-55.406232,ELG,0.86077928,1.0000,false
V4T009088,28.150820,-50.546260,BGS,1.14467847,0.4500,false
V4T009089,2.213519,-28.939105,BGS,1.69135144,0.4500,false
V4T009090,353.420659,-18.129311,ELG,0.42741356,1.0000,false
V4T009091,28.054516,-39.524313,BGS,0.95512812,0.4500,false
V4T009092,21.416810,-48.032679,Star,4.63664453,0.3000,false
V4T009093,26.029938,-35.073384,LRG,0.32197887,1.0000,true
V4T009094,357.786396,-25.881362,LRG,0.35191933,1.0000,false
V4T009095,36.319622,-42.652494,ELG,0.40031606,1.0000,true
V4T009096,26.115234,-41.630069,LRG,0.32898326,1.0000,false
V4T009097,28.273143,-47.078992,LRG,0.34749792,1.0000,false
V4T009098,1.575073,-28.153605,ELG,0.67404015,1.0000,false
V4T009099,20.315460,-57.096179,LRG,0.41683354,1.0000,false
V4T009100,36.054523,-49.398327,LRG,0.52976038,1.0000,false
V4T009101,39.463196,-45.512596,BGS,1.02507776,0.4500,false
V4T009102,38.484431,-45.496337,ELG,0.79711186,1.0000,false
V4T009103,29.071562,-48.068396,LRG,0.42208439,1.0000,false
V4T009104,346.491733,-37.002831,BGS,1.32752315,0.4500,false
V4T009105,26.628363,-37.383511,ELG,0.53987030,1.0000,false
V4T009106,47.661475,-40.937273,ELG,0.95252630,1.0000,false
V4T009107,44.928708,-39.532286,LRG,0.26487597,1.0000,false
V4T009108,345.943134,-29.276734,LRG,0.29173488,1.0000,false
V4T009109,45.934504,-49.718517,ELG,0.63983906,1.0000,false
V4T009110,341.702281,-23.233660,ELG,1.31843463,1.0000,false
V4T009111,357.523394,-29.715710,BGS,1.37313584,0.4500,true
V4T009112,25.179269,-48.289044,BGS,1.66574716,0.4500,false
V4T009113,57.490745,-51.876365,ELG,0.49434168,1.0000,false
V4T009114,46.512447,-41.632995,BGS,1.92370090,0.4500,false
V4T009115,345.815011,-29.813836,Star,3.76001421,0.3000,false
V4T009116,352.739975,-27.472007,LRG,0.51548078,1.0000,false
V4T009117,356.415846,-19.736564,LRG,0.23623400,1.0000,false
V4T009118,345.455260,-32.040022,BGS,1.25672732,0.4500,false
V4T009119,356.095232,-19.071230,BGS,1.64152262,0.4500,false
V4T009120,41.443152,-51.856829,ELG,0.41943989,1.0000,true
V4T009121,346.009599,-22.939225,ELG,1.02447700,1.0000,false
V4T009122,343.916206,-25.312312,QSO,0.16278544,1.7000,false
V4T009123,358.087504,-27.502976,ELG,0.51762396,1.0000,false
V4T009124,27.668802,-45.191648,BGS,1.61566809,0.4500,false
V4T009125,33.039193,-53.062776,ELG,1.21385883,1.0000,false
V4T009126,346.223427,-32.108912,ELG,0.46071122,1.0000,false
V4T009127,17.911229,-56.163016,ELG,0.30010908,1.0000,false
V4T009128,340.665252,-37.682537,ELG,0.33236989,1.0000,true
V4T009129,38.928490,-50.983123,ELG,0.62894109,1.0000,false
V4T009130,42.102537,-56.513052,ELG,0.59804214,1.0000,false
V4T009131,348.434836,-36.434937,LRG,0.28152577,1.0000,true
V4T009132,21.737716,-42.666319,ELG,0.88162702,1.0000,false
V4T009133,356.466568,-19.002854,LRG,0.27221478,1.0000,false
V4T009134,54.320492,-51.306974,ELG,0.41637478,1.0000,false
V4T009135,34.079600,-44.068335,LRG,0.31057128,1.0000,false
V4T009136,39.295598,-50.924548,ELG,0.43606024,1.0000,false
V4T009137,23.370320,-59.184276,QSO,0.20535827,1.7000,false
V4T009138,40.921108,-47.890039,LRG,0.31313914,1.0000,false
V4T009139,358.871686,-31.017660,LRG,0.25423521,1.0000,false
V4T009140,35.582493,-34.293348,LRG,0.48374396,1.0000,false
V4T009141,357.802219,-26.708989,QSO,0.06871069,1.7000,false
V4T009142,20.016756,-58.348613,QSO,0.14612634,1.7000,false
V4T009143,350.211351,-16.475939,ELG,0.63893314,1.0000,false
V4T009144,23.687399,-55.774434,LRG,0.44114047,1.0000,false
V4T009145,2.026813,-28.729474,LRG,0.58193266,1.0000,false
V4T009146,2.318062,-23.764622,Star,4.34985285,0.3000,false
V4T009147,38.973495,-51.699828,BGS,1.32358136,0.4500,false
V4T009148,29.182340,-34.904317,BGS,1.02947160,0.4500,false
V4T009149,29.183250,-52.490051,ELG,0.48629224,1.0000,false
V4T009150,29.140884,-39.230959,BGS,1.50744622,0.4500,false
V4T009151,42.690811,-57.147372,QSO,0.07441492,1.7000,false
V4T009152,341.367147,-26.505981,QSO,0.19738762,1.7000,false
V4T009153,353.623727,-33.139269,QSO,0.31139615,1.7000,false
V4T009154,19.101521,-50.589052,LRG,0.29333802,1.0000,false
V4T009155,348.267628,-33.336407,BGS,1.43856821,0.4500,false
V4T009156,49.001516,-48.492536,ELG,0.42413640,1.0000,false
V4T009157,53.625474,-53.626514,BGS,2.35438616,0.4500,false
V4T009158,17.254964,-52.476817,QSO,0.11357576,1.7000,false
V4T009159,38.001351,-41.739480,ELG,0.60577912,1.0000,false
V4T009160,352.873225,-18.452076,QSO,0.09870063,1.7000,false
V4T009161,47.835582,-41.654759,QSO,0.29236440,1.7000,false
V4T009162,40.301634,-56.345932,BGS,1.17351874,0.4500,false
V4T009163,348.428952,-21.931038,LRG,0.50140574,1.0000,false
V4T009164,32.185704,-50.240275,QSO,0.14656338,1.7000,false
V4T009165,352.866971,-17.373324,ELG,0.49252608,1.0000,false
V4T009166,357.329574,-29.068758,ELG,0.51358906,1.0000,false
V4T009167,357.903332,-27.666844,QSO,0.10841593,1.7000,false
V4T009168,351.776939,-18.536770,Star,5.64526917,0.3000,false
V4T009169,355.120031,-24.711772,BGS,1.12567888,0.4500,false
V4T009170,29.288614,-50.334627,BGS,2.17354775,0.4500,false
V4T009171,39.895531,-60.777867,ELG,1.24897548,1.0000,false
V4T009172,339.583569,-26.354617,LRG,0.46986262,1.0000,false
V4T009173,353.387865,-16.702411,LRG,0.28216432,1.0000,false
V4T009174,357.860190,-26.326125,BGS,1.20384999,0.4500,false
V4T009175,36.262876,-48.256018,ELG,0.51516815,1.0000,false
V4T009176,355.145969,-19.724461,ELG,0.85021234,1.0000,false
V4T009177,26.066764,-50.555903,BGS,1.16112075,0.4500,false
V4T009178,344.189638,-20.196252,ELG,0.55615633,1.0000,false
V4T009179,357.757207,-26.858963,ELG,0.37242890,1.0000,true
V4T009180,21.234269,-50.262252,ELG,0.35721998,1.0000,false
V4T009181,343.356155,-25.329992,BGS,1.15187956,0.4500,false
V4T009182,26.988328,-45.894466,BGS,0.86646289,0.4500,false
V4T009183,41.038651,-56.458454,Star,3.82463655,0.3000,true
V4T009184,54.710911,-51.364135,ELG,0.77419225,1.0000,false
V4T009185,351.367856,-23.221799,LRG,0.26587043,1.0000,false
V4T009186,30.992431,-52.673205,QSO,0.15757148,1.7000,false
V4T009187,342.931034,-24.566153,LRG,0.34709531,1.0000,false
V4T009188,34.577770,-49.911833,LRG,0.30342856,1.0000,false
V4T009189,355.545478,-29.946790,ELG,0.35526676,1.0000,false
V4T009190,50.588062,-45.374456,LRG,0.32478573,1.0000,false
V4T009191,32.689445,-52.657938,ELG,0.32013617,1.0000,false
V4T009192,355.615214,-30.223905,LRG,0.44514456,1.0000,false
V4T009193,35.352601,-38.878905,ELG,1.10941833,1.0000,false
V4T009194,344.047585,-23.670663,QSO,0.32562886,1.7000,true
V4T009195,348.073251,-29.908815,Star,3.14536927,0.3000,false
V4T009196,22.957116,-38.578493,BGS,1.69092515,0.4500,false
V4T009197,48.214155,-40.850714,LRG,0.19710466,1.0000,false
V4T009198,354.813121,-33.797696,ELG,0.62933290,1.0000,false
V4T009199,353.261750,-22.929058,LRG,0.40871300,1.0000,false
V4T009200,29.756330,-49.873344,QSO,0.20476747,1.7000,false
V4T009201,49.022216,-43.631403,ELG,0.52896538,1.0000,false
V4T009202,353.059105,-17.395130,ELG,0.21185023,1.0000,false
V4T009203,354.504115,-18.957862,BGS,0.49733887,0.4500,false
V4T009204,345.474810,-17.877228,LRG,0.29550955,1.0000,false
V4T009205,26.696684,-50.549255,ELG,0.47150412,1.0000,false
V4T009206,43.359687,-39.847408,ELG,1.08702254,1.0000,false
V4T009207,39.205922,-43.306218,LRG,0.37769302,1.0000,false
V4T009208,51.231218,-45.403835,BGS,2.05653164,0.4500,false
V4T009209,342.530468,-25.633785,QSO,0.08200159,1.7000,false
V4T009210,354.292700,-22.205412,ELG,0.41128413,1.0000,false
V4T009211,35.997185,-49.717766,ELG,0.54898345,1.0000,false
V4T009212,359.134970,-25.746620,ELG,0.65268588,1.0000,false
V4T009213,352.104785,-34.882337,Star,4.65005134,0.3000,false
V4T009214,45.115539,-39.951819,ELG,0.90245795,1.0000,false
V4T009215,42.864343,-42.717178,QSO,0.12121780,1.7000,false
V4T009216,47.624667,-42.468001,QSO,0.11363432,1.7000,false
V4T009217,351.634429,-18.326860,ELG,0.49544459,1.0000,false
V4T009218,355.588765,-22.827035,ELG,0.62673583,1.0000,false
V4T009219,1.541836,-29.384901,ELG,0.31066527,1.0000,false
V4T009220,38.496829,-50.399829,LRG,0.34490628,1.0000,false
V4T009221,43.579614,-59.400965,BGS,1.17696965,0.4500,false
V4T009222,346.060970,-33.514982,ELG,0.36767143,1.0000,false
V4T009223,19.502373,-42.393886,QSO,0.22966203,1.7000,false
V4T009224,347.529460,-31.619965,QSO,0.09488641,1.7000,false
V4T009225,343.710851,-39.157847,ELG,0.55088837,1.0000,false
V4T009226,42.863086,-48.075078,LRG,0.41677637,1.0000,false
V4T009227,353.657415,-16.006923,Star,2.41651353,0.3000,false
V4T009228,339.534681,-29.648029,BGS,1.21633188,0.4500,false
V4T009229,346.505450,-23.383139,LRG,0.18533605,1.0000,false
V4T009230,40.109366,-44.844300,ELG,0.51385116,1.0000,false
V4T009231,358.860097,-38.198790,Star,7.03535646,0.3000,false
V4T009232,338.609926,-25.205399,ELG,0.43432289,1.0000,false
V4T009233,350.253903,-36.575763,ELG,0.46567969,1.0000,false
V4T009234,20.789607,-49.568004,LRG,0.41123822,1.0000,false
V4T009235,345.237209,-27.169133,QSO,0.19312921,1.7000,false
V4T009236,345.319285,-29.691208,BGS,1.60766447,0.4500,false
V4T009237,352.709070,-17.764421,ELG,0.48322778,1.0000,false
V4T009238,40.760648,-36.242497,Star,3.48564846,0.3000,false
V4T009239,345.547939,-30.098481,BGS,0.89495965,0.4500,false
V4T009240,20.520073,-46.204638,BGS,0.55615779,0.4500,false
V4T009241,351.556094,-18.030260,BGS,0.84849646,0.4500,false
V4T009242,44.429036,-39.784596,LRG,0.42789168,1.0000,false
V4T009243,56.173788,-52.140256,ELG,0.32470433,1.0000,false
V4T009244,45.297510,-43.536173,ELG,0.60677416,1.0000,false
V4T009245,53.842688,-47.039166,LRG,0.38248960,1.0000,false
V4T009246,45.780499,-52.202784,ELG,0.46897266,1.0000,false
V4T009247,353.490528,-25.636113,QSO,0.12317094,1.7000,false
V4T009248,30.589614,-40.446391,QSO,0.58681639,1.7000,false
V4T009249,345.942904,-26.168342,QSO,0.23785363,1.7000,false
V4T009250,354.410019,-21.362024,ELG,0.31156324,1.0000,true
V4T009251,26.080367,-53.943840,Star,3.24128528,0.3000,false
V4T009252,41.335250,-43.574058,ELG,0.63105297,1.0000,false
V4T009253,351.858878,-26.696327,BGS,1.29659483,0.4500,false
V4T009254,49.369131,-41.799731,ELG,0.71088428,1.0000,false
V4T009255,40.334155,-46.824689,ELG,0.47398238,1.0000,false
V4T009256,41.639944,-57.161963,ELG,0.59621973,1.0000,false
V4T009257,354.024963,-24.535771,QSO,0.07257127,1.7000,false
V4T009258,56.307520,-51.171621,ELG,0.36595453,1.0000,false
V4T009259,40.972596,-47.522870,LRG,0.40454223,1.0000,false
V4T009260,353.142553,-28.767708,Star,4.92483563,0.3000,false
V4T009261,54.409154,-50.488787,Star,4.31820188,0.3000,false
V4T009262,55.692009,-54.501143,ELG,0.52916337,1.0000,false
V4T009263,351.769408,-17.825495,BGS,1.64247717,0.4500,false
V4T009264,352.132341,-25.329937,LRG,0.32872543,1.0000,false
V4T009265,30.703248,-56.819632,LRG,0.65309090,1.0000,true
V4T009266,4.031660,-28.197454,QSO,0.30829178,1.7000,false
V4T009267,352.475495,-38.493518,ELG,0.43060603,1.0000,false
V4T009268,34.195933,-40.987463,ELG,0.71204657,1.0000,false
V4T009269,51.361275,-55.764645,QSO,0.20473633,1.7000,false
V4T009270,357.030114,-37.187408,ELG,0.57006004,1.0000,false
V4T009271,35.334852,-39.770681,QSO,0.09748135,1.7000,false
V4T009272,40.960195,-42.073194,Star,3.32081603,0.3000,false
V4T009273,352.039822,-17.141467,QSO,0.15247646,1.7000,true
V4T009274,45.289990,-39.361743,BGS,1.21054563,0.4500,true
V4T009275,344.014623,-23.672326,ELG,0.52107405,1.0000,false
V4T009276,40.747703,-47.730550,ELG,0.51601318,1.0000,false
V4T009277,343.439732,-24.260076,ELG,0.99903360,1.0000,false
V4T009278,37.114459,-43.428006,ELG,0.21309087,1.0000,false
V4T009279,359.365118,-26.447414,ELG,0.40712167,1.0000,true
V4T009280,41.810584,-56.853687,Star,2.89425286,0.3000,false
V4T009281,22.056537,-55.198763,BGS,1.34735659,0.4500,false
V4T009282,355.377640,-19.042414,Star,7.64214045,0.3000,false
V4T009283,31.461842,-45.108034,ELG,1.06677722,1.0000,false
V4T009284,28.666925,-48.915459,ELG,0.38805576,1.0000,false
V4T009285,38.249409,-50.424193,LRG,0.43464892,1.0000,false
V4T009286,1.031285,-35.914129,BGS,0.71691021,0.4500,false
V4T009287,19.212894,-40.708394,BGS,1.37640240,0.4500,false
V4T009288,29.020837,-43.731426,LRG,0.29148597,1.0000,false
V4T009289,357.192678,-27.109659,BGS,1.75670018,0.4500,false
V4T009290,26.111433,-38.439885,LRG,0.55700372,1.0000,false
V4T009291,29.441622,-42.638306,QSO,0.25186518,1.7000,false
V4T009292,34.032321,-34.357692,LRG,0.33271340,1.0000,false
V4T009293,44.363639,-50.856686,ELG,0.41253821,1.0000,true
V4T009294,357.893010,-35.673939,ELG,0.39202157,1.0000,false
V4T009295,352.648085,-17.207816,ELG,0.45253829,1.0000,false
V4T009296,44.924060,-39.222673,BGS,1.60535030,0.4500,false
V4T009297,351.862411,-18.405433,LRG,0.74161814,1.0000,false
V4T009298,42.138810,-48.244654,ELG,0.88333024,1.0000,false
V4T009299,359.986655,-19.414254,BGS,1.63155825,0.4500,true
V4T009300,41.842407,-56.726183,ELG,0.93832435,1.0000,false
V4T009301,21.039833,-52.444168,Star,4.78721172,0.3000,false
V4T009302,49.846325,-43.281178,LRG,0.67406125,1.0000,false
V4T009303,3.734415,-32.647689,QSO,0.21318859,1.7000,false
V4T009304,354.482227,-16.006568,QSO,0.10308718,1.7000,false
V4T009305,346.621702,-29.988524,ELG,0.95956375,1.0000,false
V4T009306,50.958751,-44.880515,QSO,0.21815959,1.7000,false
V4T009307,341.889513,-30.818736,LRG,0.36695176,1.0000,false
V4T009308,37.541533,-60.626742,BGS,1.79151501,0.4500,false
V4T009309,357.208116,-27.244194,ELG,0.37629500,1.0000,false
V4T009310,355.774290,-33.098405,LRG,0.32552391,1.0000,false
V4T009311,2.709008,-29.314098,ELG,0.58776435,1.0000,false
V4T009312,44.029774,-60.740099,LRG,0.21715568,1.0000,false
V4T009313,35.602889,-34.522048,LRG,0.27966543,1.0000,false
V4T009314,44.279153,-39.464629,QSO,0.23765911,1.7000,false
V4T009315,46.749459,-49.665252,LRG,0.37415440,1.0000,false
V4T009316,23.238535,-59.388883,BGS,0.76769552,0.4500,false
V4T009317,353.509288,-25.191778,LRG,0.26816539,1.0000,false
V4T009318,346.294067,-22.526256,LRG,0.23535483,1.0000,false
V4T009319,41.375230,-36.927361,BGS,1.65884646,0.4500,false
V4T009320,20.312863,-51.783716,QSO,0.10265251,1.7000,false
V4T009321,352.511544,-17.253005,QSO,0.18769309,1.7000,false
V4T009322,3.792654,-29.422072,LRG,0.29103072,1.0000,false
V4T009323,42.899878,-40.553979,BGS,2.23567696,0.4500,false
V4T009324,45.755554,-39.727582,BGS,1.43280704,0.4500,false
V4T009325,56.154446,-51.865452,BGS,1.05192580,0.4500,false
V4T009326,357.647235,-21.666823,ELG,0.51005906,1.0000,false
V4T009327,335.928270,-29.093849,LRG,0.24719309,1.0000,false
V4T009328,19.021135,-57.272673,ELG,1.14260104,1.0000,false
V4T009329,23.792623,-52.687205,ELG,0.36611414,1.0000,false
V4T009330,54.469717,-50.698709,QSO,0.27331007,1.7000,false
V4T009331,14.506242,-48.172376,BGS,1.14148231,0.4500,false
V4T009332,37.824600,-55.273543,Star,4.81359164,0.3000,false
V4T009333,46.015284,-41.104131,ELG,1.47807270,1.0000,false
V4T009334,358.930365,-19.001559,ELG,0.98503265,1.0000,false
V4T009335,37.869458,-43.710407,BGS,2.13907362,0.4500,false
V4T009336,343.528214,-25.494577,BGS,1.03225647,0.4500,false
V4T009337,346.178785,-29.254315,Star,4.21177124,0.3000,false
V4T009338,341.399095,-26.619959,BGS,1.03093796,0.4500,false
V4T009339,22.478867,-58.019243,QSO,0.12013334,1.7000,false
V4T009340,53.670774,-51.309089,BGS,0.80445603,0.4500,false
V4T009341,1.441623,-31.607809,LRG,0.42057469,1.0000,false
V4T009342,356.149747,-25.759524,QSO,0.33321698,1.7000,false
V4T009343,0.621996,-23.543188,BGS,1.38553684,0.4500,false
V4T009344,53.278366,-54.804677,BGS,1.14297496,0.4500,false
V4T009345,2.514813,-28.769879,BGS,0.80620601,0.4500,false
V4T009346,23.591021,-56.426551,QSO,0.19962019,1.7000,false
V4T009347,47.373677,-41.766270,QSO,0.12616883,1.7000,false
V4T009348,43.313890,-45.059560,ELG,0.73786446,1.0000,false
V4T009349,32.706468,-33.391441,LRG,0.36328816,1.0000,false
V4T009350,359.083713,-26.913189,LRG,0.28058892,1.0000,false
V4T009351,25.003715,-49.517332,ELG,0.32702599,1.0000,false
V4T009352,349.519608,-18.990566,ELG,0.41590931,1.0000,false
V4T009353,340.292403,-21.173722,Star,4.94773153,0.3000,false
V4T009354,44.806663,-38.380600,ELG,0.79800149,1.0000,false
V4T009355,42.000434,-56.146900,ELG,0.41323602,1.0000,false
V4T009356,43.104175,-51.090388,ELG,0.59454137,1.0000,false
V4T009357,24.133254,-52.565138,BGS,1.46177605,0.4500,true
V4T009358,28.323600,-47.722945,LRG,0.14726662,1.0000,false
V4T009359,21.307431,-50.834458,LRG,1.04001924,1.0000,false
V4T009360,54.876137,-53.018409,ELG,0.49780262,1.0000,false
V4T009361,36.919540,-37.130094,QSO,0.38394027,1.7000,false
V4T009362,30.748825,-57.444840,BGS,1.68295536,0.4500,false
V4T009363,42.440826,-43.348011,QSO,0.56657026,1.7000,false
V4T009364,43.580985,-47.000155,LRG,0.18649301,1.0000,false
V4T009365,344.376762,-35.290738,ELG,0.32336644,1.0000,false
V4T009366,47.264004,-42.678226,Star,4.75540707,0.3000,false
V4T009367,32.774990,-48.174385,BGS,1.14947809,0.4500,false
V4T009368,1.955799,-36.159920,ELG,0.88682964,1.0000,false
V4T009369,356.164486,-19.717898,ELG,0.67133821,1.0000,false
V4T009370,46.676929,-60.653872,BGS,1.73719326,0.4500,false
V4T009371,339.224551,-32.277394,QSO,0.09254190,1.7000,false
V4T009372,24.252624,-39.293497,QSO,0.21248956,1.7000,false
V4T009373,47.692955,-60.069746,ELG,0.31814698,1.0000,false
V4T009374,1.447772,-28.781431,ELG,0.36353073,1.0000,false
V4T009375,47.135634,-42.959361,BGS,1.22489892,0.4500,false
V4T009376,352.823154,-19.298830,Star,3.52527898,0.3000,false
V4T009377,48.445950,-56.122330,ELG,0.94695535,1.0000,false
V4T009378,45.510640,-53.661868,LRG,0.34094992,1.0000,false
V4T009379,357.221072,-16.819293,LRG,0.22973968,1.0000,false
V4T009380,36.179345,-55.284188,ELG,0.65185992,1.0000,false
V4T009381,345.948908,-29.867333,LRG,0.22807467,1.0000,false
V4T009382,354.673495,-22.667030,BGS,1.50514939,0.4500,false
V4T009383,33.669496,-46.898458,LRG,0.30781620,1.0000,false
V4T009384,44.697648,-41.458441,Star,4.19816413,0.3000,false
V4T009385,15.422318,-46.000503,QSO,0.28052249,1.7000,false
V4T009386,21.854375,-49.364700,ELG,0.42094497,1.0000,false
V4T009387,344.749279,-35.507167,LRG,0.35678448,1.0000,false
V4T009388,28.182287,-45.752955,QSO,0.35883452,1.7000,false
V4T009389,340.480151,-35.879594,LRG,0.33927697,1.0000,false
V4T009390,31.177968,-49.991016,ELG,0.47077229,1.0000,false
V4T009391,358.755677,-17.089079,ELG,0.44488481,1.0000,false
V4T009392,40.672215,-56.617187,LRG,0.22061928,1.0000,false
V4T009393,359.247782,-20.516026,LRG,0.19741667,1.0000,false
V4T009394,25.418639,-57.099172,BGS,1.35275932,0.4500,false
V4T009395,347.313661,-24.773716,BGS,1.02625007,0.4500,false
V4T009396,46.851057,-53.818270,ELG,0.49544084,1.0000,false
V4T009397,358.001636,-25.590759,ELG,0.45426242,1.0000,false
V4T009398,349.024649,-18.121251,LRG,0.47199005,1.0000,false
V4T009399,17.075771,-49.996741,QSO,0.34551822,1.7000,false
V4T009400,356.631065,-29.638322,ELG,0.59693568,1.0000,false
